<?xml version="1.0" encoding="utf-8"?>
<annotation>
	<source>
		<filename>100.tif</filename>
		<origin>GF2/GF3</origin>
	</source>
	<research>
		<version>1.0</version>
		<provider>FAIR1M</provider>
		<author>Cyber</author>
		<pluginname>FAIR1M</pluginname>
		<pluginclass>object detection</pluginclass>
		<time>2021-03</time>
	</research>
	<size>
		<width>1000</width>
		<height>1000</height>
		<depth>3</depth>
	</size>
	<objects>
		<object>
			<coordinate>pixel</coordinate>
			<type>rectangle</type>
			<description>None</description>
			<possibleresult>
				<name>Small Car</name>
			</possibleresult>
			<points>
				<point>978.000000,590.000000</point>
				<point>969.022461,590.448853</point>
				<point>968.000000,570.000000</point>
				<point>976.977539,569.551147</point>
				<point>978.000000,590.000000</point>
			</points>
		</object>
		<object>
			<coordinate>pixel</coordinate>
			<type>rectangle</type>
			<description>None</description>
			<possibleresult>
				<name>Small Car</name>
			</possibleresult>
			<points>
				<point>970.215942,448.809204</point>
				<point>962.000122,451.000061</point>
				<point>958.000122,436.000061</point>
				<point>966.215942,433.809204</point>
				<point>970.215942,448.809204</point>
			</points>
		</object>
		<object>
			<coordinate>pixel</coordinate>
			<type>rectangle</type>
			<description>None</description>
			<possibleresult>
				<name>Small Car</name>
			</possibleresult>
			<points>
				<point>919.000000,824.000000</point>
				<point>901.000000,824.000000</point>
				<point>901.000000,817.000000</point>
				<point>919.000000,817.000000</point>
				<point>919.000000,824.000000</point>
			</points>
		</object>
		<object>
			<coordinate>pixel</coordinate>
			<type>rectangle</type>
			<description>None</description>
			<possibleresult>
				<name>Dump Truck</name>
			</possibleresult>
			<points>
				<point>951.000000,675.000000</point>
				<point>928.000000,675.000000</point>
				<point>928.000000,667.000000</point>
				<point>951.000000,667.000000</point>
				<point>951.000000,675.000000</point>
			</points>
		</object>
		<object>
			<coordinate>pixel</coordinate>
			<type>rectangle</type>
			<description>None</description>
			<possibleresult>
				<name>Small Car</name>
			</possibleresult>
			<points>
				<point>887.370117,696.966797</point>
				<point>887.000000,704.000000</point>
				<point>868.000000,703.000000</point>
				<point>868.370117,695.966797</point>
				<point>887.370117,696.966797</point>
			</points>
		</object>
		<object>
			<coordinate>pixel</coordinate>
			<type>rectangle</type>
			<description>None</description>
			<possibleresult>
				<name>Van</name>
			</possibleresult>
			<points>
				<point>863.443115,696.024658</point>
				<point>863.000000,704.000000</point>
				<point>845.000000,703.000000</point>
				<point>845.443115,695.024658</point>
				<point>863.443115,696.024658</point>
			</points>
		</object>
		<object>
			<coordinate>pixel</coordinate>
			<type>rectangle</type>
			<description>None</description>
			<possibleresult>
				<name>Small Car</name>
			</possibleresult>
			<points>
				<point>680.448853,693.022461</point>
				<point>680.000000,702.000000</point>
				<point>659.551147,700.977539</point>
				<point>660.000000,692.000000</point>
				<point>680.448853,693.022461</point>
			</points>
		</object>
		<object>
			<coordinate>pixel</coordinate>
			<type>rectangle</type>
			<description>None</description>
			<possibleresult>
				<name>Small Car</name>
			</possibleresult>
			<points>
				<point>655.498840,687.024902</point>
				<point>655.000061,697.000000</point>
				<point>634.501282,695.975098</point>
				<point>635.000061,686.000000</point>
				<point>655.498840,687.024902</point>
			</points>
		</object>
		<object>
			<coordinate>pixel</coordinate>
			<type>rectangle</type>
			<description>None</description>
			<possibleresult>
				<name>Small Car</name>
			</possibleresult>
			<points>
				<point>630.000000,698.000000</point>
				<point>607.000000,698.000000</point>
				<point>607.000000,685.000000</point>
				<point>630.000000,685.000000</point>
				<point>630.000000,698.000000</point>
			</points>
		</object>
		<object>
			<coordinate>pixel</coordinate>
			<type>rectangle</type>
			<description>None</description>
			<possibleresult>
				<name>Dump Truck</name>
			</possibleresult>
			<points>
				<point>678.000000,663.000061</point>
				<point>677.607544,672.026428</point>
				<point>654.607544,671.026428</point>
				<point>655.000000,662.000061</point>
				<point>678.000000,663.000061</point>
			</points>
		</object>
		<object>
			<coordinate>pixel</coordinate>
			<type>rectangle</type>
			<description>None</description>
			<possibleresult>
				<name>Dump Truck</name>
			</possibleresult>
			<points>
				<point>645.000000,671.000000</point>
				<point>624.000000,671.000000</point>
				<point>624.000000,662.000000</point>
				<point>645.000000,662.000000</point>
				<point>645.000000,671.000000</point>
			</points>
		</object>
		<object>
			<coordinate>pixel</coordinate>
			<type>rectangle</type>
			<description>None</description>
			<possibleresult>
				<name>Small Car</name>
			</possibleresult>
			<points>
				<point>577.027222,562.564270</point>
				<point>576.000000,579.000061</point>
				<point>566.972778,578.435852</point>
				<point>568.000000,562.000061</point>
				<point>577.027222,562.564270</point>
			</points>
		</object>
		<object>
			<coordinate>pixel</coordinate>
			<type>rectangle</type>
			<description>None</description>
			<possibleresult>
				<name>Van</name>
			</possibleresult>
			<points>
				<point>577.000000,615.000000</point>
				<point>562.000000,615.000000</point>
				<point>562.000000,589.000000</point>
				<point>577.000000,589.000000</point>
				<point>577.000000,615.000000</point>
			</points>
		</object>
		<object>
			<coordinate>pixel</coordinate>
			<type>rectangle</type>
			<description>None</description>
			<possibleresult>
				<name>Van</name>
			</possibleresult>
			<points>
				<point>575.000000,631.000000</point>
				<point>567.000000,631.000000</point>
				<point>567.000000,617.000000</point>
				<point>575.000000,617.000000</point>
				<point>575.000000,631.000000</point>
			</points>
		</object>
		<object>
			<coordinate>pixel</coordinate>
			<type>rectangle</type>
			<description>None</description>
			<possibleresult>
				<name>Small Car</name>
			</possibleresult>
			<points>
				<point>540.000000,619.000000</point>
				<point>530.000000,619.000000</point>
				<point>530.000000,603.000000</point>
				<point>540.000000,603.000000</point>
				<point>540.000000,619.000000</point>
			</points>
		</object>
		<object>
			<coordinate>pixel</coordinate>
			<type>rectangle</type>
			<description>None</description>
			<possibleresult>
				<name>Van</name>
			</possibleresult>
			<points>
				<point>540.000000,598.000000</point>
				<point>531.000000,598.000000</point>
				<point>531.000000,583.000000</point>
				<point>540.000000,583.000000</point>
				<point>540.000000,598.000000</point>
			</points>
		</object>
		<object>
			<coordinate>pixel</coordinate>
			<type>rectangle</type>
			<description>None</description>
			<possibleresult>
				<name>Small Car</name>
			</possibleresult>
			<points>
				<point>539.000000,578.000000</point>
				<point>532.000000,578.000000</point>
				<point>532.000000,563.000000</point>
				<point>539.000000,563.000000</point>
				<point>539.000000,578.000000</point>
			</points>
		</object>
		<object>
			<coordinate>pixel</coordinate>
			<type>rectangle</type>
			<description>None</description>
			<possibleresult>
				<name>Van</name>
			</possibleresult>
			<points>
				<point>539.000000,558.999939</point>
				<point>531.040649,559.568420</point>
				<point>530.000000,544.999939</point>
				<point>537.959351,544.431458</point>
				<point>539.000000,558.999939</point>
			</points>
		</object>
		<object>
			<coordinate>pixel</coordinate>
			<type>rectangle</type>
			<description>None</description>
			<possibleresult>
				<name>Small Car</name>
			</possibleresult>
			<points>
				<point>542.000000,511.000000</point>
				<point>532.000000,511.000000</point>
				<point>532.000000,492.000000</point>
				<point>542.000000,492.000000</point>
				<point>542.000000,511.000000</point>
			</points>
		</object>
		<object>
			<coordinate>pixel</coordinate>
			<type>rectangle</type>
			<description>None</description>
			<possibleresult>
				<name>Small Car</name>
			</possibleresult>
			<points>
				<point>541.000000,484.000000</point>
				<point>532.000000,484.000000</point>
				<point>532.000000,467.000000</point>
				<point>541.000000,467.000000</point>
				<point>541.000000,484.000000</point>
			</points>
		</object>
		<object>
			<coordinate>pixel</coordinate>
			<type>rectangle</type>
			<description>None</description>
			<possibleresult>
				<name>Small Car</name>
			</possibleresult>
			<points>
				<point>540.000000,463.000000</point>
				<point>530.972290,463.501526</point>
				<point>529.972290,445.501526</point>
				<point>539.000000,445.000000</point>
				<point>540.000000,463.000000</point>
			</points>
		</object>
		<object>
			<coordinate>pixel</coordinate>
			<type>rectangle</type>
			<description>None</description>
			<possibleresult>
				<name>Dump Truck</name>
			</possibleresult>
			<points>
				<point>530.000000,427.000000</point>
				<point>520.441162,432.735291</point>
				<point>508.441162,412.735291</point>
				<point>518.000000,407.000000</point>
				<point>530.000000,427.000000</point>
			</points>
		</object>
		<object>
			<coordinate>pixel</coordinate>
			<type>rectangle</type>
			<description>None</description>
			<possibleresult>
				<name>Van</name>
			</possibleresult>
			<points>
				<point>159.528305,988.151001</point>
				<point>156.142868,1000.000000</point>
				<point>147.285721,1000.000000</point>
				<point>151.339615,985.811401</point>
				<point>159.528305,988.151001</point>
			</points>
		</object>
		<object>
			<coordinate>pixel</coordinate>
			<type>rectangle</type>
			<description>None</description>
			<possibleresult>
				<name>Small Car</name>
			</possibleresult>
			<points>
				<point>137.081100,958.513550</point>
				<point>134.000015,977.000000</point>
				<point>124.918930,975.486450</point>
				<point>128.000015,957.000000</point>
				<point>137.081100,958.513550</point>
			</points>
		</object>
		<object>
			<coordinate>pixel</coordinate>
			<type>rectangle</type>
			<description>None</description>
			<possibleresult>
				<name>Dump Truck</name>
			</possibleresult>
			<points>
				<point>500.000000,805.000000</point>
				<point>490.000000,805.000000</point>
				<point>490.000000,783.000000</point>
				<point>500.000000,783.000000</point>
				<point>500.000000,805.000000</point>
			</points>
		</object>
		<object>
			<coordinate>pixel</coordinate>
			<type>rectangle</type>
			<description>None</description>
			<possibleresult>
				<name>Small Car</name>
			</possibleresult>
			<points>
				<point>469.000000,791.000000</point>
				<point>445.000000,791.000000</point>
				<point>445.000000,782.000000</point>
				<point>469.000000,782.000000</point>
				<point>469.000000,791.000000</point>
			</points>
		</object>
		<object>
			<coordinate>pixel</coordinate>
			<type>rectangle</type>
			<description>None</description>
			<possibleresult>
				<name>Small Car</name>
			</possibleresult>
			<points>
				<point>465.367432,774.019287</point>
				<point>465.000000,781.000000</point>
				<point>445.632568,779.980713</point>
				<point>446.000000,773.000000</point>
				<point>465.367432,774.019287</point>
			</points>
		</object>
		<object>
			<coordinate>pixel</coordinate>
			<type>rectangle</type>
			<description>None</description>
			<possibleresult>
				<name>Small Car</name>
			</possibleresult>
			<points>
				<point>466.419891,764.022034</point>
				<point>466.000031,771.999939</point>
				<point>446.580109,770.977844</point>
				<point>446.999969,762.999939</point>
				<point>466.419891,764.022034</point>
			</points>
		</object>
		<object>
			<coordinate>pixel</coordinate>
			<type>rectangle</type>
			<description>None</description>
			<possibleresult>
				<name>Van</name>
			</possibleresult>
			<points>
				<point>372.000000,770.000000</point>
				<point>356.000000,770.000000</point>
				<point>356.000000,762.000000</point>
				<point>372.000000,762.000000</point>
				<point>372.000000,770.000000</point>
			</points>
		</object>
		<object>
			<coordinate>pixel</coordinate>
			<type>rectangle</type>
			<description>None</description>
			<possibleresult>
				<name>Small Car</name>
			</possibleresult>
			<points>
				<point>354.000000,505.000000</point>
				<point>345.000000,505.000000</point>
				<point>345.000000,489.000000</point>
				<point>354.000000,489.000000</point>
				<point>354.000000,505.000000</point>
			</points>
		</object>
		<object>
			<coordinate>pixel</coordinate>
			<type>rectangle</type>
			<description>None</description>
			<possibleresult>
				<name>Small Car</name>
			</possibleresult>
			<points>
				<point>352.000000,524.000000</point>
				<point>345.000000,524.000000</point>
				<point>345.000000,509.000000</point>
				<point>352.000000,509.000000</point>
				<point>352.000000,524.000000</point>
			</points>
		</object>
		<object>
			<coordinate>pixel</coordinate>
			<type>rectangle</type>
			<description>None</description>
			<possibleresult>
				<name>Small Car</name>
			</possibleresult>
			<points>
				<point>269.000000,607.000000</point>
				<point>260.031006,607.527588</point>
				<point>259.000000,590.000000</point>
				<point>267.968994,589.472412</point>
				<point>269.000000,607.000000</point>
			</points>
		</object>
		<object>
			<coordinate>pixel</coordinate>
			<type>rectangle</type>
			<description>None</description>
			<possibleresult>
				<name>Small Car</name>
			</possibleresult>
			<points>
				<point>274.000000,562.000000</point>
				<point>258.852966,571.088257</point>
				<point>253.999985,563.000000</point>
				<point>269.147034,553.911743</point>
				<point>274.000000,562.000000</point>
			</points>
		</object>
		<object>
			<coordinate>pixel</coordinate>
			<type>rectangle</type>
			<description>None</description>
			<possibleresult>
				<name>Van</name>
			</possibleresult>
			<points>
				<point>158.015564,624.750977</point>
				<point>157.000000,641.000000</point>
				<point>144.984436,640.249023</point>
				<point>146.000000,624.000000</point>
				<point>158.015564,624.750977</point>
			</points>
		</object>
		<object>
			<coordinate>pixel</coordinate>
			<type>rectangle</type>
			<description>None</description>
			<possibleresult>
				<name>Small Car</name>
			</possibleresult>
			<points>
				<point>105.000000,691.000061</point>
				<point>85.000000,692.000061</point>
				<point>84.548630,682.972595</point>
				<point>104.548630,681.972595</point>
				<point>105.000000,691.000061</point>
			</points>
		</object>
		<object>
			<coordinate>pixel</coordinate>
			<type>rectangle</type>
			<description>None</description>
			<possibleresult>
				<name>Small Car</name>
			</possibleresult>
			<points>
				<point>14.000000,282.000000</point>
				<point>0.000000,282.000000</point>
				<point>0.000000,275.000000</point>
				<point>14.000000,275.000000</point>
				<point>14.000000,282.000000</point>
			</points>
		</object>
		<object>
			<coordinate>pixel</coordinate>
			<type>rectangle</type>
			<description>None</description>
			<possibleresult>
				<name>Excavator</name>
			</possibleresult>
			<points>
				<point>18.000000,284.000000</point>
				<point>17.446152,293.969238</point>
				<point>-0.000002,293.000000</point>
				<point>0.000000,283.000000</point>
				<point>18.000000,284.000000</point>
			</points>
		</object>
		<object>
			<coordinate>pixel</coordinate>
			<type>rectangle</type>
			<description>None</description>
			<possibleresult>
				<name>Small Car</name>
			</possibleresult>
			<points>
				<point>60.000000,218.000000</point>
				<point>50.000000,218.000000</point>
				<point>50.000000,202.000000</point>
				<point>60.000000,202.000000</point>
				<point>60.000000,218.000000</point>
			</points>
		</object>
		<object>
			<coordinate>pixel</coordinate>
			<type>rectangle</type>
			<description>None</description>
			<possibleresult>
				<name>Van</name>
			</possibleresult>
			<points>
				<point>384.000000,666.000000</point>
				<point>366.000000,666.000000</point>
				<point>366.000000,658.000000</point>
				<point>384.000000,658.000000</point>
				<point>384.000000,666.000000</point>
			</points>
		</object>
		<object>
			<coordinate>pixel</coordinate>
			<type>rectangle</type>
			<description>None</description>
			<possibleresult>
				<name>Dump Truck</name>
			</possibleresult>
			<points>
				<point>411.000000,667.000000</point>
				<point>393.000000,667.000000</point>
				<point>393.000000,659.000000</point>
				<point>411.000000,659.000000</point>
				<point>411.000000,667.000000</point>
			</points>
		</object>
		<object>
			<coordinate>pixel</coordinate>
			<type>rectangle</type>
			<description>None</description>
			<possibleresult>
				<name>Small Car</name>
			</possibleresult>
			<points>
				<point>180.792068,656.079285</point>
				<point>179.999985,664.000061</point>
				<point>159.999985,662.000061</point>
				<point>160.792068,654.079285</point>
				<point>180.792068,656.079285</point>
			</points>
		</object>
		<object>
			<coordinate>pixel</coordinate>
			<type>rectangle</type>
			<description>None</description>
			<possibleresult>
				<name>Van</name>
			</possibleresult>
			<points>
				<point>202.000000,655.000000</point>
				<point>201.548615,664.027466</point>
				<point>181.000000,663.000000</point>
				<point>181.451385,653.972534</point>
				<point>202.000000,655.000000</point>
			</points>
		</object>
		<object>
			<coordinate>pixel</coordinate>
			<type>rectangle</type>
			<description>None</description>
			<possibleresult>
				<name>Small Car</name>
			</possibleresult>
			<points>
				<point>440.000031,662.000061</point>
				<point>439.388397,669.033875</point>
				<point>416.000031,667.000061</point>
				<point>416.611664,659.966248</point>
				<point>440.000031,662.000061</point>
			</points>
		</object>
		<object>
			<coordinate>pixel</coordinate>
			<type>rectangle</type>
			<description>None</description>
			<possibleresult>
				<name>Van</name>
			</possibleresult>
			<points>
				<point>225.000015,1003.000122</point>
				<point>224.560013,999.920044</point>
				<point>245.560013,996.920044</point>
				<point>246.000015,1000.000122</point>
				<point>225.000015,1003.000122</point>
			</points>
		</object>
		<object>
			<coordinate>pixel</coordinate>
			<type>rectangle</type>
			<description>None</description>
			<possibleresult>
				<name>Small Car</name>
			</possibleresult>
			<points>
				<point>564.609253,357.033875</point>
				<point>564.000000,368.000000</point>
				<point>546.000000,367.000000</point>
				<point>546.609253,356.033875</point>
				<point>564.609253,357.033875</point>
			</points>
		</object>
		<object>
			<coordinate>pixel</coordinate>
			<type>rectangle</type>
			<description>None</description>
			<possibleresult>
				<name>Small Car</name>
			</possibleresult>
			<points>
				<point>589.000061,377.000031</point>
				<point>584.176697,383.138824</point>
				<point>570.000061,372.000031</point>
				<point>574.823425,365.861237</point>
				<point>589.000061,377.000031</point>
			</points>
		</object>
		<object>
			<coordinate>pixel</coordinate>
			<type>rectangle</type>
			<description>None</description>
			<possibleresult>
				<name>Van</name>
			</possibleresult>
			<points>
				<point>601.000061,407.000000</point>
				<point>592.024963,407.472351</point>
				<point>591.000061,388.000000</point>
				<point>599.975159,387.527649</point>
				<point>601.000061,407.000000</point>
			</points>
		</object>
		<object>
			<coordinate>pixel</coordinate>
			<type>rectangle</type>
			<description>None</description>
			<possibleresult>
				<name>Van</name>
			</possibleresult>
			<points>
				<point>597.352966,410.411774</point>
				<point>588.352966,425.411774</point>
				<point>581.000061,421.000031</point>
				<point>590.000061,406.000031</point>
				<point>597.352966,410.411774</point>
			</points>
		</object>
		<object>
			<coordinate>pixel</coordinate>
			<type>rectangle</type>
			<description>None</description>
			<possibleresult>
				<name>Van</name>
			</possibleresult>
			<points>
				<point>584.000000,435.000061</point>
				<point>577.000000,449.000061</point>
				<point>569.000000,445.000061</point>
				<point>576.000000,431.000061</point>
				<point>584.000000,435.000061</point>
			</points>
		</object>
		<object>
			<coordinate>pixel</coordinate>
			<type>rectangle</type>
			<description>None</description>
			<possibleresult>
				<name>Small Car</name>
			</possibleresult>
			<points>
				<point>576.000061,466.000000</point>
				<point>574.965027,482.560303</point>
				<point>566.000061,482.000000</point>
				<point>567.035095,465.439697</point>
				<point>576.000061,466.000000</point>
			</points>
		</object>
		<object>
			<coordinate>pixel</coordinate>
			<type>rectangle</type>
			<description>None</description>
			<possibleresult>
				<name>Small Car</name>
			</possibleresult>
			<points>
				<point>541.000061,370.000031</point>
				<point>528.184631,377.323090</point>
				<point>524.184631,370.323090</point>
				<point>537.000061,363.000031</point>
				<point>541.000061,370.000031</point>
			</points>
		</object>
		<object>
			<coordinate>pixel</coordinate>
			<type>rectangle</type>
			<description>None</description>
			<possibleresult>
				<name>Dump Truck</name>
			</possibleresult>
			<points>
				<point>308.000000,668.000000</point>
				<point>286.000000,668.000000</point>
				<point>286.000000,659.000000</point>
				<point>308.000000,659.000000</point>
				<point>308.000000,668.000000</point>
			</points>
		</object>
	</objects>
</annotation>