<?xml version="1.0" encoding="utf-8"?>
<annotation>
	<source>
		<filename>1005.tif</filename>
		<origin>GF2/GF3</origin>
	</source>
	<research>
		<version>1.0</version>
		<provider>FAIR1M</provider>
		<author>Cyber</author>
		<pluginname>FAIR1M</pluginname>
		<pluginclass>object detection</pluginclass>
		<time>2021-03</time>
	</research>
	<size>
		<width>1000</width>
		<height>1000</height>
		<depth>3</depth>
	</size>
	<objects>
		<object>
			<coordinate>pixel</coordinate>
			<type>rectangle</type>
			<description>None</description>
			<possibleresult>
				<name>Van</name>
			</possibleresult>
			<points>
				<point>1000.000000,771.444336</point>
				<point>984.529419,774.882263</point>
				<point>983.000000,767.999939</point>
				<point>1000.000000,764.222168</point>
				<point>1000.000000,771.444336</point>
			</points>
		</object>
		<object>
			<coordinate>pixel</coordinate>
			<type>rectangle</type>
			<description>None</description>
			<possibleresult>
				<name>Van</name>
			</possibleresult>
			<points>
				<point>1000.000000,783.250061</point>
				<point>1000.000000,788.333374</point>
				<point>995.000000,791.000000</point>
				<point>986.889282,775.792358</point>
				<point>1000.000000,783.250061</point>
			</points>
		</object>
		<object>
			<coordinate>pixel</coordinate>
			<type>rectangle</type>
			<description>None</description>
			<possibleresult>
				<name>Van</name>
			</possibleresult>
			<points>
				<point>754.400085,790.800171</point>
				<point>746.400085,794.800171</point>
				<point>738.000061,778.000122</point>
				<point>746.000061,774.000122</point>
				<point>754.400085,790.800171</point>
			</points>
		</object>
		<object>
			<coordinate>pixel</coordinate>
			<type>rectangle</type>
			<description>None</description>
			<possibleresult>
				<name>Small Car</name>
			</possibleresult>
			<points>
				<point>717.000000,803.000000</point>
				<point>707.000000,807.000000</point>
				<point>701.000000,792.000000</point>
				<point>711.000000,788.000000</point>
				<point>717.000000,803.000000</point>
			</points>
		</object>
		<object>
			<coordinate>pixel</coordinate>
			<type>rectangle</type>
			<description>None</description>
			<possibleresult>
				<name>Small Car</name>
			</possibleresult>
			<points>
				<point>705.000061,806.000061</point>
				<point>697.000061,809.000061</point>
				<point>691.000061,793.000061</point>
				<point>699.000061,790.000061</point>
				<point>705.000061,806.000061</point>
			</points>
		</object>
		<object>
			<coordinate>pixel</coordinate>
			<type>rectangle</type>
			<description>None</description>
			<possibleresult>
				<name>Small Car</name>
			</possibleresult>
			<points>
				<point>696.000061,810.000000</point>
				<point>688.069031,813.172363</point>
				<point>681.931091,797.827515</point>
				<point>689.862122,794.655151</point>
				<point>696.000061,810.000000</point>
			</points>
		</object>
		<object>
			<coordinate>pixel</coordinate>
			<type>rectangle</type>
			<description>None</description>
			<possibleresult>
				<name>Small Car</name>
			</possibleresult>
			<points>
				<point>543.000000,865.000061</point>
				<point>524.915039,875.047180</point>
				<point>521.000000,868.000061</point>
				<point>539.084961,857.952942</point>
				<point>543.000000,865.000061</point>
			</points>
		</object>
		<object>
			<coordinate>pixel</coordinate>
			<type>rectangle</type>
			<description>None</description>
			<possibleresult>
				<name>Small Car</name>
			</possibleresult>
			<points>
				<point>325.000031,914.000000</point>
				<point>306.041107,921.109619</point>
				<point>303.041107,913.109619</point>
				<point>322.000031,906.000000</point>
				<point>325.000031,914.000000</point>
			</points>
		</object>
		<object>
			<coordinate>pixel</coordinate>
			<type>rectangle</type>
			<description>None</description>
			<possibleresult>
				<name>Van</name>
			</possibleresult>
			<points>
				<point>277.307648,946.461426</point>
				<point>262.999969,955.999878</point>
				<point>258.538422,949.307617</point>
				<point>272.846100,939.769165</point>
				<point>277.307648,946.461426</point>
			</points>
		</object>
		<object>
			<coordinate>pixel</coordinate>
			<type>rectangle</type>
			<description>None</description>
			<possibleresult>
				<name>Van</name>
			</possibleresult>
			<points>
				<point>275.999969,934.000000</point>
				<point>257.999969,946.000000</point>
				<point>253.076874,938.615356</point>
				<point>271.076874,926.615356</point>
				<point>275.999969,934.000000</point>
			</points>
		</object>
		<object>
			<coordinate>pixel</coordinate>
			<type>rectangle</type>
			<description>None</description>
			<possibleresult>
				<name>Small Car</name>
			</possibleresult>
			<points>
				<point>650.000000,937.000000</point>
				<point>648.192261,946.038452</point>
				<point>628.000000,942.000000</point>
				<point>629.807739,932.961548</point>
				<point>650.000000,937.000000</point>
			</points>
		</object>
		<object>
			<coordinate>pixel</coordinate>
			<type>rectangle</type>
			<description>None</description>
			<possibleresult>
				<name>Small Car</name>
			</possibleresult>
			<points>
				<point>879.165222,986.947571</point>
				<point>857.000061,994.000061</point>
				<point>853.834900,984.052551</point>
				<point>876.000061,977.000061</point>
				<point>879.165222,986.947571</point>
			</points>
		</object>
		<object>
			<coordinate>pixel</coordinate>
			<type>rectangle</type>
			<description>None</description>
			<possibleresult>
				<name>Small Car</name>
			</possibleresult>
			<points>
				<point>951.000000,36.000000</point>
				<point>940.000000,36.000000</point>
				<point>940.000000,18.000000</point>
				<point>951.000000,18.000000</point>
				<point>951.000000,36.000000</point>
			</points>
		</object>
		<object>
			<coordinate>pixel</coordinate>
			<type>rectangle</type>
			<description>None</description>
			<possibleresult>
				<name>Small Car</name>
			</possibleresult>
			<points>
				<point>956.021484,138.387695</point>
				<point>945.000000,139.000000</point>
				<point>943.978516,120.612305</point>
				<point>955.000000,120.000000</point>
				<point>956.021484,138.387695</point>
			</points>
		</object>
		<object>
			<coordinate>pixel</coordinate>
			<type>rectangle</type>
			<description>None</description>
			<possibleresult>
				<name>Small Car</name>
			</possibleresult>
			<points>
				<point>936.000000,205.000000</point>
				<point>926.000000,205.000000</point>
				<point>926.000000,187.000000</point>
				<point>936.000000,187.000000</point>
				<point>936.000000,205.000000</point>
			</points>
		</object>
		<object>
			<coordinate>pixel</coordinate>
			<type>rectangle</type>
			<description>None</description>
			<possibleresult>
				<name>Small Car</name>
			</possibleresult>
			<points>
				<point>956.000000,203.000000</point>
				<point>946.000000,203.000000</point>
				<point>946.000000,182.000000</point>
				<point>956.000000,182.000000</point>
				<point>956.000000,203.000000</point>
			</points>
		</object>
		<object>
			<coordinate>pixel</coordinate>
			<type>rectangle</type>
			<description>None</description>
			<possibleresult>
				<name>Van</name>
			</possibleresult>
			<points>
				<point>1000.000000,261.625000</point>
				<point>981.000061,264.000031</point>
				<point>980.000061,256.000031</point>
				<point>1000.000000,253.500015</point>
				<point>1000.000000,261.625000</point>
			</points>
		</object>
		<object>
			<coordinate>pixel</coordinate>
			<type>rectangle</type>
			<description>None</description>
			<possibleresult>
				<name>Small Car</name>
			</possibleresult>
			<points>
				<point>967.070496,308.399353</point>
				<point>958.000061,310.000000</point>
				<point>954.929626,292.600647</point>
				<point>964.000061,291.000000</point>
				<point>967.070496,308.399353</point>
			</points>
		</object>
		<object>
			<coordinate>pixel</coordinate>
			<type>rectangle</type>
			<description>None</description>
			<possibleresult>
				<name>Small Car</name>
			</possibleresult>
			<points>
				<point>947.999939,315.999969</point>
				<point>937.999939,317.999969</point>
				<point>934.807678,302.038422</point>
				<point>944.807678,300.038422</point>
				<point>947.999939,315.999969</point>
			</points>
		</object>
		<object>
			<coordinate>pixel</coordinate>
			<type>rectangle</type>
			<description>None</description>
			<possibleresult>
				<name>Van</name>
			</possibleresult>
			<points>
				<point>981.000000,359.000000</point>
				<point>972.816406,362.580322</point>
				<point>965.816406,346.580322</point>
				<point>974.000000,343.000000</point>
				<point>981.000000,359.000000</point>
			</points>
		</object>
		<object>
			<coordinate>pixel</coordinate>
			<type>rectangle</type>
			<description>None</description>
			<possibleresult>
				<name>Small Car</name>
			</possibleresult>
			<points>
				<point>989.000061,375.000031</point>
				<point>981.246155,379.430817</point>
				<point>972.569275,364.246185</point>
				<point>980.323181,359.815399</point>
				<point>989.000061,375.000031</point>
			</points>
		</object>
		<object>
			<coordinate>pixel</coordinate>
			<type>rectangle</type>
			<description>None</description>
			<possibleresult>
				<name>Van</name>
			</possibleresult>
			<points>
				<point>959.889282,389.792389</point>
				<point>952.000000,394.000031</point>
				<point>944.000000,379.000031</point>
				<point>951.889282,374.792389</point>
				<point>959.889282,389.792389</point>
			</points>
		</object>
		<object>
			<coordinate>pixel</coordinate>
			<type>rectangle</type>
			<description>None</description>
			<possibleresult>
				<name>Small Car</name>
			</possibleresult>
			<points>
				<point>993.088379,414.147064</point>
				<point>985.000122,419.000031</point>
				<point>975.911865,403.852997</point>
				<point>984.000122,399.000031</point>
				<point>993.088379,414.147064</point>
			</points>
		</object>
		<object>
			<coordinate>pixel</coordinate>
			<type>rectangle</type>
			<description>None</description>
			<possibleresult>
				<name>Small Car</name>
			</possibleresult>
			<points>
				<point>1000.000000,584.700073</point>
				<point>988.449707,588.165161</point>
				<point>986.000122,580.000000</point>
				<point>1000.000000,575.800049</point>
				<point>1000.000000,584.700073</point>
			</points>
		</object>
		<object>
			<coordinate>pixel</coordinate>
			<type>rectangle</type>
			<description>None</description>
			<possibleresult>
				<name>Small Car</name>
			</possibleresult>
			<points>
				<point>983.264160,578.924500</point>
				<point>969.000000,582.999939</point>
				<point>967.000000,575.999939</point>
				<point>981.264160,571.924500</point>
				<point>983.264160,578.924500</point>
			</points>
		</object>
		<object>
			<coordinate>pixel</coordinate>
			<type>rectangle</type>
			<description>None</description>
			<possibleresult>
				<name>Van</name>
			</possibleresult>
			<points>
				<point>979.402344,588.834290</point>
				<point>962.000000,595.999939</point>
				<point>959.597656,590.165588</point>
				<point>977.000000,582.999939</point>
				<point>979.402344,588.834290</point>
			</points>
		</object>
		<object>
			<coordinate>pixel</coordinate>
			<type>rectangle</type>
			<description>None</description>
			<possibleresult>
				<name>Van</name>
			</possibleresult>
			<points>
				<point>899.219238,611.917786</point>
				<point>883.000000,617.999939</point>
				<point>880.780762,612.082092</point>
				<point>897.000000,605.999939</point>
				<point>899.219238,611.917786</point>
			</points>
		</object>
		<object>
			<coordinate>pixel</coordinate>
			<type>rectangle</type>
			<description>None</description>
			<possibleresult>
				<name>Small Car</name>
			</possibleresult>
			<points>
				<point>820.000000,633.000061</point>
				<point>798.708862,641.110901</point>
				<point>796.000000,634.000061</point>
				<point>817.291138,625.889221</point>
				<point>820.000000,633.000061</point>
			</points>
		</object>
		<object>
			<coordinate>pixel</coordinate>
			<type>rectangle</type>
			<description>None</description>
			<possibleresult>
				<name>Small Car</name>
			</possibleresult>
			<points>
				<point>674.478577,673.848877</point>
				<point>654.999939,680.000000</point>
				<point>652.521301,672.151123</point>
				<point>671.999939,666.000000</point>
				<point>674.478577,673.848877</point>
			</points>
		</object>
		<object>
			<coordinate>pixel</coordinate>
			<type>rectangle</type>
			<description>None</description>
			<possibleresult>
				<name>Small Car</name>
			</possibleresult>
			<points>
				<point>718.015930,581.945740</point>
				<point>713.000061,598.999939</point>
				<point>702.984192,596.054138</point>
				<point>708.000061,578.999939</point>
				<point>718.015930,581.945740</point>
			</points>
		</object>
		<object>
			<coordinate>pixel</coordinate>
			<type>rectangle</type>
			<description>None</description>
			<possibleresult>
				<name>Small Car</name>
			</possibleresult>
			<points>
				<point>703.628967,584.835083</point>
				<point>696.000061,602.000000</point>
				<point>687.000061,598.000000</point>
				<point>694.628967,580.835083</point>
				<point>703.628967,584.835083</point>
			</points>
		</object>
		<object>
			<coordinate>pixel</coordinate>
			<type>rectangle</type>
			<description>None</description>
			<possibleresult>
				<name>Van</name>
			</possibleresult>
			<points>
				<point>688.800110,591.400085</point>
				<point>680.800110,607.400085</point>
				<point>672.000061,603.000061</point>
				<point>680.000061,587.000061</point>
				<point>688.800110,591.400085</point>
			</points>
		</object>
		<object>
			<coordinate>pixel</coordinate>
			<type>rectangle</type>
			<description>None</description>
			<possibleresult>
				<name>Van</name>
			</possibleresult>
			<points>
				<point>896.000000,478.000000</point>
				<point>876.953613,485.017090</point>
				<point>874.000000,477.000000</point>
				<point>893.046387,469.982910</point>
				<point>896.000000,478.000000</point>
			</points>
		</object>
		<object>
			<coordinate>pixel</coordinate>
			<type>rectangle</type>
			<description>None</description>
			<possibleresult>
				<name>Small Car</name>
			</possibleresult>
			<points>
				<point>871.000000,486.000031</point>
				<point>850.000000,492.000031</point>
				<point>848.000000,485.000031</point>
				<point>869.000000,479.000031</point>
				<point>871.000000,486.000031</point>
			</points>
		</object>
		<object>
			<coordinate>pixel</coordinate>
			<type>rectangle</type>
			<description>None</description>
			<possibleresult>
				<name>Small Car</name>
			</possibleresult>
			<points>
				<point>786.000000,511.000000</point>
				<point>762.000000,519.000000</point>
				<point>758.900024,509.700012</point>
				<point>782.900024,501.700012</point>
				<point>786.000000,511.000000</point>
			</points>
		</object>
		<object>
			<coordinate>pixel</coordinate>
			<type>rectangle</type>
			<description>None</description>
			<possibleresult>
				<name>Small Car</name>
			</possibleresult>
			<points>
				<point>752.000000,518.000000</point>
				<point>731.821777,525.062378</point>
				<point>729.000000,517.000000</point>
				<point>749.178223,509.937622</point>
				<point>752.000000,518.000000</point>
			</points>
		</object>
		<object>
			<coordinate>pixel</coordinate>
			<type>rectangle</type>
			<description>None</description>
			<possibleresult>
				<name>Van</name>
			</possibleresult>
			<points>
				<point>724.569153,526.135986</point>
				<point>705.569153,532.135986</point>
				<point>702.999939,524.000000</point>
				<point>721.999939,518.000000</point>
				<point>724.569153,526.135986</point>
			</points>
		</object>
		<object>
			<coordinate>pixel</coordinate>
			<type>rectangle</type>
			<description>None</description>
			<possibleresult>
				<name>Van</name>
			</possibleresult>
			<points>
				<point>610.089172,556.968933</point>
				<point>590.000061,564.000061</point>
				<point>587.910950,558.031189</point>
				<point>608.000061,551.000061</point>
				<point>610.089172,556.968933</point>
			</points>
		</object>
		<object>
			<coordinate>pixel</coordinate>
			<type>rectangle</type>
			<description>None</description>
			<possibleresult>
				<name>Van</name>
			</possibleresult>
			<points>
				<point>555.366943,571.889893</point>
				<point>535.000000,578.000000</point>
				<point>532.633057,570.110107</point>
				<point>553.000000,564.000000</point>
				<point>555.366943,571.889893</point>
			</points>
		</object>
		<object>
			<coordinate>pixel</coordinate>
			<type>rectangle</type>
			<description>None</description>
			<possibleresult>
				<name>Van</name>
			</possibleresult>
			<points>
				<point>526.091797,579.972595</point>
				<point>506.000092,586.000061</point>
				<point>503.908295,579.027527</point>
				<point>524.000000,573.000061</point>
				<point>526.091797,579.972595</point>
			</points>
		</object>
		<object>
			<coordinate>pixel</coordinate>
			<type>rectangle</type>
			<description>None</description>
			<possibleresult>
				<name>Van</name>
			</possibleresult>
			<points>
				<point>480.562042,610.795654</point>
				<point>458.562042,618.795654</point>
				<point>454.999969,609.000000</point>
				<point>476.999969,601.000000</point>
				<point>480.562042,610.795654</point>
			</points>
		</object>
		<object>
			<coordinate>pixel</coordinate>
			<type>rectangle</type>
			<description>None</description>
			<possibleresult>
				<name>Small Car</name>
			</possibleresult>
			<points>
				<point>436.587280,621.131409</point>
				<point>414.587280,628.131409</point>
				<point>412.000061,620.000061</point>
				<point>434.000061,613.000061</point>
				<point>436.587280,621.131409</point>
			</points>
		</object>
		<object>
			<coordinate>pixel</coordinate>
			<type>rectangle</type>
			<description>None</description>
			<possibleresult>
				<name>Small Car</name>
			</possibleresult>
			<points>
				<point>442.282104,633.226685</point>
				<point>423.282104,639.226685</point>
				<point>421.000000,632.000000</point>
				<point>440.000000,626.000000</point>
				<point>442.282104,633.226685</point>
			</points>
		</object>
		<object>
			<coordinate>pixel</coordinate>
			<type>rectangle</type>
			<description>None</description>
			<possibleresult>
				<name>Small Car</name>
			</possibleresult>
			<points>
				<point>473.000000,627.000000</point>
				<point>452.724792,633.082520</point>
				<point>450.000000,624.000000</point>
				<point>470.275208,617.917480</point>
				<point>473.000000,627.000000</point>
			</points>
		</object>
		<object>
			<coordinate>pixel</coordinate>
			<type>rectangle</type>
			<description>None</description>
			<possibleresult>
				<name>Small Car</name>
			</possibleresult>
			<points>
				<point>510.802856,613.707947</point>
				<point>487.999939,621.999939</point>
				<point>485.197021,614.291931</point>
				<point>507.999939,605.999939</point>
				<point>510.802856,613.707947</point>
			</points>
		</object>
		<object>
			<coordinate>pixel</coordinate>
			<type>rectangle</type>
			<description>None</description>
			<possibleresult>
				<name>Small Car</name>
			</possibleresult>
			<points>
				<point>446.043243,645.990234</point>
				<point>423.827118,651.039307</point>
				<point>421.783905,642.049072</point>
				<point>444.000031,637.000000</point>
				<point>446.043243,645.990234</point>
			</points>
		</object>
		<object>
			<coordinate>pixel</coordinate>
			<type>rectangle</type>
			<description>None</description>
			<possibleresult>
				<name>Cargo Truck</name>
			</possibleresult>
			<points>
				<point>391.000000,637.000000</point>
				<point>369.000000,672.000000</point>
				<point>357.244568,664.610840</point>
				<point>379.244568,629.610840</point>
				<point>391.000000,637.000000</point>
			</points>
		</object>
		<object>
			<coordinate>pixel</coordinate>
			<type>rectangle</type>
			<description>None</description>
			<possibleresult>
				<name>Small Car</name>
			</possibleresult>
			<points>
				<point>314.124603,762.266541</point>
				<point>291.124603,769.266541</point>
				<point>288.000031,759.000061</point>
				<point>311.000031,752.000061</point>
				<point>314.124603,762.266541</point>
			</points>
		</object>
		<object>
			<coordinate>pixel</coordinate>
			<type>rectangle</type>
			<description>None</description>
			<possibleresult>
				<name>Small Car</name>
			</possibleresult>
			<points>
				<point>274.000031,770.000061</point>
				<point>255.000031,777.000061</point>
				<point>252.370758,769.863464</point>
				<point>271.370758,762.863464</point>
				<point>274.000031,770.000061</point>
			</points>
		</object>
		<object>
			<coordinate>pixel</coordinate>
			<type>rectangle</type>
			<description>None</description>
			<possibleresult>
				<name>Small Car</name>
			</possibleresult>
			<points>
				<point>171.049469,728.919128</point>
				<point>160.000031,747.000061</point>
				<point>151.950592,742.080994</point>
				<point>163.000031,724.000061</point>
				<point>171.049469,728.919128</point>
			</points>
		</object>
		<object>
			<coordinate>pixel</coordinate>
			<type>rectangle</type>
			<description>None</description>
			<possibleresult>
				<name>Small Car</name>
			</possibleresult>
			<points>
				<point>153.999969,729.000000</point>
				<point>145.931000,749.172363</point>
				<point>137.999969,746.000000</point>
				<point>146.068939,725.827637</point>
				<point>153.999969,729.000000</point>
			</points>
		</object>
		<object>
			<coordinate>pixel</coordinate>
			<type>rectangle</type>
			<description>None</description>
			<possibleresult>
				<name>Van</name>
			</possibleresult>
			<points>
				<point>138.000031,738.000122</point>
				<point>131.944641,755.156982</point>
				<point>123.000031,752.000000</point>
				<point>129.055420,734.843140</point>
				<point>138.000031,738.000122</point>
			</points>
		</object>
		<object>
			<coordinate>pixel</coordinate>
			<type>rectangle</type>
			<description>None</description>
			<possibleresult>
				<name>Small Car</name>
			</possibleresult>
			<points>
				<point>124.000015,743.000000</point>
				<point>117.876724,759.328735</point>
				<point>109.000015,756.000000</point>
				<point>115.123306,739.671265</point>
				<point>124.000015,743.000000</point>
			</points>
		</object>
		<object>
			<coordinate>pixel</coordinate>
			<type>rectangle</type>
			<description>None</description>
			<possibleresult>
				<name>Small Car</name>
			</possibleresult>
			<points>
				<point>109.269669,748.168579</point>
				<point>99.719101,763.449463</point>
				<point>91.000000,758.000000</point>
				<point>100.550568,742.719116</point>
				<point>109.269669,748.168579</point>
			</points>
		</object>
		<object>
			<coordinate>pixel</coordinate>
			<type>rectangle</type>
			<description>None</description>
			<possibleresult>
				<name>Small Car</name>
			</possibleresult>
			<points>
				<point>93.088249,752.852966</point>
				<point>84.000008,768.000061</point>
				<point>75.911766,763.147156</point>
				<point>85.000008,748.000061</point>
				<point>93.088249,752.852966</point>
			</points>
		</object>
		<object>
			<coordinate>pixel</coordinate>
			<type>rectangle</type>
			<description>None</description>
			<possibleresult>
				<name>Small Car</name>
			</possibleresult>
			<points>
				<point>77.000000,757.000122</point>
				<point>67.902710,774.183960</point>
				<point>59.999996,770.000122</point>
				<point>69.097290,752.816284</point>
				<point>77.000000,757.000122</point>
			</points>
		</object>
		<object>
			<coordinate>pixel</coordinate>
			<type>rectangle</type>
			<description>None</description>
			<possibleresult>
				<name>Van</name>
			</possibleresult>
			<points>
				<point>60.053379,758.829285</point>
				<point>54.964413,775.113953</point>
				<point>45.000004,772.000061</point>
				<point>50.088970,755.715393</point>
				<point>60.053379,758.829285</point>
			</points>
		</object>
		<object>
			<coordinate>pixel</coordinate>
			<type>rectangle</type>
			<description>None</description>
			<possibleresult>
				<name>Van</name>
			</possibleresult>
			<points>
				<point>47.000000,763.000000</point>
				<point>39.958580,780.100586</point>
				<point>30.000000,776.000000</point>
				<point>37.041420,758.899414</point>
				<point>47.000000,763.000000</point>
			</points>
		</object>
		<object>
			<coordinate>pixel</coordinate>
			<type>rectangle</type>
			<description>None</description>
			<possibleresult>
				<name>Van</name>
			</possibleresult>
			<points>
				<point>31.103554,767.748596</point>
				<point>24.000004,785.000061</point>
				<point>14.896454,781.251526</point>
				<point>22.000004,764.000061</point>
				<point>31.103554,767.748596</point>
			</points>
		</object>
		<object>
			<coordinate>pixel</coordinate>
			<type>rectangle</type>
			<description>None</description>
			<possibleresult>
				<name>Small Car</name>
			</possibleresult>
			<points>
				<point>0.000000,785.888855</point>
				<point>0.000000,782.750000</point>
				<point>7.000002,767.000000</point>
				<point>15.164949,770.628906</point>
				<point>0.000000,785.888855</point>
			</points>
		</object>
		<object>
			<coordinate>pixel</coordinate>
			<type>rectangle</type>
			<description>None</description>
			<possibleresult>
				<name>Small Car</name>
			</possibleresult>
			<points>
				<point>0.000000,778.000000</point>
				<point>0.000000,778.000000</point>
				<point>0.000000,778.000000</point>
				<point>0.000000,778.000000</point>
				<point>0.000000,778.000000</point>
			</points>
		</object>
		<object>
			<coordinate>pixel</coordinate>
			<type>rectangle</type>
			<description>None</description>
			<possibleresult>
				<name>Van</name>
			</possibleresult>
			<points>
				<point>639.240845,421.886627</point>
				<point>622.000000,429.999969</point>
				<point>618.759155,423.113312</point>
				<point>636.000000,414.999969</point>
				<point>639.240845,421.886627</point>
			</points>
		</object>
		<object>
			<coordinate>pixel</coordinate>
			<type>rectangle</type>
			<description>None</description>
			<possibleresult>
				<name>Small Car</name>
			</possibleresult>
			<points>
				<point>696.600037,407.800049</point>
				<point>678.600037,413.800049</point>
				<point>676.000061,406.000061</point>
				<point>694.000061,400.000061</point>
				<point>696.600037,407.800049</point>
			</points>
		</object>
		<object>
			<coordinate>pixel</coordinate>
			<type>rectangle</type>
			<description>None</description>
			<possibleresult>
				<name>Van</name>
			</possibleresult>
			<points>
				<point>697.000061,417.000000</point>
				<point>678.400085,423.200012</point>
				<point>676.000061,416.000000</point>
				<point>694.600037,409.799988</point>
				<point>697.000061,417.000000</point>
			</points>
		</object>
		<object>
			<coordinate>pixel</coordinate>
			<type>rectangle</type>
			<description>None</description>
			<possibleresult>
				<name>Small Car</name>
			</possibleresult>
			<points>
				<point>707.222961,433.947571</point>
				<point>690.000061,438.000000</point>
				<point>687.888611,429.026245</point>
				<point>705.111511,424.973816</point>
				<point>707.222961,433.947571</point>
			</points>
		</object>
		<object>
			<coordinate>pixel</coordinate>
			<type>rectangle</type>
			<description>None</description>
			<possibleresult>
				<name>Small Car</name>
			</possibleresult>
			<points>
				<point>715.000000,449.999939</point>
				<point>697.404419,455.175110</point>
				<point>695.000000,446.999939</point>
				<point>712.595581,441.824768</point>
				<point>715.000000,449.999939</point>
			</points>
		</object>
		<object>
			<coordinate>pixel</coordinate>
			<type>rectangle</type>
			<description>None</description>
			<possibleresult>
				<name>Small Car</name>
			</possibleresult>
			<points>
				<point>726.529480,473.882294</point>
				<point>708.000061,477.999969</point>
				<point>706.470642,471.117645</point>
				<point>725.000061,466.999969</point>
				<point>726.529480,473.882294</point>
			</points>
		</object>
		<object>
			<coordinate>pixel</coordinate>
			<type>rectangle</type>
			<description>None</description>
			<possibleresult>
				<name>Small Car</name>
			</possibleresult>
			<points>
				<point>734.246155,491.935242</point>
				<point>715.000061,497.000000</point>
				<point>712.901672,489.025879</point>
				<point>732.147766,483.961121</point>
				<point>734.246155,491.935242</point>
			</points>
		</object>
		<object>
			<coordinate>pixel</coordinate>
			<type>rectangle</type>
			<description>None</description>
			<possibleresult>
				<name>Small Car</name>
			</possibleresult>
			<points>
				<point>455.091736,414.972473</point>
				<point>434.816528,421.055054</point>
				<point>432.724792,414.082581</point>
				<point>453.000000,408.000000</point>
				<point>455.091736,414.972473</point>
			</points>
		</object>
		<object>
			<coordinate>pixel</coordinate>
			<type>rectangle</type>
			<description>None</description>
			<possibleresult>
				<name>Small Car</name>
			</possibleresult>
			<points>
				<point>412.000000,428.000061</point>
				<point>392.000000,435.000061</point>
				<point>388.866394,426.046814</point>
				<point>408.866394,419.046814</point>
				<point>412.000000,428.000061</point>
			</points>
		</object>
		<object>
			<coordinate>pixel</coordinate>
			<type>rectangle</type>
			<description>None</description>
			<possibleresult>
				<name>Van</name>
			</possibleresult>
			<points>
				<point>376.000000,433.000061</point>
				<point>359.000000,439.000061</point>
				<point>356.784607,432.723145</point>
				<point>373.784607,426.723145</point>
				<point>376.000000,433.000061</point>
			</points>
		</object>
		<object>
			<coordinate>pixel</coordinate>
			<type>rectangle</type>
			<description>None</description>
			<possibleresult>
				<name>Van</name>
			</possibleresult>
			<points>
				<point>401.000000,411.000000</point>
				<point>383.888550,415.026245</point>
				<point>382.000000,407.000000</point>
				<point>399.111450,402.973755</point>
				<point>401.000000,411.000000</point>
			</points>
		</object>
		<object>
			<coordinate>pixel</coordinate>
			<type>rectangle</type>
			<description>None</description>
			<possibleresult>
				<name>Small Car</name>
			</possibleresult>
			<points>
				<point>397.000031,401.999969</point>
				<point>379.000031,406.999969</point>
				<point>376.722076,398.799408</point>
				<point>394.722076,393.799408</point>
				<point>397.000031,401.999969</point>
			</points>
		</object>
		<object>
			<coordinate>pixel</coordinate>
			<type>rectangle</type>
			<description>None</description>
			<possibleresult>
				<name>Small Car</name>
			</possibleresult>
			<points>
				<point>353.684601,391.075104</point>
				<point>332.684601,396.075104</point>
				<point>331.000031,388.999969</point>
				<point>352.000031,383.999969</point>
				<point>353.684601,391.075104</point>
			</points>
		</object>
		<object>
			<coordinate>pixel</coordinate>
			<type>rectangle</type>
			<description>None</description>
			<possibleresult>
				<name>Small Car</name>
			</possibleresult>
			<points>
				<point>58.000000,555.000000</point>
				<point>50.294617,558.626099</point>
				<point>42.294617,541.626099</point>
				<point>50.000000,538.000000</point>
				<point>58.000000,555.000000</point>
			</points>
		</object>
		<object>
			<coordinate>pixel</coordinate>
			<type>rectangle</type>
			<description>None</description>
			<possibleresult>
				<name>Van</name>
			</possibleresult>
			<points>
				<point>70.876724,551.671265</point>
				<point>62.000015,555.000000</point>
				<point>56.000015,539.000000</point>
				<point>64.876724,535.671265</point>
				<point>70.876724,551.671265</point>
			</points>
		</object>
		<object>
			<coordinate>pixel</coordinate>
			<type>rectangle</type>
			<description>None</description>
			<possibleresult>
				<name>Small Car</name>
			</possibleresult>
			<points>
				<point>123.347015,534.441650</point>
				<point>115.000015,541.000000</point>
				<point>103.653015,526.558350</point>
				<point>112.000015,520.000000</point>
				<point>123.347015,534.441650</point>
			</points>
		</object>
		<object>
			<coordinate>pixel</coordinate>
			<type>rectangle</type>
			<description>None</description>
			<possibleresult>
				<name>Small Car</name>
			</possibleresult>
			<points>
				<point>141.184601,531.323120</point>
				<point>133.000000,536.000000</point>
				<point>124.815392,521.676880</point>
				<point>133.000000,517.000000</point>
				<point>141.184601,531.323120</point>
			</points>
		</object>
		<object>
			<coordinate>pixel</coordinate>
			<type>rectangle</type>
			<description>None</description>
			<possibleresult>
				<name>Small Car</name>
			</possibleresult>
			<points>
				<point>168.281052,565.602234</point>
				<point>161.000015,569.000061</point>
				<point>153.718979,553.397888</point>
				<point>161.000015,550.000061</point>
				<point>168.281052,565.602234</point>
			</points>
		</object>
		<object>
			<coordinate>pixel</coordinate>
			<type>rectangle</type>
			<description>None</description>
			<possibleresult>
				<name>Small Car</name>
			</possibleresult>
			<points>
				<point>190.083038,518.155701</point>
				<point>181.000000,523.000000</point>
				<point>172.916962,507.844299</point>
				<point>182.000000,503.000000</point>
				<point>190.083038,518.155701</point>
			</points>
		</object>
		<object>
			<coordinate>pixel</coordinate>
			<type>rectangle</type>
			<description>None</description>
			<possibleresult>
				<name>Small Car</name>
			</possibleresult>
			<points>
				<point>272.000031,497.000031</point>
				<point>263.099640,499.373505</point>
				<point>259.000031,484.000031</point>
				<point>267.900421,481.626556</point>
				<point>272.000031,497.000031</point>
			</points>
		</object>
		<object>
			<coordinate>pixel</coordinate>
			<type>rectangle</type>
			<description>None</description>
			<possibleresult>
				<name>Van</name>
			</possibleresult>
			<points>
				<point>122.207581,9.045126</point>
				<point>120.041519,19.009026</point>
				<point>96.833939,13.963898</point>
				<point>99.000000,3.999998</point>
				<point>122.207581,9.045126</point>
			</points>
		</object>
		<object>
			<coordinate>pixel</coordinate>
			<type>rectangle</type>
			<description>None</description>
			<possibleresult>
				<name>Small Car</name>
			</possibleresult>
			<points>
				<point>670.999939,595.000000</point>
				<point>664.847107,606.280273</point>
				<point>656.999939,602.000000</point>
				<point>663.152771,590.719727</point>
				<point>670.999939,595.000000</point>
			</points>
		</object>
	</objects>
</annotation>