<?xml version="1.0" encoding="utf-8"?>
<annotation>
	<source>
		<filename>1006.tif</filename>
		<origin>GF2/GF3</origin>
	</source>
	<research>
		<version>1.0</version>
		<provider>FAIR1M</provider>
		<author>Cyber</author>
		<pluginname>FAIR1M</pluginname>
		<pluginclass>object detection</pluginclass>
		<time>2021-03</time>
	</research>
	<size>
		<width>1500</width>
		<height>1500</height>
		<depth>3</depth>
	</size>
	<objects>
		<object>
			<coordinate>pixel</coordinate>
			<type>rectangle</type>
			<description>None</description>
			<possibleresult>
				<name>Motorboat</name>
			</possibleresult>
			<points>
				<point>302.000000,362.000000</point>
				<point>295.000000,389.000000</point>
				<point>305.000000,392.000000</point>
				<point>312.000000,365.000000</point>
				<point>302.000000,362.000000</point>
			</points>
		</object>
		<object>
			<coordinate>pixel</coordinate>
			<type>rectangle</type>
			<description>None</description>
			<possibleresult>
				<name>Fishing Boat</name>
			</possibleresult>
			<points>
				<point>309.000000,581.000000</point>
				<point>281.000000,599.000000</point>
				<point>288.000000,610.000000</point>
				<point>316.000000,592.000000</point>
				<point>309.000000,581.000000</point>
			</points>
		</object>
		<object>
			<coordinate>pixel</coordinate>
			<type>rectangle</type>
			<description>None</description>
			<possibleresult>
				<name>Dry Cargo Ship</name>
			</possibleresult>
			<points>
				<point>823.000000,1422.000000</point>
				<point>791.000000,1515.000000</point>
				<point>814.000000,1523.000000</point>
				<point>846.000000,1430.000000</point>
				<point>823.000000,1422.000000</point>
			</points>
		</object>
	</objects>
</annotation>