<?xml version="1.0" encoding="utf-8"?>
<annotation>
	<source>
		<filename>1009.tif</filename>
		<origin>GF2/GF3</origin>
	</source>
	<research>
		<version>1.0</version>
		<provider>FAIR1M</provider>
		<author>Cyber</author>
		<pluginname>FAIR1M</pluginname>
		<pluginclass>object detection</pluginclass>
		<time>2021-03</time>
	</research>
	<size>
		<width>1000</width>
		<height>1000</height>
		<depth>3</depth>
	</size>
	<objects>
		<object>
			<coordinate>pixel</coordinate>
			<type>rectangle</type>
			<description>None</description>
			<possibleresult>
				<name>other-airplane</name>
			</possibleresult>
			<points>
				<point>790.000000,405.000000</point>
				<point>833.000000,378.000000</point>
				<point>813.000000,346.000000</point>
				<point>770.000000,373.000000</point>
				<point>790.000000,405.000000</point>
			</points>
		</object>
		<object>
			<coordinate>pixel</coordinate>
			<type>rectangle</type>
			<description>None</description>
			<possibleresult>
				<name>other-airplane</name>
			</possibleresult>
			<points>
				<point>615.000000,360.000000</point>
				<point>576.000000,385.000000</point>
				<point>595.000000,416.000000</point>
				<point>634.000000,391.000000</point>
				<point>615.000000,360.000000</point>
			</points>
		</object>
	</objects>
</annotation>