<?xml version="1.0" encoding="utf-8"?>
<annotation>
	<source>
		<filename>1011.tif</filename>
		<origin>GF2/GF3</origin>
	</source>
	<research>
		<version>1.0</version>
		<provider>FAIR1M</provider>
		<author>Cyber</author>
		<pluginname>FAIR1M</pluginname>
		<pluginclass>object detection</pluginclass>
		<time>2021-03</time>
	</research>
	<size>
		<width>1000</width>
		<height>1000</height>
		<depth>3</depth>
	</size>
	<objects>
		<object>
			<coordinate>pixel</coordinate>
			<type>rectangle</type>
			<description>None</description>
			<possibleresult>
				<name>Intersection</name>
			</possibleresult>
			<points>
				<point>987.000122,793.713989</point>
				<point>987.000122,747.043579</point>
				<point>1000.000000,747.043579</point>
				<point>1000.000000,793.713989</point>
				<point>987.000122,793.713989</point>
			</points>
		</object>
		<object>
			<coordinate>pixel</coordinate>
			<type>rectangle</type>
			<description>None</description>
			<possibleresult>
				<name>Intersection</name>
			</possibleresult>
			<points>
				<point>57.074104,430.250824</point>
				<point>40.999992,434.999969</point>
				<point>27.925882,390.749115</point>
				<point>43.999992,385.999969</point>
				<point>57.074104,430.250824</point>
			</points>
		</object>
		<object>
			<coordinate>pixel</coordinate>
			<type>rectangle</type>
			<description>None</description>
			<possibleresult>
				<name>other-vehicle</name>
			</possibleresult>
			<points>
				<point>107.999985,109.999992</point>
				<point>101.134811,111.584267</point>
				<point>97.999985,97.999992</point>
				<point>104.865158,96.415718</point>
				<point>107.999985,109.999992</point>
			</points>
		</object>
		<object>
			<coordinate>pixel</coordinate>
			<type>rectangle</type>
			<description>None</description>
			<possibleresult>
				<name>Van</name>
			</possibleresult>
			<points>
				<point>117.999992,109.999985</point>
				<point>109.970573,110.617630</point>
				<point>108.970573,97.617630</point>
				<point>116.999992,96.999985</point>
				<point>117.999992,109.999985</point>
			</points>
		</object>
		<object>
			<coordinate>pixel</coordinate>
			<type>rectangle</type>
			<description>None</description>
			<possibleresult>
				<name>Van</name>
			</possibleresult>
			<points>
				<point>87.000008,210.000015</point>
				<point>78.015388,211.123093</point>
				<point>76.000008,195.000015</point>
				<point>84.984627,193.876938</point>
				<point>87.000008,210.000015</point>
			</points>
		</object>
		<object>
			<coordinate>pixel</coordinate>
			<type>rectangle</type>
			<description>None</description>
			<possibleresult>
				<name>other-vehicle</name>
			</possibleresult>
			<points>
				<point>46.224617,266.043060</point>
				<point>28.224617,267.043060</point>
				<point>28.000000,262.999969</point>
				<point>46.000000,261.999969</point>
				<point>46.224617,266.043060</point>
			</points>
		</object>
		<object>
			<coordinate>pixel</coordinate>
			<type>rectangle</type>
			<description>None</description>
			<possibleresult>
				<name>Small Car</name>
			</possibleresult>
			<points>
				<point>61.999996,259.000000</point>
				<point>47.999996,260.000000</point>
				<point>47.573597,254.030457</point>
				<point>61.573597,253.030457</point>
				<point>61.999996,259.000000</point>
			</points>
		</object>
		<object>
			<coordinate>pixel</coordinate>
			<type>rectangle</type>
			<description>None</description>
			<possibleresult>
				<name>Van</name>
			</possibleresult>
			<points>
				<point>215.738495,279.907745</point>
				<point>207.738495,280.907745</point>
				<point>206.000031,267.000031</point>
				<point>214.000031,266.000031</point>
				<point>215.738495,279.907745</point>
			</points>
		</object>
		<object>
			<coordinate>pixel</coordinate>
			<type>rectangle</type>
			<description>None</description>
			<possibleresult>
				<name>Van</name>
			</possibleresult>
			<points>
				<point>260.000000,257.000000</point>
				<point>246.000000,257.000000</point>
				<point>246.000000,253.000000</point>
				<point>260.000000,253.000000</point>
				<point>260.000000,257.000000</point>
			</points>
		</object>
		<object>
			<coordinate>pixel</coordinate>
			<type>rectangle</type>
			<description>None</description>
			<possibleresult>
				<name>other-vehicle</name>
			</possibleresult>
			<points>
				<point>265.317688,252.035919</point>
				<point>246.317703,253.035919</point>
				<point>246.000015,247.000000</point>
				<point>265.000000,246.000000</point>
				<point>265.317688,252.035919</point>
			</points>
		</object>
		<object>
			<coordinate>pixel</coordinate>
			<type>rectangle</type>
			<description>None</description>
			<possibleresult>
				<name>Van</name>
			</possibleresult>
			<points>
				<point>272.000000,244.000000</point>
				<point>258.000000,244.000000</point>
				<point>258.000000,238.000000</point>
				<point>272.000000,238.000000</point>
				<point>272.000000,244.000000</point>
			</points>
		</object>
		<object>
			<coordinate>pixel</coordinate>
			<type>rectangle</type>
			<description>None</description>
			<possibleresult>
				<name>Van</name>
			</possibleresult>
			<points>
				<point>293.000000,241.000000</point>
				<point>280.000000,241.000000</point>
				<point>280.000000,237.000000</point>
				<point>293.000000,237.000000</point>
				<point>293.000000,241.000000</point>
			</points>
		</object>
		<object>
			<coordinate>pixel</coordinate>
			<type>rectangle</type>
			<description>None</description>
			<possibleresult>
				<name>Van</name>
			</possibleresult>
			<points>
				<point>263.000000,234.000000</point>
				<point>256.048279,234.579315</point>
				<point>255.000000,222.000000</point>
				<point>261.951721,221.420685</point>
				<point>263.000000,234.000000</point>
			</points>
		</object>
		<object>
			<coordinate>pixel</coordinate>
			<type>rectangle</type>
			<description>None</description>
			<possibleresult>
				<name>Van</name>
			</possibleresult>
			<points>
				<point>273.753876,233.030777</point>
				<point>265.753876,234.030777</point>
				<point>264.000031,220.000015</point>
				<point>272.000031,219.000015</point>
				<point>273.753876,233.030777</point>
			</points>
		</object>
		<object>
			<coordinate>pixel</coordinate>
			<type>rectangle</type>
			<description>None</description>
			<possibleresult>
				<name>other-vehicle</name>
			</possibleresult>
			<points>
				<point>294.000000,231.000000</point>
				<point>287.056580,232.301880</point>
				<point>284.000000,216.000000</point>
				<point>290.943420,214.698120</point>
				<point>294.000000,231.000000</point>
			</points>
		</object>
		<object>
			<coordinate>pixel</coordinate>
			<type>rectangle</type>
			<description>None</description>
			<possibleresult>
				<name>Van</name>
			</possibleresult>
			<points>
				<point>234.031052,216.527603</point>
				<point>226.000015,217.000015</point>
				<point>224.968979,199.472427</point>
				<point>233.000015,199.000015</point>
				<point>234.031052,216.527603</point>
			</points>
		</object>
		<object>
			<coordinate>pixel</coordinate>
			<type>rectangle</type>
			<description>None</description>
			<possibleresult>
				<name>Van</name>
			</possibleresult>
			<points>
				<point>220.035049,191.560318</point>
				<point>213.000015,192.000015</point>
				<point>211.964981,175.439713</point>
				<point>219.000015,175.000015</point>
				<point>220.035049,191.560318</point>
			</points>
		</object>
		<object>
			<coordinate>pixel</coordinate>
			<type>rectangle</type>
			<description>None</description>
			<possibleresult>
				<name>other-vehicle</name>
			</possibleresult>
			<points>
				<point>262.635620,200.038361</point>
				<point>243.635620,202.038361</point>
				<point>243.000000,196.000000</point>
				<point>262.000000,194.000000</point>
				<point>262.635620,200.038361</point>
			</points>
		</object>
		<object>
			<coordinate>pixel</coordinate>
			<type>rectangle</type>
			<description>None</description>
			<possibleresult>
				<name>Small Car</name>
			</possibleresult>
			<points>
				<point>259.377441,192.038925</point>
				<point>243.377457,193.038925</point>
				<point>243.000015,187.000015</point>
				<point>259.000000,186.000015</point>
				<point>259.377441,192.038925</point>
			</points>
		</object>
		<object>
			<coordinate>pixel</coordinate>
			<type>rectangle</type>
			<description>None</description>
			<possibleresult>
				<name>Small Car</name>
			</possibleresult>
			<points>
				<point>259.000000,185.000015</point>
				<point>239.999985,186.000015</point>
				<point>239.577347,177.969620</point>
				<point>258.577332,176.969620</point>
				<point>259.000000,185.000015</point>
			</points>
		</object>
		<object>
			<coordinate>pixel</coordinate>
			<type>rectangle</type>
			<description>None</description>
			<possibleresult>
				<name>Small Car</name>
			</possibleresult>
			<points>
				<point>253.382339,166.970566</point>
				<point>239.999985,167.999985</point>
				<point>239.617630,163.029404</point>
				<point>252.999985,161.999985</point>
				<point>253.382339,166.970566</point>
			</points>
		</object>
		<object>
			<coordinate>pixel</coordinate>
			<type>rectangle</type>
			<description>None</description>
			<possibleresult>
				<name>Van</name>
			</possibleresult>
			<points>
				<point>241.000000,144.000000</point>
				<point>223.000000,144.000000</point>
				<point>223.000000,137.000000</point>
				<point>241.000000,137.000000</point>
				<point>241.000000,144.000000</point>
			</points>
		</object>
		<object>
			<coordinate>pixel</coordinate>
			<type>rectangle</type>
			<description>None</description>
			<possibleresult>
				<name>Van</name>
			</possibleresult>
			<points>
				<point>240.000000,127.000000</point>
				<point>221.000000,127.000000</point>
				<point>221.000000,120.000000</point>
				<point>240.000000,120.000000</point>
				<point>240.000000,127.000000</point>
			</points>
		</object>
		<object>
			<coordinate>pixel</coordinate>
			<type>rectangle</type>
			<description>None</description>
			<possibleresult>
				<name>other-vehicle</name>
			</possibleresult>
			<points>
				<point>239.000000,119.000000</point>
				<point>226.000000,119.000000</point>
				<point>226.000000,113.000000</point>
				<point>239.000000,113.000000</point>
				<point>239.000000,119.000000</point>
			</points>
		</object>
		<object>
			<coordinate>pixel</coordinate>
			<type>rectangle</type>
			<description>None</description>
			<possibleresult>
				<name>other-vehicle</name>
			</possibleresult>
			<points>
				<point>239.000000,111.000000</point>
				<point>224.000000,111.000000</point>
				<point>224.000000,104.000000</point>
				<point>239.000000,104.000000</point>
				<point>239.000000,111.000000</point>
			</points>
		</object>
		<object>
			<coordinate>pixel</coordinate>
			<type>rectangle</type>
			<description>None</description>
			<possibleresult>
				<name>Small Car</name>
			</possibleresult>
			<points>
				<point>280.000000,119.000000</point>
				<point>263.000000,119.000000</point>
				<point>263.000000,112.000000</point>
				<point>280.000000,112.000000</point>
				<point>280.000000,119.000000</point>
			</points>
		</object>
		<object>
			<coordinate>pixel</coordinate>
			<type>rectangle</type>
			<description>None</description>
			<possibleresult>
				<name>Van</name>
			</possibleresult>
			<points>
				<point>282.000000,143.000000</point>
				<point>263.000000,143.000000</point>
				<point>263.000000,136.000000</point>
				<point>282.000000,136.000000</point>
				<point>282.000000,143.000000</point>
			</points>
		</object>
		<object>
			<coordinate>pixel</coordinate>
			<type>rectangle</type>
			<description>None</description>
			<possibleresult>
				<name>Van</name>
			</possibleresult>
			<points>
				<point>422.000000,135.000000</point>
				<point>415.000000,135.000000</point>
				<point>415.000000,120.000000</point>
				<point>422.000000,120.000000</point>
				<point>422.000000,135.000000</point>
			</points>
		</object>
		<object>
			<coordinate>pixel</coordinate>
			<type>rectangle</type>
			<description>None</description>
			<possibleresult>
				<name>Van</name>
			</possibleresult>
			<points>
				<point>432.000000,136.000000</point>
				<point>424.000000,136.000000</point>
				<point>424.000000,120.000000</point>
				<point>432.000000,120.000000</point>
				<point>432.000000,136.000000</point>
			</points>
		</object>
		<object>
			<coordinate>pixel</coordinate>
			<type>rectangle</type>
			<description>None</description>
			<possibleresult>
				<name>Small Car</name>
			</possibleresult>
			<points>
				<point>451.000000,132.000000</point>
				<point>442.000000,132.000000</point>
				<point>442.000000,117.000000</point>
				<point>451.000000,117.000000</point>
				<point>451.000000,132.000000</point>
			</points>
		</object>
		<object>
			<coordinate>pixel</coordinate>
			<type>rectangle</type>
			<description>None</description>
			<possibleresult>
				<name>Van</name>
			</possibleresult>
			<points>
				<point>460.000000,135.000000</point>
				<point>452.000000,135.000000</point>
				<point>452.000000,120.000000</point>
				<point>460.000000,120.000000</point>
				<point>460.000000,135.000000</point>
			</points>
		</object>
		<object>
			<coordinate>pixel</coordinate>
			<type>rectangle</type>
			<description>None</description>
			<possibleresult>
				<name>Van</name>
			</possibleresult>
			<points>
				<point>318.035522,9.497459</point>
				<point>311.000000,9.999998</point>
				<point>310.285736,0.000000</point>
				<point>317.357147,0.000000</point>
				<point>318.035522,9.497459</point>
			</points>
		</object>
		<object>
			<coordinate>pixel</coordinate>
			<type>rectangle</type>
			<description>None</description>
			<possibleresult>
				<name>other-vehicle</name>
			</possibleresult>
			<points>
				<point>409.000000,110.000000</point>
				<point>403.000000,110.000000</point>
				<point>403.000000,98.000000</point>
				<point>409.000000,98.000000</point>
				<point>409.000000,110.000000</point>
			</points>
		</object>
		<object>
			<coordinate>pixel</coordinate>
			<type>rectangle</type>
			<description>None</description>
			<possibleresult>
				<name>other-vehicle</name>
			</possibleresult>
			<points>
				<point>486.000000,17.000000</point>
				<point>470.000000,17.000000</point>
				<point>470.000000,11.000000</point>
				<point>486.000000,11.000000</point>
				<point>486.000000,17.000000</point>
			</points>
		</object>
		<object>
			<coordinate>pixel</coordinate>
			<type>rectangle</type>
			<description>None</description>
			<possibleresult>
				<name>Small Car</name>
			</possibleresult>
			<points>
				<point>656.349121,142.017456</point>
				<point>656.000000,149.000000</point>
				<point>635.650879,147.982544</point>
				<point>636.000000,141.000000</point>
				<point>656.349121,142.017456</point>
			</points>
		</object>
		<object>
			<coordinate>pixel</coordinate>
			<type>rectangle</type>
			<description>None</description>
			<possibleresult>
				<name>Van</name>
			</possibleresult>
			<points>
				<point>118.008743,514.065552</point>
				<point>111.000015,515.000000</point>
				<point>108.991287,499.934540</point>
				<point>116.000015,499.000061</point>
				<point>118.008743,514.065552</point>
			</points>
		</object>
		<object>
			<coordinate>pixel</coordinate>
			<type>rectangle</type>
			<description>None</description>
			<possibleresult>
				<name>other-vehicle</name>
			</possibleresult>
			<points>
				<point>63.661537,560.092285</point>
				<point>52.661537,563.092285</point>
				<point>51.000000,557.000000</point>
				<point>62.000000,554.000000</point>
				<point>63.661537,560.092285</point>
			</points>
		</object>
		<object>
			<coordinate>pixel</coordinate>
			<type>rectangle</type>
			<description>None</description>
			<possibleresult>
				<name>other-vehicle</name>
			</possibleresult>
			<points>
				<point>69.000000,595.000000</point>
				<point>58.000000,595.000000</point>
				<point>58.000000,591.000000</point>
				<point>69.000000,591.000000</point>
				<point>69.000000,595.000000</point>
			</points>
		</object>
		<object>
			<coordinate>pixel</coordinate>
			<type>rectangle</type>
			<description>None</description>
			<possibleresult>
				<name>other-vehicle</name>
			</possibleresult>
			<points>
				<point>70.000000,603.000000</point>
				<point>61.000000,603.000000</point>
				<point>61.000000,599.000000</point>
				<point>70.000000,599.000000</point>
				<point>70.000000,603.000000</point>
			</points>
		</object>
		<object>
			<coordinate>pixel</coordinate>
			<type>rectangle</type>
			<description>None</description>
			<possibleresult>
				<name>Small Car</name>
			</possibleresult>
			<points>
				<point>166.999985,923.999939</point>
				<point>160.041153,924.535217</point>
				<point>158.999985,910.999939</point>
				<point>165.958817,910.464661</point>
				<point>166.999985,923.999939</point>
			</points>
		</object>
		<object>
			<coordinate>pixel</coordinate>
			<type>rectangle</type>
			<description>None</description>
			<possibleresult>
				<name>other-vehicle</name>
			</possibleresult>
			<points>
				<point>34.035019,924.560303</point>
				<point>26.999998,925.000000</point>
				<point>25.999998,909.000000</point>
				<point>33.035019,908.560303</point>
				<point>34.035019,924.560303</point>
			</points>
		</object>
		<object>
			<coordinate>pixel</coordinate>
			<type>rectangle</type>
			<description>None</description>
			<possibleresult>
				<name>Van</name>
			</possibleresult>
			<points>
				<point>53.000004,925.000122</point>
				<point>47.020695,925.351807</point>
				<point>46.000004,908.000122</point>
				<point>51.979313,907.648438</point>
				<point>53.000004,925.000122</point>
			</points>
		</object>
		<object>
			<coordinate>pixel</coordinate>
			<type>rectangle</type>
			<description>None</description>
			<possibleresult>
				<name>Small Car</name>
			</possibleresult>
			<points>
				<point>65.006836,924.058044</point>
				<point>57.000004,925.000061</point>
				<point>54.993176,907.942078</point>
				<point>63.000004,907.000061</point>
				<point>65.006836,924.058044</point>
			</points>
		</object>
		<object>
			<coordinate>pixel</coordinate>
			<type>rectangle</type>
			<description>None</description>
			<possibleresult>
				<name>Van</name>
			</possibleresult>
			<points>
				<point>18.000000,963.000000</point>
				<point>10.000000,963.000000</point>
				<point>10.000000,949.000000</point>
				<point>18.000000,949.000000</point>
				<point>18.000000,963.000000</point>
			</points>
		</object>
		<object>
			<coordinate>pixel</coordinate>
			<type>rectangle</type>
			<description>None</description>
			<possibleresult>
				<name>Small Car</name>
			</possibleresult>
			<points>
				<point>38.000000,960.000061</point>
				<point>30.000000,961.000061</point>
				<point>27.984617,944.877014</point>
				<point>35.984619,943.877014</point>
				<point>38.000000,960.000061</point>
			</points>
		</object>
		<object>
			<coordinate>pixel</coordinate>
			<type>rectangle</type>
			<description>None</description>
			<possibleresult>
				<name>Small Car</name>
			</possibleresult>
			<points>
				<point>611.000061,869.000061</point>
				<point>589.382385,870.029480</point>
				<point>589.000061,862.000061</point>
				<point>610.617737,860.970642</point>
				<point>611.000061,869.000061</point>
			</points>
		</object>
		<object>
			<coordinate>pixel</coordinate>
			<type>rectangle</type>
			<description>None</description>
			<possibleresult>
				<name>Cargo Truck</name>
			</possibleresult>
			<points>
				<point>610.000122,925.000122</point>
				<point>590.508301,933.207153</point>
				<point>586.687134,924.131836</point>
				<point>606.178955,915.924805</point>
				<point>610.000122,925.000122</point>
			</points>
		</object>
		<object>
			<coordinate>pixel</coordinate>
			<type>rectangle</type>
			<description>None</description>
			<possibleresult>
				<name>Cargo Truck</name>
			</possibleresult>
			<points>
				<point>681.076294,899.974060</point>
				<point>634.000000,916.000061</point>
				<point>629.923706,904.026062</point>
				<point>677.000000,888.000061</point>
				<point>681.076294,899.974060</point>
			</points>
		</object>
		<object>
			<coordinate>pixel</coordinate>
			<type>rectangle</type>
			<description>None</description>
			<possibleresult>
				<name>Cargo Truck</name>
			</possibleresult>
			<points>
				<point>755.321167,872.883118</point>
				<point>709.233521,889.642273</point>
				<point>704.912354,877.759094</point>
				<point>751.000000,860.999939</point>
				<point>755.321167,872.883118</point>
			</points>
		</object>
		<object>
			<coordinate>pixel</coordinate>
			<type>rectangle</type>
			<description>None</description>
			<possibleresult>
				<name>Van</name>
			</possibleresult>
			<points>
				<point>750.268127,860.896973</point>
				<point>737.000061,866.000122</point>
				<point>734.731995,860.103271</point>
				<point>748.000061,855.000122</point>
				<point>750.268127,860.896973</point>
			</points>
		</object>
		<object>
			<coordinate>pixel</coordinate>
			<type>rectangle</type>
			<description>None</description>
			<possibleresult>
				<name>Van</name>
			</possibleresult>
			<points>
				<point>784.000061,861.000000</point>
				<point>769.638000,867.155151</point>
				<point>767.000061,861.000000</point>
				<point>781.362122,854.844849</point>
				<point>784.000061,861.000000</point>
			</points>
		</object>
		<object>
			<coordinate>pixel</coordinate>
			<type>rectangle</type>
			<description>None</description>
			<possibleresult>
				<name>Dump Truck</name>
			</possibleresult>
			<points>
				<point>821.402100,847.845337</point>
				<point>795.000000,858.000000</point>
				<point>791.597900,849.154663</point>
				<point>818.000000,839.000000</point>
				<point>821.402100,847.845337</point>
			</points>
		</object>
		<object>
			<coordinate>pixel</coordinate>
			<type>rectangle</type>
			<description>None</description>
			<possibleresult>
				<name>Van</name>
			</possibleresult>
			<points>
				<point>793.529236,847.166260</point>
				<point>776.529236,853.166260</point>
				<point>774.000061,846.000122</point>
				<point>791.000061,840.000122</point>
				<point>793.529236,847.166260</point>
			</points>
		</object>
		<object>
			<coordinate>pixel</coordinate>
			<type>rectangle</type>
			<description>None</description>
			<possibleresult>
				<name>other-vehicle</name>
			</possibleresult>
			<points>
				<point>815.000122,839.000061</point>
				<point>799.811401,843.339661</point>
				<point>797.811401,836.339661</point>
				<point>813.000122,832.000061</point>
				<point>815.000122,839.000061</point>
			</points>
		</object>
		<object>
			<coordinate>pixel</coordinate>
			<type>rectangle</type>
			<description>None</description>
			<possibleresult>
				<name>other-vehicle</name>
			</possibleresult>
			<points>
				<point>856.000061,835.000000</point>
				<point>837.400085,841.199951</point>
				<point>835.000061,834.000000</point>
				<point>853.600037,827.800049</point>
				<point>856.000061,835.000000</point>
			</points>
		</object>
		<object>
			<coordinate>pixel</coordinate>
			<type>rectangle</type>
			<description>None</description>
			<possibleresult>
				<name>other-vehicle</name>
			</possibleresult>
			<points>
				<point>849.284729,825.911072</point>
				<point>833.000061,831.000061</point>
				<point>830.829285,824.053406</point>
				<point>847.113953,818.964417</point>
				<point>849.284729,825.911072</point>
			</points>
		</object>
		<object>
			<coordinate>pixel</coordinate>
			<type>rectangle</type>
			<description>None</description>
			<possibleresult>
				<name>Small Car</name>
			</possibleresult>
			<points>
				<point>875.627319,814.755981</point>
				<point>857.000000,822.000000</point>
				<point>854.372681,815.244019</point>
				<point>873.000000,808.000000</point>
				<point>875.627319,814.755981</point>
			</points>
		</object>
		<object>
			<coordinate>pixel</coordinate>
			<type>rectangle</type>
			<description>None</description>
			<possibleresult>
				<name>Van</name>
			</possibleresult>
			<points>
				<point>877.873352,827.045349</point>
				<point>863.873352,832.045349</point>
				<point>861.000061,824.000061</point>
				<point>875.000061,819.000061</point>
				<point>877.873352,827.045349</point>
			</points>
		</object>
		<object>
			<coordinate>pixel</coordinate>
			<type>rectangle</type>
			<description>None</description>
			<possibleresult>
				<name>other-vehicle</name>
			</possibleresult>
			<points>
				<point>906.000000,817.000122</point>
				<point>888.843018,823.055542</point>
				<point>886.000000,815.000122</point>
				<point>903.156982,808.944702</point>
				<point>906.000000,817.000122</point>
			</points>
		</object>
		<object>
			<coordinate>pixel</coordinate>
			<type>rectangle</type>
			<description>None</description>
			<possibleresult>
				<name>other-vehicle</name>
			</possibleresult>
			<points>
				<point>901.000122,807.000122</point>
				<point>883.843140,813.055542</point>
				<point>881.000122,805.000122</point>
				<point>898.157104,798.944702</point>
				<point>901.000122,807.000122</point>
			</points>
		</object>
		<object>
			<coordinate>pixel</coordinate>
			<type>rectangle</type>
			<description>None</description>
			<possibleresult>
				<name>Dump Truck</name>
			</possibleresult>
			<points>
				<point>933.000000,793.000000</point>
				<point>913.629272,800.136597</point>
				<point>911.000000,793.000000</point>
				<point>930.370728,785.863403</point>
				<point>933.000000,793.000000</point>
			</points>
		</object>
		<object>
			<coordinate>pixel</coordinate>
			<type>rectangle</type>
			<description>None</description>
			<possibleresult>
				<name>Van</name>
			</possibleresult>
			<points>
				<point>939.000000,803.000000</point>
				<point>919.629272,810.136597</point>
				<point>917.000000,803.000000</point>
				<point>936.370728,795.863403</point>
				<point>939.000000,803.000000</point>
			</points>
		</object>
		<object>
			<coordinate>pixel</coordinate>
			<type>rectangle</type>
			<description>None</description>
			<possibleresult>
				<name>Van</name>
			</possibleresult>
			<points>
				<point>958.000122,783.000061</point>
				<point>944.000122,788.000061</point>
				<point>941.760254,781.728577</point>
				<point>955.760254,776.728577</point>
				<point>958.000122,783.000061</point>
			</points>
		</object>
		<object>
			<coordinate>pixel</coordinate>
			<type>rectangle</type>
			<description>None</description>
			<possibleresult>
				<name>other-vehicle</name>
			</possibleresult>
			<points>
				<point>963.000122,792.000000</point>
				<point>948.000122,798.000000</point>
				<point>945.172485,790.931030</point>
				<point>960.172485,784.931030</point>
				<point>963.000122,792.000000</point>
			</points>
		</object>
		<object>
			<coordinate>pixel</coordinate>
			<type>rectangle</type>
			<description>None</description>
			<possibleresult>
				<name>Van</name>
			</possibleresult>
			<points>
				<point>345.000000,281.000000</point>
				<point>337.008728,282.065491</point>
				<point>335.000000,267.000000</point>
				<point>342.991272,265.934509</point>
				<point>345.000000,281.000000</point>
			</points>
		</object>
		<object>
			<coordinate>pixel</coordinate>
			<type>rectangle</type>
			<description>None</description>
			<possibleresult>
				<name>Small Car</name>
			</possibleresult>
			<points>
				<point>191.000015,614.999939</point>
				<point>172.890244,617.012146</point>
				<point>171.999985,608.999939</point>
				<point>190.109756,606.987732</point>
				<point>191.000015,614.999939</point>
			</points>
		</object>
		<object>
			<coordinate>pixel</coordinate>
			<type>rectangle</type>
			<description>None</description>
			<possibleresult>
				<name>Small Car</name>
			</possibleresult>
			<points>
				<point>258.367401,628.980652</point>
				<point>239.000000,629.999939</point>
				<point>238.632599,623.019226</point>
				<point>258.000000,621.999939</point>
				<point>258.367401,628.980652</point>
			</points>
		</object>
		<object>
			<coordinate>pixel</coordinate>
			<type>rectangle</type>
			<description>None</description>
			<possibleresult>
				<name>Van</name>
			</possibleresult>
			<points>
				<point>291.000000,607.000000</point>
				<point>273.000000,607.000000</point>
				<point>273.000000,600.000000</point>
				<point>291.000000,600.000000</point>
				<point>291.000000,607.000000</point>
			</points>
		</object>
		<object>
			<coordinate>pixel</coordinate>
			<type>rectangle</type>
			<description>None</description>
			<possibleresult>
				<name>other-vehicle</name>
			</possibleresult>
			<points>
				<point>299.000000,630.000061</point>
				<point>281.000000,633.000061</point>
				<point>279.837830,626.027039</point>
				<point>297.837830,623.027039</point>
				<point>299.000000,630.000061</point>
			</points>
		</object>
		<object>
			<coordinate>pixel</coordinate>
			<type>rectangle</type>
			<description>None</description>
			<possibleresult>
				<name>Small Car</name>
			</possibleresult>
			<points>
				<point>309.000000,663.000000</point>
				<point>289.739746,665.027344</point>
				<point>289.000000,658.000000</point>
				<point>308.260254,655.972656</point>
				<point>309.000000,663.000000</point>
			</points>
		</object>
		<object>
			<coordinate>pixel</coordinate>
			<type>rectangle</type>
			<description>None</description>
			<possibleresult>
				<name>Van</name>
			</possibleresult>
			<points>
				<point>353.000031,642.000000</point>
				<point>330.000031,646.000000</point>
				<point>328.590851,637.897217</point>
				<point>351.590851,633.897217</point>
				<point>353.000031,642.000000</point>
			</points>
		</object>
		<object>
			<coordinate>pixel</coordinate>
			<type>rectangle</type>
			<description>None</description>
			<possibleresult>
				<name>Cargo Truck</name>
			</possibleresult>
			<points>
				<point>356.505493,649.903748</point>
				<point>335.000000,654.000061</point>
				<point>333.494507,646.096375</point>
				<point>355.000000,642.000061</point>
				<point>356.505493,649.903748</point>
			</points>
		</object>
		<object>
			<coordinate>pixel</coordinate>
			<type>rectangle</type>
			<description>None</description>
			<possibleresult>
				<name>Small Car</name>
			</possibleresult>
			<points>
				<point>223.000015,725.000061</point>
				<point>203.000015,726.000061</point>
				<point>202.648392,718.967590</point>
				<point>222.648392,717.967590</point>
				<point>223.000015,725.000061</point>
			</points>
		</object>
		<object>
			<coordinate>pixel</coordinate>
			<type>rectangle</type>
			<description>None</description>
			<possibleresult>
				<name>other-vehicle</name>
			</possibleresult>
			<points>
				<point>237.000015,774.000000</point>
				<point>216.351639,775.032471</point>
				<point>216.000015,768.000000</point>
				<point>236.648392,766.967529</point>
				<point>237.000015,774.000000</point>
			</points>
		</object>
		<object>
			<coordinate>pixel</coordinate>
			<type>rectangle</type>
			<description>None</description>
			<possibleresult>
				<name>Van</name>
			</possibleresult>
			<points>
				<point>238.000000,783.000061</point>
				<point>222.934509,785.008850</point>
				<point>222.000000,778.000061</point>
				<point>237.065491,775.991272</point>
				<point>238.000000,783.000061</point>
			</points>
		</object>
		<object>
			<coordinate>pixel</coordinate>
			<type>rectangle</type>
			<description>None</description>
			<possibleresult>
				<name>Van</name>
			</possibleresult>
			<points>
				<point>243.670746,800.036560</point>
				<point>225.670746,802.036560</point>
				<point>225.000000,795.999939</point>
				<point>243.000000,793.999939</point>
				<point>243.670746,800.036560</point>
			</points>
		</object>
		<object>
			<coordinate>pixel</coordinate>
			<type>rectangle</type>
			<description>None</description>
			<possibleresult>
				<name>Small Car</name>
			</possibleresult>
			<points>
				<point>246.048904,807.992737</point>
				<point>226.000015,811.000061</point>
				<point>224.951126,804.007385</point>
				<point>245.000015,801.000061</point>
				<point>246.048904,807.992737</point>
			</points>
		</object>
		<object>
			<coordinate>pixel</coordinate>
			<type>rectangle</type>
			<description>None</description>
			<possibleresult>
				<name>Small Car</name>
			</possibleresult>
			<points>
				<point>250.453598,823.904541</point>
				<point>231.000015,828.000000</point>
				<point>229.546432,821.095459</point>
				<point>249.000015,817.000000</point>
				<point>250.453598,823.904541</point>
			</points>
		</object>
		<object>
			<coordinate>pixel</coordinate>
			<type>rectangle</type>
			<description>None</description>
			<possibleresult>
				<name>Van</name>
			</possibleresult>
			<points>
				<point>252.000000,832.999939</point>
				<point>233.335388,834.036804</point>
				<point>233.000000,827.999939</point>
				<point>251.664612,826.963074</point>
				<point>252.000000,832.999939</point>
			</points>
		</object>
		<object>
			<coordinate>pixel</coordinate>
			<type>rectangle</type>
			<description>None</description>
			<possibleresult>
				<name>Small Car</name>
			</possibleresult>
			<points>
				<point>259.435181,859.089294</point>
				<point>240.435165,862.089294</point>
				<point>239.000015,853.000061</point>
				<point>258.000000,850.000061</point>
				<point>259.435181,859.089294</point>
			</points>
		</object>
		<object>
			<coordinate>pixel</coordinate>
			<type>rectangle</type>
			<description>None</description>
			<possibleresult>
				<name>other-vehicle</name>
			</possibleresult>
			<points>
				<point>261.000000,866.000000</point>
				<point>244.000015,868.000000</point>
				<point>243.290115,861.965820</point>
				<point>260.290100,859.965820</point>
				<point>261.000000,866.000000</point>
			</points>
		</object>
		<object>
			<coordinate>pixel</coordinate>
			<type>rectangle</type>
			<description>None</description>
			<possibleresult>
				<name>Van</name>
			</possibleresult>
			<points>
				<point>261.917053,873.877747</point>
				<point>246.917053,875.877747</point>
				<point>246.000031,869.000061</point>
				<point>261.000031,867.000061</point>
				<point>261.917053,873.877747</point>
			</points>
		</object>
		<object>
			<coordinate>pixel</coordinate>
			<type>rectangle</type>
			<description>None</description>
			<possibleresult>
				<name>Van</name>
			</possibleresult>
			<points>
				<point>317.000000,860.999878</point>
				<point>298.890259,863.012085</point>
				<point>298.000000,854.999878</point>
				<point>316.109741,852.987671</point>
				<point>317.000000,860.999878</point>
			</points>
		</object>
		<object>
			<coordinate>pixel</coordinate>
			<type>rectangle</type>
			<description>None</description>
			<possibleresult>
				<name>Van</name>
			</possibleresult>
			<points>
				<point>290.999969,834.999878</point>
				<point>277.924835,837.011475</point>
				<point>276.999969,830.999878</point>
				<point>290.075104,828.988281</point>
				<point>290.999969,834.999878</point>
			</points>
		</object>
		<object>
			<coordinate>pixel</coordinate>
			<type>rectangle</type>
			<description>None</description>
			<possibleresult>
				<name>Van</name>
			</possibleresult>
			<points>
				<point>289.000031,819.000061</point>
				<point>270.000031,823.000061</point>
				<point>268.503998,815.893982</point>
				<point>287.503998,811.893982</point>
				<point>289.000031,819.000061</point>
			</points>
		</object>
		<object>
			<coordinate>pixel</coordinate>
			<type>rectangle</type>
			<description>None</description>
			<possibleresult>
				<name>Van</name>
			</possibleresult>
			<points>
				<point>281.370178,797.033142</point>
				<point>262.370178,798.033142</point>
				<point>262.000000,790.999939</point>
				<point>281.000000,789.999939</point>
				<point>281.370178,797.033142</point>
			</points>
		</object>
		<object>
			<coordinate>pixel</coordinate>
			<type>rectangle</type>
			<description>None</description>
			<possibleresult>
				<name>other-vehicle</name>
			</possibleresult>
			<points>
				<point>264.000000,732.000061</point>
				<point>246.000000,736.000061</point>
				<point>244.635284,729.858826</point>
				<point>262.635284,725.858826</point>
				<point>264.000000,732.000061</point>
			</points>
		</object>
		<object>
			<coordinate>pixel</coordinate>
			<type>rectangle</type>
			<description>None</description>
			<possibleresult>
				<name>other-vehicle</name>
			</possibleresult>
			<points>
				<point>282.102722,709.983765</point>
				<point>263.102722,712.983765</point>
				<point>262.000000,706.000000</point>
				<point>281.000000,703.000000</point>
				<point>282.102722,709.983765</point>
			</points>
		</object>
		<object>
			<coordinate>pixel</coordinate>
			<type>rectangle</type>
			<description>None</description>
			<possibleresult>
				<name>Small Car</name>
			</possibleresult>
			<points>
				<point>287.048889,725.992737</point>
				<point>267.000000,729.000061</point>
				<point>265.951111,722.007385</point>
				<point>286.000000,719.000061</point>
				<point>287.048889,725.992737</point>
			</points>
		</object>
		<object>
			<coordinate>pixel</coordinate>
			<type>rectangle</type>
			<description>None</description>
			<possibleresult>
				<name>Van</name>
			</possibleresult>
			<points>
				<point>288.162170,733.973022</point>
				<point>270.000000,737.000000</point>
				<point>268.837830,730.026978</point>
				<point>287.000000,727.000000</point>
				<point>288.162170,733.973022</point>
			</points>
		</object>
		<object>
			<coordinate>pixel</coordinate>
			<type>rectangle</type>
			<description>None</description>
			<possibleresult>
				<name>Van</name>
			</possibleresult>
			<points>
				<point>294.000031,758.000061</point>
				<point>277.876984,760.015442</point>
				<point>277.000031,753.000061</point>
				<point>293.123077,750.984680</point>
				<point>294.000031,758.000061</point>
			</points>
		</object>
		<object>
			<coordinate>pixel</coordinate>
			<type>rectangle</type>
			<description>None</description>
			<possibleresult>
				<name>Van</name>
			</possibleresult>
			<points>
				<point>301.825928,783.020447</point>
				<point>284.825928,785.020447</point>
				<point>284.000000,777.999939</point>
				<point>301.000000,775.999939</point>
				<point>301.825928,783.020447</point>
			</points>
		</object>
		<object>
			<coordinate>pixel</coordinate>
			<type>rectangle</type>
			<description>None</description>
			<possibleresult>
				<name>other-vehicle</name>
			</possibleresult>
			<points>
				<point>313.000000,822.000061</point>
				<point>294.000000,825.000061</point>
				<point>292.921631,818.170349</point>
				<point>311.921631,815.170349</point>
				<point>313.000000,822.000061</point>
			</points>
		</object>
		<object>
			<coordinate>pixel</coordinate>
			<type>rectangle</type>
			<description>None</description>
			<possibleresult>
				<name>Small Car</name>
			</possibleresult>
			<points>
				<point>315.162170,829.973083</point>
				<point>297.162170,832.973083</point>
				<point>296.000000,826.000061</point>
				<point>314.000000,823.000061</point>
				<point>315.162170,829.973083</point>
			</points>
		</object>
		<object>
			<coordinate>pixel</coordinate>
			<type>rectangle</type>
			<description>None</description>
			<possibleresult>
				<name>other-vehicle</name>
			</possibleresult>
			<points>
				<point>314.738495,838.907837</point>
				<point>298.000031,841.000122</point>
				<point>297.261566,835.092407</point>
				<point>314.000031,833.000122</point>
				<point>314.738495,838.907837</point>
			</points>
		</object>
		<object>
			<coordinate>pixel</coordinate>
			<type>rectangle</type>
			<description>None</description>
			<possibleresult>
				<name>Small Car</name>
			</possibleresult>
			<points>
				<point>351.000000,821.999939</point>
				<point>333.000000,825.999939</point>
				<point>331.423523,818.905823</point>
				<point>349.423523,814.905823</point>
				<point>351.000000,821.999939</point>
			</points>
		</object>
		<object>
			<coordinate>pixel</coordinate>
			<type>rectangle</type>
			<description>None</description>
			<possibleresult>
				<name>Van</name>
			</possibleresult>
			<points>
				<point>350.739746,815.027344</point>
				<point>331.739746,817.027344</point>
				<point>331.000000,810.000000</point>
				<point>350.000000,808.000000</point>
				<point>350.739746,815.027344</point>
			</points>
		</object>
		<object>
			<coordinate>pixel</coordinate>
			<type>rectangle</type>
			<description>None</description>
			<possibleresult>
				<name>other-vehicle</name>
			</possibleresult>
			<points>
				<point>346.999969,805.999878</point>
				<point>330.899994,808.299927</point>
				<point>329.899994,801.299927</point>
				<point>345.999969,798.999878</point>
				<point>346.999969,805.999878</point>
			</points>
		</object>
		<object>
			<coordinate>pixel</coordinate>
			<type>rectangle</type>
			<description>None</description>
			<possibleresult>
				<name>Small Car</name>
			</possibleresult>
			<points>
				<point>346.655182,797.862122</point>
				<point>327.655182,801.862122</point>
				<point>326.000031,794.000061</point>
				<point>345.000031,790.000061</point>
				<point>346.655182,797.862122</point>
			</points>
		</object>
		<object>
			<coordinate>pixel</coordinate>
			<type>rectangle</type>
			<description>None</description>
			<possibleresult>
				<name>Van</name>
			</possibleresult>
			<points>
				<point>343.048889,788.992737</point>
				<point>323.000000,792.000061</point>
				<point>321.951111,785.007385</point>
				<point>342.000000,782.000061</point>
				<point>343.048889,788.992737</point>
			</points>
		</object>
		<object>
			<coordinate>pixel</coordinate>
			<type>rectangle</type>
			<description>None</description>
			<possibleresult>
				<name>other-vehicle</name>
			</possibleresult>
			<points>
				<point>341.154083,781.975708</point>
				<point>322.000031,785.000000</point>
				<point>320.897308,778.016235</point>
				<point>340.051361,774.991943</point>
				<point>341.154083,781.975708</point>
			</points>
		</object>
		<object>
			<coordinate>pixel</coordinate>
			<type>rectangle</type>
			<description>None</description>
			<possibleresult>
				<name>other-vehicle</name>
			</possibleresult>
			<points>
				<point>337.000000,772.999878</point>
				<point>321.880005,775.159912</point>
				<point>320.880005,768.159912</point>
				<point>336.000000,765.999878</point>
				<point>337.000000,772.999878</point>
			</points>
		</object>
		<object>
			<coordinate>pixel</coordinate>
			<type>rectangle</type>
			<description>None</description>
			<possibleresult>
				<name>Van</name>
			</possibleresult>
			<points>
				<point>335.000000,754.000061</point>
				<point>315.000000,758.000061</point>
				<point>313.230774,749.153870</point>
				<point>333.230774,745.153870</point>
				<point>335.000000,754.000061</point>
			</points>
		</object>
		<object>
			<coordinate>pixel</coordinate>
			<type>rectangle</type>
			<description>None</description>
			<possibleresult>
				<name>Van</name>
			</possibleresult>
			<points>
				<point>331.000000,745.999939</point>
				<point>312.000000,747.999939</point>
				<point>311.364380,741.961609</point>
				<point>330.364380,739.961609</point>
				<point>331.000000,745.999939</point>
			</points>
		</object>
		<object>
			<coordinate>pixel</coordinate>
			<type>rectangle</type>
			<description>None</description>
			<possibleresult>
				<name>other-vehicle</name>
			</possibleresult>
			<points>
				<point>325.000000,739.000061</point>
				<point>313.000000,740.000061</point>
				<point>312.496582,733.958679</point>
				<point>324.496582,732.958679</point>
				<point>325.000000,739.000061</point>
			</points>
		</object>
		<object>
			<coordinate>pixel</coordinate>
			<type>rectangle</type>
			<description>None</description>
			<possibleresult>
				<name>Van</name>
			</possibleresult>
			<points>
				<point>326.999969,730.000061</point>
				<point>308.999969,732.000061</point>
				<point>308.329254,725.963440</point>
				<point>326.329254,723.963440</point>
				<point>326.999969,730.000061</point>
			</points>
		</object>
		<object>
			<coordinate>pixel</coordinate>
			<type>rectangle</type>
			<description>None</description>
			<possibleresult>
				<name>other-vehicle</name>
			</possibleresult>
			<points>
				<point>321.705872,712.823486</point>
				<point>305.000000,717.000000</point>
				<point>303.294128,710.176514</point>
				<point>320.000000,706.000000</point>
				<point>321.705872,712.823486</point>
			</points>
		</object>
		<object>
			<coordinate>pixel</coordinate>
			<type>rectangle</type>
			<description>None</description>
			<possibleresult>
				<name>Van</name>
			</possibleresult>
			<points>
				<point>433.000000,877.000000</point>
				<point>418.000000,877.000000</point>
				<point>418.000000,870.000000</point>
				<point>433.000000,870.000000</point>
				<point>433.000000,877.000000</point>
			</points>
		</object>
		<object>
			<coordinate>pixel</coordinate>
			<type>rectangle</type>
			<description>None</description>
			<possibleresult>
				<name>other-vehicle</name>
			</possibleresult>
			<points>
				<point>545.382202,844.970520</point>
				<point>531.999878,845.999939</point>
				<point>531.617554,841.029358</point>
				<point>544.999878,839.999939</point>
				<point>545.382202,844.970520</point>
			</points>
		</object>
		<object>
			<coordinate>pixel</coordinate>
			<type>rectangle</type>
			<description>None</description>
			<possibleresult>
				<name>other-vehicle</name>
			</possibleresult>
			<points>
				<point>814.402344,802.834229</point>
				<point>797.000000,809.999878</point>
				<point>794.597656,804.165527</point>
				<point>812.000000,796.999878</point>
				<point>814.402344,802.834229</point>
			</points>
		</object>
		<object>
			<coordinate>pixel</coordinate>
			<type>rectangle</type>
			<description>None</description>
			<possibleresult>
				<name>Van</name>
			</possibleresult>
			<points>
				<point>998.899231,674.429565</point>
				<point>995.899231,657.429565</point>
				<point>999.999939,656.705933</point>
				<point>1002.999939,673.705933</point>
				<point>998.899231,674.429565</point>
			</points>
		</object>
		<object>
			<coordinate>pixel</coordinate>
			<type>rectangle</type>
			<description>None</description>
			<possibleresult>
				<name>Small Car</name>
			</possibleresult>
			<points>
				<point>986.000122,650.000000</point>
				<point>981.320068,656.239990</point>
				<point>965.320068,644.239990</point>
				<point>970.000122,638.000000</point>
				<point>986.000122,650.000000</point>
			</points>
		</object>
		<object>
			<coordinate>pixel</coordinate>
			<type>rectangle</type>
			<description>None</description>
			<possibleresult>
				<name>other-vehicle</name>
			</possibleresult>
			<points>
				<point>944.052551,635.977112</point>
				<point>928.000061,643.000061</point>
				<point>924.947571,636.023010</point>
				<point>941.000061,629.000061</point>
				<point>944.052551,635.977112</point>
			</points>
		</object>
		<object>
			<coordinate>pixel</coordinate>
			<type>rectangle</type>
			<description>None</description>
			<possibleresult>
				<name>Van</name>
			</possibleresult>
			<points>
				<point>880.000122,628.000061</point>
				<point>873.158447,630.443542</point>
				<point>868.000122,616.000061</point>
				<point>874.841797,613.556580</point>
				<point>880.000122,628.000061</point>
			</points>
		</object>
		<object>
			<coordinate>pixel</coordinate>
			<type>rectangle</type>
			<description>None</description>
			<possibleresult>
				<name>Van</name>
			</possibleresult>
			<points>
				<point>652.390076,517.908203</point>
				<point>634.999939,522.000000</point>
				<point>633.609802,516.091797</point>
				<point>650.999939,512.000000</point>
				<point>652.390076,517.908203</point>
			</points>
		</object>
		<object>
			<coordinate>pixel</coordinate>
			<type>rectangle</type>
			<description>None</description>
			<possibleresult>
				<name>Van</name>
			</possibleresult>
			<points>
				<point>625.076904,523.384644</point>
				<point>607.000000,527.000000</point>
				<point>606.000000,522.000000</point>
				<point>624.076904,518.384644</point>
				<point>625.076904,523.384644</point>
			</points>
		</object>
		<object>
			<coordinate>pixel</coordinate>
			<type>rectangle</type>
			<description>None</description>
			<possibleresult>
				<name>Van</name>
			</possibleresult>
			<points>
				<point>596.024353,528.780457</point>
				<point>582.024353,531.780457</point>
				<point>580.999939,526.999939</point>
				<point>594.999939,523.999939</point>
				<point>596.024353,528.780457</point>
			</points>
		</object>
		<object>
			<coordinate>pixel</coordinate>
			<type>rectangle</type>
			<description>None</description>
			<possibleresult>
				<name>Van</name>
			</possibleresult>
			<points>
				<point>573.068176,532.985291</point>
				<point>558.999939,535.999939</point>
				<point>557.931702,531.014587</point>
				<point>571.999939,527.999939</point>
				<point>573.068176,532.985291</point>
			</points>
		</object>
		<object>
			<coordinate>pixel</coordinate>
			<type>rectangle</type>
			<description>None</description>
			<possibleresult>
				<name>other-vehicle</name>
			</possibleresult>
			<points>
				<point>551.000061,543.999939</point>
				<point>541.894226,546.023499</point>
				<point>541.000061,541.999939</point>
				<point>550.105896,539.976379</point>
				<point>551.000061,543.999939</point>
			</points>
		</object>
		<object>
			<coordinate>pixel</coordinate>
			<type>rectangle</type>
			<description>None</description>
			<possibleresult>
				<name>Small Car</name>
			</possibleresult>
			<points>
				<point>520.000000,549.999939</point>
				<point>512.931030,552.827576</point>
				<point>510.931030,547.827576</point>
				<point>518.000000,544.999939</point>
				<point>520.000000,549.999939</point>
			</points>
		</object>
		<object>
			<coordinate>pixel</coordinate>
			<type>rectangle</type>
			<description>None</description>
			<possibleresult>
				<name>Small Car</name>
			</possibleresult>
			<points>
				<point>513.124512,562.664185</point>
				<point>506.000000,564.000000</point>
				<point>503.000000,548.000000</point>
				<point>510.124512,546.664185</point>
				<point>513.124512,562.664185</point>
			</points>
		</object>
		<object>
			<coordinate>pixel</coordinate>
			<type>rectangle</type>
			<description>None</description>
			<possibleresult>
				<name>Van</name>
			</possibleresult>
			<points>
				<point>502.115387,563.576843</point>
				<point>495.000031,564.999939</point>
				<point>491.884674,549.423035</point>
				<point>499.000031,547.999939</point>
				<point>502.115387,563.576843</point>
			</points>
		</object>
		<object>
			<coordinate>pixel</coordinate>
			<type>rectangle</type>
			<description>None</description>
			<possibleresult>
				<name>Small Car</name>
			</possibleresult>
			<points>
				<point>492.124512,565.664062</point>
				<point>485.000000,566.999878</point>
				<point>481.875488,550.335693</point>
				<point>489.000000,548.999878</point>
				<point>492.124512,565.664062</point>
			</points>
		</object>
		<object>
			<coordinate>pixel</coordinate>
			<type>rectangle</type>
			<description>None</description>
			<possibleresult>
				<name>other-vehicle</name>
			</possibleresult>
			<points>
				<point>484.235291,567.941162</point>
				<point>476.235291,569.941162</point>
				<point>472.000000,553.000000</point>
				<point>480.000000,551.000000</point>
				<point>484.235291,567.941162</point>
			</points>
		</object>
		<object>
			<coordinate>pixel</coordinate>
			<type>rectangle</type>
			<description>None</description>
			<possibleresult>
				<name>Small Car</name>
			</possibleresult>
			<points>
				<point>473.076935,568.384705</point>
				<point>465.000031,570.000061</point>
				<point>461.923126,554.615417</point>
				<point>470.000031,553.000061</point>
				<point>473.076935,568.384705</point>
			</points>
		</object>
		<object>
			<coordinate>pixel</coordinate>
			<type>rectangle</type>
			<description>None</description>
			<possibleresult>
				<name>Small Car</name>
			</possibleresult>
			<points>
				<point>464.000000,572.000061</point>
				<point>455.249207,574.059021</point>
				<point>451.249207,557.059021</point>
				<point>460.000000,555.000061</point>
				<point>464.000000,572.000061</point>
			</points>
		</object>
		<object>
			<coordinate>pixel</coordinate>
			<type>rectangle</type>
			<description>None</description>
			<possibleresult>
				<name>other-vehicle</name>
			</possibleresult>
			<points>
				<point>441.000000,573.000000</point>
				<point>432.000000,575.000000</point>
				<point>429.741150,564.835327</point>
				<point>438.741150,562.835327</point>
				<point>441.000000,573.000000</point>
			</points>
		</object>
		<object>
			<coordinate>pixel</coordinate>
			<type>rectangle</type>
			<description>None</description>
			<possibleresult>
				<name>Tractor</name>
			</possibleresult>
			<points>
				<point>854.376221,873.237671</point>
				<point>833.376221,881.237671</point>
				<point>831.000000,875.000000</point>
				<point>852.000000,867.000000</point>
				<point>854.376221,873.237671</point>
			</points>
		</object>
		<object>
			<coordinate>pixel</coordinate>
			<type>rectangle</type>
			<description>None</description>
			<possibleresult>
				<name>Bus</name>
			</possibleresult>
			<points>
				<point>993.797913,858.119568</point>
				<point>971.797913,871.119568</point>
				<point>967.000061,863.000061</point>
				<point>989.000061,850.000061</point>
				<point>993.797913,858.119568</point>
			</points>
		</object>
		<object>
			<coordinate>pixel</coordinate>
			<type>rectangle</type>
			<description>None</description>
			<possibleresult>
				<name>Small Car</name>
			</possibleresult>
			<points>
				<point>1000.000000,881.789490</point>
				<point>984.580078,880.977905</point>
				<point>985.000000,873.000000</point>
				<point>1000.000000,873.789490</point>
				<point>1000.000000,881.789490</point>
			</points>
		</object>
		<object>
			<coordinate>pixel</coordinate>
			<type>rectangle</type>
			<description>None</description>
			<possibleresult>
				<name>Small Car</name>
			</possibleresult>
			<points>
				<point>943.000000,971.000000</point>
				<point>935.000000,971.000000</point>
				<point>935.000000,956.000000</point>
				<point>943.000000,956.000000</point>
				<point>943.000000,971.000000</point>
			</points>
		</object>
	</objects>
</annotation>