<?xml version="1.0" encoding="utf-8"?>
<annotation>
	<source>
		<filename>1014.tif</filename>
		<origin>GF2/GF3</origin>
	</source>
	<research>
		<version>1.0</version>
		<provider>FAIR1M</provider>
		<author>Cyber</author>
		<pluginname>FAIR1M</pluginname>
		<pluginclass>object detection</pluginclass>
		<time>2021-03</time>
	</research>
	<size>
		<width>1500</width>
		<height>1500</height>
		<depth>3</depth>
	</size>
	<objects>
		<object>
			<coordinate>pixel</coordinate>
			<type>rectangle</type>
			<description>None</description>
			<possibleresult>
				<name>Motorboat</name>
			</possibleresult>
			<points>
				<point>849.000000,1237.000000</point>
				<point>919.000000,1237.000000</point>
				<point>919.000000,1222.000000</point>
				<point>849.000000,1222.000000</point>
				<point>849.000000,1237.000000</point>
			</points>
		</object>
		<object>
			<coordinate>pixel</coordinate>
			<type>rectangle</type>
			<description>None</description>
			<possibleresult>
				<name>Motorboat</name>
			</possibleresult>
			<points>
				<point>673.000000,1003.000000</point>
				<point>698.000000,996.000000</point>
				<point>696.000000,988.000000</point>
				<point>670.000000,995.000000</point>
				<point>673.000000,1003.000000</point>
			</points>
		</object>
	</objects>
</annotation>