<?xml version="1.0" encoding="utf-8"?>
<annotation>
	<source>
		<filename>1017.tif</filename>
		<origin>GF2/GF3</origin>
	</source>
	<research>
		<version>1.0</version>
		<provider>FAIR1M</provider>
		<author>Cyber</author>
		<pluginname>FAIR1M</pluginname>
		<pluginclass>object detection</pluginclass>
		<time>2021-03</time>
	</research>
	<size>
		<width>1000</width>
		<height>1000</height>
		<depth>3</depth>
	</size>
	<objects>
		<object>
			<coordinate>pixel</coordinate>
			<type>rectangle</type>
			<description>None</description>
			<possibleresult>
				<name>Boeing787</name>
			</possibleresult>
			<points>
				<point>864.000000,828.000000</point>
				<point>899.000000,889.000000</point>
				<point>963.000000,852.000000</point>
				<point>928.000000,792.000000</point>
				<point>864.000000,828.000000</point>
			</points>
		</object>
		<object>
			<coordinate>pixel</coordinate>
			<type>rectangle</type>
			<description>None</description>
			<possibleresult>
				<name>A321</name>
			</possibleresult>
			<points>
				<point>697.000000,939.000000</point>
				<point>724.000000,985.000000</point>
				<point>762.000000,963.000000</point>
				<point>735.000000,917.000000</point>
				<point>697.000000,939.000000</point>
			</points>
		</object>
		<object>
			<coordinate>pixel</coordinate>
			<type>rectangle</type>
			<description>None</description>
			<possibleresult>
				<name>A321</name>
			</possibleresult>
			<points>
				<point>375.000000,975.000000</point>
				<point>345.000000,928.000000</point>
				<point>303.000000,954.000000</point>
				<point>332.000000,1002.000000</point>
				<point>375.000000,975.000000</point>
			</points>
		</object>
		<object>
			<coordinate>pixel</coordinate>
			<type>rectangle</type>
			<description>None</description>
			<possibleresult>
				<name>A321</name>
			</possibleresult>
			<points>
				<point>418.000000,946.000000</point>
				<point>387.000000,900.000000</point>
				<point>349.000000,925.000000</point>
				<point>380.000000,971.000000</point>
				<point>418.000000,946.000000</point>
			</points>
		</object>
		<object>
			<coordinate>pixel</coordinate>
			<type>rectangle</type>
			<description>None</description>
			<possibleresult>
				<name>A220</name>
			</possibleresult>
			<points>
				<point>463.000000,918.000000</point>
				<point>436.000000,876.000000</point>
				<point>396.000000,902.000000</point>
				<point>423.000000,944.000000</point>
				<point>463.000000,918.000000</point>
			</points>
		</object>
		<object>
			<coordinate>pixel</coordinate>
			<type>rectangle</type>
			<description>None</description>
			<possibleresult>
				<name>other-airplane</name>
			</possibleresult>
			<points>
				<point>41.000000,1003.000000</point>
				<point>90.000000,991.000000</point>
				<point>79.000000,947.000000</point>
				<point>31.000000,958.000000</point>
				<point>41.000000,1003.000000</point>
			</points>
		</object>
	</objects>
</annotation>