<?xml version="1.0" encoding="utf-8"?>
<annotation>
	<source>
		<filename>1018.tif</filename>
		<origin>GF2/GF3</origin>
	</source>
	<research>
		<version>1.0</version>
		<provider>FAIR1M</provider>
		<author>Cyber</author>
		<pluginname>FAIR1M</pluginname>
		<pluginclass>object detection</pluginclass>
		<time>2021-03</time>
	</research>
	<size>
		<width>1000</width>
		<height>1000</height>
		<depth>3</depth>
	</size>
	<objects>
		<object>
			<coordinate>pixel</coordinate>
			<type>rectangle</type>
			<description>None</description>
			<possibleresult>
				<name>Small Car</name>
			</possibleresult>
			<points>
				<point>772.605835,818.771729</point>
				<point>769.000000,825.000000</point>
				<point>750.000000,814.000000</point>
				<point>753.605835,807.771729</point>
				<point>772.605835,818.771729</point>
			</points>
		</object>
		<object>
			<coordinate>pixel</coordinate>
			<type>rectangle</type>
			<description>None</description>
			<possibleresult>
				<name>Small Car</name>
			</possibleresult>
			<points>
				<point>728.539246,779.337158</point>
				<point>724.999939,785.000122</point>
				<point>708.460632,774.663086</point>
				<point>711.999939,769.000122</point>
				<point>728.539246,779.337158</point>
			</points>
		</object>
		<object>
			<coordinate>pixel</coordinate>
			<type>rectangle</type>
			<description>None</description>
			<possibleresult>
				<name>Small Car</name>
			</possibleresult>
			<points>
				<point>835.307678,828.538452</point>
				<point>830.846130,835.230713</point>
				<point>813.538391,823.692261</point>
				<point>817.999939,817.000000</point>
				<point>835.307678,828.538452</point>
			</points>
		</object>
		<object>
			<coordinate>pixel</coordinate>
			<type>rectangle</type>
			<description>None</description>
			<possibleresult>
				<name>Small Car</name>
			</possibleresult>
			<points>
				<point>839.189148,817.135132</point>
				<point>834.999939,823.000000</point>
				<point>820.810730,812.864868</point>
				<point>824.999939,807.000000</point>
				<point>839.189148,817.135132</point>
			</points>
		</object>
		<object>
			<coordinate>pixel</coordinate>
			<type>rectangle</type>
			<description>None</description>
			<possibleresult>
				<name>Small Car</name>
			</possibleresult>
			<points>
				<point>809.000000,813.999939</point>
				<point>805.082886,820.053650</point>
				<point>788.000000,808.999939</point>
				<point>791.917114,802.946228</point>
				<point>809.000000,813.999939</point>
			</points>
		</object>
		<object>
			<coordinate>pixel</coordinate>
			<type>rectangle</type>
			<description>None</description>
			<possibleresult>
				<name>Small Car</name>
			</possibleresult>
			<points>
				<point>815.000000,803.000000</point>
				<point>810.438110,809.316406</point>
				<point>792.000000,796.000000</point>
				<point>796.561890,789.683594</point>
				<point>815.000000,803.000000</point>
			</points>
		</object>
		<object>
			<coordinate>pixel</coordinate>
			<type>rectangle</type>
			<description>None</description>
			<possibleresult>
				<name>Small Car</name>
			</possibleresult>
			<points>
				<point>781.000061,798.000000</point>
				<point>776.200012,804.400024</point>
				<point>760.200012,792.400024</point>
				<point>765.000061,786.000000</point>
				<point>781.000061,798.000000</point>
			</points>
		</object>
		<object>
			<coordinate>pixel</coordinate>
			<type>rectangle</type>
			<description>None</description>
			<possibleresult>
				<name>Small Car</name>
			</possibleresult>
			<points>
				<point>782.202393,783.123535</point>
				<point>778.000122,790.000000</point>
				<point>759.797852,778.876465</point>
				<point>764.000122,772.000000</point>
				<point>782.202393,783.123535</point>
			</points>
		</object>
		<object>
			<coordinate>pixel</coordinate>
			<type>rectangle</type>
			<description>None</description>
			<possibleresult>
				<name>Small Car</name>
			</possibleresult>
			<points>
				<point>749.000061,777.000000</point>
				<point>745.349670,783.205688</point>
				<point>728.349670,773.205688</point>
				<point>732.000061,767.000000</point>
				<point>749.000061,777.000000</point>
			</points>
		</object>
		<object>
			<coordinate>pixel</coordinate>
			<type>rectangle</type>
			<description>None</description>
			<possibleresult>
				<name>Small Car</name>
			</possibleresult>
			<points>
				<point>720.269714,759.168640</point>
				<point>716.000061,766.000061</point>
				<point>699.730408,755.831482</point>
				<point>704.000061,749.000061</point>
				<point>720.269714,759.168640</point>
			</points>
		</object>
		<object>
			<coordinate>pixel</coordinate>
			<type>rectangle</type>
			<description>None</description>
			<possibleresult>
				<name>Small Car</name>
			</possibleresult>
			<points>
				<point>756.000000,767.000122</point>
				<point>751.525879,774.321411</point>
				<point>733.525879,763.321411</point>
				<point>738.000000,756.000122</point>
				<point>756.000000,767.000122</point>
			</points>
		</object>
		<object>
			<coordinate>pixel</coordinate>
			<type>rectangle</type>
			<description>None</description>
			<possibleresult>
				<name>Small Car</name>
			</possibleresult>
			<points>
				<point>730.000061,752.000000</point>
				<point>725.039368,759.027710</point>
				<point>708.000061,747.000000</point>
				<point>712.960754,739.972290</point>
				<point>730.000061,752.000000</point>
			</points>
		</object>
		<object>
			<coordinate>pixel</coordinate>
			<type>rectangle</type>
			<description>None</description>
			<possibleresult>
				<name>Small Car</name>
			</possibleresult>
			<points>
				<point>618.000000,728.000000</point>
				<point>600.807373,736.090698</point>
				<point>597.000000,728.000000</point>
				<point>614.192627,719.909302</point>
				<point>618.000000,728.000000</point>
			</points>
		</object>
		<object>
			<coordinate>pixel</coordinate>
			<type>rectangle</type>
			<description>None</description>
			<possibleresult>
				<name>Van</name>
			</possibleresult>
			<points>
				<point>686.000061,699.000061</point>
				<point>669.600037,707.200012</point>
				<point>665.000061,698.000061</point>
				<point>681.400085,689.800110</point>
				<point>686.000061,699.000061</point>
			</points>
		</object>
		<object>
			<coordinate>pixel</coordinate>
			<type>rectangle</type>
			<description>None</description>
			<possibleresult>
				<name>Van</name>
			</possibleresult>
			<points>
				<point>625.300049,699.899963</point>
				<point>601.000000,707.999939</point>
				<point>598.000000,698.999939</point>
				<point>622.300049,690.899963</point>
				<point>625.300049,699.899963</point>
			</points>
		</object>
		<object>
			<coordinate>pixel</coordinate>
			<type>rectangle</type>
			<description>None</description>
			<possibleresult>
				<name>Small Car</name>
			</possibleresult>
			<points>
				<point>682.000122,675.000000</point>
				<point>662.381836,685.325439</point>
				<point>658.000000,677.000000</point>
				<point>677.618286,666.674561</point>
				<point>682.000122,675.000000</point>
			</points>
		</object>
		<object>
			<coordinate>pixel</coordinate>
			<type>rectangle</type>
			<description>None</description>
			<possibleresult>
				<name>Van</name>
			</possibleresult>
			<points>
				<point>717.999939,656.999878</point>
				<point>701.999939,667.999878</point>
				<point>697.127258,660.912354</point>
				<point>713.127258,649.912354</point>
				<point>717.999939,656.999878</point>
			</points>
		</object>
		<object>
			<coordinate>pixel</coordinate>
			<type>rectangle</type>
			<description>None</description>
			<possibleresult>
				<name>Small Car</name>
			</possibleresult>
			<points>
				<point>62.000015,482.000031</point>
				<point>59.291107,489.110931</point>
				<point>38.000015,481.000031</point>
				<point>40.708923,473.889130</point>
				<point>62.000015,482.000031</point>
			</points>
		</object>
		<object>
			<coordinate>pixel</coordinate>
			<type>rectangle</type>
			<description>None</description>
			<possibleresult>
				<name>Small Car</name>
			</possibleresult>
			<points>
				<point>549.000000,659.000061</point>
				<point>544.449463,666.280945</point>
				<point>528.000000,656.000061</point>
				<point>532.550537,648.719177</point>
				<point>549.000000,659.000061</point>
			</points>
		</object>
		<object>
			<coordinate>pixel</coordinate>
			<type>rectangle</type>
			<description>None</description>
			<possibleresult>
				<name>Cargo Truck</name>
			</possibleresult>
			<points>
				<point>420.000000,645.000000</point>
				<point>415.138733,654.074341</point>
				<point>387.000000,639.000000</point>
				<point>391.861267,629.925659</point>
				<point>420.000000,645.000000</point>
			</points>
		</object>
		<object>
			<coordinate>pixel</coordinate>
			<type>rectangle</type>
			<description>None</description>
			<possibleresult>
				<name>Small Car</name>
			</possibleresult>
			<points>
				<point>466.000031,654.000000</point>
				<point>462.742096,660.877808</point>
				<point>443.742096,651.877808</point>
				<point>447.000031,645.000000</point>
				<point>466.000031,654.000000</point>
			</points>
		</object>
		<object>
			<coordinate>pixel</coordinate>
			<type>rectangle</type>
			<description>None</description>
			<possibleresult>
				<name>Small Car</name>
			</possibleresult>
			<points>
				<point>494.000000,665.000061</point>
				<point>490.482727,673.206970</point>
				<point>468.637878,663.844910</point>
				<point>472.155151,655.638000</point>
				<point>494.000000,665.000061</point>
			</points>
		</object>
		<object>
			<coordinate>pixel</coordinate>
			<type>rectangle</type>
			<description>None</description>
			<possibleresult>
				<name>Van</name>
			</possibleresult>
			<points>
				<point>473.000000,670.000000</point>
				<point>470.100586,677.041382</point>
				<point>453.000000,670.000000</point>
				<point>455.899414,662.958618</point>
				<point>473.000000,670.000000</point>
			</points>
		</object>
		<object>
			<coordinate>pixel</coordinate>
			<type>rectangle</type>
			<description>None</description>
			<possibleresult>
				<name>Small Car</name>
			</possibleresult>
			<points>
				<point>514.000000,677.000061</point>
				<point>511.362122,683.155212</point>
				<point>497.000031,677.000061</point>
				<point>499.637939,670.844910</point>
				<point>514.000000,677.000061</point>
			</points>
		</object>
		<object>
			<coordinate>pixel</coordinate>
			<type>rectangle</type>
			<description>None</description>
			<possibleresult>
				<name>Small Car</name>
			</possibleresult>
			<points>
				<point>503.000031,685.000061</point>
				<point>500.000031,691.000061</point>
				<point>484.000031,683.000061</point>
				<point>487.000031,677.000061</point>
				<point>503.000031,685.000061</point>
			</points>
		</object>
		<object>
			<coordinate>pixel</coordinate>
			<type>rectangle</type>
			<description>None</description>
			<possibleresult>
				<name>Van</name>
			</possibleresult>
			<points>
				<point>554.400085,754.800110</point>
				<point>538.400085,762.800110</point>
				<point>535.000061,756.000061</point>
				<point>551.000061,748.000061</point>
				<point>554.400085,754.800110</point>
			</points>
		</object>
		<object>
			<coordinate>pixel</coordinate>
			<type>rectangle</type>
			<description>None</description>
			<possibleresult>
				<name>Small Car</name>
			</possibleresult>
			<points>
				<point>544.000000,744.000000</point>
				<point>526.899414,751.041382</point>
				<point>524.000000,744.000000</point>
				<point>541.100586,736.958618</point>
				<point>544.000000,744.000000</point>
			</points>
		</object>
		<object>
			<coordinate>pixel</coordinate>
			<type>rectangle</type>
			<description>None</description>
			<possibleresult>
				<name>Small Car</name>
			</possibleresult>
			<points>
				<point>518.000061,759.000061</point>
				<point>501.600037,767.200012</point>
				<point>498.000061,760.000061</point>
				<point>514.400085,751.800110</point>
				<point>518.000061,759.000061</point>
			</points>
		</object>
		<object>
			<coordinate>pixel</coordinate>
			<type>rectangle</type>
			<description>None</description>
			<possibleresult>
				<name>Cargo Truck</name>
			</possibleresult>
			<points>
				<point>479.000061,787.000122</point>
				<point>459.000061,797.000122</point>
				<point>455.000061,789.000122</point>
				<point>475.000061,779.000122</point>
				<point>479.000061,787.000122</point>
			</points>
		</object>
		<object>
			<coordinate>pixel</coordinate>
			<type>rectangle</type>
			<description>None</description>
			<possibleresult>
				<name>Van</name>
			</possibleresult>
			<points>
				<point>454.200043,785.400085</point>
				<point>439.000031,793.000061</point>
				<point>435.600006,786.200012</point>
				<point>450.800018,778.600037</point>
				<point>454.200043,785.400085</point>
			</points>
		</object>
		<object>
			<coordinate>pixel</coordinate>
			<type>rectangle</type>
			<description>None</description>
			<possibleresult>
				<name>Cargo Truck</name>
			</possibleresult>
			<points>
				<point>378.000061,834.000183</point>
				<point>347.000061,851.000183</point>
				<point>342.471252,842.741760</point>
				<point>373.471252,825.741760</point>
				<point>378.000061,834.000183</point>
			</points>
		</object>
		<object>
			<coordinate>pixel</coordinate>
			<type>rectangle</type>
			<description>None</description>
			<possibleresult>
				<name>Small Car</name>
			</possibleresult>
			<points>
				<point>137.999985,953.000061</point>
				<point>130.075455,955.264221</point>
				<point>125.999985,941.000061</point>
				<point>133.924515,938.735901</point>
				<point>137.999985,953.000061</point>
			</points>
		</object>
		<object>
			<coordinate>pixel</coordinate>
			<type>rectangle</type>
			<description>None</description>
			<possibleresult>
				<name>Van</name>
			</possibleresult>
			<points>
				<point>113.000008,928.000122</point>
				<point>95.000008,937.000122</point>
				<point>91.000008,929.000122</point>
				<point>109.000008,920.000122</point>
				<point>113.000008,928.000122</point>
			</points>
		</object>
		<object>
			<coordinate>pixel</coordinate>
			<type>rectangle</type>
			<description>None</description>
			<possibleresult>
				<name>Van</name>
			</possibleresult>
			<points>
				<point>226.000000,835.000000</point>
				<point>218.249481,842.266113</point>
				<point>203.000000,826.000000</point>
				<point>210.750519,818.733887</point>
				<point>226.000000,835.000000</point>
			</points>
		</object>
		<object>
			<coordinate>pixel</coordinate>
			<type>rectangle</type>
			<description>None</description>
			<possibleresult>
				<name>Van</name>
			</possibleresult>
			<points>
				<point>247.000031,824.000000</point>
				<point>240.000031,830.000000</point>
				<point>228.000031,816.000000</point>
				<point>235.000031,810.000000</point>
				<point>247.000031,824.000000</point>
			</points>
		</object>
		<object>
			<coordinate>pixel</coordinate>
			<type>rectangle</type>
			<description>None</description>
			<possibleresult>
				<name>Van</name>
			</possibleresult>
			<points>
				<point>266.538452,781.307617</point>
				<point>251.538452,791.307617</point>
				<point>246.000000,782.999878</point>
				<point>261.000000,772.999878</point>
				<point>266.538452,781.307617</point>
			</points>
		</object>
		<object>
			<coordinate>pixel</coordinate>
			<type>rectangle</type>
			<description>None</description>
			<possibleresult>
				<name>Small Car</name>
			</possibleresult>
			<points>
				<point>558.000000,485.000000</point>
				<point>550.244751,491.301147</point>
				<point>537.000000,475.000000</point>
				<point>544.755249,468.698853</point>
				<point>558.000000,485.000000</point>
			</points>
		</object>
		<object>
			<coordinate>pixel</coordinate>
			<type>rectangle</type>
			<description>None</description>
			<possibleresult>
				<name>Van</name>
			</possibleresult>
			<points>
				<point>605.000000,429.000000</point>
				<point>600.141235,433.164734</point>
				<point>588.000000,419.000000</point>
				<point>592.858765,414.835266</point>
				<point>605.000000,429.000000</point>
			</points>
		</object>
		<object>
			<coordinate>pixel</coordinate>
			<type>rectangle</type>
			<description>None</description>
			<possibleresult>
				<name>Van</name>
			</possibleresult>
			<points>
				<point>620.000000,446.999939</point>
				<point>613.000000,451.999939</point>
				<point>603.000000,437.999939</point>
				<point>610.000000,432.999939</point>
				<point>620.000000,446.999939</point>
			</points>
		</object>
		<object>
			<coordinate>pixel</coordinate>
			<type>rectangle</type>
			<description>None</description>
			<possibleresult>
				<name>Van</name>
			</possibleresult>
			<points>
				<point>712.213745,484.230194</point>
				<point>706.000000,490.000031</point>
				<point>692.786255,475.769867</point>
				<point>699.000000,470.000031</point>
				<point>712.213745,484.230194</point>
			</points>
		</object>
		<object>
			<coordinate>pixel</coordinate>
			<type>rectangle</type>
			<description>None</description>
			<possibleresult>
				<name>Small Car</name>
			</possibleresult>
			<points>
				<point>896.000000,285.000031</point>
				<point>877.919067,296.049469</point>
				<point>873.000000,288.000031</point>
				<point>891.080933,276.950592</point>
				<point>896.000000,285.000031</point>
			</points>
		</object>
		<object>
			<coordinate>pixel</coordinate>
			<type>rectangle</type>
			<description>None</description>
			<possibleresult>
				<name>Small Car</name>
			</possibleresult>
			<points>
				<point>918.000000,259.999969</point>
				<point>906.919556,277.124359</point>
				<point>899.000000,271.999969</point>
				<point>910.080444,254.875580</point>
				<point>918.000000,259.999969</point>
			</points>
		</object>
		<object>
			<coordinate>pixel</coordinate>
			<type>rectangle</type>
			<description>None</description>
			<possibleresult>
				<name>Small Car</name>
			</possibleresult>
			<points>
				<point>927.081848,266.303772</point>
				<point>925.081848,283.303772</point>
				<point>913.999939,282.000000</point>
				<point>915.999939,265.000000</point>
				<point>927.081848,266.303772</point>
			</points>
		</object>
		<object>
			<coordinate>pixel</coordinate>
			<type>rectangle</type>
			<description>None</description>
			<possibleresult>
				<name>Cargo Truck</name>
			</possibleresult>
			<points>
				<point>93.000015,104.000008</point>
				<point>88.308609,116.119469</point>
				<point>57.308613,104.119469</point>
				<point>62.000015,92.000008</point>
				<point>93.000015,104.000008</point>
			</points>
		</object>
		<object>
			<coordinate>pixel</coordinate>
			<type>rectangle</type>
			<description>None</description>
			<possibleresult>
				<name>Van</name>
			</possibleresult>
			<points>
				<point>66.096512,136.037537</point>
				<point>63.000000,144.000000</point>
				<point>44.903488,136.962463</point>
				<point>48.000000,129.000000</point>
				<point>66.096512,136.037537</point>
			</points>
		</object>
		<object>
			<coordinate>pixel</coordinate>
			<type>rectangle</type>
			<description>None</description>
			<possibleresult>
				<name>Dump Truck</name>
			</possibleresult>
			<points>
				<point>183.999985,172.000015</point>
				<point>181.193924,180.067459</point>
				<point>158.193924,172.067459</point>
				<point>160.999985,164.000015</point>
				<point>183.999985,172.000015</point>
			</points>
		</object>
		<object>
			<coordinate>pixel</coordinate>
			<type>rectangle</type>
			<description>None</description>
			<possibleresult>
				<name>Van</name>
			</possibleresult>
			<points>
				<point>247.000000,199.999985</point>
				<point>243.568054,208.236679</point>
				<point>219.568054,198.236679</point>
				<point>223.000000,189.999985</point>
				<point>247.000000,199.999985</point>
			</points>
		</object>
		<object>
			<coordinate>pixel</coordinate>
			<type>rectangle</type>
			<description>None</description>
			<possibleresult>
				<name>Van</name>
			</possibleresult>
			<points>
				<point>302.000061,219.000000</point>
				<point>298.623047,227.254852</point>
				<point>276.623047,218.254852</point>
				<point>280.000061,210.000000</point>
				<point>302.000061,219.000000</point>
			</points>
		</object>
		<object>
			<coordinate>pixel</coordinate>
			<type>rectangle</type>
			<description>None</description>
			<possibleresult>
				<name>Small Car</name>
			</possibleresult>
			<points>
				<point>698.719177,645.550598</point>
				<point>690.000061,651.000061</point>
				<point>680.000061,635.000061</point>
				<point>688.719177,629.550598</point>
				<point>698.719177,645.550598</point>
			</points>
		</object>
		<object>
			<coordinate>pixel</coordinate>
			<type>rectangle</type>
			<description>None</description>
			<possibleresult>
				<name>Small Car</name>
			</possibleresult>
			<points>
				<point>828.260254,686.190796</point>
				<point>824.000122,692.000000</point>
				<point>808.739990,680.809204</point>
				<point>813.000122,675.000000</point>
				<point>828.260254,686.190796</point>
			</points>
		</object>
		<object>
			<coordinate>pixel</coordinate>
			<type>rectangle</type>
			<description>None</description>
			<possibleresult>
				<name>Van</name>
			</possibleresult>
			<points>
				<point>839.000000,679.000000</point>
				<point>833.140259,686.115479</point>
				<point>816.000000,672.000000</point>
				<point>821.859741,664.884521</point>
				<point>839.000000,679.000000</point>
			</points>
		</object>
		<object>
			<coordinate>pixel</coordinate>
			<type>rectangle</type>
			<description>None</description>
			<possibleresult>
				<name>Van</name>
			</possibleresult>
			<points>
				<point>847.260193,671.190796</point>
				<point>843.000061,677.000000</point>
				<point>827.739929,665.809204</point>
				<point>832.000061,660.000000</point>
				<point>847.260193,671.190796</point>
			</points>
		</object>
		<object>
			<coordinate>pixel</coordinate>
			<type>rectangle</type>
			<description>None</description>
			<possibleresult>
				<name>Van</name>
			</possibleresult>
			<points>
				<point>853.487854,663.390320</point>
				<point>849.000061,669.000061</point>
				<point>835.707336,658.365906</point>
				<point>840.195129,652.756165</point>
				<point>853.487854,663.390320</point>
			</points>
		</object>
		<object>
			<coordinate>pixel</coordinate>
			<type>rectangle</type>
			<description>None</description>
			<possibleresult>
				<name>Small Car</name>
			</possibleresult>
			<points>
				<point>862.671997,656.393433</point>
				<point>857.671997,662.393433</point>
				<point>843.999878,651.000000</point>
				<point>848.999878,645.000000</point>
				<point>862.671997,656.393433</point>
			</points>
		</object>
		<object>
			<coordinate>pixel</coordinate>
			<type>rectangle</type>
			<description>None</description>
			<possibleresult>
				<name>Small Car</name>
			</possibleresult>
			<points>
				<point>873.000061,650.000000</point>
				<point>868.411804,655.352905</point>
				<point>854.000061,643.000000</point>
				<point>858.588318,637.647095</point>
				<point>873.000061,650.000000</point>
			</points>
		</object>
		<object>
			<coordinate>pixel</coordinate>
			<type>rectangle</type>
			<description>None</description>
			<possibleresult>
				<name>Small Car</name>
			</possibleresult>
			<points>
				<point>881.754089,643.295105</point>
				<point>876.754089,649.295105</point>
				<point>861.999939,637.000061</point>
				<point>866.999939,631.000061</point>
				<point>881.754089,643.295105</point>
			</points>
		</object>
		<object>
			<coordinate>pixel</coordinate>
			<type>rectangle</type>
			<description>None</description>
			<possibleresult>
				<name>Van</name>
			</possibleresult>
			<points>
				<point>937.999878,600.000000</point>
				<point>924.999878,610.000000</point>
				<point>919.275024,602.557617</point>
				<point>932.275024,592.557617</point>
				<point>937.999878,600.000000</point>
			</points>
		</object>
		<object>
			<coordinate>pixel</coordinate>
			<type>rectangle</type>
			<description>None</description>
			<possibleresult>
				<name>Van</name>
			</possibleresult>
			<points>
				<point>919.248840,612.773743</point>
				<point>907.999939,622.999939</point>
				<point>902.751038,617.226135</point>
				<point>913.999939,606.999939</point>
				<point>919.248840,612.773743</point>
			</points>
		</object>
		<object>
			<coordinate>pixel</coordinate>
			<type>rectangle</type>
			<description>None</description>
			<possibleresult>
				<name>Intersection</name>
			</possibleresult>
			<points>
				<point>692.000000,720.000000</point>
				<point>659.469360,784.237671</point>
				<point>503.469360,705.237671</point>
				<point>536.000000,641.000000</point>
				<point>692.000000,720.000000</point>
			</points>
		</object>
	</objects>
</annotation>