<?xml version="1.0" encoding="utf-8"?>
<annotation>
	<source>
		<filename>1019.tif</filename>
		<origin>GF2/GF3</origin>
	</source>
	<research>
		<version>1.0</version>
		<provider>FAIR1M</provider>
		<author>Cyber</author>
		<pluginname>FAIR1M</pluginname>
		<pluginclass>object detection</pluginclass>
		<time>2021-03</time>
	</research>
	<size>
		<width>1000</width>
		<height>1000</height>
		<depth>3</depth>
	</size>
	<objects>
		<object>
			<coordinate>pixel</coordinate>
			<type>rectangle</type>
			<description>None</description>
			<possibleresult>
				<name>ARJ21</name>
			</possibleresult>
			<points>
				<point>115.000000,840.000000</point>
				<point>143.000000,805.000000</point>
				<point>114.000000,782.000000</point>
				<point>87.000000,817.000000</point>
				<point>115.000000,840.000000</point>
			</points>
		</object>
		<object>
			<coordinate>pixel</coordinate>
			<type>rectangle</type>
			<description>None</description>
			<possibleresult>
				<name>other-airplane</name>
			</possibleresult>
			<points>
				<point>43.000000,769.000000</point>
				<point>66.000000,742.000000</point>
				<point>35.000000,716.000000</point>
				<point>12.000000,743.000000</point>
				<point>43.000000,769.000000</point>
			</points>
		</object>
		<object>
			<coordinate>pixel</coordinate>
			<type>rectangle</type>
			<description>None</description>
			<possibleresult>
				<name>other-airplane</name>
			</possibleresult>
			<points>
				<point>178.000000,631.000000</point>
				<point>157.000000,656.000000</point>
				<point>188.000000,681.000000</point>
				<point>208.000000,657.000000</point>
				<point>178.000000,631.000000</point>
			</points>
		</object>
		<object>
			<coordinate>pixel</coordinate>
			<type>rectangle</type>
			<description>None</description>
			<possibleresult>
				<name>Boeing737</name>
			</possibleresult>
			<points>
				<point>486.000000,497.000000</point>
				<point>453.000000,533.000000</point>
				<point>487.000000,563.000000</point>
				<point>519.000000,527.000000</point>
				<point>486.000000,497.000000</point>
			</points>
		</object>
		<object>
			<coordinate>pixel</coordinate>
			<type>rectangle</type>
			<description>None</description>
			<possibleresult>
				<name>A321</name>
			</possibleresult>
			<points>
				<point>602.000000,19.000000</point>
				<point>565.000000,62.000000</point>
				<point>598.000000,91.000000</point>
				<point>636.000000,47.000000</point>
				<point>602.000000,19.000000</point>
			</points>
		</object>
	</objects>
</annotation>