<?xml version="1.0" encoding="utf-8"?>
<annotation>
	<source>
		<filename>1020.tif</filename>
		<origin>GF2/GF3</origin>
	</source>
	<research>
		<version>1.0</version>
		<provider>FAIR1M</provider>
		<author>Cyber</author>
		<pluginname>FAIR1M</pluginname>
		<pluginclass>object detection</pluginclass>
		<time>2021-03</time>
	</research>
	<size>
		<width>1500</width>
		<height>1500</height>
		<depth>3</depth>
	</size>
	<objects>
		<object>
			<coordinate>pixel</coordinate>
			<type>rectangle</type>
			<description>None</description>
			<possibleresult>
				<name>other-ship</name>
			</possibleresult>
			<points>
				<point>1385.000000,-3.000000</point>
				<point>1354.000000,-2.000000</point>
				<point>1354.000000,8.000000</point>
				<point>1386.000000,8.000000</point>
				<point>1385.000000,-3.000000</point>
			</points>
		</object>
		<object>
			<coordinate>pixel</coordinate>
			<type>rectangle</type>
			<description>None</description>
			<possibleresult>
				<name>other-ship</name>
			</possibleresult>
			<points>
				<point>1428.000000,0.000000</point>
				<point>1394.000000,-1.000000</point>
				<point>1394.000000,13.000000</point>
				<point>1428.000000,14.000000</point>
				<point>1428.000000,0.000000</point>
			</points>
		</object>
		<object>
			<coordinate>pixel</coordinate>
			<type>rectangle</type>
			<description>None</description>
			<possibleresult>
				<name>other-ship</name>
			</possibleresult>
			<points>
				<point>1460.000000,113.000000</point>
				<point>1413.000000,114.000000</point>
				<point>1413.000000,130.000000</point>
				<point>1460.000000,130.000000</point>
				<point>1460.000000,113.000000</point>
			</points>
		</object>
		<object>
			<coordinate>pixel</coordinate>
			<type>rectangle</type>
			<description>None</description>
			<possibleresult>
				<name>other-ship</name>
			</possibleresult>
			<points>
				<point>1396.000000,144.000000</point>
				<point>1346.000000,142.000000</point>
				<point>1346.000000,154.000000</point>
				<point>1395.000000,155.000000</point>
				<point>1396.000000,144.000000</point>
			</points>
		</object>
		<object>
			<coordinate>pixel</coordinate>
			<type>rectangle</type>
			<description>None</description>
			<possibleresult>
				<name>other-ship</name>
			</possibleresult>
			<points>
				<point>1429.000000,143.000000</point>
				<point>1408.000000,145.000000</point>
				<point>1409.000000,152.000000</point>
				<point>1429.000000,150.000000</point>
				<point>1429.000000,143.000000</point>
			</points>
		</object>
		<object>
			<coordinate>pixel</coordinate>
			<type>rectangle</type>
			<description>None</description>
			<possibleresult>
				<name>other-ship</name>
			</possibleresult>
			<points>
				<point>1454.000000,147.000000</point>
				<point>1432.000000,149.000000</point>
				<point>1433.000000,160.000000</point>
				<point>1455.000000,159.000000</point>
				<point>1454.000000,147.000000</point>
			</points>
		</object>
		<object>
			<coordinate>pixel</coordinate>
			<type>rectangle</type>
			<description>None</description>
			<possibleresult>
				<name>Fishing Boat</name>
			</possibleresult>
			<points>
				<point>1324.000000,1280.000000</point>
				<point>1342.000000,1280.000000</point>
				<point>1342.000000,1235.000000</point>
				<point>1324.000000,1235.000000</point>
				<point>1324.000000,1280.000000</point>
			</points>
		</object>
		<object>
			<coordinate>pixel</coordinate>
			<type>rectangle</type>
			<description>None</description>
			<possibleresult>
				<name>Fishing Boat</name>
			</possibleresult>
			<points>
				<point>1276.000000,1283.000000</point>
				<point>1296.000000,1283.000000</point>
				<point>1296.000000,1240.000000</point>
				<point>1276.000000,1240.000000</point>
				<point>1276.000000,1283.000000</point>
			</points>
		</object>
		<object>
			<coordinate>pixel</coordinate>
			<type>rectangle</type>
			<description>None</description>
			<possibleresult>
				<name>Fishing Boat</name>
			</possibleresult>
			<points>
				<point>1266.000000,1297.000000</point>
				<point>1266.000000,1328.000000</point>
				<point>1281.000000,1327.000000</point>
				<point>1281.000000,1297.000000</point>
				<point>1266.000000,1297.000000</point>
			</points>
		</object>
		<object>
			<coordinate>pixel</coordinate>
			<type>rectangle</type>
			<description>None</description>
			<possibleresult>
				<name>Fishing Boat</name>
			</possibleresult>
			<points>
				<point>1327.000000,1327.000000</point>
				<point>1339.000000,1327.000000</point>
				<point>1339.000000,1292.000000</point>
				<point>1327.000000,1292.000000</point>
				<point>1327.000000,1327.000000</point>
			</points>
		</object>
		<object>
			<coordinate>pixel</coordinate>
			<type>rectangle</type>
			<description>None</description>
			<possibleresult>
				<name>Fishing Boat</name>
			</possibleresult>
			<points>
				<point>1328.000000,1378.000000</point>
				<point>1340.000000,1378.000000</point>
				<point>1340.000000,1341.000000</point>
				<point>1328.000000,1341.000000</point>
				<point>1328.000000,1378.000000</point>
			</points>
		</object>
		<object>
			<coordinate>pixel</coordinate>
			<type>rectangle</type>
			<description>None</description>
			<possibleresult>
				<name>Fishing Boat</name>
			</possibleresult>
			<points>
				<point>1329.000000,1437.000000</point>
				<point>1343.000000,1437.000000</point>
				<point>1343.000000,1393.000000</point>
				<point>1329.000000,1393.000000</point>
				<point>1329.000000,1437.000000</point>
			</points>
		</object>
		<object>
			<coordinate>pixel</coordinate>
			<type>rectangle</type>
			<description>None</description>
			<possibleresult>
				<name>Fishing Boat</name>
			</possibleresult>
			<points>
				<point>1263.000000,1339.000000</point>
				<point>1264.000000,1379.000000</point>
				<point>1280.000000,1378.000000</point>
				<point>1279.000000,1339.000000</point>
				<point>1263.000000,1339.000000</point>
			</points>
		</object>
		<object>
			<coordinate>pixel</coordinate>
			<type>rectangle</type>
			<description>None</description>
			<possibleresult>
				<name>Fishing Boat</name>
			</possibleresult>
			<points>
				<point>1310.000000,1272.000000</point>
				<point>1323.000000,1272.000000</point>
				<point>1323.000000,1236.000000</point>
				<point>1310.000000,1236.000000</point>
				<point>1310.000000,1272.000000</point>
			</points>
		</object>
		<object>
			<coordinate>pixel</coordinate>
			<type>rectangle</type>
			<description>None</description>
			<possibleresult>
				<name>Fishing Boat</name>
			</possibleresult>
			<points>
				<point>1313.000000,1328.000000</point>
				<point>1325.000000,1328.000000</point>
				<point>1325.000000,1293.000000</point>
				<point>1313.000000,1293.000000</point>
				<point>1313.000000,1328.000000</point>
			</points>
		</object>
		<object>
			<coordinate>pixel</coordinate>
			<type>rectangle</type>
			<description>None</description>
			<possibleresult>
				<name>Fishing Boat</name>
			</possibleresult>
			<points>
				<point>1314.000000,1374.000000</point>
				<point>1327.000000,1374.000000</point>
				<point>1327.000000,1335.000000</point>
				<point>1314.000000,1335.000000</point>
				<point>1314.000000,1374.000000</point>
			</points>
		</object>
		<object>
			<coordinate>pixel</coordinate>
			<type>rectangle</type>
			<description>None</description>
			<possibleresult>
				<name>Fishing Boat</name>
			</possibleresult>
			<points>
				<point>1281.000000,1339.000000</point>
				<point>1281.000000,1380.000000</point>
				<point>1295.000000,1380.000000</point>
				<point>1295.000000,1339.000000</point>
				<point>1281.000000,1339.000000</point>
			</points>
		</object>
		<object>
			<coordinate>pixel</coordinate>
			<type>rectangle</type>
			<description>None</description>
			<possibleresult>
				<name>Fishing Boat</name>
			</possibleresult>
			<points>
				<point>1276.000000,1392.000000</point>
				<point>1277.000000,1432.000000</point>
				<point>1292.000000,1432.000000</point>
				<point>1292.000000,1392.000000</point>
				<point>1276.000000,1392.000000</point>
			</points>
		</object>
		<object>
			<coordinate>pixel</coordinate>
			<type>rectangle</type>
			<description>None</description>
			<possibleresult>
				<name>Fishing Boat</name>
			</possibleresult>
			<points>
				<point>1315.000000,1432.000000</point>
				<point>1327.000000,1432.000000</point>
				<point>1327.000000,1389.000000</point>
				<point>1315.000000,1389.000000</point>
				<point>1315.000000,1432.000000</point>
			</points>
		</object>
		<object>
			<coordinate>pixel</coordinate>
			<type>rectangle</type>
			<description>None</description>
			<possibleresult>
				<name>Fishing Boat</name>
			</possibleresult>
			<points>
				<point>1229.000000,1336.000000</point>
				<point>1237.000000,1336.000000</point>
				<point>1237.000000,1310.000000</point>
				<point>1229.000000,1310.000000</point>
				<point>1229.000000,1336.000000</point>
			</points>
		</object>
		<object>
			<coordinate>pixel</coordinate>
			<type>rectangle</type>
			<description>None</description>
			<possibleresult>
				<name>Fishing Boat</name>
			</possibleresult>
			<points>
				<point>1282.000000,1291.000000</point>
				<point>1282.000000,1328.000000</point>
				<point>1295.000000,1328.000000</point>
				<point>1294.000000,1290.000000</point>
				<point>1282.000000,1291.000000</point>
			</points>
		</object>
		<object>
			<coordinate>pixel</coordinate>
			<type>rectangle</type>
			<description>None</description>
			<possibleresult>
				<name>Fishing Boat</name>
			</possibleresult>
			<points>
				<point>1186.000000,1259.000000</point>
				<point>1187.000000,1283.000000</point>
				<point>1200.000000,1282.000000</point>
				<point>1199.000000,1259.000000</point>
				<point>1186.000000,1259.000000</point>
			</points>
		</object>
		<object>
			<coordinate>pixel</coordinate>
			<type>rectangle</type>
			<description>None</description>
			<possibleresult>
				<name>Fishing Boat</name>
			</possibleresult>
			<points>
				<point>1238.000000,1146.000000</point>
				<point>1239.000000,1189.000000</point>
				<point>1250.000000,1188.000000</point>
				<point>1248.000000,1145.000000</point>
				<point>1238.000000,1146.000000</point>
			</points>
		</object>
		<object>
			<coordinate>pixel</coordinate>
			<type>rectangle</type>
			<description>None</description>
			<possibleresult>
				<name>Fishing Boat</name>
			</possibleresult>
			<points>
				<point>1229.000000,1243.000000</point>
				<point>1245.000000,1243.000000</point>
				<point>1245.000000,1202.000000</point>
				<point>1229.000000,1202.000000</point>
				<point>1229.000000,1243.000000</point>
			</points>
		</object>
		<object>
			<coordinate>pixel</coordinate>
			<type>rectangle</type>
			<description>None</description>
			<possibleresult>
				<name>Fishing Boat</name>
			</possibleresult>
			<points>
				<point>1231.000000,1277.000000</point>
				<point>1241.000000,1277.000000</point>
				<point>1241.000000,1252.000000</point>
				<point>1231.000000,1252.000000</point>
				<point>1231.000000,1277.000000</point>
			</points>
		</object>
		<object>
			<coordinate>pixel</coordinate>
			<type>rectangle</type>
			<description>None</description>
			<possibleresult>
				<name>Fishing Boat</name>
			</possibleresult>
			<points>
				<point>1217.000000,1336.000000</point>
				<point>1227.000000,1336.000000</point>
				<point>1227.000000,1302.000000</point>
				<point>1217.000000,1302.000000</point>
				<point>1217.000000,1336.000000</point>
			</points>
		</object>
		<object>
			<coordinate>pixel</coordinate>
			<type>rectangle</type>
			<description>None</description>
			<possibleresult>
				<name>Fishing Boat</name>
			</possibleresult>
			<points>
				<point>1216.000000,1273.000000</point>
				<point>1230.000000,1273.000000</point>
				<point>1230.000000,1251.000000</point>
				<point>1216.000000,1251.000000</point>
				<point>1216.000000,1273.000000</point>
			</points>
		</object>
		<object>
			<coordinate>pixel</coordinate>
			<type>rectangle</type>
			<description>None</description>
			<possibleresult>
				<name>Fishing Boat</name>
			</possibleresult>
			<points>
				<point>1186.000000,1140.000000</point>
				<point>1238.000000,1140.000000</point>
				<point>1238.000000,1128.000000</point>
				<point>1186.000000,1128.000000</point>
				<point>1186.000000,1140.000000</point>
			</points>
		</object>
		<object>
			<coordinate>pixel</coordinate>
			<type>rectangle</type>
			<description>None</description>
			<possibleresult>
				<name>Fishing Boat</name>
			</possibleresult>
			<points>
				<point>1186.000000,1127.000000</point>
				<point>1234.000000,1127.000000</point>
				<point>1234.000000,1114.000000</point>
				<point>1186.000000,1114.000000</point>
				<point>1186.000000,1127.000000</point>
			</points>
		</object>
		<object>
			<coordinate>pixel</coordinate>
			<type>rectangle</type>
			<description>None</description>
			<possibleresult>
				<name>Fishing Boat</name>
			</possibleresult>
			<points>
				<point>1178.000000,1112.000000</point>
				<point>1236.000000,1112.000000</point>
				<point>1236.000000,1102.000000</point>
				<point>1178.000000,1102.000000</point>
				<point>1178.000000,1112.000000</point>
			</points>
		</object>
		<object>
			<coordinate>pixel</coordinate>
			<type>rectangle</type>
			<description>None</description>
			<possibleresult>
				<name>Fishing Boat</name>
			</possibleresult>
			<points>
				<point>1214.000000,1192.000000</point>
				<point>1228.000000,1192.000000</point>
				<point>1228.000000,1150.000000</point>
				<point>1215.000000,1149.000000</point>
				<point>1214.000000,1192.000000</point>
			</points>
		</object>
		<object>
			<coordinate>pixel</coordinate>
			<type>rectangle</type>
			<description>None</description>
			<possibleresult>
				<name>Fishing Boat</name>
			</possibleresult>
			<points>
				<point>1219.000000,1235.000000</point>
				<point>1230.000000,1235.000000</point>
				<point>1230.000000,1203.000000</point>
				<point>1219.000000,1203.000000</point>
				<point>1219.000000,1235.000000</point>
			</points>
		</object>
		<object>
			<coordinate>pixel</coordinate>
			<type>rectangle</type>
			<description>None</description>
			<possibleresult>
				<name>Fishing Boat</name>
			</possibleresult>
			<points>
				<point>1277.000000,1234.000000</point>
				<point>1320.000000,1234.000000</point>
				<point>1320.000000,1220.000000</point>
				<point>1277.000000,1220.000000</point>
				<point>1277.000000,1234.000000</point>
			</points>
		</object>
		<object>
			<coordinate>pixel</coordinate>
			<type>rectangle</type>
			<description>None</description>
			<possibleresult>
				<name>Fishing Boat</name>
			</possibleresult>
			<points>
				<point>1402.000000,1303.000000</point>
				<point>1442.000000,1303.000000</point>
				<point>1442.000000,1291.000000</point>
				<point>1402.000000,1291.000000</point>
				<point>1402.000000,1303.000000</point>
			</points>
		</object>
		<object>
			<coordinate>pixel</coordinate>
			<type>rectangle</type>
			<description>None</description>
			<possibleresult>
				<name>Fishing Boat</name>
			</possibleresult>
			<points>
				<point>1391.000000,1337.000000</point>
				<point>1437.000000,1337.000000</point>
				<point>1437.000000,1326.000000</point>
				<point>1391.000000,1326.000000</point>
				<point>1391.000000,1337.000000</point>
			</points>
		</object>
		<object>
			<coordinate>pixel</coordinate>
			<type>rectangle</type>
			<description>None</description>
			<possibleresult>
				<name>Fishing Boat</name>
			</possibleresult>
			<points>
				<point>1391.000000,1343.000000</point>
				<point>1391.000000,1383.000000</point>
				<point>1405.000000,1383.000000</point>
				<point>1405.000000,1343.000000</point>
				<point>1391.000000,1343.000000</point>
			</points>
		</object>
		<object>
			<coordinate>pixel</coordinate>
			<type>rectangle</type>
			<description>None</description>
			<possibleresult>
				<name>Fishing Boat</name>
			</possibleresult>
			<points>
				<point>1422.000000,1386.000000</point>
				<point>1433.000000,1386.000000</point>
				<point>1433.000000,1348.000000</point>
				<point>1422.000000,1348.000000</point>
				<point>1422.000000,1386.000000</point>
			</points>
		</object>
		<object>
			<coordinate>pixel</coordinate>
			<type>rectangle</type>
			<description>None</description>
			<possibleresult>
				<name>Fishing Boat</name>
			</possibleresult>
			<points>
				<point>1393.000000,1391.000000</point>
				<point>1393.000000,1441.000000</point>
				<point>1409.000000,1441.000000</point>
				<point>1410.000000,1391.000000</point>
				<point>1393.000000,1391.000000</point>
			</points>
		</object>
		<object>
			<coordinate>pixel</coordinate>
			<type>rectangle</type>
			<description>None</description>
			<possibleresult>
				<name>Fishing Boat</name>
			</possibleresult>
			<points>
				<point>1431.000000,1439.000000</point>
				<point>1442.000000,1439.000000</point>
				<point>1442.000000,1399.000000</point>
				<point>1431.000000,1399.000000</point>
				<point>1431.000000,1439.000000</point>
			</points>
		</object>
		<object>
			<coordinate>pixel</coordinate>
			<type>rectangle</type>
			<description>None</description>
			<possibleresult>
				<name>other-ship</name>
			</possibleresult>
			<points>
				<point>1281.000000,1449.000000</point>
				<point>1281.000000,1478.000000</point>
				<point>1296.000000,1478.000000</point>
				<point>1297.000000,1449.000000</point>
				<point>1281.000000,1449.000000</point>
			</points>
		</object>
		<object>
			<coordinate>pixel</coordinate>
			<type>rectangle</type>
			<description>None</description>
			<possibleresult>
				<name>other-ship</name>
			</possibleresult>
			<points>
				<point>1267.000000,1449.000000</point>
				<point>1267.000000,1468.000000</point>
				<point>1277.000000,1467.000000</point>
				<point>1277.000000,1448.000000</point>
				<point>1267.000000,1449.000000</point>
			</points>
		</object>
		<object>
			<coordinate>pixel</coordinate>
			<type>rectangle</type>
			<description>None</description>
			<possibleresult>
				<name>Fishing Boat</name>
			</possibleresult>
			<points>
				<point>1398.000000,1323.000000</point>
				<point>1436.000000,1323.000000</point>
				<point>1436.000000,1306.000000</point>
				<point>1398.000000,1306.000000</point>
				<point>1398.000000,1323.000000</point>
			</points>
		</object>
		<object>
			<coordinate>pixel</coordinate>
			<type>rectangle</type>
			<description>None</description>
			<possibleresult>
				<name>Motorboat</name>
			</possibleresult>
			<points>
				<point>1430.000000,1476.000000</point>
				<point>1440.000000,1476.000000</point>
				<point>1440.000000,1453.000000</point>
				<point>1430.000000,1453.000000</point>
				<point>1430.000000,1476.000000</point>
			</points>
		</object>
		<object>
			<coordinate>pixel</coordinate>
			<type>rectangle</type>
			<description>None</description>
			<possibleresult>
				<name>Motorboat</name>
			</possibleresult>
			<points>
				<point>1423.000000,1484.000000</point>
				<point>1430.000000,1484.000000</point>
				<point>1430.000000,1444.000000</point>
				<point>1423.000000,1444.000000</point>
				<point>1423.000000,1484.000000</point>
			</points>
		</object>
		<object>
			<coordinate>pixel</coordinate>
			<type>rectangle</type>
			<description>None</description>
			<possibleresult>
				<name>Fishing Boat</name>
			</possibleresult>
			<points>
				<point>1178.000000,1100.000000</point>
				<point>1232.000000,1100.000000</point>
				<point>1232.000000,1087.000000</point>
				<point>1178.000000,1087.000000</point>
				<point>1178.000000,1100.000000</point>
			</points>
		</object>
		<object>
			<coordinate>pixel</coordinate>
			<type>rectangle</type>
			<description>None</description>
			<possibleresult>
				<name>Fishing Boat</name>
			</possibleresult>
			<points>
				<point>1230.000000,1190.000000</point>
				<point>1237.000000,1190.000000</point>
				<point>1237.000000,1152.000000</point>
				<point>1230.000000,1152.000000</point>
				<point>1230.000000,1190.000000</point>
			</points>
		</object>
		<object>
			<coordinate>pixel</coordinate>
			<type>rectangle</type>
			<description>None</description>
			<possibleresult>
				<name>Motorboat</name>
			</possibleresult>
			<points>
				<point>1379.000000,1460.000000</point>
				<point>1380.000000,1481.000000</point>
				<point>1387.000000,1481.000000</point>
				<point>1387.000000,1460.000000</point>
				<point>1379.000000,1460.000000</point>
			</points>
		</object>
		<object>
			<coordinate>pixel</coordinate>
			<type>rectangle</type>
			<description>None</description>
			<possibleresult>
				<name>Dry Cargo Ship</name>
			</possibleresult>
			<points>
				<point>1341.000000,1080.000000</point>
				<point>1476.000000,1245.000000</point>
				<point>1512.000000,1216.000000</point>
				<point>1377.000000,1051.000000</point>
				<point>1341.000000,1080.000000</point>
			</points>
		</object>
		<object>
			<coordinate>pixel</coordinate>
			<type>rectangle</type>
			<description>None</description>
			<possibleresult>
				<name>Motorboat</name>
			</possibleresult>
			<points>
				<point>1492.000000,1397.000000</point>
				<point>1490.000000,1426.000000</point>
				<point>1497.000000,1426.000000</point>
				<point>1499.000000,1398.000000</point>
				<point>1492.000000,1397.000000</point>
			</points>
		</object>
		<object>
			<coordinate>pixel</coordinate>
			<type>rectangle</type>
			<description>None</description>
			<possibleresult>
				<name>Motorboat</name>
			</possibleresult>
			<points>
				<point>385.000000,1427.000000</point>
				<point>392.000000,1406.000000</point>
				<point>377.000000,1401.000000</point>
				<point>370.000000,1422.000000</point>
				<point>385.000000,1427.000000</point>
			</points>
		</object>
	</objects>
</annotation>