<?xml version="1.0" encoding="utf-8"?>
<annotation>
	<source>
		<filename>1023.tif</filename>
		<origin>GF2/GF3</origin>
	</source>
	<research>
		<version>1.0</version>
		<provider>FAIR1M</provider>
		<author>Cyber</author>
		<pluginname>FAIR1M</pluginname>
		<pluginclass>object detection</pluginclass>
		<time>2021-03</time>
	</research>
	<size>
		<width>1000</width>
		<height>1000</height>
		<depth>3</depth>
	</size>
	<objects>
		<object>
			<coordinate>pixel</coordinate>
			<type>rectangle</type>
			<description>None</description>
			<possibleresult>
				<name>A220</name>
			</possibleresult>
			<points>
				<point>143.000000,375.000000</point>
				<point>78.000000,407.000000</point>
				<point>107.000000,464.000000</point>
				<point>171.000000,432.000000</point>
				<point>143.000000,375.000000</point>
			</points>
		</object>
	</objects>
</annotation>