<?xml version="1.0" encoding="utf-8"?>
<annotation>
	<source>
		<filename>1027.tif</filename>
		<origin>GF2/GF3</origin>
	</source>
	<research>
		<version>1.0</version>
		<provider>FAIR1M</provider>
		<author>Cyber</author>
		<pluginname>FAIR1M</pluginname>
		<pluginclass>object detection</pluginclass>
		<time>2021-03</time>
	</research>
	<size>
		<width>1500</width>
		<height>1500</height>
		<depth>3</depth>
	</size>
	<objects>
		<object>
			<coordinate>pixel</coordinate>
			<type>rectangle</type>
			<description>None</description>
			<possibleresult>
				<name>Dry Cargo Ship</name>
			</possibleresult>
			<points>
				<point>61.000000,70.000000</point>
				<point>-12.000000,24.000000</point>
				<point>-23.000000,40.000000</point>
				<point>50.000000,87.000000</point>
				<point>61.000000,70.000000</point>
			</points>
		</object>
		<object>
			<coordinate>pixel</coordinate>
			<type>rectangle</type>
			<description>None</description>
			<possibleresult>
				<name>Motorboat</name>
			</possibleresult>
			<points>
				<point>71.000000,333.000000</point>
				<point>35.000000,310.000000</point>
				<point>28.000000,321.000000</point>
				<point>64.000000,344.000000</point>
				<point>71.000000,333.000000</point>
			</points>
		</object>
		<object>
			<coordinate>pixel</coordinate>
			<type>rectangle</type>
			<description>None</description>
			<possibleresult>
				<name>Dry Cargo Ship</name>
			</possibleresult>
			<points>
				<point>140.000000,205.000000</point>
				<point>754.000000,551.000000</point>
				<point>796.000000,476.000000</point>
				<point>182.000000,130.000000</point>
				<point>140.000000,205.000000</point>
			</points>
		</object>
		<object>
			<coordinate>pixel</coordinate>
			<type>rectangle</type>
			<description>None</description>
			<possibleresult>
				<name>Dry Cargo Ship</name>
			</possibleresult>
			<points>
				<point>1345.000000,849.000000</point>
				<point>1178.000000,765.000000</point>
				<point>1168.000000,785.000000</point>
				<point>1336.000000,868.000000</point>
				<point>1345.000000,849.000000</point>
			</points>
		</object>
		<object>
			<coordinate>pixel</coordinate>
			<type>rectangle</type>
			<description>None</description>
			<possibleresult>
				<name>Dry Cargo Ship</name>
			</possibleresult>
			<points>
				<point>558.000000,721.000000</point>
				<point>474.000000,598.000000</point>
				<point>448.000000,615.000000</point>
				<point>533.000000,738.000000</point>
				<point>558.000000,721.000000</point>
			</points>
		</object>
		<object>
			<coordinate>pixel</coordinate>
			<type>rectangle</type>
			<description>None</description>
			<possibleresult>
				<name>Dry Cargo Ship</name>
			</possibleresult>
			<points>
				<point>522.000000,721.000000</point>
				<point>445.000000,614.000000</point>
				<point>423.000000,630.000000</point>
				<point>500.000000,738.000000</point>
				<point>522.000000,721.000000</point>
			</points>
		</object>
		<object>
			<coordinate>pixel</coordinate>
			<type>rectangle</type>
			<description>None</description>
			<possibleresult>
				<name>Dry Cargo Ship</name>
			</possibleresult>
			<points>
				<point>636.000000,845.000000</point>
				<point>656.000000,833.000000</point>
				<point>590.000000,728.000000</point>
				<point>571.000000,740.000000</point>
				<point>636.000000,845.000000</point>
			</points>
		</object>
		<object>
			<coordinate>pixel</coordinate>
			<type>rectangle</type>
			<description>None</description>
			<possibleresult>
				<name>Dry Cargo Ship</name>
			</possibleresult>
			<points>
				<point>544.000000,748.000000</point>
				<point>606.000000,851.000000</point>
				<point>629.000000,837.000000</point>
				<point>567.000000,734.000000</point>
				<point>544.000000,748.000000</point>
			</points>
		</object>
		<object>
			<coordinate>pixel</coordinate>
			<type>rectangle</type>
			<description>None</description>
			<possibleresult>
				<name>Dry Cargo Ship</name>
			</possibleresult>
			<points>
				<point>671.000000,957.000000</point>
				<point>537.000000,742.000000</point>
				<point>516.000000,754.000000</point>
				<point>650.000000,969.000000</point>
				<point>671.000000,957.000000</point>
			</points>
		</object>
		<object>
			<coordinate>pixel</coordinate>
			<type>rectangle</type>
			<description>None</description>
			<possibleresult>
				<name>Fishing Boat</name>
			</possibleresult>
			<points>
				<point>754.000000,1063.000000</point>
				<point>727.000000,1014.000000</point>
				<point>713.000000,1021.000000</point>
				<point>740.000000,1071.000000</point>
				<point>754.000000,1063.000000</point>
			</points>
		</object>
		<object>
			<coordinate>pixel</coordinate>
			<type>rectangle</type>
			<description>None</description>
			<possibleresult>
				<name>Dry Cargo Ship</name>
			</possibleresult>
			<points>
				<point>685.000000,1020.000000</point>
				<point>733.000000,1089.000000</point>
				<point>748.000000,1078.000000</point>
				<point>701.000000,1009.000000</point>
				<point>685.000000,1020.000000</point>
			</points>
		</object>
		<object>
			<coordinate>pixel</coordinate>
			<type>rectangle</type>
			<description>None</description>
			<possibleresult>
				<name>Liquid Cargo Ship</name>
			</possibleresult>
			<points>
				<point>801.000000,1096.000000</point>
				<point>819.000000,1129.000000</point>
				<point>830.000000,1124.000000</point>
				<point>813.000000,1090.000000</point>
				<point>801.000000,1096.000000</point>
			</points>
		</object>
		<object>
			<coordinate>pixel</coordinate>
			<type>rectangle</type>
			<description>None</description>
			<possibleresult>
				<name>Engineering Ship</name>
			</possibleresult>
			<points>
				<point>744.000000,1101.000000</point>
				<point>835.000000,1247.000000</point>
				<point>864.000000,1229.000000</point>
				<point>773.000000,1083.000000</point>
				<point>744.000000,1101.000000</point>
			</points>
		</object>
		<object>
			<coordinate>pixel</coordinate>
			<type>rectangle</type>
			<description>None</description>
			<possibleresult>
				<name>Engineering Ship</name>
			</possibleresult>
			<points>
				<point>929.000000,1302.000000</point>
				<point>962.000000,1358.000000</point>
				<point>983.000000,1346.000000</point>
				<point>950.000000,1289.000000</point>
				<point>929.000000,1302.000000</point>
			</points>
		</object>
		<object>
			<coordinate>pixel</coordinate>
			<type>rectangle</type>
			<description>None</description>
			<possibleresult>
				<name>Dry Cargo Ship</name>
			</possibleresult>
			<points>
				<point>997.000000,1361.000000</point>
				<point>936.000000,1374.000000</point>
				<point>938.000000,1383.000000</point>
				<point>999.000000,1370.000000</point>
				<point>997.000000,1361.000000</point>
			</points>
		</object>
		<object>
			<coordinate>pixel</coordinate>
			<type>rectangle</type>
			<description>None</description>
			<possibleresult>
				<name>Dry Cargo Ship</name>
			</possibleresult>
			<points>
				<point>989.000000,1371.000000</point>
				<point>939.000000,1382.000000</point>
				<point>940.000000,1390.000000</point>
				<point>991.000000,1380.000000</point>
				<point>989.000000,1371.000000</point>
			</points>
		</object>
		<object>
			<coordinate>pixel</coordinate>
			<type>rectangle</type>
			<description>None</description>
			<possibleresult>
				<name>Dry Cargo Ship</name>
			</possibleresult>
			<points>
				<point>983.000000,1398.000000</point>
				<point>1015.000000,1380.000000</point>
				<point>1011.000000,1373.000000</point>
				<point>978.000000,1391.000000</point>
				<point>983.000000,1398.000000</point>
			</points>
		</object>
		<object>
			<coordinate>pixel</coordinate>
			<type>rectangle</type>
			<description>None</description>
			<possibleresult>
				<name>Liquid Cargo Ship</name>
			</possibleresult>
			<points>
				<point>1000.000000,1470.000000</point>
				<point>1067.000000,1481.000000</point>
				<point>1069.000000,1471.000000</point>
				<point>1002.000000,1459.000000</point>
				<point>1000.000000,1470.000000</point>
			</points>
		</object>
		<object>
			<coordinate>pixel</coordinate>
			<type>rectangle</type>
			<description>None</description>
			<possibleresult>
				<name>Liquid Cargo Ship</name>
			</possibleresult>
			<points>
				<point>1037.000000,1429.000000</point>
				<point>1024.000000,1404.000000</point>
				<point>1016.000000,1407.000000</point>
				<point>1030.000000,1433.000000</point>
				<point>1037.000000,1429.000000</point>
			</points>
		</object>
		<object>
			<coordinate>pixel</coordinate>
			<type>rectangle</type>
			<description>None</description>
			<possibleresult>
				<name>Dry Cargo Ship</name>
			</possibleresult>
			<points>
				<point>1032.000000,1437.000000</point>
				<point>1016.000000,1405.000000</point>
				<point>1007.000000,1409.000000</point>
				<point>1023.000000,1441.000000</point>
				<point>1032.000000,1437.000000</point>
			</points>
		</object>
		<object>
			<coordinate>pixel</coordinate>
			<type>rectangle</type>
			<description>None</description>
			<possibleresult>
				<name>Dry Cargo Ship</name>
			</possibleresult>
			<points>
				<point>1026.000000,1445.000000</point>
				<point>1000.000000,1397.000000</point>
				<point>984.000000,1406.000000</point>
				<point>1010.000000,1453.000000</point>
				<point>1026.000000,1445.000000</point>
			</points>
		</object>
		<object>
			<coordinate>pixel</coordinate>
			<type>rectangle</type>
			<description>None</description>
			<possibleresult>
				<name>Engineering Ship</name>
			</possibleresult>
			<points>
				<point>1003.000000,1442.000000</point>
				<point>973.000000,1391.000000</point>
				<point>957.000000,1401.000000</point>
				<point>987.000000,1452.000000</point>
				<point>1003.000000,1442.000000</point>
			</points>
		</object>
		<object>
			<coordinate>pixel</coordinate>
			<type>rectangle</type>
			<description>None</description>
			<possibleresult>
				<name>Engineering Ship</name>
			</possibleresult>
			<points>
				<point>985.000000,1450.000000</point>
				<point>963.000000,1414.000000</point>
				<point>952.000000,1421.000000</point>
				<point>975.000000,1456.000000</point>
				<point>985.000000,1450.000000</point>
			</points>
		</object>
		<object>
			<coordinate>pixel</coordinate>
			<type>rectangle</type>
			<description>None</description>
			<possibleresult>
				<name>Dry Cargo Ship</name>
			</possibleresult>
			<points>
				<point>1132.000000,1229.000000</point>
				<point>1115.000000,1283.000000</point>
				<point>1132.000000,1289.000000</point>
				<point>1149.000000,1235.000000</point>
				<point>1132.000000,1229.000000</point>
			</points>
		</object>
		<object>
			<coordinate>pixel</coordinate>
			<type>rectangle</type>
			<description>None</description>
			<possibleresult>
				<name>Dry Cargo Ship</name>
			</possibleresult>
			<points>
				<point>1152.000000,1223.000000</point>
				<point>1132.000000,1292.000000</point>
				<point>1152.000000,1298.000000</point>
				<point>1172.000000,1229.000000</point>
				<point>1152.000000,1223.000000</point>
			</points>
		</object>
		<object>
			<coordinate>pixel</coordinate>
			<type>rectangle</type>
			<description>None</description>
			<possibleresult>
				<name>Dry Cargo Ship</name>
			</possibleresult>
			<points>
				<point>1169.000000,1242.000000</point>
				<point>1153.000000,1294.000000</point>
				<point>1182.000000,1303.000000</point>
				<point>1198.000000,1251.000000</point>
				<point>1169.000000,1242.000000</point>
			</points>
		</object>
		<object>
			<coordinate>pixel</coordinate>
			<type>rectangle</type>
			<description>None</description>
			<possibleresult>
				<name>Tugboat</name>
			</possibleresult>
			<points>
				<point>1208.000000,1272.000000</point>
				<point>1199.000000,1297.000000</point>
				<point>1210.000000,1301.000000</point>
				<point>1219.000000,1276.000000</point>
				<point>1208.000000,1272.000000</point>
			</points>
		</object>
		<object>
			<coordinate>pixel</coordinate>
			<type>rectangle</type>
			<description>None</description>
			<possibleresult>
				<name>Dry Cargo Ship</name>
			</possibleresult>
			<points>
				<point>1194.000000,1394.000000</point>
				<point>1239.000000,1395.000000</point>
				<point>1239.000000,1385.000000</point>
				<point>1194.000000,1384.000000</point>
				<point>1194.000000,1394.000000</point>
			</points>
		</object>
		<object>
			<coordinate>pixel</coordinate>
			<type>rectangle</type>
			<description>None</description>
			<possibleresult>
				<name>Tugboat</name>
			</possibleresult>
			<points>
				<point>1176.000000,1400.000000</point>
				<point>1164.000000,1426.000000</point>
				<point>1173.000000,1430.000000</point>
				<point>1185.000000,1405.000000</point>
				<point>1176.000000,1400.000000</point>
			</points>
		</object>
		<object>
			<coordinate>pixel</coordinate>
			<type>rectangle</type>
			<description>None</description>
			<possibleresult>
				<name>other-ship</name>
			</possibleresult>
			<points>
				<point>1154.000000,1392.000000</point>
				<point>1144.000000,1421.000000</point>
				<point>1164.000000,1428.000000</point>
				<point>1174.000000,1400.000000</point>
				<point>1154.000000,1392.000000</point>
			</points>
		</object>
		<object>
			<coordinate>pixel</coordinate>
			<type>rectangle</type>
			<description>None</description>
			<possibleresult>
				<name>Passenger Ship</name>
			</possibleresult>
			<points>
				<point>1152.000000,1423.000000</point>
				<point>1141.000000,1446.000000</point>
				<point>1156.000000,1453.000000</point>
				<point>1167.000000,1430.000000</point>
				<point>1152.000000,1423.000000</point>
			</points>
		</object>
		<object>
			<coordinate>pixel</coordinate>
			<type>rectangle</type>
			<description>None</description>
			<possibleresult>
				<name>other-ship</name>
			</possibleresult>
			<points>
				<point>1356.000000,1394.000000</point>
				<point>1404.000000,1382.000000</point>
				<point>1402.000000,1371.000000</point>
				<point>1353.000000,1383.000000</point>
				<point>1356.000000,1394.000000</point>
			</points>
		</object>
		<object>
			<coordinate>pixel</coordinate>
			<type>rectangle</type>
			<description>None</description>
			<possibleresult>
				<name>other-ship</name>
			</possibleresult>
			<points>
				<point>1328.000000,1413.000000</point>
				<point>1412.000000,1398.000000</point>
				<point>1409.000000,1384.000000</point>
				<point>1326.000000,1399.000000</point>
				<point>1328.000000,1413.000000</point>
			</points>
		</object>
		<object>
			<coordinate>pixel</coordinate>
			<type>rectangle</type>
			<description>None</description>
			<possibleresult>
				<name>other-ship</name>
			</possibleresult>
			<points>
				<point>1339.000000,1433.000000</point>
				<point>1407.000000,1425.000000</point>
				<point>1405.000000,1413.000000</point>
				<point>1337.000000,1421.000000</point>
				<point>1339.000000,1433.000000</point>
			</points>
		</object>
		<object>
			<coordinate>pixel</coordinate>
			<type>rectangle</type>
			<description>None</description>
			<possibleresult>
				<name>Dry Cargo Ship</name>
			</possibleresult>
			<points>
				<point>1329.000000,1231.000000</point>
				<point>1275.000000,1214.000000</point>
				<point>1272.000000,1225.000000</point>
				<point>1326.000000,1242.000000</point>
				<point>1329.000000,1231.000000</point>
			</points>
		</object>
		<object>
			<coordinate>pixel</coordinate>
			<type>rectangle</type>
			<description>None</description>
			<possibleresult>
				<name>Dry Cargo Ship</name>
			</possibleresult>
			<points>
				<point>1323.000000,1242.000000</point>
				<point>1245.000000,1219.000000</point>
				<point>1240.000000,1238.000000</point>
				<point>1318.000000,1261.000000</point>
				<point>1323.000000,1242.000000</point>
			</points>
		</object>
		<object>
			<coordinate>pixel</coordinate>
			<type>rectangle</type>
			<description>None</description>
			<possibleresult>
				<name>Dry Cargo Ship</name>
			</possibleresult>
			<points>
				<point>1288.000000,1300.000000</point>
				<point>1255.000000,1291.000000</point>
				<point>1252.000000,1302.000000</point>
				<point>1285.000000,1311.000000</point>
				<point>1288.000000,1300.000000</point>
			</points>
		</object>
		<object>
			<coordinate>pixel</coordinate>
			<type>rectangle</type>
			<description>None</description>
			<possibleresult>
				<name>Dry Cargo Ship</name>
			</possibleresult>
			<points>
				<point>1295.000000,1292.000000</point>
				<point>1261.000000,1283.000000</point>
				<point>1259.000000,1291.000000</point>
				<point>1293.000000,1300.000000</point>
				<point>1295.000000,1292.000000</point>
			</points>
		</object>
		<object>
			<coordinate>pixel</coordinate>
			<type>rectangle</type>
			<description>None</description>
			<possibleresult>
				<name>Dry Cargo Ship</name>
			</possibleresult>
			<points>
				<point>1310.000000,1328.000000</point>
				<point>1331.000000,1303.000000</point>
				<point>1323.000000,1297.000000</point>
				<point>1303.000000,1322.000000</point>
				<point>1310.000000,1328.000000</point>
			</points>
		</object>
		<object>
			<coordinate>pixel</coordinate>
			<type>rectangle</type>
			<description>None</description>
			<possibleresult>
				<name>Dry Cargo Ship</name>
			</possibleresult>
			<points>
				<point>1323.000000,1326.000000</point>
				<point>1340.000000,1306.000000</point>
				<point>1333.000000,1300.000000</point>
				<point>1317.000000,1321.000000</point>
				<point>1323.000000,1326.000000</point>
			</points>
		</object>
		<object>
			<coordinate>pixel</coordinate>
			<type>rectangle</type>
			<description>None</description>
			<possibleresult>
				<name>Dry Cargo Ship</name>
			</possibleresult>
			<points>
				<point>1332.000000,1332.000000</point>
				<point>1349.000000,1312.000000</point>
				<point>1340.000000,1305.000000</point>
				<point>1324.000000,1325.000000</point>
				<point>1332.000000,1332.000000</point>
			</points>
		</object>
		<object>
			<coordinate>pixel</coordinate>
			<type>rectangle</type>
			<description>None</description>
			<possibleresult>
				<name>Dry Cargo Ship</name>
			</possibleresult>
			<points>
				<point>1346.000000,1333.000000</point>
				<point>1361.000000,1315.000000</point>
				<point>1353.000000,1307.000000</point>
				<point>1338.000000,1326.000000</point>
				<point>1346.000000,1333.000000</point>
			</points>
		</object>
		<object>
			<coordinate>pixel</coordinate>
			<type>rectangle</type>
			<description>None</description>
			<possibleresult>
				<name>Dry Cargo Ship</name>
			</possibleresult>
			<points>
				<point>1422.000000,1343.000000</point>
				<point>1388.000000,1335.000000</point>
				<point>1385.000000,1347.000000</point>
				<point>1419.000000,1356.000000</point>
				<point>1422.000000,1343.000000</point>
			</points>
		</object>
	</objects>
</annotation>