<?xml version="1.0" encoding="utf-8"?>
<annotation>
	<source>
		<filename>1031.tif</filename>
		<origin>GF2/GF3</origin>
	</source>
	<research>
		<version>1.0</version>
		<provider>FAIR1M</provider>
		<author>Cyber</author>
		<pluginname>FAIR1M</pluginname>
		<pluginclass>object detection</pluginclass>
		<time>2021-03</time>
	</research>
	<size>
		<width>1000</width>
		<height>1000</height>
		<depth>3</depth>
	</size>
	<objects>
		<object>
			<coordinate>pixel</coordinate>
			<type>rectangle</type>
			<description>None</description>
			<possibleresult>
				<name>Intersection</name>
			</possibleresult>
			<points>
				<point>847.000061,106.000000</point>
				<point>784.919495,107.001297</point>
				<point>784.000061,50.000000</point>
				<point>846.080627,48.998703</point>
				<point>847.000061,106.000000</point>
			</points>
		</object>
		<object>
			<coordinate>pixel</coordinate>
			<type>rectangle</type>
			<description>None</description>
			<possibleresult>
				<name>Basketball Court</name>
			</possibleresult>
			<points>
				<point>168.000015,387.000031</point>
				<point>165.962662,477.662140</point>
				<point>92.000015,476.000031</point>
				<point>94.037369,385.337921</point>
				<point>168.000015,387.000031</point>
			</points>
		</object>
		<object>
			<coordinate>pixel</coordinate>
			<type>rectangle</type>
			<description>None</description>
			<possibleresult>
				<name>Van</name>
			</possibleresult>
			<points>
				<point>375.000031,77.000000</point>
				<point>374.270538,85.024597</point>
				<point>352.000031,83.000015</point>
				<point>352.729523,74.975418</point>
				<point>375.000031,77.000000</point>
			</points>
		</object>
		<object>
			<coordinate>pixel</coordinate>
			<type>rectangle</type>
			<description>None</description>
			<possibleresult>
				<name>Small Car</name>
			</possibleresult>
			<points>
				<point>961.000000,975.000000</point>
				<point>943.000000,975.000000</point>
				<point>943.000000,969.000000</point>
				<point>961.000000,969.000000</point>
				<point>961.000000,975.000000</point>
			</points>
		</object>
		<object>
			<coordinate>pixel</coordinate>
			<type>rectangle</type>
			<description>None</description>
			<possibleresult>
				<name>Van</name>
			</possibleresult>
			<points>
				<point>969.000000,823.000000</point>
				<point>961.000000,823.000000</point>
				<point>961.000000,805.000000</point>
				<point>969.000000,805.000000</point>
				<point>969.000000,823.000000</point>
			</points>
		</object>
		<object>
			<coordinate>pixel</coordinate>
			<type>rectangle</type>
			<description>None</description>
			<possibleresult>
				<name>Dump Truck</name>
			</possibleresult>
			<points>
				<point>984.000000,823.000000</point>
				<point>974.000000,823.000000</point>
				<point>974.000000,804.000000</point>
				<point>984.000000,804.000000</point>
				<point>984.000000,823.000000</point>
			</points>
		</object>
		<object>
			<coordinate>pixel</coordinate>
			<type>rectangle</type>
			<description>None</description>
			<possibleresult>
				<name>Van</name>
			</possibleresult>
			<points>
				<point>928.000000,619.000000</point>
				<point>907.000000,619.000000</point>
				<point>907.000000,613.000000</point>
				<point>928.000000,613.000000</point>
				<point>928.000000,619.000000</point>
			</points>
		</object>
		<object>
			<coordinate>pixel</coordinate>
			<type>rectangle</type>
			<description>None</description>
			<possibleresult>
				<name>Small Car</name>
			</possibleresult>
			<points>
				<point>12.000000,678.000000</point>
				<point>2.000000,678.000000</point>
				<point>2.000000,661.000000</point>
				<point>12.000000,661.000000</point>
				<point>12.000000,678.000000</point>
			</points>
		</object>
	</objects>
</annotation>