<?xml version="1.0" encoding="utf-8"?>
<annotation>
	<source>
		<filename>1032.tif</filename>
		<origin>GF2/GF3</origin>
	</source>
	<research>
		<version>1.0</version>
		<provider>FAIR1M</provider>
		<author>Cyber</author>
		<pluginname>FAIR1M</pluginname>
		<pluginclass>object detection</pluginclass>
		<time>2021-03</time>
	</research>
	<size>
		<width>1000</width>
		<height>1000</height>
		<depth>3</depth>
	</size>
	<objects>
		<object>
			<coordinate>pixel</coordinate>
			<type>rectangle</type>
			<description>None</description>
			<possibleresult>
				<name>other-airplane</name>
			</possibleresult>
			<points>
				<point>561.000000,894.000000</point>
				<point>593.000000,924.000000</point>
				<point>624.000000,891.000000</point>
				<point>592.000000,861.000000</point>
				<point>561.000000,894.000000</point>
			</points>
		</object>
		<object>
			<coordinate>pixel</coordinate>
			<type>rectangle</type>
			<description>None</description>
			<possibleresult>
				<name>other-airplane</name>
			</possibleresult>
			<points>
				<point>599.000000,856.000000</point>
				<point>628.000000,882.000000</point>
				<point>658.000000,849.000000</point>
				<point>629.000000,822.000000</point>
				<point>599.000000,856.000000</point>
			</points>
		</object>
		<object>
			<coordinate>pixel</coordinate>
			<type>rectangle</type>
			<description>None</description>
			<possibleresult>
				<name>A220</name>
			</possibleresult>
			<points>
				<point>676.000000,768.000000</point>
				<point>709.000000,799.000000</point>
				<point>740.000000,765.000000</point>
				<point>707.000000,734.000000</point>
				<point>676.000000,768.000000</point>
			</points>
		</object>
		<object>
			<coordinate>pixel</coordinate>
			<type>rectangle</type>
			<description>None</description>
			<possibleresult>
				<name>other-airplane</name>
			</possibleresult>
			<points>
				<point>712.000000,728.000000</point>
				<point>740.000000,754.000000</point>
				<point>772.000000,721.000000</point>
				<point>744.000000,694.000000</point>
				<point>712.000000,728.000000</point>
			</points>
		</object>
	</objects>
</annotation>