<?xml version="1.0" encoding="utf-8"?>
<annotation>
	<source>
		<filename>1034.tif</filename>
		<origin>GF2/GF3</origin>
	</source>
	<research>
		<version>1.0</version>
		<provider>FAIR1M</provider>
		<author>Cyber</author>
		<pluginname>FAIR1M</pluginname>
		<pluginclass>object detection</pluginclass>
		<time>2021-03</time>
	</research>
	<size>
		<width>1000</width>
		<height>1000</height>
		<depth>3</depth>
	</size>
	<objects>
		<object>
			<coordinate>pixel</coordinate>
			<type>rectangle</type>
			<description>None</description>
			<possibleresult>
				<name>Van</name>
			</possibleresult>
			<points>
				<point>12.639983,617.479980</point>
				<point>6.999984,625.000000</point>
				<point>0.000000,619.750000</point>
				<point>0.000000,608.000000</point>
				<point>12.639983,617.479980</point>
			</points>
		</object>
		<object>
			<coordinate>pixel</coordinate>
			<type>rectangle</type>
			<description>None</description>
			<possibleresult>
				<name>Van</name>
			</possibleresult>
			<points>
				<point>65.758362,636.814087</point>
				<point>61.000000,643.000000</point>
				<point>48.000000,633.000000</point>
				<point>52.758362,626.814087</point>
				<point>65.758362,636.814087</point>
			</points>
		</object>
		<object>
			<coordinate>pixel</coordinate>
			<type>rectangle</type>
			<description>None</description>
			<possibleresult>
				<name>Small Car</name>
			</possibleresult>
			<points>
				<point>72.999969,666.000061</point>
				<point>68.999969,671.000061</point>
				<point>53.999969,659.000061</point>
				<point>57.999969,654.000061</point>
				<point>72.999969,666.000061</point>
			</points>
		</object>
		<object>
			<coordinate>pixel</coordinate>
			<type>rectangle</type>
			<description>None</description>
			<possibleresult>
				<name>Dump Truck</name>
			</possibleresult>
			<points>
				<point>157.194550,700.153503</point>
				<point>151.000000,707.999939</point>
				<point>131.805450,692.846375</point>
				<point>138.000000,684.999939</point>
				<point>157.194550,700.153503</point>
			</points>
		</object>
		<object>
			<coordinate>pixel</coordinate>
			<type>rectangle</type>
			<description>None</description>
			<possibleresult>
				<name>Dump Truck</name>
			</possibleresult>
			<points>
				<point>237.999969,758.999939</point>
				<point>232.146027,767.105408</point>
				<point>213.999969,753.999939</point>
				<point>219.853912,745.894470</point>
				<point>237.999969,758.999939</point>
			</points>
		</object>
		<object>
			<coordinate>pixel</coordinate>
			<type>rectangle</type>
			<description>None</description>
			<possibleresult>
				<name>Dump Truck</name>
			</possibleresult>
			<points>
				<point>229.160004,775.119995</point>
				<point>224.000000,782.000000</point>
				<point>207.839996,769.880005</point>
				<point>213.000000,763.000000</point>
				<point>229.160004,775.119995</point>
			</points>
		</object>
		<object>
			<coordinate>pixel</coordinate>
			<type>rectangle</type>
			<description>None</description>
			<possibleresult>
				<name>Dump Truck</name>
			</possibleresult>
			<points>
				<point>374.441376,867.503357</point>
				<point>366.441376,876.503357</point>
				<point>348.999969,860.999939</point>
				<point>356.999969,851.999939</point>
				<point>374.441376,867.503357</point>
			</points>
		</object>
		<object>
			<coordinate>pixel</coordinate>
			<type>rectangle</type>
			<description>None</description>
			<possibleresult>
				<name>Dump Truck</name>
			</possibleresult>
			<points>
				<point>519.000000,949.000000</point>
				<point>512.074219,958.056763</point>
				<point>494.999969,945.000000</point>
				<point>501.925720,935.943237</point>
				<point>519.000000,949.000000</point>
			</points>
		</object>
	</objects>
</annotation>