<?xml version="1.0" encoding="utf-8"?>
<annotation>
	<source>
		<filename>1037.tif</filename>
		<origin>GF2/GF3</origin>
	</source>
	<research>
		<version>1.0</version>
		<provider>FAIR1M</provider>
		<author>Cyber</author>
		<pluginname>FAIR1M</pluginname>
		<pluginclass>object detection</pluginclass>
		<time>2021-03</time>
	</research>
	<size>
		<width>1000</width>
		<height>1000</height>
		<depth>3</depth>
	</size>
	<objects>
		<object>
			<coordinate>pixel</coordinate>
			<type>rectangle</type>
			<description>None</description>
			<possibleresult>
				<name>A220</name>
			</possibleresult>
			<points>
				<point>967.000000,829.000000</point>
				<point>932.000000,759.000000</point>
				<point>874.000000,789.000000</point>
				<point>909.000000,859.000000</point>
				<point>967.000000,829.000000</point>
			</points>
		</object>
		<object>
			<coordinate>pixel</coordinate>
			<type>rectangle</type>
			<description>None</description>
			<possibleresult>
				<name>A220</name>
			</possibleresult>
			<points>
				<point>712.000000,804.000000</point>
				<point>776.000000,779.000000</point>
				<point>750.000000,714.000000</point>
				<point>687.000000,739.000000</point>
				<point>712.000000,804.000000</point>
			</points>
		</object>
		<object>
			<coordinate>pixel</coordinate>
			<type>rectangle</type>
			<description>None</description>
			<possibleresult>
				<name>A220</name>
			</possibleresult>
			<points>
				<point>717.000000,936.000000</point>
				<point>720.000000,865.000000</point>
				<point>653.000000,862.000000</point>
				<point>650.000000,933.000000</point>
				<point>717.000000,936.000000</point>
			</points>
		</object>
		<object>
			<coordinate>pixel</coordinate>
			<type>rectangle</type>
			<description>None</description>
			<possibleresult>
				<name>A220</name>
			</possibleresult>
			<points>
				<point>821.000000,892.000000</point>
				<point>786.000000,826.000000</point>
				<point>729.000000,856.000000</point>
				<point>763.000000,922.000000</point>
				<point>821.000000,892.000000</point>
			</points>
		</object>
		<object>
			<coordinate>pixel</coordinate>
			<type>rectangle</type>
			<description>None</description>
			<possibleresult>
				<name>A220</name>
			</possibleresult>
			<points>
				<point>521.000000,823.000000</point>
				<point>586.000000,797.000000</point>
				<point>563.000000,740.000000</point>
				<point>498.000000,766.000000</point>
				<point>521.000000,823.000000</point>
			</points>
		</object>
		<object>
			<coordinate>pixel</coordinate>
			<type>rectangle</type>
			<description>None</description>
			<possibleresult>
				<name>A220</name>
			</possibleresult>
			<points>
				<point>484.000000,756.000000</point>
				<point>550.000000,730.000000</point>
				<point>527.000000,673.000000</point>
				<point>462.000000,699.000000</point>
				<point>484.000000,756.000000</point>
			</points>
		</object>
		<object>
			<coordinate>pixel</coordinate>
			<type>rectangle</type>
			<description>None</description>
			<possibleresult>
				<name>other-airplane</name>
			</possibleresult>
			<points>
				<point>442.000000,691.000000</point>
				<point>506.000000,665.000000</point>
				<point>484.000000,609.000000</point>
				<point>420.000000,634.000000</point>
				<point>442.000000,691.000000</point>
			</points>
		</object>
		<object>
			<coordinate>pixel</coordinate>
			<type>rectangle</type>
			<description>None</description>
			<possibleresult>
				<name>other-airplane</name>
			</possibleresult>
			<points>
				<point>406.000000,623.000000</point>
				<point>469.000000,598.000000</point>
				<point>446.000000,538.000000</point>
				<point>382.000000,563.000000</point>
				<point>406.000000,623.000000</point>
			</points>
		</object>
		<object>
			<coordinate>pixel</coordinate>
			<type>rectangle</type>
			<description>None</description>
			<possibleresult>
				<name>other-airplane</name>
			</possibleresult>
			<points>
				<point>706.000000,451.000000</point>
				<point>733.000000,508.000000</point>
				<point>791.000000,480.000000</point>
				<point>764.000000,424.000000</point>
				<point>706.000000,451.000000</point>
			</points>
		</object>
		<object>
			<coordinate>pixel</coordinate>
			<type>rectangle</type>
			<description>None</description>
			<possibleresult>
				<name>A321</name>
			</possibleresult>
			<points>
				<point>805.000000,399.000000</point>
				<point>839.000000,471.000000</point>
				<point>896.000000,444.000000</point>
				<point>862.000000,372.000000</point>
				<point>805.000000,399.000000</point>
			</points>
		</object>
		<object>
			<coordinate>pixel</coordinate>
			<type>rectangle</type>
			<description>None</description>
			<possibleresult>
				<name>A220</name>
			</possibleresult>
			<points>
				<point>909.000000,362.000000</point>
				<point>937.000000,420.000000</point>
				<point>992.000000,394.000000</point>
				<point>964.000000,336.000000</point>
				<point>909.000000,362.000000</point>
			</points>
		</object>
		<object>
			<coordinate>pixel</coordinate>
			<type>rectangle</type>
			<description>None</description>
			<possibleresult>
				<name>Boeing747</name>
			</possibleresult>
			<points>
				<point>667.000000,341.000000</point>
				<point>595.000000,210.000000</point>
				<point>494.000000,265.000000</point>
				<point>567.000000,396.000000</point>
				<point>667.000000,341.000000</point>
			</points>
		</object>
		<object>
			<coordinate>pixel</coordinate>
			<type>rectangle</type>
			<description>None</description>
			<possibleresult>
				<name>other-airplane</name>
			</possibleresult>
			<points>
				<point>222.000000,831.000000</point>
				<point>160.000000,860.000000</point>
				<point>190.000000,922.000000</point>
				<point>251.000000,893.000000</point>
				<point>222.000000,831.000000</point>
			</points>
		</object>
	</objects>
</annotation>