<?xml version="1.0" encoding="utf-8"?>
<annotation>
	<source>
		<filename>1039.tif</filename>
		<origin>GF2/GF3</origin>
	</source>
	<research>
		<version>1.0</version>
		<provider>FAIR1M</provider>
		<author>Cyber</author>
		<pluginname>FAIR1M</pluginname>
		<pluginclass>object detection</pluginclass>
		<time>2021-03</time>
	</research>
	<size>
		<width>1500</width>
		<height>1500</height>
		<depth>3</depth>
	</size>
	<objects>
		<object>
			<coordinate>pixel</coordinate>
			<type>rectangle</type>
			<description>None</description>
			<possibleresult>
				<name>Dry Cargo Ship</name>
			</possibleresult>
			<points>
				<point>96.000000,451.000000</point>
				<point>5.000000,478.000000</point>
				<point>12.000000,500.000000</point>
				<point>102.000000,474.000000</point>
				<point>96.000000,451.000000</point>
			</points>
		</object>
		<object>
			<coordinate>pixel</coordinate>
			<type>rectangle</type>
			<description>None</description>
			<possibleresult>
				<name>Dry Cargo Ship</name>
			</possibleresult>
			<points>
				<point>25.000000,819.000000</point>
				<point>-11.000000,898.000000</point>
				<point>9.000000,907.000000</point>
				<point>45.000000,828.000000</point>
				<point>25.000000,819.000000</point>
			</points>
		</object>
		<object>
			<coordinate>pixel</coordinate>
			<type>rectangle</type>
			<description>None</description>
			<possibleresult>
				<name>Dry Cargo Ship</name>
			</possibleresult>
			<points>
				<point>41.000000,840.000000</point>
				<point>12.000000,909.000000</point>
				<point>31.000000,917.000000</point>
				<point>59.000000,848.000000</point>
				<point>41.000000,840.000000</point>
			</points>
		</object>
		<object>
			<coordinate>pixel</coordinate>
			<type>rectangle</type>
			<description>None</description>
			<possibleresult>
				<name>Dry Cargo Ship</name>
			</possibleresult>
			<points>
				<point>64.000000,838.000000</point>
				<point>31.000000,918.000000</point>
				<point>48.000000,925.000000</point>
				<point>81.000000,845.000000</point>
				<point>64.000000,838.000000</point>
			</points>
		</object>
		<object>
			<coordinate>pixel</coordinate>
			<type>rectangle</type>
			<description>None</description>
			<possibleresult>
				<name>Dry Cargo Ship</name>
			</possibleresult>
			<points>
				<point>83.000000,841.000000</point>
				<point>45.000000,922.000000</point>
				<point>66.000000,932.000000</point>
				<point>104.000000,851.000000</point>
				<point>83.000000,841.000000</point>
			</points>
		</object>
		<object>
			<coordinate>pixel</coordinate>
			<type>rectangle</type>
			<description>None</description>
			<possibleresult>
				<name>Dry Cargo Ship</name>
			</possibleresult>
			<points>
				<point>93.000000,869.000000</point>
				<point>65.000000,931.000000</point>
				<point>82.000000,938.000000</point>
				<point>110.000000,876.000000</point>
				<point>93.000000,869.000000</point>
			</points>
		</object>
		<object>
			<coordinate>pixel</coordinate>
			<type>rectangle</type>
			<description>None</description>
			<possibleresult>
				<name>Dry Cargo Ship</name>
			</possibleresult>
			<points>
				<point>238.000000,1015.000000</point>
				<point>312.000000,1043.000000</point>
				<point>319.000000,1024.000000</point>
				<point>246.000000,996.000000</point>
				<point>238.000000,1015.000000</point>
			</points>
		</object>
		<object>
			<coordinate>pixel</coordinate>
			<type>rectangle</type>
			<description>None</description>
			<possibleresult>
				<name>Dry Cargo Ship</name>
			</possibleresult>
			<points>
				<point>312.000000,1148.000000</point>
				<point>362.000000,1029.000000</point>
				<point>333.000000,1017.000000</point>
				<point>283.000000,1136.000000</point>
				<point>312.000000,1148.000000</point>
			</points>
		</object>
		<object>
			<coordinate>pixel</coordinate>
			<type>rectangle</type>
			<description>None</description>
			<possibleresult>
				<name>Dry Cargo Ship</name>
			</possibleresult>
			<points>
				<point>759.000000,1379.000000</point>
				<point>786.000000,1318.000000</point>
				<point>774.000000,1313.000000</point>
				<point>746.000000,1374.000000</point>
				<point>759.000000,1379.000000</point>
			</points>
		</object>
		<object>
			<coordinate>pixel</coordinate>
			<type>rectangle</type>
			<description>None</description>
			<possibleresult>
				<name>Dry Cargo Ship</name>
			</possibleresult>
			<points>
				<point>465.000000,1222.000000</point>
				<point>381.000000,1186.000000</point>
				<point>372.000000,1206.000000</point>
				<point>456.000000,1242.000000</point>
				<point>465.000000,1222.000000</point>
			</points>
		</object>
		<object>
			<coordinate>pixel</coordinate>
			<type>rectangle</type>
			<description>None</description>
			<possibleresult>
				<name>Dry Cargo Ship</name>
			</possibleresult>
			<points>
				<point>959.000000,1185.000000</point>
				<point>882.000000,1149.000000</point>
				<point>873.000000,1167.000000</point>
				<point>951.000000,1203.000000</point>
				<point>959.000000,1185.000000</point>
			</points>
		</object>
		<object>
			<coordinate>pixel</coordinate>
			<type>rectangle</type>
			<description>None</description>
			<possibleresult>
				<name>Dry Cargo Ship</name>
			</possibleresult>
			<points>
				<point>722.000000,1163.000000</point>
				<point>698.000000,1217.000000</point>
				<point>714.000000,1224.000000</point>
				<point>737.000000,1170.000000</point>
				<point>722.000000,1163.000000</point>
			</points>
		</object>
		<object>
			<coordinate>pixel</coordinate>
			<type>rectangle</type>
			<description>None</description>
			<possibleresult>
				<name>Dry Cargo Ship</name>
			</possibleresult>
			<points>
				<point>782.000000,1313.000000</point>
				<point>825.000000,1217.000000</point>
				<point>808.000000,1209.000000</point>
				<point>765.000000,1305.000000</point>
				<point>782.000000,1313.000000</point>
			</points>
		</object>
		<object>
			<coordinate>pixel</coordinate>
			<type>rectangle</type>
			<description>None</description>
			<possibleresult>
				<name>Dry Cargo Ship</name>
			</possibleresult>
			<points>
				<point>590.000000,1159.000000</point>
				<point>562.000000,1222.000000</point>
				<point>581.000000,1231.000000</point>
				<point>610.000000,1167.000000</point>
				<point>590.000000,1159.000000</point>
			</points>
		</object>
		<object>
			<coordinate>pixel</coordinate>
			<type>rectangle</type>
			<description>None</description>
			<possibleresult>
				<name>Dry Cargo Ship</name>
			</possibleresult>
			<points>
				<point>575.000000,1145.000000</point>
				<point>540.000000,1225.000000</point>
				<point>557.000000,1233.000000</point>
				<point>593.000000,1153.000000</point>
				<point>575.000000,1145.000000</point>
			</points>
		</object>
		<object>
			<coordinate>pixel</coordinate>
			<type>rectangle</type>
			<description>None</description>
			<possibleresult>
				<name>Dry Cargo Ship</name>
			</possibleresult>
			<points>
				<point>632.000000,1067.000000</point>
				<point>604.000000,1133.000000</point>
				<point>617.000000,1138.000000</point>
				<point>645.000000,1073.000000</point>
				<point>632.000000,1067.000000</point>
			</points>
		</object>
		<object>
			<coordinate>pixel</coordinate>
			<type>rectangle</type>
			<description>None</description>
			<possibleresult>
				<name>Dry Cargo Ship</name>
			</possibleresult>
			<points>
				<point>644.000000,1072.000000</point>
				<point>618.000000,1140.000000</point>
				<point>636.000000,1147.000000</point>
				<point>661.000000,1079.000000</point>
				<point>644.000000,1072.000000</point>
			</points>
		</object>
		<object>
			<coordinate>pixel</coordinate>
			<type>rectangle</type>
			<description>None</description>
			<possibleresult>
				<name>Dry Cargo Ship</name>
			</possibleresult>
			<points>
				<point>612.000000,1061.000000</point>
				<point>586.000000,1126.000000</point>
				<point>604.000000,1133.000000</point>
				<point>631.000000,1068.000000</point>
				<point>612.000000,1061.000000</point>
			</points>
		</object>
		<object>
			<coordinate>pixel</coordinate>
			<type>rectangle</type>
			<description>None</description>
			<possibleresult>
				<name>Dry Cargo Ship</name>
			</possibleresult>
			<points>
				<point>669.000000,1311.000000</point>
				<point>703.000000,1231.000000</point>
				<point>683.000000,1223.000000</point>
				<point>649.000000,1302.000000</point>
				<point>669.000000,1311.000000</point>
			</points>
		</object>
		<object>
			<coordinate>pixel</coordinate>
			<type>rectangle</type>
			<description>None</description>
			<possibleresult>
				<name>Dry Cargo Ship</name>
			</possibleresult>
			<points>
				<point>691.000000,1316.000000</point>
				<point>724.000000,1238.000000</point>
				<point>704.000000,1230.000000</point>
				<point>671.000000,1308.000000</point>
				<point>691.000000,1316.000000</point>
			</points>
		</object>
		<object>
			<coordinate>pixel</coordinate>
			<type>rectangle</type>
			<description>None</description>
			<possibleresult>
				<name>Dry Cargo Ship</name>
			</possibleresult>
			<points>
				<point>740.000000,1153.000000</point>
				<point>710.000000,1221.000000</point>
				<point>729.000000,1229.000000</point>
				<point>759.000000,1161.000000</point>
				<point>740.000000,1153.000000</point>
			</points>
		</object>
		<object>
			<coordinate>pixel</coordinate>
			<type>rectangle</type>
			<description>None</description>
			<possibleresult>
				<name>Dry Cargo Ship</name>
			</possibleresult>
			<points>
				<point>786.000000,1212.000000</point>
				<point>753.000000,1290.000000</point>
				<point>772.000000,1298.000000</point>
				<point>805.000000,1220.000000</point>
				<point>786.000000,1212.000000</point>
			</points>
		</object>
		<object>
			<coordinate>pixel</coordinate>
			<type>rectangle</type>
			<description>None</description>
			<possibleresult>
				<name>Dry Cargo Ship</name>
			</possibleresult>
			<points>
				<point>736.000000,1368.000000</point>
				<point>763.000000,1305.000000</point>
				<point>749.000000,1299.000000</point>
				<point>722.000000,1363.000000</point>
				<point>736.000000,1368.000000</point>
			</points>
		</object>
		<object>
			<coordinate>pixel</coordinate>
			<type>rectangle</type>
			<description>None</description>
			<possibleresult>
				<name>Dry Cargo Ship</name>
			</possibleresult>
			<points>
				<point>745.000000,1377.000000</point>
				<point>775.000000,1316.000000</point>
				<point>762.000000,1310.000000</point>
				<point>733.000000,1371.000000</point>
				<point>745.000000,1377.000000</point>
			</points>
		</object>
		<object>
			<coordinate>pixel</coordinate>
			<type>rectangle</type>
			<description>None</description>
			<possibleresult>
				<name>Dry Cargo Ship</name>
			</possibleresult>
			<points>
				<point>762.000000,1384.000000</point>
				<point>823.000000,1410.000000</point>
				<point>828.000000,1398.000000</point>
				<point>767.000000,1372.000000</point>
				<point>762.000000,1384.000000</point>
			</points>
		</object>
		<object>
			<coordinate>pixel</coordinate>
			<type>rectangle</type>
			<description>None</description>
			<possibleresult>
				<name>Dry Cargo Ship</name>
			</possibleresult>
			<points>
				<point>801.000000,1198.000000</point>
				<point>864.000000,1224.000000</point>
				<point>869.000000,1212.000000</point>
				<point>806.000000,1186.000000</point>
				<point>801.000000,1198.000000</point>
			</points>
		</object>
		<object>
			<coordinate>pixel</coordinate>
			<type>rectangle</type>
			<description>None</description>
			<possibleresult>
				<name>Dry Cargo Ship</name>
			</possibleresult>
			<points>
				<point>956.000000,1255.000000</point>
				<point>880.000000,1220.000000</point>
				<point>872.000000,1236.000000</point>
				<point>948.000000,1272.000000</point>
				<point>956.000000,1255.000000</point>
			</points>
		</object>
		<object>
			<coordinate>pixel</coordinate>
			<type>rectangle</type>
			<description>None</description>
			<possibleresult>
				<name>Dry Cargo Ship</name>
			</possibleresult>
			<points>
				<point>857.000000,1453.000000</point>
				<point>938.000000,1490.000000</point>
				<point>947.000000,1471.000000</point>
				<point>866.000000,1433.000000</point>
				<point>857.000000,1453.000000</point>
			</points>
		</object>
		<object>
			<coordinate>pixel</coordinate>
			<type>rectangle</type>
			<description>None</description>
			<possibleresult>
				<name>Dry Cargo Ship</name>
			</possibleresult>
			<points>
				<point>1269.000000,1383.000000</point>
				<point>1326.000000,1309.000000</point>
				<point>1312.000000,1298.000000</point>
				<point>1255.000000,1372.000000</point>
				<point>1269.000000,1383.000000</point>
			</points>
		</object>
		<object>
			<coordinate>pixel</coordinate>
			<type>rectangle</type>
			<description>None</description>
			<possibleresult>
				<name>Dry Cargo Ship</name>
			</possibleresult>
			<points>
				<point>744.000000,1405.000000</point>
				<point>807.000000,1431.000000</point>
				<point>812.000000,1420.000000</point>
				<point>749.000000,1393.000000</point>
				<point>744.000000,1405.000000</point>
			</points>
		</object>
		<object>
			<coordinate>pixel</coordinate>
			<type>rectangle</type>
			<description>None</description>
			<possibleresult>
				<name>Dry Cargo Ship</name>
			</possibleresult>
			<points>
				<point>1327.000000,1425.000000</point>
				<point>1391.000000,1452.000000</point>
				<point>1396.000000,1440.000000</point>
				<point>1332.000000,1413.000000</point>
				<point>1327.000000,1425.000000</point>
			</points>
		</object>
		<object>
			<coordinate>pixel</coordinate>
			<type>rectangle</type>
			<description>None</description>
			<possibleresult>
				<name>Dry Cargo Ship</name>
			</possibleresult>
			<points>
				<point>1280.000000,1391.000000</point>
				<point>1341.000000,1320.000000</point>
				<point>1328.000000,1310.000000</point>
				<point>1268.000000,1381.000000</point>
				<point>1280.000000,1391.000000</point>
			</points>
		</object>
		<object>
			<coordinate>pixel</coordinate>
			<type>rectangle</type>
			<description>None</description>
			<possibleresult>
				<name>Dry Cargo Ship</name>
			</possibleresult>
			<points>
				<point>1218.000000,1374.000000</point>
				<point>1238.000000,1347.000000</point>
				<point>1229.000000,1340.000000</point>
				<point>1209.000000,1367.000000</point>
				<point>1218.000000,1374.000000</point>
			</points>
		</object>
		<object>
			<coordinate>pixel</coordinate>
			<type>rectangle</type>
			<description>None</description>
			<possibleresult>
				<name>Dry Cargo Ship</name>
			</possibleresult>
			<points>
				<point>1216.000000,1399.000000</point>
				<point>1249.000000,1355.000000</point>
				<point>1239.000000,1347.000000</point>
				<point>1206.000000,1391.000000</point>
				<point>1216.000000,1399.000000</point>
			</points>
		</object>
		<object>
			<coordinate>pixel</coordinate>
			<type>rectangle</type>
			<description>None</description>
			<possibleresult>
				<name>Liquid Cargo Ship</name>
			</possibleresult>
			<points>
				<point>1130.000000,1370.000000</point>
				<point>1106.000000,1425.000000</point>
				<point>1117.000000,1429.000000</point>
				<point>1141.000000,1374.000000</point>
				<point>1130.000000,1370.000000</point>
			</points>
		</object>
		<object>
			<coordinate>pixel</coordinate>
			<type>rectangle</type>
			<description>None</description>
			<possibleresult>
				<name>other-ship</name>
			</possibleresult>
			<points>
				<point>1136.000000,1383.000000</point>
				<point>1117.000000,1428.000000</point>
				<point>1126.000000,1432.000000</point>
				<point>1145.000000,1387.000000</point>
				<point>1136.000000,1383.000000</point>
			</points>
		</object>
		<object>
			<coordinate>pixel</coordinate>
			<type>rectangle</type>
			<description>None</description>
			<possibleresult>
				<name>Dry Cargo Ship</name>
			</possibleresult>
			<points>
				<point>1247.000000,1330.000000</point>
				<point>1295.000000,1275.000000</point>
				<point>1283.000000,1265.000000</point>
				<point>1236.000000,1320.000000</point>
				<point>1247.000000,1330.000000</point>
			</points>
		</object>
		<object>
			<coordinate>pixel</coordinate>
			<type>rectangle</type>
			<description>None</description>
			<possibleresult>
				<name>Dry Cargo Ship</name>
			</possibleresult>
			<points>
				<point>1253.000000,1350.000000</point>
				<point>1312.000000,1275.000000</point>
				<point>1300.000000,1265.000000</point>
				<point>1240.000000,1341.000000</point>
				<point>1253.000000,1350.000000</point>
			</points>
		</object>
		<object>
			<coordinate>pixel</coordinate>
			<type>rectangle</type>
			<description>None</description>
			<possibleresult>
				<name>Dry Cargo Ship</name>
			</possibleresult>
			<points>
				<point>1297.000000,603.000000</point>
				<point>1391.000000,644.000000</point>
				<point>1399.000000,624.000000</point>
				<point>1305.000000,583.000000</point>
				<point>1297.000000,603.000000</point>
			</points>
		</object>
		<object>
			<coordinate>pixel</coordinate>
			<type>rectangle</type>
			<description>None</description>
			<possibleresult>
				<name>Dry Cargo Ship</name>
			</possibleresult>
			<points>
				<point>1235.000000,556.000000</point>
				<point>1028.000000,462.000000</point>
				<point>1013.000000,495.000000</point>
				<point>1220.000000,590.000000</point>
				<point>1235.000000,556.000000</point>
			</points>
		</object>
		<object>
			<coordinate>pixel</coordinate>
			<type>rectangle</type>
			<description>None</description>
			<possibleresult>
				<name>Dry Cargo Ship</name>
			</possibleresult>
			<points>
				<point>808.000000,381.000000</point>
				<point>872.000000,409.000000</point>
				<point>878.000000,397.000000</point>
				<point>814.000000,369.000000</point>
				<point>808.000000,381.000000</point>
			</points>
		</object>
		<object>
			<coordinate>pixel</coordinate>
			<type>rectangle</type>
			<description>None</description>
			<possibleresult>
				<name>Dry Cargo Ship</name>
			</possibleresult>
			<points>
				<point>754.000000,1395.000000</point>
				<point>818.000000,1423.000000</point>
				<point>823.000000,1410.000000</point>
				<point>759.000000,1383.000000</point>
				<point>754.000000,1395.000000</point>
			</points>
		</object>
		<object>
			<coordinate>pixel</coordinate>
			<type>rectangle</type>
			<description>None</description>
			<possibleresult>
				<name>Dry Cargo Ship</name>
			</possibleresult>
			<points>
				<point>175.000000,962.000000</point>
				<point>101.000000,930.000000</point>
				<point>93.000000,948.000000</point>
				<point>167.000000,981.000000</point>
				<point>175.000000,962.000000</point>
			</points>
		</object>
		<object>
			<coordinate>pixel</coordinate>
			<type>rectangle</type>
			<description>None</description>
			<possibleresult>
				<name>Tugboat</name>
			</possibleresult>
			<points>
				<point>628.000000,296.000000</point>
				<point>665.000000,315.000000</point>
				<point>670.000000,305.000000</point>
				<point>633.000000,286.000000</point>
				<point>628.000000,296.000000</point>
			</points>
		</object>
		<object>
			<coordinate>pixel</coordinate>
			<type>rectangle</type>
			<description>None</description>
			<possibleresult>
				<name>Tugboat</name>
			</possibleresult>
			<points>
				<point>620.000000,308.000000</point>
				<point>656.000000,327.000000</point>
				<point>662.000000,316.000000</point>
				<point>626.000000,297.000000</point>
				<point>620.000000,308.000000</point>
			</points>
		</object>
		<object>
			<coordinate>pixel</coordinate>
			<type>rectangle</type>
			<description>None</description>
			<possibleresult>
				<name>other-ship</name>
			</possibleresult>
			<points>
				<point>596.000000,330.000000</point>
				<point>606.000000,305.000000</point>
				<point>599.000000,302.000000</point>
				<point>589.000000,327.000000</point>
				<point>596.000000,330.000000</point>
			</points>
		</object>
		<object>
			<coordinate>pixel</coordinate>
			<type>rectangle</type>
			<description>None</description>
			<possibleresult>
				<name>other-ship</name>
			</possibleresult>
			<points>
				<point>542.000000,244.000000</point>
				<point>525.000000,279.000000</point>
				<point>534.000000,283.000000</point>
				<point>551.000000,248.000000</point>
				<point>542.000000,244.000000</point>
			</points>
		</object>
		<object>
			<coordinate>pixel</coordinate>
			<type>rectangle</type>
			<description>None</description>
			<possibleresult>
				<name>Dry Cargo Ship</name>
			</possibleresult>
			<points>
				<point>416.000000,237.000000</point>
				<point>487.000000,267.000000</point>
				<point>494.000000,252.000000</point>
				<point>423.000000,222.000000</point>
				<point>416.000000,237.000000</point>
			</points>
		</object>
		<object>
			<coordinate>pixel</coordinate>
			<type>rectangle</type>
			<description>None</description>
			<possibleresult>
				<name>Dry Cargo Ship</name>
			</possibleresult>
			<points>
				<point>414.000000,251.000000</point>
				<point>481.000000,278.000000</point>
				<point>486.000000,265.000000</point>
				<point>419.000000,238.000000</point>
				<point>414.000000,251.000000</point>
			</points>
		</object>
		<object>
			<coordinate>pixel</coordinate>
			<type>rectangle</type>
			<description>None</description>
			<possibleresult>
				<name>Dry Cargo Ship</name>
			</possibleresult>
			<points>
				<point>297.000000,156.000000</point>
				<point>339.000000,64.000000</point>
				<point>318.000000,54.000000</point>
				<point>276.000000,146.000000</point>
				<point>297.000000,156.000000</point>
			</points>
		</object>
		<object>
			<coordinate>pixel</coordinate>
			<type>rectangle</type>
			<description>None</description>
			<possibleresult>
				<name>Dry Cargo Ship</name>
			</possibleresult>
			<points>
				<point>438.000000,289.000000</point>
				<point>401.000000,367.000000</point>
				<point>421.000000,377.000000</point>
				<point>458.000000,298.000000</point>
				<point>438.000000,289.000000</point>
			</points>
		</object>
		<object>
			<coordinate>pixel</coordinate>
			<type>rectangle</type>
			<description>None</description>
			<possibleresult>
				<name>Dry Cargo Ship</name>
			</possibleresult>
			<points>
				<point>303.000000,217.000000</point>
				<point>394.000000,257.000000</point>
				<point>404.000000,234.000000</point>
				<point>313.000000,194.000000</point>
				<point>303.000000,217.000000</point>
			</points>
		</object>
		<object>
			<coordinate>pixel</coordinate>
			<type>rectangle</type>
			<description>None</description>
			<possibleresult>
				<name>Dry Cargo Ship</name>
			</possibleresult>
			<points>
				<point>329.000000,199.000000</point>
				<point>405.000000,234.000000</point>
				<point>413.000000,216.000000</point>
				<point>337.000000,182.000000</point>
				<point>329.000000,199.000000</point>
			</points>
		</object>
		<object>
			<coordinate>pixel</coordinate>
			<type>rectangle</type>
			<description>None</description>
			<possibleresult>
				<name>Dry Cargo Ship</name>
			</possibleresult>
			<points>
				<point>353.000000,80.000000</point>
				<point>314.000000,171.000000</point>
				<point>340.000000,182.000000</point>
				<point>379.000000,92.000000</point>
				<point>353.000000,80.000000</point>
			</points>
		</object>
		<object>
			<coordinate>pixel</coordinate>
			<type>rectangle</type>
			<description>None</description>
			<possibleresult>
				<name>Dry Cargo Ship</name>
			</possibleresult>
			<points>
				<point>316.000000,166.000000</point>
				<point>357.000000,75.000000</point>
				<point>337.000000,66.000000</point>
				<point>296.000000,157.000000</point>
				<point>316.000000,166.000000</point>
			</points>
		</object>
		<object>
			<coordinate>pixel</coordinate>
			<type>rectangle</type>
			<description>None</description>
			<possibleresult>
				<name>other-ship</name>
			</possibleresult>
			<points>
				<point>304.000000,42.000000</point>
				<point>291.000000,69.000000</point>
				<point>298.000000,72.000000</point>
				<point>311.000000,45.000000</point>
				<point>304.000000,42.000000</point>
			</points>
		</object>
		<object>
			<coordinate>pixel</coordinate>
			<type>rectangle</type>
			<description>None</description>
			<possibleresult>
				<name>other-ship</name>
			</possibleresult>
			<points>
				<point>298.000000,34.000000</point>
				<point>281.000000,68.000000</point>
				<point>290.000000,73.000000</point>
				<point>307.000000,39.000000</point>
				<point>298.000000,34.000000</point>
			</points>
		</object>
		<object>
			<coordinate>pixel</coordinate>
			<type>rectangle</type>
			<description>None</description>
			<possibleresult>
				<name>other-ship</name>
			</possibleresult>
			<points>
				<point>213.000000,8.000000</point>
				<point>250.000000,24.000000</point>
				<point>254.000000,14.000000</point>
				<point>218.000000,-2.000000</point>
				<point>213.000000,8.000000</point>
			</points>
		</object>
		<object>
			<coordinate>pixel</coordinate>
			<type>rectangle</type>
			<description>None</description>
			<possibleresult>
				<name>other-ship</name>
			</possibleresult>
			<points>
				<point>310.000000,44.000000</point>
				<point>297.000000,71.000000</point>
				<point>306.000000,75.000000</point>
				<point>319.000000,49.000000</point>
				<point>310.000000,44.000000</point>
			</points>
		</object>
	</objects>
</annotation>