<?xml version="1.0" encoding="utf-8"?>
<annotation>
	<source>
		<filename>1041.tif</filename>
		<origin>GF2/GF3</origin>
	</source>
	<research>
		<version>1.0</version>
		<provider>FAIR1M</provider>
		<author>Cyber</author>
		<pluginname>FAIR1M</pluginname>
		<pluginclass>object detection</pluginclass>
		<time>2021-03</time>
	</research>
	<size>
		<width>1000</width>
		<height>1000</height>
		<depth>3</depth>
	</size>
	<objects>
		<object>
			<coordinate>pixel</coordinate>
			<type>rectangle</type>
			<description>None</description>
			<possibleresult>
				<name>Intersection</name>
			</possibleresult>
			<points>
				<point>829.694092,651.023560</point>
				<point>828.000000,701.000000</point>
				<point>768.305908,698.976440</point>
				<point>770.000000,649.000000</point>
				<point>829.694092,651.023560</point>
			</points>
		</object>
		<object>
			<coordinate>pixel</coordinate>
			<type>rectangle</type>
			<description>None</description>
			<possibleresult>
				<name>Intersection</name>
			</possibleresult>
			<points>
				<point>208.001648,660.959167</point>
				<point>205.999969,709.999939</point>
				<point>157.998322,708.040710</point>
				<point>160.000000,658.999939</point>
				<point>208.001648,660.959167</point>
			</points>
		</object>
		<object>
			<coordinate>pixel</coordinate>
			<type>rectangle</type>
			<description>None</description>
			<possibleresult>
				<name>Intersection</name>
			</possibleresult>
			<points>
				<point>205.000000,291.000000</point>
				<point>161.000000,291.000000</point>
				<point>161.000000,257.000000</point>
				<point>205.000000,257.000000</point>
				<point>205.000000,291.000000</point>
			</points>
		</object>
		<object>
			<coordinate>pixel</coordinate>
			<type>rectangle</type>
			<description>None</description>
			<possibleresult>
				<name>Intersection</name>
			</possibleresult>
			<points>
				<point>825.000000,286.000000</point>
				<point>763.000000,286.000000</point>
				<point>763.000000,240.000000</point>
				<point>825.000000,240.000000</point>
				<point>825.000000,286.000000</point>
			</points>
		</object>
		<object>
			<coordinate>pixel</coordinate>
			<type>rectangle</type>
			<description>None</description>
			<possibleresult>
				<name>Dump Truck</name>
			</possibleresult>
			<points>
				<point>1000.000000,40.000000</point>
				<point>971.000000,40.000000</point>
				<point>971.000000,29.000000</point>
				<point>1000.000000,29.000000</point>
				<point>1000.000000,40.000000</point>
			</points>
		</object>
		<object>
			<coordinate>pixel</coordinate>
			<type>rectangle</type>
			<description>None</description>
			<possibleresult>
				<name>Small Car</name>
			</possibleresult>
			<points>
				<point>784.000000,202.000000</point>
				<point>775.000000,202.000000</point>
				<point>775.000000,186.000000</point>
				<point>784.000000,186.000000</point>
				<point>784.000000,202.000000</point>
			</points>
		</object>
		<object>
			<coordinate>pixel</coordinate>
			<type>rectangle</type>
			<description>None</description>
			<possibleresult>
				<name>Dump Truck</name>
			</possibleresult>
			<points>
				<point>672.877075,189.955627</point>
				<point>664.000000,191.000000</point>
				<point>662.000000,174.000000</point>
				<point>670.877075,172.955627</point>
				<point>672.877075,189.955627</point>
			</points>
		</object>
		<object>
			<coordinate>pixel</coordinate>
			<type>rectangle</type>
			<description>None</description>
			<possibleresult>
				<name>Small Car</name>
			</possibleresult>
			<points>
				<point>746.000122,88.000015</point>
				<point>740.000122,103.000015</point>
				<point>731.724243,99.689667</point>
				<point>737.724243,84.689667</point>
				<point>746.000122,88.000015</point>
			</points>
		</object>
		<object>
			<coordinate>pixel</coordinate>
			<type>rectangle</type>
			<description>None</description>
			<possibleresult>
				<name>Small Car</name>
			</possibleresult>
			<points>
				<point>581.000000,37.000000</point>
				<point>561.000000,37.000000</point>
				<point>561.000000,29.000000</point>
				<point>581.000000,29.000000</point>
				<point>581.000000,37.000000</point>
			</points>
		</object>
		<object>
			<coordinate>pixel</coordinate>
			<type>rectangle</type>
			<description>None</description>
			<possibleresult>
				<name>Small Car</name>
			</possibleresult>
			<points>
				<point>660.000000,104.000000</point>
				<point>651.000000,104.000000</point>
				<point>651.000000,85.000000</point>
				<point>660.000000,85.000000</point>
				<point>660.000000,104.000000</point>
			</points>
		</object>
		<object>
			<coordinate>pixel</coordinate>
			<type>rectangle</type>
			<description>None</description>
			<possibleresult>
				<name>Small Car</name>
			</possibleresult>
			<points>
				<point>613.000000,99.000000</point>
				<point>603.000000,99.000000</point>
				<point>603.000000,86.000000</point>
				<point>613.000000,86.000000</point>
				<point>613.000000,99.000000</point>
			</points>
		</object>
		<object>
			<coordinate>pixel</coordinate>
			<type>rectangle</type>
			<description>None</description>
			<possibleresult>
				<name>Small Car</name>
			</possibleresult>
			<points>
				<point>593.000061,99.000008</point>
				<point>581.000061,100.000008</point>
				<point>580.000061,88.000008</point>
				<point>592.000061,87.000008</point>
				<point>593.000061,99.000008</point>
			</points>
		</object>
		<object>
			<coordinate>pixel</coordinate>
			<type>rectangle</type>
			<description>None</description>
			<possibleresult>
				<name>Small Car</name>
			</possibleresult>
			<points>
				<point>575.020264,99.284271</point>
				<point>565.000000,100.000000</point>
				<point>563.979736,85.715729</point>
				<point>574.000000,85.000000</point>
				<point>575.020264,99.284271</point>
			</points>
		</object>
		<object>
			<coordinate>pixel</coordinate>
			<type>rectangle</type>
			<description>None</description>
			<possibleresult>
				<name>Small Car</name>
			</possibleresult>
			<points>
				<point>560.999939,86.000000</point>
				<point>556.846130,101.230774</point>
				<point>545.846130,98.230774</point>
				<point>549.999939,83.000000</point>
				<point>560.999939,86.000000</point>
			</points>
		</object>
		<object>
			<coordinate>pixel</coordinate>
			<type>rectangle</type>
			<description>None</description>
			<possibleresult>
				<name>Small Car</name>
			</possibleresult>
			<points>
				<point>488.999969,126.000015</point>
				<point>472.999969,137.000015</point>
				<point>467.339508,128.766586</point>
				<point>483.339508,117.766586</point>
				<point>488.999969,126.000015</point>
			</points>
		</object>
		<object>
			<coordinate>pixel</coordinate>
			<type>rectangle</type>
			<description>None</description>
			<possibleresult>
				<name>Van</name>
			</possibleresult>
			<points>
				<point>464.000000,138.000000</point>
				<point>454.000000,138.000000</point>
				<point>454.000000,120.000000</point>
				<point>464.000000,120.000000</point>
				<point>464.000000,138.000000</point>
			</points>
		</object>
		<object>
			<coordinate>pixel</coordinate>
			<type>rectangle</type>
			<description>None</description>
			<possibleresult>
				<name>Small Car</name>
			</possibleresult>
			<points>
				<point>520.000000,32.000000</point>
				<point>498.000000,32.000000</point>
				<point>498.000000,24.000000</point>
				<point>520.000000,24.000000</point>
				<point>520.000000,32.000000</point>
			</points>
		</object>
		<object>
			<coordinate>pixel</coordinate>
			<type>rectangle</type>
			<description>None</description>
			<possibleresult>
				<name>Small Car</name>
			</possibleresult>
			<points>
				<point>494.000000,66.000000</point>
				<point>471.000000,66.000000</point>
				<point>471.000000,59.000000</point>
				<point>494.000000,59.000000</point>
				<point>494.000000,66.000000</point>
			</points>
		</object>
		<object>
			<coordinate>pixel</coordinate>
			<type>rectangle</type>
			<description>None</description>
			<possibleresult>
				<name>Small Car</name>
			</possibleresult>
			<points>
				<point>493.000000,51.000000</point>
				<point>472.000000,51.000000</point>
				<point>472.000000,44.000000</point>
				<point>493.000000,44.000000</point>
				<point>493.000000,51.000000</point>
			</points>
		</object>
		<object>
			<coordinate>pixel</coordinate>
			<type>rectangle</type>
			<description>None</description>
			<possibleresult>
				<name>Small Car</name>
			</possibleresult>
			<points>
				<point>491.000000,31.000000</point>
				<point>473.000000,31.000000</point>
				<point>473.000000,24.000000</point>
				<point>491.000000,24.000000</point>
				<point>491.000000,31.000000</point>
			</points>
		</object>
		<object>
			<coordinate>pixel</coordinate>
			<type>rectangle</type>
			<description>None</description>
			<possibleresult>
				<name>Van</name>
			</possibleresult>
			<points>
				<point>387.000000,71.000000</point>
				<point>365.000000,71.000000</point>
				<point>365.000000,63.000000</point>
				<point>387.000000,63.000000</point>
				<point>387.000000,71.000000</point>
			</points>
		</object>
		<object>
			<coordinate>pixel</coordinate>
			<type>rectangle</type>
			<description>None</description>
			<possibleresult>
				<name>Dump Truck</name>
			</possibleresult>
			<points>
				<point>187.999969,61.000008</point>
				<point>186.999969,86.000008</point>
				<point>174.979218,85.519173</point>
				<point>175.979218,60.519173</point>
				<point>187.999969,61.000008</point>
			</points>
		</object>
		<object>
			<coordinate>pixel</coordinate>
			<type>rectangle</type>
			<description>None</description>
			<possibleresult>
				<name>Excavator</name>
			</possibleresult>
			<points>
				<point>111.112427,143.869812</point>
				<point>92.000000,166.000000</point>
				<point>82.887573,158.130188</point>
				<point>102.000000,136.000000</point>
				<point>111.112427,143.869812</point>
			</points>
		</object>
		<object>
			<coordinate>pixel</coordinate>
			<type>rectangle</type>
			<description>None</description>
			<possibleresult>
				<name>Dump Truck</name>
			</possibleresult>
			<points>
				<point>179.000000,123.000000</point>
				<point>170.000000,123.000000</point>
				<point>170.000000,106.000000</point>
				<point>179.000000,106.000000</point>
				<point>179.000000,123.000000</point>
			</points>
		</object>
		<object>
			<coordinate>pixel</coordinate>
			<type>rectangle</type>
			<description>None</description>
			<possibleresult>
				<name>Dump Truck</name>
			</possibleresult>
			<points>
				<point>181.022629,123.479248</point>
				<point>180.022629,146.479248</point>
				<point>168.999985,146.000000</point>
				<point>169.999985,123.000000</point>
				<point>181.022629,123.479248</point>
			</points>
		</object>
		<object>
			<coordinate>pixel</coordinate>
			<type>rectangle</type>
			<description>None</description>
			<possibleresult>
				<name>Dump Truck</name>
			</possibleresult>
			<points>
				<point>181.006912,149.917252</point>
				<point>179.000015,174.000015</point>
				<point>167.993118,173.082779</point>
				<point>170.000015,149.000015</point>
				<point>181.006912,149.917252</point>
			</points>
		</object>
		<object>
			<coordinate>pixel</coordinate>
			<type>rectangle</type>
			<description>None</description>
			<possibleresult>
				<name>Small Car</name>
			</possibleresult>
			<points>
				<point>293.000000,255.000000</point>
				<point>292.564148,265.024536</point>
				<point>269.000000,264.000000</point>
				<point>269.435852,253.975464</point>
				<point>293.000000,255.000000</point>
			</points>
		</object>
		<object>
			<coordinate>pixel</coordinate>
			<type>rectangle</type>
			<description>None</description>
			<possibleresult>
				<name>Small Car</name>
			</possibleresult>
			<points>
				<point>270.347168,286.015076</point>
				<point>270.000000,294.000000</point>
				<point>246.652832,292.984924</point>
				<point>247.000000,285.000000</point>
				<point>270.347168,286.015076</point>
			</points>
		</object>
		<object>
			<coordinate>pixel</coordinate>
			<type>rectangle</type>
			<description>None</description>
			<possibleresult>
				<name>Dump Truck</name>
			</possibleresult>
			<points>
				<point>127.000000,265.000000</point>
				<point>94.000000,265.000000</point>
				<point>94.000000,255.000000</point>
				<point>127.000000,255.000000</point>
				<point>127.000000,265.000000</point>
			</points>
		</object>
		<object>
			<coordinate>pixel</coordinate>
			<type>rectangle</type>
			<description>None</description>
			<possibleresult>
				<name>Small Car</name>
			</possibleresult>
			<points>
				<point>50.000000,266.000000</point>
				<point>30.000000,266.000000</point>
				<point>30.000000,258.000000</point>
				<point>50.000000,258.000000</point>
				<point>50.000000,266.000000</point>
			</points>
		</object>
		<object>
			<coordinate>pixel</coordinate>
			<type>rectangle</type>
			<description>None</description>
			<possibleresult>
				<name>Dump Truck</name>
			</possibleresult>
			<points>
				<point>190.022629,267.524963</point>
				<point>189.022629,288.524963</point>
				<point>178.000015,288.000061</point>
				<point>179.000015,267.000061</point>
				<point>190.022629,267.524963</point>
			</points>
		</object>
		<object>
			<coordinate>pixel</coordinate>
			<type>rectangle</type>
			<description>None</description>
			<possibleresult>
				<name>Dump Truck</name>
			</possibleresult>
			<points>
				<point>32.000000,327.000000</point>
				<point>10.000000,327.000000</point>
				<point>10.000000,320.000000</point>
				<point>32.000000,320.000000</point>
				<point>32.000000,327.000000</point>
			</points>
		</object>
		<object>
			<coordinate>pixel</coordinate>
			<type>rectangle</type>
			<description>None</description>
			<possibleresult>
				<name>Dump Truck</name>
			</possibleresult>
			<points>
				<point>30.000000,338.000000</point>
				<point>8.000000,338.000000</point>
				<point>8.000000,330.000000</point>
				<point>30.000000,330.000000</point>
				<point>30.000000,338.000000</point>
			</points>
		</object>
		<object>
			<coordinate>pixel</coordinate>
			<type>rectangle</type>
			<description>None</description>
			<possibleresult>
				<name>Van</name>
			</possibleresult>
			<points>
				<point>30.000000,363.000000</point>
				<point>9.000000,363.000000</point>
				<point>9.000000,355.000000</point>
				<point>30.000000,355.000000</point>
				<point>30.000000,363.000000</point>
			</points>
		</object>
		<object>
			<coordinate>pixel</coordinate>
			<type>rectangle</type>
			<description>None</description>
			<possibleresult>
				<name>Small Car</name>
			</possibleresult>
			<points>
				<point>651.000000,261.000000</point>
				<point>633.000000,261.000000</point>
				<point>633.000000,250.000000</point>
				<point>651.000000,250.000000</point>
				<point>651.000000,261.000000</point>
			</points>
		</object>
		<object>
			<coordinate>pixel</coordinate>
			<type>rectangle</type>
			<description>None</description>
			<possibleresult>
				<name>Dump Truck</name>
			</possibleresult>
			<points>
				<point>691.000061,383.000031</point>
				<point>678.016418,384.180328</point>
				<point>676.000061,362.000031</point>
				<point>688.983704,360.819733</point>
				<point>691.000061,383.000031</point>
			</points>
		</object>
		<object>
			<coordinate>pixel</coordinate>
			<type>rectangle</type>
			<description>None</description>
			<possibleresult>
				<name>Dump Truck</name>
			</possibleresult>
			<points>
				<point>676.000000,385.000000</point>
				<point>664.000000,385.000000</point>
				<point>664.000000,362.000000</point>
				<point>676.000000,362.000000</point>
				<point>676.000000,385.000000</point>
			</points>
		</object>
		<object>
			<coordinate>pixel</coordinate>
			<type>rectangle</type>
			<description>None</description>
			<possibleresult>
				<name>Small Car</name>
			</possibleresult>
			<points>
				<point>750.000000,392.000000</point>
				<point>739.000000,392.000000</point>
				<point>739.000000,374.000000</point>
				<point>750.000000,374.000000</point>
				<point>750.000000,392.000000</point>
			</points>
		</object>
		<object>
			<coordinate>pixel</coordinate>
			<type>rectangle</type>
			<description>None</description>
			<possibleresult>
				<name>Dump Truck</name>
			</possibleresult>
			<points>
				<point>714.402100,392.545776</point>
				<point>707.000000,398.000000</point>
				<point>692.597900,378.454224</point>
				<point>700.000000,373.000000</point>
				<point>714.402100,392.545776</point>
			</points>
		</object>
		<object>
			<coordinate>pixel</coordinate>
			<type>rectangle</type>
			<description>None</description>
			<possibleresult>
				<name>Small Car</name>
			</possibleresult>
			<points>
				<point>726.000000,376.000000</point>
				<point>725.000000,394.000000</point>
				<point>715.972290,393.498474</point>
				<point>716.972290,375.498474</point>
				<point>726.000000,376.000000</point>
			</points>
		</object>
		<object>
			<coordinate>pixel</coordinate>
			<type>rectangle</type>
			<description>None</description>
			<possibleresult>
				<name>Dump Truck</name>
			</possibleresult>
			<points>
				<point>738.000000,391.000000</point>
				<point>727.000000,391.000000</point>
				<point>727.000000,372.000000</point>
				<point>738.000000,372.000000</point>
				<point>738.000000,391.000000</point>
			</points>
		</object>
		<object>
			<coordinate>pixel</coordinate>
			<type>rectangle</type>
			<description>None</description>
			<possibleresult>
				<name>Van</name>
			</possibleresult>
			<points>
				<point>785.000061,407.000000</point>
				<point>777.031189,407.498047</point>
				<point>776.000061,391.000000</point>
				<point>783.968933,390.501953</point>
				<point>785.000061,407.000000</point>
			</points>
		</object>
		<object>
			<coordinate>pixel</coordinate>
			<type>rectangle</type>
			<description>None</description>
			<possibleresult>
				<name>Small Car</name>
			</possibleresult>
			<points>
				<point>522.000000,369.000000</point>
				<point>499.000000,369.000000</point>
				<point>499.000000,361.000000</point>
				<point>522.000000,361.000000</point>
				<point>522.000000,369.000000</point>
			</points>
		</object>
		<object>
			<coordinate>pixel</coordinate>
			<type>rectangle</type>
			<description>None</description>
			<possibleresult>
				<name>Small Car</name>
			</possibleresult>
			<points>
				<point>520.427673,380.020386</point>
				<point>520.000061,389.000000</point>
				<point>498.572449,387.979614</point>
				<point>499.000061,379.000000</point>
				<point>520.427673,380.020386</point>
			</points>
		</object>
		<object>
			<coordinate>pixel</coordinate>
			<type>rectangle</type>
			<description>None</description>
			<possibleresult>
				<name>Small Car</name>
			</possibleresult>
			<points>
				<point>520.349121,405.017456</point>
				<point>520.000061,412.000000</point>
				<point>499.650909,410.982544</point>
				<point>500.000000,404.000000</point>
				<point>520.349121,405.017456</point>
			</points>
		</object>
		<object>
			<coordinate>pixel</coordinate>
			<type>rectangle</type>
			<description>None</description>
			<possibleresult>
				<name>Small Car</name>
			</possibleresult>
			<points>
				<point>521.000000,437.000000</point>
				<point>500.000000,437.000000</point>
				<point>500.000000,428.000000</point>
				<point>521.000000,428.000000</point>
				<point>521.000000,437.000000</point>
			</points>
		</object>
		<object>
			<coordinate>pixel</coordinate>
			<type>rectangle</type>
			<description>None</description>
			<possibleresult>
				<name>Small Car</name>
			</possibleresult>
			<points>
				<point>523.000000,456.000000</point>
				<point>502.000000,456.000000</point>
				<point>502.000000,448.000000</point>
				<point>523.000000,448.000000</point>
				<point>523.000000,456.000000</point>
			</points>
		</object>
		<object>
			<coordinate>pixel</coordinate>
			<type>rectangle</type>
			<description>None</description>
			<possibleresult>
				<name>Small Car</name>
			</possibleresult>
			<points>
				<point>29.012201,570.109802</point>
				<point>20.012201,571.109802</point>
				<point>18.000006,553.000061</point>
				<point>27.000006,552.000061</point>
				<point>29.012201,570.109802</point>
			</points>
		</object>
		<object>
			<coordinate>pixel</coordinate>
			<type>rectangle</type>
			<description>None</description>
			<possibleresult>
				<name>Small Car</name>
			</possibleresult>
			<points>
				<point>17.000000,570.000000</point>
				<point>8.000000,570.000000</point>
				<point>8.000000,553.000000</point>
				<point>17.000000,553.000000</point>
				<point>17.000000,570.000000</point>
			</points>
		</object>
		<object>
			<coordinate>pixel</coordinate>
			<type>rectangle</type>
			<description>None</description>
			<possibleresult>
				<name>Small Car</name>
			</possibleresult>
			<points>
				<point>31.000015,582.000000</point>
				<point>19.000015,598.000000</point>
				<point>10.360016,591.520020</point>
				<point>22.360016,575.520020</point>
				<point>31.000015,582.000000</point>
			</points>
		</object>
		<object>
			<coordinate>pixel</coordinate>
			<type>rectangle</type>
			<description>None</description>
			<possibleresult>
				<name>Small Car</name>
			</possibleresult>
			<points>
				<point>128.000000,566.999939</point>
				<point>126.000000,576.999939</point>
				<point>104.846161,572.769226</point>
				<point>106.846161,562.769226</point>
				<point>128.000000,566.999939</point>
			</points>
		</object>
		<object>
			<coordinate>pixel</coordinate>
			<type>rectangle</type>
			<description>None</description>
			<possibleresult>
				<name>Small Car</name>
			</possibleresult>
			<points>
				<point>470.000000,524.000000</point>
				<point>460.000000,524.000000</point>
				<point>460.000000,508.000000</point>
				<point>470.000000,508.000000</point>
				<point>470.000000,524.000000</point>
			</points>
		</object>
		<object>
			<coordinate>pixel</coordinate>
			<type>rectangle</type>
			<description>None</description>
			<possibleresult>
				<name>Small Car</name>
			</possibleresult>
			<points>
				<point>457.000000,526.000000</point>
				<point>447.000000,526.000000</point>
				<point>447.000000,507.000000</point>
				<point>457.000000,507.000000</point>
				<point>457.000000,526.000000</point>
			</points>
		</object>
		<object>
			<coordinate>pixel</coordinate>
			<type>rectangle</type>
			<description>None</description>
			<possibleresult>
				<name>Van</name>
			</possibleresult>
			<points>
				<point>445.000000,523.000000</point>
				<point>436.000000,523.000000</point>
				<point>436.000000,509.000000</point>
				<point>445.000000,509.000000</point>
				<point>445.000000,523.000000</point>
			</points>
		</object>
		<object>
			<coordinate>pixel</coordinate>
			<type>rectangle</type>
			<description>None</description>
			<possibleresult>
				<name>Small Car</name>
			</possibleresult>
			<points>
				<point>421.000000,527.000000</point>
				<point>411.000000,527.000000</point>
				<point>411.000000,508.000000</point>
				<point>421.000000,508.000000</point>
				<point>421.000000,527.000000</point>
			</points>
		</object>
		<object>
			<coordinate>pixel</coordinate>
			<type>rectangle</type>
			<description>None</description>
			<possibleresult>
				<name>Van</name>
			</possibleresult>
			<points>
				<point>408.999969,524.000000</point>
				<point>399.999969,525.000000</point>
				<point>397.999969,507.000000</point>
				<point>406.999969,506.000000</point>
				<point>408.999969,524.000000</point>
			</points>
		</object>
		<object>
			<coordinate>pixel</coordinate>
			<type>rectangle</type>
			<description>None</description>
			<possibleresult>
				<name>Small Car</name>
			</possibleresult>
			<points>
				<point>397.027618,525.469055</point>
				<point>388.000031,526.000061</point>
				<point>386.972443,508.531067</point>
				<point>396.000031,508.000061</point>
				<point>397.027618,525.469055</point>
			</points>
		</object>
		<object>
			<coordinate>pixel</coordinate>
			<type>rectangle</type>
			<description>None</description>
			<possibleresult>
				<name>Excavator</name>
			</possibleresult>
			<points>
				<point>382.000000,530.000000</point>
				<point>366.000000,530.000000</point>
				<point>366.000000,506.000000</point>
				<point>382.000000,506.000000</point>
				<point>382.000000,530.000000</point>
			</points>
		</object>
		<object>
			<coordinate>pixel</coordinate>
			<type>rectangle</type>
			<description>None</description>
			<possibleresult>
				<name>Van</name>
			</possibleresult>
			<points>
				<point>351.000000,537.000000</point>
				<point>328.000000,537.000000</point>
				<point>328.000000,529.000000</point>
				<point>351.000000,529.000000</point>
				<point>351.000000,537.000000</point>
			</points>
		</object>
		<object>
			<coordinate>pixel</coordinate>
			<type>rectangle</type>
			<description>None</description>
			<possibleresult>
				<name>Dump Truck</name>
			</possibleresult>
			<points>
				<point>357.000000,549.000000</point>
				<point>329.000000,549.000000</point>
				<point>329.000000,540.000000</point>
				<point>357.000000,540.000000</point>
				<point>357.000000,549.000000</point>
			</points>
		</object>
		<object>
			<coordinate>pixel</coordinate>
			<type>rectangle</type>
			<description>None</description>
			<possibleresult>
				<name>Dump Truck</name>
			</possibleresult>
			<points>
				<point>402.000031,554.000000</point>
				<point>378.860504,579.151611</point>
				<point>370.000031,571.000000</point>
				<point>393.139557,545.848389</point>
				<point>402.000031,554.000000</point>
			</points>
		</object>
		<object>
			<coordinate>pixel</coordinate>
			<type>rectangle</type>
			<description>None</description>
			<possibleresult>
				<name>Van</name>
			</possibleresult>
			<points>
				<point>413.000031,580.000061</point>
				<point>405.035431,580.531067</point>
				<point>404.000031,565.000061</point>
				<point>411.964630,564.469055</point>
				<point>413.000031,580.000061</point>
			</points>
		</object>
		<object>
			<coordinate>pixel</coordinate>
			<type>rectangle</type>
			<description>None</description>
			<possibleresult>
				<name>Small Car</name>
			</possibleresult>
			<points>
				<point>425.000000,579.000000</point>
				<point>415.000000,579.000000</point>
				<point>415.000000,563.000000</point>
				<point>425.000000,563.000000</point>
				<point>425.000000,579.000000</point>
			</points>
		</object>
		<object>
			<coordinate>pixel</coordinate>
			<type>rectangle</type>
			<description>None</description>
			<possibleresult>
				<name>Van</name>
			</possibleresult>
			<points>
				<point>436.000000,579.000000</point>
				<point>426.000000,579.000000</point>
				<point>426.000000,562.000000</point>
				<point>436.000000,562.000000</point>
				<point>436.000000,579.000000</point>
			</points>
		</object>
		<object>
			<coordinate>pixel</coordinate>
			<type>rectangle</type>
			<description>None</description>
			<possibleresult>
				<name>Small Car</name>
			</possibleresult>
			<points>
				<point>449.000000,575.000000</point>
				<point>438.000000,575.000000</point>
				<point>438.000000,558.000000</point>
				<point>449.000000,558.000000</point>
				<point>449.000000,575.000000</point>
			</points>
		</object>
		<object>
			<coordinate>pixel</coordinate>
			<type>rectangle</type>
			<description>None</description>
			<possibleresult>
				<name>Small Car</name>
			</possibleresult>
			<points>
				<point>473.000000,583.000000</point>
				<point>456.000000,583.000000</point>
				<point>456.000000,577.000000</point>
				<point>473.000000,577.000000</point>
				<point>473.000000,583.000000</point>
			</points>
		</object>
		<object>
			<coordinate>pixel</coordinate>
			<type>rectangle</type>
			<description>None</description>
			<possibleresult>
				<name>Small Car</name>
			</possibleresult>
			<points>
				<point>475.000000,564.000000</point>
				<point>451.000000,564.000000</point>
				<point>451.000000,556.000000</point>
				<point>475.000000,556.000000</point>
				<point>475.000000,564.000000</point>
			</points>
		</object>
		<object>
			<coordinate>pixel</coordinate>
			<type>rectangle</type>
			<description>None</description>
			<possibleresult>
				<name>Van</name>
			</possibleresult>
			<points>
				<point>679.541077,573.950806</point>
				<point>668.541077,574.950806</point>
				<point>667.000061,558.000000</point>
				<point>678.000061,557.000000</point>
				<point>679.541077,573.950806</point>
			</points>
		</object>
		<object>
			<coordinate>pixel</coordinate>
			<type>rectangle</type>
			<description>None</description>
			<possibleresult>
				<name>Van</name>
			</possibleresult>
			<points>
				<point>680.000000,618.000000</point>
				<point>670.000000,618.000000</point>
				<point>670.000000,600.000000</point>
				<point>680.000000,600.000000</point>
				<point>680.000000,618.000000</point>
			</points>
		</object>
		<object>
			<coordinate>pixel</coordinate>
			<type>rectangle</type>
			<description>None</description>
			<possibleresult>
				<name>Dump Truck</name>
			</possibleresult>
			<points>
				<point>803.000000,647.000000</point>
				<point>792.000000,647.000000</point>
				<point>792.000000,627.000000</point>
				<point>803.000000,627.000000</point>
				<point>803.000000,647.000000</point>
			</points>
		</object>
		<object>
			<coordinate>pixel</coordinate>
			<type>rectangle</type>
			<description>None</description>
			<possibleresult>
				<name>Dump Truck</name>
			</possibleresult>
			<points>
				<point>787.000000,640.999939</point>
				<point>777.027588,641.524841</point>
				<point>776.000000,621.999939</point>
				<point>785.972412,621.475037</point>
				<point>787.000000,640.999939</point>
			</points>
		</object>
		<object>
			<coordinate>pixel</coordinate>
			<type>rectangle</type>
			<description>None</description>
			<possibleresult>
				<name>Small Car</name>
			</possibleresult>
			<points>
				<point>681.000000,687.000000</point>
				<point>661.000000,687.000000</point>
				<point>661.000000,680.000000</point>
				<point>681.000000,680.000000</point>
				<point>681.000000,687.000000</point>
			</points>
		</object>
		<object>
			<coordinate>pixel</coordinate>
			<type>rectangle</type>
			<description>None</description>
			<possibleresult>
				<name>Small Car</name>
			</possibleresult>
			<points>
				<point>373.878082,670.902527</point>
				<point>364.000031,672.000061</point>
				<point>363.121979,664.097595</point>
				<point>373.000031,663.000061</point>
				<point>373.878082,670.902527</point>
			</points>
		</object>
		<object>
			<coordinate>pixel</coordinate>
			<type>rectangle</type>
			<description>None</description>
			<possibleresult>
				<name>Van</name>
			</possibleresult>
			<points>
				<point>12.744824,685.062073</point>
				<point>11.999995,694.000061</point>
				<point>0.000000,693.000122</point>
				<point>0.000000,684.000061</point>
				<point>12.744824,685.062073</point>
			</points>
		</object>
		<object>
			<coordinate>pixel</coordinate>
			<type>rectangle</type>
			<description>None</description>
			<possibleresult>
				<name>Small Car</name>
			</possibleresult>
			<points>
				<point>94.000000,768.000000</point>
				<point>71.000000,768.000000</point>
				<point>71.000000,761.000000</point>
				<point>94.000000,761.000000</point>
				<point>94.000000,768.000000</point>
			</points>
		</object>
		<object>
			<coordinate>pixel</coordinate>
			<type>rectangle</type>
			<description>None</description>
			<possibleresult>
				<name>Small Car</name>
			</possibleresult>
			<points>
				<point>95.000000,777.000000</point>
				<point>71.000000,777.000000</point>
				<point>71.000000,769.000000</point>
				<point>95.000000,769.000000</point>
				<point>95.000000,777.000000</point>
			</points>
		</object>
		<object>
			<coordinate>pixel</coordinate>
			<type>rectangle</type>
			<description>None</description>
			<possibleresult>
				<name>Van</name>
			</possibleresult>
			<points>
				<point>182.000000,856.000000</point>
				<point>172.027618,856.524902</point>
				<point>171.000000,837.000000</point>
				<point>180.972382,836.475098</point>
				<point>182.000000,856.000000</point>
			</points>
		</object>
		<object>
			<coordinate>pixel</coordinate>
			<type>rectangle</type>
			<description>None</description>
			<possibleresult>
				<name>Small Car</name>
			</possibleresult>
			<points>
				<point>418.000000,860.000000</point>
				<point>407.016418,861.156128</point>
				<point>405.000000,842.000000</point>
				<point>415.983582,840.843872</point>
				<point>418.000000,860.000000</point>
			</points>
		</object>
		<object>
			<coordinate>pixel</coordinate>
			<type>rectangle</type>
			<description>None</description>
			<possibleresult>
				<name>Small Car</name>
			</possibleresult>
			<points>
				<point>393.000000,859.000000</point>
				<point>383.000000,859.000000</point>
				<point>383.000000,844.000000</point>
				<point>393.000000,844.000000</point>
				<point>393.000000,859.000000</point>
			</points>
		</object>
		<object>
			<coordinate>pixel</coordinate>
			<type>rectangle</type>
			<description>None</description>
			<possibleresult>
				<name>Van</name>
			</possibleresult>
			<points>
				<point>372.000000,857.000000</point>
				<point>362.000000,857.000000</point>
				<point>362.000000,842.000000</point>
				<point>372.000000,842.000000</point>
				<point>372.000000,857.000000</point>
			</points>
		</object>
		<object>
			<coordinate>pixel</coordinate>
			<type>rectangle</type>
			<description>None</description>
			<possibleresult>
				<name>Small Car</name>
			</possibleresult>
			<points>
				<point>361.000000,860.000000</point>
				<point>351.000000,860.000000</point>
				<point>351.000000,843.000000</point>
				<point>361.000000,843.000000</point>
				<point>361.000000,860.000000</point>
			</points>
		</object>
		<object>
			<coordinate>pixel</coordinate>
			<type>rectangle</type>
			<description>None</description>
			<possibleresult>
				<name>Van</name>
			</possibleresult>
			<points>
				<point>422.000000,909.000000</point>
				<point>399.000000,909.000000</point>
				<point>399.000000,902.000000</point>
				<point>422.000000,902.000000</point>
				<point>422.000000,909.000000</point>
			</points>
		</object>
		<object>
			<coordinate>pixel</coordinate>
			<type>rectangle</type>
			<description>None</description>
			<possibleresult>
				<name>Small Car</name>
			</possibleresult>
			<points>
				<point>417.999969,886.000122</point>
				<point>416.999969,902.000122</point>
				<point>407.972748,901.435913</point>
				<point>408.972748,885.435913</point>
				<point>417.999969,886.000122</point>
			</points>
		</object>
		<object>
			<coordinate>pixel</coordinate>
			<type>rectangle</type>
			<description>None</description>
			<possibleresult>
				<name>Dump Truck</name>
			</possibleresult>
			<points>
				<point>432.299988,982.900146</point>
				<point>423.000000,986.000122</point>
				<point>416.700012,967.100098</point>
				<point>426.000000,964.000122</point>
				<point>432.299988,982.900146</point>
			</points>
		</object>
		<object>
			<coordinate>pixel</coordinate>
			<type>rectangle</type>
			<description>None</description>
			<possibleresult>
				<name>Van</name>
			</possibleresult>
			<points>
				<point>745.000000,958.000000</point>
				<point>720.000000,958.000000</point>
				<point>720.000000,949.000000</point>
				<point>745.000000,949.000000</point>
				<point>745.000000,958.000000</point>
			</points>
		</object>
		<object>
			<coordinate>pixel</coordinate>
			<type>rectangle</type>
			<description>None</description>
			<possibleresult>
				<name>Small Car</name>
			</possibleresult>
			<points>
				<point>936.000000,132.000000</point>
				<point>926.000000,132.000000</point>
				<point>926.000000,114.000000</point>
				<point>936.000000,114.000000</point>
				<point>936.000000,132.000000</point>
			</points>
		</object>
		<object>
			<coordinate>pixel</coordinate>
			<type>rectangle</type>
			<description>None</description>
			<possibleresult>
				<name>Small Car</name>
			</possibleresult>
			<points>
				<point>886.000000,256.000000</point>
				<point>863.000000,256.000000</point>
				<point>863.000000,248.000000</point>
				<point>886.000000,248.000000</point>
				<point>886.000000,256.000000</point>
			</points>
		</object>
		<object>
			<coordinate>pixel</coordinate>
			<type>rectangle</type>
			<description>None</description>
			<possibleresult>
				<name>Van</name>
			</possibleresult>
			<points>
				<point>915.000000,256.000000</point>
				<point>893.000000,256.000000</point>
				<point>893.000000,248.000000</point>
				<point>915.000000,248.000000</point>
				<point>915.000000,256.000000</point>
			</points>
		</object>
		<object>
			<coordinate>pixel</coordinate>
			<type>rectangle</type>
			<description>None</description>
			<possibleresult>
				<name>Small Car</name>
			</possibleresult>
			<points>
				<point>974.000000,256.000000</point>
				<point>953.000000,256.000000</point>
				<point>953.000000,248.000000</point>
				<point>974.000000,248.000000</point>
				<point>974.000000,256.000000</point>
			</points>
		</object>
		<object>
			<coordinate>pixel</coordinate>
			<type>rectangle</type>
			<description>None</description>
			<possibleresult>
				<name>Small Car</name>
			</possibleresult>
			<points>
				<point>998.000000,256.000000</point>
				<point>976.000000,256.000000</point>
				<point>976.000000,249.000000</point>
				<point>998.000000,249.000000</point>
				<point>998.000000,256.000000</point>
			</points>
		</object>
		<object>
			<coordinate>pixel</coordinate>
			<type>rectangle</type>
			<description>None</description>
			<possibleresult>
				<name>Small Car</name>
			</possibleresult>
			<points>
				<point>1000.000000,345.000000</point>
				<point>998.000000,345.000000</point>
				<point>998.000000,329.000000</point>
				<point>1000.000000,329.000000</point>
				<point>1000.000000,345.000000</point>
			</points>
		</object>
		<object>
			<coordinate>pixel</coordinate>
			<type>rectangle</type>
			<description>None</description>
			<possibleresult>
				<name>Small Car</name>
			</possibleresult>
			<points>
				<point>989.000000,412.000000</point>
				<point>978.000000,412.000000</point>
				<point>978.000000,394.000000</point>
				<point>989.000000,394.000000</point>
				<point>989.000000,412.000000</point>
			</points>
		</object>
		<object>
			<coordinate>pixel</coordinate>
			<type>rectangle</type>
			<description>None</description>
			<possibleresult>
				<name>Van</name>
			</possibleresult>
			<points>
				<point>977.340515,457.652924</point>
				<point>973.999939,463.999969</point>
				<point>954.999939,453.999969</point>
				<point>958.340515,447.652924</point>
				<point>977.340515,457.652924</point>
			</points>
		</object>
		<object>
			<coordinate>pixel</coordinate>
			<type>rectangle</type>
			<description>None</description>
			<possibleresult>
				<name>Dump Truck</name>
			</possibleresult>
			<points>
				<point>982.050781,471.573181</point>
				<point>977.999878,478.999939</point>
				<point>955.999878,466.999939</point>
				<point>960.050781,459.573181</point>
				<point>982.050781,471.573181</point>
			</points>
		</object>
		<object>
			<coordinate>pixel</coordinate>
			<type>rectangle</type>
			<description>None</description>
			<possibleresult>
				<name>Cargo Truck</name>
			</possibleresult>
			<points>
				<point>929.000000,631.000000</point>
				<point>919.000000,631.000000</point>
				<point>919.000000,610.000000</point>
				<point>929.000000,610.000000</point>
				<point>929.000000,631.000000</point>
			</points>
		</object>
		<object>
			<coordinate>pixel</coordinate>
			<type>rectangle</type>
			<description>None</description>
			<possibleresult>
				<name>Van</name>
			</possibleresult>
			<points>
				<point>968.000000,661.000000</point>
				<point>944.000000,661.000000</point>
				<point>944.000000,652.000000</point>
				<point>968.000000,652.000000</point>
				<point>968.000000,661.000000</point>
			</points>
		</object>
		<object>
			<coordinate>pixel</coordinate>
			<type>rectangle</type>
			<description>None</description>
			<possibleresult>
				<name>Dump Truck</name>
			</possibleresult>
			<points>
				<point>916.000122,550.000061</point>
				<point>912.000122,558.000061</point>
				<point>890.000122,547.000061</point>
				<point>894.000122,539.000061</point>
				<point>916.000122,550.000061</point>
			</points>
		</object>
		<object>
			<coordinate>pixel</coordinate>
			<type>rectangle</type>
			<description>None</description>
			<possibleresult>
				<name>Small Car</name>
			</possibleresult>
			<points>
				<point>959.300171,829.100037</point>
				<point>956.900146,836.299988</point>
				<point>935.000122,828.999939</point>
				<point>937.400146,821.799988</point>
				<point>959.300171,829.100037</point>
			</points>
		</object>
		<object>
			<coordinate>pixel</coordinate>
			<type>rectangle</type>
			<description>None</description>
			<possibleresult>
				<name>Van</name>
			</possibleresult>
			<points>
				<point>995.038086,825.644775</point>
				<point>994.000244,808.000000</point>
				<point>1000.000122,807.647095</point>
				<point>1001.037964,825.291870</point>
				<point>995.038086,825.644775</point>
			</points>
		</object>
		<object>
			<coordinate>pixel</coordinate>
			<type>rectangle</type>
			<description>None</description>
			<possibleresult>
				<name>Van</name>
			</possibleresult>
			<points>
				<point>583.999939,63.000000</point>
				<point>558.999939,64.000000</point>
				<point>558.638977,54.974442</point>
				<point>583.638977,53.974442</point>
				<point>583.999939,63.000000</point>
			</points>
		</object>
	</objects>
</annotation>