<?xml version="1.0" encoding="utf-8"?>
<annotation>
	<source>
		<filename>1042.tif</filename>
		<origin>GF2/GF3</origin>
	</source>
	<research>
		<version>1.0</version>
		<provider>FAIR1M</provider>
		<author>Cyber</author>
		<pluginname>FAIR1M</pluginname>
		<pluginclass>object detection</pluginclass>
		<time>2021-03</time>
	</research>
	<size>
		<width>1000</width>
		<height>1000</height>
		<depth>3</depth>
	</size>
	<objects>
		<object>
			<coordinate>pixel</coordinate>
			<type>rectangle</type>
			<description>None</description>
			<possibleresult>
				<name>Small Car</name>
			</possibleresult>
			<points>
				<point>823.096313,956.179016</point>
				<point>816.000000,960.000061</point>
				<point>808.903687,946.821106</point>
				<point>816.000000,943.000061</point>
				<point>823.096313,956.179016</point>
			</points>
		</object>
		<object>
			<coordinate>pixel</coordinate>
			<type>rectangle</type>
			<description>None</description>
			<possibleresult>
				<name>Small Car</name>
			</possibleresult>
			<points>
				<point>813.000000,960.000061</point>
				<point>805.128418,964.238586</point>
				<point>798.000000,951.000061</point>
				<point>805.871582,946.761536</point>
				<point>813.000000,960.000061</point>
			</points>
		</object>
		<object>
			<coordinate>pixel</coordinate>
			<type>rectangle</type>
			<description>None</description>
			<possibleresult>
				<name>Small Car</name>
			</possibleresult>
			<points>
				<point>802.096313,964.178833</point>
				<point>795.000000,967.999878</point>
				<point>787.903687,954.820923</point>
				<point>795.000000,950.999878</point>
				<point>802.096313,964.178833</point>
			</points>
		</object>
		<object>
			<coordinate>pixel</coordinate>
			<type>rectangle</type>
			<description>None</description>
			<possibleresult>
				<name>Small Car</name>
			</possibleresult>
			<points>
				<point>792.000122,970.000000</point>
				<point>784.246216,974.430786</point>
				<point>776.000122,960.000000</point>
				<point>783.754028,955.569214</point>
				<point>792.000122,970.000000</point>
			</points>
		</object>
		<object>
			<coordinate>pixel</coordinate>
			<type>rectangle</type>
			<description>None</description>
			<possibleresult>
				<name>Dump Truck</name>
			</possibleresult>
			<points>
				<point>782.000000,976.000061</point>
				<point>773.667236,980.364807</point>
				<point>762.667236,959.364807</point>
				<point>771.000000,955.000061</point>
				<point>782.000000,976.000061</point>
			</points>
		</object>
		<object>
			<coordinate>pixel</coordinate>
			<type>rectangle</type>
			<description>None</description>
			<possibleresult>
				<name>Small Car</name>
			</possibleresult>
			<points>
				<point>770.000061,977.000061</point>
				<point>762.110779,981.207703</point>
				<point>754.000061,966.000061</point>
				<point>761.889343,961.792419</point>
				<point>770.000061,977.000061</point>
			</points>
		</object>
		<object>
			<coordinate>pixel</coordinate>
			<type>rectangle</type>
			<description>None</description>
			<possibleresult>
				<name>Small Car</name>
			</possibleresult>
			<points>
				<point>756.000061,979.000000</point>
				<point>749.200012,982.400024</point>
				<point>741.600037,967.200073</point>
				<point>748.400085,963.800049</point>
				<point>756.000061,979.000000</point>
			</points>
		</object>
		<object>
			<coordinate>pixel</coordinate>
			<type>rectangle</type>
			<description>None</description>
			<possibleresult>
				<name>Small Car</name>
			</possibleresult>
			<points>
				<point>746.200012,984.400146</point>
				<point>739.000061,988.000122</point>
				<point>731.000061,972.000122</point>
				<point>738.200012,968.400146</point>
				<point>746.200012,984.400146</point>
			</points>
		</object>
		<object>
			<coordinate>pixel</coordinate>
			<type>rectangle</type>
			<description>None</description>
			<possibleresult>
				<name>Small Car</name>
			</possibleresult>
			<points>
				<point>734.272034,988.577942</point>
				<point>727.000061,992.000061</point>
				<point>719.000061,975.000061</point>
				<point>726.272034,971.577942</point>
				<point>734.272034,988.577942</point>
			</points>
		</object>
		<object>
			<coordinate>pixel</coordinate>
			<type>rectangle</type>
			<description>None</description>
			<possibleresult>
				<name>Small Car</name>
			</possibleresult>
			<points>
				<point>722.362122,989.844788</point>
				<point>715.000061,992.999939</point>
				<point>709.000061,978.999939</point>
				<point>716.362122,975.844788</point>
				<point>722.362122,989.844788</point>
			</points>
		</object>
		<object>
			<coordinate>pixel</coordinate>
			<type>rectangle</type>
			<description>None</description>
			<possibleresult>
				<name>Van</name>
			</possibleresult>
			<points>
				<point>711.000061,995.000122</point>
				<point>704.200012,998.400146</point>
				<point>697.000061,984.000122</point>
				<point>703.800110,980.600098</point>
				<point>711.000061,995.000122</point>
			</points>
		</object>
		<object>
			<coordinate>pixel</coordinate>
			<type>rectangle</type>
			<description>None</description>
			<possibleresult>
				<name>Van</name>
			</possibleresult>
			<points>
				<point>688.000122,1000.000000</point>
				<point>677.500122,1000.000000</point>
				<point>670.600159,986.200134</point>
				<point>679.000183,982.000183</point>
				<point>688.000122,1000.000000</point>
			</points>
		</object>
		<object>
			<coordinate>pixel</coordinate>
			<type>rectangle</type>
			<description>None</description>
			<possibleresult>
				<name>Van</name>
			</possibleresult>
			<points>
				<point>653.706848,1004.178833</point>
				<point>649.000061,993.000122</point>
				<point>658.924744,988.821289</point>
				<point>663.631531,1000.000000</point>
				<point>653.706848,1004.178833</point>
			</points>
		</object>
		<object>
			<coordinate>pixel</coordinate>
			<type>rectangle</type>
			<description>None</description>
			<possibleresult>
				<name>Small Car</name>
			</possibleresult>
			<points>
				<point>631.428894,1000.000000</point>
				<point>631.428894,998.000122</point>
				<point>636.874939,998.000122</point>
				<point>636.874939,1000.000000</point>
				<point>631.428894,1000.000000</point>
			</points>
		</object>
		<object>
			<coordinate>pixel</coordinate>
			<type>rectangle</type>
			<description>None</description>
			<possibleresult>
				<name>Dump Truck</name>
			</possibleresult>
			<points>
				<point>617.752441,1002.000000</point>
				<point>616.800049,1000.000122</point>
				<point>620.999878,998.000244</point>
				<point>621.952271,1000.000122</point>
				<point>617.752441,1002.000000</point>
			</points>
		</object>
		<object>
			<coordinate>pixel</coordinate>
			<type>rectangle</type>
			<description>None</description>
			<possibleresult>
				<name>Small Car</name>
			</possibleresult>
			<points>
				<point>676.000000,960.000061</point>
				<point>669.102173,963.219055</point>
				<point>662.000000,948.000061</point>
				<point>668.897827,944.781067</point>
				<point>676.000000,960.000061</point>
			</points>
		</object>
		<object>
			<coordinate>pixel</coordinate>
			<type>rectangle</type>
			<description>None</description>
			<possibleresult>
				<name>Van</name>
			</possibleresult>
			<points>
				<point>686.999939,954.000000</point>
				<point>678.999939,958.000000</point>
				<point>671.999939,944.000000</point>
				<point>679.999939,940.000000</point>
				<point>686.999939,954.000000</point>
			</points>
		</object>
		<object>
			<coordinate>pixel</coordinate>
			<type>rectangle</type>
			<description>None</description>
			<possibleresult>
				<name>Van</name>
			</possibleresult>
			<points>
				<point>696.912231,949.809753</point>
				<point>690.000000,952.999939</point>
				<point>684.000000,939.999939</point>
				<point>690.912231,936.809753</point>
				<point>696.912231,949.809753</point>
			</points>
		</object>
		<object>
			<coordinate>pixel</coordinate>
			<type>rectangle</type>
			<description>None</description>
			<possibleresult>
				<name>Van</name>
			</possibleresult>
			<points>
				<point>720.000000,944.000000</point>
				<point>713.321045,947.596313</point>
				<point>706.000000,934.000000</point>
				<point>712.678955,930.403687</point>
				<point>720.000000,944.000000</point>
			</points>
		</object>
		<object>
			<coordinate>pixel</coordinate>
			<type>rectangle</type>
			<description>None</description>
			<possibleresult>
				<name>Van</name>
			</possibleresult>
			<points>
				<point>728.128418,940.238525</point>
				<point>723.000000,943.000000</point>
				<point>715.871582,929.761475</point>
				<point>721.000000,927.000000</point>
				<point>728.128418,940.238525</point>
			</points>
		</object>
		<object>
			<coordinate>pixel</coordinate>
			<type>rectangle</type>
			<description>None</description>
			<possibleresult>
				<name>Small Car</name>
			</possibleresult>
			<points>
				<point>740.000061,936.000061</point>
				<point>734.000061,939.000061</point>
				<point>728.000061,927.000061</point>
				<point>734.000061,924.000061</point>
				<point>740.000061,936.000061</point>
			</points>
		</object>
		<object>
			<coordinate>pixel</coordinate>
			<type>rectangle</type>
			<description>None</description>
			<possibleresult>
				<name>Van</name>
			</possibleresult>
			<points>
				<point>751.000061,933.000061</point>
				<point>744.000061,937.000061</point>
				<point>736.000061,923.000061</point>
				<point>743.000061,919.000061</point>
				<point>751.000061,933.000061</point>
			</points>
		</object>
		<object>
			<coordinate>pixel</coordinate>
			<type>rectangle</type>
			<description>None</description>
			<possibleresult>
				<name>Van</name>
			</possibleresult>
			<points>
				<point>780.000000,918.999939</point>
				<point>773.199951,922.399963</point>
				<point>767.199951,910.399963</point>
				<point>774.000000,906.999939</point>
				<point>780.000000,918.999939</point>
			</points>
		</object>
		<object>
			<coordinate>pixel</coordinate>
			<type>rectangle</type>
			<description>None</description>
			<possibleresult>
				<name>Small Car</name>
			</possibleresult>
			<points>
				<point>792.246155,919.430847</point>
				<point>786.000061,923.000061</point>
				<point>777.753967,908.569275</point>
				<point>784.000061,905.000061</point>
				<point>792.246155,919.430847</point>
			</points>
		</object>
		<object>
			<coordinate>pixel</coordinate>
			<type>rectangle</type>
			<description>None</description>
			<possibleresult>
				<name>Van</name>
			</possibleresult>
			<points>
				<point>778.400085,893.800049</point>
				<point>771.600037,897.200073</point>
				<point>764.000061,882.000122</point>
				<point>770.800110,878.600098</point>
				<point>778.400085,893.800049</point>
			</points>
		</object>
		<object>
			<coordinate>pixel</coordinate>
			<type>rectangle</type>
			<description>None</description>
			<possibleresult>
				<name>Van</name>
			</possibleresult>
			<points>
				<point>769.254761,896.858582</point>
				<point>760.254761,901.858582</point>
				<point>752.000000,887.000061</point>
				<point>761.000000,882.000061</point>
				<point>769.254761,896.858582</point>
			</points>
		</object>
		<object>
			<coordinate>pixel</coordinate>
			<type>rectangle</type>
			<description>None</description>
			<possibleresult>
				<name>Small Car</name>
			</possibleresult>
			<points>
				<point>723.000061,911.000061</point>
				<point>715.000061,915.000061</point>
				<point>707.000061,899.000061</point>
				<point>715.000061,895.000061</point>
				<point>723.000061,911.000061</point>
			</points>
		</object>
		<object>
			<coordinate>pixel</coordinate>
			<type>rectangle</type>
			<description>None</description>
			<possibleresult>
				<name>Dump Truck</name>
			</possibleresult>
			<points>
				<point>710.800110,914.600037</point>
				<point>702.000061,919.000061</point>
				<point>693.000061,901.000061</point>
				<point>701.800110,896.600037</point>
				<point>710.800110,914.600037</point>
			</points>
		</object>
		<object>
			<coordinate>pixel</coordinate>
			<type>rectangle</type>
			<description>None</description>
			<possibleresult>
				<name>Van</name>
			</possibleresult>
			<points>
				<point>700.430786,919.753906</point>
				<point>693.430786,923.753906</point>
				<point>685.000000,909.000000</point>
				<point>692.000000,905.000000</point>
				<point>700.430786,919.753906</point>
			</points>
		</object>
		<object>
			<coordinate>pixel</coordinate>
			<type>rectangle</type>
			<description>None</description>
			<possibleresult>
				<name>Van</name>
			</possibleresult>
			<points>
				<point>690.000000,923.000000</point>
				<point>682.110718,927.207642</point>
				<point>674.000000,912.000000</point>
				<point>681.889282,907.792358</point>
				<point>690.000000,923.000000</point>
			</points>
		</object>
		<object>
			<coordinate>pixel</coordinate>
			<type>rectangle</type>
			<description>None</description>
			<possibleresult>
				<name>Small Car</name>
			</possibleresult>
			<points>
				<point>676.000061,922.000122</point>
				<point>669.200012,925.400146</point>
				<point>662.000061,911.000122</point>
				<point>668.800110,907.600098</point>
				<point>676.000061,922.000122</point>
			</points>
		</object>
		<object>
			<coordinate>pixel</coordinate>
			<type>rectangle</type>
			<description>None</description>
			<possibleresult>
				<name>Small Car</name>
			</possibleresult>
			<points>
				<point>664.000061,928.000122</point>
				<point>656.000061,932.000122</point>
				<point>648.000061,916.000122</point>
				<point>656.000061,912.000122</point>
				<point>664.000061,928.000122</point>
			</points>
		</object>
		<object>
			<coordinate>pixel</coordinate>
			<type>rectangle</type>
			<description>None</description>
			<possibleresult>
				<name>Small Car</name>
			</possibleresult>
			<points>
				<point>653.000000,929.000183</point>
				<point>645.800049,932.600159</point>
				<point>638.800049,918.600159</point>
				<point>646.000000,915.000183</point>
				<point>653.000000,929.000183</point>
			</points>
		</object>
		<object>
			<coordinate>pixel</coordinate>
			<type>rectangle</type>
			<description>None</description>
			<possibleresult>
				<name>Small Car</name>
			</possibleresult>
			<points>
				<point>643.000000,935.999939</point>
				<point>636.304443,939.570862</point>
				<point>628.000000,923.999939</point>
				<point>634.695557,920.429016</point>
				<point>643.000000,935.999939</point>
			</points>
		</object>
		<object>
			<coordinate>pixel</coordinate>
			<type>rectangle</type>
			<description>None</description>
			<possibleresult>
				<name>Van</name>
			</possibleresult>
			<points>
				<point>632.000061,939.000061</point>
				<point>624.000061,943.000061</point>
				<point>616.000061,927.000061</point>
				<point>624.000061,923.000061</point>
				<point>632.000061,939.000061</point>
			</points>
		</object>
		<object>
			<coordinate>pixel</coordinate>
			<type>rectangle</type>
			<description>None</description>
			<possibleresult>
				<name>Small Car</name>
			</possibleresult>
			<points>
				<point>620.000000,942.999939</point>
				<point>611.835083,946.628845</point>
				<point>603.835083,928.628845</point>
				<point>612.000000,924.999939</point>
				<point>620.000000,942.999939</point>
			</points>
		</object>
		<object>
			<coordinate>pixel</coordinate>
			<type>rectangle</type>
			<description>None</description>
			<possibleresult>
				<name>Small Car</name>
			</possibleresult>
			<points>
				<point>597.655762,948.213257</point>
				<point>589.000000,952.000122</point>
				<point>582.000000,936.000122</point>
				<point>590.655762,932.213257</point>
				<point>597.655762,948.213257</point>
			</points>
		</object>
		<object>
			<coordinate>pixel</coordinate>
			<type>rectangle</type>
			<description>None</description>
			<possibleresult>
				<name>Small Car</name>
			</possibleresult>
			<points>
				<point>652.151428,965.491943</point>
				<point>644.000061,968.000000</point>
				<point>639.848694,954.508057</point>
				<point>648.000061,952.000000</point>
				<point>652.151428,965.491943</point>
			</points>
		</object>
		<object>
			<coordinate>pixel</coordinate>
			<type>rectangle</type>
			<description>None</description>
			<possibleresult>
				<name>Small Car</name>
			</possibleresult>
			<points>
				<point>630.045227,972.126770</point>
				<point>621.999939,975.000061</point>
				<point>616.954651,960.873352</point>
				<point>624.999939,958.000061</point>
				<point>630.045227,972.126770</point>
			</points>
		</object>
		<object>
			<coordinate>pixel</coordinate>
			<type>rectangle</type>
			<description>None</description>
			<possibleresult>
				<name>Van</name>
			</possibleresult>
			<points>
				<point>602.999939,976.000061</point>
				<point>597.103088,978.268127</point>
				<point>591.999939,965.000061</point>
				<point>597.896790,962.731995</point>
				<point>602.999939,976.000061</point>
			</points>
		</object>
		<object>
			<coordinate>pixel</coordinate>
			<type>rectangle</type>
			<description>None</description>
			<possibleresult>
				<name>Van</name>
			</possibleresult>
			<points>
				<point>584.000000,981.000000</point>
				<point>576.000000,984.000000</point>
				<point>570.000000,968.000000</point>
				<point>578.000000,965.000000</point>
				<point>584.000000,981.000000</point>
			</points>
		</object>
		<object>
			<coordinate>pixel</coordinate>
			<type>rectangle</type>
			<description>None</description>
			<possibleresult>
				<name>Dump Truck</name>
			</possibleresult>
			<points>
				<point>570.033264,984.124512</point>
				<point>563.000061,986.000000</point>
				<point>558.966858,970.875488</point>
				<point>566.000061,969.000000</point>
				<point>570.033264,984.124512</point>
			</points>
		</object>
		<object>
			<coordinate>pixel</coordinate>
			<type>rectangle</type>
			<description>None</description>
			<possibleresult>
				<name>Small Car</name>
			</possibleresult>
			<points>
				<point>561.000061,954.000000</point>
				<point>554.231995,956.603149</point>
				<point>549.000061,943.000000</point>
				<point>555.768127,940.396851</point>
				<point>561.000061,954.000000</point>
			</points>
		</object>
		<object>
			<coordinate>pixel</coordinate>
			<type>rectangle</type>
			<description>None</description>
			<possibleresult>
				<name>Van</name>
			</possibleresult>
			<points>
				<point>537.000000,962.000061</point>
				<point>529.768677,964.259827</point>
				<point>524.768677,948.259827</point>
				<point>532.000000,946.000061</point>
				<point>537.000000,962.000061</point>
			</points>
		</object>
		<object>
			<coordinate>pixel</coordinate>
			<type>rectangle</type>
			<description>None</description>
			<possibleresult>
				<name>Van</name>
			</possibleresult>
			<points>
				<point>536.000000,997.000061</point>
				<point>525.999939,1000.000000</point>
				<point>520.000000,981.000061</point>
				<point>529.954712,977.856506</point>
				<point>536.000000,997.000061</point>
			</points>
		</object>
		<object>
			<coordinate>pixel</coordinate>
			<type>rectangle</type>
			<description>None</description>
			<possibleresult>
				<name>Small Car</name>
			</possibleresult>
			<points>
				<point>505.333344,1000.000000</point>
				<point>500.800049,986.400146</point>
				<point>508.000061,984.000122</point>
				<point>513.000061,999.000122</point>
				<point>505.333344,1000.000000</point>
			</points>
		</object>
		<object>
			<coordinate>pixel</coordinate>
			<type>rectangle</type>
			<description>None</description>
			<possibleresult>
				<name>Small Car</name>
			</possibleresult>
			<points>
				<point>442.202789,1002.111450</point>
				<point>441.000092,996.999878</point>
				<point>449.973846,994.888428</point>
				<point>451.176544,1000.000000</point>
				<point>442.202789,1002.111450</point>
			</points>
		</object>
		<object>
			<coordinate>pixel</coordinate>
			<type>rectangle</type>
			<description>None</description>
			<possibleresult>
				<name>Dump Truck</name>
			</possibleresult>
			<points>
				<point>451.000061,973.000122</point>
				<point>443.000061,974.000122</point>
				<point>441.000061,958.000122</point>
				<point>449.000061,957.000122</point>
				<point>451.000061,973.000122</point>
			</points>
		</object>
		<object>
			<coordinate>pixel</coordinate>
			<type>rectangle</type>
			<description>None</description>
			<possibleresult>
				<name>Small Car</name>
			</possibleresult>
			<points>
				<point>427.000000,977.000000</point>
				<point>419.115356,978.576904</point>
				<point>416.000000,963.000000</point>
				<point>423.884644,961.423096</point>
				<point>427.000000,977.000000</point>
			</points>
		</object>
		<object>
			<coordinate>pixel</coordinate>
			<type>rectangle</type>
			<description>None</description>
			<possibleresult>
				<name>Small Car</name>
			</possibleresult>
			<points>
				<point>616.501770,895.065735</point>
				<point>611.000061,897.999939</point>
				<point>603.000061,882.999939</point>
				<point>608.501770,880.065735</point>
				<point>616.501770,895.065735</point>
			</points>
		</object>
		<object>
			<coordinate>pixel</coordinate>
			<type>rectangle</type>
			<description>None</description>
			<possibleresult>
				<name>Small Car</name>
			</possibleresult>
			<points>
				<point>607.000000,900.000122</point>
				<point>599.800049,903.600098</point>
				<point>591.800049,887.600098</point>
				<point>599.000000,884.000122</point>
				<point>607.000000,900.000122</point>
			</points>
		</object>
		<object>
			<coordinate>pixel</coordinate>
			<type>rectangle</type>
			<description>None</description>
			<possibleresult>
				<name>Small Car</name>
			</possibleresult>
			<points>
				<point>597.000000,902.000000</point>
				<point>591.096313,905.178955</point>
				<point>584.000000,892.000000</point>
				<point>589.903687,888.821045</point>
				<point>597.000000,902.000000</point>
			</points>
		</object>
		<object>
			<coordinate>pixel</coordinate>
			<type>rectangle</type>
			<description>None</description>
			<possibleresult>
				<name>Small Car</name>
			</possibleresult>
			<points>
				<point>584.000061,904.000000</point>
				<point>577.000061,907.000000</point>
				<point>571.000061,893.000000</point>
				<point>578.000061,890.000000</point>
				<point>584.000061,904.000000</point>
			</points>
		</object>
		<object>
			<coordinate>pixel</coordinate>
			<type>rectangle</type>
			<description>None</description>
			<possibleresult>
				<name>Small Car</name>
			</possibleresult>
			<points>
				<point>570.177490,906.426086</point>
				<point>564.000000,909.000061</point>
				<point>558.822510,896.574036</point>
				<point>565.000000,894.000061</point>
				<point>570.177490,906.426086</point>
			</points>
		</object>
		<object>
			<coordinate>pixel</coordinate>
			<type>rectangle</type>
			<description>None</description>
			<possibleresult>
				<name>Van</name>
			</possibleresult>
			<points>
				<point>440.999939,927.999939</point>
				<point>434.011475,929.075134</point>
				<point>431.999939,915.999939</point>
				<point>438.988403,914.924744</point>
				<point>440.999939,927.999939</point>
			</points>
		</object>
		<object>
			<coordinate>pixel</coordinate>
			<type>rectangle</type>
			<description>None</description>
			<possibleresult>
				<name>Bus</name>
			</possibleresult>
			<points>
				<point>698.285400,843.008972</point>
				<point>698.000000,851.999939</point>
				<point>634.714600,849.990906</point>
				<point>635.000000,840.999939</point>
				<point>698.285400,843.008972</point>
			</points>
		</object>
		<object>
			<coordinate>pixel</coordinate>
			<type>rectangle</type>
			<description>None</description>
			<possibleresult>
				<name>Small Car</name>
			</possibleresult>
			<points>
				<point>955.000061,411.000000</point>
				<point>947.500061,418.500000</point>
				<point>943.500061,414.500000</point>
				<point>951.000061,407.000000</point>
				<point>955.000061,411.000000</point>
			</points>
		</object>
		<object>
			<coordinate>pixel</coordinate>
			<type>rectangle</type>
			<description>None</description>
			<possibleresult>
				<name>Van</name>
			</possibleresult>
			<points>
				<point>534.000000,51.000000</point>
				<point>514.000000,51.000000</point>
				<point>514.000000,44.000000</point>
				<point>534.000000,44.000000</point>
				<point>534.000000,51.000000</point>
			</points>
		</object>
		<object>
			<coordinate>pixel</coordinate>
			<type>rectangle</type>
			<description>None</description>
			<possibleresult>
				<name>Van</name>
			</possibleresult>
			<points>
				<point>477.000000,22.000000</point>
				<point>461.000000,22.000000</point>
				<point>461.000000,16.000000</point>
				<point>477.000000,16.000000</point>
				<point>477.000000,22.000000</point>
			</points>
		</object>
		<object>
			<coordinate>pixel</coordinate>
			<type>rectangle</type>
			<description>None</description>
			<possibleresult>
				<name>Dump Truck</name>
			</possibleresult>
			<points>
				<point>35.000000,499.000000</point>
				<point>32.108856,508.034851</point>
				<point>7.000000,500.000000</point>
				<point>9.891144,490.965149</point>
				<point>35.000000,499.000000</point>
			</points>
		</object>
		<object>
			<coordinate>pixel</coordinate>
			<type>rectangle</type>
			<description>None</description>
			<possibleresult>
				<name>Excavator</name>
			</possibleresult>
			<points>
				<point>16.000000,478.000061</point>
				<point>9.000000,485.000061</point>
				<point>2.000000,478.000061</point>
				<point>9.000000,471.000061</point>
				<point>16.000000,478.000061</point>
			</points>
		</object>
		<object>
			<coordinate>pixel</coordinate>
			<type>rectangle</type>
			<description>None</description>
			<possibleresult>
				<name>Football Field</name>
			</possibleresult>
			<points>
				<point>900.999939,0.000000</point>
				<point>898.439270,79.014221</point>
				<point>681.999939,72.000000</point>
				<point>684.333313,0.000000</point>
				<point>900.999939,0.000000</point>
			</points>
		</object>
	</objects>
</annotation>