<?xml version="1.0" encoding="utf-8"?>
<annotation>
	<source>
		<filename>1047.tif</filename>
		<origin>GF2/GF3</origin>
	</source>
	<research>
		<version>1.0</version>
		<provider>FAIR1M</provider>
		<author>Cyber</author>
		<pluginname>FAIR1M</pluginname>
		<pluginclass>object detection</pluginclass>
		<time>2021-03</time>
	</research>
	<size>
		<width>1000</width>
		<height>1000</height>
		<depth>3</depth>
	</size>
	<objects>
		<object>
			<coordinate>pixel</coordinate>
			<type>rectangle</type>
			<description>None</description>
			<possibleresult>
				<name>Van</name>
			</possibleresult>
			<points>
				<point>983.999878,2.999992</point>
				<point>983.307617,0.000000</point>
				<point>989.442505,-1.415735</point>
				<point>990.134766,1.584257</point>
				<point>983.999878,2.999992</point>
			</points>
		</object>
		<object>
			<coordinate>pixel</coordinate>
			<type>rectangle</type>
			<description>None</description>
			<possibleresult>
				<name>Van</name>
			</possibleresult>
			<points>
				<point>998.999878,1.999996</point>
				<point>992.428589,1.999996</point>
				<point>992.428589,0.000000</point>
				<point>998.999878,0.000000</point>
				<point>998.999878,1.999996</point>
			</points>
		</object>
		<object>
			<coordinate>pixel</coordinate>
			<type>rectangle</type>
			<description>None</description>
			<possibleresult>
				<name>Small Car</name>
			</possibleresult>
			<points>
				<point>984.161438,26.592278</point>
				<point>978.999939,27.999969</point>
				<point>975.999939,16.999969</point>
				<point>981.161438,15.592278</point>
				<point>984.161438,26.592278</point>
			</points>
		</object>
		<object>
			<coordinate>pixel</coordinate>
			<type>rectangle</type>
			<description>None</description>
			<possibleresult>
				<name>other-vehicle</name>
			</possibleresult>
			<points>
				<point>307.124512,526.664185</point>
				<point>300.000000,528.000000</point>
				<point>297.000000,512.000000</point>
				<point>304.124512,510.664185</point>
				<point>307.124512,526.664185</point>
			</points>
		</object>
		<object>
			<coordinate>pixel</coordinate>
			<type>rectangle</type>
			<description>None</description>
			<possibleresult>
				<name>Dump Truck</name>
			</possibleresult>
			<points>
				<point>335.999969,641.000000</point>
				<point>330.058502,642.273193</point>
				<point>326.999969,628.000000</point>
				<point>332.941437,626.726807</point>
				<point>335.999969,641.000000</point>
			</points>
		</object>
		<object>
			<coordinate>pixel</coordinate>
			<type>rectangle</type>
			<description>None</description>
			<possibleresult>
				<name>Bus</name>
			</possibleresult>
			<points>
				<point>241.187134,544.828735</point>
				<point>236.000000,546.000000</point>
				<point>229.000000,515.000000</point>
				<point>234.187134,513.828735</point>
				<point>241.187134,544.828735</point>
			</points>
		</object>
		<object>
			<coordinate>pixel</coordinate>
			<type>rectangle</type>
			<description>None</description>
			<possibleresult>
				<name>other-vehicle</name>
			</possibleresult>
			<points>
				<point>256.000000,568.000000</point>
				<point>250.070587,569.317627</point>
				<point>248.000000,560.000000</point>
				<point>253.929413,558.682373</point>
				<point>256.000000,568.000000</point>
			</points>
		</object>
		<object>
			<coordinate>pixel</coordinate>
			<type>rectangle</type>
			<description>None</description>
			<possibleresult>
				<name>Van</name>
			</possibleresult>
			<points>
				<point>325.040985,600.450745</point>
				<point>319.000031,600.999939</point>
				<point>317.959076,589.549133</point>
				<point>324.000031,588.999939</point>
				<point>325.040985,600.450745</point>
			</points>
		</object>
		<object>
			<coordinate>pixel</coordinate>
			<type>rectangle</type>
			<description>None</description>
			<possibleresult>
				<name>Small Car</name>
			</possibleresult>
			<points>
				<point>366.000000,775.000000</point>
				<point>360.000000,775.000000</point>
				<point>360.000000,768.000000</point>
				<point>366.000000,768.000000</point>
				<point>366.000000,775.000000</point>
			</points>
		</object>
	</objects>
</annotation>