<?xml version="1.0" encoding="utf-8"?>
<annotation>
	<source>
		<filename>1048.tif</filename>
		<origin>GF2/GF3</origin>
	</source>
	<research>
		<version>1.0</version>
		<provider>FAIR1M</provider>
		<author>Cyber</author>
		<pluginname>FAIR1M</pluginname>
		<pluginclass>object detection</pluginclass>
		<time>2021-03</time>
	</research>
	<size>
		<width>1000</width>
		<height>1000</height>
		<depth>3</depth>
	</size>
	<objects>
		<object>
			<coordinate>pixel</coordinate>
			<type>rectangle</type>
			<description>None</description>
			<possibleresult>
				<name>A321</name>
			</possibleresult>
			<points>
				<point>70.000000,819.000000</point>
				<point>33.000000,862.000000</point>
				<point>66.000000,891.000000</point>
				<point>104.000000,847.000000</point>
				<point>70.000000,819.000000</point>
			</points>
		</object>
	</objects>
</annotation>