<?xml version="1.0" encoding="utf-8"?>
<annotation>
	<source>
		<filename>1049.tif</filename>
		<origin>GF2/GF3</origin>
	</source>
	<research>
		<version>1.0</version>
		<provider>FAIR1M</provider>
		<author>Cyber</author>
		<pluginname>FAIR1M</pluginname>
		<pluginclass>object detection</pluginclass>
		<time>2021-03</time>
	</research>
	<size>
		<width>1000</width>
		<height>1000</height>
		<depth>3</depth>
	</size>
	<objects>
		<object>
			<coordinate>pixel</coordinate>
			<type>rectangle</type>
			<description>None</description>
			<possibleresult>
				<name>Small Car</name>
			</possibleresult>
			<points>
				<point>4.000018,293.999939</point>
				<point>-4.461533,288.358948</point>
				<point>0.000003,281.666626</point>
				<point>8.461554,287.307617</point>
				<point>4.000018,293.999939</point>
			</points>
		</object>
		<object>
			<coordinate>pixel</coordinate>
			<type>rectangle</type>
			<description>None</description>
			<possibleresult>
				<name>Small Car</name>
			</possibleresult>
			<points>
				<point>26.365852,299.292694</point>
				<point>21.000000,306.000031</point>
				<point>5.999999,294.000031</point>
				<point>11.365852,287.292694</point>
				<point>26.365852,299.292694</point>
			</points>
		</object>
		<object>
			<coordinate>pixel</coordinate>
			<type>rectangle</type>
			<description>None</description>
			<possibleresult>
				<name>Small Car</name>
			</possibleresult>
			<points>
				<point>87.999992,335.000031</point>
				<point>84.539009,340.348785</point>
				<point>67.539009,329.348785</point>
				<point>70.999992,324.000031</point>
				<point>87.999992,335.000031</point>
			</points>
		</object>
		<object>
			<coordinate>pixel</coordinate>
			<type>rectangle</type>
			<description>None</description>
			<possibleresult>
				<name>Van</name>
			</possibleresult>
			<points>
				<point>321.671234,329.123291</point>
				<point>297.671234,338.123291</point>
				<point>295.000031,331.000000</point>
				<point>319.000031,322.000000</point>
				<point>321.671234,329.123291</point>
			</points>
		</object>
		<object>
			<coordinate>pixel</coordinate>
			<type>rectangle</type>
			<description>None</description>
			<possibleresult>
				<name>Small Car</name>
			</possibleresult>
			<points>
				<point>326.500000,418.500031</point>
				<point>312.500000,432.500031</point>
				<point>307.000000,427.000031</point>
				<point>321.000000,413.000031</point>
				<point>326.500000,418.500031</point>
			</points>
		</object>
		<object>
			<coordinate>pixel</coordinate>
			<type>rectangle</type>
			<description>None</description>
			<possibleresult>
				<name>Dump Truck</name>
			</possibleresult>
			<points>
				<point>296.153839,456.769165</point>
				<point>291.692291,463.461487</point>
				<point>269.538422,448.692261</point>
				<point>273.999969,441.999939</point>
				<point>296.153839,456.769165</point>
			</points>
		</object>
		<object>
			<coordinate>pixel</coordinate>
			<type>rectangle</type>
			<description>None</description>
			<possibleresult>
				<name>Small Car</name>
			</possibleresult>
			<points>
				<point>313.405823,467.591431</point>
				<point>309.000000,473.999939</point>
				<point>293.000000,462.999939</point>
				<point>297.405823,456.591431</point>
				<point>313.405823,467.591431</point>
			</points>
		</object>
		<object>
			<coordinate>pixel</coordinate>
			<type>rectangle</type>
			<description>None</description>
			<possibleresult>
				<name>Small Car</name>
			</possibleresult>
			<points>
				<point>376.000031,504.000000</point>
				<point>372.000031,510.000000</point>
				<point>357.000031,500.000000</point>
				<point>361.000031,494.000000</point>
				<point>376.000031,504.000000</point>
			</points>
		</object>
		<object>
			<coordinate>pixel</coordinate>
			<type>rectangle</type>
			<description>None</description>
			<possibleresult>
				<name>Intersection</name>
			</possibleresult>
			<points>
				<point>236.000015,395.000061</point>
				<point>212.085526,429.060120</point>
				<point>165.000015,396.000061</point>
				<point>188.914505,361.940002</point>
				<point>236.000015,395.000061</point>
			</points>
		</object>
		<object>
			<coordinate>pixel</coordinate>
			<type>rectangle</type>
			<description>None</description>
			<possibleresult>
				<name>Small Car</name>
			</possibleresult>
			<points>
				<point>513.000000,528.000000</point>
				<point>499.500000,541.500000</point>
				<point>494.000000,536.000000</point>
				<point>507.500000,522.500000</point>
				<point>513.000000,528.000000</point>
			</points>
		</object>
		<object>
			<coordinate>pixel</coordinate>
			<type>rectangle</type>
			<description>None</description>
			<possibleresult>
				<name>Small Car</name>
			</possibleresult>
			<points>
				<point>503.999969,521.000061</point>
				<point>488.999969,534.000061</point>
				<point>484.380707,528.670105</point>
				<point>499.380707,515.670105</point>
				<point>503.999969,521.000061</point>
			</points>
		</object>
		<object>
			<coordinate>pixel</coordinate>
			<type>rectangle</type>
			<description>None</description>
			<possibleresult>
				<name>Small Car</name>
			</possibleresult>
			<points>
				<point>526.000000,487.000031</point>
				<point>512.000000,500.000031</point>
				<point>506.693115,494.284943</point>
				<point>520.693115,481.284943</point>
				<point>526.000000,487.000031</point>
			</points>
		</object>
		<object>
			<coordinate>pixel</coordinate>
			<type>rectangle</type>
			<description>None</description>
			<possibleresult>
				<name>Van</name>
			</possibleresult>
			<points>
				<point>543.191711,471.792358</point>
				<point>531.000061,485.000000</point>
				<point>525.808411,480.207642</point>
				<point>538.000061,467.000000</point>
				<point>543.191711,471.792358</point>
			</points>
		</object>
		<object>
			<coordinate>pixel</coordinate>
			<type>rectangle</type>
			<description>None</description>
			<possibleresult>
				<name>Small Car</name>
			</possibleresult>
			<points>
				<point>532.500122,465.500092</point>
				<point>521.000122,477.000092</point>
				<point>515.500122,471.500092</point>
				<point>527.000122,460.000092</point>
				<point>532.500122,465.500092</point>
			</points>
		</object>
		<object>
			<coordinate>pixel</coordinate>
			<type>rectangle</type>
			<description>None</description>
			<possibleresult>
				<name>Small Car</name>
			</possibleresult>
			<points>
				<point>543.230042,421.750824</point>
				<point>531.000061,435.000031</point>
				<point>524.770081,429.249237</point>
				<point>537.000061,416.000031</point>
				<point>543.230042,421.750824</point>
			</points>
		</object>
		<object>
			<coordinate>pixel</coordinate>
			<type>rectangle</type>
			<description>None</description>
			<possibleresult>
				<name>Small Car</name>
			</possibleresult>
			<points>
				<point>520.000000,405.000031</point>
				<point>507.769989,418.249237</point>
				<point>501.000000,412.000031</point>
				<point>513.229980,398.750824</point>
				<point>520.000000,405.000031</point>
			</points>
		</object>
		<object>
			<coordinate>pixel</coordinate>
			<type>rectangle</type>
			<description>None</description>
			<possibleresult>
				<name>Small Car</name>
			</possibleresult>
			<points>
				<point>632.000061,525.000122</point>
				<point>617.000061,534.000122</point>
				<point>612.411804,526.353027</point>
				<point>627.411804,517.353027</point>
				<point>632.000061,525.000122</point>
			</points>
		</object>
		<object>
			<coordinate>pixel</coordinate>
			<type>rectangle</type>
			<description>None</description>
			<possibleresult>
				<name>Small Car</name>
			</possibleresult>
			<points>
				<point>673.999939,519.000000</point>
				<point>656.999939,526.000000</point>
				<point>654.245544,519.310669</point>
				<point>671.245544,512.310669</point>
				<point>673.999939,519.000000</point>
			</points>
		</object>
		<object>
			<coordinate>pixel</coordinate>
			<type>rectangle</type>
			<description>None</description>
			<possibleresult>
				<name>Van</name>
			</possibleresult>
			<points>
				<point>656.254761,527.858582</point>
				<point>638.000000,538.000061</point>
				<point>634.745239,532.141541</point>
				<point>653.000000,522.000061</point>
				<point>656.254761,527.858582</point>
			</points>
		</object>
		<object>
			<coordinate>pixel</coordinate>
			<type>rectangle</type>
			<description>None</description>
			<possibleresult>
				<name>Small Car</name>
			</possibleresult>
			<points>
				<point>630.000061,541.000061</point>
				<point>613.820251,551.112366</point>
				<point>610.000061,545.000061</point>
				<point>626.179871,534.887756</point>
				<point>630.000061,541.000061</point>
			</points>
		</object>
		<object>
			<coordinate>pixel</coordinate>
			<type>rectangle</type>
			<description>None</description>
			<possibleresult>
				<name>Small Car</name>
			</possibleresult>
			<points>
				<point>768.000061,473.000122</point>
				<point>750.800110,481.600098</point>
				<point>747.800110,475.600098</point>
				<point>765.000061,467.000122</point>
				<point>768.000061,473.000122</point>
			</points>
		</object>
		<object>
			<coordinate>pixel</coordinate>
			<type>rectangle</type>
			<description>None</description>
			<possibleresult>
				<name>Small Car</name>
			</possibleresult>
			<points>
				<point>790.200073,460.400055</point>
				<point>773.000122,469.000031</point>
				<point>769.600098,462.200043</point>
				<point>786.800049,453.600067</point>
				<point>790.200073,460.400055</point>
			</points>
		</object>
		<object>
			<coordinate>pixel</coordinate>
			<type>rectangle</type>
			<description>None</description>
			<possibleresult>
				<name>Van</name>
			</possibleresult>
			<points>
				<point>826.000122,444.000092</point>
				<point>814.000122,450.000092</point>
				<point>811.000122,444.000092</point>
				<point>823.000122,438.000092</point>
				<point>826.000122,444.000092</point>
			</points>
		</object>
		<object>
			<coordinate>pixel</coordinate>
			<type>rectangle</type>
			<description>None</description>
			<possibleresult>
				<name>Van</name>
			</possibleresult>
			<points>
				<point>504.000000,165.000000</point>
				<point>498.297424,169.386627</point>
				<point>488.297424,156.386627</point>
				<point>494.000000,152.000000</point>
				<point>504.000000,165.000000</point>
			</points>
		</object>
		<object>
			<coordinate>pixel</coordinate>
			<type>rectangle</type>
			<description>None</description>
			<possibleresult>
				<name>Small Car</name>
			</possibleresult>
			<points>
				<point>947.089905,338.056183</point>
				<point>944.000061,343.000031</point>
				<point>927.910217,332.943878</point>
				<point>931.000061,328.000031</point>
				<point>947.089905,338.056183</point>
			</points>
		</object>
		<object>
			<coordinate>pixel</coordinate>
			<type>rectangle</type>
			<description>None</description>
			<possibleresult>
				<name>Cargo Truck</name>
			</possibleresult>
			<points>
				<point>1000.000000,364.666870</point>
				<point>998.429199,361.263367</point>
				<point>1000.000000,360.538330</point>
				<point>1001.570801,363.941833</point>
				<point>1000.000000,364.666870</point>
			</points>
		</object>
		<object>
			<coordinate>pixel</coordinate>
			<type>rectangle</type>
			<description>None</description>
			<possibleresult>
				<name>Small Car</name>
			</possibleresult>
			<points>
				<point>989.487854,237.390259</point>
				<point>981.000061,248.000031</point>
				<point>975.512268,243.609772</point>
				<point>984.000061,233.000000</point>
				<point>989.487854,237.390259</point>
			</points>
		</object>
		<object>
			<coordinate>pixel</coordinate>
			<type>rectangle</type>
			<description>None</description>
			<possibleresult>
				<name>Small Car</name>
			</possibleresult>
			<points>
				<point>1000.000061,862.545532</point>
				<point>999.000061,861.000122</point>
				<point>1000.000061,860.353027</point>
				<point>1001.000061,861.898438</point>
				<point>1000.000061,862.545532</point>
			</points>
		</object>
		<object>
			<coordinate>pixel</coordinate>
			<type>rectangle</type>
			<description>None</description>
			<possibleresult>
				<name>Dump Truck</name>
			</possibleresult>
			<points>
				<point>933.449463,810.280945</point>
				<point>928.449463,818.280945</point>
				<point>904.000000,803.000061</point>
				<point>909.000000,795.000061</point>
				<point>933.449463,810.280945</point>
			</points>
		</object>
		<object>
			<coordinate>pixel</coordinate>
			<type>rectangle</type>
			<description>None</description>
			<possibleresult>
				<name>Van</name>
			</possibleresult>
			<points>
				<point>855.599976,928.199890</point>
				<point>835.599976,938.199890</point>
				<point>832.000000,930.999939</point>
				<point>852.000000,920.999939</point>
				<point>855.599976,928.199890</point>
			</points>
		</object>
		<object>
			<coordinate>pixel</coordinate>
			<type>rectangle</type>
			<description>None</description>
			<possibleresult>
				<name>Small Car</name>
			</possibleresult>
			<points>
				<point>824.150574,941.931396</point>
				<point>812.999939,946.999878</point>
				<point>809.849304,940.068359</point>
				<point>820.999939,934.999878</point>
				<point>824.150574,941.931396</point>
			</points>
		</object>
		<object>
			<coordinate>pixel</coordinate>
			<type>rectangle</type>
			<description>None</description>
			<possibleresult>
				<name>Small Car</name>
			</possibleresult>
			<points>
				<point>783.104004,959.927979</point>
				<point>770.000000,969.000000</point>
				<point>765.895996,963.072021</point>
				<point>779.000000,954.000000</point>
				<point>783.104004,959.927979</point>
			</points>
		</object>
		<object>
			<coordinate>pixel</coordinate>
			<type>rectangle</type>
			<description>None</description>
			<possibleresult>
				<name>Small Car</name>
			</possibleresult>
			<points>
				<point>763.307739,970.461487</point>
				<point>751.307739,978.461487</point>
				<point>747.000000,971.999939</point>
				<point>759.000000,963.999939</point>
				<point>763.307739,970.461487</point>
			</points>
		</object>
		<object>
			<coordinate>pixel</coordinate>
			<type>rectangle</type>
			<description>None</description>
			<possibleresult>
				<name>Small Car</name>
			</possibleresult>
			<points>
				<point>740.000000,981.000061</point>
				<point>728.945557,990.044617</point>
				<point>724.000000,984.000061</point>
				<point>735.054443,974.955505</point>
				<point>740.000000,981.000061</point>
			</points>
		</object>
		<object>
			<coordinate>pixel</coordinate>
			<type>rectangle</type>
			<description>None</description>
			<possibleresult>
				<name>Van</name>
			</possibleresult>
			<points>
				<point>697.499939,1000.000000</point>
				<point>695.674133,997.078735</point>
				<point>714.999939,985.000122</point>
				<point>719.999939,993.000122</point>
				<point>697.499939,1000.000000</point>
			</points>
		</object>
		<object>
			<coordinate>pixel</coordinate>
			<type>rectangle</type>
			<description>None</description>
			<possibleresult>
				<name>Small Car</name>
			</possibleresult>
			<points>
				<point>627.199951,947.400085</point>
				<point>610.000000,956.000061</point>
				<point>607.000000,950.000061</point>
				<point>624.199951,941.400085</point>
				<point>627.199951,947.400085</point>
			</points>
		</object>
		<object>
			<coordinate>pixel</coordinate>
			<type>rectangle</type>
			<description>None</description>
			<possibleresult>
				<name>Dump Truck</name>
			</possibleresult>
			<points>
				<point>22.192444,1003.141052</point>
				<point>19.500061,999.999939</point>
				<point>23.164680,996.858826</point>
				<point>25.857063,999.999939</point>
				<point>22.192444,1003.141052</point>
			</points>
		</object>
		<object>
			<coordinate>pixel</coordinate>
			<type>rectangle</type>
			<description>None</description>
			<possibleresult>
				<name>Dump Truck</name>
			</possibleresult>
			<points>
				<point>59.187473,1000.000000</point>
				<point>47.312473,1000.000000</point>
				<point>39.847084,990.811829</point>
				<point>47.000023,985.000061</point>
				<point>59.187473,1000.000000</point>
			</points>
		</object>
		<object>
			<coordinate>pixel</coordinate>
			<type>rectangle</type>
			<description>None</description>
			<possibleresult>
				<name>Dump Truck</name>
			</possibleresult>
			<points>
				<point>64.187500,1000.000000</point>
				<point>51.755318,984.698853</point>
				<point>60.000023,978.000000</point>
				<point>73.000023,994.000000</point>
				<point>64.187500,1000.000000</point>
			</points>
		</object>
		<object>
			<coordinate>pixel</coordinate>
			<type>rectangle</type>
			<description>None</description>
			<possibleresult>
				<name>Small Car</name>
			</possibleresult>
			<points>
				<point>84.999992,988.000000</point>
				<point>78.728493,993.701416</point>
				<point>68.728493,982.701416</point>
				<point>74.999992,977.000000</point>
				<point>84.999992,988.000000</point>
			</points>
		</object>
		<object>
			<coordinate>pixel</coordinate>
			<type>rectangle</type>
			<description>None</description>
			<possibleresult>
				<name>Dump Truck</name>
			</possibleresult>
			<points>
				<point>102.000000,982.000000</point>
				<point>95.061951,988.070801</point>
				<point>81.000000,972.000000</point>
				<point>87.938049,965.929199</point>
				<point>102.000000,982.000000</point>
			</points>
		</object>
		<object>
			<coordinate>pixel</coordinate>
			<type>rectangle</type>
			<description>None</description>
			<possibleresult>
				<name>Truck Tractor</name>
			</possibleresult>
			<points>
				<point>90.999985,984.000061</point>
				<point>85.390228,988.487854</point>
				<point>77.390228,978.487854</point>
				<point>82.999985,974.000061</point>
				<point>90.999985,984.000061</point>
			</points>
		</object>
		<object>
			<coordinate>pixel</coordinate>
			<type>rectangle</type>
			<description>None</description>
			<possibleresult>
				<name>Dump Truck</name>
			</possibleresult>
			<points>
				<point>115.000038,974.000122</point>
				<point>109.500038,979.500122</point>
				<point>93.000038,963.000122</point>
				<point>98.500038,957.500122</point>
				<point>115.000038,974.000122</point>
			</points>
		</object>
		<object>
			<coordinate>pixel</coordinate>
			<type>rectangle</type>
			<description>None</description>
			<possibleresult>
				<name>Small Car</name>
			</possibleresult>
			<points>
				<point>125.172943,970.237854</point>
				<point>119.999969,974.000061</point>
				<point>111.826996,962.762268</point>
				<point>116.999969,959.000061</point>
				<point>125.172943,970.237854</point>
			</points>
		</object>
		<object>
			<coordinate>pixel</coordinate>
			<type>rectangle</type>
			<description>None</description>
			<possibleresult>
				<name>Small Car</name>
			</possibleresult>
			<points>
				<point>135.499985,968.500000</point>
				<point>130.499985,973.500000</point>
				<point>118.999985,962.000000</point>
				<point>123.999985,957.000000</point>
				<point>135.499985,968.500000</point>
			</points>
		</object>
		<object>
			<coordinate>pixel</coordinate>
			<type>rectangle</type>
			<description>None</description>
			<possibleresult>
				<name>Van</name>
			</possibleresult>
			<points>
				<point>146.175903,957.238770</point>
				<point>136.999969,964.000000</point>
				<point>122.824036,944.761230</point>
				<point>131.999969,938.000000</point>
				<point>146.175903,957.238770</point>
			</points>
		</object>
		<object>
			<coordinate>pixel</coordinate>
			<type>rectangle</type>
			<description>None</description>
			<possibleresult>
				<name>Dump Truck</name>
			</possibleresult>
			<points>
				<point>153.264740,950.441162</point>
				<point>144.000031,956.000000</point>
				<point>132.000031,936.000000</point>
				<point>141.264740,930.441162</point>
				<point>153.264740,950.441162</point>
			</points>
		</object>
		<object>
			<coordinate>pixel</coordinate>
			<type>rectangle</type>
			<description>None</description>
			<possibleresult>
				<name>Cargo Truck</name>
			</possibleresult>
			<points>
				<point>177.420807,930.162964</point>
				<point>174.000000,939.000122</point>
				<point>142.579193,926.837280</point>
				<point>146.000000,918.000122</point>
				<point>177.420807,930.162964</point>
			</points>
		</object>
		<object>
			<coordinate>pixel</coordinate>
			<type>rectangle</type>
			<description>None</description>
			<possibleresult>
				<name>Cargo Truck</name>
			</possibleresult>
			<points>
				<point>206.000000,911.000000</point>
				<point>205.026703,920.002930</point>
				<point>168.000000,916.000000</point>
				<point>168.973297,906.997070</point>
				<point>206.000000,911.000000</point>
			</points>
		</object>
		<object>
			<coordinate>pixel</coordinate>
			<type>rectangle</type>
			<description>None</description>
			<possibleresult>
				<name>Dump Truck</name>
			</possibleresult>
			<points>
				<point>179.165970,950.181152</point>
				<point>174.999924,954.000000</point>
				<point>163.833878,941.818848</point>
				<point>167.999924,938.000000</point>
				<point>179.165970,950.181152</point>
			</points>
		</object>
		<object>
			<coordinate>pixel</coordinate>
			<type>rectangle</type>
			<description>None</description>
			<possibleresult>
				<name>Truck Tractor</name>
			</possibleresult>
			<points>
				<point>175.046951,961.067200</point>
				<point>167.999985,966.000061</point>
				<point>153.953018,945.932922</point>
				<point>160.999985,941.000061</point>
				<point>175.046951,961.067200</point>
			</points>
		</object>
		<object>
			<coordinate>pixel</coordinate>
			<type>rectangle</type>
			<description>None</description>
			<possibleresult>
				<name>Dump Truck</name>
			</possibleresult>
			<points>
				<point>1.000015,981.000122</point>
				<point>-5.609741,972.737915</point>
				<point>0.000013,968.250122</point>
				<point>6.609770,976.512329</point>
				<point>1.000015,981.000122</point>
			</points>
		</object>
		<object>
			<coordinate>pixel</coordinate>
			<type>rectangle</type>
			<description>None</description>
			<possibleresult>
				<name>Dump Truck</name>
			</possibleresult>
			<points>
				<point>16.000000,970.000122</point>
				<point>11.276243,975.248779</point>
				<point>1.000000,966.000122</point>
				<point>5.723757,960.751465</point>
				<point>16.000000,970.000122</point>
			</points>
		</object>
		<object>
			<coordinate>pixel</coordinate>
			<type>rectangle</type>
			<description>None</description>
			<possibleresult>
				<name>Van</name>
			</possibleresult>
			<points>
				<point>36.000004,956.000000</point>
				<point>33.000004,964.000000</point>
				<point>15.794525,957.547974</point>
				<point>18.794525,949.547974</point>
				<point>36.000004,956.000000</point>
			</points>
		</object>
		<object>
			<coordinate>pixel</coordinate>
			<type>rectangle</type>
			<description>None</description>
			<possibleresult>
				<name>other-vehicle</name>
			</possibleresult>
			<points>
				<point>256.000031,928.000122</point>
				<point>243.000031,941.000122</point>
				<point>237.000031,935.000122</point>
				<point>250.000031,922.000122</point>
				<point>256.000031,928.000122</point>
			</points>
		</object>
		<object>
			<coordinate>pixel</coordinate>
			<type>rectangle</type>
			<description>None</description>
			<possibleresult>
				<name>Small Car</name>
			</possibleresult>
			<points>
				<point>207.999969,967.000061</point>
				<point>204.199066,971.181091</point>
				<point>192.999969,961.000061</point>
				<point>196.800873,956.819031</point>
				<point>207.999969,967.000061</point>
			</points>
		</object>
		<object>
			<coordinate>pixel</coordinate>
			<type>rectangle</type>
			<description>None</description>
			<possibleresult>
				<name>Small Car</name>
			</possibleresult>
			<points>
				<point>202.163345,972.133667</point>
				<point>198.999985,976.000000</point>
				<point>187.836624,966.866333</point>
				<point>190.999985,963.000000</point>
				<point>202.163345,972.133667</point>
			</points>
		</object>
		<object>
			<coordinate>pixel</coordinate>
			<type>rectangle</type>
			<description>None</description>
			<possibleresult>
				<name>Van</name>
			</possibleresult>
			<points>
				<point>165.000046,995.000122</point>
				<point>158.999969,1000.000000</point>
				<point>150.000046,990.000122</point>
				<point>155.801163,984.779175</point>
				<point>165.000046,995.000122</point>
			</points>
		</object>
		<object>
			<coordinate>pixel</coordinate>
			<type>rectangle</type>
			<description>None</description>
			<possibleresult>
				<name>other-vehicle</name>
			</possibleresult>
			<points>
				<point>171.000061,990.000000</point>
				<point>165.563812,993.805420</point>
				<point>158.563812,983.805420</point>
				<point>164.000061,980.000000</point>
				<point>171.000061,990.000000</point>
			</points>
		</object>
		<object>
			<coordinate>pixel</coordinate>
			<type>rectangle</type>
			<description>None</description>
			<possibleresult>
				<name>Van</name>
			</possibleresult>
			<points>
				<point>283.399994,945.800110</point>
				<point>264.199982,955.400085</point>
				<point>260.799957,948.600037</point>
				<point>279.999969,939.000061</point>
				<point>283.399994,945.800110</point>
			</points>
		</object>
		<object>
			<coordinate>pixel</coordinate>
			<type>rectangle</type>
			<description>None</description>
			<possibleresult>
				<name>Van</name>
			</possibleresult>
			<points>
				<point>175.022537,880.980164</point>
				<point>149.999985,903.000061</point>
				<point>142.977432,895.019958</point>
				<point>167.999985,873.000061</point>
				<point>175.022537,880.980164</point>
			</points>
		</object>
		<object>
			<coordinate>pixel</coordinate>
			<type>rectangle</type>
			<description>None</description>
			<possibleresult>
				<name>Van</name>
			</possibleresult>
			<points>
				<point>151.000000,864.000000</point>
				<point>128.583771,880.302734</point>
				<point>124.000008,874.000000</point>
				<point>146.416229,857.697266</point>
				<point>151.000000,864.000000</point>
			</points>
		</object>
		<object>
			<coordinate>pixel</coordinate>
			<type>rectangle</type>
			<description>None</description>
			<possibleresult>
				<name>Van</name>
			</possibleresult>
			<points>
				<point>138.000031,855.000000</point>
				<point>124.833893,867.153320</point>
				<point>121.000031,863.000000</point>
				<point>134.166168,850.846680</point>
				<point>138.000031,855.000000</point>
			</points>
		</object>
		<object>
			<coordinate>pixel</coordinate>
			<type>rectangle</type>
			<description>None</description>
			<possibleresult>
				<name>Van</name>
			</possibleresult>
			<points>
				<point>114.999977,864.000000</point>
				<point>93.999977,876.000000</point>
				<point>89.999977,869.000000</point>
				<point>110.999977,857.000000</point>
				<point>114.999977,864.000000</point>
			</points>
		</object>
		<object>
			<coordinate>pixel</coordinate>
			<type>rectangle</type>
			<description>None</description>
			<possibleresult>
				<name>Van</name>
			</possibleresult>
			<points>
				<point>362.000000,900.000000</point>
				<point>345.500000,916.500000</point>
				<point>339.500000,910.500000</point>
				<point>356.000000,894.000000</point>
				<point>362.000000,900.000000</point>
			</points>
		</object>
		<object>
			<coordinate>pixel</coordinate>
			<type>rectangle</type>
			<description>None</description>
			<possibleresult>
				<name>Van</name>
			</possibleresult>
			<points>
				<point>353.000031,890.999939</point>
				<point>336.000031,906.999939</point>
				<point>330.656891,901.322815</point>
				<point>347.656891,885.322815</point>
				<point>353.000031,890.999939</point>
			</points>
		</object>
		<object>
			<coordinate>pixel</coordinate>
			<type>rectangle</type>
			<description>None</description>
			<possibleresult>
				<name>Small Car</name>
			</possibleresult>
			<points>
				<point>381.804688,846.338867</point>
				<point>379.000000,853.000000</point>
				<point>360.000000,845.000000</point>
				<point>362.804688,838.338867</point>
				<point>381.804688,846.338867</point>
			</points>
		</object>
		<object>
			<coordinate>pixel</coordinate>
			<type>rectangle</type>
			<description>None</description>
			<possibleresult>
				<name>Small Car</name>
			</possibleresult>
			<points>
				<point>428.371216,871.283813</point>
				<point>424.000061,877.000000</point>
				<point>407.000061,864.000000</point>
				<point>411.371216,858.283813</point>
				<point>428.371216,871.283813</point>
			</points>
		</object>
		<object>
			<coordinate>pixel</coordinate>
			<type>rectangle</type>
			<description>None</description>
			<possibleresult>
				<name>Small Car</name>
			</possibleresult>
			<points>
				<point>354.000031,645.000061</point>
				<point>340.000031,653.000061</point>
				<point>336.000031,646.000061</point>
				<point>350.000031,638.000061</point>
				<point>354.000031,645.000061</point>
			</points>
		</object>
		<object>
			<coordinate>pixel</coordinate>
			<type>rectangle</type>
			<description>None</description>
			<possibleresult>
				<name>Small Car</name>
			</possibleresult>
			<points>
				<point>374.000061,634.000061</point>
				<point>357.200073,642.400085</point>
				<point>354.000061,636.000061</point>
				<point>370.800049,627.600037</point>
				<point>374.000061,634.000061</point>
			</points>
		</object>
		<object>
			<coordinate>pixel</coordinate>
			<type>rectangle</type>
			<description>None</description>
			<possibleresult>
				<name>Van</name>
			</possibleresult>
			<points>
				<point>440.999969,602.000061</point>
				<point>426.676910,610.184631</point>
				<point>422.676910,603.184631</point>
				<point>436.999969,595.000061</point>
				<point>440.999969,602.000061</point>
			</points>
		</object>
		<object>
			<coordinate>pixel</coordinate>
			<type>rectangle</type>
			<description>None</description>
			<possibleresult>
				<name>Intersection</name>
			</possibleresult>
			<points>
				<point>554.407776,582.789246</point>
				<point>493.999969,613.999939</point>
				<point>474.907898,577.047546</point>
				<point>535.315674,545.836853</point>
				<point>554.407776,582.789246</point>
			</points>
		</object>
	</objects>
</annotation>