<?xml version="1.0" encoding="utf-8"?>
<annotation>
	<source>
		<filename>105.tif</filename>
		<origin>GF2/GF3</origin>
	</source>
	<research>
		<version>1.0</version>
		<provider>FAIR1M</provider>
		<author>Cyber</author>
		<pluginname>FAIR1M</pluginname>
		<pluginclass>object detection</pluginclass>
		<time>2021-03</time>
	</research>
	<size>
		<width>1000</width>
		<height>1000</height>
		<depth>3</depth>
	</size>
	<objects>
		<object>
			<coordinate>pixel</coordinate>
			<type>rectangle</type>
			<description>None</description>
			<possibleresult>
				<name>Small Car</name>
			</possibleresult>
			<points>
				<point>990.000000,992.000183</point>
				<point>988.501831,985.108459</point>
				<point>1000.000122,982.608826</point>
				<point>1001.498291,989.500549</point>
				<point>990.000000,992.000183</point>
			</points>
		</object>
		<object>
			<coordinate>pixel</coordinate>
			<type>rectangle</type>
			<description>None</description>
			<possibleresult>
				<name>Small Car</name>
			</possibleresult>
			<points>
				<point>985.000000,992.000122</point>
				<point>964.423096,996.115479</point>
				<point>963.000000,989.000122</point>
				<point>983.576904,984.884766</point>
				<point>985.000000,992.000122</point>
			</points>
		</object>
		<object>
			<coordinate>pixel</coordinate>
			<type>rectangle</type>
			<description>None</description>
			<possibleresult>
				<name>Small Car</name>
			</possibleresult>
			<points>
				<point>908.000000,1000.000000</point>
				<point>908.000000,1000.000000</point>
				<point>908.000000,1000.000000</point>
				<point>908.000000,1000.000000</point>
				<point>908.000000,1000.000000</point>
			</points>
		</object>
		<object>
			<coordinate>pixel</coordinate>
			<type>rectangle</type>
			<description>None</description>
			<possibleresult>
				<name>Small Car</name>
			</possibleresult>
			<points>
				<point>915.000122,968.000122</point>
				<point>909.000122,971.000122</point>
				<point>902.000122,957.000122</point>
				<point>908.000122,954.000122</point>
				<point>915.000122,968.000122</point>
			</points>
		</object>
		<object>
			<coordinate>pixel</coordinate>
			<type>rectangle</type>
			<description>None</description>
			<possibleresult>
				<name>Van</name>
			</possibleresult>
			<points>
				<point>913.000000,544.000061</point>
				<point>892.902222,547.014709</point>
				<point>892.000000,541.000061</point>
				<point>912.097778,537.985413</point>
				<point>913.000000,544.000061</point>
			</points>
		</object>
		<object>
			<coordinate>pixel</coordinate>
			<type>rectangle</type>
			<description>None</description>
			<possibleresult>
				<name>Small Car</name>
			</possibleresult>
			<points>
				<point>916.100708,550.652283</point>
				<point>897.100708,556.652283</point>
				<point>895.000000,549.999939</point>
				<point>914.000000,543.999939</point>
				<point>916.100708,550.652283</point>
			</points>
		</object>
		<object>
			<coordinate>pixel</coordinate>
			<type>rectangle</type>
			<description>None</description>
			<possibleresult>
				<name>Small Car</name>
			</possibleresult>
			<points>
				<point>918.690552,572.939941</point>
				<point>895.000122,575.000000</point>
				<point>894.309692,567.060059</point>
				<point>918.000122,565.000000</point>
				<point>918.690552,572.939941</point>
			</points>
		</object>
		<object>
			<coordinate>pixel</coordinate>
			<type>rectangle</type>
			<description>None</description>
			<possibleresult>
				<name>Small Car</name>
			</possibleresult>
			<points>
				<point>924.999939,589.999939</point>
				<point>901.914490,593.011047</point>
				<point>900.999939,585.999939</point>
				<point>924.085388,582.988831</point>
				<point>924.999939,589.999939</point>
			</points>
		</object>
		<object>
			<coordinate>pixel</coordinate>
			<type>rectangle</type>
			<description>None</description>
			<possibleresult>
				<name>Van</name>
			</possibleresult>
			<points>
				<point>849.104736,574.963135</point>
				<point>832.000122,581.000000</point>
				<point>829.895508,575.036865</point>
				<point>847.000122,569.000000</point>
				<point>849.104736,574.963135</point>
			</points>
		</object>
		<object>
			<coordinate>pixel</coordinate>
			<type>rectangle</type>
			<description>None</description>
			<possibleresult>
				<name>Small Car</name>
			</possibleresult>
			<points>
				<point>862.000122,592.000000</point>
				<point>839.611084,597.088379</point>
				<point>838.000122,590.000000</point>
				<point>860.389160,584.911621</point>
				<point>862.000122,592.000000</point>
			</points>
		</object>
		<object>
			<coordinate>pixel</coordinate>
			<type>rectangle</type>
			<description>None</description>
			<possibleresult>
				<name>Van</name>
			</possibleresult>
			<points>
				<point>865.000000,599.000000</point>
				<point>844.000000,605.000000</point>
				<point>842.264160,598.924561</point>
				<point>863.264160,592.924561</point>
				<point>865.000000,599.000000</point>
			</points>
		</object>
		<object>
			<coordinate>pixel</coordinate>
			<type>rectangle</type>
			<description>None</description>
			<possibleresult>
				<name>Small Car</name>
			</possibleresult>
			<points>
				<point>857.660400,650.811279</point>
				<point>836.660400,656.811279</point>
				<point>835.000000,651.000000</point>
				<point>856.000000,645.000000</point>
				<point>857.660400,650.811279</point>
			</points>
		</object>
		<object>
			<coordinate>pixel</coordinate>
			<type>rectangle</type>
			<description>None</description>
			<possibleresult>
				<name>Small Car</name>
			</possibleresult>
			<points>
				<point>949.252075,627.946899</point>
				<point>930.000122,632.000000</point>
				<point>928.748169,626.053101</point>
				<point>948.000122,622.000000</point>
				<point>949.252075,627.946899</point>
			</points>
		</object>
		<object>
			<coordinate>pixel</coordinate>
			<type>rectangle</type>
			<description>None</description>
			<possibleresult>
				<name>Van</name>
			</possibleresult>
			<points>
				<point>973.000061,626.000000</point>
				<point>953.000061,629.000000</point>
				<point>951.951111,622.007324</point>
				<point>971.951111,619.007324</point>
				<point>973.000061,626.000000</point>
			</points>
		</object>
		<object>
			<coordinate>pixel</coordinate>
			<type>rectangle</type>
			<description>None</description>
			<possibleresult>
				<name>Small Car</name>
			</possibleresult>
			<points>
				<point>999.999939,623.000000</point>
				<point>980.317566,624.035889</point>
				<point>979.999939,618.000000</point>
				<point>999.682312,616.964111</point>
				<point>999.999939,623.000000</point>
			</points>
		</object>
		<object>
			<coordinate>pixel</coordinate>
			<type>rectangle</type>
			<description>None</description>
			<possibleresult>
				<name>Small Car</name>
			</possibleresult>
			<points>
				<point>994.999939,666.000000</point>
				<point>987.979431,666.825928</point>
				<point>985.979431,649.825928</point>
				<point>992.999939,649.000000</point>
				<point>994.999939,666.000000</point>
			</points>
		</object>
		<object>
			<coordinate>pixel</coordinate>
			<type>rectangle</type>
			<description>None</description>
			<possibleresult>
				<name>Small Car</name>
			</possibleresult>
			<points>
				<point>997.291016,769.987854</point>
				<point>972.999878,770.999939</point>
				<point>972.708740,764.012024</point>
				<point>996.999878,762.999939</point>
				<point>997.291016,769.987854</point>
			</points>
		</object>
		<object>
			<coordinate>pixel</coordinate>
			<type>rectangle</type>
			<description>None</description>
			<possibleresult>
				<name>Small Car</name>
			</possibleresult>
			<points>
				<point>995.000122,760.000061</point>
				<point>971.611694,762.033875</point>
				<point>971.000122,755.000061</point>
				<point>994.388550,752.966248</point>
				<point>995.000122,760.000061</point>
			</points>
		</object>
		<object>
			<coordinate>pixel</coordinate>
			<type>rectangle</type>
			<description>None</description>
			<possibleresult>
				<name>Small Car</name>
			</possibleresult>
			<points>
				<point>903.470642,744.882324</point>
				<point>883.000061,750.000000</point>
				<point>881.529480,744.117676</point>
				<point>902.000061,739.000000</point>
				<point>903.470642,744.882324</point>
			</points>
		</object>
		<object>
			<coordinate>pixel</coordinate>
			<type>rectangle</type>
			<description>None</description>
			<possibleresult>
				<name>Small Car</name>
			</possibleresult>
			<points>
				<point>898.999878,736.999939</point>
				<point>879.904175,743.030212</point>
				<point>877.999878,736.999939</point>
				<point>897.095581,730.969666</point>
				<point>898.999878,736.999939</point>
			</points>
		</object>
		<object>
			<coordinate>pixel</coordinate>
			<type>rectangle</type>
			<description>None</description>
			<possibleresult>
				<name>Van</name>
			</possibleresult>
			<points>
				<point>866.300110,807.900146</point>
				<point>848.000061,814.000122</point>
				<point>845.700012,807.100098</point>
				<point>864.000061,801.000122</point>
				<point>866.300110,807.900146</point>
			</points>
		</object>
		<object>
			<coordinate>pixel</coordinate>
			<type>rectangle</type>
			<description>None</description>
			<possibleresult>
				<name>Small Car</name>
			</possibleresult>
			<points>
				<point>776.000061,803.000000</point>
				<point>770.184631,806.323120</point>
				<point>762.184631,792.323120</point>
				<point>768.000061,789.000000</point>
				<point>776.000061,803.000000</point>
			</points>
		</object>
		<object>
			<coordinate>pixel</coordinate>
			<type>rectangle</type>
			<description>None</description>
			<possibleresult>
				<name>Small Car</name>
			</possibleresult>
			<points>
				<point>789.000061,797.000000</point>
				<point>783.072083,801.104004</point>
				<point>774.000061,788.000000</point>
				<point>779.928040,783.895996</point>
				<point>789.000061,797.000000</point>
			</points>
		</object>
		<object>
			<coordinate>pixel</coordinate>
			<type>rectangle</type>
			<description>None</description>
			<possibleresult>
				<name>Van</name>
			</possibleresult>
			<points>
				<point>793.000244,668.000061</point>
				<point>772.764893,673.058899</point>
				<point>770.764893,665.058899</point>
				<point>791.000244,660.000061</point>
				<point>793.000244,668.000061</point>
			</points>
		</object>
		<object>
			<coordinate>pixel</coordinate>
			<type>rectangle</type>
			<description>None</description>
			<possibleresult>
				<name>Small Car</name>
			</possibleresult>
			<points>
				<point>721.999939,687.000000</point>
				<point>704.442566,691.131104</point>
				<point>702.999939,685.000000</point>
				<point>720.557312,680.868896</point>
				<point>721.999939,687.000000</point>
			</points>
		</object>
		<object>
			<coordinate>pixel</coordinate>
			<type>rectangle</type>
			<description>None</description>
			<possibleresult>
				<name>Van</name>
			</possibleresult>
			<points>
				<point>787.000061,617.000000</point>
				<point>784.000061,622.000000</point>
				<point>769.000061,613.000000</point>
				<point>772.000061,608.000000</point>
				<point>787.000061,617.000000</point>
			</points>
		</object>
		<object>
			<coordinate>pixel</coordinate>
			<type>rectangle</type>
			<description>None</description>
			<possibleresult>
				<name>Small Car</name>
			</possibleresult>
			<points>
				<point>852.977173,514.947632</point>
				<point>846.000122,518.000061</point>
				<point>839.000122,502.000031</point>
				<point>845.977173,498.947571</point>
				<point>852.977173,514.947632</point>
			</points>
		</object>
		<object>
			<coordinate>pixel</coordinate>
			<type>rectangle</type>
			<description>None</description>
			<possibleresult>
				<name>Small Car</name>
			</possibleresult>
			<points>
				<point>776.000061,427.999969</point>
				<point>769.600037,431.199982</point>
				<point>761.600037,415.199982</point>
				<point>768.000061,411.999969</point>
				<point>776.000061,427.999969</point>
			</points>
		</object>
		<object>
			<coordinate>pixel</coordinate>
			<type>rectangle</type>
			<description>None</description>
			<possibleresult>
				<name>Van</name>
			</possibleresult>
			<points>
				<point>874.000244,446.000031</point>
				<point>854.000244,451.000031</point>
				<point>851.764893,442.058868</point>
				<point>871.764893,437.058868</point>
				<point>874.000244,446.000031</point>
			</points>
		</object>
		<object>
			<coordinate>pixel</coordinate>
			<type>rectangle</type>
			<description>None</description>
			<possibleresult>
				<name>Van</name>
			</possibleresult>
			<points>
				<point>951.158447,396.443451</point>
				<point>944.000122,399.000031</point>
				<point>938.841797,384.556610</point>
				<point>946.000122,382.000031</point>
				<point>951.158447,396.443451</point>
			</points>
		</object>
		<object>
			<coordinate>pixel</coordinate>
			<type>rectangle</type>
			<description>None</description>
			<possibleresult>
				<name>Van</name>
			</possibleresult>
			<points>
				<point>967.000000,364.999969</point>
				<point>960.000000,365.999969</point>
				<point>958.000000,351.999969</point>
				<point>965.000000,350.999969</point>
				<point>967.000000,364.999969</point>
			</points>
		</object>
		<object>
			<coordinate>pixel</coordinate>
			<type>rectangle</type>
			<description>None</description>
			<possibleresult>
				<name>Small Car</name>
			</possibleresult>
			<points>
				<point>955.107788,369.861511</point>
				<point>946.000122,371.000000</point>
				<point>944.000122,355.000000</point>
				<point>953.107788,353.861511</point>
				<point>955.107788,369.861511</point>
			</points>
		</object>
		<object>
			<coordinate>pixel</coordinate>
			<type>rectangle</type>
			<description>None</description>
			<possibleresult>
				<name>Small Car</name>
			</possibleresult>
			<points>
				<point>937.155273,218.362030</point>
				<point>923.155273,224.362030</point>
				<point>920.000122,216.999969</point>
				<point>934.000122,210.999969</point>
				<point>937.155273,218.362030</point>
			</points>
		</object>
		<object>
			<coordinate>pixel</coordinate>
			<type>rectangle</type>
			<description>None</description>
			<possibleresult>
				<name>Small Car</name>
			</possibleresult>
			<points>
				<point>803.246582,230.657562</point>
				<point>797.000000,233.000031</point>
				<point>790.753418,216.342499</point>
				<point>797.000000,214.000031</point>
				<point>803.246582,230.657562</point>
			</points>
		</object>
		<object>
			<coordinate>pixel</coordinate>
			<type>rectangle</type>
			<description>None</description>
			<possibleresult>
				<name>Small Car</name>
			</possibleresult>
			<points>
				<point>897.135193,217.810806</point>
				<point>890.000061,218.999985</point>
				<point>887.189270,202.135117</point>
				<point>894.324402,200.945938</point>
				<point>897.135193,217.810806</point>
			</points>
		</object>
		<object>
			<coordinate>pixel</coordinate>
			<type>rectangle</type>
			<description>None</description>
			<possibleresult>
				<name>Small Car</name>
			</possibleresult>
			<points>
				<point>910.000061,217.000031</point>
				<point>902.000061,218.000031</point>
				<point>899.861633,200.892334</point>
				<point>907.861633,199.892334</point>
				<point>910.000061,217.000031</point>
			</points>
		</object>
		<object>
			<coordinate>pixel</coordinate>
			<type>rectangle</type>
			<description>None</description>
			<possibleresult>
				<name>Van</name>
			</possibleresult>
			<points>
				<point>902.264221,130.924515</point>
				<point>895.000061,132.999985</point>
				<point>890.735901,118.075455</point>
				<point>898.000061,115.999985</point>
				<point>902.264221,130.924515</point>
			</points>
		</object>
		<object>
			<coordinate>pixel</coordinate>
			<type>rectangle</type>
			<description>None</description>
			<possibleresult>
				<name>Van</name>
			</possibleresult>
			<points>
				<point>850.104675,298.963043</point>
				<point>833.000061,304.999969</point>
				<point>830.895447,299.036896</point>
				<point>848.000061,292.999969</point>
				<point>850.104675,298.963043</point>
			</points>
		</object>
		<object>
			<coordinate>pixel</coordinate>
			<type>rectangle</type>
			<description>None</description>
			<possibleresult>
				<name>Small Car</name>
			</possibleresult>
			<points>
				<point>750.000000,517.000000</point>
				<point>743.000000,521.000000</point>
				<point>735.000000,507.000000</point>
				<point>742.000000,503.000000</point>
				<point>750.000000,517.000000</point>
			</points>
		</object>
		<object>
			<coordinate>pixel</coordinate>
			<type>rectangle</type>
			<description>None</description>
			<possibleresult>
				<name>Small Car</name>
			</possibleresult>
			<points>
				<point>667.200012,526.400085</point>
				<point>659.200012,530.400085</point>
				<point>652.000061,516.000061</point>
				<point>660.000061,512.000061</point>
				<point>667.200012,526.400085</point>
			</points>
		</object>
		<object>
			<coordinate>pixel</coordinate>
			<type>rectangle</type>
			<description>None</description>
			<possibleresult>
				<name>Small Car</name>
			</possibleresult>
			<points>
				<point>629.282104,348.226685</point>
				<point>610.282104,354.226685</point>
				<point>608.000000,347.000000</point>
				<point>627.000000,341.000000</point>
				<point>629.282104,348.226685</point>
			</points>
		</object>
		<object>
			<coordinate>pixel</coordinate>
			<type>rectangle</type>
			<description>None</description>
			<possibleresult>
				<name>Small Car</name>
			</possibleresult>
			<points>
				<point>638.000061,408.000000</point>
				<point>631.000061,412.000000</point>
				<point>623.676941,399.184631</point>
				<point>630.676941,395.184631</point>
				<point>638.000061,408.000000</point>
			</points>
		</object>
		<object>
			<coordinate>pixel</coordinate>
			<type>rectangle</type>
			<description>None</description>
			<possibleresult>
				<name>Dump Truck</name>
			</possibleresult>
			<points>
				<point>625.000000,370.000031</point>
				<point>624.215820,379.018768</point>
				<point>601.000122,377.000031</point>
				<point>601.784302,367.981293</point>
				<point>625.000000,370.000031</point>
			</points>
		</object>
		<object>
			<coordinate>pixel</coordinate>
			<type>rectangle</type>
			<description>None</description>
			<possibleresult>
				<name>Van</name>
			</possibleresult>
			<points>
				<point>777.000122,156.000015</point>
				<point>770.000122,159.000015</point>
				<point>764.000122,145.000015</point>
				<point>771.000122,142.000015</point>
				<point>777.000122,156.000015</point>
			</points>
		</object>
		<object>
			<coordinate>pixel</coordinate>
			<type>rectangle</type>
			<description>None</description>
			<possibleresult>
				<name>Small Car</name>
			</possibleresult>
			<points>
				<point>769.043335,141.140503</point>
				<point>763.000122,142.999969</point>
				<point>758.956909,129.859436</point>
				<point>765.000122,127.999969</point>
				<point>769.043335,141.140503</point>
			</points>
		</object>
		<object>
			<coordinate>pixel</coordinate>
			<type>rectangle</type>
			<description>None</description>
			<possibleresult>
				<name>Van</name>
			</possibleresult>
			<points>
				<point>702.000000,222.000046</point>
				<point>683.758667,229.093887</point>
				<point>681.000000,222.000046</point>
				<point>699.241333,214.906204</point>
				<point>702.000000,222.000046</point>
			</points>
		</object>
		<object>
			<coordinate>pixel</coordinate>
			<type>rectangle</type>
			<description>None</description>
			<possibleresult>
				<name>Van</name>
			</possibleresult>
			<points>
				<point>471.999969,92.000008</point>
				<point>465.095551,92.812294</point>
				<point>463.095551,75.812294</point>
				<point>469.999969,75.000008</point>
				<point>471.999969,92.000008</point>
			</points>
		</object>
		<object>
			<coordinate>pixel</coordinate>
			<type>rectangle</type>
			<description>None</description>
			<possibleresult>
				<name>Van</name>
			</possibleresult>
			<points>
				<point>495.672516,61.043667</point>
				<point>480.672516,63.043667</point>
				<point>480.000031,57.999996</point>
				<point>495.000031,55.999996</point>
				<point>495.672516,61.043667</point>
			</points>
		</object>
		<object>
			<coordinate>pixel</coordinate>
			<type>rectangle</type>
			<description>None</description>
			<possibleresult>
				<name>Van</name>
			</possibleresult>
			<points>
				<point>440.102722,68.983795</point>
				<point>421.000000,72.000008</point>
				<point>419.897278,65.016220</point>
				<point>439.000000,62.000008</point>
				<point>440.102722,68.983795</point>
			</points>
		</object>
		<object>
			<coordinate>pixel</coordinate>
			<type>rectangle</type>
			<description>None</description>
			<possibleresult>
				<name>Small Car</name>
			</possibleresult>
			<points>
				<point>204.038910,54.622566</point>
				<point>198.000000,55.000000</point>
				<point>197.000000,39.000000</point>
				<point>203.038910,38.622566</point>
				<point>204.038910,54.622566</point>
			</points>
		</object>
		<object>
			<coordinate>pixel</coordinate>
			<type>rectangle</type>
			<description>None</description>
			<possibleresult>
				<name>Small Car</name>
			</possibleresult>
			<points>
				<point>157.024384,56.219509</point>
				<point>150.000000,56.999996</point>
				<point>148.000000,38.999996</point>
				<point>155.024384,38.219509</point>
				<point>157.024384,56.219509</point>
			</points>
		</object>
		<object>
			<coordinate>pixel</coordinate>
			<type>rectangle</type>
			<description>None</description>
			<possibleresult>
				<name>Small Car</name>
			</possibleresult>
			<points>
				<point>48.000000,70.000000</point>
				<point>41.000000,71.000000</point>
				<point>38.699997,54.899998</point>
				<point>45.699997,53.899994</point>
				<point>48.000000,70.000000</point>
			</points>
		</object>
		<object>
			<coordinate>pixel</coordinate>
			<type>rectangle</type>
			<description>None</description>
			<possibleresult>
				<name>Small Car</name>
			</possibleresult>
			<points>
				<point>80.413788,108.034492</point>
				<point>63.413788,109.034492</point>
				<point>63.000000,102.000008</point>
				<point>80.000000,101.000008</point>
				<point>80.413788,108.034492</point>
			</points>
		</object>
		<object>
			<coordinate>pixel</coordinate>
			<type>rectangle</type>
			<description>None</description>
			<possibleresult>
				<name>Van</name>
			</possibleresult>
			<points>
				<point>110.410347,105.975868</point>
				<point>93.000008,107.000008</point>
				<point>92.589668,100.024147</point>
				<point>110.000008,99.000008</point>
				<point>110.410347,105.975868</point>
			</points>
		</object>
		<object>
			<coordinate>pixel</coordinate>
			<type>rectangle</type>
			<description>None</description>
			<possibleresult>
				<name>Small Car</name>
			</possibleresult>
			<points>
				<point>52.321110,128.403671</point>
				<point>45.000011,142.000015</point>
				<point>38.678913,138.596359</point>
				<point>46.000011,125.000015</point>
				<point>52.321110,128.403671</point>
			</points>
		</object>
		<object>
			<coordinate>pixel</coordinate>
			<type>rectangle</type>
			<description>None</description>
			<possibleresult>
				<name>Van</name>
			</possibleresult>
			<points>
				<point>68.000000,125.000000</point>
				<point>62.984074,142.054138</point>
				<point>56.000000,140.000000</point>
				<point>61.015926,122.945862</point>
				<point>68.000000,125.000000</point>
			</points>
		</object>
		<object>
			<coordinate>pixel</coordinate>
			<type>rectangle</type>
			<description>None</description>
			<possibleresult>
				<name>Van</name>
			</possibleresult>
			<points>
				<point>42.137344,173.223175</point>
				<point>36.000004,177.000000</point>
				<point>27.862663,163.776825</point>
				<point>34.000004,160.000000</point>
				<point>42.137344,173.223175</point>
			</points>
		</object>
		<object>
			<coordinate>pixel</coordinate>
			<type>rectangle</type>
			<description>None</description>
			<possibleresult>
				<name>Small Car</name>
			</possibleresult>
			<points>
				<point>79.000000,232.000015</point>
				<point>59.852329,237.038864</point>
				<point>58.000004,230.000015</point>
				<point>77.147675,224.961166</point>
				<point>79.000000,232.000015</point>
			</points>
		</object>
		<object>
			<coordinate>pixel</coordinate>
			<type>rectangle</type>
			<description>None</description>
			<possibleresult>
				<name>Van</name>
			</possibleresult>
			<points>
				<point>129.000000,229.000015</point>
				<point>121.800003,231.400009</point>
				<point>116.800003,216.400009</point>
				<point>124.000000,214.000015</point>
				<point>129.000000,229.000015</point>
			</points>
		</object>
		<object>
			<coordinate>pixel</coordinate>
			<type>rectangle</type>
			<description>None</description>
			<possibleresult>
				<name>Dump Truck</name>
			</possibleresult>
			<points>
				<point>119.000000,234.000000</point>
				<point>112.041245,237.092773</point>
				<point>104.000000,219.000000</point>
				<point>110.958755,215.907227</point>
				<point>119.000000,234.000000</point>
			</points>
		</object>
		<object>
			<coordinate>pixel</coordinate>
			<type>rectangle</type>
			<description>None</description>
			<possibleresult>
				<name>Small Car</name>
			</possibleresult>
			<points>
				<point>140.474060,226.013870</point>
				<point>133.000000,230.000015</point>
				<point>125.000008,215.000015</point>
				<point>132.474060,211.013870</point>
				<point>140.474060,226.013870</point>
			</points>
		</object>
		<object>
			<coordinate>pixel</coordinate>
			<type>rectangle</type>
			<description>None</description>
			<possibleresult>
				<name>Van</name>
			</possibleresult>
			<points>
				<point>187.267502,213.490417</point>
				<point>178.999985,217.999969</point>
				<point>172.999985,206.999969</point>
				<point>181.267502,202.490417</point>
				<point>187.267502,213.490417</point>
			</points>
		</object>
		<object>
			<coordinate>pixel</coordinate>
			<type>rectangle</type>
			<description>None</description>
			<possibleresult>
				<name>Small Car</name>
			</possibleresult>
			<points>
				<point>216.999985,221.000000</point>
				<point>210.304489,224.570923</point>
				<point>201.999985,209.000000</point>
				<point>208.695480,205.429077</point>
				<point>216.999985,221.000000</point>
			</points>
		</object>
		<object>
			<coordinate>pixel</coordinate>
			<type>rectangle</type>
			<description>None</description>
			<possibleresult>
				<name>Small Car</name>
			</possibleresult>
			<points>
				<point>328.999969,158.000000</point>
				<point>305.914459,161.011139</point>
				<point>304.999969,154.000000</point>
				<point>328.085480,150.988861</point>
				<point>328.999969,158.000000</point>
			</points>
		</object>
		<object>
			<coordinate>pixel</coordinate>
			<type>rectangle</type>
			<description>None</description>
			<possibleresult>
				<name>Small Car</name>
			</possibleresult>
			<points>
				<point>332.153870,173.769226</point>
				<point>320.230774,176.153839</point>
				<point>319.000000,170.000000</point>
				<point>330.923096,167.615387</point>
				<point>332.153870,173.769226</point>
			</points>
		</object>
		<object>
			<coordinate>pixel</coordinate>
			<type>rectangle</type>
			<description>None</description>
			<possibleresult>
				<name>Van</name>
			</possibleresult>
			<points>
				<point>361.800018,219.600037</point>
				<point>349.000031,226.000031</point>
				<point>346.000031,220.000031</point>
				<point>358.800018,213.600037</point>
				<point>361.800018,219.600037</point>
			</points>
		</object>
		<object>
			<coordinate>pixel</coordinate>
			<type>rectangle</type>
			<description>None</description>
			<possibleresult>
				<name>Small Car</name>
			</possibleresult>
			<points>
				<point>459.000000,316.999969</point>
				<point>452.325439,319.781036</point>
				<point>447.325439,307.781036</point>
				<point>454.000000,304.999969</point>
				<point>459.000000,316.999969</point>
			</points>
		</object>
		<object>
			<coordinate>pixel</coordinate>
			<type>rectangle</type>
			<description>None</description>
			<possibleresult>
				<name>Intersection</name>
			</possibleresult>
			<points>
				<point>456.106232,292.961731</point>
				<point>405.999969,311.000000</point>
				<point>390.893707,269.038269</point>
				<point>440.999969,251.000000</point>
				<point>456.106232,292.961731</point>
			</points>
		</object>
		<object>
			<coordinate>pixel</coordinate>
			<type>rectangle</type>
			<description>None</description>
			<possibleresult>
				<name>Small Car</name>
			</possibleresult>
			<points>
				<point>114.000008,267.000000</point>
				<point>107.102196,270.218994</point>
				<point>100.000008,255.000000</point>
				<point>106.897820,251.781006</point>
				<point>114.000008,267.000000</point>
			</points>
		</object>
		<object>
			<coordinate>pixel</coordinate>
			<type>rectangle</type>
			<description>None</description>
			<possibleresult>
				<name>Van</name>
			</possibleresult>
			<points>
				<point>197.000000,254.000000</point>
				<point>189.931030,256.827576</point>
				<point>183.931030,241.827576</point>
				<point>191.000000,239.000000</point>
				<point>197.000000,254.000000</point>
			</points>
		</object>
		<object>
			<coordinate>pixel</coordinate>
			<type>rectangle</type>
			<description>None</description>
			<possibleresult>
				<name>Small Car</name>
			</possibleresult>
			<points>
				<point>171.000000,259.000000</point>
				<point>164.053375,261.170837</point>
				<point>159.000000,245.000000</point>
				<point>165.946625,242.829163</point>
				<point>171.000000,259.000000</point>
			</points>
		</object>
		<object>
			<coordinate>pixel</coordinate>
			<type>rectangle</type>
			<description>None</description>
			<possibleresult>
				<name>Van</name>
			</possibleresult>
			<points>
				<point>153.000000,275.000031</point>
				<point>144.123291,278.328827</point>
				<point>138.000000,262.000031</point>
				<point>146.876709,258.671234</point>
				<point>153.000000,275.000031</point>
			</points>
		</object>
		<object>
			<coordinate>pixel</coordinate>
			<type>rectangle</type>
			<description>None</description>
			<possibleresult>
				<name>Small Car</name>
			</possibleresult>
			<points>
				<point>158.000000,292.000000</point>
				<point>151.102203,295.218994</point>
				<point>144.102203,280.218994</point>
				<point>151.000000,277.000000</point>
				<point>158.000000,292.000000</point>
			</points>
		</object>
		<object>
			<coordinate>pixel</coordinate>
			<type>rectangle</type>
			<description>None</description>
			<possibleresult>
				<name>Small Car</name>
			</possibleresult>
			<points>
				<point>176.092316,290.338470</point>
				<point>170.000000,292.000031</point>
				<point>166.907684,280.661591</point>
				<point>173.000000,279.000031</point>
				<point>176.092316,290.338470</point>
			</points>
		</object>
		<object>
			<coordinate>pixel</coordinate>
			<type>rectangle</type>
			<description>None</description>
			<possibleresult>
				<name>Small Car</name>
			</possibleresult>
			<points>
				<point>187.041412,311.100555</point>
				<point>180.000000,313.999969</point>
				<point>172.958588,296.899384</point>
				<point>180.000000,293.999969</point>
				<point>187.041412,311.100555</point>
			</points>
		</object>
		<object>
			<coordinate>pixel</coordinate>
			<type>rectangle</type>
			<description>None</description>
			<possibleresult>
				<name>Small Car</name>
			</possibleresult>
			<points>
				<point>282.529449,308.882324</point>
				<point>264.000031,313.000000</point>
				<point>262.470612,306.117676</point>
				<point>281.000031,302.000000</point>
				<point>282.529449,308.882324</point>
			</points>
		</object>
		<object>
			<coordinate>pixel</coordinate>
			<type>rectangle</type>
			<description>None</description>
			<possibleresult>
				<name>Small Car</name>
			</possibleresult>
			<points>
				<point>228.000031,322.000031</point>
				<point>204.886810,328.603790</point>
				<point>202.886810,321.603790</point>
				<point>226.000031,315.000031</point>
				<point>228.000031,322.000031</point>
			</points>
		</object>
		<object>
			<coordinate>pixel</coordinate>
			<type>rectangle</type>
			<description>None</description>
			<possibleresult>
				<name>Van</name>
			</possibleresult>
			<points>
				<point>176.000015,356.000000</point>
				<point>158.000015,361.000000</point>
				<point>156.309464,354.914062</point>
				<point>174.309464,349.914062</point>
				<point>176.000015,356.000000</point>
			</points>
		</object>
		<object>
			<coordinate>pixel</coordinate>
			<type>rectangle</type>
			<description>None</description>
			<possibleresult>
				<name>Van</name>
			</possibleresult>
			<points>
				<point>216.000031,398.000061</point>
				<point>209.200043,401.400085</point>
				<point>202.000031,387.000061</point>
				<point>208.800018,383.600037</point>
				<point>216.000031,398.000061</point>
			</points>
		</object>
		<object>
			<coordinate>pixel</coordinate>
			<type>rectangle</type>
			<description>None</description>
			<possibleresult>
				<name>Small Car</name>
			</possibleresult>
			<points>
				<point>251.000015,420.000031</point>
				<point>229.000015,426.000031</point>
				<point>226.761551,417.792328</point>
				<point>248.761551,411.792328</point>
				<point>251.000015,420.000031</point>
			</points>
		</object>
		<object>
			<coordinate>pixel</coordinate>
			<type>rectangle</type>
			<description>None</description>
			<possibleresult>
				<name>Van</name>
			</possibleresult>
			<points>
				<point>251.000000,405.000000</point>
				<point>232.951752,412.018738</point>
				<point>231.000000,407.000000</point>
				<point>249.048248,399.981262</point>
				<point>251.000000,405.000000</point>
			</points>
		</object>
		<object>
			<coordinate>pixel</coordinate>
			<type>rectangle</type>
			<description>None</description>
			<possibleresult>
				<name>Small Car</name>
			</possibleresult>
			<points>
				<point>338.196655,397.185333</point>
				<point>325.196655,400.185333</point>
				<point>324.000000,394.999969</point>
				<point>337.000000,391.999969</point>
				<point>338.196655,397.185333</point>
			</points>
		</object>
		<object>
			<coordinate>pixel</coordinate>
			<type>rectangle</type>
			<description>None</description>
			<possibleresult>
				<name>Small Car</name>
			</possibleresult>
			<points>
				<point>315.000000,493.000031</point>
				<point>294.764709,498.058868</point>
				<point>293.000000,491.000031</point>
				<point>313.235291,485.941193</point>
				<point>315.000000,493.000031</point>
			</points>
		</object>
		<object>
			<coordinate>pixel</coordinate>
			<type>rectangle</type>
			<description>None</description>
			<possibleresult>
				<name>Van</name>
			</possibleresult>
			<points>
				<point>328.575287,507.040497</point>
				<point>307.575287,509.040497</point>
				<point>307.000031,503.000031</point>
				<point>328.000031,501.000031</point>
				<point>328.575287,507.040497</point>
			</points>
		</object>
		<object>
			<coordinate>pixel</coordinate>
			<type>rectangle</type>
			<description>None</description>
			<possibleresult>
				<name>Small Car</name>
			</possibleresult>
			<points>
				<point>408.206940,509.482788</point>
				<point>400.000031,513.000000</point>
				<point>393.793121,498.517212</point>
				<point>402.000031,495.000000</point>
				<point>408.206940,509.482788</point>
			</points>
		</object>
		<object>
			<coordinate>pixel</coordinate>
			<type>rectangle</type>
			<description>None</description>
			<possibleresult>
				<name>Small Car</name>
			</possibleresult>
			<points>
				<point>437.000031,504.000092</point>
				<point>429.876740,506.671295</point>
				<point>423.876740,490.671295</point>
				<point>431.000031,488.000092</point>
				<point>437.000031,504.000092</point>
			</points>
		</object>
		<object>
			<coordinate>pixel</coordinate>
			<type>rectangle</type>
			<description>None</description>
			<possibleresult>
				<name>Intersection</name>
			</possibleresult>
			<points>
				<point>577.078125,530.972595</point>
				<point>520.000000,551.000000</point>
				<point>504.921875,508.027405</point>
				<point>562.000000,488.000000</point>
				<point>577.078125,530.972595</point>
			</points>
		</object>
		<object>
			<coordinate>pixel</coordinate>
			<type>rectangle</type>
			<description>None</description>
			<possibleresult>
				<name>Small Car</name>
			</possibleresult>
			<points>
				<point>409.000000,565.000000</point>
				<point>390.690552,570.085938</point>
				<point>389.000000,564.000000</point>
				<point>407.309448,558.914062</point>
				<point>409.000000,565.000000</point>
			</points>
		</object>
		<object>
			<coordinate>pixel</coordinate>
			<type>rectangle</type>
			<description>None</description>
			<possibleresult>
				<name>Small Car</name>
			</possibleresult>
			<points>
				<point>465.087769,579.190186</point>
				<point>458.999939,582.000000</point>
				<point>452.912109,568.809814</point>
				<point>458.999939,566.000000</point>
				<point>465.087769,579.190186</point>
			</points>
		</object>
		<object>
			<coordinate>pixel</coordinate>
			<type>rectangle</type>
			<description>None</description>
			<possibleresult>
				<name>Van</name>
			</possibleresult>
			<points>
				<point>449.000061,602.000061</point>
				<point>442.200073,605.400085</point>
				<point>435.000061,591.000061</point>
				<point>441.800049,587.600037</point>
				<point>449.000061,602.000061</point>
			</points>
		</object>
		<object>
			<coordinate>pixel</coordinate>
			<type>rectangle</type>
			<description>None</description>
			<possibleresult>
				<name>Small Car</name>
			</possibleresult>
			<points>
				<point>601.800049,607.599976</point>
				<point>595.000000,611.000000</point>
				<point>588.000000,597.000000</point>
				<point>594.800049,593.599976</point>
				<point>601.800049,607.599976</point>
			</points>
		</object>
		<object>
			<coordinate>pixel</coordinate>
			<type>rectangle</type>
			<description>None</description>
			<possibleresult>
				<name>Small Car</name>
			</possibleresult>
			<points>
				<point>531.000000,719.000000</point>
				<point>525.137939,721.344849</point>
				<point>519.000000,706.000000</point>
				<point>524.862061,703.655151</point>
				<point>531.000000,719.000000</point>
			</points>
		</object>
		<object>
			<coordinate>pixel</coordinate>
			<type>rectangle</type>
			<description>None</description>
			<possibleresult>
				<name>Intersection</name>
			</possibleresult>
			<points>
				<point>663.129883,735.336182</point>
				<point>619.129883,752.336182</point>
				<point>602.000000,708.000000</point>
				<point>646.000000,691.000000</point>
				<point>663.129883,735.336182</point>
			</points>
		</object>
		<object>
			<coordinate>pixel</coordinate>
			<type>rectangle</type>
			<description>None</description>
			<possibleresult>
				<name>Small Car</name>
			</possibleresult>
			<points>
				<point>637.061462,682.107605</point>
				<point>631.999939,684.999939</point>
				<point>623.938416,670.892273</point>
				<point>628.999939,667.999939</point>
				<point>637.061462,682.107605</point>
			</points>
		</object>
		<object>
			<coordinate>pixel</coordinate>
			<type>rectangle</type>
			<description>None</description>
			<possibleresult>
				<name>Small Car</name>
			</possibleresult>
			<points>
				<point>601.065002,874.101074</point>
				<point>595.000061,878.000000</point>
				<point>585.935120,863.898926</point>
				<point>592.000061,860.000000</point>
				<point>601.065002,874.101074</point>
			</points>
		</object>
		<object>
			<coordinate>pixel</coordinate>
			<type>rectangle</type>
			<description>None</description>
			<possibleresult>
				<name>Van</name>
			</possibleresult>
			<points>
				<point>632.800171,865.600098</point>
				<point>626.000122,869.000122</point>
				<point>618.000122,853.000122</point>
				<point>624.800171,849.600098</point>
				<point>632.800171,865.600098</point>
			</points>
		</object>
		<object>
			<coordinate>pixel</coordinate>
			<type>rectangle</type>
			<description>None</description>
			<possibleresult>
				<name>Van</name>
			</possibleresult>
			<points>
				<point>643.000061,863.000061</point>
				<point>636.102234,866.219055</point>
				<point>629.102234,851.219055</point>
				<point>636.000061,848.000061</point>
				<point>643.000061,863.000061</point>
			</points>
		</object>
		<object>
			<coordinate>pixel</coordinate>
			<type>rectangle</type>
			<description>None</description>
			<possibleresult>
				<name>Small Car</name>
			</possibleresult>
			<points>
				<point>654.999939,858.999939</point>
				<point>649.308899,862.502136</point>
				<point>640.999939,848.999939</point>
				<point>646.690979,845.497742</point>
				<point>654.999939,858.999939</point>
			</points>
		</object>
		<object>
			<coordinate>pixel</coordinate>
			<type>rectangle</type>
			<description>None</description>
			<possibleresult>
				<name>Van</name>
			</possibleresult>
			<points>
				<point>595.000000,943.000000</point>
				<point>589.160278,946.284912</point>
				<point>580.000000,930.000000</point>
				<point>585.839722,926.715088</point>
				<point>595.000000,943.000000</point>
			</points>
		</object>
		<object>
			<coordinate>pixel</coordinate>
			<type>rectangle</type>
			<description>None</description>
			<possibleresult>
				<name>Small Car</name>
			</possibleresult>
			<points>
				<point>652.000000,931.000000</point>
				<point>646.461548,934.692261</point>
				<point>636.461548,919.692261</point>
				<point>642.000000,916.000000</point>
				<point>652.000000,931.000000</point>
			</points>
		</object>
		<object>
			<coordinate>pixel</coordinate>
			<type>rectangle</type>
			<description>None</description>
			<possibleresult>
				<name>Small Car</name>
			</possibleresult>
			<points>
				<point>697.999939,875.000000</point>
				<point>691.304382,878.570923</point>
				<point>682.999939,863.000000</point>
				<point>689.695496,859.429077</point>
				<point>697.999939,875.000000</point>
			</points>
		</object>
		<object>
			<coordinate>pixel</coordinate>
			<type>rectangle</type>
			<description>None</description>
			<possibleresult>
				<name>Van</name>
			</possibleresult>
			<points>
				<point>717.999939,911.999878</point>
				<point>711.999939,915.999878</point>
				<point>703.538391,903.307617</point>
				<point>709.538391,899.307617</point>
				<point>717.999939,911.999878</point>
			</points>
		</object>
		<object>
			<coordinate>pixel</coordinate>
			<type>rectangle</type>
			<description>None</description>
			<possibleresult>
				<name>Small Car</name>
			</possibleresult>
			<points>
				<point>742.090759,965.192688</point>
				<point>734.000061,969.000061</point>
				<point>725.909363,951.807434</point>
				<point>734.000061,948.000061</point>
				<point>742.090759,965.192688</point>
			</points>
		</object>
		<object>
			<coordinate>pixel</coordinate>
			<type>rectangle</type>
			<description>None</description>
			<possibleresult>
				<name>Small Car</name>
			</possibleresult>
			<points>
				<point>781.000061,965.000061</point>
				<point>774.600037,968.200012</point>
				<point>768.600037,956.200012</point>
				<point>775.000061,953.000061</point>
				<point>781.000061,965.000061</point>
			</points>
		</object>
		<object>
			<coordinate>pixel</coordinate>
			<type>rectangle</type>
			<description>None</description>
			<possibleresult>
				<name>Small Car</name>
			</possibleresult>
			<points>
				<point>753.095581,991.324768</point>
				<point>744.000000,993.999939</point>
				<point>738.904419,976.675110</point>
				<point>748.000000,973.999939</point>
				<point>753.095581,991.324768</point>
			</points>
		</object>
		<object>
			<coordinate>pixel</coordinate>
			<type>rectangle</type>
			<description>None</description>
			<possibleresult>
				<name>Small Car</name>
			</possibleresult>
			<points>
				<point>790.878967,1003.580444</point>
				<point>787.816589,996.580566</point>
				<point>796.000183,993.000244</point>
				<point>799.062561,1000.000122</point>
				<point>790.878967,1003.580444</point>
			</points>
		</object>
		<object>
			<coordinate>pixel</coordinate>
			<type>rectangle</type>
			<description>None</description>
			<possibleresult>
				<name>Van</name>
			</possibleresult>
			<points>
				<point>48.999996,278.000031</point>
				<point>41.999996,282.000031</point>
				<point>33.999996,268.000031</point>
				<point>40.999996,264.000031</point>
				<point>48.999996,278.000031</point>
			</points>
		</object>
		<object>
			<coordinate>pixel</coordinate>
			<type>rectangle</type>
			<description>None</description>
			<possibleresult>
				<name>Intersection</name>
			</possibleresult>
			<points>
				<point>106.083954,382.203430</point>
				<point>45.999992,407.000000</point>
				<point>19.916029,343.796570</point>
				<point>79.999992,319.000000</point>
				<point>106.083954,382.203430</point>
			</points>
		</object>
		<object>
			<coordinate>pixel</coordinate>
			<type>rectangle</type>
			<description>None</description>
			<possibleresult>
				<name>Small Car</name>
			</possibleresult>
			<points>
				<point>68.200012,317.400024</point>
				<point>61.000015,321.000000</point>
				<point>53.800014,306.599976</point>
				<point>61.000008,303.000000</point>
				<point>68.200012,317.400024</point>
			</points>
		</object>
		<object>
			<coordinate>pixel</coordinate>
			<type>rectangle</type>
			<description>None</description>
			<possibleresult>
				<name>Small Car</name>
			</possibleresult>
			<points>
				<point>125.200005,430.400085</point>
				<point>118.000008,434.000061</point>
				<point>110.800011,419.600037</point>
				<point>118.000008,416.000061</point>
				<point>125.200005,430.400085</point>
			</points>
		</object>
		<object>
			<coordinate>pixel</coordinate>
			<type>rectangle</type>
			<description>None</description>
			<possibleresult>
				<name>Small Car</name>
			</possibleresult>
			<points>
				<point>13.000000,493.000000</point>
				<point>4.000000,493.000000</point>
				<point>4.000000,478.000000</point>
				<point>13.000000,478.000000</point>
				<point>13.000000,493.000000</point>
			</points>
		</object>
		<object>
			<coordinate>pixel</coordinate>
			<type>rectangle</type>
			<description>None</description>
			<possibleresult>
				<name>Dump Truck</name>
			</possibleresult>
			<points>
				<point>207.191437,508.939575</point>
				<point>188.000000,515.000000</point>
				<point>185.808563,508.060425</point>
				<point>205.000000,502.000000</point>
				<point>207.191437,508.939575</point>
			</points>
		</object>
		<object>
			<coordinate>pixel</coordinate>
			<type>rectangle</type>
			<description>None</description>
			<possibleresult>
				<name>Intersection</name>
			</possibleresult>
			<points>
				<point>232.000015,625.000000</point>
				<point>173.724167,648.310303</point>
				<point>139.724167,563.310303</point>
				<point>198.000015,540.000000</point>
				<point>232.000015,625.000000</point>
			</points>
		</object>
		<object>
			<coordinate>pixel</coordinate>
			<type>rectangle</type>
			<description>None</description>
			<possibleresult>
				<name>Small Car</name>
			</possibleresult>
			<points>
				<point>193.999985,565.000000</point>
				<point>187.022934,568.052490</point>
				<point>179.999985,552.000000</point>
				<point>186.977036,548.947510</point>
				<point>193.999985,565.000000</point>
			</points>
		</object>
		<object>
			<coordinate>pixel</coordinate>
			<type>rectangle</type>
			<description>None</description>
			<possibleresult>
				<name>Small Car</name>
			</possibleresult>
			<points>
				<point>111.000000,660.000000</point>
				<point>103.000000,660.000000</point>
				<point>103.000000,652.000000</point>
				<point>111.000000,652.000000</point>
				<point>111.000000,660.000000</point>
			</points>
		</object>
		<object>
			<coordinate>pixel</coordinate>
			<type>rectangle</type>
			<description>None</description>
			<possibleresult>
				<name>Small Car</name>
			</possibleresult>
			<points>
				<point>277.000000,652.000000</point>
				<point>261.626587,656.099609</point>
				<point>260.000061,650.000000</point>
				<point>275.373474,645.900391</point>
				<point>277.000000,652.000000</point>
			</points>
		</object>
		<object>
			<coordinate>pixel</coordinate>
			<type>rectangle</type>
			<description>None</description>
			<possibleresult>
				<name>Small Car</name>
			</possibleresult>
			<points>
				<point>284.999969,661.000000</point>
				<point>264.999969,668.000000</point>
				<point>262.489960,660.828491</point>
				<point>282.489960,653.828491</point>
				<point>284.999969,661.000000</point>
			</points>
		</object>
		<object>
			<coordinate>pixel</coordinate>
			<type>rectangle</type>
			<description>None</description>
			<possibleresult>
				<name>Small Car</name>
			</possibleresult>
			<points>
				<point>238.053680,707.082947</point>
				<point>232.000031,711.000061</point>
				<point>220.946381,693.917175</point>
				<point>227.000031,690.000061</point>
				<point>238.053680,707.082947</point>
			</points>
		</object>
		<object>
			<coordinate>pixel</coordinate>
			<type>rectangle</type>
			<description>None</description>
			<possibleresult>
				<name>Intersection</name>
			</possibleresult>
			<points>
				<point>342.057434,808.974243</point>
				<point>284.000000,835.000000</point>
				<point>262.942566,788.025757</point>
				<point>321.000000,762.000000</point>
				<point>342.057434,808.974243</point>
			</points>
		</object>
		<object>
			<coordinate>pixel</coordinate>
			<type>rectangle</type>
			<description>None</description>
			<possibleresult>
				<name>other-vehicle</name>
			</possibleresult>
			<points>
				<point>432.099976,805.299988</point>
				<point>427.000000,806.999939</point>
				<point>423.900024,797.699890</point>
				<point>429.000000,795.999939</point>
				<point>432.099976,805.299988</point>
			</points>
		</object>
		<object>
			<coordinate>pixel</coordinate>
			<type>rectangle</type>
			<description>None</description>
			<possibleresult>
				<name>Small Car</name>
			</possibleresult>
			<points>
				<point>369.811310,670.339600</point>
				<point>349.999969,676.000000</point>
				<point>347.999969,669.000000</point>
				<point>367.811310,663.339600</point>
				<point>369.811310,670.339600</point>
			</points>
		</object>
		<object>
			<coordinate>pixel</coordinate>
			<type>rectangle</type>
			<description>None</description>
			<possibleresult>
				<name>Van</name>
			</possibleresult>
			<points>
				<point>404.999939,677.999939</point>
				<point>398.538391,682.307678</point>
				<point>388.538391,667.307678</point>
				<point>394.999939,662.999939</point>
				<point>404.999939,677.999939</point>
			</points>
		</object>
		<object>
			<coordinate>pixel</coordinate>
			<type>rectangle</type>
			<description>None</description>
			<possibleresult>
				<name>Van</name>
			</possibleresult>
			<points>
				<point>413.200073,694.400146</point>
				<point>406.000061,698.000122</point>
				<point>398.800049,683.600098</point>
				<point>406.000061,680.000122</point>
				<point>413.200073,694.400146</point>
			</points>
		</object>
		<object>
			<coordinate>pixel</coordinate>
			<type>rectangle</type>
			<description>None</description>
			<possibleresult>
				<name>Van</name>
			</possibleresult>
			<points>
				<point>395.000031,718.000000</point>
				<point>376.000031,722.000000</point>
				<point>374.503998,714.893921</point>
				<point>393.503998,710.893921</point>
				<point>395.000031,718.000000</point>
			</points>
		</object>
		<object>
			<coordinate>pixel</coordinate>
			<type>rectangle</type>
			<description>None</description>
			<possibleresult>
				<name>Small Car</name>
			</possibleresult>
			<points>
				<point>401.287170,724.909363</point>
				<point>382.000000,731.000061</point>
				<point>379.808594,724.060486</point>
				<point>399.095764,717.969788</point>
				<point>401.287170,724.909363</point>
			</points>
		</object>
		<object>
			<coordinate>pixel</coordinate>
			<type>rectangle</type>
			<description>None</description>
			<possibleresult>
				<name>Van</name>
			</possibleresult>
			<points>
				<point>408.000000,742.000000</point>
				<point>390.000000,747.000000</point>
				<point>388.309448,740.914062</point>
				<point>406.309448,735.914062</point>
				<point>408.000000,742.000000</point>
			</points>
		</object>
		<object>
			<coordinate>pixel</coordinate>
			<type>rectangle</type>
			<description>None</description>
			<possibleresult>
				<name>Van</name>
			</possibleresult>
			<points>
				<point>451.733978,753.779846</point>
				<point>431.733978,759.779846</point>
				<point>430.000031,754.000061</point>
				<point>450.000031,748.000061</point>
				<point>451.733978,753.779846</point>
			</points>
		</object>
		<object>
			<coordinate>pixel</coordinate>
			<type>rectangle</type>
			<description>None</description>
			<possibleresult>
				<name>Small Car</name>
			</possibleresult>
			<points>
				<point>421.459229,761.128723</point>
				<point>400.459229,766.128723</point>
				<point>399.000000,759.999939</point>
				<point>420.000000,754.999939</point>
				<point>421.459229,761.128723</point>
			</points>
		</object>
		<object>
			<coordinate>pixel</coordinate>
			<type>rectangle</type>
			<description>None</description>
			<possibleresult>
				<name>Small Car</name>
			</possibleresult>
			<points>
				<point>395.000000,768.000061</point>
				<point>376.400024,774.200012</point>
				<point>374.000000,767.000061</point>
				<point>392.599976,760.800110</point>
				<point>395.000000,768.000061</point>
			</points>
		</object>
		<object>
			<coordinate>pixel</coordinate>
			<type>rectangle</type>
			<description>None</description>
			<possibleresult>
				<name>Van</name>
			</possibleresult>
			<points>
				<point>395.513489,781.081055</point>
				<point>371.513489,785.081055</point>
				<point>370.000000,776.000000</point>
				<point>394.000000,772.000000</point>
				<point>395.513489,781.081055</point>
			</points>
		</object>
		<object>
			<coordinate>pixel</coordinate>
			<type>rectangle</type>
			<description>None</description>
			<possibleresult>
				<name>Small Car</name>
			</possibleresult>
			<points>
				<point>373.185394,772.931763</point>
				<point>354.000031,780.000000</point>
				<point>351.814667,774.068237</point>
				<point>371.000031,767.000000</point>
				<point>373.185394,772.931763</point>
			</points>
		</object>
		<object>
			<coordinate>pixel</coordinate>
			<type>rectangle</type>
			<description>None</description>
			<possibleresult>
				<name>Small Car</name>
			</possibleresult>
			<points>
				<point>285.000000,814.000000</point>
				<point>266.000000,814.000000</point>
				<point>266.000000,807.000000</point>
				<point>285.000000,807.000000</point>
				<point>285.000000,814.000000</point>
			</points>
		</object>
		<object>
			<coordinate>pixel</coordinate>
			<type>rectangle</type>
			<description>None</description>
			<possibleresult>
				<name>Van</name>
			</possibleresult>
			<points>
				<point>165.000015,748.000000</point>
				<point>147.000015,754.000000</point>
				<point>145.300003,748.900024</point>
				<point>163.300003,742.900024</point>
				<point>165.000015,748.000000</point>
			</points>
		</object>
		<object>
			<coordinate>pixel</coordinate>
			<type>rectangle</type>
			<description>None</description>
			<possibleresult>
				<name>Van</name>
			</possibleresult>
			<points>
				<point>142.123093,720.015381</point>
				<point>140.000015,737.000000</point>
				<point>131.876938,735.984619</point>
				<point>134.000015,719.000000</point>
				<point>142.123093,720.015381</point>
			</points>
		</object>
		<object>
			<coordinate>pixel</coordinate>
			<type>rectangle</type>
			<description>None</description>
			<possibleresult>
				<name>Small Car</name>
			</possibleresult>
			<points>
				<point>106.000015,732.000061</point>
				<point>101.512207,737.609802</point>
				<point>86.512207,725.609802</point>
				<point>91.000015,720.000061</point>
				<point>106.000015,732.000061</point>
			</points>
		</object>
		<object>
			<coordinate>pixel</coordinate>
			<type>rectangle</type>
			<description>None</description>
			<possibleresult>
				<name>Small Car</name>
			</possibleresult>
			<points>
				<point>76.299255,817.985046</point>
				<point>56.000000,819.000061</point>
				<point>55.700745,813.015076</point>
				<point>76.000000,812.000061</point>
				<point>76.299255,817.985046</point>
			</points>
		</object>
		<object>
			<coordinate>pixel</coordinate>
			<type>rectangle</type>
			<description>None</description>
			<possibleresult>
				<name>Small Car</name>
			</possibleresult>
			<points>
				<point>49.000004,820.000000</point>
				<point>31.355175,821.037964</point>
				<point>31.000004,815.000000</point>
				<point>48.644833,813.962036</point>
				<point>49.000004,820.000000</point>
			</points>
		</object>
		<object>
			<coordinate>pixel</coordinate>
			<type>rectangle</type>
			<description>None</description>
			<possibleresult>
				<name>Small Car</name>
			</possibleresult>
			<points>
				<point>60.000008,893.000000</point>
				<point>54.016006,894.088013</point>
				<point>52.016006,883.088013</point>
				<point>58.000008,882.000000</point>
				<point>60.000008,893.000000</point>
			</points>
		</object>
		<object>
			<coordinate>pixel</coordinate>
			<type>rectangle</type>
			<description>None</description>
			<possibleresult>
				<name>Small Car</name>
			</possibleresult>
			<points>
				<point>316.000031,902.000122</point>
				<point>298.790802,908.073975</point>
				<point>297.000031,903.000122</point>
				<point>314.209259,896.926270</point>
				<point>316.000031,902.000122</point>
			</points>
		</object>
		<object>
			<coordinate>pixel</coordinate>
			<type>rectangle</type>
			<description>None</description>
			<possibleresult>
				<name>Small Car</name>
			</possibleresult>
			<points>
				<point>347.000000,846.000000</point>
				<point>340.000000,851.000000</point>
				<point>330.000000,837.000000</point>
				<point>337.000000,832.000000</point>
				<point>347.000000,846.000000</point>
			</points>
		</object>
		<object>
			<coordinate>pixel</coordinate>
			<type>rectangle</type>
			<description>None</description>
			<possibleresult>
				<name>Small Car</name>
			</possibleresult>
			<points>
				<point>361.000031,875.000061</point>
				<point>353.183624,878.419739</point>
				<point>346.000031,862.000061</point>
				<point>353.816437,858.580383</point>
				<point>361.000031,875.000061</point>
			</points>
		</object>
		<object>
			<coordinate>pixel</coordinate>
			<type>rectangle</type>
			<description>None</description>
			<possibleresult>
				<name>Van</name>
			</possibleresult>
			<points>
				<point>409.000000,872.000061</point>
				<point>403.900024,887.300110</point>
				<point>397.000000,885.000061</point>
				<point>402.099976,869.700012</point>
				<point>409.000000,872.000061</point>
			</points>
		</object>
		<object>
			<coordinate>pixel</coordinate>
			<type>rectangle</type>
			<description>None</description>
			<possibleresult>
				<name>Small Car</name>
			</possibleresult>
			<points>
				<point>443.000031,873.000000</point>
				<point>437.800018,883.400024</point>
				<point>431.000031,880.000000</point>
				<point>436.200043,869.599976</point>
				<point>443.000031,873.000000</point>
			</points>
		</object>
		<object>
			<coordinate>pixel</coordinate>
			<type>rectangle</type>
			<description>None</description>
			<possibleresult>
				<name>Van</name>
			</possibleresult>
			<points>
				<point>470.790833,920.073914</point>
				<point>453.790833,926.073914</point>
				<point>452.000061,921.000061</point>
				<point>469.000061,915.000061</point>
				<point>470.790833,920.073914</point>
			</points>
		</object>
		<object>
			<coordinate>pixel</coordinate>
			<type>rectangle</type>
			<description>None</description>
			<possibleresult>
				<name>Small Car</name>
			</possibleresult>
			<points>
				<point>463.000000,974.000061</point>
				<point>442.924561,979.735901</point>
				<point>440.924561,972.735901</point>
				<point>461.000000,967.000061</point>
				<point>463.000000,974.000061</point>
			</points>
		</object>
		<object>
			<coordinate>pixel</coordinate>
			<type>rectangle</type>
			<description>None</description>
			<possibleresult>
				<name>Van</name>
			</possibleresult>
			<points>
				<point>481.300018,967.900085</point>
				<point>463.000031,974.000061</point>
				<point>460.700043,967.100037</point>
				<point>479.000031,961.000061</point>
				<point>481.300018,967.900085</point>
			</points>
		</object>
		<object>
			<coordinate>pixel</coordinate>
			<type>rectangle</type>
			<description>None</description>
			<possibleresult>
				<name>Small Car</name>
			</possibleresult>
			<points>
				<point>390.999969,927.000061</point>
				<point>384.199982,930.400085</point>
				<point>376.999969,916.000061</point>
				<point>383.799957,912.600037</point>
				<point>390.999969,927.000061</point>
			</points>
		</object>
		<object>
			<coordinate>pixel</coordinate>
			<type>rectangle</type>
			<description>None</description>
			<possibleresult>
				<name>Small Car</name>
			</possibleresult>
			<points>
				<point>416.430817,971.753784</point>
				<point>409.430817,975.753784</point>
				<point>401.000031,960.999878</point>
				<point>408.000031,956.999878</point>
				<point>416.430817,971.753784</point>
			</points>
		</object>
		<object>
			<coordinate>pixel</coordinate>
			<type>rectangle</type>
			<description>None</description>
			<possibleresult>
				<name>Small Car</name>
			</possibleresult>
			<points>
				<point>353.000000,992.000000</point>
				<point>333.000000,992.000000</point>
				<point>333.000000,986.000000</point>
				<point>353.000000,986.000000</point>
				<point>353.000000,992.000000</point>
			</points>
		</object>
		<object>
			<coordinate>pixel</coordinate>
			<type>rectangle</type>
			<description>None</description>
			<possibleresult>
				<name>Small Car</name>
			</possibleresult>
			<points>
				<point>274.786011,996.895203</point>
				<point>259.000000,999.000061</point>
				<point>258.213989,993.104919</point>
				<point>274.000000,991.000061</point>
				<point>274.786011,996.895203</point>
			</points>
		</object>
		<object>
			<coordinate>pixel</coordinate>
			<type>rectangle</type>
			<description>None</description>
			<possibleresult>
				<name>Small Car</name>
			</possibleresult>
			<points>
				<point>832.000122,146.000015</point>
				<point>826.000122,149.000015</point>
				<point>819.000122,135.000015</point>
				<point>825.000122,132.000015</point>
				<point>832.000122,146.000015</point>
			</points>
		</object>
		<object>
			<coordinate>pixel</coordinate>
			<type>rectangle</type>
			<description>None</description>
			<possibleresult>
				<name>Van</name>
			</possibleresult>
			<points>
				<point>160.000015,739.000000</point>
				<point>145.000015,745.000000</point>
				<point>142.517258,738.793091</point>
				<point>157.517258,732.793091</point>
				<point>160.000015,739.000000</point>
			</points>
		</object>
	</objects>
</annotation>