<?xml version="1.0" encoding="utf-8"?>
<annotation>
	<source>
		<filename>1054.tif</filename>
		<origin>GF2/GF3</origin>
	</source>
	<research>
		<version>1.0</version>
		<provider>FAIR1M</provider>
		<author>Cyber</author>
		<pluginname>FAIR1M</pluginname>
		<pluginclass>object detection</pluginclass>
		<time>2021-03</time>
	</research>
	<size>
		<width>1000</width>
		<height>1000</height>
		<depth>3</depth>
	</size>
	<objects>
		<object>
			<coordinate>pixel</coordinate>
			<type>rectangle</type>
			<description>None</description>
			<possibleresult>
				<name>Intersection</name>
			</possibleresult>
			<points>
				<point>730.000000,860.000000</point>
				<point>718.624023,897.190918</point>
				<point>633.000000,871.000000</point>
				<point>644.375977,833.809082</point>
				<point>730.000000,860.000000</point>
			</points>
		</object>
		<object>
			<coordinate>pixel</coordinate>
			<type>rectangle</type>
			<description>None</description>
			<possibleresult>
				<name>Van</name>
			</possibleresult>
			<points>
				<point>1000.000061,45.352932</point>
				<point>996.187805,44.904446</point>
				<point>997.000061,37.999996</point>
				<point>1000.812317,38.448483</point>
				<point>1000.000061,45.352932</point>
			</points>
		</object>
		<object>
			<coordinate>pixel</coordinate>
			<type>rectangle</type>
			<description>None</description>
			<possibleresult>
				<name>Small Car</name>
			</possibleresult>
			<points>
				<point>893.317566,393.964111</point>
				<point>892.999939,400.000000</point>
				<point>873.999939,399.000000</point>
				<point>874.317566,392.964111</point>
				<point>893.317566,393.964111</point>
			</points>
		</object>
		<object>
			<coordinate>pixel</coordinate>
			<type>rectangle</type>
			<description>None</description>
			<possibleresult>
				<name>Van</name>
			</possibleresult>
			<points>
				<point>693.000000,535.000000</point>
				<point>680.000000,535.000000</point>
				<point>680.000000,529.000000</point>
				<point>693.000000,529.000000</point>
				<point>693.000000,535.000000</point>
			</points>
		</object>
		<object>
			<coordinate>pixel</coordinate>
			<type>rectangle</type>
			<description>None</description>
			<possibleresult>
				<name>Van</name>
			</possibleresult>
			<points>
				<point>680.000000,651.000000</point>
				<point>667.000000,651.000000</point>
				<point>667.000000,644.000000</point>
				<point>680.000000,644.000000</point>
				<point>680.000000,651.000000</point>
			</points>
		</object>
		<object>
			<coordinate>pixel</coordinate>
			<type>rectangle</type>
			<description>None</description>
			<possibleresult>
				<name>Dump Truck</name>
			</possibleresult>
			<points>
				<point>738.965088,957.375427</point>
				<point>736.000000,965.000061</point>
				<point>718.000000,958.000061</point>
				<point>720.965088,950.375427</point>
				<point>738.965088,957.375427</point>
			</points>
		</object>
		<object>
			<coordinate>pixel</coordinate>
			<type>rectangle</type>
			<description>None</description>
			<possibleresult>
				<name>Van</name>
			</possibleresult>
			<points>
				<point>978.200073,698.600037</point>
				<point>972.000122,711.000061</point>
				<point>966.000122,708.000061</point>
				<point>972.200073,695.600037</point>
				<point>978.200073,698.600037</point>
			</points>
		</object>
		<object>
			<coordinate>pixel</coordinate>
			<type>rectangle</type>
			<description>None</description>
			<possibleresult>
				<name>Van</name>
			</possibleresult>
			<points>
				<point>923.000000,598.000000</point>
				<point>921.051636,605.014282</point>
				<point>903.000000,600.000000</point>
				<point>904.948364,592.985718</point>
				<point>923.000000,598.000000</point>
			</points>
		</object>
		<object>
			<coordinate>pixel</coordinate>
			<type>rectangle</type>
			<description>None</description>
			<possibleresult>
				<name>Van</name>
			</possibleresult>
			<points>
				<point>915.000000,611.000000</point>
				<point>896.000000,611.000000</point>
				<point>896.000000,604.000000</point>
				<point>915.000000,604.000000</point>
				<point>915.000000,611.000000</point>
			</points>
		</object>
		<object>
			<coordinate>pixel</coordinate>
			<type>rectangle</type>
			<description>None</description>
			<possibleresult>
				<name>Van</name>
			</possibleresult>
			<points>
				<point>30.937500,0.000000</point>
				<point>30.937500,0.000000</point>
				<point>37.999985,0.000000</point>
				<point>37.999985,0.000000</point>
				<point>30.937500,0.000000</point>
			</points>
		</object>
		<object>
			<coordinate>pixel</coordinate>
			<type>rectangle</type>
			<description>None</description>
			<possibleresult>
				<name>Cargo Truck</name>
			</possibleresult>
			<points>
				<point>43.040611,58.568531</point>
				<point>37.000000,59.000004</point>
				<point>36.000000,45.000004</point>
				<point>42.040611,44.568531</point>
				<point>43.040611,58.568531</point>
			</points>
		</object>
		<object>
			<coordinate>pixel</coordinate>
			<type>rectangle</type>
			<description>None</description>
			<possibleresult>
				<name>Small Car</name>
			</possibleresult>
			<points>
				<point>105.000038,973.000061</point>
				<point>102.443474,980.158386</point>
				<point>88.000038,975.000061</point>
				<point>90.556602,967.841736</point>
				<point>105.000038,973.000061</point>
			</points>
		</object>
		<object>
			<coordinate>pixel</coordinate>
			<type>rectangle</type>
			<description>None</description>
			<possibleresult>
				<name>Small Car</name>
			</possibleresult>
			<points>
				<point>138.443466,981.158386</point>
				<point>136.000031,988.000061</point>
				<point>121.556595,982.841736</point>
				<point>124.000031,976.000061</point>
				<point>138.443466,981.158386</point>
			</points>
		</object>
		<object>
			<coordinate>pixel</coordinate>
			<type>rectangle</type>
			<description>None</description>
			<possibleresult>
				<name>Cargo Truck</name>
			</possibleresult>
			<points>
				<point>164.000000,987.000000</point>
				<point>162.000000,996.000000</point>
				<point>144.000000,992.000000</point>
				<point>146.000000,983.000000</point>
				<point>164.000000,987.000000</point>
			</points>
		</object>
		<object>
			<coordinate>pixel</coordinate>
			<type>rectangle</type>
			<description>None</description>
			<possibleresult>
				<name>Cargo Truck</name>
			</possibleresult>
			<points>
				<point>334.052551,950.724365</point>
				<point>330.000061,972.000122</point>
				<point>320.947571,970.275879</point>
				<point>325.000061,949.000122</point>
				<point>334.052551,950.724365</point>
			</points>
		</object>
		<object>
			<coordinate>pixel</coordinate>
			<type>rectangle</type>
			<description>None</description>
			<possibleresult>
				<name>Cargo Truck</name>
			</possibleresult>
			<points>
				<point>337.000000,928.000000</point>
				<point>331.967834,949.135132</point>
				<point>323.000000,947.000000</point>
				<point>328.032166,925.864868</point>
				<point>337.000000,928.000000</point>
			</points>
		</object>
		<object>
			<coordinate>pixel</coordinate>
			<type>rectangle</type>
			<description>None</description>
			<possibleresult>
				<name>Small Car</name>
			</possibleresult>
			<points>
				<point>399.000000,924.000000</point>
				<point>383.000000,924.000000</point>
				<point>383.000000,918.000000</point>
				<point>399.000000,918.000000</point>
				<point>399.000000,924.000000</point>
			</points>
		</object>
		<object>
			<coordinate>pixel</coordinate>
			<type>rectangle</type>
			<description>None</description>
			<possibleresult>
				<name>Dump Truck</name>
			</possibleresult>
			<points>
				<point>322.116302,894.040466</point>
				<point>318.999969,902.999939</point>
				<point>295.883636,894.959412</point>
				<point>298.999969,885.999939</point>
				<point>322.116302,894.040466</point>
			</points>
		</object>
		<object>
			<coordinate>pixel</coordinate>
			<type>rectangle</type>
			<description>None</description>
			<possibleresult>
				<name>Cargo Truck</name>
			</possibleresult>
			<points>
				<point>512.380127,827.018188</point>
				<point>512.000061,835.000122</point>
				<point>490.619995,833.982056</point>
				<point>491.000061,826.000122</point>
				<point>512.380127,827.018188</point>
			</points>
		</object>
		<object>
			<coordinate>pixel</coordinate>
			<type>rectangle</type>
			<description>None</description>
			<possibleresult>
				<name>Van</name>
			</possibleresult>
			<points>
				<point>397.228180,803.040405</point>
				<point>395.999969,810.000122</point>
				<point>378.771759,806.959839</point>
				<point>379.999969,800.000122</point>
				<point>397.228180,803.040405</point>
			</points>
		</object>
		<object>
			<coordinate>pixel</coordinate>
			<type>rectangle</type>
			<description>None</description>
			<possibleresult>
				<name>Van</name>
			</possibleresult>
			<points>
				<point>400.162170,778.026978</point>
				<point>399.000000,785.000000</point>
				<point>380.837830,781.973022</point>
				<point>382.000000,775.000000</point>
				<point>400.162170,778.026978</point>
			</points>
		</object>
		<object>
			<coordinate>pixel</coordinate>
			<type>rectangle</type>
			<description>None</description>
			<possibleresult>
				<name>Small Car</name>
			</possibleresult>
			<points>
				<point>419.059937,807.579834</point>
				<point>418.059937,814.579834</point>
				<point>399.999939,811.999878</point>
				<point>400.999939,804.999878</point>
				<point>419.059937,807.579834</point>
			</points>
		</object>
		<object>
			<coordinate>pixel</coordinate>
			<type>rectangle</type>
			<description>None</description>
			<possibleresult>
				<name>Small Car</name>
			</possibleresult>
			<points>
				<point>419.370178,797.966736</point>
				<point>419.000000,804.999939</point>
				<point>400.000000,803.999939</point>
				<point>400.370178,796.966736</point>
				<point>419.370178,797.966736</point>
			</points>
		</object>
		<object>
			<coordinate>pixel</coordinate>
			<type>rectangle</type>
			<description>None</description>
			<possibleresult>
				<name>Small Car</name>
			</possibleresult>
			<points>
				<point>402.000031,769.000000</point>
				<point>400.873016,776.137817</point>
				<point>381.000031,773.000000</point>
				<point>382.127045,765.862183</point>
				<point>402.000031,769.000000</point>
			</points>
		</object>
		<object>
			<coordinate>pixel</coordinate>
			<type>rectangle</type>
			<description>None</description>
			<possibleresult>
				<name>Dump Truck</name>
			</possibleresult>
			<points>
				<point>406.000000,761.000000</point>
				<point>405.260254,768.027344</point>
				<point>386.000000,766.000000</point>
				<point>386.739746,758.972656</point>
				<point>406.000000,761.000000</point>
			</points>
		</object>
		<object>
			<coordinate>pixel</coordinate>
			<type>rectangle</type>
			<description>None</description>
			<possibleresult>
				<name>Small Car</name>
			</possibleresult>
			<points>
				<point>418.000000,788.000000</point>
				<point>406.000000,788.000000</point>
				<point>406.000000,783.000000</point>
				<point>418.000000,783.000000</point>
				<point>418.000000,788.000000</point>
			</points>
		</object>
		<object>
			<coordinate>pixel</coordinate>
			<type>rectangle</type>
			<description>None</description>
			<possibleresult>
				<name>Small Car</name>
			</possibleresult>
			<points>
				<point>423.390747,774.966248</point>
				<point>423.000000,782.000061</point>
				<point>405.000000,781.000061</point>
				<point>405.390747,773.966248</point>
				<point>423.390747,774.966248</point>
			</points>
		</object>
		<object>
			<coordinate>pixel</coordinate>
			<type>rectangle</type>
			<description>None</description>
			<possibleresult>
				<name>Small Car</name>
			</possibleresult>
			<points>
				<point>427.162170,768.027039</point>
				<point>426.000000,775.000061</point>
				<point>407.837830,771.973083</point>
				<point>409.000000,765.000061</point>
				<point>427.162170,768.027039</point>
			</points>
		</object>
		<object>
			<coordinate>pixel</coordinate>
			<type>rectangle</type>
			<description>None</description>
			<possibleresult>
				<name>Small Car</name>
			</possibleresult>
			<points>
				<point>480.000000,773.000000</point>
				<point>464.000000,773.000000</point>
				<point>464.000000,767.000000</point>
				<point>480.000000,767.000000</point>
				<point>480.000000,773.000000</point>
			</points>
		</object>
		<object>
			<coordinate>pixel</coordinate>
			<type>rectangle</type>
			<description>None</description>
			<possibleresult>
				<name>Small Car</name>
			</possibleresult>
			<points>
				<point>415.000000,752.000000</point>
				<point>399.000000,752.000000</point>
				<point>399.000000,745.000000</point>
				<point>415.000000,745.000000</point>
				<point>415.000000,752.000000</point>
			</points>
		</object>
		<object>
			<coordinate>pixel</coordinate>
			<type>rectangle</type>
			<description>None</description>
			<possibleresult>
				<name>Small Car</name>
			</possibleresult>
			<points>
				<point>415.000000,743.000000</point>
				<point>398.000000,743.000000</point>
				<point>398.000000,738.000000</point>
				<point>415.000000,738.000000</point>
				<point>415.000000,743.000000</point>
			</points>
		</object>
		<object>
			<coordinate>pixel</coordinate>
			<type>rectangle</type>
			<description>None</description>
			<possibleresult>
				<name>Dump Truck</name>
			</possibleresult>
			<points>
				<point>415.000000,736.000000</point>
				<point>395.000000,736.000000</point>
				<point>395.000000,729.000000</point>
				<point>415.000000,729.000000</point>
				<point>415.000000,736.000000</point>
			</points>
		</object>
		<object>
			<coordinate>pixel</coordinate>
			<type>rectangle</type>
			<description>None</description>
			<possibleresult>
				<name>Van</name>
			</possibleresult>
			<points>
				<point>779.015503,34.123077</point>
				<point>772.000122,35.000000</point>
				<point>770.000122,19.000002</point>
				<point>777.015503,18.123081</point>
				<point>779.015503,34.123077</point>
			</points>
		</object>
		<object>
			<coordinate>pixel</coordinate>
			<type>rectangle</type>
			<description>None</description>
			<possibleresult>
				<name>Small Car</name>
			</possibleresult>
			<points>
				<point>791.000122,31.000008</point>
				<point>782.877808,32.082977</point>
				<point>780.877808,17.082977</point>
				<point>789.000122,16.000008</point>
				<point>791.000122,31.000008</point>
			</points>
		</object>
		<object>
			<coordinate>pixel</coordinate>
			<type>rectangle</type>
			<description>None</description>
			<possibleresult>
				<name>Small Car</name>
			</possibleresult>
			<points>
				<point>801.008850,29.065500</point>
				<point>794.000061,29.999998</point>
				<point>791.991272,14.934496</point>
				<point>799.000061,13.999998</point>
				<point>801.008850,29.065500</point>
			</points>
		</object>
		<object>
			<coordinate>pixel</coordinate>
			<type>rectangle</type>
			<description>None</description>
			<possibleresult>
				<name>Van</name>
			</possibleresult>
			<points>
				<point>720.000000,145.000000</point>
				<point>713.000000,145.000000</point>
				<point>713.000000,133.000000</point>
				<point>720.000000,133.000000</point>
				<point>720.000000,145.000000</point>
			</points>
		</object>
		<object>
			<coordinate>pixel</coordinate>
			<type>rectangle</type>
			<description>None</description>
			<possibleresult>
				<name>Cargo Truck</name>
			</possibleresult>
			<points>
				<point>742.000122,150.000000</point>
				<point>733.969116,150.535400</point>
				<point>732.969116,135.535400</point>
				<point>741.000122,135.000000</point>
				<point>742.000122,150.000000</point>
			</points>
		</object>
		<object>
			<coordinate>pixel</coordinate>
			<type>rectangle</type>
			<description>None</description>
			<possibleresult>
				<name>Cargo Truck</name>
			</possibleresult>
			<points>
				<point>753.000122,152.000031</point>
				<point>744.969116,152.535431</point>
				<point>743.969116,137.535431</point>
				<point>752.000122,137.000031</point>
				<point>753.000122,152.000031</point>
			</points>
		</object>
		<object>
			<coordinate>pixel</coordinate>
			<type>rectangle</type>
			<description>None</description>
			<possibleresult>
				<name>Small Car</name>
			</possibleresult>
			<points>
				<point>765.999939,158.000015</point>
				<point>758.008728,159.065506</point>
				<point>756.008728,144.065506</point>
				<point>763.999939,143.000015</point>
				<point>765.999939,158.000015</point>
			</points>
		</object>
		<object>
			<coordinate>pixel</coordinate>
			<type>rectangle</type>
			<description>None</description>
			<possibleresult>
				<name>Small Car</name>
			</possibleresult>
			<points>
				<point>808.000000,198.000000</point>
				<point>807.000000,212.000000</point>
				<point>799.964478,211.497467</point>
				<point>800.964478,197.497467</point>
				<point>808.000000,198.000000</point>
			</points>
		</object>
		<object>
			<coordinate>pixel</coordinate>
			<type>rectangle</type>
			<description>None</description>
			<possibleresult>
				<name>Small Car</name>
			</possibleresult>
			<points>
				<point>818.034485,198.586243</point>
				<point>817.000061,211.000031</point>
				<point>809.965637,210.413818</point>
				<point>811.000061,198.000031</point>
				<point>818.034485,198.586243</point>
			</points>
		</object>
		<object>
			<coordinate>pixel</coordinate>
			<type>rectangle</type>
			<description>None</description>
			<possibleresult>
				<name>Small Car</name>
			</possibleresult>
			<points>
				<point>837.000000,211.000000</point>
				<point>831.000000,211.000000</point>
				<point>831.000000,199.000000</point>
				<point>837.000000,199.000000</point>
				<point>837.000000,211.000000</point>
			</points>
		</object>
		<object>
			<coordinate>pixel</coordinate>
			<type>rectangle</type>
			<description>None</description>
			<possibleresult>
				<name>Small Car</name>
			</possibleresult>
			<points>
				<point>847.991272,201.065506</point>
				<point>845.991272,216.065506</point>
				<point>838.000061,215.000015</point>
				<point>840.000061,200.000015</point>
				<point>847.991272,201.065506</point>
			</points>
		</object>
		<object>
			<coordinate>pixel</coordinate>
			<type>rectangle</type>
			<description>None</description>
			<possibleresult>
				<name>Small Car</name>
			</possibleresult>
			<points>
				<point>856.000122,201.000015</point>
				<point>854.969116,216.464615</point>
				<point>848.000122,216.000015</point>
				<point>849.031128,200.535416</point>
				<point>856.000122,201.000015</point>
			</points>
		</object>
		<object>
			<coordinate>pixel</coordinate>
			<type>rectangle</type>
			<description>None</description>
			<possibleresult>
				<name>Small Car</name>
			</possibleresult>
			<points>
				<point>888.000000,188.000000</point>
				<point>881.000000,188.000000</point>
				<point>881.000000,172.000000</point>
				<point>888.000000,172.000000</point>
				<point>888.000000,188.000000</point>
			</points>
		</object>
		<object>
			<coordinate>pixel</coordinate>
			<type>rectangle</type>
			<description>None</description>
			<possibleresult>
				<name>Van</name>
			</possibleresult>
			<points>
				<point>801.000000,250.000000</point>
				<point>794.000000,250.000000</point>
				<point>794.000000,235.000000</point>
				<point>801.000000,235.000000</point>
				<point>801.000000,250.000000</point>
			</points>
		</object>
		<object>
			<coordinate>pixel</coordinate>
			<type>rectangle</type>
			<description>None</description>
			<possibleresult>
				<name>Van</name>
			</possibleresult>
			<points>
				<point>786.000061,190.000031</point>
				<point>775.276062,201.796417</point>
				<point>770.000061,197.000031</point>
				<point>780.724060,185.203644</point>
				<point>786.000061,190.000031</point>
			</points>
		</object>
		<object>
			<coordinate>pixel</coordinate>
			<type>rectangle</type>
			<description>None</description>
			<possibleresult>
				<name>Small Car</name>
			</possibleresult>
			<points>
				<point>784.298584,216.728500</point>
				<point>773.000000,226.999985</point>
				<point>768.701416,222.271469</point>
				<point>780.000000,211.999985</point>
				<point>784.298584,216.728500</point>
			</points>
		</object>
		<object>
			<coordinate>pixel</coordinate>
			<type>rectangle</type>
			<description>None</description>
			<possibleresult>
				<name>Van</name>
			</possibleresult>
			<points>
				<point>783.316956,229.709427</point>
				<point>770.999939,240.999985</point>
				<point>766.682922,236.290543</point>
				<point>778.999939,224.999985</point>
				<point>783.316956,229.709427</point>
			</points>
		</object>
		<object>
			<coordinate>pixel</coordinate>
			<type>rectangle</type>
			<description>None</description>
			<possibleresult>
				<name>Van</name>
			</possibleresult>
			<points>
				<point>875.000000,280.000000</point>
				<point>860.000000,280.000000</point>
				<point>860.000000,273.000000</point>
				<point>875.000000,273.000000</point>
				<point>875.000000,280.000000</point>
			</points>
		</object>
		<object>
			<coordinate>pixel</coordinate>
			<type>rectangle</type>
			<description>None</description>
			<possibleresult>
				<name>Van</name>
			</possibleresult>
			<points>
				<point>873.000000,288.000000</point>
				<point>860.000000,288.000000</point>
				<point>860.000000,282.000000</point>
				<point>873.000000,282.000000</point>
				<point>873.000000,288.000000</point>
			</points>
		</object>
		<object>
			<coordinate>pixel</coordinate>
			<type>rectangle</type>
			<description>None</description>
			<possibleresult>
				<name>Van</name>
			</possibleresult>
			<points>
				<point>873.000000,303.000000</point>
				<point>858.000000,303.000000</point>
				<point>858.000000,296.000000</point>
				<point>873.000000,296.000000</point>
				<point>873.000000,303.000000</point>
			</points>
		</object>
		<object>
			<coordinate>pixel</coordinate>
			<type>rectangle</type>
			<description>None</description>
			<possibleresult>
				<name>Van</name>
			</possibleresult>
			<points>
				<point>874.000000,312.000000</point>
				<point>857.000000,312.000000</point>
				<point>857.000000,305.000000</point>
				<point>874.000000,305.000000</point>
				<point>874.000000,312.000000</point>
			</points>
		</object>
		<object>
			<coordinate>pixel</coordinate>
			<type>rectangle</type>
			<description>None</description>
			<possibleresult>
				<name>Van</name>
			</possibleresult>
			<points>
				<point>870.000000,328.000000</point>
				<point>854.000000,328.000000</point>
				<point>854.000000,322.000000</point>
				<point>870.000000,322.000000</point>
				<point>870.000000,328.000000</point>
			</points>
		</object>
		<object>
			<coordinate>pixel</coordinate>
			<type>rectangle</type>
			<description>None</description>
			<possibleresult>
				<name>Van</name>
			</possibleresult>
			<points>
				<point>870.000000,346.000000</point>
				<point>856.000000,346.000000</point>
				<point>856.000000,340.000000</point>
				<point>870.000000,340.000000</point>
				<point>870.000000,346.000000</point>
			</points>
		</object>
		<object>
			<coordinate>pixel</coordinate>
			<type>rectangle</type>
			<description>None</description>
			<possibleresult>
				<name>Cargo Truck</name>
			</possibleresult>
			<points>
				<point>915.000000,282.000000</point>
				<point>897.000000,282.000000</point>
				<point>897.000000,273.000000</point>
				<point>915.000000,273.000000</point>
				<point>915.000000,282.000000</point>
			</points>
		</object>
		<object>
			<coordinate>pixel</coordinate>
			<type>rectangle</type>
			<description>None</description>
			<possibleresult>
				<name>Small Car</name>
			</possibleresult>
			<points>
				<point>913.390747,290.966125</point>
				<point>913.000000,298.000000</point>
				<point>895.000000,297.000000</point>
				<point>895.390747,289.966125</point>
				<point>913.390747,290.966125</point>
			</points>
		</object>
		<object>
			<coordinate>pixel</coordinate>
			<type>rectangle</type>
			<description>None</description>
			<possibleresult>
				<name>Van</name>
			</possibleresult>
			<points>
				<point>915.000000,305.000000</point>
				<point>895.000000,305.000000</point>
				<point>895.000000,300.000000</point>
				<point>915.000000,300.000000</point>
				<point>915.000000,305.000000</point>
			</points>
		</object>
		<object>
			<coordinate>pixel</coordinate>
			<type>rectangle</type>
			<description>None</description>
			<possibleresult>
				<name>Van</name>
			</possibleresult>
			<points>
				<point>912.000000,313.000000</point>
				<point>895.000000,313.000000</point>
				<point>895.000000,307.000000</point>
				<point>912.000000,307.000000</point>
				<point>912.000000,313.000000</point>
			</points>
		</object>
		<object>
			<coordinate>pixel</coordinate>
			<type>rectangle</type>
			<description>None</description>
			<possibleresult>
				<name>Small Car</name>
			</possibleresult>
			<points>
				<point>910.000000,321.000000</point>
				<point>897.000000,321.000000</point>
				<point>897.000000,315.000000</point>
				<point>910.000000,315.000000</point>
				<point>910.000000,321.000000</point>
			</points>
		</object>
		<object>
			<coordinate>pixel</coordinate>
			<type>rectangle</type>
			<description>None</description>
			<possibleresult>
				<name>Van</name>
			</possibleresult>
			<points>
				<point>912.000000,330.000000</point>
				<point>894.000000,330.000000</point>
				<point>894.000000,323.000000</point>
				<point>912.000000,323.000000</point>
				<point>912.000000,330.000000</point>
			</points>
		</object>
		<object>
			<coordinate>pixel</coordinate>
			<type>rectangle</type>
			<description>None</description>
			<possibleresult>
				<name>Van</name>
			</possibleresult>
			<points>
				<point>910.000000,337.000000</point>
				<point>892.000000,337.000000</point>
				<point>892.000000,331.000000</point>
				<point>910.000000,331.000000</point>
				<point>910.000000,337.000000</point>
			</points>
		</object>
		<object>
			<coordinate>pixel</coordinate>
			<type>rectangle</type>
			<description>None</description>
			<possibleresult>
				<name>Van</name>
			</possibleresult>
			<points>
				<point>924.000000,290.000000</point>
				<point>917.000000,290.000000</point>
				<point>917.000000,274.000000</point>
				<point>924.000000,274.000000</point>
				<point>924.000000,290.000000</point>
			</points>
		</object>
		<object>
			<coordinate>pixel</coordinate>
			<type>rectangle</type>
			<description>None</description>
			<possibleresult>
				<name>Van</name>
			</possibleresult>
			<points>
				<point>938.000000,327.000000</point>
				<point>930.000000,327.000000</point>
				<point>930.000000,310.000000</point>
				<point>938.000000,310.000000</point>
				<point>938.000000,327.000000</point>
			</points>
		</object>
		<object>
			<coordinate>pixel</coordinate>
			<type>rectangle</type>
			<description>None</description>
			<possibleresult>
				<name>Small Car</name>
			</possibleresult>
			<points>
				<point>612.000000,472.000000</point>
				<point>604.000000,472.000000</point>
				<point>604.000000,457.000000</point>
				<point>612.000000,457.000000</point>
				<point>612.000000,472.000000</point>
			</points>
		</object>
		<object>
			<coordinate>pixel</coordinate>
			<type>rectangle</type>
			<description>None</description>
			<possibleresult>
				<name>Small Car</name>
			</possibleresult>
			<points>
				<point>641.000000,441.000000</point>
				<point>633.000000,441.000000</point>
				<point>633.000000,424.000000</point>
				<point>641.000000,424.000000</point>
				<point>641.000000,441.000000</point>
			</points>
		</object>
		<object>
			<coordinate>pixel</coordinate>
			<type>rectangle</type>
			<description>None</description>
			<possibleresult>
				<name>Van</name>
			</possibleresult>
			<points>
				<point>652.027588,424.531036</point>
				<point>651.000000,442.000031</point>
				<point>641.972412,441.469025</point>
				<point>643.000000,424.000031</point>
				<point>652.027588,424.531036</point>
			</points>
		</object>
		<object>
			<coordinate>pixel</coordinate>
			<type>rectangle</type>
			<description>None</description>
			<possibleresult>
				<name>Small Car</name>
			</possibleresult>
			<points>
				<point>662.035583,426.502533</point>
				<point>661.000061,440.999969</point>
				<point>653.964539,440.497406</point>
				<point>655.000061,425.999969</point>
				<point>662.035583,426.502533</point>
			</points>
		</object>
		<object>
			<coordinate>pixel</coordinate>
			<type>rectangle</type>
			<description>None</description>
			<possibleresult>
				<name>Van</name>
			</possibleresult>
			<points>
				<point>671.000000,427.000000</point>
				<point>670.000000,441.000000</point>
				<point>662.964478,440.497437</point>
				<point>663.964478,426.497437</point>
				<point>671.000000,427.000000</point>
			</points>
		</object>
		<object>
			<coordinate>pixel</coordinate>
			<type>rectangle</type>
			<description>None</description>
			<possibleresult>
				<name>Van</name>
			</possibleresult>
			<points>
				<point>682.012268,426.890228</point>
				<point>680.000061,444.999969</point>
				<point>671.987854,444.109711</point>
				<point>674.000061,425.999969</point>
				<point>682.012268,426.890228</point>
			</points>
		</object>
		<object>
			<coordinate>pixel</coordinate>
			<type>rectangle</type>
			<description>None</description>
			<possibleresult>
				<name>Van</name>
			</possibleresult>
			<points>
				<point>691.000000,427.000000</point>
				<point>689.975830,444.410339</point>
				<point>683.000000,444.000000</point>
				<point>684.024170,426.589661</point>
				<point>691.000000,427.000000</point>
			</points>
		</object>
		<object>
			<coordinate>pixel</coordinate>
			<type>rectangle</type>
			<description>None</description>
			<possibleresult>
				<name>Small Car</name>
			</possibleresult>
			<points>
				<point>652.000000,474.000000</point>
				<point>647.000000,474.000000</point>
				<point>647.000000,461.000000</point>
				<point>652.000000,461.000000</point>
				<point>652.000000,474.000000</point>
			</points>
		</object>
		<object>
			<coordinate>pixel</coordinate>
			<type>rectangle</type>
			<description>None</description>
			<possibleresult>
				<name>Small Car</name>
			</possibleresult>
			<points>
				<point>665.000000,461.999969</point>
				<point>663.000000,475.999969</point>
				<point>656.000000,474.999969</point>
				<point>658.000000,460.999969</point>
				<point>665.000000,461.999969</point>
			</points>
		</object>
		<object>
			<coordinate>pixel</coordinate>
			<type>rectangle</type>
			<description>None</description>
			<possibleresult>
				<name>Van</name>
			</possibleresult>
			<points>
				<point>672.000000,475.000000</point>
				<point>666.000000,475.000000</point>
				<point>666.000000,462.000000</point>
				<point>672.000000,462.000000</point>
				<point>672.000000,475.000000</point>
			</points>
		</object>
		<object>
			<coordinate>pixel</coordinate>
			<type>rectangle</type>
			<description>None</description>
			<possibleresult>
				<name>Van</name>
			</possibleresult>
			<points>
				<point>684.000000,476.000000</point>
				<point>676.000000,476.000000</point>
				<point>676.000000,461.000000</point>
				<point>684.000000,461.000000</point>
				<point>684.000000,476.000000</point>
			</points>
		</object>
		<object>
			<coordinate>pixel</coordinate>
			<type>rectangle</type>
			<description>None</description>
			<possibleresult>
				<name>Small Car</name>
			</possibleresult>
			<points>
				<point>694.860291,463.048096</point>
				<point>692.860291,478.048096</point>
				<point>685.000061,477.000061</point>
				<point>687.000061,462.000061</point>
				<point>694.860291,463.048096</point>
			</points>
		</object>
		<object>
			<coordinate>pixel</coordinate>
			<type>rectangle</type>
			<description>None</description>
			<possibleresult>
				<name>Small Car</name>
			</possibleresult>
			<points>
				<point>705.753906,463.969269</point>
				<point>704.000000,478.000031</point>
				<point>696.000000,477.000031</point>
				<point>697.753906,462.969269</point>
				<point>705.753906,463.969269</point>
			</points>
		</object>
		<object>
			<coordinate>pixel</coordinate>
			<type>rectangle</type>
			<description>None</description>
			<possibleresult>
				<name>Van</name>
			</possibleresult>
			<points>
				<point>715.000000,464.000000</point>
				<point>714.000000,478.000000</point>
				<point>705.969482,477.426392</point>
				<point>706.969482,463.426392</point>
				<point>715.000000,464.000000</point>
			</points>
		</object>
		<object>
			<coordinate>pixel</coordinate>
			<type>rectangle</type>
			<description>None</description>
			<possibleresult>
				<name>Van</name>
			</possibleresult>
			<points>
				<point>724.030518,464.573608</point>
				<point>723.000000,479.000000</point>
				<point>714.969482,478.426392</point>
				<point>716.000000,464.000000</point>
				<point>724.030518,464.573608</point>
			</points>
		</object>
		<object>
			<coordinate>pixel</coordinate>
			<type>rectangle</type>
			<description>None</description>
			<possibleresult>
				<name>Van</name>
			</possibleresult>
			<points>
				<point>756.000000,474.000000</point>
				<point>739.000000,474.000000</point>
				<point>739.000000,468.000000</point>
				<point>756.000000,468.000000</point>
				<point>756.000000,474.000000</point>
			</points>
		</object>
		<object>
			<coordinate>pixel</coordinate>
			<type>rectangle</type>
			<description>None</description>
			<possibleresult>
				<name>Small Car</name>
			</possibleresult>
			<points>
				<point>755.000000,482.000000</point>
				<point>737.000000,482.000000</point>
				<point>737.000000,475.000000</point>
				<point>755.000000,475.000000</point>
				<point>755.000000,482.000000</point>
			</points>
		</object>
		<object>
			<coordinate>pixel</coordinate>
			<type>rectangle</type>
			<description>None</description>
			<possibleresult>
				<name>Small Car</name>
			</possibleresult>
			<points>
				<point>753.000000,516.000000</point>
				<point>734.000000,516.000000</point>
				<point>734.000000,508.000000</point>
				<point>753.000000,508.000000</point>
				<point>753.000000,516.000000</point>
			</points>
		</object>
		<object>
			<coordinate>pixel</coordinate>
			<type>rectangle</type>
			<description>None</description>
			<possibleresult>
				<name>Small Car</name>
			</possibleresult>
			<points>
				<point>750.000000,524.000000</point>
				<point>734.000000,524.000000</point>
				<point>734.000000,517.000000</point>
				<point>750.000000,517.000000</point>
				<point>750.000000,524.000000</point>
			</points>
		</object>
		<object>
			<coordinate>pixel</coordinate>
			<type>rectangle</type>
			<description>None</description>
			<possibleresult>
				<name>Small Car</name>
			</possibleresult>
			<points>
				<point>748.000000,531.000000</point>
				<point>732.000000,531.000000</point>
				<point>732.000000,525.000000</point>
				<point>748.000000,525.000000</point>
				<point>748.000000,531.000000</point>
			</points>
		</object>
		<object>
			<coordinate>pixel</coordinate>
			<type>rectangle</type>
			<description>None</description>
			<possibleresult>
				<name>Van</name>
			</possibleresult>
			<points>
				<point>794.000061,422.000000</point>
				<point>792.978577,440.387695</point>
				<point>786.000061,440.000000</point>
				<point>787.021545,421.612305</point>
				<point>794.000061,422.000000</point>
			</points>
		</object>
		<object>
			<coordinate>pixel</coordinate>
			<type>rectangle</type>
			<description>None</description>
			<possibleresult>
				<name>Small Car</name>
			</possibleresult>
			<points>
				<point>806.000061,419.000000</point>
				<point>803.991272,434.065491</point>
				<point>796.000061,433.000000</point>
				<point>798.008850,417.934509</point>
				<point>806.000061,419.000000</point>
			</points>
		</object>
		<object>
			<coordinate>pixel</coordinate>
			<type>rectangle</type>
			<description>None</description>
			<possibleresult>
				<name>Small Car</name>
			</possibleresult>
			<points>
				<point>816.000000,435.000000</point>
				<point>808.000000,435.000000</point>
				<point>808.000000,418.000000</point>
				<point>816.000000,418.000000</point>
				<point>816.000000,435.000000</point>
			</points>
		</object>
		<object>
			<coordinate>pixel</coordinate>
			<type>rectangle</type>
			<description>None</description>
			<possibleresult>
				<name>Van</name>
			</possibleresult>
			<points>
				<point>826.000000,434.000000</point>
				<point>818.000000,434.000000</point>
				<point>818.000000,420.000000</point>
				<point>826.000000,420.000000</point>
				<point>826.000000,434.000000</point>
			</points>
		</object>
		<object>
			<coordinate>pixel</coordinate>
			<type>rectangle</type>
			<description>None</description>
			<possibleresult>
				<name>Small Car</name>
			</possibleresult>
			<points>
				<point>869.000183,423.000122</point>
				<point>864.933777,438.249084</point>
				<point>856.966980,436.124573</point>
				<point>861.033386,420.875610</point>
				<point>869.000183,423.000122</point>
			</points>
		</object>
		<object>
			<coordinate>pixel</coordinate>
			<type>rectangle</type>
			<description>None</description>
			<possibleresult>
				<name>Small Car</name>
			</possibleresult>
			<points>
				<point>812.000061,536.000000</point>
				<point>808.577942,543.271973</point>
				<point>791.577942,535.271973</point>
				<point>795.000061,528.000000</point>
				<point>812.000061,536.000000</point>
			</points>
		</object>
		<object>
			<coordinate>pixel</coordinate>
			<type>rectangle</type>
			<description>None</description>
			<possibleresult>
				<name>Small Car</name>
			</possibleresult>
			<points>
				<point>816.400085,528.200012</point>
				<point>813.000061,535.000061</point>
				<point>797.000061,527.000061</point>
				<point>800.400085,520.200012</point>
				<point>816.400085,528.200012</point>
			</points>
		</object>
		<object>
			<coordinate>pixel</coordinate>
			<type>rectangle</type>
			<description>None</description>
			<possibleresult>
				<name>Small Car</name>
			</possibleresult>
			<points>
				<point>820.000061,521.000061</point>
				<point>817.000061,527.000061</point>
				<point>801.000061,519.000061</point>
				<point>804.000061,513.000061</point>
				<point>820.000061,521.000061</point>
			</points>
		</object>
		<object>
			<coordinate>pixel</coordinate>
			<type>rectangle</type>
			<description>None</description>
			<possibleresult>
				<name>Van</name>
			</possibleresult>
			<points>
				<point>823.000122,513.000061</point>
				<point>820.000122,519.000061</point>
				<point>808.000122,513.000061</point>
				<point>811.000122,507.000061</point>
				<point>823.000122,513.000061</point>
			</points>
		</object>
		<object>
			<coordinate>pixel</coordinate>
			<type>rectangle</type>
			<description>None</description>
			<possibleresult>
				<name>Van</name>
			</possibleresult>
			<points>
				<point>827.000000,505.000031</point>
				<point>824.000000,511.000031</point>
				<point>812.000000,505.000031</point>
				<point>815.000000,499.000031</point>
				<point>827.000000,505.000031</point>
			</points>
		</object>
		<object>
			<coordinate>pixel</coordinate>
			<type>rectangle</type>
			<description>None</description>
			<possibleresult>
				<name>Van</name>
			</possibleresult>
			<points>
				<point>824.137939,490.655182</point>
				<point>822.137939,495.655182</point>
				<point>808.000000,490.000031</point>
				<point>810.000000,485.000031</point>
				<point>824.137939,490.655182</point>
			</points>
		</object>
		<object>
			<coordinate>pixel</coordinate>
			<type>rectangle</type>
			<description>None</description>
			<possibleresult>
				<name>Small Car</name>
			</possibleresult>
			<points>
				<point>796.000183,520.000000</point>
				<point>792.000183,528.000000</point>
				<point>775.600159,519.800049</point>
				<point>779.600159,511.800049</point>
				<point>796.000183,520.000000</point>
			</points>
		</object>
		<object>
			<coordinate>pixel</coordinate>
			<type>rectangle</type>
			<description>None</description>
			<possibleresult>
				<name>Small Car</name>
			</possibleresult>
			<points>
				<point>803.000122,505.000061</point>
				<point>799.600098,511.800049</point>
				<point>785.600098,504.800049</point>
				<point>789.000122,498.000061</point>
				<point>803.000122,505.000061</point>
			</points>
		</object>
		<object>
			<coordinate>pixel</coordinate>
			<type>rectangle</type>
			<description>None</description>
			<possibleresult>
				<name>Small Car</name>
			</possibleresult>
			<points>
				<point>814.000061,497.000061</point>
				<point>810.786926,504.344299</point>
				<point>794.786926,497.344299</point>
				<point>798.000061,490.000061</point>
				<point>814.000061,497.000061</point>
			</points>
		</object>
		<object>
			<coordinate>pixel</coordinate>
			<type>rectangle</type>
			<description>None</description>
			<possibleresult>
				<name>Van</name>
			</possibleresult>
			<points>
				<point>843.000000,483.000000</point>
				<point>840.579102,489.225220</point>
				<point>822.000000,482.000000</point>
				<point>824.420898,475.774780</point>
				<point>843.000000,483.000000</point>
			</points>
		</object>
		<object>
			<coordinate>pixel</coordinate>
			<type>rectangle</type>
			<description>None</description>
			<possibleresult>
				<name>Small Car</name>
			</possibleresult>
			<points>
				<point>823.000122,477.000031</point>
				<point>820.400146,482.200043</point>
				<point>806.000122,475.000031</point>
				<point>808.600098,469.800018</point>
				<point>823.000122,477.000031</point>
			</points>
		</object>
		<object>
			<coordinate>pixel</coordinate>
			<type>rectangle</type>
			<description>None</description>
			<possibleresult>
				<name>Van</name>
			</possibleresult>
			<points>
				<point>846.000122,476.000061</point>
				<point>843.164307,482.076721</point>
				<point>828.000122,475.000061</point>
				<point>830.835938,468.923401</point>
				<point>846.000122,476.000061</point>
			</points>
		</object>
		<object>
			<coordinate>pixel</coordinate>
			<type>rectangle</type>
			<description>None</description>
			<possibleresult>
				<name>Van</name>
			</possibleresult>
			<points>
				<point>851.000000,467.000031</point>
				<point>848.362061,473.155182</point>
				<point>834.362061,467.155182</point>
				<point>837.000000,461.000031</point>
				<point>851.000000,467.000031</point>
			</points>
		</object>
		<object>
			<coordinate>pixel</coordinate>
			<type>rectangle</type>
			<description>None</description>
			<possibleresult>
				<name>Van</name>
			</possibleresult>
			<points>
				<point>855.000061,459.000000</point>
				<point>851.600037,465.799988</point>
				<point>835.600037,457.799988</point>
				<point>839.000061,451.000000</point>
				<point>855.000061,459.000000</point>
			</points>
		</object>
		<object>
			<coordinate>pixel</coordinate>
			<type>rectangle</type>
			<description>None</description>
			<possibleresult>
				<name>Small Car</name>
			</possibleresult>
			<points>
				<point>830.626160,467.294617</point>
				<point>827.000061,475.000000</point>
				<point>810.000061,467.000000</point>
				<point>813.626160,459.294617</point>
				<point>830.626160,467.294617</point>
			</points>
		</object>
		<object>
			<coordinate>pixel</coordinate>
			<type>rectangle</type>
			<description>None</description>
			<possibleresult>
				<name>Small Car</name>
			</possibleresult>
			<points>
				<point>791.200012,647.599976</point>
				<point>784.000061,662.000000</point>
				<point>778.000061,659.000000</point>
				<point>785.200012,644.599976</point>
				<point>791.200012,647.599976</point>
			</points>
		</object>
		<object>
			<coordinate>pixel</coordinate>
			<type>rectangle</type>
			<description>None</description>
			<possibleresult>
				<name>Small Car</name>
			</possibleresult>
			<points>
				<point>905.000122,481.000092</point>
				<point>897.719116,496.602264</point>
				<point>890.000122,493.000092</point>
				<point>897.281128,477.397919</point>
				<point>905.000122,481.000092</point>
			</points>
		</object>
		<object>
			<coordinate>pixel</coordinate>
			<type>rectangle</type>
			<description>None</description>
			<possibleresult>
				<name>Van</name>
			</possibleresult>
			<points>
				<point>940.205750,451.650421</point>
				<point>930.000061,469.000031</point>
				<point>923.794373,465.349640</point>
				<point>934.000061,448.000031</point>
				<point>940.205750,451.650421</point>
			</points>
		</object>
		<object>
			<coordinate>pixel</coordinate>
			<type>rectangle</type>
			<description>None</description>
			<possibleresult>
				<name>Cargo Truck</name>
			</possibleresult>
			<points>
				<point>726.000000,829.000000</point>
				<point>712.962769,852.065918</point>
				<point>704.000000,847.000000</point>
				<point>717.037231,823.934082</point>
				<point>726.000000,829.000000</point>
			</points>
		</object>
		<object>
			<coordinate>pixel</coordinate>
			<type>rectangle</type>
			<description>None</description>
			<possibleresult>
				<name>Cargo Truck</name>
			</possibleresult>
			<points>
				<point>682.000061,836.000000</point>
				<point>672.000061,856.000000</point>
				<point>663.600037,851.800049</point>
				<point>673.600037,831.800049</point>
				<point>682.000061,836.000000</point>
			</points>
		</object>
		<object>
			<coordinate>pixel</coordinate>
			<type>rectangle</type>
			<description>None</description>
			<possibleresult>
				<name>Van</name>
			</possibleresult>
			<points>
				<point>702.000061,864.999939</point>
				<point>695.912292,878.190125</point>
				<point>689.000061,874.999939</point>
				<point>695.087830,861.809753</point>
				<point>702.000061,864.999939</point>
			</points>
		</object>
		<object>
			<coordinate>pixel</coordinate>
			<type>rectangle</type>
			<description>None</description>
			<possibleresult>
				<name>Small Car</name>
			</possibleresult>
			<points>
				<point>689.999939,888.000000</point>
				<point>681.753845,902.430786</point>
				<point>674.753845,898.430786</point>
				<point>682.999939,884.000000</point>
				<point>689.999939,888.000000</point>
			</points>
		</object>
		<object>
			<coordinate>pixel</coordinate>
			<type>rectangle</type>
			<description>None</description>
			<possibleresult>
				<name>Van</name>
			</possibleresult>
			<points>
				<point>674.321167,914.403687</point>
				<point>667.321167,927.403687</point>
				<point>661.000122,924.000000</point>
				<point>668.000122,911.000000</point>
				<point>674.321167,914.403687</point>
			</points>
		</object>
		<object>
			<coordinate>pixel</coordinate>
			<type>rectangle</type>
			<description>None</description>
			<possibleresult>
				<name>Small Car</name>
			</possibleresult>
			<points>
				<point>663.213562,933.620117</point>
				<point>654.213562,949.620117</point>
				<point>645.999939,945.000000</point>
				<point>654.999939,929.000000</point>
				<point>663.213562,933.620117</point>
			</points>
		</object>
		<object>
			<coordinate>pixel</coordinate>
			<type>rectangle</type>
			<description>None</description>
			<possibleresult>
				<name>Van</name>
			</possibleresult>
			<points>
				<point>648.400085,982.200012</point>
				<point>640.400085,998.200012</point>
				<point>634.000061,995.000061</point>
				<point>642.000061,979.000061</point>
				<point>648.400085,982.200012</point>
			</points>
		</object>
		<object>
			<coordinate>pixel</coordinate>
			<type>rectangle</type>
			<description>None</description>
			<possibleresult>
				<name>Small Car</name>
			</possibleresult>
			<points>
				<point>643.332153,967.377197</point>
				<point>635.332153,982.377197</point>
				<point>629.000000,979.000000</point>
				<point>637.000000,964.000000</point>
				<point>643.332153,967.377197</point>
			</points>
		</object>
		<object>
			<coordinate>pixel</coordinate>
			<type>rectangle</type>
			<description>None</description>
			<possibleresult>
				<name>Van</name>
			</possibleresult>
			<points>
				<point>629.094421,989.830322</point>
				<point>624.000061,999.000122</point>
				<point>618.905701,996.169922</point>
				<point>624.000061,987.000122</point>
				<point>629.094421,989.830322</point>
			</points>
		</object>
		<object>
			<coordinate>pixel</coordinate>
			<type>rectangle</type>
			<description>None</description>
			<possibleresult>
				<name>Van</name>
			</possibleresult>
			<points>
				<point>762.891785,965.390137</point>
				<point>759.999939,972.000000</point>
				<point>743.999939,965.000000</point>
				<point>746.891785,958.390137</point>
				<point>762.891785,965.390137</point>
			</points>
		</object>
		<object>
			<coordinate>pixel</coordinate>
			<type>rectangle</type>
			<description>None</description>
			<possibleresult>
				<name>Small Car</name>
			</possibleresult>
			<points>
				<point>797.000061,847.000000</point>
				<point>795.000061,859.000000</point>
				<point>789.000061,858.000000</point>
				<point>791.000061,846.000000</point>
				<point>797.000061,847.000000</point>
			</points>
		</object>
		<object>
			<coordinate>pixel</coordinate>
			<type>rectangle</type>
			<description>None</description>
			<possibleresult>
				<name>Small Car</name>
			</possibleresult>
			<points>
				<point>787.000000,846.999939</point>
				<point>783.000000,863.999939</point>
				<point>775.196777,862.163879</point>
				<point>779.196777,845.163879</point>
				<point>787.000000,846.999939</point>
			</points>
		</object>
		<object>
			<coordinate>pixel</coordinate>
			<type>rectangle</type>
			<description>None</description>
			<possibleresult>
				<name>Van</name>
			</possibleresult>
			<points>
				<point>775.041016,844.464661</point>
				<point>774.041016,857.464661</point>
				<point>767.999878,856.999939</point>
				<point>768.999878,843.999939</point>
				<point>775.041016,844.464661</point>
			</points>
		</object>
	</objects>
</annotation>