<?xml version="1.0" encoding="utf-8"?>
<annotation>
	<source>
		<filename>1056.tif</filename>
		<origin>GF2/GF3</origin>
	</source>
	<research>
		<version>1.0</version>
		<provider>FAIR1M</provider>
		<author>Cyber</author>
		<pluginname>FAIR1M</pluginname>
		<pluginclass>object detection</pluginclass>
		<time>2021-03</time>
	</research>
	<size>
		<width>1000</width>
		<height>1000</height>
		<depth>3</depth>
	</size>
	<objects>
		<object>
			<coordinate>pixel</coordinate>
			<type>rectangle</type>
			<description>None</description>
			<possibleresult>
				<name>Intersection</name>
			</possibleresult>
			<points>
				<point>423.000000,265.000000</point>
				<point>359.793701,266.003296</point>
				<point>359.000000,216.000000</point>
				<point>422.206299,214.996704</point>
				<point>423.000000,265.000000</point>
			</points>
		</object>
		<object>
			<coordinate>pixel</coordinate>
			<type>rectangle</type>
			<description>None</description>
			<possibleresult>
				<name>Intersection</name>
			</possibleresult>
			<points>
				<point>587.627441,809.026978</point>
				<point>586.000000,847.000122</point>
				<point>515.372559,843.973267</point>
				<point>517.000000,806.000122</point>
				<point>587.627441,809.026978</point>
			</points>
		</object>
		<object>
			<coordinate>pixel</coordinate>
			<type>rectangle</type>
			<description>None</description>
			<possibleresult>
				<name>Van</name>
			</possibleresult>
			<points>
				<point>655.000000,844.000000</point>
				<point>632.000000,844.000000</point>
				<point>632.000000,837.000000</point>
				<point>655.000000,837.000000</point>
				<point>655.000000,844.000000</point>
			</points>
		</object>
		<object>
			<coordinate>pixel</coordinate>
			<type>rectangle</type>
			<description>None</description>
			<possibleresult>
				<name>Van</name>
			</possibleresult>
			<points>
				<point>510.000000,22.000000</point>
				<point>499.000000,22.000000</point>
				<point>499.000000,15.000000</point>
				<point>510.000000,15.000000</point>
				<point>510.000000,22.000000</point>
			</points>
		</object>
		<object>
			<coordinate>pixel</coordinate>
			<type>rectangle</type>
			<description>None</description>
			<possibleresult>
				<name>Small Car</name>
			</possibleresult>
			<points>
				<point>531.660645,45.937088</point>
				<point>510.000000,48.000008</point>
				<point>509.339355,41.062927</point>
				<point>531.000000,39.000008</point>
				<point>531.660645,45.937088</point>
			</points>
		</object>
		<object>
			<coordinate>pixel</coordinate>
			<type>rectangle</type>
			<description>None</description>
			<possibleresult>
				<name>Small Car</name>
			</possibleresult>
			<points>
				<point>232.957214,201.684830</point>
				<point>231.957214,217.684830</point>
				<point>221.000000,217.000015</point>
				<point>222.000000,201.000015</point>
				<point>232.957214,201.684830</point>
			</points>
		</object>
		<object>
			<coordinate>pixel</coordinate>
			<type>rectangle</type>
			<description>None</description>
			<possibleresult>
				<name>Van</name>
			</possibleresult>
			<points>
				<point>246.000000,216.000000</point>
				<point>237.000000,216.000000</point>
				<point>237.000000,202.000000</point>
				<point>246.000000,202.000000</point>
				<point>246.000000,216.000000</point>
			</points>
		</object>
		<object>
			<coordinate>pixel</coordinate>
			<type>rectangle</type>
			<description>None</description>
			<possibleresult>
				<name>Van</name>
			</possibleresult>
			<points>
				<point>481.000000,187.000000</point>
				<point>460.000000,187.000000</point>
				<point>460.000000,180.000000</point>
				<point>481.000000,180.000000</point>
				<point>481.000000,187.000000</point>
			</points>
		</object>
		<object>
			<coordinate>pixel</coordinate>
			<type>rectangle</type>
			<description>None</description>
			<possibleresult>
				<name>Small Car</name>
			</possibleresult>
			<points>
				<point>311.000000,318.000000</point>
				<point>290.000000,318.000000</point>
				<point>290.000000,311.000000</point>
				<point>311.000000,311.000000</point>
				<point>311.000000,318.000000</point>
			</points>
		</object>
		<object>
			<coordinate>pixel</coordinate>
			<type>rectangle</type>
			<description>None</description>
			<possibleresult>
				<name>Van</name>
			</possibleresult>
			<points>
				<point>190.000000,511.999939</point>
				<point>165.000000,512.999939</point>
				<point>164.758789,506.969604</point>
				<point>189.758789,505.969604</point>
				<point>190.000000,511.999939</point>
			</points>
		</object>
		<object>
			<coordinate>pixel</coordinate>
			<type>rectangle</type>
			<description>None</description>
			<possibleresult>
				<name>Small Car</name>
			</possibleresult>
			<points>
				<point>572.023315,215.626480</point>
				<point>571.000000,232.000015</point>
				<point>560.976685,231.373550</point>
				<point>562.000000,215.000015</point>
				<point>572.023315,215.626480</point>
			</points>
		</object>
		<object>
			<coordinate>pixel</coordinate>
			<type>rectangle</type>
			<description>None</description>
			<possibleresult>
				<name>Small Car</name>
			</possibleresult>
			<points>
				<point>583.000000,230.000000</point>
				<point>575.000000,230.000000</point>
				<point>575.000000,215.000000</point>
				<point>583.000000,215.000000</point>
				<point>583.000000,230.000000</point>
			</points>
		</object>
		<object>
			<coordinate>pixel</coordinate>
			<type>rectangle</type>
			<description>None</description>
			<possibleresult>
				<name>Dump Truck</name>
			</possibleresult>
			<points>
				<point>607.050354,278.068237</point>
				<point>599.000061,284.000000</point>
				<point>584.949768,264.931763</point>
				<point>593.000061,259.000000</point>
				<point>607.050354,278.068237</point>
			</points>
		</object>
		<object>
			<coordinate>pixel</coordinate>
			<type>rectangle</type>
			<description>None</description>
			<possibleresult>
				<name>Small Car</name>
			</possibleresult>
			<points>
				<point>589.411743,275.647034</point>
				<point>581.835327,282.141174</point>
				<point>568.000000,266.000000</point>
				<point>575.576416,259.505859</point>
				<point>589.411743,275.647034</point>
			</points>
		</object>
		<object>
			<coordinate>pixel</coordinate>
			<type>rectangle</type>
			<description>None</description>
			<possibleresult>
				<name>Van</name>
			</possibleresult>
			<points>
				<point>121.349136,22.982546</point>
				<point>101.000000,24.000002</point>
				<point>100.650879,17.017458</point>
				<point>121.000015,16.000002</point>
				<point>121.349136,22.982546</point>
			</points>
		</object>
		<object>
			<coordinate>pixel</coordinate>
			<type>rectangle</type>
			<description>None</description>
			<possibleresult>
				<name>Van</name>
			</possibleresult>
			<points>
				<point>273.000000,22.000000</point>
				<point>257.000000,22.000000</point>
				<point>257.000000,16.000000</point>
				<point>273.000000,16.000000</point>
				<point>273.000000,22.000000</point>
			</points>
		</object>
		<object>
			<coordinate>pixel</coordinate>
			<type>rectangle</type>
			<description>None</description>
			<possibleresult>
				<name>Van</name>
			</possibleresult>
			<points>
				<point>348.000000,984.000000</point>
				<point>325.000000,984.000000</point>
				<point>325.000000,978.000000</point>
				<point>348.000000,978.000000</point>
				<point>348.000000,984.000000</point>
			</points>
		</object>
		<object>
			<coordinate>pixel</coordinate>
			<type>rectangle</type>
			<description>None</description>
			<possibleresult>
				<name>Dump Truck</name>
			</possibleresult>
			<points>
				<point>377.000000,1000.000000</point>
				<point>366.000000,1000.000000</point>
				<point>366.000000,982.000000</point>
				<point>377.000000,982.000000</point>
				<point>377.000000,1000.000000</point>
			</points>
		</object>
		<object>
			<coordinate>pixel</coordinate>
			<type>rectangle</type>
			<description>None</description>
			<possibleresult>
				<name>Small Car</name>
			</possibleresult>
			<points>
				<point>245.000000,929.000000</point>
				<point>236.000000,929.000000</point>
				<point>236.000000,913.000000</point>
				<point>245.000000,913.000000</point>
				<point>245.000000,929.000000</point>
			</points>
		</object>
		<object>
			<coordinate>pixel</coordinate>
			<type>rectangle</type>
			<description>None</description>
			<possibleresult>
				<name>Small Car</name>
			</possibleresult>
			<points>
				<point>159.999985,861.000000</point>
				<point>150.741531,864.267700</point>
				<point>144.741531,847.267700</point>
				<point>153.999985,844.000000</point>
				<point>159.999985,861.000000</point>
			</points>
		</object>
		<object>
			<coordinate>pixel</coordinate>
			<type>rectangle</type>
			<description>None</description>
			<possibleresult>
				<name>Van</name>
			</possibleresult>
			<points>
				<point>442.000000,920.000000</point>
				<point>412.000000,920.000000</point>
				<point>412.000000,911.000000</point>
				<point>442.000000,911.000000</point>
				<point>442.000000,920.000000</point>
			</points>
		</object>
		<object>
			<coordinate>pixel</coordinate>
			<type>rectangle</type>
			<description>None</description>
			<possibleresult>
				<name>Van</name>
			</possibleresult>
			<points>
				<point>459.000000,930.000000</point>
				<point>449.000000,930.000000</point>
				<point>449.000000,914.000000</point>
				<point>459.000000,914.000000</point>
				<point>459.000000,930.000000</point>
			</points>
		</object>
		<object>
			<coordinate>pixel</coordinate>
			<type>rectangle</type>
			<description>None</description>
			<possibleresult>
				<name>Van</name>
			</possibleresult>
			<points>
				<point>475.000000,936.000000</point>
				<point>465.000000,936.000000</point>
				<point>465.000000,918.000000</point>
				<point>475.000000,918.000000</point>
				<point>475.000000,936.000000</point>
			</points>
		</object>
		<object>
			<coordinate>pixel</coordinate>
			<type>rectangle</type>
			<description>None</description>
			<possibleresult>
				<name>Small Car</name>
			</possibleresult>
			<points>
				<point>462.000000,955.000000</point>
				<point>452.000000,955.000000</point>
				<point>452.000000,936.000000</point>
				<point>462.000000,936.000000</point>
				<point>462.000000,955.000000</point>
			</points>
		</object>
		<object>
			<coordinate>pixel</coordinate>
			<type>rectangle</type>
			<description>None</description>
			<possibleresult>
				<name>Small Car</name>
			</possibleresult>
			<points>
				<point>512.000000,1000.000000</point>
				<point>491.000000,1000.000000</point>
				<point>491.000000,995.000000</point>
				<point>512.000000,995.000000</point>
				<point>512.000000,1000.000000</point>
			</points>
		</object>
		<object>
			<coordinate>pixel</coordinate>
			<type>rectangle</type>
			<description>None</description>
			<possibleresult>
				<name>Small Car</name>
			</possibleresult>
			<points>
				<point>512.000000,992.000000</point>
				<point>492.000000,992.000000</point>
				<point>492.000000,985.000000</point>
				<point>512.000000,985.000000</point>
				<point>512.000000,992.000000</point>
			</points>
		</object>
		<object>
			<coordinate>pixel</coordinate>
			<type>rectangle</type>
			<description>None</description>
			<possibleresult>
				<name>Small Car</name>
			</possibleresult>
			<points>
				<point>576.027588,964.524841</point>
				<point>567.000000,964.999939</point>
				<point>565.972412,945.475037</point>
				<point>575.000000,944.999939</point>
				<point>576.027588,964.524841</point>
			</points>
		</object>
		<object>
			<coordinate>pixel</coordinate>
			<type>rectangle</type>
			<description>None</description>
			<possibleresult>
				<name>Small Car</name>
			</possibleresult>
			<points>
				<point>507.000000,819.000000</point>
				<point>487.000000,819.000000</point>
				<point>487.000000,811.000000</point>
				<point>507.000000,811.000000</point>
				<point>507.000000,819.000000</point>
			</points>
		</object>
		<object>
			<coordinate>pixel</coordinate>
			<type>rectangle</type>
			<description>None</description>
			<possibleresult>
				<name>Dump Truck</name>
			</possibleresult>
			<points>
				<point>763.295898,909.988953</point>
				<point>736.000000,910.999939</point>
				<point>735.704102,903.010925</point>
				<point>763.000000,901.999939</point>
				<point>763.295898,909.988953</point>
			</points>
		</object>
		<object>
			<coordinate>pixel</coordinate>
			<type>rectangle</type>
			<description>None</description>
			<possibleresult>
				<name>Van</name>
			</possibleresult>
			<points>
				<point>934.017761,887.460876</point>
				<point>920.000061,888.000061</point>
				<point>919.000061,862.000061</point>
				<point>933.017761,861.460876</point>
				<point>934.017761,887.460876</point>
			</points>
		</object>
		<object>
			<coordinate>pixel</coordinate>
			<type>rectangle</type>
			<description>None</description>
			<possibleresult>
				<name>Small Car</name>
			</possibleresult>
			<points>
				<point>982.000122,852.000061</point>
				<point>970.053223,852.796570</point>
				<point>969.000122,837.000061</point>
				<point>980.947021,836.203552</point>
				<point>982.000122,852.000061</point>
			</points>
		</object>
		<object>
			<coordinate>pixel</coordinate>
			<type>rectangle</type>
			<description>None</description>
			<possibleresult>
				<name>Small Car</name>
			</possibleresult>
			<points>
				<point>995.000000,855.000000</point>
				<point>982.000000,855.000000</point>
				<point>982.000000,837.000000</point>
				<point>995.000000,837.000000</point>
				<point>995.000000,855.000000</point>
			</points>
		</object>
		<object>
			<coordinate>pixel</coordinate>
			<type>rectangle</type>
			<description>None</description>
			<possibleresult>
				<name>Van</name>
			</possibleresult>
			<points>
				<point>999.999756,853.999268</point>
				<point>998.978027,838.668213</point>
				<point>1000.000000,838.600098</point>
				<point>1001.021729,853.931152</point>
				<point>999.999756,853.999268</point>
			</points>
		</object>
		<object>
			<coordinate>pixel</coordinate>
			<type>rectangle</type>
			<description>None</description>
			<possibleresult>
				<name>Van</name>
			</possibleresult>
			<points>
				<point>1000.000000,794.000000</point>
				<point>993.000000,794.000000</point>
				<point>993.000000,786.000000</point>
				<point>1000.000000,786.000000</point>
				<point>1000.000000,794.000000</point>
			</points>
		</object>
		<object>
			<coordinate>pixel</coordinate>
			<type>rectangle</type>
			<description>None</description>
			<possibleresult>
				<name>Van</name>
			</possibleresult>
			<points>
				<point>1000.000000,784.000000</point>
				<point>994.000000,784.000000</point>
				<point>994.000000,778.000000</point>
				<point>1000.000000,778.000000</point>
				<point>1000.000000,784.000000</point>
			</points>
		</object>
		<object>
			<coordinate>pixel</coordinate>
			<type>rectangle</type>
			<description>None</description>
			<possibleresult>
				<name>Van</name>
			</possibleresult>
			<points>
				<point>1000.000000,775.000000</point>
				<point>994.000000,775.000000</point>
				<point>994.000000,768.000000</point>
				<point>1000.000000,768.000000</point>
				<point>1000.000000,775.000000</point>
			</points>
		</object>
		<object>
			<coordinate>pixel</coordinate>
			<type>rectangle</type>
			<description>None</description>
			<possibleresult>
				<name>Van</name>
			</possibleresult>
			<points>
				<point>1000.000000,765.000000</point>
				<point>993.000000,765.000000</point>
				<point>993.000000,758.000000</point>
				<point>1000.000000,758.000000</point>
				<point>1000.000000,765.000000</point>
			</points>
		</object>
		<object>
			<coordinate>pixel</coordinate>
			<type>rectangle</type>
			<description>None</description>
			<possibleresult>
				<name>Small Car</name>
			</possibleresult>
			<points>
				<point>1000.000000,757.000000</point>
				<point>993.000000,757.000000</point>
				<point>993.000000,750.000000</point>
				<point>1000.000000,750.000000</point>
				<point>1000.000000,757.000000</point>
			</points>
		</object>
		<object>
			<coordinate>pixel</coordinate>
			<type>rectangle</type>
			<description>None</description>
			<possibleresult>
				<name>Van</name>
			</possibleresult>
			<points>
				<point>1000.000000,738.000000</point>
				<point>991.000000,738.000000</point>
				<point>991.000000,730.000000</point>
				<point>1000.000000,730.000000</point>
				<point>1000.000000,738.000000</point>
			</points>
		</object>
		<object>
			<coordinate>pixel</coordinate>
			<type>rectangle</type>
			<description>None</description>
			<possibleresult>
				<name>Van</name>
			</possibleresult>
			<points>
				<point>992.000000,728.999939</point>
				<point>991.680420,721.969055</point>
				<point>1000.000000,721.590881</point>
				<point>1000.319580,728.621765</point>
				<point>992.000000,728.999939</point>
			</points>
		</object>
		<object>
			<coordinate>pixel</coordinate>
			<type>rectangle</type>
			<description>None</description>
			<possibleresult>
				<name>Van</name>
			</possibleresult>
			<points>
				<point>1000.000000,721.000000</point>
				<point>991.000000,721.000000</point>
				<point>991.000000,713.000000</point>
				<point>1000.000000,713.000000</point>
				<point>1000.000000,721.000000</point>
			</points>
		</object>
		<object>
			<coordinate>pixel</coordinate>
			<type>rectangle</type>
			<description>None</description>
			<possibleresult>
				<name>Van</name>
			</possibleresult>
			<points>
				<point>688.088318,317.852936</point>
				<point>679.000061,332.999969</point>
				<point>670.911804,328.147003</point>
				<point>680.000061,312.999969</point>
				<point>688.088318,317.852936</point>
			</points>
		</object>
		<object>
			<coordinate>pixel</coordinate>
			<type>rectangle</type>
			<description>None</description>
			<possibleresult>
				<name>Van</name>
			</possibleresult>
			<points>
				<point>876.000000,24.000000</point>
				<point>855.000000,24.000000</point>
				<point>855.000000,16.000000</point>
				<point>876.000000,16.000000</point>
				<point>876.000000,24.000000</point>
			</points>
		</object>
	</objects>
</annotation>