<?xml version="1.0" encoding="utf-8"?>
<annotation>
	<source>
		<filename>1060.tif</filename>
		<origin>GF2/GF3</origin>
	</source>
	<research>
		<version>1.0</version>
		<provider>FAIR1M</provider>
		<author>Cyber</author>
		<pluginname>FAIR1M</pluginname>
		<pluginclass>object detection</pluginclass>
		<time>2021-03</time>
	</research>
	<size>
		<width>1500</width>
		<height>1500</height>
		<depth>3</depth>
	</size>
	<objects>
		<object>
			<coordinate>pixel</coordinate>
			<type>rectangle</type>
			<description>None</description>
			<possibleresult>
				<name>Dry Cargo Ship</name>
			</possibleresult>
			<points>
				<point>135.000000,1337.000000</point>
				<point>529.000000,1205.000000</point>
				<point>511.000000,1150.000000</point>
				<point>116.000000,1281.000000</point>
				<point>135.000000,1337.000000</point>
			</points>
		</object>
		<object>
			<coordinate>pixel</coordinate>
			<type>rectangle</type>
			<description>None</description>
			<possibleresult>
				<name>Dry Cargo Ship</name>
			</possibleresult>
			<points>
				<point>1027.000000,975.000000</point>
				<point>672.000000,1094.000000</point>
				<point>689.000000,1146.000000</point>
				<point>1044.000000,1027.000000</point>
				<point>1027.000000,975.000000</point>
			</points>
		</object>
	</objects>
</annotation>