<?xml version="1.0" encoding="utf-8"?>
<annotation>
	<source>
		<filename>1064.tif</filename>
		<origin>GF2/GF3</origin>
	</source>
	<research>
		<version>1.0</version>
		<provider>FAIR1M</provider>
		<author>Cyber</author>
		<pluginname>FAIR1M</pluginname>
		<pluginclass>object detection</pluginclass>
		<time>2021-03</time>
	</research>
	<size>
		<width>1000</width>
		<height>1000</height>
		<depth>3</depth>
	</size>
	<objects>
		<object>
			<coordinate>pixel</coordinate>
			<type>rectangle</type>
			<description>None</description>
			<possibleresult>
				<name>Dump Truck</name>
			</possibleresult>
			<points>
				<point>861.192261,850.038513</point>
				<point>860.000000,856.000061</point>
				<point>839.807739,851.961609</point>
				<point>841.000000,846.000061</point>
				<point>861.192261,850.038513</point>
			</points>
		</object>
		<object>
			<coordinate>pixel</coordinate>
			<type>rectangle</type>
			<description>None</description>
			<possibleresult>
				<name>Dump Truck</name>
			</possibleresult>
			<points>
				<point>892.000122,855.000061</point>
				<point>891.157837,862.018982</point>
				<point>866.000122,859.000061</point>
				<point>866.842407,851.981140</point>
				<point>892.000122,855.000061</point>
			</points>
		</object>
		<object>
			<coordinate>pixel</coordinate>
			<type>rectangle</type>
			<description>None</description>
			<possibleresult>
				<name>Small Car</name>
			</possibleresult>
			<points>
				<point>378.999969,854.000000</point>
				<point>377.423492,861.094116</point>
				<point>359.423492,857.094116</point>
				<point>360.999969,850.000000</point>
				<point>378.999969,854.000000</point>
			</points>
		</object>
		<object>
			<coordinate>pixel</coordinate>
			<type>rectangle</type>
			<description>None</description>
			<possibleresult>
				<name>Small Car</name>
			</possibleresult>
			<points>
				<point>372.423065,871.884644</point>
				<point>370.999969,879.000000</point>
				<point>350.999969,875.000000</point>
				<point>352.423065,867.884644</point>
				<point>372.423065,871.884644</point>
			</points>
		</object>
		<object>
			<coordinate>pixel</coordinate>
			<type>rectangle</type>
			<description>None</description>
			<possibleresult>
				<name>Small Car</name>
			</possibleresult>
			<points>
				<point>369.000061,881.000000</point>
				<point>367.648682,889.108154</point>
				<point>349.648682,886.108154</point>
				<point>351.000061,878.000000</point>
				<point>369.000061,881.000000</point>
			</points>
		</object>
		<object>
			<coordinate>pixel</coordinate>
			<type>rectangle</type>
			<description>None</description>
			<possibleresult>
				<name>Small Car</name>
			</possibleresult>
			<points>
				<point>366.000000,891.000000</point>
				<point>365.364380,897.038330</point>
				<point>346.000000,895.000000</point>
				<point>346.635620,888.961670</point>
				<point>366.000000,891.000000</point>
			</points>
		</object>
		<object>
			<coordinate>pixel</coordinate>
			<type>rectangle</type>
			<description>None</description>
			<possibleresult>
				<name>Small Car</name>
			</possibleresult>
			<points>
				<point>363.135193,899.189209</point>
				<point>362.135193,905.189209</point>
				<point>343.000061,902.000000</point>
				<point>344.000061,896.000000</point>
				<point>363.135193,899.189209</point>
			</points>
		</object>
		<object>
			<coordinate>pixel</coordinate>
			<type>rectangle</type>
			<description>None</description>
			<possibleresult>
				<name>Dump Truck</name>
			</possibleresult>
			<points>
				<point>365.000061,910.000122</point>
				<point>363.000061,918.000122</point>
				<point>339.941223,912.235474</point>
				<point>341.941223,904.235474</point>
				<point>365.000061,910.000122</point>
			</points>
		</object>
		<object>
			<coordinate>pixel</coordinate>
			<type>rectangle</type>
			<description>None</description>
			<possibleresult>
				<name>Small Car</name>
			</possibleresult>
			<points>
				<point>347.999969,954.999878</point>
				<point>346.999969,961.999878</point>
				<point>325.859955,958.979858</point>
				<point>326.859955,951.979858</point>
				<point>347.999969,954.999878</point>
			</points>
		</object>
		<object>
			<coordinate>pixel</coordinate>
			<type>rectangle</type>
			<description>None</description>
			<possibleresult>
				<name>Van</name>
			</possibleresult>
			<points>
				<point>348.192322,945.038513</point>
				<point>347.000000,951.000061</point>
				<point>331.807678,947.961609</point>
				<point>333.000000,942.000061</point>
				<point>348.192322,945.038513</point>
			</points>
		</object>
		<object>
			<coordinate>pixel</coordinate>
			<type>rectangle</type>
			<description>None</description>
			<possibleresult>
				<name>Van</name>
			</possibleresult>
			<points>
				<point>343.162201,964.027039</point>
				<point>342.000031,971.000061</point>
				<point>323.837860,967.973083</point>
				<point>325.000031,961.000061</point>
				<point>343.162201,964.027039</point>
			</points>
		</object>
		<object>
			<coordinate>pixel</coordinate>
			<type>rectangle</type>
			<description>None</description>
			<possibleresult>
				<name>Van</name>
			</possibleresult>
			<points>
				<point>339.709900,972.965759</point>
				<point>339.000000,978.999939</point>
				<point>322.000000,976.999939</point>
				<point>322.709900,970.965759</point>
				<point>339.709900,972.965759</point>
			</points>
		</object>
		<object>
			<coordinate>pixel</coordinate>
			<type>rectangle</type>
			<description>None</description>
			<possibleresult>
				<name>Small Car</name>
			</possibleresult>
			<points>
				<point>341.000000,981.999939</point>
				<point>340.000000,988.999939</point>
				<point>318.859985,985.979919</point>
				<point>319.859985,978.979919</point>
				<point>341.000000,981.999939</point>
			</points>
		</object>
		<object>
			<coordinate>pixel</coordinate>
			<type>rectangle</type>
			<description>None</description>
			<possibleresult>
				<name>Dump Truck</name>
			</possibleresult>
			<points>
				<point>338.210968,990.036621</point>
				<point>336.999969,996.999878</point>
				<point>313.788971,992.963135</point>
				<point>314.999969,985.999878</point>
				<point>338.210968,990.036621</point>
			</points>
		</object>
		<object>
			<coordinate>pixel</coordinate>
			<type>rectangle</type>
			<description>None</description>
			<possibleresult>
				<name>Dump Truck</name>
			</possibleresult>
			<points>
				<point>199.000015,987.000122</point>
				<point>198.248276,996.020874</point>
				<point>173.999985,994.000122</point>
				<point>174.751724,984.979370</point>
				<point>199.000015,987.000122</point>
			</points>
		</object>
		<object>
			<coordinate>pixel</coordinate>
			<type>rectangle</type>
			<description>None</description>
			<possibleresult>
				<name>Van</name>
			</possibleresult>
			<points>
				<point>174.102692,984.016296</point>
				<point>173.000000,991.000061</point>
				<point>153.897308,987.983826</point>
				<point>155.000000,981.000061</point>
				<point>174.102692,984.016296</point>
			</points>
		</object>
		<object>
			<coordinate>pixel</coordinate>
			<type>rectangle</type>
			<description>None</description>
			<possibleresult>
				<name>Van</name>
			</possibleresult>
			<points>
				<point>163.999527,1000.000000</point>
				<point>151.837830,997.973083</point>
				<point>153.000000,991.000061</point>
				<point>171.162170,994.027039</point>
				<point>163.999527,1000.000000</point>
			</points>
		</object>
		<object>
			<coordinate>pixel</coordinate>
			<type>rectangle</type>
			<description>None</description>
			<possibleresult>
				<name>Van</name>
			</possibleresult>
			<points>
				<point>280.000031,998.000061</point>
				<point>279.684235,1000.000000</point>
				<point>260.157928,1000.000000</point>
				<point>260.948700,994.992004</point>
				<point>280.000031,998.000061</point>
			</points>
		</object>
		<object>
			<coordinate>pixel</coordinate>
			<type>rectangle</type>
			<description>None</description>
			<possibleresult>
				<name>Van</name>
			</possibleresult>
			<points>
				<point>279.057068,988.010071</point>
				<point>278.000000,994.000061</point>
				<point>260.942932,990.990051</point>
				<point>262.000000,985.000061</point>
				<point>279.057068,988.010071</point>
			</points>
		</object>
		<object>
			<coordinate>pixel</coordinate>
			<type>rectangle</type>
			<description>None</description>
			<possibleresult>
				<name>Small Car</name>
			</possibleresult>
			<points>
				<point>300.384674,924.076904</point>
				<point>299.000031,931.000000</point>
				<point>278.615387,926.923096</point>
				<point>280.000031,920.000000</point>
				<point>300.384674,924.076904</point>
			</points>
		</object>
		<object>
			<coordinate>pixel</coordinate>
			<type>rectangle</type>
			<description>None</description>
			<possibleresult>
				<name>Van</name>
			</possibleresult>
			<points>
				<point>299.296051,932.871948</point>
				<point>298.000031,940.000000</point>
				<point>276.000031,936.000000</point>
				<point>277.296051,928.871948</point>
				<point>299.296051,932.871948</point>
			</points>
		</object>
		<object>
			<coordinate>pixel</coordinate>
			<type>rectangle</type>
			<description>None</description>
			<possibleresult>
				<name>Van</name>
			</possibleresult>
			<points>
				<point>289.000000,961.000000</point>
				<point>288.051331,967.008057</point>
				<point>269.000000,964.000000</point>
				<point>269.948669,957.991943</point>
				<point>289.000000,961.000000</point>
			</points>
		</object>
		<object>
			<coordinate>pixel</coordinate>
			<type>rectangle</type>
			<description>None</description>
			<possibleresult>
				<name>Van</name>
			</possibleresult>
			<points>
				<point>267.273041,964.043762</point>
				<point>266.000031,972.000061</point>
				<point>240.727020,967.956360</point>
				<point>242.000031,960.000061</point>
				<point>267.273041,964.043762</point>
			</points>
		</object>
		<object>
			<coordinate>pixel</coordinate>
			<type>rectangle</type>
			<description>None</description>
			<possibleresult>
				<name>Small Car</name>
			</possibleresult>
			<points>
				<point>272.000000,929.000000</point>
				<point>271.000000,935.000000</point>
				<point>253.000000,932.000000</point>
				<point>254.000000,926.000000</point>
				<point>272.000000,929.000000</point>
			</points>
		</object>
		<object>
			<coordinate>pixel</coordinate>
			<type>rectangle</type>
			<description>None</description>
			<possibleresult>
				<name>Small Car</name>
			</possibleresult>
			<points>
				<point>282.000061,902.000000</point>
				<point>281.051392,908.008057</point>
				<point>262.000061,905.000000</point>
				<point>262.948730,898.991943</point>
				<point>282.000061,902.000000</point>
			</points>
		</object>
		<object>
			<coordinate>pixel</coordinate>
			<type>rectangle</type>
			<description>None</description>
			<possibleresult>
				<name>Van</name>
			</possibleresult>
			<points>
				<point>329.000031,836.000122</point>
				<point>327.147675,843.038940</point>
				<point>308.000031,838.000122</point>
				<point>309.852386,830.961304</point>
				<point>329.000031,836.000122</point>
			</points>
		</object>
		<object>
			<coordinate>pixel</coordinate>
			<type>rectangle</type>
			<description>None</description>
			<possibleresult>
				<name>Van</name>
			</possibleresult>
			<points>
				<point>319.000000,870.999939</point>
				<point>317.979980,878.139954</point>
				<point>296.979980,875.139954</point>
				<point>298.000000,867.999939</point>
				<point>319.000000,870.999939</point>
			</points>
		</object>
		<object>
			<coordinate>pixel</coordinate>
			<type>rectangle</type>
			<description>None</description>
			<possibleresult>
				<name>Van</name>
			</possibleresult>
			<points>
				<point>303.000031,831.000000</point>
				<point>302.097809,837.014648</point>
				<point>282.000031,834.000000</point>
				<point>282.902252,827.985352</point>
				<point>303.000031,831.000000</point>
			</points>
		</object>
		<object>
			<coordinate>pixel</coordinate>
			<type>rectangle</type>
			<description>None</description>
			<possibleresult>
				<name>Football Field</name>
			</possibleresult>
			<points>
				<point>465.000000,155.000000</point>
				<point>0.000000,155.000000</point>
				<point>0.000000,0.000000</point>
				<point>465.000000,0.000000</point>
				<point>465.000000,155.000000</point>
			</points>
		</object>
		<object>
			<coordinate>pixel</coordinate>
			<type>rectangle</type>
			<description>None</description>
			<possibleresult>
				<name>Baseball Field</name>
			</possibleresult>
			<points>
				<point>478.000000,366.000000</point>
				<point>441.000000,512.000000</point>
				<point>261.848328,466.598511</point>
				<point>298.848328,320.598511</point>
				<point>478.000000,366.000000</point>
			</points>
		</object>
		<object>
			<coordinate>pixel</coordinate>
			<type>rectangle</type>
			<description>None</description>
			<possibleresult>
				<name>Baseball Field</name>
			</possibleresult>
			<points>
				<point>921.000000,552.000000</point>
				<point>894.391602,660.096436</point>
				<point>764.000000,628.000000</point>
				<point>790.608398,519.903564</point>
				<point>921.000000,552.000000</point>
			</points>
		</object>
		<object>
			<coordinate>pixel</coordinate>
			<type>rectangle</type>
			<description>None</description>
			<possibleresult>
				<name>Van</name>
			</possibleresult>
			<points>
				<point>352.000000,937.000000</point>
				<point>350.334412,944.078735</point>
				<point>333.000000,940.000000</point>
				<point>334.665588,932.921265</point>
				<point>352.000000,937.000000</point>
			</points>
		</object>
	</objects>
</annotation>