<?xml version="1.0" encoding="utf-8"?>
<annotation>
	<source>
		<filename>1065.tif</filename>
		<origin>GF2/GF3</origin>
	</source>
	<research>
		<version>1.0</version>
		<provider>FAIR1M</provider>
		<author>Cyber</author>
		<pluginname>FAIR1M</pluginname>
		<pluginclass>object detection</pluginclass>
		<time>2021-03</time>
	</research>
	<size>
		<width>1000</width>
		<height>1000</height>
		<depth>3</depth>
	</size>
	<objects>
		<object>
			<coordinate>pixel</coordinate>
			<type>rectangle</type>
			<description>None</description>
			<possibleresult>
				<name>Van</name>
			</possibleresult>
			<points>
				<point>24.018559,205.408249</point>
				<point>11.000001,206.000015</point>
				<point>9.981442,183.591751</point>
				<point>23.000000,182.999985</point>
				<point>24.018559,205.408249</point>
			</points>
		</object>
		<object>
			<coordinate>pixel</coordinate>
			<type>rectangle</type>
			<description>None</description>
			<possibleresult>
				<name>Small Car</name>
			</possibleresult>
			<points>
				<point>37.024940,205.498749</point>
				<point>27.000002,206.000000</point>
				<point>26.000002,186.000000</point>
				<point>36.024940,185.498749</point>
				<point>37.024940,205.498749</point>
			</points>
		</object>
		<object>
			<coordinate>pixel</coordinate>
			<type>rectangle</type>
			<description>None</description>
			<possibleresult>
				<name>Van</name>
			</possibleresult>
			<points>
				<point>56.000000,206.000000</point>
				<point>46.000000,206.000000</point>
				<point>46.000000,189.000000</point>
				<point>56.000000,189.000000</point>
				<point>56.000000,206.000000</point>
			</points>
		</object>
		<object>
			<coordinate>pixel</coordinate>
			<type>rectangle</type>
			<description>None</description>
			<possibleresult>
				<name>Small Car</name>
			</possibleresult>
			<points>
				<point>52.000000,250.000000</point>
				<point>27.000000,250.000000</point>
				<point>27.000000,241.000000</point>
				<point>52.000000,241.000000</point>
				<point>52.000000,250.000000</point>
			</points>
		</object>
		<object>
			<coordinate>pixel</coordinate>
			<type>rectangle</type>
			<description>None</description>
			<possibleresult>
				<name>Van</name>
			</possibleresult>
			<points>
				<point>147.000000,250.000000</point>
				<point>125.000000,250.000000</point>
				<point>125.000000,242.000000</point>
				<point>147.000000,242.000000</point>
				<point>147.000000,250.000000</point>
			</points>
		</object>
		<object>
			<coordinate>pixel</coordinate>
			<type>rectangle</type>
			<description>None</description>
			<possibleresult>
				<name>Small Car</name>
			</possibleresult>
			<points>
				<point>151.000000,72.000000</point>
				<point>134.000000,72.000000</point>
				<point>134.000000,64.000000</point>
				<point>151.000000,64.000000</point>
				<point>151.000000,72.000000</point>
			</points>
		</object>
		<object>
			<coordinate>pixel</coordinate>
			<type>rectangle</type>
			<description>None</description>
			<possibleresult>
				<name>Small Car</name>
			</possibleresult>
			<points>
				<point>220.000000,10.000000</point>
				<point>210.000000,10.000000</point>
				<point>210.000000,0.000000</point>
				<point>220.000000,0.000000</point>
				<point>220.000000,10.000000</point>
			</points>
		</object>
		<object>
			<coordinate>pixel</coordinate>
			<type>rectangle</type>
			<description>None</description>
			<possibleresult>
				<name>Small Car</name>
			</possibleresult>
			<points>
				<point>215.403656,37.321098</point>
				<point>202.403656,44.321098</point>
				<point>199.000000,38.000000</point>
				<point>212.000000,31.000000</point>
				<point>215.403656,37.321098</point>
			</points>
		</object>
		<object>
			<coordinate>pixel</coordinate>
			<type>rectangle</type>
			<description>None</description>
			<possibleresult>
				<name>Van</name>
			</possibleresult>
			<points>
				<point>266.000000,82.999992</point>
				<point>265.707092,90.029457</point>
				<point>241.707092,89.029457</point>
				<point>242.000000,81.999992</point>
				<point>266.000000,82.999992</point>
			</points>
		</object>
		<object>
			<coordinate>pixel</coordinate>
			<type>rectangle</type>
			<description>None</description>
			<possibleresult>
				<name>Intersection</name>
			</possibleresult>
			<points>
				<point>225.000000,258.000000</point>
				<point>166.758698,259.004150</point>
				<point>166.000000,215.000000</point>
				<point>224.241302,213.995850</point>
				<point>225.000000,258.000000</point>
			</points>
		</object>
		<object>
			<coordinate>pixel</coordinate>
			<type>rectangle</type>
			<description>None</description>
			<possibleresult>
				<name>Van</name>
			</possibleresult>
			<points>
				<point>332.000000,251.000000</point>
				<point>306.000000,251.000000</point>
				<point>306.000000,240.000000</point>
				<point>332.000000,240.000000</point>
				<point>332.000000,251.000000</point>
			</points>
		</object>
		<object>
			<coordinate>pixel</coordinate>
			<type>rectangle</type>
			<description>None</description>
			<possibleresult>
				<name>Van</name>
			</possibleresult>
			<points>
				<point>421.000000,192.000000</point>
				<point>412.000000,192.000000</point>
				<point>412.000000,177.000000</point>
				<point>421.000000,177.000000</point>
				<point>421.000000,192.000000</point>
			</points>
		</object>
		<object>
			<coordinate>pixel</coordinate>
			<type>rectangle</type>
			<description>None</description>
			<possibleresult>
				<name>Cargo Truck</name>
			</possibleresult>
			<points>
				<point>524.000000,253.000000</point>
				<point>496.000000,253.000000</point>
				<point>496.000000,244.000000</point>
				<point>524.000000,244.000000</point>
				<point>524.000000,253.000000</point>
			</points>
		</object>
		<object>
			<coordinate>pixel</coordinate>
			<type>rectangle</type>
			<description>None</description>
			<possibleresult>
				<name>Dump Truck</name>
			</possibleresult>
			<points>
				<point>583.000061,190.000000</point>
				<point>571.015320,190.428040</point>
				<point>570.000061,162.000031</point>
				<point>581.984802,161.571991</point>
				<point>583.000061,190.000000</point>
			</points>
		</object>
		<object>
			<coordinate>pixel</coordinate>
			<type>rectangle</type>
			<description>None</description>
			<possibleresult>
				<name>Small Car</name>
			</possibleresult>
			<points>
				<point>625.031006,137.527588</point>
				<point>617.000000,138.000000</point>
				<point>616.000000,121.000000</point>
				<point>624.031006,120.527588</point>
				<point>625.031006,137.527588</point>
			</points>
		</object>
		<object>
			<coordinate>pixel</coordinate>
			<type>rectangle</type>
			<description>None</description>
			<possibleresult>
				<name>Small Car</name>
			</possibleresult>
			<points>
				<point>583.000061,43.000000</point>
				<point>572.975159,43.501244</point>
				<point>571.975159,23.501245</point>
				<point>582.000061,23.000000</point>
				<point>583.000061,43.000000</point>
			</points>
		</object>
		<object>
			<coordinate>pixel</coordinate>
			<type>rectangle</type>
			<description>None</description>
			<possibleresult>
				<name>Van</name>
			</possibleresult>
			<points>
				<point>624.000000,47.000000</point>
				<point>613.000000,47.000000</point>
				<point>613.000000,28.000000</point>
				<point>624.000000,28.000000</point>
				<point>624.000000,47.000000</point>
			</points>
		</object>
		<object>
			<coordinate>pixel</coordinate>
			<type>rectangle</type>
			<description>None</description>
			<possibleresult>
				<name>Small Car</name>
			</possibleresult>
			<points>
				<point>625.000000,67.000000</point>
				<point>614.000000,67.000000</point>
				<point>614.000000,48.000000</point>
				<point>625.000000,48.000000</point>
				<point>625.000000,67.000000</point>
			</points>
		</object>
		<object>
			<coordinate>pixel</coordinate>
			<type>rectangle</type>
			<description>None</description>
			<possibleresult>
				<name>Intersection</name>
			</possibleresult>
			<points>
				<point>627.621094,258.013062</point>
				<point>569.621094,260.013062</point>
				<point>568.000000,212.999985</point>
				<point>626.000000,210.999969</point>
				<point>627.621094,258.013062</point>
			</points>
		</object>
		<object>
			<coordinate>pixel</coordinate>
			<type>rectangle</type>
			<description>None</description>
			<possibleresult>
				<name>Small Car</name>
			</possibleresult>
			<points>
				<point>766.000000,187.000000</point>
				<point>755.000000,187.000000</point>
				<point>755.000000,164.000000</point>
				<point>766.000000,164.000000</point>
				<point>766.000000,187.000000</point>
			</points>
		</object>
		<object>
			<coordinate>pixel</coordinate>
			<type>rectangle</type>
			<description>None</description>
			<possibleresult>
				<name>Van</name>
			</possibleresult>
			<points>
				<point>991.000000,31.000015</point>
				<point>981.000000,32.000015</point>
				<point>979.395996,15.960411</point>
				<point>989.395996,14.960411</point>
				<point>991.000000,31.000015</point>
			</points>
		</object>
		<object>
			<coordinate>pixel</coordinate>
			<type>rectangle</type>
			<description>None</description>
			<possibleresult>
				<name>Small Car</name>
			</possibleresult>
			<points>
				<point>932.000000,253.000000</point>
				<point>909.274170,254.032990</point>
				<point>909.000000,248.000000</point>
				<point>931.725830,246.967010</point>
				<point>932.000000,253.000000</point>
			</points>
		</object>
		<object>
			<coordinate>pixel</coordinate>
			<type>rectangle</type>
			<description>None</description>
			<possibleresult>
				<name>Intersection</name>
			</possibleresult>
			<points>
				<point>1000.000000,256.857147</point>
				<point>972.000000,254.000000</point>
				<point>975.979858,214.997955</point>
				<point>1003.979858,217.855103</point>
				<point>1000.000000,256.857147</point>
			</points>
		</object>
		<object>
			<coordinate>pixel</coordinate>
			<type>rectangle</type>
			<description>None</description>
			<possibleresult>
				<name>Van</name>
			</possibleresult>
			<points>
				<point>111.000000,581.000000</point>
				<point>90.000000,581.000000</point>
				<point>90.000000,574.000000</point>
				<point>111.000000,574.000000</point>
				<point>111.000000,581.000000</point>
			</points>
		</object>
		<object>
			<coordinate>pixel</coordinate>
			<type>rectangle</type>
			<description>None</description>
			<possibleresult>
				<name>Small Car</name>
			</possibleresult>
			<points>
				<point>150.000000,535.000000</point>
				<point>128.000000,535.000000</point>
				<point>128.000000,527.000000</point>
				<point>150.000000,527.000000</point>
				<point>150.000000,535.000000</point>
			</points>
		</object>
		<object>
			<coordinate>pixel</coordinate>
			<type>rectangle</type>
			<description>None</description>
			<possibleresult>
				<name>Van</name>
			</possibleresult>
			<points>
				<point>150.000000,512.000000</point>
				<point>126.000000,512.000000</point>
				<point>126.000000,504.000000</point>
				<point>150.000000,504.000000</point>
				<point>150.000000,512.000000</point>
			</points>
		</object>
		<object>
			<coordinate>pixel</coordinate>
			<type>rectangle</type>
			<description>None</description>
			<possibleresult>
				<name>Van</name>
			</possibleresult>
			<points>
				<point>152.000000,501.000000</point>
				<point>128.000000,501.000000</point>
				<point>128.000000,494.000000</point>
				<point>152.000000,494.000000</point>
				<point>152.000000,501.000000</point>
			</points>
		</object>
		<object>
			<coordinate>pixel</coordinate>
			<type>rectangle</type>
			<description>None</description>
			<possibleresult>
				<name>Cargo Truck</name>
			</possibleresult>
			<points>
				<point>271.000000,401.000000</point>
				<point>251.000000,403.000000</point>
				<point>250.405945,397.059387</point>
				<point>270.405945,395.059387</point>
				<point>271.000000,401.000000</point>
			</points>
		</object>
		<object>
			<coordinate>pixel</coordinate>
			<type>rectangle</type>
			<description>None</description>
			<possibleresult>
				<name>Van</name>
			</possibleresult>
			<points>
				<point>274.000031,584.000000</point>
				<point>251.274261,585.032959</point>
				<point>251.000031,579.000000</point>
				<point>273.725800,577.967041</point>
				<point>274.000031,584.000000</point>
			</points>
		</object>
		<object>
			<coordinate>pixel</coordinate>
			<type>rectangle</type>
			<description>None</description>
			<possibleresult>
				<name>Small Car</name>
			</possibleresult>
			<points>
				<point>307.370148,789.966858</point>
				<point>306.999969,797.000061</point>
				<point>287.999969,796.000061</point>
				<point>288.370148,788.966858</point>
				<point>307.370148,789.966858</point>
			</points>
		</object>
		<object>
			<coordinate>pixel</coordinate>
			<type>rectangle</type>
			<description>None</description>
			<possibleresult>
				<name>Van</name>
			</possibleresult>
			<points>
				<point>581.000000,320.000000</point>
				<point>580.000000,340.000000</point>
				<point>570.972534,339.548645</point>
				<point>571.972534,319.548645</point>
				<point>581.000000,320.000000</point>
			</points>
		</object>
		<object>
			<coordinate>pixel</coordinate>
			<type>rectangle</type>
			<description>None</description>
			<possibleresult>
				<name>Van</name>
			</possibleresult>
			<points>
				<point>582.000000,381.000000</point>
				<point>570.000000,381.000000</point>
				<point>570.000000,361.000000</point>
				<point>582.000000,361.000000</point>
				<point>582.000000,381.000000</point>
			</points>
		</object>
		<object>
			<coordinate>pixel</coordinate>
			<type>rectangle</type>
			<description>None</description>
			<possibleresult>
				<name>Van</name>
			</possibleresult>
			<points>
				<point>595.000000,370.000031</point>
				<point>593.972534,390.548676</point>
				<point>583.000000,390.000031</point>
				<point>584.027466,369.451385</point>
				<point>595.000000,370.000031</point>
			</points>
		</object>
		<object>
			<coordinate>pixel</coordinate>
			<type>rectangle</type>
			<description>None</description>
			<possibleresult>
				<name>Small Car</name>
			</possibleresult>
			<points>
				<point>620.000000,389.000000</point>
				<point>609.000000,389.000000</point>
				<point>609.000000,369.000000</point>
				<point>620.000000,369.000000</point>
				<point>620.000000,389.000000</point>
			</points>
		</object>
		<object>
			<coordinate>pixel</coordinate>
			<type>rectangle</type>
			<description>None</description>
			<possibleresult>
				<name>Dump Truck</name>
			</possibleresult>
			<points>
				<point>581.000000,415.000000</point>
				<point>571.000000,415.000000</point>
				<point>571.000000,394.000000</point>
				<point>581.000000,394.000000</point>
				<point>581.000000,415.000000</point>
			</points>
		</object>
		<object>
			<coordinate>pixel</coordinate>
			<type>rectangle</type>
			<description>None</description>
			<possibleresult>
				<name>Van</name>
			</possibleresult>
			<points>
				<point>621.000000,427.000000</point>
				<point>611.000000,427.000000</point>
				<point>611.000000,411.000000</point>
				<point>621.000000,411.000000</point>
				<point>621.000000,427.000000</point>
			</points>
		</object>
		<object>
			<coordinate>pixel</coordinate>
			<type>rectangle</type>
			<description>None</description>
			<possibleresult>
				<name>Small Car</name>
			</possibleresult>
			<points>
				<point>580.990112,436.901001</point>
				<point>570.990112,437.901001</point>
				<point>569.000000,418.000000</point>
				<point>579.000000,417.000000</point>
				<point>580.990112,436.901001</point>
			</points>
		</object>
		<object>
			<coordinate>pixel</coordinate>
			<type>rectangle</type>
			<description>None</description>
			<possibleresult>
				<name>Small Car</name>
			</possibleresult>
			<points>
				<point>565.264465,385.992249</point>
				<point>530.999939,387.000000</point>
				<point>530.735413,378.007751</point>
				<point>564.999939,377.000000</point>
				<point>565.264465,385.992249</point>
			</points>
		</object>
		<object>
			<coordinate>pixel</coordinate>
			<type>rectangle</type>
			<description>None</description>
			<possibleresult>
				<name>Small Car</name>
			</possibleresult>
			<points>
				<point>551.000000,462.000031</point>
				<point>524.347168,463.025116</point>
				<point>524.000000,454.000031</point>
				<point>550.652832,452.974945</point>
				<point>551.000000,462.000031</point>
			</points>
		</object>
		<object>
			<coordinate>pixel</coordinate>
			<type>rectangle</type>
			<description>None</description>
			<possibleresult>
				<name>Small Car</name>
			</possibleresult>
			<points>
				<point>580.000000,572.000061</point>
				<point>568.977905,572.580139</point>
				<point>567.977905,553.580139</point>
				<point>579.000000,553.000061</point>
				<point>580.000000,572.000061</point>
			</points>
		</object>
		<object>
			<coordinate>pixel</coordinate>
			<type>rectangle</type>
			<description>None</description>
			<possibleresult>
				<name>Dump Truck</name>
			</possibleresult>
			<points>
				<point>891.332886,798.987732</point>
				<point>864.332886,799.987732</point>
				<point>864.000000,791.000061</point>
				<point>891.000000,790.000061</point>
				<point>891.332886,798.987732</point>
			</points>
		</object>
		<object>
			<coordinate>pixel</coordinate>
			<type>rectangle</type>
			<description>None</description>
			<possibleresult>
				<name>Van</name>
			</possibleresult>
			<points>
				<point>938.332642,796.984253</point>
				<point>917.000000,798.000122</point>
				<point>916.667480,791.015991</point>
				<point>938.000122,790.000122</point>
				<point>938.332642,796.984253</point>
			</points>
		</object>
		<object>
			<coordinate>pixel</coordinate>
			<type>rectangle</type>
			<description>None</description>
			<possibleresult>
				<name>Van</name>
			</possibleresult>
			<points>
				<point>941.000000,531.000000</point>
				<point>920.000000,531.000000</point>
				<point>920.000000,523.000000</point>
				<point>941.000000,523.000000</point>
				<point>941.000000,531.000000</point>
			</points>
		</object>
		<object>
			<coordinate>pixel</coordinate>
			<type>rectangle</type>
			<description>None</description>
			<possibleresult>
				<name>Small Car</name>
			</possibleresult>
			<points>
				<point>907.000000,717.000000</point>
				<point>906.564209,727.024536</point>
				<point>883.000000,726.000000</point>
				<point>883.435791,715.975464</point>
				<point>907.000000,717.000000</point>
			</points>
		</object>
		<object>
			<coordinate>pixel</coordinate>
			<type>rectangle</type>
			<description>None</description>
			<possibleresult>
				<name>Small Car</name>
			</possibleresult>
			<points>
				<point>998.172485,726.999084</point>
				<point>998.172485,704.916687</point>
				<point>1000.000000,704.916687</point>
				<point>1000.000000,726.999084</point>
				<point>998.172485,726.999084</point>
			</points>
		</object>
		<object>
			<coordinate>pixel</coordinate>
			<type>rectangle</type>
			<description>None</description>
			<possibleresult>
				<name>Tennis Court</name>
			</possibleresult>
			<points>
				<point>835.004517,951.634155</point>
				<point>834.414673,1000.000000</point>
				<point>782.402466,1000.000000</point>
				<point>783.000000,951.000000</point>
				<point>835.004517,951.634155</point>
			</points>
		</object>
		<object>
			<coordinate>pixel</coordinate>
			<type>rectangle</type>
			<description>None</description>
			<possibleresult>
				<name>Tennis Court</name>
			</possibleresult>
			<points>
				<point>922.311584,1002.023560</point>
				<point>868.349915,1000.000000</point>
				<point>870.038269,954.976440</point>
				<point>923.999939,957.000000</point>
				<point>922.311584,1002.023560</point>
			</points>
		</object>
		<object>
			<coordinate>pixel</coordinate>
			<type>rectangle</type>
			<description>None</description>
			<possibleresult>
				<name>Van</name>
			</possibleresult>
			<points>
				<point>186.024750,105.455666</point>
				<point>185.024750,127.455666</point>
				<point>175.000000,126.999992</point>
				<point>176.000000,104.999992</point>
				<point>186.024750,105.455666</point>
			</points>
		</object>
	</objects>
</annotation>