<?xml version="1.0" encoding="utf-8"?>
<annotation>
	<source>
		<filename>1066.tif</filename>
		<origin>GF2/GF3</origin>
	</source>
	<research>
		<version>1.0</version>
		<provider>FAIR1M</provider>
		<author>Cyber</author>
		<pluginname>FAIR1M</pluginname>
		<pluginclass>object detection</pluginclass>
		<time>2021-03</time>
	</research>
	<size>
		<width>1500</width>
		<height>1500</height>
		<depth>3</depth>
	</size>
	<objects>
		<object>
			<coordinate>pixel</coordinate>
			<type>rectangle</type>
			<description>None</description>
			<possibleresult>
				<name>Dry Cargo Ship</name>
			</possibleresult>
			<points>
				<point>67.000000,531.000000</point>
				<point>52.000000,768.000000</point>
				<point>96.000000,771.000000</point>
				<point>110.000000,534.000000</point>
				<point>67.000000,531.000000</point>
			</points>
		</object>
		<object>
			<coordinate>pixel</coordinate>
			<type>rectangle</type>
			<description>None</description>
			<possibleresult>
				<name>Dry Cargo Ship</name>
			</possibleresult>
			<points>
				<point>458.000000,461.000000</point>
				<point>442.000000,709.000000</point>
				<point>490.000000,712.000000</point>
				<point>507.000000,464.000000</point>
				<point>458.000000,461.000000</point>
			</points>
		</object>
		<object>
			<coordinate>pixel</coordinate>
			<type>rectangle</type>
			<description>None</description>
			<possibleresult>
				<name>Dry Cargo Ship</name>
			</possibleresult>
			<points>
				<point>496.000000,413.000000</point>
				<point>504.000000,286.000000</point>
				<point>475.000000,284.000000</point>
				<point>468.000000,411.000000</point>
				<point>496.000000,413.000000</point>
			</points>
		</object>
		<object>
			<coordinate>pixel</coordinate>
			<type>rectangle</type>
			<description>None</description>
			<possibleresult>
				<name>Dry Cargo Ship</name>
			</possibleresult>
			<points>
				<point>564.000000,330.000000</point>
				<point>730.000000,405.000000</point>
				<point>747.000000,368.000000</point>
				<point>580.000000,293.000000</point>
				<point>564.000000,330.000000</point>
			</points>
		</object>
		<object>
			<coordinate>pixel</coordinate>
			<type>rectangle</type>
			<description>None</description>
			<possibleresult>
				<name>Dry Cargo Ship</name>
			</possibleresult>
			<points>
				<point>876.000000,501.000000</point>
				<point>896.000000,762.000000</point>
				<point>946.000000,759.000000</point>
				<point>927.000000,497.000000</point>
				<point>876.000000,501.000000</point>
			</points>
		</object>
		<object>
			<coordinate>pixel</coordinate>
			<type>rectangle</type>
			<description>None</description>
			<possibleresult>
				<name>Dry Cargo Ship</name>
			</possibleresult>
			<points>
				<point>903.000000,820.000000</point>
				<point>917.000000,1054.000000</point>
				<point>961.000000,1052.000000</point>
				<point>947.000000,817.000000</point>
				<point>903.000000,820.000000</point>
			</points>
		</object>
		<object>
			<coordinate>pixel</coordinate>
			<type>rectangle</type>
			<description>None</description>
			<possibleresult>
				<name>Dry Cargo Ship</name>
			</possibleresult>
			<points>
				<point>1389.000000,1145.000000</point>
				<point>1364.000000,774.000000</point>
				<point>1292.000000,778.000000</point>
				<point>1318.000000,1150.000000</point>
				<point>1389.000000,1145.000000</point>
			</points>
		</object>
		<object>
			<coordinate>pixel</coordinate>
			<type>rectangle</type>
			<description>None</description>
			<possibleresult>
				<name>Liquid Cargo Ship</name>
			</possibleresult>
			<points>
				<point>459.000000,927.000000</point>
				<point>571.000000,885.000000</point>
				<point>560.000000,857.000000</point>
				<point>448.000000,899.000000</point>
				<point>459.000000,927.000000</point>
			</points>
		</object>
		<object>
			<coordinate>pixel</coordinate>
			<type>rectangle</type>
			<description>None</description>
			<possibleresult>
				<name>Dry Cargo Ship</name>
			</possibleresult>
			<points>
				<point>295.000000,764.000000</point>
				<point>289.000000,850.000000</point>
				<point>304.000000,851.000000</point>
				<point>310.000000,765.000000</point>
				<point>295.000000,764.000000</point>
			</points>
		</object>
		<object>
			<coordinate>pixel</coordinate>
			<type>rectangle</type>
			<description>None</description>
			<possibleresult>
				<name>Dry Cargo Ship</name>
			</possibleresult>
			<points>
				<point>334.000000,700.000000</point>
				<point>381.000000,717.000000</point>
				<point>384.000000,706.000000</point>
				<point>338.000000,689.000000</point>
				<point>334.000000,700.000000</point>
			</points>
		</object>
		<object>
			<coordinate>pixel</coordinate>
			<type>rectangle</type>
			<description>None</description>
			<possibleresult>
				<name>Dry Cargo Ship</name>
			</possibleresult>
			<points>
				<point>331.000000,715.000000</point>
				<point>396.000000,738.000000</point>
				<point>400.000000,725.000000</point>
				<point>336.000000,702.000000</point>
				<point>331.000000,715.000000</point>
			</points>
		</object>
		<object>
			<coordinate>pixel</coordinate>
			<type>rectangle</type>
			<description>None</description>
			<possibleresult>
				<name>Dry Cargo Ship</name>
			</possibleresult>
			<points>
				<point>334.000000,731.000000</point>
				<point>384.000000,749.000000</point>
				<point>389.000000,736.000000</point>
				<point>338.000000,719.000000</point>
				<point>334.000000,731.000000</point>
			</points>
		</object>
		<object>
			<coordinate>pixel</coordinate>
			<type>rectangle</type>
			<description>None</description>
			<possibleresult>
				<name>Liquid Cargo Ship</name>
			</possibleresult>
			<points>
				<point>405.000000,733.000000</point>
				<point>397.000000,847.000000</point>
				<point>419.000000,848.000000</point>
				<point>427.000000,734.000000</point>
				<point>405.000000,733.000000</point>
			</points>
		</object>
		<object>
			<coordinate>pixel</coordinate>
			<type>rectangle</type>
			<description>None</description>
			<possibleresult>
				<name>Dry Cargo Ship</name>
			</possibleresult>
			<points>
				<point>308.000000,680.000000</point>
				<point>307.000000,740.000000</point>
				<point>318.000000,740.000000</point>
				<point>320.000000,680.000000</point>
				<point>308.000000,680.000000</point>
			</points>
		</object>
		<object>
			<coordinate>pixel</coordinate>
			<type>rectangle</type>
			<description>None</description>
			<possibleresult>
				<name>Dry Cargo Ship</name>
			</possibleresult>
			<points>
				<point>293.000000,678.000000</point>
				<point>292.000000,741.000000</point>
				<point>306.000000,741.000000</point>
				<point>307.000000,678.000000</point>
				<point>293.000000,678.000000</point>
			</points>
		</object>
		<object>
			<coordinate>pixel</coordinate>
			<type>rectangle</type>
			<description>None</description>
			<possibleresult>
				<name>Dry Cargo Ship</name>
			</possibleresult>
			<points>
				<point>282.000000,678.000000</point>
				<point>280.000000,740.000000</point>
				<point>291.000000,741.000000</point>
				<point>293.000000,678.000000</point>
				<point>282.000000,678.000000</point>
			</points>
		</object>
		<object>
			<coordinate>pixel</coordinate>
			<type>rectangle</type>
			<description>None</description>
			<possibleresult>
				<name>Liquid Cargo Ship</name>
			</possibleresult>
			<points>
				<point>276.000000,741.000000</point>
				<point>268.000000,856.000000</point>
				<point>287.000000,857.000000</point>
				<point>295.000000,743.000000</point>
				<point>276.000000,741.000000</point>
			</points>
		</object>
		<object>
			<coordinate>pixel</coordinate>
			<type>rectangle</type>
			<description>None</description>
			<possibleresult>
				<name>Liquid Cargo Ship</name>
			</possibleresult>
			<points>
				<point>524.000000,1246.000000</point>
				<point>626.000000,1303.000000</point>
				<point>638.000000,1281.000000</point>
				<point>536.000000,1224.000000</point>
				<point>524.000000,1246.000000</point>
			</points>
		</object>
		<object>
			<coordinate>pixel</coordinate>
			<type>rectangle</type>
			<description>None</description>
			<possibleresult>
				<name>Liquid Cargo Ship</name>
			</possibleresult>
			<points>
				<point>310.000000,775.000000</point>
				<point>304.000000,859.000000</point>
				<point>320.000000,860.000000</point>
				<point>326.000000,777.000000</point>
				<point>310.000000,775.000000</point>
			</points>
		</object>
		<object>
			<coordinate>pixel</coordinate>
			<type>rectangle</type>
			<description>None</description>
			<possibleresult>
				<name>Dry Cargo Ship</name>
			</possibleresult>
			<points>
				<point>401.000000,857.000000</point>
				<point>395.000000,945.000000</point>
				<point>413.000000,946.000000</point>
				<point>419.000000,859.000000</point>
				<point>401.000000,857.000000</point>
			</points>
		</object>
		<object>
			<coordinate>pixel</coordinate>
			<type>rectangle</type>
			<description>None</description>
			<possibleresult>
				<name>Motorboat</name>
			</possibleresult>
			<points>
				<point>977.000000,1230.000000</point>
				<point>949.000000,1221.000000</point>
				<point>945.000000,1233.000000</point>
				<point>973.000000,1242.000000</point>
				<point>977.000000,1230.000000</point>
			</points>
		</object>
		<object>
			<coordinate>pixel</coordinate>
			<type>rectangle</type>
			<description>None</description>
			<possibleresult>
				<name>Tugboat</name>
			</possibleresult>
			<points>
				<point>878.000000,527.000000</point>
				<point>855.000000,521.000000</point>
				<point>851.000000,538.000000</point>
				<point>874.000000,543.000000</point>
				<point>878.000000,527.000000</point>
			</points>
		</object>
		<object>
			<coordinate>pixel</coordinate>
			<type>rectangle</type>
			<description>None</description>
			<possibleresult>
				<name>Tugboat</name>
			</possibleresult>
			<points>
				<point>715.000000,759.000000</point>
				<point>726.000000,784.000000</point>
				<point>738.000000,778.000000</point>
				<point>727.000000,754.000000</point>
				<point>715.000000,759.000000</point>
			</points>
		</object>
		<object>
			<coordinate>pixel</coordinate>
			<type>rectangle</type>
			<description>None</description>
			<possibleresult>
				<name>Tugboat</name>
			</possibleresult>
			<points>
				<point>893.000000,1057.000000</point>
				<point>889.000000,1024.000000</point>
				<point>872.000000,1026.000000</point>
				<point>877.000000,1059.000000</point>
				<point>893.000000,1057.000000</point>
			</points>
		</object>
		<object>
			<coordinate>pixel</coordinate>
			<type>rectangle</type>
			<description>None</description>
			<possibleresult>
				<name>Fishing Boat</name>
			</possibleresult>
			<points>
				<point>504.000000,711.000000</point>
				<point>508.000000,650.000000</point>
				<point>495.000000,649.000000</point>
				<point>491.000000,710.000000</point>
				<point>504.000000,711.000000</point>
			</points>
		</object>
		<object>
			<coordinate>pixel</coordinate>
			<type>rectangle</type>
			<description>None</description>
			<possibleresult>
				<name>Tugboat</name>
			</possibleresult>
			<points>
				<point>68.000000,297.000000</point>
				<point>65.000000,256.000000</point>
				<point>48.000000,257.000000</point>
				<point>52.000000,298.000000</point>
				<point>68.000000,297.000000</point>
			</points>
		</object>
	</objects>
</annotation>