<?xml version="1.0" encoding="utf-8"?>
<annotation>
	<source>
		<filename>1067.tif</filename>
		<origin>GF2/GF3</origin>
	</source>
	<research>
		<version>1.0</version>
		<provider>FAIR1M</provider>
		<author>Cyber</author>
		<pluginname>FAIR1M</pluginname>
		<pluginclass>object detection</pluginclass>
		<time>2021-03</time>
	</research>
	<size>
		<width>1500</width>
		<height>1500</height>
		<depth>3</depth>
	</size>
	<objects>
		<object>
			<coordinate>pixel</coordinate>
			<type>rectangle</type>
			<description>None</description>
			<possibleresult>
				<name>Liquid Cargo Ship</name>
			</possibleresult>
			<points>
				<point>134.000000,1367.000000</point>
				<point>256.000000,1391.000000</point>
				<point>259.000000,1373.000000</point>
				<point>138.000000,1349.000000</point>
				<point>134.000000,1367.000000</point>
			</points>
		</object>
		<object>
			<coordinate>pixel</coordinate>
			<type>rectangle</type>
			<description>None</description>
			<possibleresult>
				<name>Liquid Cargo Ship</name>
			</possibleresult>
			<points>
				<point>366.000000,1283.000000</point>
				<point>66.000000,1236.000000</point>
				<point>61.000000,1267.000000</point>
				<point>361.000000,1314.000000</point>
				<point>366.000000,1283.000000</point>
			</points>
		</object>
		<object>
			<coordinate>pixel</coordinate>
			<type>rectangle</type>
			<description>None</description>
			<possibleresult>
				<name>Engineering Ship</name>
			</possibleresult>
			<points>
				<point>1496.000000,669.000000</point>
				<point>1500.000000,634.000000</point>
				<point>1481.000000,632.000000</point>
				<point>1478.000000,667.000000</point>
				<point>1496.000000,669.000000</point>
			</points>
		</object>
		<object>
			<coordinate>pixel</coordinate>
			<type>rectangle</type>
			<description>None</description>
			<possibleresult>
				<name>Tugboat</name>
			</possibleresult>
			<points>
				<point>1348.000000,984.000000</point>
				<point>1377.000000,935.000000</point>
				<point>1360.000000,925.000000</point>
				<point>1332.000000,974.000000</point>
				<point>1348.000000,984.000000</point>
			</points>
		</object>
		<object>
			<coordinate>pixel</coordinate>
			<type>rectangle</type>
			<description>None</description>
			<possibleresult>
				<name>Dry Cargo Ship</name>
			</possibleresult>
			<points>
				<point>1327.000000,985.000000</point>
				<point>1361.000000,926.000000</point>
				<point>1341.000000,915.000000</point>
				<point>1307.000000,973.000000</point>
				<point>1327.000000,985.000000</point>
			</points>
		</object>
		<object>
			<coordinate>pixel</coordinate>
			<type>rectangle</type>
			<description>None</description>
			<possibleresult>
				<name>Liquid Cargo Ship</name>
			</possibleresult>
			<points>
				<point>1252.000000,1220.000000</point>
				<point>1267.000000,1166.000000</point>
				<point>1253.000000,1162.000000</point>
				<point>1238.000000,1216.000000</point>
				<point>1252.000000,1220.000000</point>
			</points>
		</object>
		<object>
			<coordinate>pixel</coordinate>
			<type>rectangle</type>
			<description>None</description>
			<possibleresult>
				<name>Liquid Cargo Ship</name>
			</possibleresult>
			<points>
				<point>1231.000000,1241.000000</point>
				<point>1252.000000,1167.000000</point>
				<point>1236.000000,1163.000000</point>
				<point>1216.000000,1236.000000</point>
				<point>1231.000000,1241.000000</point>
			</points>
		</object>
		<object>
			<coordinate>pixel</coordinate>
			<type>rectangle</type>
			<description>None</description>
			<possibleresult>
				<name>Tugboat</name>
			</possibleresult>
			<points>
				<point>1199.000000,1428.000000</point>
				<point>1204.000000,1410.000000</point>
				<point>1194.000000,1408.000000</point>
				<point>1189.000000,1425.000000</point>
				<point>1199.000000,1428.000000</point>
			</points>
		</object>
	</objects>
</annotation>