<?xml version="1.0" encoding="utf-8"?>
<annotation>
	<source>
		<filename>1069.tif</filename>
		<origin>GF2/GF3</origin>
	</source>
	<research>
		<version>1.0</version>
		<provider>FAIR1M</provider>
		<author>Cyber</author>
		<pluginname>FAIR1M</pluginname>
		<pluginclass>object detection</pluginclass>
		<time>2021-03</time>
	</research>
	<size>
		<width>1000</width>
		<height>1000</height>
		<depth>3</depth>
	</size>
	<objects>
		<object>
			<coordinate>pixel</coordinate>
			<type>rectangle</type>
			<description>None</description>
			<possibleresult>
				<name>Small Car</name>
			</possibleresult>
			<points>
				<point>994.976013,852.589661</point>
				<point>993.976013,835.589661</point>
				<point>1000.000061,835.235291</point>
				<point>1001.000061,852.235291</point>
				<point>994.976013,852.589661</point>
			</points>
		</object>
		<object>
			<coordinate>pixel</coordinate>
			<type>rectangle</type>
			<description>None</description>
			<possibleresult>
				<name>Small Car</name>
			</possibleresult>
			<points>
				<point>955.000000,776.000000</point>
				<point>932.000000,776.000000</point>
				<point>932.000000,767.000000</point>
				<point>955.000000,767.000000</point>
				<point>955.000000,776.000000</point>
			</points>
		</object>
		<object>
			<coordinate>pixel</coordinate>
			<type>rectangle</type>
			<description>None</description>
			<possibleresult>
				<name>Small Car</name>
			</possibleresult>
			<points>
				<point>906.000000,728.000000</point>
				<point>883.000000,728.000000</point>
				<point>883.000000,720.000000</point>
				<point>906.000000,720.000000</point>
				<point>906.000000,728.000000</point>
			</points>
		</object>
		<object>
			<coordinate>pixel</coordinate>
			<type>rectangle</type>
			<description>None</description>
			<possibleresult>
				<name>Small Car</name>
			</possibleresult>
			<points>
				<point>904.000000,743.000000</point>
				<point>883.000000,743.000000</point>
				<point>883.000000,737.000000</point>
				<point>904.000000,737.000000</point>
				<point>904.000000,743.000000</point>
			</points>
		</object>
		<object>
			<coordinate>pixel</coordinate>
			<type>rectangle</type>
			<description>None</description>
			<possibleresult>
				<name>Van</name>
			</possibleresult>
			<points>
				<point>953.000000,346.000000</point>
				<point>934.000000,346.000000</point>
				<point>934.000000,338.000000</point>
				<point>953.000000,338.000000</point>
				<point>953.000000,346.000000</point>
			</points>
		</object>
		<object>
			<coordinate>pixel</coordinate>
			<type>rectangle</type>
			<description>None</description>
			<possibleresult>
				<name>Dump Truck</name>
			</possibleresult>
			<points>
				<point>905.334290,376.975372</point>
				<point>905.000061,386.000031</point>
				<point>878.000061,385.000031</point>
				<point>878.334290,375.975372</point>
				<point>905.334290,376.975372</point>
			</points>
		</object>
		<object>
			<coordinate>pixel</coordinate>
			<type>rectangle</type>
			<description>None</description>
			<possibleresult>
				<name>Dump Truck</name>
			</possibleresult>
			<points>
				<point>857.000000,351.000000</point>
				<point>827.000000,351.000000</point>
				<point>827.000000,342.000000</point>
				<point>857.000000,342.000000</point>
				<point>857.000000,351.000000</point>
			</points>
		</object>
		<object>
			<coordinate>pixel</coordinate>
			<type>rectangle</type>
			<description>None</description>
			<possibleresult>
				<name>Van</name>
			</possibleresult>
			<points>
				<point>854.000000,340.000061</point>
				<point>828.000000,341.000061</point>
				<point>827.691284,332.973450</point>
				<point>853.691284,331.973450</point>
				<point>854.000000,340.000061</point>
			</points>
		</object>
		<object>
			<coordinate>pixel</coordinate>
			<type>rectangle</type>
			<description>None</description>
			<possibleresult>
				<name>Van</name>
			</possibleresult>
			<points>
				<point>13.000000,993.000000</point>
				<point>0.000000,993.000000</point>
				<point>0.000000,985.000000</point>
				<point>13.000000,985.000000</point>
				<point>13.000000,993.000000</point>
			</points>
		</object>
		<object>
			<coordinate>pixel</coordinate>
			<type>rectangle</type>
			<description>None</description>
			<possibleresult>
				<name>Van</name>
			</possibleresult>
			<points>
				<point>121.000000,992.999939</point>
				<point>97.000000,993.999939</point>
				<point>96.665512,985.972229</point>
				<point>120.665512,984.972229</point>
				<point>121.000000,992.999939</point>
			</points>
		</object>
		<object>
			<coordinate>pixel</coordinate>
			<type>rectangle</type>
			<description>None</description>
			<possibleresult>
				<name>Van</name>
			</possibleresult>
			<points>
				<point>236.305664,993.030151</point>
				<point>213.305664,994.030151</point>
				<point>213.000000,987.000000</point>
				<point>236.000000,986.000000</point>
				<point>236.305664,993.030151</point>
			</points>
		</object>
		<object>
			<coordinate>pixel</coordinate>
			<type>rectangle</type>
			<description>None</description>
			<possibleresult>
				<name>Van</name>
			</possibleresult>
			<points>
				<point>187.000000,985.000000</point>
				<point>179.000000,985.000000</point>
				<point>179.000000,969.000000</point>
				<point>187.000000,969.000000</point>
				<point>187.000000,985.000000</point>
			</points>
		</object>
		<object>
			<coordinate>pixel</coordinate>
			<type>rectangle</type>
			<description>None</description>
			<possibleresult>
				<name>Small Car</name>
			</possibleresult>
			<points>
				<point>188.000000,953.000000</point>
				<point>180.027588,953.468994</point>
				<point>179.000000,936.000000</point>
				<point>186.972412,935.531006</point>
				<point>188.000000,953.000000</point>
			</points>
		</object>
		<object>
			<coordinate>pixel</coordinate>
			<type>rectangle</type>
			<description>None</description>
			<possibleresult>
				<name>Small Car</name>
			</possibleresult>
			<points>
				<point>25.000000,843.000000</point>
				<point>8.000000,843.000000</point>
				<point>8.000000,836.000000</point>
				<point>25.000000,836.000000</point>
				<point>25.000000,843.000000</point>
			</points>
		</object>
		<object>
			<coordinate>pixel</coordinate>
			<type>rectangle</type>
			<description>None</description>
			<possibleresult>
				<name>Small Car</name>
			</possibleresult>
			<points>
				<point>28.000000,820.000000</point>
				<point>7.000000,820.000000</point>
				<point>7.000000,813.000000</point>
				<point>28.000000,813.000000</point>
				<point>28.000000,820.000000</point>
			</points>
		</object>
		<object>
			<coordinate>pixel</coordinate>
			<type>rectangle</type>
			<description>None</description>
			<possibleresult>
				<name>Small Car</name>
			</possibleresult>
			<points>
				<point>27.000000,832.000000</point>
				<point>7.000000,832.000000</point>
				<point>7.000000,826.000000</point>
				<point>27.000000,826.000000</point>
				<point>27.000000,832.000000</point>
			</points>
		</object>
		<object>
			<coordinate>pixel</coordinate>
			<type>rectangle</type>
			<description>None</description>
			<possibleresult>
				<name>Van</name>
			</possibleresult>
			<points>
				<point>234.000015,844.000061</point>
				<point>225.039841,844.597351</point>
				<point>224.000015,829.000061</point>
				<point>232.960190,828.402771</point>
				<point>234.000015,844.000061</point>
			</points>
		</object>
		<object>
			<coordinate>pixel</coordinate>
			<type>rectangle</type>
			<description>None</description>
			<possibleresult>
				<name>Van</name>
			</possibleresult>
			<points>
				<point>258.000000,825.999939</point>
				<point>239.390778,827.033752</point>
				<point>239.000000,819.999939</point>
				<point>257.609222,818.966125</point>
				<point>258.000000,825.999939</point>
			</points>
		</object>
		<object>
			<coordinate>pixel</coordinate>
			<type>rectangle</type>
			<description>None</description>
			<possibleresult>
				<name>Van</name>
			</possibleresult>
			<points>
				<point>283.000061,773.000061</point>
				<point>277.023376,773.373596</point>
				<point>276.000000,757.000061</point>
				<point>281.976685,756.626526</point>
				<point>283.000061,773.000061</point>
			</points>
		</object>
		<object>
			<coordinate>pixel</coordinate>
			<type>rectangle</type>
			<description>None</description>
			<possibleresult>
				<name>Small Car</name>
			</possibleresult>
			<points>
				<point>31.008739,667.934387</point>
				<point>29.000008,682.999939</point>
				<point>21.991276,682.065491</point>
				<point>24.000008,666.999939</point>
				<point>31.008739,667.934387</point>
			</points>
		</object>
		<object>
			<coordinate>pixel</coordinate>
			<type>rectangle</type>
			<description>None</description>
			<possibleresult>
				<name>Small Car</name>
			</possibleresult>
			<points>
				<point>8.000000,681.000000</point>
				<point>0.000000,681.000000</point>
				<point>0.000000,666.000000</point>
				<point>8.000000,666.000000</point>
				<point>8.000000,681.000000</point>
			</points>
		</object>
		<object>
			<coordinate>pixel</coordinate>
			<type>rectangle</type>
			<description>None</description>
			<possibleresult>
				<name>Dump Truck</name>
			</possibleresult>
			<points>
				<point>70.042747,641.005615</point>
				<point>68.999992,649.000000</point>
				<point>45.957245,645.994385</point>
				<point>47.000000,638.000000</point>
				<point>70.042747,641.005615</point>
			</points>
		</object>
		<object>
			<coordinate>pixel</coordinate>
			<type>rectangle</type>
			<description>None</description>
			<possibleresult>
				<name>Small Car</name>
			</possibleresult>
			<points>
				<point>9.000000,557.000000</point>
				<point>0.000000,557.000000</point>
				<point>0.000000,542.000000</point>
				<point>9.000000,542.000000</point>
				<point>9.000000,557.000000</point>
			</points>
		</object>
		<object>
			<coordinate>pixel</coordinate>
			<type>rectangle</type>
			<description>None</description>
			<possibleresult>
				<name>Small Car</name>
			</possibleresult>
			<points>
				<point>20.000000,557.000000</point>
				<point>12.000000,557.000000</point>
				<point>12.000000,541.000000</point>
				<point>20.000000,541.000000</point>
				<point>20.000000,557.000000</point>
			</points>
		</object>
		<object>
			<coordinate>pixel</coordinate>
			<type>rectangle</type>
			<description>None</description>
			<possibleresult>
				<name>Small Car</name>
			</possibleresult>
			<points>
				<point>33.000000,558.000000</point>
				<point>24.000000,558.000000</point>
				<point>24.000000,540.000000</point>
				<point>33.000000,540.000000</point>
				<point>33.000000,558.000000</point>
			</points>
		</object>
		<object>
			<coordinate>pixel</coordinate>
			<type>rectangle</type>
			<description>None</description>
			<possibleresult>
				<name>Van</name>
			</possibleresult>
			<points>
				<point>284.000000,529.000000</point>
				<point>275.000000,529.000000</point>
				<point>275.000000,510.000000</point>
				<point>284.000000,510.000000</point>
				<point>284.000000,529.000000</point>
			</points>
		</object>
		<object>
			<coordinate>pixel</coordinate>
			<type>rectangle</type>
			<description>None</description>
			<possibleresult>
				<name>Cargo Truck</name>
			</possibleresult>
			<points>
				<point>77.000000,347.000000</point>
				<point>64.000000,347.000000</point>
				<point>64.000000,323.000000</point>
				<point>77.000000,323.000000</point>
				<point>77.000000,347.000000</point>
			</points>
		</object>
		<object>
			<coordinate>pixel</coordinate>
			<type>rectangle</type>
			<description>None</description>
			<possibleresult>
				<name>Van</name>
			</possibleresult>
			<points>
				<point>61.000000,430.000000</point>
				<point>50.000000,430.000000</point>
				<point>50.000000,418.000000</point>
				<point>61.000000,418.000000</point>
				<point>61.000000,430.000000</point>
			</points>
		</object>
		<object>
			<coordinate>pixel</coordinate>
			<type>rectangle</type>
			<description>None</description>
			<possibleresult>
				<name>Van</name>
			</possibleresult>
			<points>
				<point>131.000000,472.999969</point>
				<point>122.969238,473.446136</point>
				<point>121.969238,455.446136</point>
				<point>130.000000,454.999969</point>
				<point>131.000000,472.999969</point>
			</points>
		</object>
		<object>
			<coordinate>pixel</coordinate>
			<type>rectangle</type>
			<description>None</description>
			<possibleresult>
				<name>Small Car</name>
			</possibleresult>
			<points>
				<point>65.000000,476.000000</point>
				<point>44.000000,476.000000</point>
				<point>44.000000,470.000000</point>
				<point>65.000000,470.000000</point>
				<point>65.000000,476.000000</point>
			</points>
		</object>
		<object>
			<coordinate>pixel</coordinate>
			<type>rectangle</type>
			<description>None</description>
			<possibleresult>
				<name>Dump Truck</name>
			</possibleresult>
			<points>
				<point>67.257919,461.122223</point>
				<point>64.000000,468.000031</point>
				<point>44.742081,458.877838</point>
				<point>48.000000,452.000031</point>
				<point>67.257919,461.122223</point>
			</points>
		</object>
		<object>
			<coordinate>pixel</coordinate>
			<type>rectangle</type>
			<description>None</description>
			<possibleresult>
				<name>Dump Truck</name>
			</possibleresult>
			<points>
				<point>34.026550,452.601807</point>
				<point>33.000004,468.000061</point>
				<point>23.973455,467.398315</point>
				<point>25.000004,452.000061</point>
				<point>34.026550,452.601807</point>
			</points>
		</object>
		<object>
			<coordinate>pixel</coordinate>
			<type>rectangle</type>
			<description>None</description>
			<possibleresult>
				<name>Van</name>
			</possibleresult>
			<points>
				<point>24.000000,469.000000</point>
				<point>14.000000,469.000000</point>
				<point>14.000000,451.000000</point>
				<point>24.000000,451.000000</point>
				<point>24.000000,469.000000</point>
			</points>
		</object>
		<object>
			<coordinate>pixel</coordinate>
			<type>rectangle</type>
			<description>None</description>
			<possibleresult>
				<name>Van</name>
			</possibleresult>
			<points>
				<point>121.142342,433.455475</point>
				<point>112.999992,435.999969</point>
				<point>107.857643,419.544464</point>
				<point>115.999992,416.999969</point>
				<point>121.142342,433.455475</point>
			</points>
		</object>
		<object>
			<coordinate>pixel</coordinate>
			<type>rectangle</type>
			<description>None</description>
			<possibleresult>
				<name>Dump Truck</name>
			</possibleresult>
			<points>
				<point>113.088249,434.147034</point>
				<point>105.000008,439.000000</point>
				<point>95.911766,423.852966</point>
				<point>104.000008,419.000000</point>
				<point>113.088249,434.147034</point>
			</points>
		</object>
		<object>
			<coordinate>pixel</coordinate>
			<type>rectangle</type>
			<description>None</description>
			<possibleresult>
				<name>Small Car</name>
			</possibleresult>
			<points>
				<point>57.000000,372.000000</point>
				<point>37.000000,372.000000</point>
				<point>37.000000,366.000000</point>
				<point>57.000000,366.000000</point>
				<point>57.000000,372.000000</point>
			</points>
		</object>
		<object>
			<coordinate>pixel</coordinate>
			<type>rectangle</type>
			<description>None</description>
			<possibleresult>
				<name>Small Car</name>
			</possibleresult>
			<points>
				<point>215.285080,370.013580</point>
				<point>215.000015,376.000031</point>
				<point>193.714951,374.986481</point>
				<point>194.000015,369.000031</point>
				<point>215.285080,370.013580</point>
			</points>
		</object>
		<object>
			<coordinate>pixel</coordinate>
			<type>rectangle</type>
			<description>None</description>
			<possibleresult>
				<name>Small Car</name>
			</possibleresult>
			<points>
				<point>237.362885,371.016479</point>
				<point>237.000000,379.000000</point>
				<point>214.637115,377.983521</point>
				<point>215.000000,370.000000</point>
				<point>237.362885,371.016479</point>
			</points>
		</object>
		<object>
			<coordinate>pixel</coordinate>
			<type>rectangle</type>
			<description>None</description>
			<possibleresult>
				<name>Small Car</name>
			</possibleresult>
			<points>
				<point>253.000000,349.000000</point>
				<point>243.000000,349.000000</point>
				<point>243.000000,337.000000</point>
				<point>253.000000,337.000000</point>
				<point>253.000000,349.000000</point>
			</points>
		</object>
		<object>
			<coordinate>pixel</coordinate>
			<type>rectangle</type>
			<description>None</description>
			<possibleresult>
				<name>Van</name>
			</possibleresult>
			<points>
				<point>286.027222,375.435760</point>
				<point>277.000000,375.999969</point>
				<point>275.972778,359.564178</point>
				<point>285.000000,358.999969</point>
				<point>286.027222,375.435760</point>
			</points>
		</object>
		<object>
			<coordinate>pixel</coordinate>
			<type>rectangle</type>
			<description>None</description>
			<possibleresult>
				<name>Van</name>
			</possibleresult>
			<points>
				<point>285.031006,328.527588</point>
				<point>277.000000,329.000000</point>
				<point>276.000000,312.000000</point>
				<point>284.031006,311.527588</point>
				<point>285.031006,328.527588</point>
			</points>
		</object>
		<object>
			<coordinate>pixel</coordinate>
			<type>rectangle</type>
			<description>None</description>
			<possibleresult>
				<name>Dump Truck</name>
			</possibleresult>
			<points>
				<point>55.000000,260.000000</point>
				<point>45.000000,260.000000</point>
				<point>45.000000,239.000000</point>
				<point>55.000000,239.000000</point>
				<point>55.000000,260.000000</point>
			</points>
		</object>
		<object>
			<coordinate>pixel</coordinate>
			<type>rectangle</type>
			<description>None</description>
			<possibleresult>
				<name>Van</name>
			</possibleresult>
			<points>
				<point>72.000000,315.000000</point>
				<point>62.000000,315.000000</point>
				<point>62.000000,298.000000</point>
				<point>72.000000,298.000000</point>
				<point>72.000000,315.000000</point>
			</points>
		</object>
		<object>
			<coordinate>pixel</coordinate>
			<type>rectangle</type>
			<description>None</description>
			<possibleresult>
				<name>Small Car</name>
			</possibleresult>
			<points>
				<point>139.000000,251.000000</point>
				<point>128.000000,251.000000</point>
				<point>128.000000,231.000000</point>
				<point>139.000000,231.000000</point>
				<point>139.000000,251.000000</point>
			</points>
		</object>
		<object>
			<coordinate>pixel</coordinate>
			<type>rectangle</type>
			<description>None</description>
			<possibleresult>
				<name>Small Car</name>
			</possibleresult>
			<points>
				<point>115.317528,221.014450</point>
				<point>115.000008,228.000015</point>
				<point>92.682472,226.985580</point>
				<point>92.999992,220.000015</point>
				<point>115.317528,221.014450</point>
			</points>
		</object>
		<object>
			<coordinate>pixel</coordinate>
			<type>rectangle</type>
			<description>None</description>
			<possibleresult>
				<name>Dump Truck</name>
			</possibleresult>
			<points>
				<point>302.000000,263.000000</point>
				<point>292.000000,263.000000</point>
				<point>292.000000,244.000000</point>
				<point>302.000000,244.000000</point>
				<point>302.000000,263.000000</point>
			</points>
		</object>
		<object>
			<coordinate>pixel</coordinate>
			<type>rectangle</type>
			<description>None</description>
			<possibleresult>
				<name>Small Car</name>
			</possibleresult>
			<points>
				<point>318.000000,209.000031</point>
				<point>311.113342,212.240814</point>
				<point>303.000000,195.000031</point>
				<point>309.886658,191.759247</point>
				<point>318.000000,209.000031</point>
			</points>
		</object>
		<object>
			<coordinate>pixel</coordinate>
			<type>rectangle</type>
			<description>None</description>
			<possibleresult>
				<name>Van</name>
			</possibleresult>
			<points>
				<point>214.000000,226.000000</point>
				<point>191.000000,226.000000</point>
				<point>191.000000,219.000000</point>
				<point>214.000000,219.000000</point>
				<point>214.000000,226.000000</point>
			</points>
		</object>
		<object>
			<coordinate>pixel</coordinate>
			<type>rectangle</type>
			<description>None</description>
			<possibleresult>
				<name>Small Car</name>
			</possibleresult>
			<points>
				<point>181.000000,204.000000</point>
				<point>160.000000,204.000000</point>
				<point>160.000000,197.000000</point>
				<point>181.000000,197.000000</point>
				<point>181.000000,204.000000</point>
			</points>
		</object>
		<object>
			<coordinate>pixel</coordinate>
			<type>rectangle</type>
			<description>None</description>
			<possibleresult>
				<name>Small Car</name>
			</possibleresult>
			<points>
				<point>166.481750,190.175171</point>
				<point>164.000000,197.000000</point>
				<point>152.518250,192.824829</point>
				<point>155.000000,186.000000</point>
				<point>166.481750,190.175171</point>
			</points>
		</object>
		<object>
			<coordinate>pixel</coordinate>
			<type>rectangle</type>
			<description>None</description>
			<possibleresult>
				<name>Small Car</name>
			</possibleresult>
			<points>
				<point>100.000000,14.000000</point>
				<point>82.000000,14.000000</point>
				<point>82.000000,9.000000</point>
				<point>100.000000,9.000000</point>
				<point>100.000000,14.000000</point>
			</points>
		</object>
		<object>
			<coordinate>pixel</coordinate>
			<type>rectangle</type>
			<description>None</description>
			<possibleresult>
				<name>Intersection</name>
			</possibleresult>
			<points>
				<point>343.949707,1002.010071</point>
				<point>276.950012,1000.000061</point>
				<point>278.000000,965.000061</point>
				<point>344.999695,967.010071</point>
				<point>343.949707,1002.010071</point>
			</points>
		</object>
		<object>
			<coordinate>pixel</coordinate>
			<type>rectangle</type>
			<description>None</description>
			<possibleresult>
				<name>Intersection</name>
			</possibleresult>
			<points>
				<point>899.791199,1006.217285</point>
				<point>845.701233,1000.000122</point>
				<point>847.910095,980.783081</point>
				<point>902.000061,987.000244</point>
				<point>899.791199,1006.217285</point>
			</points>
		</object>
	</objects>
</annotation>