<?xml version="1.0" encoding="utf-8"?>
<annotation>
	<source>
		<filename>1070.tif</filename>
		<origin>GF2/GF3</origin>
	</source>
	<research>
		<version>1.0</version>
		<provider>FAIR1M</provider>
		<author>Cyber</author>
		<pluginname>FAIR1M</pluginname>
		<pluginclass>object detection</pluginclass>
		<time>2021-03</time>
	</research>
	<size>
		<width>1000</width>
		<height>1000</height>
		<depth>3</depth>
	</size>
	<objects>
		<object>
			<coordinate>pixel</coordinate>
			<type>rectangle</type>
			<description>None</description>
			<possibleresult>
				<name>Small Car</name>
			</possibleresult>
			<points>
				<point>124.480034,505.359985</point>
				<point>115.000038,518.000000</point>
				<point>110.520042,514.640015</point>
				<point>120.000038,502.000000</point>
				<point>124.480034,505.359985</point>
			</points>
		</object>
		<object>
			<coordinate>pixel</coordinate>
			<type>rectangle</type>
			<description>None</description>
			<possibleresult>
				<name>Tennis Court</name>
			</possibleresult>
			<points>
				<point>739.999939,375.000000</point>
				<point>686.958069,455.127197</point>
				<point>648.999939,430.000000</point>
				<point>702.041809,349.872803</point>
				<point>739.999939,375.000000</point>
			</points>
		</object>
		<object>
			<coordinate>pixel</coordinate>
			<type>rectangle</type>
			<description>None</description>
			<possibleresult>
				<name>Tennis Court</name>
			</possibleresult>
			<points>
				<point>680.000000,354.999969</point>
				<point>626.615356,435.076874</point>
				<point>589.000000,409.999969</point>
				<point>642.384644,329.923065</point>
				<point>680.000000,354.999969</point>
			</points>
		</object>
		<object>
			<coordinate>pixel</coordinate>
			<type>rectangle</type>
			<description>None</description>
			<possibleresult>
				<name>Small Car</name>
			</possibleresult>
			<points>
				<point>996.000000,128.000000</point>
				<point>984.000000,128.000000</point>
				<point>984.000000,112.000000</point>
				<point>996.000000,112.000000</point>
				<point>996.000000,128.000000</point>
			</points>
		</object>
		<object>
			<coordinate>pixel</coordinate>
			<type>rectangle</type>
			<description>None</description>
			<possibleresult>
				<name>Small Car</name>
			</possibleresult>
			<points>
				<point>994.000000,101.000000</point>
				<point>984.000000,101.000000</point>
				<point>984.000000,84.000000</point>
				<point>994.000000,84.000000</point>
				<point>994.000000,101.000000</point>
			</points>
		</object>
		<object>
			<coordinate>pixel</coordinate>
			<type>rectangle</type>
			<description>None</description>
			<possibleresult>
				<name>Small Car</name>
			</possibleresult>
			<points>
				<point>996.000000,83.000000</point>
				<point>982.000000,83.000000</point>
				<point>982.000000,65.000000</point>
				<point>996.000000,65.000000</point>
				<point>996.000000,83.000000</point>
			</points>
		</object>
		<object>
			<coordinate>pixel</coordinate>
			<type>rectangle</type>
			<description>None</description>
			<possibleresult>
				<name>Van</name>
			</possibleresult>
			<points>
				<point>964.355286,67.037933</point>
				<point>947.355286,68.037933</point>
				<point>947.000061,62.000000</point>
				<point>964.000061,61.000000</point>
				<point>964.355286,67.037933</point>
			</points>
		</object>
		<object>
			<coordinate>pixel</coordinate>
			<type>rectangle</type>
			<description>None</description>
			<possibleresult>
				<name>Small Car</name>
			</possibleresult>
			<points>
				<point>921.000000,7.000000</point>
				<point>910.000000,7.000000</point>
				<point>910.000000,0.000000</point>
				<point>921.000000,0.000000</point>
				<point>921.000000,7.000000</point>
			</points>
		</object>
		<object>
			<coordinate>pixel</coordinate>
			<type>rectangle</type>
			<description>None</description>
			<possibleresult>
				<name>Small Car</name>
			</possibleresult>
			<points>
				<point>937.000000,4.000000</point>
				<point>927.000000,4.000000</point>
				<point>927.000000,0.000000</point>
				<point>937.000000,0.000000</point>
				<point>937.000000,4.000000</point>
			</points>
		</object>
		<object>
			<coordinate>pixel</coordinate>
			<type>rectangle</type>
			<description>None</description>
			<possibleresult>
				<name>Small Car</name>
			</possibleresult>
			<points>
				<point>860.401550,110.029930</point>
				<point>840.401550,111.029930</point>
				<point>840.000061,103.000008</point>
				<point>860.000061,102.000008</point>
				<point>860.401550,110.029930</point>
			</points>
		</object>
		<object>
			<coordinate>pixel</coordinate>
			<type>rectangle</type>
			<description>None</description>
			<possibleresult>
				<name>Small Car</name>
			</possibleresult>
			<points>
				<point>651.092773,125.041252</point>
				<point>648.000000,132.000015</point>
				<point>629.907227,123.958763</point>
				<point>633.000000,117.000000</point>
				<point>651.092773,125.041252</point>
			</points>
		</object>
		<object>
			<coordinate>pixel</coordinate>
			<type>rectangle</type>
			<description>None</description>
			<possibleresult>
				<name>Small Car</name>
			</possibleresult>
			<points>
				<point>631.246582,127.342445</point>
				<point>628.246582,135.342438</point>
				<point>606.000000,126.999977</point>
				<point>609.000000,118.999985</point>
				<point>631.246582,127.342445</point>
			</points>
		</object>
		<object>
			<coordinate>pixel</coordinate>
			<type>rectangle</type>
			<description>None</description>
			<possibleresult>
				<name>Small Car</name>
			</possibleresult>
			<points>
				<point>569.000061,87.999985</point>
				<point>565.482849,96.206879</point>
				<point>544.000061,86.999985</point>
				<point>547.517273,78.793091</point>
				<point>569.000061,87.999985</point>
			</points>
		</object>
		<object>
			<coordinate>pixel</coordinate>
			<type>rectangle</type>
			<description>None</description>
			<possibleresult>
				<name>Van</name>
			</possibleresult>
			<points>
				<point>525.000000,83.000023</point>
				<point>521.084961,90.047188</point>
				<point>503.000000,80.000023</point>
				<point>506.915039,72.952858</point>
				<point>525.000000,83.000023</point>
			</points>
		</object>
		<object>
			<coordinate>pixel</coordinate>
			<type>rectangle</type>
			<description>None</description>
			<possibleresult>
				<name>Van</name>
			</possibleresult>
			<points>
				<point>636.000000,17.000000</point>
				<point>623.000000,17.000000</point>
				<point>623.000000,10.000000</point>
				<point>636.000000,10.000000</point>
				<point>636.000000,17.000000</point>
			</points>
		</object>
		<object>
			<coordinate>pixel</coordinate>
			<type>rectangle</type>
			<description>None</description>
			<possibleresult>
				<name>Small Car</name>
			</possibleresult>
			<points>
				<point>817.645874,218.872559</point>
				<point>814.000000,229.000031</point>
				<point>789.000000,220.000031</point>
				<point>792.645874,209.872559</point>
				<point>817.645874,218.872559</point>
			</points>
		</object>
		<object>
			<coordinate>pixel</coordinate>
			<type>rectangle</type>
			<description>None</description>
			<possibleresult>
				<name>Small Car</name>
			</possibleresult>
			<points>
				<point>711.000000,173.000000</point>
				<point>706.958374,181.981293</point>
				<point>686.958374,172.981293</point>
				<point>691.000000,164.000000</point>
				<point>711.000000,173.000000</point>
			</points>
		</object>
		<object>
			<coordinate>pixel</coordinate>
			<type>rectangle</type>
			<description>None</description>
			<possibleresult>
				<name>Tennis Court</name>
			</possibleresult>
			<points>
				<point>621.000061,334.000031</point>
				<point>569.390930,413.060760</point>
				<point>531.000061,388.000031</point>
				<point>582.609192,308.939301</point>
				<point>621.000061,334.000031</point>
			</points>
		</object>
		<object>
			<coordinate>pixel</coordinate>
			<type>rectangle</type>
			<description>None</description>
			<possibleresult>
				<name>Tennis Court</name>
			</possibleresult>
			<points>
				<point>549.000061,442.000061</point>
				<point>496.915710,521.258911</point>
				<point>460.000061,497.000061</point>
				<point>512.084412,417.741211</point>
				<point>549.000061,442.000061</point>
			</points>
		</object>
		<object>
			<coordinate>pixel</coordinate>
			<type>rectangle</type>
			<description>None</description>
			<possibleresult>
				<name>Tennis Court</name>
			</possibleresult>
			<points>
				<point>610.000000,464.000000</point>
				<point>556.193115,545.282776</point>
				<point>518.000000,520.000000</point>
				<point>571.806885,438.717224</point>
				<point>610.000000,464.000000</point>
			</points>
		</object>
		<object>
			<coordinate>pixel</coordinate>
			<type>rectangle</type>
			<description>None</description>
			<possibleresult>
				<name>Tennis Court</name>
			</possibleresult>
			<points>
				<point>668.000000,486.000000</point>
				<point>615.996948,566.265625</point>
				<point>577.000000,541.000000</point>
				<point>629.003052,460.734375</point>
				<point>668.000000,486.000000</point>
			</points>
		</object>
		<object>
			<coordinate>pixel</coordinate>
			<type>rectangle</type>
			<description>None</description>
			<possibleresult>
				<name>Van</name>
			</possibleresult>
			<points>
				<point>996.738525,738.092285</point>
				<point>996.000122,744.000000</point>
				<point>971.261719,740.907715</point>
				<point>972.000122,735.000000</point>
				<point>996.738525,738.092285</point>
			</points>
		</object>
		<object>
			<coordinate>pixel</coordinate>
			<type>rectangle</type>
			<description>None</description>
			<possibleresult>
				<name>Small Car</name>
			</possibleresult>
			<points>
				<point>843.668335,663.214600</point>
				<point>826.668335,674.214600</point>
				<point>822.000000,667.000000</point>
				<point>839.000000,656.000000</point>
				<point>843.668335,663.214600</point>
			</points>
		</object>
		<object>
			<coordinate>pixel</coordinate>
			<type>rectangle</type>
			<description>None</description>
			<possibleresult>
				<name>Small Car</name>
			</possibleresult>
			<points>
				<point>321.752686,160.869858</point>
				<point>318.000000,168.000015</point>
				<point>299.000000,158.000015</point>
				<point>302.752686,150.869858</point>
				<point>321.752686,160.869858</point>
			</points>
		</object>
		<object>
			<coordinate>pixel</coordinate>
			<type>rectangle</type>
			<description>None</description>
			<possibleresult>
				<name>Small Car</name>
			</possibleresult>
			<points>
				<point>332.374298,396.142578</point>
				<point>329.000031,405.000000</point>
				<point>307.625763,396.857422</point>
				<point>311.000031,388.000000</point>
				<point>332.374298,396.142578</point>
			</points>
		</object>
		<object>
			<coordinate>pixel</coordinate>
			<type>rectangle</type>
			<description>None</description>
			<possibleresult>
				<name>Small Car</name>
			</possibleresult>
			<points>
				<point>212.145081,571.751343</point>
				<point>205.000000,584.000000</point>
				<point>196.854919,579.248657</point>
				<point>204.000000,567.000000</point>
				<point>212.145081,571.751343</point>
			</points>
		</object>
		<object>
			<coordinate>pixel</coordinate>
			<type>rectangle</type>
			<description>None</description>
			<possibleresult>
				<name>Small Car</name>
			</possibleresult>
			<points>
				<point>266.086700,541.936401</point>
				<point>251.000015,553.000000</point>
				<point>245.913300,546.063599</point>
				<point>261.000000,535.000000</point>
				<point>266.086700,541.936401</point>
			</points>
		</object>
		<object>
			<coordinate>pixel</coordinate>
			<type>rectangle</type>
			<description>None</description>
			<possibleresult>
				<name>Van</name>
			</possibleresult>
			<points>
				<point>53.000004,836.000122</point>
				<point>49.000004,844.000122</point>
				<point>33.000004,836.000122</point>
				<point>37.000004,828.000122</point>
				<point>53.000004,836.000122</point>
			</points>
		</object>
		<object>
			<coordinate>pixel</coordinate>
			<type>rectangle</type>
			<description>None</description>
			<possibleresult>
				<name>Small Car</name>
			</possibleresult>
			<points>
				<point>71.360016,572.520081</point>
				<point>59.000015,589.000061</point>
				<point>51.640015,583.480042</point>
				<point>64.000015,567.000061</point>
				<point>71.360016,572.520081</point>
			</points>
		</object>
		<object>
			<coordinate>pixel</coordinate>
			<type>rectangle</type>
			<description>None</description>
			<possibleresult>
				<name>Van</name>
			</possibleresult>
			<points>
				<point>152.000031,643.000000</point>
				<point>138.164734,659.141235</point>
				<point>130.588257,652.647095</point>
				<point>144.423553,636.505859</point>
				<point>152.000031,643.000000</point>
			</points>
		</object>
		<object>
			<coordinate>pixel</coordinate>
			<type>rectangle</type>
			<description>None</description>
			<possibleresult>
				<name>Small Car</name>
			</possibleresult>
			<points>
				<point>135.292679,661.634155</point>
				<point>123.292679,676.634155</point>
				<point>115.000000,670.000000</point>
				<point>127.000000,655.000000</point>
				<point>135.292679,661.634155</point>
			</points>
		</object>
		<object>
			<coordinate>pixel</coordinate>
			<type>rectangle</type>
			<description>None</description>
			<possibleresult>
				<name>Van</name>
			</possibleresult>
			<points>
				<point>172.999985,638.000000</point>
				<point>158.999985,653.000000</point>
				<point>152.266006,646.714966</point>
				<point>166.266006,631.714966</point>
				<point>172.999985,638.000000</point>
			</points>
		</object>
		<object>
			<coordinate>pixel</coordinate>
			<type>rectangle</type>
			<description>None</description>
			<possibleresult>
				<name>Small Car</name>
			</possibleresult>
			<points>
				<point>112.000000,351.000000</point>
				<point>107.753845,358.430786</point>
				<point>93.000000,350.000000</point>
				<point>97.246155,342.569214</point>
				<point>112.000000,351.000000</point>
			</points>
		</object>
		<object>
			<coordinate>pixel</coordinate>
			<type>rectangle</type>
			<description>None</description>
			<possibleresult>
				<name>Small Car</name>
			</possibleresult>
			<points>
				<point>66.139999,224.019989</point>
				<point>64.999992,232.000000</point>
				<point>43.859997,228.980011</point>
				<point>45.000000,221.000000</point>
				<point>66.139999,224.019989</point>
			</points>
		</object>
		<object>
			<coordinate>pixel</coordinate>
			<type>rectangle</type>
			<description>None</description>
			<possibleresult>
				<name>Small Car</name>
			</possibleresult>
			<points>
				<point>144.399994,302.200012</point>
				<point>140.000000,311.000000</point>
				<point>120.000000,301.000000</point>
				<point>124.399994,292.200012</point>
				<point>144.399994,302.200012</point>
			</points>
		</object>
		<object>
			<coordinate>pixel</coordinate>
			<type>rectangle</type>
			<description>None</description>
			<possibleresult>
				<name>Small Car</name>
			</possibleresult>
			<points>
				<point>120.000000,289.999969</point>
				<point>116.073135,299.031769</point>
				<point>93.000000,288.999969</point>
				<point>96.926865,279.968170</point>
				<point>120.000000,289.999969</point>
			</points>
		</object>
		<object>
			<coordinate>pixel</coordinate>
			<type>rectangle</type>
			<description>None</description>
			<possibleresult>
				<name>Small Car</name>
			</possibleresult>
			<points>
				<point>120.000008,56.000008</point>
				<point>116.732323,65.258469</point>
				<point>99.000023,59.000008</point>
				<point>102.267708,49.741547</point>
				<point>120.000008,56.000008</point>
			</points>
		</object>
		<object>
			<coordinate>pixel</coordinate>
			<type>rectangle</type>
			<description>None</description>
			<possibleresult>
				<name>Small Car</name>
			</possibleresult>
			<points>
				<point>330.758728,149.906158</point>
				<point>328.000000,157.000000</point>
				<point>310.000000,150.000000</point>
				<point>312.758728,142.906158</point>
				<point>330.758728,149.906158</point>
			</points>
		</object>
		<object>
			<coordinate>pixel</coordinate>
			<type>rectangle</type>
			<description>None</description>
			<possibleresult>
				<name>Small Car</name>
			</possibleresult>
			<points>
				<point>64.164383,16.561644</point>
				<point>61.164383,24.561644</point>
				<point>41.000000,16.999998</point>
				<point>44.000000,8.999998</point>
				<point>64.164383,16.561644</point>
			</points>
		</object>
		<object>
			<coordinate>pixel</coordinate>
			<type>rectangle</type>
			<description>None</description>
			<possibleresult>
				<name>Intersection</name>
			</possibleresult>
			<points>
				<point>1000.000061,207.048798</point>
				<point>972.000183,205.000031</point>
				<point>975.000183,164.000031</point>
				<point>1003.000061,166.048798</point>
				<point>1000.000061,207.048798</point>
			</points>
		</object>
		<object>
			<coordinate>pixel</coordinate>
			<type>rectangle</type>
			<description>None</description>
			<possibleresult>
				<name>Van</name>
			</possibleresult>
			<points>
				<point>216.327850,22.393440</point>
				<point>199.409821,36.491798</point>
				<point>194.000000,29.999996</point>
				<point>210.918030,15.901638</point>
				<point>216.327850,22.393440</point>
			</points>
		</object>
		<object>
			<coordinate>pixel</coordinate>
			<type>rectangle</type>
			<description>None</description>
			<possibleresult>
				<name>Van</name>
			</possibleresult>
			<points>
				<point>122.577003,158.303665</point>
				<point>117.999992,166.999985</point>
				<point>98.422981,156.696304</point>
				<point>102.999992,147.999985</point>
				<point>122.577003,158.303665</point>
			</points>
		</object>
		<object>
			<coordinate>pixel</coordinate>
			<type>rectangle</type>
			<description>None</description>
			<possibleresult>
				<name>other-vehicle</name>
			</possibleresult>
			<points>
				<point>184.000015,863.000183</point>
				<point>179.660385,870.811462</point>
				<point>161.660385,860.811462</point>
				<point>166.000015,853.000183</point>
				<point>184.000015,863.000183</point>
			</points>
		</object>
		<object>
			<coordinate>pixel</coordinate>
			<type>rectangle</type>
			<description>None</description>
			<possibleresult>
				<name>Small Car</name>
			</possibleresult>
			<points>
				<point>139.000000,967.000061</point>
				<point>136.399979,972.200012</point>
				<point>115.999977,962.000061</point>
				<point>118.599991,956.800110</point>
				<point>139.000000,967.000061</point>
			</points>
		</object>
		<object>
			<coordinate>pixel</coordinate>
			<type>rectangle</type>
			<description>None</description>
			<possibleresult>
				<name>Small Car</name>
			</possibleresult>
			<points>
				<point>545.000000,256.000000</point>
				<point>541.800049,262.400024</point>
				<point>525.800049,254.400009</point>
				<point>529.000000,248.000000</point>
				<point>545.000000,256.000000</point>
			</points>
		</object>
	</objects>
</annotation>