<?xml version="1.0" encoding="utf-8"?>
<annotation>
	<source>
		<filename>1072.tif</filename>
		<origin>GF2/GF3</origin>
	</source>
	<research>
		<version>1.0</version>
		<provider>FAIR1M</provider>
		<author>Cyber</author>
		<pluginname>FAIR1M</pluginname>
		<pluginclass>object detection</pluginclass>
		<time>2021-03</time>
	</research>
	<size>
		<width>1000</width>
		<height>1000</height>
		<depth>3</depth>
	</size>
	<objects>
		<object>
			<coordinate>pixel</coordinate>
			<type>rectangle</type>
			<description>None</description>
			<possibleresult>
				<name>Intersection</name>
			</possibleresult>
			<points>
				<point>310.000031,856.000122</point>
				<point>262.000031,869.000122</point>
				<point>256.543488,848.852905</point>
				<point>304.543488,835.852905</point>
				<point>310.000031,856.000122</point>
			</points>
		</object>
		<object>
			<coordinate>pixel</coordinate>
			<type>rectangle</type>
			<description>None</description>
			<possibleresult>
				<name>Intersection</name>
			</possibleresult>
			<points>
				<point>580.999939,692.999939</point>
				<point>568.640442,712.775208</point>
				<point>520.640442,682.775208</point>
				<point>532.999939,662.999939</point>
				<point>580.999939,692.999939</point>
			</points>
		</object>
		<object>
			<coordinate>pixel</coordinate>
			<type>rectangle</type>
			<description>None</description>
			<possibleresult>
				<name>Small Car</name>
			</possibleresult>
			<points>
				<point>416.054108,931.984070</point>
				<point>398.999969,936.999939</point>
				<point>396.945831,930.015808</point>
				<point>413.999969,924.999939</point>
				<point>416.054108,931.984070</point>
			</points>
		</object>
		<object>
			<coordinate>pixel</coordinate>
			<type>rectangle</type>
			<description>None</description>
			<possibleresult>
				<name>Van</name>
			</possibleresult>
			<points>
				<point>423.140503,935.956787</point>
				<point>409.859436,940.043213</point>
				<point>407.718872,933.086426</point>
				<point>420.999939,929.000000</point>
				<point>423.140503,935.956787</point>
			</points>
		</object>
		<object>
			<coordinate>pixel</coordinate>
			<type>rectangle</type>
			<description>None</description>
			<possibleresult>
				<name>Small Car</name>
			</possibleresult>
			<points>
				<point>568.753967,984.030945</point>
				<point>560.753967,985.030945</point>
				<point>559.000061,971.000183</point>
				<point>567.000061,970.000183</point>
				<point>568.753967,984.030945</point>
			</points>
		</object>
		<object>
			<coordinate>pixel</coordinate>
			<type>rectangle</type>
			<description>None</description>
			<possibleresult>
				<name>Small Car</name>
			</possibleresult>
			<points>
				<point>579.031189,984.498108</point>
				<point>571.000061,985.000061</point>
				<point>570.000061,969.000061</point>
				<point>578.031189,968.498108</point>
				<point>579.031189,984.498108</point>
			</points>
		</object>
		<object>
			<coordinate>pixel</coordinate>
			<type>rectangle</type>
			<description>None</description>
			<possibleresult>
				<name>Small Car</name>
			</possibleresult>
			<points>
				<point>591.000061,983.000122</point>
				<point>583.000061,984.000122</point>
				<point>581.000061,968.000122</point>
				<point>589.000061,967.000122</point>
				<point>591.000061,983.000122</point>
			</points>
		</object>
		<object>
			<coordinate>pixel</coordinate>
			<type>rectangle</type>
			<description>None</description>
			<possibleresult>
				<name>Small Car</name>
			</possibleresult>
			<points>
				<point>601.000000,981.000122</point>
				<point>593.000000,982.000122</point>
				<point>591.000000,966.000122</point>
				<point>599.000000,965.000122</point>
				<point>601.000000,981.000122</point>
			</points>
		</object>
		<object>
			<coordinate>pixel</coordinate>
			<type>rectangle</type>
			<description>None</description>
			<possibleresult>
				<name>Small Car</name>
			</possibleresult>
			<points>
				<point>622.032837,976.360718</point>
				<point>615.000000,977.000122</point>
				<point>613.967163,965.639526</point>
				<point>621.000000,965.000122</point>
				<point>622.032837,976.360718</point>
			</points>
		</object>
		<object>
			<coordinate>pixel</coordinate>
			<type>rectangle</type>
			<description>None</description>
			<possibleresult>
				<name>Small Car</name>
			</possibleresult>
			<points>
				<point>521.000061,893.000061</point>
				<point>514.147766,895.418518</point>
				<point>508.000061,878.000061</point>
				<point>514.852356,875.581604</point>
				<point>521.000061,893.000061</point>
			</points>
		</object>
		<object>
			<coordinate>pixel</coordinate>
			<type>rectangle</type>
			<description>None</description>
			<possibleresult>
				<name>Van</name>
			</possibleresult>
			<points>
				<point>644.000000,963.000000</point>
				<point>625.000000,963.000000</point>
				<point>625.000000,956.000000</point>
				<point>644.000000,956.000000</point>
				<point>644.000000,963.000000</point>
			</points>
		</object>
		<object>
			<coordinate>pixel</coordinate>
			<type>rectangle</type>
			<description>None</description>
			<possibleresult>
				<name>Van</name>
			</possibleresult>
			<points>
				<point>644.000000,954.000000</point>
				<point>624.000000,954.000000</point>
				<point>624.000000,948.000000</point>
				<point>644.000000,948.000000</point>
				<point>644.000000,954.000000</point>
			</points>
		</object>
		<object>
			<coordinate>pixel</coordinate>
			<type>rectangle</type>
			<description>None</description>
			<possibleresult>
				<name>Cargo Truck</name>
			</possibleresult>
			<points>
				<point>592.495605,740.433716</point>
				<point>577.566406,757.495605</point>
				<point>569.000000,750.000000</point>
				<point>583.929199,732.938110</point>
				<point>592.495605,740.433716</point>
			</points>
		</object>
		<object>
			<coordinate>pixel</coordinate>
			<type>rectangle</type>
			<description>None</description>
			<possibleresult>
				<name>Van</name>
			</possibleresult>
			<points>
				<point>619.461548,733.307678</point>
				<point>615.461548,739.307678</point>
				<point>603.000000,730.999939</point>
				<point>607.000000,724.999939</point>
				<point>619.461548,733.307678</point>
			</points>
		</object>
		<object>
			<coordinate>pixel</coordinate>
			<type>rectangle</type>
			<description>None</description>
			<possibleresult>
				<name>Van</name>
			</possibleresult>
			<points>
				<point>662.000000,745.999939</point>
				<point>657.448242,752.620667</point>
				<point>641.448242,741.620667</point>
				<point>646.000000,734.999939</point>
				<point>662.000000,745.999939</point>
			</points>
		</object>
		<object>
			<coordinate>pixel</coordinate>
			<type>rectangle</type>
			<description>None</description>
			<possibleresult>
				<name>Van</name>
			</possibleresult>
			<points>
				<point>775.000000,142.000000</point>
				<point>768.000000,142.000000</point>
				<point>768.000000,125.000000</point>
				<point>775.000000,125.000000</point>
				<point>775.000000,142.000000</point>
			</points>
		</object>
		<object>
			<coordinate>pixel</coordinate>
			<type>rectangle</type>
			<description>None</description>
			<possibleresult>
				<name>Small Car</name>
			</possibleresult>
			<points>
				<point>823.000000,419.000000</point>
				<point>815.000000,419.000000</point>
				<point>815.000000,405.000000</point>
				<point>823.000000,405.000000</point>
				<point>823.000000,419.000000</point>
			</points>
		</object>
		<object>
			<coordinate>pixel</coordinate>
			<type>rectangle</type>
			<description>None</description>
			<possibleresult>
				<name>Small Car</name>
			</possibleresult>
			<points>
				<point>831.000000,418.000000</point>
				<point>824.000000,418.000000</point>
				<point>824.000000,407.000000</point>
				<point>831.000000,407.000000</point>
				<point>831.000000,418.000000</point>
			</points>
		</object>
		<object>
			<coordinate>pixel</coordinate>
			<type>rectangle</type>
			<description>None</description>
			<possibleresult>
				<name>Van</name>
			</possibleresult>
			<points>
				<point>843.000000,422.000000</point>
				<point>835.000000,422.000000</point>
				<point>835.000000,406.000000</point>
				<point>843.000000,406.000000</point>
				<point>843.000000,422.000000</point>
			</points>
		</object>
		<object>
			<coordinate>pixel</coordinate>
			<type>rectangle</type>
			<description>None</description>
			<possibleresult>
				<name>Small Car</name>
			</possibleresult>
			<points>
				<point>858.294189,421.823608</point>
				<point>855.000122,435.000061</point>
				<point>847.000122,433.000061</point>
				<point>850.294189,419.823608</point>
				<point>858.294189,421.823608</point>
			</points>
		</object>
		<object>
			<coordinate>pixel</coordinate>
			<type>rectangle</type>
			<description>None</description>
			<possibleresult>
				<name>Small Car</name>
			</possibleresult>
			<points>
				<point>574.999939,655.000061</point>
				<point>568.912170,668.190247</point>
				<point>561.999939,665.000061</point>
				<point>568.087708,651.809875</point>
				<point>574.999939,655.000061</point>
			</points>
		</object>
		<object>
			<coordinate>pixel</coordinate>
			<type>rectangle</type>
			<description>None</description>
			<possibleresult>
				<name>Van</name>
			</possibleresult>
			<points>
				<point>710.000000,781.000000</point>
				<point>705.609741,786.487793</point>
				<point>695.000000,778.000000</point>
				<point>699.390259,772.512207</point>
				<point>710.000000,781.000000</point>
			</points>
		</object>
		<object>
			<coordinate>pixel</coordinate>
			<type>rectangle</type>
			<description>None</description>
			<possibleresult>
				<name>Small Car</name>
			</possibleresult>
			<points>
				<point>879.039551,901.022949</point>
				<point>875.000122,908.000122</point>
				<point>855.960693,896.977295</point>
				<point>860.000122,890.000122</point>
				<point>879.039551,901.022949</point>
			</points>
		</object>
		<object>
			<coordinate>pixel</coordinate>
			<type>rectangle</type>
			<description>None</description>
			<possibleresult>
				<name>Van</name>
			</possibleresult>
			<points>
				<point>951.000061,976.000061</point>
				<point>946.558411,981.653015</point>
				<point>932.558411,970.653015</point>
				<point>937.000061,965.000061</point>
				<point>951.000061,976.000061</point>
			</points>
		</object>
		<object>
			<coordinate>pixel</coordinate>
			<type>rectangle</type>
			<description>None</description>
			<possibleresult>
				<name>Van</name>
			</possibleresult>
			<points>
				<point>944.999878,982.999878</point>
				<point>941.223022,989.137207</point>
				<point>927.999878,980.999878</point>
				<point>931.776733,974.862549</point>
				<point>944.999878,982.999878</point>
			</points>
		</object>
		<object>
			<coordinate>pixel</coordinate>
			<type>rectangle</type>
			<description>None</description>
			<possibleresult>
				<name>Van</name>
			</possibleresult>
			<points>
				<point>982.500061,986.500061</point>
				<point>977.000061,992.000061</point>
				<point>966.000061,981.000061</point>
				<point>971.500061,975.500061</point>
				<point>982.500061,986.500061</point>
			</points>
		</object>
		<object>
			<coordinate>pixel</coordinate>
			<type>rectangle</type>
			<description>None</description>
			<possibleresult>
				<name>Small Car</name>
			</possibleresult>
			<points>
				<point>984.000061,1000.000000</point>
				<point>971.600037,1000.000000</point>
				<point>965.810852,995.864868</point>
				<point>970.000061,990.000000</point>
				<point>984.000061,1000.000000</point>
			</points>
		</object>
		<object>
			<coordinate>pixel</coordinate>
			<type>rectangle</type>
			<description>None</description>
			<possibleresult>
				<name>Van</name>
			</possibleresult>
			<points>
				<point>964.912537,1003.202698</point>
				<point>960.428528,999.999939</point>
				<point>962.716125,996.797180</point>
				<point>967.200134,999.999939</point>
				<point>964.912537,1003.202698</point>
			</points>
		</object>
		<object>
			<coordinate>pixel</coordinate>
			<type>rectangle</type>
			<description>None</description>
			<possibleresult>
				<name>Van</name>
			</possibleresult>
			<points>
				<point>996.000000,869.000000</point>
				<point>978.000000,869.000000</point>
				<point>978.000000,862.000000</point>
				<point>996.000000,862.000000</point>
				<point>996.000000,869.000000</point>
			</points>
		</object>
		<object>
			<coordinate>pixel</coordinate>
			<type>rectangle</type>
			<description>None</description>
			<possibleresult>
				<name>Van</name>
			</possibleresult>
			<points>
				<point>996.000000,861.000000</point>
				<point>979.000000,861.000000</point>
				<point>979.000000,854.000000</point>
				<point>996.000000,854.000000</point>
				<point>996.000000,861.000000</point>
			</points>
		</object>
		<object>
			<coordinate>pixel</coordinate>
			<type>rectangle</type>
			<description>None</description>
			<possibleresult>
				<name>Van</name>
			</possibleresult>
			<points>
				<point>865.000000,833.000000</point>
				<point>857.000000,833.000000</point>
				<point>857.000000,819.000000</point>
				<point>865.000000,819.000000</point>
				<point>865.000000,833.000000</point>
			</points>
		</object>
		<object>
			<coordinate>pixel</coordinate>
			<type>rectangle</type>
			<description>None</description>
			<possibleresult>
				<name>Small Car</name>
			</possibleresult>
			<points>
				<point>876.000000,819.000061</point>
				<point>875.000000,835.000061</point>
				<point>866.968872,834.498108</point>
				<point>867.968872,818.498108</point>
				<point>876.000000,819.000061</point>
			</points>
		</object>
		<object>
			<coordinate>pixel</coordinate>
			<type>rectangle</type>
			<description>None</description>
			<possibleresult>
				<name>Small Car</name>
			</possibleresult>
			<points>
				<point>894.999939,837.000000</point>
				<point>893.999939,854.000000</point>
				<point>886.965515,853.586182</point>
				<point>887.965515,836.586182</point>
				<point>894.999939,837.000000</point>
			</points>
		</object>
		<object>
			<coordinate>pixel</coordinate>
			<type>rectangle</type>
			<description>None</description>
			<possibleresult>
				<name>Small Car</name>
			</possibleresult>
			<points>
				<point>913.000000,853.000000</point>
				<point>905.000000,853.000000</point>
				<point>905.000000,837.000000</point>
				<point>913.000000,837.000000</point>
				<point>913.000000,853.000000</point>
			</points>
		</object>
		<object>
			<coordinate>pixel</coordinate>
			<type>rectangle</type>
			<description>None</description>
			<possibleresult>
				<name>Van</name>
			</possibleresult>
			<points>
				<point>924.000000,854.000000</point>
				<point>916.000000,854.000000</point>
				<point>916.000000,838.000000</point>
				<point>924.000000,838.000000</point>
				<point>924.000000,854.000000</point>
			</points>
		</object>
		<object>
			<coordinate>pixel</coordinate>
			<type>rectangle</type>
			<description>None</description>
			<possibleresult>
				<name>Small Car</name>
			</possibleresult>
			<points>
				<point>943.000000,853.000000</point>
				<point>935.000000,853.000000</point>
				<point>935.000000,837.000000</point>
				<point>943.000000,837.000000</point>
				<point>943.000000,853.000000</point>
			</points>
		</object>
		<object>
			<coordinate>pixel</coordinate>
			<type>rectangle</type>
			<description>None</description>
			<possibleresult>
				<name>Van</name>
			</possibleresult>
			<points>
				<point>896.000000,834.000000</point>
				<point>888.000000,834.000000</point>
				<point>888.000000,820.000000</point>
				<point>896.000000,820.000000</point>
				<point>896.000000,834.000000</point>
			</points>
		</object>
		<object>
			<coordinate>pixel</coordinate>
			<type>rectangle</type>
			<description>None</description>
			<possibleresult>
				<name>Van</name>
			</possibleresult>
			<points>
				<point>906.000000,834.000000</point>
				<point>898.000000,834.000000</point>
				<point>898.000000,821.000000</point>
				<point>906.000000,821.000000</point>
				<point>906.000000,834.000000</point>
			</points>
		</object>
		<object>
			<coordinate>pixel</coordinate>
			<type>rectangle</type>
			<description>None</description>
			<possibleresult>
				<name>Van</name>
			</possibleresult>
			<points>
				<point>916.000000,834.000000</point>
				<point>908.000000,834.000000</point>
				<point>908.000000,818.000000</point>
				<point>916.000000,818.000000</point>
				<point>916.000000,834.000000</point>
			</points>
		</object>
		<object>
			<coordinate>pixel</coordinate>
			<type>rectangle</type>
			<description>None</description>
			<possibleresult>
				<name>Small Car</name>
			</possibleresult>
			<points>
				<point>927.000000,835.000000</point>
				<point>919.000000,835.000000</point>
				<point>919.000000,818.000000</point>
				<point>927.000000,818.000000</point>
				<point>927.000000,835.000000</point>
			</points>
		</object>
		<object>
			<coordinate>pixel</coordinate>
			<type>rectangle</type>
			<description>None</description>
			<possibleresult>
				<name>Small Car</name>
			</possibleresult>
			<points>
				<point>938.000000,835.000000</point>
				<point>930.000000,835.000000</point>
				<point>930.000000,819.000000</point>
				<point>938.000000,819.000000</point>
				<point>938.000000,835.000000</point>
			</points>
		</object>
		<object>
			<coordinate>pixel</coordinate>
			<type>rectangle</type>
			<description>None</description>
			<possibleresult>
				<name>Cargo Truck</name>
			</possibleresult>
			<points>
				<point>958.000000,849.000000</point>
				<point>948.000000,849.000000</point>
				<point>948.000000,824.000000</point>
				<point>958.000000,824.000000</point>
				<point>958.000000,849.000000</point>
			</points>
		</object>
		<object>
			<coordinate>pixel</coordinate>
			<type>rectangle</type>
			<description>None</description>
			<possibleresult>
				<name>Small Car</name>
			</possibleresult>
			<points>
				<point>997.000000,837.000000</point>
				<point>978.000000,837.000000</point>
				<point>978.000000,830.000000</point>
				<point>997.000000,830.000000</point>
				<point>997.000000,837.000000</point>
			</points>
		</object>
		<object>
			<coordinate>pixel</coordinate>
			<type>rectangle</type>
			<description>None</description>
			<possibleresult>
				<name>Cargo Truck</name>
			</possibleresult>
			<points>
				<point>997.000000,828.000000</point>
				<point>977.000000,828.000000</point>
				<point>977.000000,819.000000</point>
				<point>997.000000,819.000000</point>
				<point>997.000000,828.000000</point>
			</points>
		</object>
		<object>
			<coordinate>pixel</coordinate>
			<type>rectangle</type>
			<description>None</description>
			<possibleresult>
				<name>Small Car</name>
			</possibleresult>
			<points>
				<point>997.000000,807.000000</point>
				<point>976.000000,807.000000</point>
				<point>976.000000,801.000000</point>
				<point>997.000000,801.000000</point>
				<point>997.000000,807.000000</point>
			</points>
		</object>
		<object>
			<coordinate>pixel</coordinate>
			<type>rectangle</type>
			<description>None</description>
			<possibleresult>
				<name>Small Car</name>
			</possibleresult>
			<points>
				<point>997.000000,799.000000</point>
				<point>976.000000,799.000000</point>
				<point>976.000000,793.000000</point>
				<point>997.000000,793.000000</point>
				<point>997.000000,799.000000</point>
			</points>
		</object>
		<object>
			<coordinate>pixel</coordinate>
			<type>rectangle</type>
			<description>None</description>
			<possibleresult>
				<name>Small Car</name>
			</possibleresult>
			<points>
				<point>996.000000,792.000000</point>
				<point>977.000000,792.000000</point>
				<point>977.000000,785.000000</point>
				<point>996.000000,785.000000</point>
				<point>996.000000,792.000000</point>
			</points>
		</object>
		<object>
			<coordinate>pixel</coordinate>
			<type>rectangle</type>
			<description>None</description>
			<possibleresult>
				<name>Small Car</name>
			</possibleresult>
			<points>
				<point>866.000000,801.000000</point>
				<point>858.000000,801.000000</point>
				<point>858.000000,783.000000</point>
				<point>866.000000,783.000000</point>
				<point>866.000000,801.000000</point>
			</points>
		</object>
		<object>
			<coordinate>pixel</coordinate>
			<type>rectangle</type>
			<description>None</description>
			<possibleresult>
				<name>Van</name>
			</possibleresult>
			<points>
				<point>877.000000,801.000000</point>
				<point>869.000000,801.000000</point>
				<point>869.000000,785.000000</point>
				<point>877.000000,785.000000</point>
				<point>877.000000,801.000000</point>
			</points>
		</object>
		<object>
			<coordinate>pixel</coordinate>
			<type>rectangle</type>
			<description>None</description>
			<possibleresult>
				<name>Small Car</name>
			</possibleresult>
			<points>
				<point>898.000000,803.000000</point>
				<point>888.000000,803.000000</point>
				<point>888.000000,785.000000</point>
				<point>898.000000,785.000000</point>
				<point>898.000000,803.000000</point>
			</points>
		</object>
		<object>
			<coordinate>pixel</coordinate>
			<type>rectangle</type>
			<description>None</description>
			<possibleresult>
				<name>Small Car</name>
			</possibleresult>
			<points>
				<point>917.000000,801.000000</point>
				<point>907.000000,801.000000</point>
				<point>907.000000,784.000000</point>
				<point>917.000000,784.000000</point>
				<point>917.000000,801.000000</point>
			</points>
		</object>
		<object>
			<coordinate>pixel</coordinate>
			<type>rectangle</type>
			<description>None</description>
			<possibleresult>
				<name>Van</name>
			</possibleresult>
			<points>
				<point>996.000000,753.000000</point>
				<point>980.000000,753.000000</point>
				<point>980.000000,748.000000</point>
				<point>996.000000,748.000000</point>
				<point>996.000000,753.000000</point>
			</points>
		</object>
		<object>
			<coordinate>pixel</coordinate>
			<type>rectangle</type>
			<description>None</description>
			<possibleresult>
				<name>Van</name>
			</possibleresult>
			<points>
				<point>995.000000,747.000000</point>
				<point>980.000000,747.000000</point>
				<point>980.000000,741.000000</point>
				<point>995.000000,741.000000</point>
				<point>995.000000,747.000000</point>
			</points>
		</object>
		<object>
			<coordinate>pixel</coordinate>
			<type>rectangle</type>
			<description>None</description>
			<possibleresult>
				<name>Small Car</name>
			</possibleresult>
			<points>
				<point>944.000000,616.000000</point>
				<point>924.000000,616.000000</point>
				<point>924.000000,610.000000</point>
				<point>944.000000,610.000000</point>
				<point>944.000000,616.000000</point>
			</points>
		</object>
		<object>
			<coordinate>pixel</coordinate>
			<type>rectangle</type>
			<description>None</description>
			<possibleresult>
				<name>Van</name>
			</possibleresult>
			<points>
				<point>945.000000,608.000000</point>
				<point>925.000000,608.000000</point>
				<point>925.000000,601.000000</point>
				<point>945.000000,601.000000</point>
				<point>945.000000,608.000000</point>
			</points>
		</object>
		<object>
			<coordinate>pixel</coordinate>
			<type>rectangle</type>
			<description>None</description>
			<possibleresult>
				<name>Van</name>
			</possibleresult>
			<points>
				<point>944.000000,599.000000</point>
				<point>923.000000,599.000000</point>
				<point>923.000000,593.000000</point>
				<point>944.000000,593.000000</point>
				<point>944.000000,599.000000</point>
			</points>
		</object>
		<object>
			<coordinate>pixel</coordinate>
			<type>rectangle</type>
			<description>None</description>
			<possibleresult>
				<name>Van</name>
			</possibleresult>
			<points>
				<point>946.000000,591.000000</point>
				<point>925.000000,591.000000</point>
				<point>925.000000,584.000000</point>
				<point>946.000000,584.000000</point>
				<point>946.000000,591.000000</point>
			</points>
		</object>
		<object>
			<coordinate>pixel</coordinate>
			<type>rectangle</type>
			<description>None</description>
			<possibleresult>
				<name>Van</name>
			</possibleresult>
			<points>
				<point>945.367432,132.980667</point>
				<point>926.000000,134.000000</point>
				<point>925.632568,127.019333</point>
				<point>945.000000,126.000000</point>
				<point>945.367432,132.980667</point>
			</points>
		</object>
		<object>
			<coordinate>pixel</coordinate>
			<type>rectangle</type>
			<description>None</description>
			<possibleresult>
				<name>Cargo Truck</name>
			</possibleresult>
			<points>
				<point>904.000000,39.000000</point>
				<point>878.000000,39.000000</point>
				<point>878.000000,27.000000</point>
				<point>904.000000,27.000000</point>
				<point>904.000000,39.000000</point>
			</points>
		</object>
		<object>
			<coordinate>pixel</coordinate>
			<type>rectangle</type>
			<description>None</description>
			<possibleresult>
				<name>Van</name>
			</possibleresult>
			<points>
				<point>984.999939,42.000008</point>
				<point>965.999939,43.000008</point>
				<point>965.577332,34.969620</point>
				<point>984.577332,33.969620</point>
				<point>984.999939,42.000008</point>
			</points>
		</object>
		<object>
			<coordinate>pixel</coordinate>
			<type>rectangle</type>
			<description>None</description>
			<possibleresult>
				<name>Van</name>
			</possibleresult>
			<points>
				<point>4.962072,202.153839</point>
				<point>-0.000000,202.153839</point>
				<point>0.000001,192.090881</point>
				<point>4.962073,192.090881</point>
				<point>4.962072,202.153839</point>
			</points>
		</object>
		<object>
			<coordinate>pixel</coordinate>
			<type>rectangle</type>
			<description>None</description>
			<possibleresult>
				<name>Van</name>
			</possibleresult>
			<points>
				<point>85.058830,224.235306</point>
				<point>77.058830,226.235306</point>
				<point>74.000008,214.000015</point>
				<point>82.000008,212.000015</point>
				<point>85.058830,224.235306</point>
			</points>
		</object>
		<object>
			<coordinate>pixel</coordinate>
			<type>rectangle</type>
			<description>None</description>
			<possibleresult>
				<name>Van</name>
			</possibleresult>
			<points>
				<point>63.999989,500.000000</point>
				<point>61.999989,507.000000</point>
				<point>47.999989,503.000000</point>
				<point>49.999989,496.000000</point>
				<point>63.999989,500.000000</point>
			</points>
		</object>
		<object>
			<coordinate>pixel</coordinate>
			<type>rectangle</type>
			<description>None</description>
			<possibleresult>
				<name>Van</name>
			</possibleresult>
			<points>
				<point>128.500015,386.500000</point>
				<point>123.000015,392.000000</point>
				<point>112.000015,381.000000</point>
				<point>117.500015,375.500000</point>
				<point>128.500015,386.500000</point>
			</points>
		</object>
		<object>
			<coordinate>pixel</coordinate>
			<type>rectangle</type>
			<description>None</description>
			<possibleresult>
				<name>Small Car</name>
			</possibleresult>
			<points>
				<point>135.072021,421.104034</point>
				<point>128.000031,426.000031</point>
				<point>119.000031,413.000031</point>
				<point>126.072021,408.104034</point>
				<point>135.072021,421.104034</point>
			</points>
		</object>
		<object>
			<coordinate>pixel</coordinate>
			<type>rectangle</type>
			<description>None</description>
			<possibleresult>
				<name>Van</name>
			</possibleresult>
			<points>
				<point>104.999969,573.999939</point>
				<point>87.899384,581.041321</point>
				<point>84.999969,573.999939</point>
				<point>102.100555,566.958557</point>
				<point>104.999969,573.999939</point>
			</points>
		</object>
		<object>
			<coordinate>pixel</coordinate>
			<type>rectangle</type>
			<description>None</description>
			<possibleresult>
				<name>Small Car</name>
			</possibleresult>
			<points>
				<point>113.000000,580.000000</point>
				<point>94.721649,588.123657</point>
				<point>92.000000,582.000000</point>
				<point>110.278351,573.876343</point>
				<point>113.000000,580.000000</point>
			</points>
		</object>
		<object>
			<coordinate>pixel</coordinate>
			<type>rectangle</type>
			<description>None</description>
			<possibleresult>
				<name>Van</name>
			</possibleresult>
			<points>
				<point>104.124741,600.943848</point>
				<point>84.000000,610.000000</point>
				<point>80.875259,603.056152</point>
				<point>101.000000,594.000000</point>
				<point>104.124741,600.943848</point>
			</points>
		</object>
		<object>
			<coordinate>pixel</coordinate>
			<type>rectangle</type>
			<description>None</description>
			<possibleresult>
				<name>Small Car</name>
			</possibleresult>
			<points>
				<point>124.463928,595.793884</point>
				<point>106.463928,603.793884</point>
				<point>103.000015,596.000061</point>
				<point>121.000015,588.000061</point>
				<point>124.463928,595.793884</point>
			</points>
		</object>
		<object>
			<coordinate>pixel</coordinate>
			<type>rectangle</type>
			<description>None</description>
			<possibleresult>
				<name>Van</name>
			</possibleresult>
			<points>
				<point>134.115387,857.576904</point>
				<point>127.000000,859.000000</point>
				<point>124.000000,844.000000</point>
				<point>131.115387,842.576904</point>
				<point>134.115387,857.576904</point>
			</points>
		</object>
		<object>
			<coordinate>pixel</coordinate>
			<type>rectangle</type>
			<description>None</description>
			<possibleresult>
				<name>Van</name>
			</possibleresult>
			<points>
				<point>159.999969,772.000000</point>
				<point>153.662140,776.526978</point>
				<point>143.662140,762.526978</point>
				<point>149.999969,758.000000</point>
				<point>159.999969,772.000000</point>
			</points>
		</object>
		<object>
			<coordinate>pixel</coordinate>
			<type>rectangle</type>
			<description>None</description>
			<possibleresult>
				<name>Small Car</name>
			</possibleresult>
			<points>
				<point>152.627365,744.755981</point>
				<point>134.000015,752.000000</point>
				<point>131.372665,745.244019</point>
				<point>150.000015,738.000000</point>
				<point>152.627365,744.755981</point>
			</points>
		</object>
		<object>
			<coordinate>pixel</coordinate>
			<type>rectangle</type>
			<description>None</description>
			<possibleresult>
				<name>Small Car</name>
			</possibleresult>
			<points>
				<point>140.000015,730.999939</point>
				<point>133.912216,744.190125</point>
				<point>127.000015,740.999939</point>
				<point>133.087814,727.809753</point>
				<point>140.000015,730.999939</point>
			</points>
		</object>
		<object>
			<coordinate>pixel</coordinate>
			<type>rectangle</type>
			<description>None</description>
			<possibleresult>
				<name>Small Car</name>
			</possibleresult>
			<points>
				<point>181.999985,361.999969</point>
				<point>175.307663,366.461517</point>
				<point>166.999985,353.999969</point>
				<point>173.692307,349.538422</point>
				<point>181.999985,361.999969</point>
			</points>
		</object>
		<object>
			<coordinate>pixel</coordinate>
			<type>rectangle</type>
			<description>None</description>
			<possibleresult>
				<name>Van</name>
			</possibleresult>
			<points>
				<point>116.434303,177.831085</point>
				<point>97.999992,185.000000</point>
				<point>94.565681,176.168915</point>
				<point>112.999992,169.000000</point>
				<point>116.434303,177.831085</point>
			</points>
		</object>
		<object>
			<coordinate>pixel</coordinate>
			<type>rectangle</type>
			<description>None</description>
			<possibleresult>
				<name>Van</name>
			</possibleresult>
			<points>
				<point>154.000015,172.999985</point>
				<point>136.000015,173.999985</point>
				<point>135.553848,165.969223</point>
				<point>153.553848,164.969223</point>
				<point>154.000015,172.999985</point>
			</points>
		</object>
		<object>
			<coordinate>pixel</coordinate>
			<type>rectangle</type>
			<description>None</description>
			<possibleresult>
				<name>Small Car</name>
			</possibleresult>
			<points>
				<point>194.000000,221.000031</point>
				<point>187.000000,225.000031</point>
				<point>179.000000,211.000031</point>
				<point>186.000000,207.000031</point>
				<point>194.000000,221.000031</point>
			</points>
		</object>
		<object>
			<coordinate>pixel</coordinate>
			<type>rectangle</type>
			<description>None</description>
			<possibleresult>
				<name>Van</name>
			</possibleresult>
			<points>
				<point>191.000000,90.000000</point>
				<point>175.000000,90.000000</point>
				<point>175.000000,83.000000</point>
				<point>191.000000,83.000000</point>
				<point>191.000000,90.000000</point>
			</points>
		</object>
		<object>
			<coordinate>pixel</coordinate>
			<type>rectangle</type>
			<description>None</description>
			<possibleresult>
				<name>Cargo Truck</name>
			</possibleresult>
			<points>
				<point>323.993164,252.941986</point>
				<point>315.000000,254.000000</point>
				<point>313.000000,237.000000</point>
				<point>321.993164,235.941986</point>
				<point>323.993164,252.941986</point>
			</points>
		</object>
		<object>
			<coordinate>pixel</coordinate>
			<type>rectangle</type>
			<description>None</description>
			<possibleresult>
				<name>Small Car</name>
			</possibleresult>
			<points>
				<point>239.000000,314.000000</point>
				<point>230.200012,318.400024</point>
				<point>222.200012,302.400024</point>
				<point>231.000000,298.000000</point>
				<point>239.000000,314.000000</point>
			</points>
		</object>
		<object>
			<coordinate>pixel</coordinate>
			<type>rectangle</type>
			<description>None</description>
			<possibleresult>
				<name>Small Car</name>
			</possibleresult>
			<points>
				<point>268.889252,362.792358</point>
				<point>260.999969,367.000000</point>
				<point>252.999969,352.000000</point>
				<point>260.889252,347.792358</point>
				<point>268.889252,362.792358</point>
			</points>
		</object>
		<object>
			<coordinate>pixel</coordinate>
			<type>rectangle</type>
			<description>None</description>
			<possibleresult>
				<name>Van</name>
			</possibleresult>
			<points>
				<point>386.000000,252.999969</point>
				<point>378.040588,253.568512</point>
				<point>377.000000,238.999969</point>
				<point>384.959412,238.431427</point>
				<point>386.000000,252.999969</point>
			</points>
		</object>
		<object>
			<coordinate>pixel</coordinate>
			<type>rectangle</type>
			<description>None</description>
			<possibleresult>
				<name>Van</name>
			</possibleresult>
			<points>
				<point>305.116058,381.986328</point>
				<point>288.000031,384.000000</point>
				<point>286.941986,375.006836</point>
				<point>304.058014,372.993164</point>
				<point>305.116058,381.986328</point>
			</points>
		</object>
		<object>
			<coordinate>pixel</coordinate>
			<type>rectangle</type>
			<description>None</description>
			<possibleresult>
				<name>Van</name>
			</possibleresult>
			<points>
				<point>359.000000,361.000000</point>
				<point>343.000000,361.000000</point>
				<point>343.000000,353.000000</point>
				<point>359.000000,353.000000</point>
				<point>359.000000,361.000000</point>
			</points>
		</object>
		<object>
			<coordinate>pixel</coordinate>
			<type>rectangle</type>
			<description>None</description>
			<possibleresult>
				<name>Van</name>
			</possibleresult>
			<points>
				<point>364.000000,401.000031</point>
				<point>348.000000,402.000031</point>
				<point>347.622559,395.961090</point>
				<point>363.622559,394.961090</point>
				<point>364.000000,401.000031</point>
			</points>
		</object>
		<object>
			<coordinate>pixel</coordinate>
			<type>rectangle</type>
			<description>None</description>
			<possibleresult>
				<name>Van</name>
			</possibleresult>
			<points>
				<point>319.000031,437.000031</point>
				<point>313.000031,438.000031</point>
				<point>311.000031,426.000031</point>
				<point>317.000031,425.000031</point>
				<point>319.000031,437.000031</point>
			</points>
		</object>
		<object>
			<coordinate>pixel</coordinate>
			<type>rectangle</type>
			<description>None</description>
			<possibleresult>
				<name>Van</name>
			</possibleresult>
			<points>
				<point>282.275848,460.310333</point>
				<point>276.999969,464.999969</point>
				<point>268.724091,455.689606</point>
				<point>273.999969,450.999969</point>
				<point>282.275848,460.310333</point>
			</points>
		</object>
		<object>
			<coordinate>pixel</coordinate>
			<type>rectangle</type>
			<description>None</description>
			<possibleresult>
				<name>Cargo Truck</name>
			</possibleresult>
			<points>
				<point>325.999969,490.000000</point>
				<point>318.008698,491.065491</point>
				<point>315.999969,476.000000</point>
				<point>323.991241,474.934509</point>
				<point>325.999969,490.000000</point>
			</points>
		</object>
		<object>
			<coordinate>pixel</coordinate>
			<type>rectangle</type>
			<description>None</description>
			<possibleresult>
				<name>Bus</name>
			</possibleresult>
			<points>
				<point>332.455231,510.537903</point>
				<point>326.000031,516.000000</point>
				<point>314.544830,502.462097</point>
				<point>321.000031,497.000000</point>
				<point>332.455231,510.537903</point>
			</points>
		</object>
		<object>
			<coordinate>pixel</coordinate>
			<type>rectangle</type>
			<description>None</description>
			<possibleresult>
				<name>Bus</name>
			</possibleresult>
			<points>
				<point>408.500031,490.500031</point>
				<point>402.000031,497.000031</point>
				<point>394.000031,489.000031</point>
				<point>400.500031,482.500031</point>
				<point>408.500031,490.500031</point>
			</points>
		</object>
		<object>
			<coordinate>pixel</coordinate>
			<type>rectangle</type>
			<description>None</description>
			<possibleresult>
				<name>Small Car</name>
			</possibleresult>
			<points>
				<point>457.000061,491.000061</point>
				<point>450.422852,495.604065</point>
				<point>443.422852,485.604065</point>
				<point>450.000061,481.000061</point>
				<point>457.000061,491.000061</point>
			</points>
		</object>
		<object>
			<coordinate>pixel</coordinate>
			<type>rectangle</type>
			<description>None</description>
			<possibleresult>
				<name>Van</name>
			</possibleresult>
			<points>
				<point>469.000031,489.000031</point>
				<point>464.000031,494.000031</point>
				<point>457.000031,487.000031</point>
				<point>462.000031,482.000031</point>
				<point>469.000031,489.000031</point>
			</points>
		</object>
		<object>
			<coordinate>pixel</coordinate>
			<type>rectangle</type>
			<description>None</description>
			<possibleresult>
				<name>Van</name>
			</possibleresult>
			<points>
				<point>479.500031,486.500031</point>
				<point>475.000031,491.000031</point>
				<point>468.500031,484.500031</point>
				<point>473.000031,480.000031</point>
				<point>479.500031,486.500031</point>
			</points>
		</object>
		<object>
			<coordinate>pixel</coordinate>
			<type>rectangle</type>
			<description>None</description>
			<possibleresult>
				<name>Van</name>
			</possibleresult>
			<points>
				<point>491.500061,486.500061</point>
				<point>487.000061,491.000061</point>
				<point>479.500061,483.500061</point>
				<point>484.000061,479.000061</point>
				<point>491.500061,486.500061</point>
			</points>
		</object>
		<object>
			<coordinate>pixel</coordinate>
			<type>rectangle</type>
			<description>None</description>
			<possibleresult>
				<name>Van</name>
			</possibleresult>
			<points>
				<point>503.000031,487.000031</point>
				<point>499.500031,490.500031</point>
				<point>491.500031,482.500031</point>
				<point>495.000031,479.000031</point>
				<point>503.000031,487.000031</point>
			</points>
		</object>
		<object>
			<coordinate>pixel</coordinate>
			<type>rectangle</type>
			<description>None</description>
			<possibleresult>
				<name>Bus</name>
			</possibleresult>
			<points>
				<point>388.000061,561.000061</point>
				<point>382.249268,567.230042</point>
				<point>369.249268,555.230042</point>
				<point>375.000061,549.000061</point>
				<point>388.000061,561.000061</point>
			</points>
		</object>
		<object>
			<coordinate>pixel</coordinate>
			<type>rectangle</type>
			<description>None</description>
			<possibleresult>
				<name>Van</name>
			</possibleresult>
			<points>
				<point>524.492310,483.861572</point>
				<point>519.000000,487.000061</point>
				<point>514.507690,479.138550</point>
				<point>520.000000,476.000061</point>
				<point>524.492310,483.861572</point>
			</points>
		</object>
		<object>
			<coordinate>pixel</coordinate>
			<type>rectangle</type>
			<description>None</description>
			<possibleresult>
				<name>Van</name>
			</possibleresult>
			<points>
				<point>535.000000,482.000031</point>
				<point>532.000000,485.000031</point>
				<point>527.000000,480.000031</point>
				<point>530.000000,477.000031</point>
				<point>535.000000,482.000031</point>
			</points>
		</object>
		<object>
			<coordinate>pixel</coordinate>
			<type>rectangle</type>
			<description>None</description>
			<possibleresult>
				<name>Van</name>
			</possibleresult>
			<points>
				<point>549.000000,481.000031</point>
				<point>544.500000,485.500031</point>
				<point>535.500000,476.500031</point>
				<point>540.000000,472.000031</point>
				<point>549.000000,481.000031</point>
			</points>
		</object>
		<object>
			<coordinate>pixel</coordinate>
			<type>rectangle</type>
			<description>None</description>
			<possibleresult>
				<name>Van</name>
			</possibleresult>
			<points>
				<point>561.000061,481.000061</point>
				<point>556.185852,485.212463</point>
				<point>549.000061,477.000061</point>
				<point>553.814270,472.787659</point>
				<point>561.000061,481.000061</point>
			</points>
		</object>
		<object>
			<coordinate>pixel</coordinate>
			<type>rectangle</type>
			<description>None</description>
			<possibleresult>
				<name>Van</name>
			</possibleresult>
			<points>
				<point>282.000031,630.000061</point>
				<point>276.748016,633.636047</point>
				<point>267.748016,620.636047</point>
				<point>273.000031,617.000061</point>
				<point>282.000031,630.000061</point>
			</points>
		</object>
		<object>
			<coordinate>pixel</coordinate>
			<type>rectangle</type>
			<description>None</description>
			<possibleresult>
				<name>Van</name>
			</possibleresult>
			<points>
				<point>339.999939,608.000000</point>
				<point>325.692261,617.538452</point>
				<point>321.692261,611.538452</point>
				<point>335.999939,602.000000</point>
				<point>339.999939,608.000000</point>
			</points>
		</object>
		<object>
			<coordinate>pixel</coordinate>
			<type>rectangle</type>
			<description>None</description>
			<possibleresult>
				<name>Van</name>
			</possibleresult>
			<points>
				<point>310.000000,708.000000</point>
				<point>303.088257,712.147095</point>
				<point>294.000000,697.000000</point>
				<point>300.911743,692.852905</point>
				<point>310.000000,708.000000</point>
			</points>
		</object>
		<object>
			<coordinate>pixel</coordinate>
			<type>rectangle</type>
			<description>None</description>
			<possibleresult>
				<name>Small Car</name>
			</possibleresult>
			<points>
				<point>318.000000,703.999939</point>
				<point>311.137329,708.223083</point>
				<point>303.000000,694.999939</point>
				<point>309.862671,690.776794</point>
				<point>318.000000,703.999939</point>
			</points>
		</object>
		<object>
			<coordinate>pixel</coordinate>
			<type>rectangle</type>
			<description>None</description>
			<possibleresult>
				<name>Small Car</name>
			</possibleresult>
			<points>
				<point>325.000031,698.000000</point>
				<point>319.093964,702.134277</point>
				<point>312.093964,692.134277</point>
				<point>318.000031,688.000000</point>
				<point>325.000031,698.000000</point>
			</points>
		</object>
		<object>
			<coordinate>pixel</coordinate>
			<type>rectangle</type>
			<description>None</description>
			<possibleresult>
				<name>Small Car</name>
			</possibleresult>
			<points>
				<point>321.026733,742.047485</point>
				<point>314.000000,746.000000</point>
				<point>304.973267,729.952515</point>
				<point>312.000000,726.000000</point>
				<point>321.026733,742.047485</point>
			</points>
		</object>
		<object>
			<coordinate>pixel</coordinate>
			<type>rectangle</type>
			<description>None</description>
			<possibleresult>
				<name>Small Car</name>
			</possibleresult>
			<points>
				<point>327.471680,732.848999</point>
				<point>320.000000,737.000000</point>
				<point>314.528320,727.151001</point>
				<point>322.000000,723.000000</point>
				<point>327.471680,732.848999</point>
			</points>
		</object>
		<object>
			<coordinate>pixel</coordinate>
			<type>rectangle</type>
			<description>None</description>
			<possibleresult>
				<name>Van</name>
			</possibleresult>
			<points>
				<point>355.000000,723.000000</point>
				<point>348.205872,727.323486</point>
				<point>341.000000,716.000000</point>
				<point>347.794128,711.676514</point>
				<point>355.000000,723.000000</point>
			</points>
		</object>
		<object>
			<coordinate>pixel</coordinate>
			<type>rectangle</type>
			<description>None</description>
			<possibleresult>
				<name>Small Car</name>
			</possibleresult>
			<points>
				<point>475.500061,668.500061</point>
				<point>463.500061,680.500061</point>
				<point>458.000061,675.000061</point>
				<point>470.000061,663.000061</point>
				<point>475.500061,668.500061</point>
			</points>
		</object>
		<object>
			<coordinate>pixel</coordinate>
			<type>rectangle</type>
			<description>None</description>
			<possibleresult>
				<name>Small Car</name>
			</possibleresult>
			<points>
				<point>482.000000,675.000000</point>
				<point>472.000000,685.000000</point>
				<point>466.000000,679.000000</point>
				<point>476.000000,669.000000</point>
				<point>482.000000,675.000000</point>
			</points>
		</object>
		<object>
			<coordinate>pixel</coordinate>
			<type>rectangle</type>
			<description>None</description>
			<possibleresult>
				<name>Van</name>
			</possibleresult>
			<points>
				<point>494.000031,679.000000</point>
				<point>479.000031,692.000000</point>
				<point>472.467010,684.461914</point>
				<point>487.467010,671.461914</point>
				<point>494.000031,679.000000</point>
			</points>
		</object>
		<object>
			<coordinate>pixel</coordinate>
			<type>rectangle</type>
			<description>None</description>
			<possibleresult>
				<name>Small Car</name>
			</possibleresult>
			<points>
				<point>501.249207,683.769958</point>
				<point>488.000000,695.999939</point>
				<point>481.750793,689.229919</point>
				<point>495.000000,676.999939</point>
				<point>501.249207,683.769958</point>
			</points>
		</object>
		<object>
			<coordinate>pixel</coordinate>
			<type>rectangle</type>
			<description>None</description>
			<possibleresult>
				<name>Small Car</name>
			</possibleresult>
			<points>
				<point>509.268341,689.709229</point>
				<point>496.999969,703.000000</point>
				<point>489.731598,696.290771</point>
				<point>501.999969,683.000000</point>
				<point>509.268341,689.709229</point>
			</points>
		</object>
		<object>
			<coordinate>pixel</coordinate>
			<type>rectangle</type>
			<description>None</description>
			<possibleresult>
				<name>Van</name>
			</possibleresult>
			<points>
				<point>537.245850,680.704895</point>
				<point>532.245850,686.704895</point>
				<point>523.000000,678.999939</point>
				<point>528.000000,672.999939</point>
				<point>537.245850,680.704895</point>
			</points>
		</object>
		<object>
			<coordinate>pixel</coordinate>
			<type>rectangle</type>
			<description>None</description>
			<possibleresult>
				<name>Small Car</name>
			</possibleresult>
			<points>
				<point>528.000000,752.000061</point>
				<point>524.800049,758.400085</point>
				<point>510.000000,751.000061</point>
				<point>513.199951,744.600037</point>
				<point>528.000000,752.000061</point>
			</points>
		</object>
		<object>
			<coordinate>pixel</coordinate>
			<type>rectangle</type>
			<description>None</description>
			<possibleresult>
				<name>Van</name>
			</possibleresult>
			<points>
				<point>532.637939,742.844910</point>
				<point>530.000000,749.000061</point>
				<point>516.000000,743.000061</point>
				<point>518.637939,736.844910</point>
				<point>532.637939,742.844910</point>
			</points>
		</object>
		<object>
			<coordinate>pixel</coordinate>
			<type>rectangle</type>
			<description>None</description>
			<possibleresult>
				<name>Small Car</name>
			</possibleresult>
			<points>
				<point>461.271729,796.750977</point>
				<point>449.271729,807.750977</point>
				<point>444.000000,802.000000</point>
				<point>456.000000,791.000000</point>
				<point>461.271729,796.750977</point>
			</points>
		</object>
		<object>
			<coordinate>pixel</coordinate>
			<type>rectangle</type>
			<description>None</description>
			<possibleresult>
				<name>Van</name>
			</possibleresult>
			<points>
				<point>249.800049,954.600037</point>
				<point>237.000061,961.000061</point>
				<point>234.200073,955.400085</point>
				<point>247.000061,949.000061</point>
				<point>249.800049,954.600037</point>
			</points>
		</object>
		<object>
			<coordinate>pixel</coordinate>
			<type>rectangle</type>
			<description>None</description>
			<possibleresult>
				<name>Small Car</name>
			</possibleresult>
			<points>
				<point>267.999969,836.999939</point>
				<point>261.011505,838.075134</point>
				<point>258.999969,824.999939</point>
				<point>265.988434,823.924744</point>
				<point>267.999969,836.999939</point>
			</points>
		</object>
		<object>
			<coordinate>pixel</coordinate>
			<type>rectangle</type>
			<description>None</description>
			<possibleresult>
				<name>Small Car</name>
			</possibleresult>
			<points>
				<point>341.999969,948.999878</point>
				<point>335.999969,952.999878</point>
				<point>331.538422,946.307617</point>
				<point>337.538422,942.307617</point>
				<point>341.999969,948.999878</point>
			</points>
		</object>
	</objects>
</annotation>