<?xml version="1.0" encoding="utf-8"?>
<annotation>
	<source>
		<filename>1073.tif</filename>
		<origin>GF2/GF3</origin>
	</source>
	<research>
		<version>1.0</version>
		<provider>FAIR1M</provider>
		<author>Cyber</author>
		<pluginname>FAIR1M</pluginname>
		<pluginclass>object detection</pluginclass>
		<time>2021-03</time>
	</research>
	<size>
		<width>1000</width>
		<height>1000</height>
		<depth>3</depth>
	</size>
	<objects>
		<object>
			<coordinate>pixel</coordinate>
			<type>rectangle</type>
			<description>None</description>
			<possibleresult>
				<name>Small Car</name>
			</possibleresult>
			<points>
				<point>789.000000,453.000000</point>
				<point>770.000000,453.000000</point>
				<point>770.000000,448.000000</point>
				<point>789.000000,448.000000</point>
				<point>789.000000,453.000000</point>
			</points>
		</object>
		<object>
			<coordinate>pixel</coordinate>
			<type>rectangle</type>
			<description>None</description>
			<possibleresult>
				<name>Small Car</name>
			</possibleresult>
			<points>
				<point>787.000000,445.000000</point>
				<point>768.000000,445.000000</point>
				<point>768.000000,438.000000</point>
				<point>787.000000,438.000000</point>
				<point>787.000000,445.000000</point>
			</points>
		</object>
		<object>
			<coordinate>pixel</coordinate>
			<type>rectangle</type>
			<description>None</description>
			<possibleresult>
				<name>Van</name>
			</possibleresult>
			<points>
				<point>788.314941,433.983368</point>
				<point>769.000000,434.999969</point>
				<point>768.685059,429.016571</point>
				<point>788.000000,427.999969</point>
				<point>788.314941,433.983368</point>
			</points>
		</object>
		<object>
			<coordinate>pixel</coordinate>
			<type>rectangle</type>
			<description>None</description>
			<possibleresult>
				<name>Small Car</name>
			</possibleresult>
			<points>
				<point>789.000000,426.000000</point>
				<point>767.000000,426.000000</point>
				<point>767.000000,418.000000</point>
				<point>789.000000,418.000000</point>
				<point>789.000000,426.000000</point>
			</points>
		</object>
		<object>
			<coordinate>pixel</coordinate>
			<type>rectangle</type>
			<description>None</description>
			<possibleresult>
				<name>Dump Truck</name>
			</possibleresult>
			<points>
				<point>783.000000,389.000031</point>
				<point>760.364990,390.028900</point>
				<point>760.000000,382.000031</point>
				<point>782.635010,380.971161</point>
				<point>783.000000,389.000031</point>
			</points>
		</object>
		<object>
			<coordinate>pixel</coordinate>
			<type>rectangle</type>
			<description>None</description>
			<possibleresult>
				<name>Small Car</name>
			</possibleresult>
			<points>
				<point>781.000000,379.000000</point>
				<point>763.000000,379.000000</point>
				<point>763.000000,371.000000</point>
				<point>781.000000,371.000000</point>
				<point>781.000000,379.000000</point>
			</points>
		</object>
		<object>
			<coordinate>pixel</coordinate>
			<type>rectangle</type>
			<description>None</description>
			<possibleresult>
				<name>Van</name>
			</possibleresult>
			<points>
				<point>783.999878,367.999969</point>
				<point>759.999878,368.999969</point>
				<point>759.665405,360.972260</point>
				<point>783.665405,359.972260</point>
				<point>783.999878,367.999969</point>
			</points>
		</object>
		<object>
			<coordinate>pixel</coordinate>
			<type>rectangle</type>
			<description>None</description>
			<possibleresult>
				<name>Dump Truck</name>
			</possibleresult>
			<points>
				<point>781.408264,354.981445</point>
				<point>759.000061,356.000000</point>
				<point>758.591858,347.018555</point>
				<point>781.000061,346.000000</point>
				<point>781.408264,354.981445</point>
			</points>
		</object>
		<object>
			<coordinate>pixel</coordinate>
			<type>rectangle</type>
			<description>None</description>
			<possibleresult>
				<name>Van</name>
			</possibleresult>
			<points>
				<point>776.000000,343.000000</point>
				<point>758.000000,343.000000</point>
				<point>758.000000,336.000000</point>
				<point>776.000000,336.000000</point>
				<point>776.000000,343.000000</point>
			</points>
		</object>
		<object>
			<coordinate>pixel</coordinate>
			<type>rectangle</type>
			<description>None</description>
			<possibleresult>
				<name>Van</name>
			</possibleresult>
			<points>
				<point>780.662109,332.944824</point>
				<point>756.000000,335.000000</point>
				<point>755.337891,327.055176</point>
				<point>780.000000,325.000000</point>
				<point>780.662109,332.944824</point>
			</points>
		</object>
		<object>
			<coordinate>pixel</coordinate>
			<type>rectangle</type>
			<description>None</description>
			<possibleresult>
				<name>Dump Truck</name>
			</possibleresult>
			<points>
				<point>718.000122,496.000000</point>
				<point>693.586304,498.034485</point>
				<point>693.000122,491.000000</point>
				<point>717.413940,488.965515</point>
				<point>718.000122,496.000000</point>
			</points>
		</object>
		<object>
			<coordinate>pixel</coordinate>
			<type>rectangle</type>
			<description>None</description>
			<possibleresult>
				<name>Small Car</name>
			</possibleresult>
			<points>
				<point>711.419861,467.977875</point>
				<point>691.999939,468.999969</point>
				<point>691.580017,461.022064</point>
				<point>710.999939,459.999969</point>
				<point>711.419861,467.977875</point>
			</points>
		</object>
		<object>
			<coordinate>pixel</coordinate>
			<type>rectangle</type>
			<description>None</description>
			<possibleresult>
				<name>Van</name>
			</possibleresult>
			<points>
				<point>712.000061,449.000031</point>
				<point>691.301819,450.034943</point>
				<point>691.000061,444.000031</point>
				<point>711.698303,442.965118</point>
				<point>712.000061,449.000031</point>
			</points>
		</object>
		<object>
			<coordinate>pixel</coordinate>
			<type>rectangle</type>
			<description>None</description>
			<possibleresult>
				<name>Small Car</name>
			</possibleresult>
			<points>
				<point>715.349182,377.982574</point>
				<point>695.000061,379.000031</point>
				<point>694.650940,372.017487</point>
				<point>715.000061,371.000031</point>
				<point>715.349182,377.982574</point>
			</points>
		</object>
		<object>
			<coordinate>pixel</coordinate>
			<type>rectangle</type>
			<description>None</description>
			<possibleresult>
				<name>Van</name>
			</possibleresult>
			<points>
				<point>597.435791,400.972778</point>
				<point>581.000000,402.000000</point>
				<point>580.564209,395.027222</point>
				<point>597.000000,394.000000</point>
				<point>597.435791,400.972778</point>
			</points>
		</object>
		<object>
			<coordinate>pixel</coordinate>
			<type>rectangle</type>
			<description>None</description>
			<possibleresult>
				<name>Small Car</name>
			</possibleresult>
			<points>
				<point>462.192322,547.961609</point>
				<point>442.192322,551.961609</point>
				<point>441.000000,546.000061</point>
				<point>461.000000,542.000061</point>
				<point>462.192322,547.961609</point>
			</points>
		</object>
		<object>
			<coordinate>pixel</coordinate>
			<type>rectangle</type>
			<description>None</description>
			<possibleresult>
				<name>Van</name>
			</possibleresult>
			<points>
				<point>465.000061,528.000000</point>
				<point>435.000061,534.000000</point>
				<point>433.576965,526.884644</point>
				<point>463.576965,520.884644</point>
				<point>465.000061,528.000000</point>
			</points>
		</object>
		<object>
			<coordinate>pixel</coordinate>
			<type>rectangle</type>
			<description>None</description>
			<possibleresult>
				<name>Van</name>
			</possibleresult>
			<points>
				<point>457.000031,502.000000</point>
				<point>438.576508,506.094116</point>
				<point>437.000031,499.000000</point>
				<point>455.423553,494.905884</point>
				<point>457.000031,502.000000</point>
			</points>
		</object>
		<object>
			<coordinate>pixel</coordinate>
			<type>rectangle</type>
			<description>None</description>
			<possibleresult>
				<name>Small Car</name>
			</possibleresult>
			<points>
				<point>430.000031,738.000061</point>
				<point>411.780487,740.024475</point>
				<point>410.999969,733.000061</point>
				<point>429.219513,730.975647</point>
				<point>430.000031,738.000061</point>
			</points>
		</object>
		<object>
			<coordinate>pixel</coordinate>
			<type>rectangle</type>
			<description>None</description>
			<possibleresult>
				<name>Van</name>
			</possibleresult>
			<points>
				<point>441.119965,661.839966</point>
				<point>418.999969,665.000000</point>
				<point>417.999969,658.000000</point>
				<point>440.119965,654.839966</point>
				<point>441.119965,661.839966</point>
			</points>
		</object>
		<object>
			<coordinate>pixel</coordinate>
			<type>rectangle</type>
			<description>None</description>
			<possibleresult>
				<name>Van</name>
			</possibleresult>
			<points>
				<point>330.223145,657.969604</point>
				<point>308.000000,661.000000</point>
				<point>306.776855,652.030396</point>
				<point>329.000000,649.000000</point>
				<point>330.223145,657.969604</point>
			</points>
		</object>
		<object>
			<coordinate>pixel</coordinate>
			<type>rectangle</type>
			<description>None</description>
			<possibleresult>
				<name>Small Car</name>
			</possibleresult>
			<points>
				<point>239.102707,556.983826</point>
				<point>219.948654,560.008118</point>
				<point>218.845963,553.024353</point>
				<point>238.000015,550.000061</point>
				<point>239.102707,556.983826</point>
			</points>
		</object>
		<object>
			<coordinate>pixel</coordinate>
			<type>rectangle</type>
			<description>None</description>
			<possibleresult>
				<name>Small Car</name>
			</possibleresult>
			<points>
				<point>216.000000,562.000000</point>
				<point>196.000000,566.000000</point>
				<point>194.576935,558.884644</point>
				<point>214.576935,554.884644</point>
				<point>216.000000,562.000000</point>
			</points>
		</object>
		<object>
			<coordinate>pixel</coordinate>
			<type>rectangle</type>
			<description>None</description>
			<possibleresult>
				<name>Small Car</name>
			</possibleresult>
			<points>
				<point>142.000000,564.000000</point>
				<point>122.000000,571.000000</point>
				<point>119.287292,563.249390</point>
				<point>139.287292,556.249390</point>
				<point>142.000000,564.000000</point>
			</points>
		</object>
		<object>
			<coordinate>pixel</coordinate>
			<type>rectangle</type>
			<description>None</description>
			<possibleresult>
				<name>Small Car</name>
			</possibleresult>
			<points>
				<point>167.658539,675.926819</point>
				<point>149.000000,677.999939</point>
				<point>148.341461,672.073059</point>
				<point>167.000000,669.999939</point>
				<point>167.658539,675.926819</point>
			</points>
		</object>
		<object>
			<coordinate>pixel</coordinate>
			<type>rectangle</type>
			<description>None</description>
			<possibleresult>
				<name>Small Car</name>
			</possibleresult>
			<points>
				<point>172.000000,702.000000</point>
				<point>152.843842,704.016479</point>
				<point>152.000000,696.000000</point>
				<point>171.156158,693.983521</point>
				<point>172.000000,702.000000</point>
			</points>
		</object>
		<object>
			<coordinate>pixel</coordinate>
			<type>rectangle</type>
			<description>None</description>
			<possibleresult>
				<name>Small Car</name>
			</possibleresult>
			<points>
				<point>184.000000,727.000000</point>
				<point>165.000000,730.000000</point>
				<point>163.872986,722.862183</point>
				<point>182.872986,719.862183</point>
				<point>184.000000,727.000000</point>
			</points>
		</object>
		<object>
			<coordinate>pixel</coordinate>
			<type>rectangle</type>
			<description>None</description>
			<possibleresult>
				<name>Van</name>
			</possibleresult>
			<points>
				<point>340.000031,701.000061</point>
				<point>320.852386,706.038879</point>
				<point>319.000031,699.000061</point>
				<point>338.147675,693.961243</point>
				<point>340.000031,701.000061</point>
			</points>
		</object>
		<object>
			<coordinate>pixel</coordinate>
			<type>rectangle</type>
			<description>None</description>
			<possibleresult>
				<name>Small Car</name>
			</possibleresult>
			<points>
				<point>348.000031,730.000122</point>
				<point>328.000031,731.000122</point>
				<point>327.648407,723.967651</point>
				<point>347.648407,722.967651</point>
				<point>348.000031,730.000122</point>
			</points>
		</object>
		<object>
			<coordinate>pixel</coordinate>
			<type>rectangle</type>
			<description>None</description>
			<possibleresult>
				<name>Small Car</name>
			</possibleresult>
			<points>
				<point>371.057068,734.989990</point>
				<point>354.000000,738.000000</point>
				<point>352.942932,732.010010</point>
				<point>370.000000,729.000000</point>
				<point>371.057068,734.989990</point>
			</points>
		</object>
		<object>
			<coordinate>pixel</coordinate>
			<type>rectangle</type>
			<description>None</description>
			<possibleresult>
				<name>Van</name>
			</possibleresult>
			<points>
				<point>834.121704,953.770264</point>
				<point>825.121704,970.770264</point>
				<point>818.000122,967.000000</point>
				<point>827.000122,950.000000</point>
				<point>834.121704,953.770264</point>
			</points>
		</object>
		<object>
			<coordinate>pixel</coordinate>
			<type>rectangle</type>
			<description>None</description>
			<possibleresult>
				<name>Small Car</name>
			</possibleresult>
			<points>
				<point>689.442627,938.868896</point>
				<point>688.000000,945.000000</point>
				<point>671.000000,941.000000</point>
				<point>672.442627,934.868896</point>
				<point>689.442627,938.868896</point>
			</points>
		</object>
		<object>
			<coordinate>pixel</coordinate>
			<type>rectangle</type>
			<description>None</description>
			<possibleresult>
				<name>Van</name>
			</possibleresult>
			<points>
				<point>744.576416,492.094086</point>
				<point>726.576416,496.094086</point>
				<point>725.000000,488.999969</point>
				<point>743.000000,484.999969</point>
				<point>744.576416,492.094086</point>
			</points>
		</object>
		<object>
			<coordinate>pixel</coordinate>
			<type>rectangle</type>
			<description>None</description>
			<possibleresult>
				<name>Football Field</name>
			</possibleresult>
			<points>
				<point>963.531250,811.688049</point>
				<point>916.000000,649.000061</point>
				<point>1000.000000,624.458435</point>
				<point>1047.531250,787.146423</point>
				<point>963.531250,811.688049</point>
			</points>
		</object>
	</objects>
</annotation>