<?xml version="1.0" encoding="utf-8"?>
<annotation>
	<source>
		<filename>1077.tif</filename>
		<origin>GF2/GF3</origin>
	</source>
	<research>
		<version>1.0</version>
		<provider>FAIR1M</provider>
		<author>Cyber</author>
		<pluginname>FAIR1M</pluginname>
		<pluginclass>object detection</pluginclass>
		<time>2021-03</time>
	</research>
	<size>
		<width>1000</width>
		<height>1000</height>
		<depth>3</depth>
	</size>
	<objects>
		<object>
			<coordinate>pixel</coordinate>
			<type>rectangle</type>
			<description>None</description>
			<possibleresult>
				<name>Small Car</name>
			</possibleresult>
			<points>
				<point>142.000000,121.000000</point>
				<point>133.000000,121.000000</point>
				<point>133.000000,103.000000</point>
				<point>142.000000,103.000000</point>
				<point>142.000000,121.000000</point>
			</points>
		</object>
		<object>
			<coordinate>pixel</coordinate>
			<type>rectangle</type>
			<description>None</description>
			<possibleresult>
				<name>Small Car</name>
			</possibleresult>
			<points>
				<point>477.000000,979.000000</point>
				<point>476.000000,998.000000</point>
				<point>464.977905,997.419922</point>
				<point>465.977905,978.419922</point>
				<point>477.000000,979.000000</point>
			</points>
		</object>
		<object>
			<coordinate>pixel</coordinate>
			<type>rectangle</type>
			<description>None</description>
			<possibleresult>
				<name>Small Car</name>
			</possibleresult>
			<points>
				<point>653.000000,963.000000</point>
				<point>632.000000,963.000000</point>
				<point>632.000000,954.000000</point>
				<point>653.000000,954.000000</point>
				<point>653.000000,963.000000</point>
			</points>
		</object>
		<object>
			<coordinate>pixel</coordinate>
			<type>rectangle</type>
			<description>None</description>
			<possibleresult>
				<name>Small Car</name>
			</possibleresult>
			<points>
				<point>752.000000,963.000000</point>
				<point>733.000000,963.000000</point>
				<point>733.000000,954.000000</point>
				<point>752.000000,954.000000</point>
				<point>752.000000,963.000000</point>
			</points>
		</object>
		<object>
			<coordinate>pixel</coordinate>
			<type>rectangle</type>
			<description>None</description>
			<possibleresult>
				<name>Dump Truck</name>
			</possibleresult>
			<points>
				<point>966.000000,964.000000</point>
				<point>938.371216,965.023315</point>
				<point>938.000000,955.000000</point>
				<point>965.628784,953.976685</point>
				<point>966.000000,964.000000</point>
			</points>
		</object>
		<object>
			<coordinate>pixel</coordinate>
			<type>rectangle</type>
			<description>None</description>
			<possibleresult>
				<name>Small Car</name>
			</possibleresult>
			<points>
				<point>968.000000,595.000000</point>
				<point>937.000000,595.000000</point>
				<point>937.000000,583.000000</point>
				<point>968.000000,583.000000</point>
				<point>968.000000,595.000000</point>
			</points>
		</object>
		<object>
			<coordinate>pixel</coordinate>
			<type>rectangle</type>
			<description>None</description>
			<possibleresult>
				<name>Small Car</name>
			</possibleresult>
			<points>
				<point>606.022095,763.419922</point>
				<point>595.000000,764.000000</point>
				<point>593.977905,744.580078</point>
				<point>605.000000,744.000000</point>
				<point>606.022095,763.419922</point>
			</points>
		</object>
		<object>
			<coordinate>pixel</coordinate>
			<type>rectangle</type>
			<description>None</description>
			<possibleresult>
				<name>Small Car</name>
			</possibleresult>
			<points>
				<point>621.000000,755.000000</point>
				<point>610.000000,755.000000</point>
				<point>610.000000,737.000000</point>
				<point>621.000000,737.000000</point>
				<point>621.000000,755.000000</point>
			</points>
		</object>
		<object>
			<coordinate>pixel</coordinate>
			<type>rectangle</type>
			<description>None</description>
			<possibleresult>
				<name>Small Car</name>
			</possibleresult>
			<points>
				<point>813.000000,623.000000</point>
				<point>790.000000,623.000000</point>
				<point>790.000000,612.000000</point>
				<point>813.000000,612.000000</point>
				<point>813.000000,623.000000</point>
			</points>
		</object>
		<object>
			<coordinate>pixel</coordinate>
			<type>rectangle</type>
			<description>None</description>
			<possibleresult>
				<name>Small Car</name>
			</possibleresult>
			<points>
				<point>777.000000,592.000000</point>
				<point>755.000000,592.000000</point>
				<point>755.000000,583.000000</point>
				<point>777.000000,583.000000</point>
				<point>777.000000,592.000000</point>
			</points>
		</object>
		<object>
			<coordinate>pixel</coordinate>
			<type>rectangle</type>
			<description>None</description>
			<possibleresult>
				<name>Small Car</name>
			</possibleresult>
			<points>
				<point>659.460876,591.982361</point>
				<point>633.000061,593.000061</point>
				<point>632.539246,581.017761</point>
				<point>659.000061,580.000061</point>
				<point>659.460876,591.982361</point>
			</points>
		</object>
		<object>
			<coordinate>pixel</coordinate>
			<type>rectangle</type>
			<description>None</description>
			<possibleresult>
				<name>Small Car</name>
			</possibleresult>
			<points>
				<point>827.560364,494.964966</point>
				<point>811.000061,496.000000</point>
				<point>810.439758,487.035034</point>
				<point>827.000061,486.000000</point>
				<point>827.560364,494.964966</point>
			</points>
		</object>
		<object>
			<coordinate>pixel</coordinate>
			<type>rectangle</type>
			<description>None</description>
			<possibleresult>
				<name>Small Car</name>
			</possibleresult>
			<points>
				<point>848.909851,490.008240</point>
				<point>838.000061,491.000061</point>
				<point>836.000061,469.000061</point>
				<point>846.909851,468.008240</point>
				<point>848.909851,490.008240</point>
			</points>
		</object>
		<object>
			<coordinate>pixel</coordinate>
			<type>rectangle</type>
			<description>None</description>
			<possibleresult>
				<name>Small Car</name>
			</possibleresult>
			<points>
				<point>871.027527,309.548645</point>
				<point>862.000061,310.000000</point>
				<point>860.972595,289.451355</point>
				<point>870.000061,289.000000</point>
				<point>871.027527,309.548645</point>
			</points>
		</object>
		<object>
			<coordinate>pixel</coordinate>
			<type>rectangle</type>
			<description>None</description>
			<possibleresult>
				<name>Van</name>
			</possibleresult>
			<points>
				<point>554.000000,390.000000</point>
				<point>544.000000,390.000000</point>
				<point>544.000000,373.000000</point>
				<point>554.000000,373.000000</point>
				<point>554.000000,390.000000</point>
			</points>
		</object>
		<object>
			<coordinate>pixel</coordinate>
			<type>rectangle</type>
			<description>None</description>
			<possibleresult>
				<name>Small Car</name>
			</possibleresult>
			<points>
				<point>759.000000,261.000000</point>
				<point>737.000000,261.000000</point>
				<point>737.000000,253.000000</point>
				<point>759.000000,253.000000</point>
				<point>759.000000,261.000000</point>
			</points>
		</object>
		<object>
			<coordinate>pixel</coordinate>
			<type>rectangle</type>
			<description>None</description>
			<possibleresult>
				<name>Small Car</name>
			</possibleresult>
			<points>
				<point>705.418945,250.013550</point>
				<point>705.000000,263.000031</point>
				<point>673.581055,261.986511</point>
				<point>674.000000,249.000031</point>
				<point>705.418945,250.013550</point>
			</points>
		</object>
		<object>
			<coordinate>pixel</coordinate>
			<type>rectangle</type>
			<description>None</description>
			<possibleresult>
				<name>Small Car</name>
			</possibleresult>
			<points>
				<point>967.024902,19.472376</point>
				<point>957.000000,20.000000</point>
				<point>956.000000,1.000000</point>
				<point>966.024902,0.472376</point>
				<point>967.024902,19.472376</point>
			</points>
		</object>
		<object>
			<coordinate>pixel</coordinate>
			<type>rectangle</type>
			<description>None</description>
			<possibleresult>
				<name>Small Car</name>
			</possibleresult>
			<points>
				<point>954.000000,17.000000</point>
				<point>944.000000,17.000000</point>
				<point>944.000000,2.000000</point>
				<point>954.000000,2.000000</point>
				<point>954.000000,17.000000</point>
			</points>
		</object>
		<object>
			<coordinate>pixel</coordinate>
			<type>rectangle</type>
			<description>None</description>
			<possibleresult>
				<name>Dump Truck</name>
			</possibleresult>
			<points>
				<point>944.000000,19.000000</point>
				<point>934.000000,19.000000</point>
				<point>934.000000,2.000000</point>
				<point>944.000000,2.000000</point>
				<point>944.000000,19.000000</point>
			</points>
		</object>
		<object>
			<coordinate>pixel</coordinate>
			<type>rectangle</type>
			<description>None</description>
			<possibleresult>
				<name>Small Car</name>
			</possibleresult>
			<points>
				<point>932.000000,20.000000</point>
				<point>921.000000,20.000000</point>
				<point>921.000000,1.000000</point>
				<point>932.000000,1.000000</point>
				<point>932.000000,20.000000</point>
			</points>
		</object>
		<object>
			<coordinate>pixel</coordinate>
			<type>rectangle</type>
			<description>None</description>
			<possibleresult>
				<name>Dump Truck</name>
			</possibleresult>
			<points>
				<point>919.000000,19.000000</point>
				<point>909.000000,19.000000</point>
				<point>909.000000,1.000000</point>
				<point>919.000000,1.000000</point>
				<point>919.000000,19.000000</point>
			</points>
		</object>
		<object>
			<coordinate>pixel</coordinate>
			<type>rectangle</type>
			<description>None</description>
			<possibleresult>
				<name>Small Car</name>
			</possibleresult>
			<points>
				<point>895.000061,3.000002</point>
				<point>892.973816,18.196508</point>
				<point>884.000061,17.000002</point>
				<point>886.026306,1.803495</point>
				<point>895.000061,3.000002</point>
			</points>
		</object>
		<object>
			<coordinate>pixel</coordinate>
			<type>rectangle</type>
			<description>None</description>
			<possibleresult>
				<name>Small Car</name>
			</possibleresult>
			<points>
				<point>871.000000,16.000000</point>
				<point>860.000000,16.000000</point>
				<point>860.000000,0.000000</point>
				<point>871.000000,0.000000</point>
				<point>871.000000,16.000000</point>
			</points>
		</object>
		<object>
			<coordinate>pixel</coordinate>
			<type>rectangle</type>
			<description>None</description>
			<possibleresult>
				<name>Small Car</name>
			</possibleresult>
			<points>
				<point>859.024902,18.472376</point>
				<point>849.000000,19.000000</point>
				<point>848.000000,0.000000</point>
				<point>858.052673,0.000000</point>
				<point>859.024902,18.472376</point>
			</points>
		</object>
		<object>
			<coordinate>pixel</coordinate>
			<type>rectangle</type>
			<description>None</description>
			<possibleresult>
				<name>Small Car</name>
			</possibleresult>
			<points>
				<point>847.000061,-0.000000</point>
				<point>845.965637,17.586206</point>
				<point>836.000061,17.000000</point>
				<point>837.000000,0.000000</point>
				<point>847.000061,-0.000000</point>
			</points>
		</object>
		<object>
			<coordinate>pixel</coordinate>
			<type>rectangle</type>
			<description>None</description>
			<possibleresult>
				<name>Small Car</name>
			</possibleresult>
			<points>
				<point>824.000000,16.000000</point>
				<point>814.000000,16.000000</point>
				<point>814.000000,1.000000</point>
				<point>824.000000,1.000000</point>
				<point>824.000000,16.000000</point>
			</points>
		</object>
		<object>
			<coordinate>pixel</coordinate>
			<type>rectangle</type>
			<description>None</description>
			<possibleresult>
				<name>Small Car</name>
			</possibleresult>
			<points>
				<point>812.027588,17.468969</point>
				<point>803.000000,18.000004</point>
				<point>802.000000,1.000004</point>
				<point>811.027588,0.468969</point>
				<point>812.027588,17.468969</point>
			</points>
		</object>
		<object>
			<coordinate>pixel</coordinate>
			<type>rectangle</type>
			<description>None</description>
			<possibleresult>
				<name>Small Car</name>
			</possibleresult>
			<points>
				<point>800.000000,16.000000</point>
				<point>791.000000,16.000000</point>
				<point>791.000000,0.000000</point>
				<point>800.000000,0.000000</point>
				<point>800.000000,16.000000</point>
			</points>
		</object>
		<object>
			<coordinate>pixel</coordinate>
			<type>rectangle</type>
			<description>None</description>
			<possibleresult>
				<name>Dump Truck</name>
			</possibleresult>
			<points>
				<point>789.000000,19.000000</point>
				<point>779.000000,19.000000</point>
				<point>779.000000,0.000000</point>
				<point>789.000000,0.000000</point>
				<point>789.000000,19.000000</point>
			</points>
		</object>
		<object>
			<coordinate>pixel</coordinate>
			<type>rectangle</type>
			<description>None</description>
			<possibleresult>
				<name>Van</name>
			</possibleresult>
			<points>
				<point>776.999939,0.000000</point>
				<point>775.965576,17.586210</point>
				<point>766.000000,17.000004</point>
				<point>766.999939,0.000000</point>
				<point>776.999939,0.000000</point>
			</points>
		</object>
		<object>
			<coordinate>pixel</coordinate>
			<type>rectangle</type>
			<description>None</description>
			<possibleresult>
				<name>Dump Truck</name>
			</possibleresult>
			<points>
				<point>754.000000,18.000000</point>
				<point>743.000000,18.000000</point>
				<point>743.000000,0.000000</point>
				<point>754.000000,0.000000</point>
				<point>754.000000,18.000000</point>
			</points>
		</object>
		<object>
			<coordinate>pixel</coordinate>
			<type>rectangle</type>
			<description>None</description>
			<possibleresult>
				<name>Small Car</name>
			</possibleresult>
			<points>
				<point>741.000000,16.000000</point>
				<point>728.984375,16.750973</point>
				<point>727.984375,0.750973</point>
				<point>740.000000,0.000000</point>
				<point>741.000000,16.000000</point>
			</points>
		</object>
		<object>
			<coordinate>pixel</coordinate>
			<type>rectangle</type>
			<description>None</description>
			<possibleresult>
				<name>Small Car</name>
			</possibleresult>
			<points>
				<point>257.443054,941.975342</point>
				<point>238.999985,943.000000</point>
				<point>238.556900,935.024658</point>
				<point>257.000000,934.000000</point>
				<point>257.443054,941.975342</point>
			</points>
		</object>
		<object>
			<coordinate>pixel</coordinate>
			<type>rectangle</type>
			<description>None</description>
			<possibleresult>
				<name>Small Car</name>
			</possibleresult>
			<points>
				<point>309.000000,817.000000</point>
				<point>298.000000,817.000000</point>
				<point>298.000000,797.000000</point>
				<point>309.000000,797.000000</point>
				<point>309.000000,817.000000</point>
			</points>
		</object>
		<object>
			<coordinate>pixel</coordinate>
			<type>rectangle</type>
			<description>None</description>
			<possibleresult>
				<name>Small Car</name>
			</possibleresult>
			<points>
				<point>16.000000,605.000000</point>
				<point>1.000000,605.000000</point>
				<point>1.000000,598.000000</point>
				<point>16.000000,598.000000</point>
				<point>16.000000,605.000000</point>
			</points>
		</object>
		<object>
			<coordinate>pixel</coordinate>
			<type>rectangle</type>
			<description>None</description>
			<possibleresult>
				<name>Small Car</name>
			</possibleresult>
			<points>
				<point>141.548630,607.027466</point>
				<point>141.000015,618.000000</point>
				<point>120.451370,616.972534</point>
				<point>120.999985,606.000000</point>
				<point>141.548630,607.027466</point>
			</points>
		</object>
		<object>
			<coordinate>pixel</coordinate>
			<type>rectangle</type>
			<description>None</description>
			<possibleresult>
				<name>Small Car</name>
			</possibleresult>
			<points>
				<point>213.000000,618.000061</point>
				<point>190.000000,619.000061</point>
				<point>189.650940,610.971741</point>
				<point>212.650940,609.971741</point>
				<point>213.000000,618.000061</point>
			</points>
		</object>
		<object>
			<coordinate>pixel</coordinate>
			<type>rectangle</type>
			<description>None</description>
			<possibleresult>
				<name>Van</name>
			</possibleresult>
			<points>
				<point>130.000000,513.000000</point>
				<point>118.000000,513.000000</point>
				<point>118.000000,494.000000</point>
				<point>130.000000,494.000000</point>
				<point>130.000000,513.000000</point>
			</points>
		</object>
		<object>
			<coordinate>pixel</coordinate>
			<type>rectangle</type>
			<description>None</description>
			<possibleresult>
				<name>Small Car</name>
			</possibleresult>
			<points>
				<point>183.423065,479.884644</point>
				<point>172.423065,482.884644</point>
				<point>167.000000,463.000000</point>
				<point>178.000000,460.000000</point>
				<point>183.423065,479.884644</point>
			</points>
		</object>
		<object>
			<coordinate>pixel</coordinate>
			<type>rectangle</type>
			<description>None</description>
			<possibleresult>
				<name>Van</name>
			</possibleresult>
			<points>
				<point>119.024155,441.589661</point>
				<point>118.024155,458.589661</point>
				<point>108.000015,458.000000</point>
				<point>109.000015,441.000000</point>
				<point>119.024155,441.589661</point>
			</points>
		</object>
		<object>
			<coordinate>pixel</coordinate>
			<type>rectangle</type>
			<description>None</description>
			<possibleresult>
				<name>Small Car</name>
			</possibleresult>
			<points>
				<point>312.022461,433.551117</point>
				<point>311.000000,453.999969</point>
				<point>299.977539,453.448822</point>
				<point>301.000000,432.999969</point>
				<point>312.022461,433.551117</point>
			</points>
		</object>
		<object>
			<coordinate>pixel</coordinate>
			<type>rectangle</type>
			<description>None</description>
			<possibleresult>
				<name>Small Car</name>
			</possibleresult>
			<points>
				<point>366.000000,454.000000</point>
				<point>356.000000,454.000000</point>
				<point>356.000000,433.000000</point>
				<point>366.000000,433.000000</point>
				<point>366.000000,454.000000</point>
			</points>
		</object>
		<object>
			<coordinate>pixel</coordinate>
			<type>rectangle</type>
			<description>None</description>
			<possibleresult>
				<name>Small Car</name>
			</possibleresult>
			<points>
				<point>340.000000,452.000000</point>
				<point>330.000000,452.000000</point>
				<point>330.000000,434.000000</point>
				<point>340.000000,434.000000</point>
				<point>340.000000,452.000000</point>
			</points>
		</object>
		<object>
			<coordinate>pixel</coordinate>
			<type>rectangle</type>
			<description>None</description>
			<possibleresult>
				<name>Small Car</name>
			</possibleresult>
			<points>
				<point>27.000000,233.000000</point>
				<point>4.000000,233.000000</point>
				<point>4.000000,222.000000</point>
				<point>27.000000,222.000000</point>
				<point>27.000000,233.000000</point>
			</points>
		</object>
		<object>
			<coordinate>pixel</coordinate>
			<type>rectangle</type>
			<description>None</description>
			<possibleresult>
				<name>Dump Truck</name>
			</possibleresult>
			<points>
				<point>114.345642,223.013306</point>
				<point>114.000000,232.000000</point>
				<point>87.654358,230.986694</point>
				<point>88.000000,222.000000</point>
				<point>114.345642,223.013306</point>
			</points>
		</object>
		<object>
			<coordinate>pixel</coordinate>
			<type>rectangle</type>
			<description>None</description>
			<possibleresult>
				<name>Small Car</name>
			</possibleresult>
			<points>
				<point>140.000000,231.000000</point>
				<point>117.455666,232.024750</point>
				<point>117.000008,222.000000</point>
				<point>139.544342,220.975250</point>
				<point>140.000000,231.000000</point>
			</points>
		</object>
		<object>
			<coordinate>pixel</coordinate>
			<type>rectangle</type>
			<description>None</description>
			<possibleresult>
				<name>Small Car</name>
			</possibleresult>
			<points>
				<point>122.000000,256.000000</point>
				<point>104.000000,256.000000</point>
				<point>104.000000,247.000000</point>
				<point>122.000000,247.000000</point>
				<point>122.000000,256.000000</point>
			</points>
		</object>
		<object>
			<coordinate>pixel</coordinate>
			<type>rectangle</type>
			<description>None</description>
			<possibleresult>
				<name>Dump Truck</name>
			</possibleresult>
			<points>
				<point>90.000000,257.000000</point>
				<point>64.000000,257.000000</point>
				<point>64.000000,246.000000</point>
				<point>90.000000,246.000000</point>
				<point>90.000000,257.000000</point>
			</points>
		</object>
		<object>
			<coordinate>pixel</coordinate>
			<type>rectangle</type>
			<description>None</description>
			<possibleresult>
				<name>Small Car</name>
			</possibleresult>
			<points>
				<point>186.000000,234.000000</point>
				<point>165.000000,234.000000</point>
				<point>165.000000,224.000000</point>
				<point>186.000000,224.000000</point>
				<point>186.000000,234.000000</point>
			</points>
		</object>
		<object>
			<coordinate>pixel</coordinate>
			<type>rectangle</type>
			<description>None</description>
			<possibleresult>
				<name>Dump Truck</name>
			</possibleresult>
			<points>
				<point>246.000000,233.000000</point>
				<point>223.000000,233.000000</point>
				<point>223.000000,225.000000</point>
				<point>246.000000,225.000000</point>
				<point>246.000000,233.000000</point>
			</points>
		</object>
		<object>
			<coordinate>pixel</coordinate>
			<type>rectangle</type>
			<description>None</description>
			<possibleresult>
				<name>Small Car</name>
			</possibleresult>
			<points>
				<point>263.000000,257.000000</point>
				<point>241.000000,257.000000</point>
				<point>241.000000,249.000000</point>
				<point>263.000000,249.000000</point>
				<point>263.000000,257.000000</point>
			</points>
		</object>
		<object>
			<coordinate>pixel</coordinate>
			<type>rectangle</type>
			<description>None</description>
			<possibleresult>
				<name>Dump Truck</name>
			</possibleresult>
			<points>
				<point>420.000000,50.000000</point>
				<point>406.000000,70.000000</point>
				<point>395.530212,62.671143</point>
				<point>409.530212,42.671143</point>
				<point>420.000000,50.000000</point>
			</points>
		</object>
		<object>
			<coordinate>pixel</coordinate>
			<type>rectangle</type>
			<description>None</description>
			<possibleresult>
				<name>Small Car</name>
			</possibleresult>
			<points>
				<point>460.095520,123.324844</point>
				<point>451.000000,126.000000</point>
				<point>445.904480,108.675156</point>
				<point>455.000000,106.000000</point>
				<point>460.095520,123.324844</point>
			</points>
		</object>
		<object>
			<coordinate>pixel</coordinate>
			<type>rectangle</type>
			<description>None</description>
			<possibleresult>
				<name>Van</name>
			</possibleresult>
			<points>
				<point>320.000000,233.000000</point>
				<point>304.000000,233.000000</point>
				<point>304.000000,226.000000</point>
				<point>320.000000,226.000000</point>
				<point>320.000000,233.000000</point>
			</points>
		</object>
		<object>
			<coordinate>pixel</coordinate>
			<type>rectangle</type>
			<description>None</description>
			<possibleresult>
				<name>Small Car</name>
			</possibleresult>
			<points>
				<point>357.999969,233.000015</point>
				<point>336.999969,234.000015</point>
				<point>336.617645,225.970596</point>
				<point>357.617645,224.970596</point>
				<point>357.999969,233.000015</point>
			</points>
		</object>
		<object>
			<coordinate>pixel</coordinate>
			<type>rectangle</type>
			<description>None</description>
			<possibleresult>
				<name>Small Car</name>
			</possibleresult>
			<points>
				<point>392.000000,235.000000</point>
				<point>373.000000,235.000000</point>
				<point>373.000000,227.000000</point>
				<point>392.000000,227.000000</point>
				<point>392.000000,235.000000</point>
			</points>
		</object>
		<object>
			<coordinate>pixel</coordinate>
			<type>rectangle</type>
			<description>None</description>
			<possibleresult>
				<name>Small Car</name>
			</possibleresult>
			<points>
				<point>411.000000,257.000000</point>
				<point>393.000000,257.000000</point>
				<point>393.000000,249.000000</point>
				<point>411.000000,249.000000</point>
				<point>411.000000,257.000000</point>
			</points>
		</object>
		<object>
			<coordinate>pixel</coordinate>
			<type>rectangle</type>
			<description>None</description>
			<possibleresult>
				<name>Van</name>
			</possibleresult>
			<points>
				<point>458.527588,234.968964</point>
				<point>441.527588,235.968964</point>
				<point>441.000000,227.000000</point>
				<point>458.000000,226.000000</point>
				<point>458.527588,234.968964</point>
			</points>
		</object>
		<object>
			<coordinate>pixel</coordinate>
			<type>rectangle</type>
			<description>None</description>
			<possibleresult>
				<name>Small Car</name>
			</possibleresult>
			<points>
				<point>516.000000,235.000000</point>
				<point>496.000000,235.000000</point>
				<point>496.000000,227.000000</point>
				<point>516.000000,227.000000</point>
				<point>516.000000,235.000000</point>
			</points>
		</object>
		<object>
			<coordinate>pixel</coordinate>
			<type>rectangle</type>
			<description>None</description>
			<possibleresult>
				<name>Small Car</name>
			</possibleresult>
			<points>
				<point>527.367432,257.980652</point>
				<point>508.000000,259.000000</point>
				<point>507.632568,252.019333</point>
				<point>527.000000,250.999969</point>
				<point>527.367432,257.980652</point>
			</points>
		</object>
		<object>
			<coordinate>pixel</coordinate>
			<type>rectangle</type>
			<description>None</description>
			<possibleresult>
				<name>Small Car</name>
			</possibleresult>
			<points>
				<point>553.000000,228.000000</point>
				<point>552.635010,236.028870</point>
				<point>530.635010,235.028870</point>
				<point>531.000000,227.000000</point>
				<point>553.000000,228.000000</point>
			</points>
		</object>
		<object>
			<coordinate>pixel</coordinate>
			<type>rectangle</type>
			<description>None</description>
			<possibleresult>
				<name>Small Car</name>
			</possibleresult>
			<points>
				<point>504.000000,50.999992</point>
				<point>491.833740,68.235558</point>
				<point>483.000000,61.999992</point>
				<point>495.166260,44.764427</point>
				<point>504.000000,50.999992</point>
			</points>
		</object>
		<object>
			<coordinate>pixel</coordinate>
			<type>rectangle</type>
			<description>None</description>
			<possibleresult>
				<name>Small Car</name>
			</possibleresult>
			<points>
				<point>519.063660,54.913307</point>
				<point>508.000061,70.000008</point>
				<point>499.936462,64.086716</point>
				<point>511.000061,49.000015</point>
				<point>519.063660,54.913307</point>
			</points>
		</object>
		<object>
			<coordinate>pixel</coordinate>
			<type>rectangle</type>
			<description>None</description>
			<possibleresult>
				<name>Small Car</name>
			</possibleresult>
			<points>
				<point>533.411743,54.352913</point>
				<point>519.576416,70.494087</point>
				<point>512.000000,63.999969</point>
				<point>525.835327,47.858795</point>
				<point>533.411743,54.352913</point>
			</points>
		</object>
		<object>
			<coordinate>pixel</coordinate>
			<type>rectangle</type>
			<description>None</description>
			<possibleresult>
				<name>Van</name>
			</possibleresult>
			<points>
				<point>579.000000,19.000004</point>
				<point>578.642090,29.022934</point>
				<point>550.642090,28.022934</point>
				<point>551.000000,18.000004</point>
				<point>579.000000,19.000004</point>
			</points>
		</object>
		<object>
			<coordinate>pixel</coordinate>
			<type>rectangle</type>
			<description>None</description>
			<possibleresult>
				<name>other-vehicle</name>
			</possibleresult>
			<points>
				<point>574.050354,51.931755</point>
				<point>560.050354,70.931755</point>
				<point>552.000061,64.999977</point>
				<point>566.000061,45.999977</point>
				<point>574.050354,51.931755</point>
			</points>
		</object>
		<object>
			<coordinate>pixel</coordinate>
			<type>rectangle</type>
			<description>None</description>
			<possibleresult>
				<name>Van</name>
			</possibleresult>
			<points>
				<point>595.073608,50.892464</point>
				<point>582.000000,70.000008</point>
				<point>571.926392,63.107559</point>
				<point>585.000000,44.000015</point>
				<point>595.073608,50.892464</point>
			</points>
		</object>
		<object>
			<coordinate>pixel</coordinate>
			<type>rectangle</type>
			<description>None</description>
			<possibleresult>
				<name>Van</name>
			</possibleresult>
			<points>
				<point>624.999939,54.000015</point>
				<point>613.999939,71.000015</point>
				<point>604.919495,65.124405</point>
				<point>615.919495,48.124405</point>
				<point>624.999939,54.000015</point>
			</points>
		</object>
		<object>
			<coordinate>pixel</coordinate>
			<type>rectangle</type>
			<description>None</description>
			<possibleresult>
				<name>Small Car</name>
			</possibleresult>
			<points>
				<point>560.022827,97.960579</point>
				<point>549.000000,116.999992</point>
				<point>536.977173,110.039406</point>
				<point>548.000000,90.999992</point>
				<point>560.022827,97.960579</point>
			</points>
		</object>
	</objects>
</annotation>