<?xml version="1.0" encoding="utf-8"?>
<annotation>
	<source>
		<filename>1078.tif</filename>
		<origin>GF2/GF3</origin>
	</source>
	<research>
		<version>1.0</version>
		<provider>FAIR1M</provider>
		<author>Cyber</author>
		<pluginname>FAIR1M</pluginname>
		<pluginclass>object detection</pluginclass>
		<time>2021-03</time>
	</research>
	<size>
		<width>1000</width>
		<height>1000</height>
		<depth>3</depth>
	</size>
	<objects>
		<object>
			<coordinate>pixel</coordinate>
			<type>rectangle</type>
			<description>None</description>
			<possibleresult>
				<name>Van</name>
			</possibleresult>
			<points>
				<point>919.317810,559.938599</point>
				<point>913.000061,564.000000</point>
				<point>904.000061,550.000000</point>
				<point>910.317810,545.938599</point>
				<point>919.317810,559.938599</point>
			</points>
		</object>
		<object>
			<coordinate>pixel</coordinate>
			<type>rectangle</type>
			<description>None</description>
			<possibleresult>
				<name>Small Car</name>
			</possibleresult>
			<points>
				<point>924.034729,605.044189</point>
				<point>919.000061,609.000000</point>
				<point>907.965393,594.955811</point>
				<point>913.000061,591.000000</point>
				<point>924.034729,605.044189</point>
			</points>
		</object>
		<object>
			<coordinate>pixel</coordinate>
			<type>rectangle</type>
			<description>None</description>
			<possibleresult>
				<name>Van</name>
			</possibleresult>
			<points>
				<point>912.999878,609.999939</point>
				<point>906.999878,613.999939</point>
				<point>896.538330,598.307678</point>
				<point>902.538330,594.307678</point>
				<point>912.999878,609.999939</point>
			</points>
		</object>
		<object>
			<coordinate>pixel</coordinate>
			<type>rectangle</type>
			<description>None</description>
			<possibleresult>
				<name>Small Car</name>
			</possibleresult>
			<points>
				<point>898.000000,615.000000</point>
				<point>892.264648,618.441162</point>
				<point>883.705811,604.176514</point>
				<point>889.441162,600.735352</point>
				<point>898.000000,615.000000</point>
			</points>
		</object>
		<object>
			<coordinate>pixel</coordinate>
			<type>rectangle</type>
			<description>None</description>
			<possibleresult>
				<name>Van</name>
			</possibleresult>
			<points>
				<point>909.000122,632.000061</point>
				<point>901.281128,635.602234</point>
				<point>894.281128,620.602234</point>
				<point>902.000122,617.000061</point>
				<point>909.000122,632.000061</point>
			</points>
		</object>
		<object>
			<coordinate>pixel</coordinate>
			<type>rectangle</type>
			<description>None</description>
			<possibleresult>
				<name>Small Car</name>
			</possibleresult>
			<points>
				<point>949.646240,612.630737</point>
				<point>941.892334,617.061523</point>
				<point>931.000000,598.000000</point>
				<point>938.753906,593.569214</point>
				<point>949.646240,612.630737</point>
			</points>
		</object>
		<object>
			<coordinate>pixel</coordinate>
			<type>rectangle</type>
			<description>None</description>
			<possibleresult>
				<name>Van</name>
			</possibleresult>
			<points>
				<point>987.000000,611.000000</point>
				<point>980.051392,615.087402</point>
				<point>970.051392,598.087402</point>
				<point>977.000000,594.000000</point>
				<point>987.000000,611.000000</point>
			</points>
		</object>
		<object>
			<coordinate>pixel</coordinate>
			<type>rectangle</type>
			<description>None</description>
			<possibleresult>
				<name>Small Car</name>
			</possibleresult>
			<points>
				<point>997.430786,604.753784</point>
				<point>990.430786,608.753784</point>
				<point>982.000000,594.000000</point>
				<point>989.000000,590.000000</point>
				<point>997.430786,604.753784</point>
			</points>
		</object>
		<object>
			<coordinate>pixel</coordinate>
			<type>rectangle</type>
			<description>None</description>
			<possibleresult>
				<name>Small Car</name>
			</possibleresult>
			<points>
				<point>996.353882,650.369324</point>
				<point>989.353882,654.369324</point>
				<point>980.000000,638.000061</point>
				<point>987.000000,634.000061</point>
				<point>996.353882,650.369324</point>
			</points>
		</object>
		<object>
			<coordinate>pixel</coordinate>
			<type>rectangle</type>
			<description>None</description>
			<possibleresult>
				<name>Van</name>
			</possibleresult>
			<points>
				<point>962.000000,657.000061</point>
				<point>956.096313,660.179016</point>
				<point>949.000000,647.000061</point>
				<point>954.903687,643.821106</point>
				<point>962.000000,657.000061</point>
			</points>
		</object>
		<object>
			<coordinate>pixel</coordinate>
			<type>rectangle</type>
			<description>None</description>
			<possibleresult>
				<name>Van</name>
			</possibleresult>
			<points>
				<point>950.000000,658.000000</point>
				<point>943.000000,662.000000</point>
				<point>934.753906,647.569214</point>
				<point>941.753906,643.569214</point>
				<point>950.000000,658.000000</point>
			</points>
		</object>
		<object>
			<coordinate>pixel</coordinate>
			<type>rectangle</type>
			<description>None</description>
			<possibleresult>
				<name>Small Car</name>
			</possibleresult>
			<points>
				<point>931.000000,669.000061</point>
				<point>923.647095,673.411804</point>
				<point>914.647095,658.411804</point>
				<point>922.000000,654.000061</point>
				<point>931.000000,669.000061</point>
			</points>
		</object>
		<object>
			<coordinate>pixel</coordinate>
			<type>rectangle</type>
			<description>None</description>
			<possibleresult>
				<name>Van</name>
			</possibleresult>
			<points>
				<point>950.000122,684.000061</point>
				<point>942.800171,687.600037</point>
				<point>934.800171,671.600037</point>
				<point>942.000122,668.000061</point>
				<point>950.000122,684.000061</point>
			</points>
		</object>
		<object>
			<coordinate>pixel</coordinate>
			<type>rectangle</type>
			<description>None</description>
			<possibleresult>
				<name>Van</name>
			</possibleresult>
			<points>
				<point>938.110718,687.207703</point>
				<point>931.000000,691.000061</point>
				<point>922.889282,675.792419</point>
				<point>930.000000,672.000061</point>
				<point>938.110718,687.207703</point>
			</points>
		</object>
		<object>
			<coordinate>pixel</coordinate>
			<type>rectangle</type>
			<description>None</description>
			<possibleresult>
				<name>Small Car</name>
			</possibleresult>
			<points>
				<point>1000.000000,716.999939</point>
				<point>989.999939,702.000000</point>
				<point>995.735291,698.558838</point>
				<point>1000.000000,705.666748</point>
				<point>1000.000000,716.999939</point>
			</points>
		</object>
		<object>
			<coordinate>pixel</coordinate>
			<type>rectangle</type>
			<description>None</description>
			<possibleresult>
				<name>Van</name>
			</possibleresult>
			<points>
				<point>994.647095,717.411682</point>
				<point>987.000000,721.999939</point>
				<point>978.000000,706.999939</point>
				<point>985.647095,702.411682</point>
				<point>994.647095,717.411682</point>
			</points>
		</object>
		<object>
			<coordinate>pixel</coordinate>
			<type>rectangle</type>
			<description>None</description>
			<possibleresult>
				<name>Van</name>
			</possibleresult>
			<points>
				<point>983.000000,720.000000</point>
				<point>976.088257,724.147095</point>
				<point>967.000000,709.000000</point>
				<point>973.911743,704.852905</point>
				<point>983.000000,720.000000</point>
			</points>
		</object>
		<object>
			<coordinate>pixel</coordinate>
			<type>rectangle</type>
			<description>None</description>
			<possibleresult>
				<name>Small Car</name>
			</possibleresult>
			<points>
				<point>959.000000,724.000061</point>
				<point>952.307739,728.461609</point>
				<point>942.000000,713.000061</point>
				<point>948.692261,708.538513</point>
				<point>959.000000,724.000061</point>
			</points>
		</object>
		<object>
			<coordinate>pixel</coordinate>
			<type>rectangle</type>
			<description>None</description>
			<possibleresult>
				<name>Small Car</name>
			</possibleresult>
			<points>
				<point>994.000000,738.999939</point>
				<point>987.088257,743.147034</point>
				<point>978.000000,727.999939</point>
				<point>984.911743,723.852844</point>
				<point>994.000000,738.999939</point>
			</points>
		</object>
		<object>
			<coordinate>pixel</coordinate>
			<type>rectangle</type>
			<description>None</description>
			<possibleresult>
				<name>Small Car</name>
			</possibleresult>
			<points>
				<point>981.461426,740.692200</point>
				<point>975.461426,744.692200</point>
				<point>964.999878,728.999939</point>
				<point>970.999878,724.999939</point>
				<point>981.461426,740.692200</point>
			</points>
		</object>
		<object>
			<coordinate>pixel</coordinate>
			<type>rectangle</type>
			<description>None</description>
			<possibleresult>
				<name>Small Car</name>
			</possibleresult>
			<points>
				<point>968.000122,743.000000</point>
				<point>962.072144,747.104004</point>
				<point>953.000122,734.000000</point>
				<point>958.928101,729.895996</point>
				<point>968.000122,743.000000</point>
			</points>
		</object>
		<object>
			<coordinate>pixel</coordinate>
			<type>rectangle</type>
			<description>None</description>
			<possibleresult>
				<name>Van</name>
			</possibleresult>
			<points>
				<point>990.000000,778.999939</point>
				<point>983.000000,782.999939</point>
				<point>974.323120,767.815369</point>
				<point>981.323120,763.815369</point>
				<point>990.000000,778.999939</point>
			</points>
		</object>
		<object>
			<coordinate>pixel</coordinate>
			<type>rectangle</type>
			<description>None</description>
			<possibleresult>
				<name>Van</name>
			</possibleresult>
			<points>
				<point>753.000000,949.000000</point>
				<point>736.000000,955.000000</point>
				<point>733.470825,947.833862</point>
				<point>750.470825,941.833862</point>
				<point>753.000000,949.000000</point>
			</points>
		</object>
		<object>
			<coordinate>pixel</coordinate>
			<type>rectangle</type>
			<description>None</description>
			<possibleresult>
				<name>Small Car</name>
			</possibleresult>
			<points>
				<point>747.170837,941.946716</point>
				<point>731.000061,947.000061</point>
				<point>728.829285,940.053406</point>
				<point>745.000061,935.000061</point>
				<point>747.170837,941.946716</point>
			</points>
		</object>
		<object>
			<coordinate>pixel</coordinate>
			<type>rectangle</type>
			<description>None</description>
			<possibleresult>
				<name>Van</name>
			</possibleresult>
			<points>
				<point>741.000061,931.000061</point>
				<point>723.000061,937.000061</point>
				<point>721.000061,931.000061</point>
				<point>739.000061,925.000061</point>
				<point>741.000061,931.000061</point>
			</points>
		</object>
		<object>
			<coordinate>pixel</coordinate>
			<type>rectangle</type>
			<description>None</description>
			<possibleresult>
				<name>Van</name>
			</possibleresult>
			<points>
				<point>734.773560,921.207642</point>
				<point>718.000000,926.000122</point>
				<point>716.000000,919.000122</point>
				<point>732.773560,914.207642</point>
				<point>734.773560,921.207642</point>
			</points>
		</object>
		<object>
			<coordinate>pixel</coordinate>
			<type>rectangle</type>
			<description>None</description>
			<possibleresult>
				<name>Van</name>
			</possibleresult>
			<points>
				<point>728.000061,910.000061</point>
				<point>712.835876,917.076721</point>
				<point>710.000061,911.000061</point>
				<point>725.164246,903.923401</point>
				<point>728.000061,910.000061</point>
			</points>
		</object>
		<object>
			<coordinate>pixel</coordinate>
			<type>rectangle</type>
			<description>None</description>
			<possibleresult>
				<name>Van</name>
			</possibleresult>
			<points>
				<point>724.300110,902.900024</point>
				<point>706.000061,909.000000</point>
				<point>703.700012,902.099976</point>
				<point>722.000061,896.000000</point>
				<point>724.300110,902.900024</point>
			</points>
		</object>
		<object>
			<coordinate>pixel</coordinate>
			<type>rectangle</type>
			<description>None</description>
			<possibleresult>
				<name>Van</name>
			</possibleresult>
			<points>
				<point>718.113098,895.396240</point>
				<point>701.999939,900.000000</point>
				<point>699.999939,893.000000</point>
				<point>716.113098,888.396240</point>
				<point>718.113098,895.396240</point>
			</points>
		</object>
		<object>
			<coordinate>pixel</coordinate>
			<type>rectangle</type>
			<description>None</description>
			<possibleresult>
				<name>Small Car</name>
			</possibleresult>
			<points>
				<point>714.000061,883.000061</point>
				<point>698.835876,890.076721</point>
				<point>696.000061,884.000061</point>
				<point>711.164246,876.923401</point>
				<point>714.000061,883.000061</point>
			</points>
		</object>
		<object>
			<coordinate>pixel</coordinate>
			<type>rectangle</type>
			<description>None</description>
			<possibleresult>
				<name>Small Car</name>
			</possibleresult>
			<points>
				<point>708.000061,873.000061</point>
				<point>694.000061,881.000061</point>
				<point>690.676941,875.184631</point>
				<point>704.676941,867.184631</point>
				<point>708.000061,873.000061</point>
			</points>
		</object>
		<object>
			<coordinate>pixel</coordinate>
			<type>rectangle</type>
			<description>None</description>
			<possibleresult>
				<name>Small Car</name>
			</possibleresult>
			<points>
				<point>705.000000,865.000000</point>
				<point>687.899414,872.041382</point>
				<point>685.000000,865.000000</point>
				<point>702.100586,857.958618</point>
				<point>705.000000,865.000000</point>
			</points>
		</object>
		<object>
			<coordinate>pixel</coordinate>
			<type>rectangle</type>
			<description>None</description>
			<possibleresult>
				<name>Van</name>
			</possibleresult>
			<points>
				<point>699.000061,856.000061</point>
				<point>678.827698,864.069031</point>
				<point>676.000061,857.000061</point>
				<point>696.172424,848.931091</point>
				<point>699.000061,856.000061</point>
			</points>
		</object>
		<object>
			<coordinate>pixel</coordinate>
			<type>rectangle</type>
			<description>None</description>
			<possibleresult>
				<name>Small Car</name>
			</possibleresult>
			<points>
				<point>653.215332,771.277039</point>
				<point>636.215332,777.277039</point>
				<point>634.000000,771.000061</point>
				<point>651.000000,765.000061</point>
				<point>653.215332,771.277039</point>
			</points>
		</object>
		<object>
			<coordinate>pixel</coordinate>
			<type>rectangle</type>
			<description>None</description>
			<possibleresult>
				<name>Small Car</name>
			</possibleresult>
			<points>
				<point>642.000000,754.000000</point>
				<point>625.886108,759.035645</point>
				<point>624.000000,753.000000</point>
				<point>640.113892,747.964355</point>
				<point>642.000000,754.000000</point>
			</points>
		</object>
		<object>
			<coordinate>pixel</coordinate>
			<type>rectangle</type>
			<description>None</description>
			<possibleresult>
				<name>Small Car</name>
			</possibleresult>
			<points>
				<point>619.000061,715.000000</point>
				<point>599.496033,719.106079</point>
				<point>598.000061,712.000000</point>
				<point>617.504089,707.893921</point>
				<point>619.000061,715.000000</point>
			</points>
		</object>
		<object>
			<coordinate>pixel</coordinate>
			<type>rectangle</type>
			<description>None</description>
			<possibleresult>
				<name>Small Car</name>
			</possibleresult>
			<points>
				<point>612.000000,693.999939</point>
				<point>594.783447,699.063660</point>
				<point>593.000000,692.999939</point>
				<point>610.216553,687.936218</point>
				<point>612.000000,693.999939</point>
			</points>
		</object>
		<object>
			<coordinate>pixel</coordinate>
			<type>rectangle</type>
			<description>None</description>
			<possibleresult>
				<name>Small Car</name>
			</possibleresult>
			<points>
				<point>604.000000,686.000061</point>
				<point>584.948608,689.008118</point>
				<point>584.000000,683.000061</point>
				<point>603.051392,679.992004</point>
				<point>604.000000,686.000061</point>
			</points>
		</object>
		<object>
			<coordinate>pixel</coordinate>
			<type>rectangle</type>
			<description>None</description>
			<possibleresult>
				<name>Small Car</name>
			</possibleresult>
			<points>
				<point>600.228210,664.959717</point>
				<point>583.000061,668.000000</point>
				<point>581.771912,661.040283</point>
				<point>599.000061,658.000000</point>
				<point>600.228210,664.959717</point>
			</points>
		</object>
		<object>
			<coordinate>pixel</coordinate>
			<type>rectangle</type>
			<description>None</description>
			<possibleresult>
				<name>Van</name>
			</possibleresult>
			<points>
				<point>600.594116,653.940613</point>
				<point>580.000000,656.000061</point>
				<point>579.405884,650.059509</point>
				<point>600.000000,648.000061</point>
				<point>600.594116,653.940613</point>
			</points>
		</object>
		<object>
			<coordinate>pixel</coordinate>
			<type>rectangle</type>
			<description>None</description>
			<possibleresult>
				<name>Van</name>
			</possibleresult>
			<points>
				<point>597.000000,634.000061</point>
				<point>577.635620,636.038391</point>
				<point>577.000000,630.000061</point>
				<point>596.364380,627.961731</point>
				<point>597.000000,634.000061</point>
			</points>
		</object>
		<object>
			<coordinate>pixel</coordinate>
			<type>rectangle</type>
			<description>None</description>
			<possibleresult>
				<name>Van</name>
			</possibleresult>
			<points>
				<point>595.000000,626.000000</point>
				<point>573.000000,626.000000</point>
				<point>573.000000,620.000000</point>
				<point>595.000000,620.000000</point>
				<point>595.000000,626.000000</point>
			</points>
		</object>
		<object>
			<coordinate>pixel</coordinate>
			<type>rectangle</type>
			<description>None</description>
			<possibleresult>
				<name>Small Car</name>
			</possibleresult>
			<points>
				<point>590.000000,605.000061</point>
				<point>571.000000,607.000061</point>
				<point>570.260254,599.972717</point>
				<point>589.260254,597.972717</point>
				<point>590.000000,605.000061</point>
			</points>
		</object>
		<object>
			<coordinate>pixel</coordinate>
			<type>rectangle</type>
			<description>None</description>
			<possibleresult>
				<name>Small Car</name>
			</possibleresult>
			<points>
				<point>573.000061,753.000122</point>
				<point>555.000061,757.000122</point>
				<point>553.635315,750.858887</point>
				<point>571.635315,746.858887</point>
				<point>573.000061,753.000122</point>
			</points>
		</object>
		<object>
			<coordinate>pixel</coordinate>
			<type>rectangle</type>
			<description>None</description>
			<possibleresult>
				<name>Small Car</name>
			</possibleresult>
			<points>
				<point>584.000061,772.000061</point>
				<point>564.606262,777.103699</point>
				<point>563.000061,771.000061</point>
				<point>582.393860,765.896423</point>
				<point>584.000061,772.000061</point>
			</points>
		</object>
		<object>
			<coordinate>pixel</coordinate>
			<type>rectangle</type>
			<description>None</description>
			<possibleresult>
				<name>Small Car</name>
			</possibleresult>
			<points>
				<point>586.993835,779.649170</point>
				<point>569.993835,785.649170</point>
				<point>567.999939,780.000000</point>
				<point>584.999939,774.000000</point>
				<point>586.993835,779.649170</point>
			</points>
		</object>
		<object>
			<coordinate>pixel</coordinate>
			<type>rectangle</type>
			<description>None</description>
			<possibleresult>
				<name>Van</name>
			</possibleresult>
			<points>
				<point>596.629272,789.136597</point>
				<point>577.629272,796.136597</point>
				<point>575.000000,789.000000</point>
				<point>594.000000,782.000000</point>
				<point>596.629272,789.136597</point>
			</points>
		</object>
		<object>
			<coordinate>pixel</coordinate>
			<type>rectangle</type>
			<description>None</description>
			<possibleresult>
				<name>Small Car</name>
			</possibleresult>
			<points>
				<point>600.000000,798.000000</point>
				<point>582.547363,805.186401</point>
				<point>580.000000,799.000000</point>
				<point>597.452637,791.813599</point>
				<point>600.000000,798.000000</point>
			</points>
		</object>
		<object>
			<coordinate>pixel</coordinate>
			<type>rectangle</type>
			<description>None</description>
			<possibleresult>
				<name>Small Car</name>
			</possibleresult>
			<points>
				<point>606.300110,807.900085</point>
				<point>588.000061,814.000061</point>
				<point>585.700012,807.100037</point>
				<point>604.000061,801.000061</point>
				<point>606.300110,807.900085</point>
			</points>
		</object>
		<object>
			<coordinate>pixel</coordinate>
			<type>rectangle</type>
			<description>None</description>
			<possibleresult>
				<name>Small Car</name>
			</possibleresult>
			<points>
				<point>611.055725,823.965576</point>
				<point>597.999939,831.999878</point>
				<point>594.944153,827.034180</point>
				<point>607.999939,818.999878</point>
				<point>611.055725,823.965576</point>
			</points>
		</object>
		<object>
			<coordinate>pixel</coordinate>
			<type>rectangle</type>
			<description>None</description>
			<possibleresult>
				<name>Small Car</name>
			</possibleresult>
			<points>
				<point>655.816345,602.419739</point>
				<point>648.816345,618.419739</point>
				<point>640.999939,615.000061</point>
				<point>647.999939,599.000061</point>
				<point>655.816345,602.419739</point>
			</points>
		</object>
		<object>
			<coordinate>pixel</coordinate>
			<type>rectangle</type>
			<description>None</description>
			<possibleresult>
				<name>Small Car</name>
			</possibleresult>
			<points>
				<point>704.100037,660.300110</point>
				<point>686.100037,666.300110</point>
				<point>684.000061,660.000061</point>
				<point>702.000061,654.000061</point>
				<point>704.100037,660.300110</point>
			</points>
		</object>
		<object>
			<coordinate>pixel</coordinate>
			<type>rectangle</type>
			<description>None</description>
			<possibleresult>
				<name>Small Car</name>
			</possibleresult>
			<points>
				<point>724.000000,674.999939</point>
				<point>704.282104,681.226624</point>
				<point>702.000000,673.999939</point>
				<point>721.717896,667.773254</point>
				<point>724.000000,674.999939</point>
			</points>
		</object>
		<object>
			<coordinate>pixel</coordinate>
			<type>rectangle</type>
			<description>None</description>
			<possibleresult>
				<name>Small Car</name>
			</possibleresult>
			<points>
				<point>732.052490,703.977051</point>
				<point>716.000000,711.000000</point>
				<point>712.947510,704.022949</point>
				<point>729.000000,697.000000</point>
				<point>732.052490,703.977051</point>
			</points>
		</object>
		<object>
			<coordinate>pixel</coordinate>
			<type>rectangle</type>
			<description>None</description>
			<possibleresult>
				<name>Small Car</name>
			</possibleresult>
			<points>
				<point>741.000000,713.000000</point>
				<point>719.471680,719.151001</point>
				<point>718.000000,714.000000</point>
				<point>739.528320,707.848999</point>
				<point>741.000000,713.000000</point>
			</points>
		</object>
		<object>
			<coordinate>pixel</coordinate>
			<type>rectangle</type>
			<description>None</description>
			<possibleresult>
				<name>Small Car</name>
			</possibleresult>
			<points>
				<point>746.000000,724.000061</point>
				<point>726.000000,730.000061</point>
				<point>723.825684,722.752380</point>
				<point>743.825684,716.752380</point>
				<point>746.000000,724.000061</point>
			</points>
		</object>
		<object>
			<coordinate>pixel</coordinate>
			<type>rectangle</type>
			<description>None</description>
			<possibleresult>
				<name>Dump Truck</name>
			</possibleresult>
			<points>
				<point>655.000000,723.000061</point>
				<point>648.000000,727.000061</point>
				<point>640.000000,713.000061</point>
				<point>647.000000,709.000061</point>
				<point>655.000000,723.000061</point>
			</points>
		</object>
		<object>
			<coordinate>pixel</coordinate>
			<type>rectangle</type>
			<description>None</description>
			<possibleresult>
				<name>Cargo Truck</name>
			</possibleresult>
			<points>
				<point>760.120850,802.179382</point>
				<point>750.000000,808.999939</point>
				<point>718.879150,762.820496</point>
				<point>729.000000,755.999939</point>
				<point>760.120850,802.179382</point>
			</points>
		</object>
		<object>
			<coordinate>pixel</coordinate>
			<type>rectangle</type>
			<description>None</description>
			<possibleresult>
				<name>Small Car</name>
			</possibleresult>
			<points>
				<point>659.000000,903.999939</point>
				<point>641.000000,909.999939</point>
				<point>638.599976,902.799988</point>
				<point>656.599976,896.799988</point>
				<point>659.000000,903.999939</point>
			</points>
		</object>
		<object>
			<coordinate>pixel</coordinate>
			<type>rectangle</type>
			<description>None</description>
			<possibleresult>
				<name>Small Car</name>
			</possibleresult>
			<points>
				<point>664.104675,912.963196</point>
				<point>647.000061,919.000061</point>
				<point>644.895447,913.036926</point>
				<point>662.000061,907.000061</point>
				<point>664.104675,912.963196</point>
			</points>
		</object>
		<object>
			<coordinate>pixel</coordinate>
			<type>rectangle</type>
			<description>None</description>
			<possibleresult>
				<name>Small Car</name>
			</possibleresult>
			<points>
				<point>674.000061,934.000061</point>
				<point>655.400085,940.200012</point>
				<point>653.000061,933.000061</point>
				<point>671.600037,926.800110</point>
				<point>674.000061,934.000061</point>
			</points>
		</object>
		<object>
			<coordinate>pixel</coordinate>
			<type>rectangle</type>
			<description>None</description>
			<possibleresult>
				<name>Small Car</name>
			</possibleresult>
			<points>
				<point>685.172363,951.930969</point>
				<point>665.172363,959.930969</point>
				<point>662.000000,951.999939</point>
				<point>682.000000,943.999939</point>
				<point>685.172363,951.930969</point>
			</points>
		</object>
		<object>
			<coordinate>pixel</coordinate>
			<type>rectangle</type>
			<description>None</description>
			<possibleresult>
				<name>Small Car</name>
			</possibleresult>
			<points>
				<point>689.478577,960.848755</point>
				<point>669.999939,966.999878</point>
				<point>667.521301,959.151001</point>
				<point>686.999939,952.999878</point>
				<point>689.478577,960.848755</point>
			</points>
		</object>
		<object>
			<coordinate>pixel</coordinate>
			<type>rectangle</type>
			<description>None</description>
			<possibleresult>
				<name>Small Car</name>
			</possibleresult>
			<points>
				<point>694.000000,969.999939</point>
				<point>675.000000,976.999939</point>
				<point>672.370728,969.863342</point>
				<point>691.370728,962.863342</point>
				<point>694.000000,969.999939</point>
			</points>
		</object>
		<object>
			<coordinate>pixel</coordinate>
			<type>rectangle</type>
			<description>None</description>
			<possibleresult>
				<name>Small Car</name>
			</possibleresult>
			<points>
				<point>760.100037,970.300049</point>
				<point>742.100037,976.300049</point>
				<point>740.000061,970.000000</point>
				<point>758.000061,964.000000</point>
				<point>760.100037,970.300049</point>
			</points>
		</object>
		<object>
			<coordinate>pixel</coordinate>
			<type>rectangle</type>
			<description>None</description>
			<possibleresult>
				<name>Small Car</name>
			</possibleresult>
			<points>
				<point>767.000000,977.000000</point>
				<point>746.000000,983.000000</point>
				<point>744.264160,976.924561</point>
				<point>765.264160,970.924561</point>
				<point>767.000000,977.000000</point>
			</points>
		</object>
		<object>
			<coordinate>pixel</coordinate>
			<type>rectangle</type>
			<description>None</description>
			<possibleresult>
				<name>Small Car</name>
			</possibleresult>
			<points>
				<point>770.000061,988.000061</point>
				<point>750.606262,993.103699</point>
				<point>749.000061,987.000061</point>
				<point>768.393860,981.896423</point>
				<point>770.000061,988.000061</point>
			</points>
		</object>
		<object>
			<coordinate>pixel</coordinate>
			<type>rectangle</type>
			<description>None</description>
			<possibleresult>
				<name>Small Car</name>
			</possibleresult>
			<points>
				<point>755.000061,1000.000000</point>
				<point>754.000061,997.000000</point>
				<point>772.600037,990.800049</point>
				<point>775.000061,998.000000</point>
				<point>755.000061,1000.000000</point>
			</points>
		</object>
		<object>
			<coordinate>pixel</coordinate>
			<type>rectangle</type>
			<description>None</description>
			<possibleresult>
				<name>Small Car</name>
			</possibleresult>
			<points>
				<point>689.882385,1000.000000</point>
				<point>689.000000,996.999878</point>
				<point>706.216553,991.936157</point>
				<point>708.000000,997.999878</point>
				<point>689.882385,1000.000000</point>
			</points>
		</object>
		<object>
			<coordinate>pixel</coordinate>
			<type>rectangle</type>
			<description>None</description>
			<possibleresult>
				<name>Small Car</name>
			</possibleresult>
			<points>
				<point>542.000000,551.000000</point>
				<point>536.217651,554.373047</point>
				<point>529.000000,542.000000</point>
				<point>534.782349,538.626953</point>
				<point>542.000000,551.000000</point>
			</points>
		</object>
		<object>
			<coordinate>pixel</coordinate>
			<type>rectangle</type>
			<description>None</description>
			<possibleresult>
				<name>Van</name>
			</possibleresult>
			<points>
				<point>553.000000,548.000061</point>
				<point>547.083008,551.155823</point>
				<point>539.000000,536.000061</point>
				<point>544.916992,532.844299</point>
				<point>553.000000,548.000061</point>
			</points>
		</object>
		<object>
			<coordinate>pixel</coordinate>
			<type>rectangle</type>
			<description>None</description>
			<possibleresult>
				<name>Small Car</name>
			</possibleresult>
			<points>
				<point>597.400085,533.800049</point>
				<point>591.000061,537.000000</point>
				<point>583.600037,522.199951</point>
				<point>590.000061,519.000000</point>
				<point>597.400085,533.800049</point>
			</points>
		</object>
		<object>
			<coordinate>pixel</coordinate>
			<type>rectangle</type>
			<description>None</description>
			<possibleresult>
				<name>Small Car</name>
			</possibleresult>
			<points>
				<point>618.128418,525.238525</point>
				<point>613.000000,528.000000</point>
				<point>605.871582,514.761475</point>
				<point>611.000000,512.000000</point>
				<point>618.128418,525.238525</point>
			</points>
		</object>
		<object>
			<coordinate>pixel</coordinate>
			<type>rectangle</type>
			<description>None</description>
			<possibleresult>
				<name>Small Car</name>
			</possibleresult>
			<points>
				<point>663.230652,511.846130</point>
				<point>656.538391,516.307678</point>
				<point>646.999939,502.000000</point>
				<point>653.692200,497.538452</point>
				<point>663.230652,511.846130</point>
			</points>
		</object>
		<object>
			<coordinate>pixel</coordinate>
			<type>rectangle</type>
			<description>None</description>
			<possibleresult>
				<name>Small Car</name>
			</possibleresult>
			<points>
				<point>742.088257,487.147034</point>
				<point>734.000000,492.000000</point>
				<point>724.911743,476.852966</point>
				<point>733.000000,472.000000</point>
				<point>742.088257,487.147034</point>
			</points>
		</object>
		<object>
			<coordinate>pixel</coordinate>
			<type>rectangle</type>
			<description>None</description>
			<possibleresult>
				<name>Van</name>
			</possibleresult>
			<points>
				<point>708.153809,447.230713</point>
				<point>701.000000,451.999939</point>
				<point>690.846191,436.769165</point>
				<point>698.000000,431.999939</point>
				<point>708.153809,447.230713</point>
			</points>
		</object>
		<object>
			<coordinate>pixel</coordinate>
			<type>rectangle</type>
			<description>None</description>
			<possibleresult>
				<name>Van</name>
			</possibleresult>
			<points>
				<point>662.676941,462.184662</point>
				<point>655.676941,466.184662</point>
				<point>647.000061,451.000031</point>
				<point>654.000061,447.000031</point>
				<point>662.676941,462.184662</point>
			</points>
		</object>
		<object>
			<coordinate>pixel</coordinate>
			<type>rectangle</type>
			<description>None</description>
			<possibleresult>
				<name>Small Car</name>
			</possibleresult>
			<points>
				<point>640.000000,467.999939</point>
				<point>633.307739,472.461487</point>
				<point>623.000000,456.999939</point>
				<point>629.692261,452.538391</point>
				<point>640.000000,467.999939</point>
			</points>
		</object>
		<object>
			<coordinate>pixel</coordinate>
			<type>rectangle</type>
			<description>None</description>
			<possibleresult>
				<name>Van</name>
			</possibleresult>
			<points>
				<point>606.246094,479.430756</point>
				<point>600.000000,482.999969</point>
				<point>591.753906,468.569183</point>
				<point>598.000000,464.999969</point>
				<point>606.246094,479.430756</point>
			</points>
		</object>
		<object>
			<coordinate>pixel</coordinate>
			<type>rectangle</type>
			<description>None</description>
			<possibleresult>
				<name>Small Car</name>
			</possibleresult>
			<points>
				<point>595.281067,483.602234</point>
				<point>588.000061,487.000061</point>
				<point>581.000061,472.000061</point>
				<point>588.281067,468.602234</point>
				<point>595.281067,483.602234</point>
			</points>
		</object>
		<object>
			<coordinate>pixel</coordinate>
			<type>rectangle</type>
			<description>None</description>
			<possibleresult>
				<name>Small Car</name>
			</possibleresult>
			<points>
				<point>585.000000,487.000000</point>
				<point>578.000000,491.000000</point>
				<point>569.569214,476.246155</point>
				<point>576.569214,472.246155</point>
				<point>585.000000,487.000000</point>
			</points>
		</object>
		<object>
			<coordinate>pixel</coordinate>
			<type>rectangle</type>
			<description>None</description>
			<possibleresult>
				<name>Van</name>
			</possibleresult>
			<points>
				<point>573.200012,490.400055</point>
				<point>566.000061,494.000031</point>
				<point>559.000061,480.000031</point>
				<point>566.200012,476.400055</point>
				<point>573.200012,490.400055</point>
			</points>
		</object>
		<object>
			<coordinate>pixel</coordinate>
			<type>rectangle</type>
			<description>None</description>
			<possibleresult>
				<name>Small Car</name>
			</possibleresult>
			<points>
				<point>562.000061,495.000000</point>
				<point>555.659485,498.356750</point>
				<point>546.659485,481.356750</point>
				<point>553.000061,478.000000</point>
				<point>562.000061,495.000000</point>
			</points>
		</object>
		<object>
			<coordinate>pixel</coordinate>
			<type>rectangle</type>
			<description>None</description>
			<possibleresult>
				<name>Small Car</name>
			</possibleresult>
			<points>
				<point>540.999939,503.000031</point>
				<point>534.753845,506.569244</point>
				<point>526.753845,492.569244</point>
				<point>532.999939,489.000031</point>
				<point>540.999939,503.000031</point>
			</points>
		</object>
		<object>
			<coordinate>pixel</coordinate>
			<type>rectangle</type>
			<description>None</description>
			<possibleresult>
				<name>Small Car</name>
			</possibleresult>
			<points>
				<point>530.000061,506.000061</point>
				<point>522.281067,509.602234</point>
				<point>515.281067,494.602234</point>
				<point>523.000061,491.000061</point>
				<point>530.000061,506.000061</point>
			</points>
		</object>
		<object>
			<coordinate>pixel</coordinate>
			<type>rectangle</type>
			<description>None</description>
			<possibleresult>
				<name>Small Car</name>
			</possibleresult>
			<points>
				<point>511.430786,511.753906</point>
				<point>504.430786,515.753906</point>
				<point>496.000000,501.000061</point>
				<point>503.000000,497.000061</point>
				<point>511.430786,511.753906</point>
			</points>
		</object>
		<object>
			<coordinate>pixel</coordinate>
			<type>rectangle</type>
			<description>None</description>
			<possibleresult>
				<name>Small Car</name>
			</possibleresult>
			<points>
				<point>475.610107,573.393555</point>
				<point>470.000000,577.000000</point>
				<point>461.000000,563.000000</point>
				<point>466.610107,559.393555</point>
				<point>475.610107,573.393555</point>
			</points>
		</object>
		<object>
			<coordinate>pixel</coordinate>
			<type>rectangle</type>
			<description>None</description>
			<possibleresult>
				<name>Van</name>
			</possibleresult>
			<points>
				<point>918.889282,462.792389</point>
				<point>911.000000,467.000031</point>
				<point>903.000000,452.000031</point>
				<point>910.889282,447.792389</point>
				<point>918.889282,462.792389</point>
			</points>
		</object>
		<object>
			<coordinate>pixel</coordinate>
			<type>rectangle</type>
			<description>None</description>
			<possibleresult>
				<name>Van</name>
			</possibleresult>
			<points>
				<point>907.923035,466.384613</point>
				<point>901.923035,470.384613</point>
				<point>892.999939,456.999969</point>
				<point>898.999939,452.999969</point>
				<point>907.923035,466.384613</point>
			</points>
		</object>
		<object>
			<coordinate>pixel</coordinate>
			<type>rectangle</type>
			<description>None</description>
			<possibleresult>
				<name>Small Car</name>
			</possibleresult>
			<points>
				<point>898.000000,472.000061</point>
				<point>890.569214,476.246216</point>
				<point>882.569214,462.246216</point>
				<point>890.000000,458.000061</point>
				<point>898.000000,472.000061</point>
			</points>
		</object>
		<object>
			<coordinate>pixel</coordinate>
			<type>rectangle</type>
			<description>None</description>
			<possibleresult>
				<name>Van</name>
			</possibleresult>
			<points>
				<point>864.000000,377.000000</point>
				<point>857.307739,381.461548</point>
				<point>846.538452,365.307678</point>
				<point>853.230713,360.846130</point>
				<point>864.000000,377.000000</point>
			</points>
		</object>
		<object>
			<coordinate>pixel</coordinate>
			<type>rectangle</type>
			<description>None</description>
			<possibleresult>
				<name>Van</name>
			</possibleresult>
			<points>
				<point>873.999939,371.000000</point>
				<point>868.308899,374.502136</point>
				<point>859.999939,361.000000</point>
				<point>865.690979,357.497864</point>
				<point>873.999939,371.000000</point>
			</points>
		</object>
		<object>
			<coordinate>pixel</coordinate>
			<type>rectangle</type>
			<description>None</description>
			<possibleresult>
				<name>Van</name>
			</possibleresult>
			<points>
				<point>889.000000,271.999969</point>
				<point>872.000000,277.999969</point>
				<point>869.470825,270.833832</point>
				<point>886.470825,264.833832</point>
				<point>889.000000,271.999969</point>
			</points>
		</object>
		<object>
			<coordinate>pixel</coordinate>
			<type>rectangle</type>
			<description>None</description>
			<possibleresult>
				<name>Van</name>
			</possibleresult>
			<points>
				<point>875.000000,247.000031</point>
				<point>854.449585,253.165161</point>
				<point>852.000000,245.000031</point>
				<point>872.550415,238.834900</point>
				<point>875.000000,247.000031</point>
			</points>
		</object>
		<object>
			<coordinate>pixel</coordinate>
			<type>rectangle</type>
			<description>None</description>
			<possibleresult>
				<name>Small Car</name>
			</possibleresult>
			<points>
				<point>744.246155,83.430748</point>
				<point>738.000061,86.999977</point>
				<point>730.000061,72.999977</point>
				<point>736.246155,69.430748</point>
				<point>744.246155,83.430748</point>
			</points>
		</object>
		<object>
			<coordinate>pixel</coordinate>
			<type>rectangle</type>
			<description>None</description>
			<possibleresult>
				<name>Small Car</name>
			</possibleresult>
			<points>
				<point>732.246094,87.430763</point>
				<point>726.000000,90.999992</point>
				<point>717.753906,76.569221</point>
				<point>724.000000,72.999992</point>
				<point>732.246094,87.430763</point>
			</points>
		</object>
		<object>
			<coordinate>pixel</coordinate>
			<type>rectangle</type>
			<description>None</description>
			<possibleresult>
				<name>Van</name>
			</possibleresult>
			<points>
				<point>645.153809,115.230759</point>
				<point>639.153809,119.230759</point>
				<point>631.000000,106.999985</point>
				<point>637.000000,102.999985</point>
				<point>645.153809,115.230759</point>
			</points>
		</object>
		<object>
			<coordinate>pixel</coordinate>
			<type>rectangle</type>
			<description>None</description>
			<possibleresult>
				<name>Van</name>
			</possibleresult>
			<points>
				<point>610.000000,126.999969</point>
				<point>604.000000,130.999969</point>
				<point>596.000000,118.999969</point>
				<point>602.000000,114.999969</point>
				<point>610.000000,126.999969</point>
			</points>
		</object>
		<object>
			<coordinate>pixel</coordinate>
			<type>rectangle</type>
			<description>None</description>
			<possibleresult>
				<name>Van</name>
			</possibleresult>
			<points>
				<point>599.000061,131.000015</point>
				<point>593.240051,135.320023</point>
				<point>584.000061,123.000015</point>
				<point>589.760071,118.680008</point>
				<point>599.000061,131.000015</point>
			</points>
		</object>
		<object>
			<coordinate>pixel</coordinate>
			<type>rectangle</type>
			<description>None</description>
			<possibleresult>
				<name>Small Car</name>
			</possibleresult>
			<points>
				<point>585.000061,134.999969</point>
				<point>578.000061,138.999969</point>
				<point>570.676941,126.184593</point>
				<point>577.676941,122.184601</point>
				<point>585.000061,134.999969</point>
			</points>
		</object>
		<object>
			<coordinate>pixel</coordinate>
			<type>rectangle</type>
			<description>None</description>
			<possibleresult>
				<name>Small Car</name>
			</possibleresult>
			<points>
				<point>573.000000,139.000015</point>
				<point>567.389893,142.606522</point>
				<point>558.000000,128.000015</point>
				<point>563.610107,124.393509</point>
				<point>573.000000,139.000015</point>
			</points>
		</object>
		<object>
			<coordinate>pixel</coordinate>
			<type>rectangle</type>
			<description>None</description>
			<possibleresult>
				<name>Small Car</name>
			</possibleresult>
			<points>
				<point>561.000061,145.000000</point>
				<point>554.000061,148.000000</point>
				<point>548.000061,134.000000</point>
				<point>555.000061,131.000000</point>
				<point>561.000061,145.000000</point>
			</points>
		</object>
		<object>
			<coordinate>pixel</coordinate>
			<type>rectangle</type>
			<description>None</description>
			<possibleresult>
				<name>Small Car</name>
			</possibleresult>
			<points>
				<point>743.000000,36.000000</point>
				<point>737.184570,39.323078</point>
				<point>729.000000,25.000006</point>
				<point>734.815430,21.676929</point>
				<point>743.000000,36.000000</point>
			</points>
		</object>
		<object>
			<coordinate>pixel</coordinate>
			<type>rectangle</type>
			<description>None</description>
			<possibleresult>
				<name>Small Car</name>
			</possibleresult>
			<points>
				<point>676.569275,56.246128</point>
				<point>670.000061,59.999973</point>
				<point>662.000061,45.999973</point>
				<point>668.569275,42.246128</point>
				<point>676.569275,56.246128</point>
			</points>
		</object>
		<object>
			<coordinate>pixel</coordinate>
			<type>rectangle</type>
			<description>None</description>
			<possibleresult>
				<name>Van</name>
			</possibleresult>
			<points>
				<point>654.999939,64.999992</point>
				<point>648.400574,68.712158</point>
				<point>639.400574,52.712158</point>
				<point>645.999939,48.999992</point>
				<point>654.999939,64.999992</point>
			</points>
		</object>
		<object>
			<coordinate>pixel</coordinate>
			<type>rectangle</type>
			<description>None</description>
			<possibleresult>
				<name>Small Car</name>
			</possibleresult>
			<points>
				<point>633.000000,73.000015</point>
				<point>626.667847,76.377182</point>
				<point>618.667847,61.377182</point>
				<point>625.000000,58.000015</point>
				<point>633.000000,73.000015</point>
			</points>
		</object>
		<object>
			<coordinate>pixel</coordinate>
			<type>rectangle</type>
			<description>None</description>
			<possibleresult>
				<name>Small Car</name>
			</possibleresult>
			<points>
				<point>622.000000,75.000000</point>
				<point>615.304443,78.570938</point>
				<point>607.000000,63.000000</point>
				<point>613.695557,59.429062</point>
				<point>622.000000,75.000000</point>
			</points>
		</object>
		<object>
			<coordinate>pixel</coordinate>
			<type>rectangle</type>
			<description>None</description>
			<possibleresult>
				<name>Van</name>
			</possibleresult>
			<points>
				<point>609.000061,78.000008</point>
				<point>603.000061,81.000008</point>
				<point>596.000061,67.000008</point>
				<point>602.000061,64.000008</point>
				<point>609.000061,78.000008</point>
			</points>
		</object>
		<object>
			<coordinate>pixel</coordinate>
			<type>rectangle</type>
			<description>None</description>
			<possibleresult>
				<name>Van</name>
			</possibleresult>
			<points>
				<point>597.999939,79.999992</point>
				<point>590.690979,84.497841</point>
				<point>582.690979,71.497841</point>
				<point>589.999939,66.999992</point>
				<point>597.999939,79.999992</point>
			</points>
		</object>
		<object>
			<coordinate>pixel</coordinate>
			<type>rectangle</type>
			<description>None</description>
			<possibleresult>
				<name>Small Car</name>
			</possibleresult>
			<points>
				<point>578.000000,90.000015</point>
				<point>572.264648,93.441193</point>
				<point>562.558716,77.264725</point>
				<point>568.294067,73.823547</point>
				<point>578.000000,90.000015</point>
			</points>
		</object>
		<object>
			<coordinate>pixel</coordinate>
			<type>rectangle</type>
			<description>None</description>
			<possibleresult>
				<name>Van</name>
			</possibleresult>
			<points>
				<point>566.000000,92.999954</point>
				<point>559.667847,96.377121</point>
				<point>551.667847,81.377121</point>
				<point>558.000000,77.999954</point>
				<point>566.000000,92.999954</point>
			</points>
		</object>
		<object>
			<coordinate>pixel</coordinate>
			<type>rectangle</type>
			<description>None</description>
			<possibleresult>
				<name>Small Car</name>
			</possibleresult>
			<points>
				<point>554.000000,95.000015</point>
				<point>548.096313,98.178909</point>
				<point>541.000000,85.000015</point>
				<point>546.903687,81.821121</point>
				<point>554.000000,95.000015</point>
			</points>
		</object>
		<object>
			<coordinate>pixel</coordinate>
			<type>rectangle</type>
			<description>None</description>
			<possibleresult>
				<name>Small Car</name>
			</possibleresult>
			<points>
				<point>543.000061,101.000008</point>
				<point>537.000061,104.000008</point>
				<point>530.000061,90.000008</point>
				<point>536.000061,87.000008</point>
				<point>543.000061,101.000008</point>
			</points>
		</object>
		<object>
			<coordinate>pixel</coordinate>
			<type>rectangle</type>
			<description>None</description>
			<possibleresult>
				<name>Small Car</name>
			</possibleresult>
			<points>
				<point>523.321045,105.596344</point>
				<point>517.000000,109.000015</point>
				<point>509.999969,96.000015</point>
				<point>516.321045,92.596344</point>
				<point>523.321045,105.596344</point>
			</points>
		</object>
		<object>
			<coordinate>pixel</coordinate>
			<type>rectangle</type>
			<description>None</description>
			<possibleresult>
				<name>Small Car</name>
			</possibleresult>
			<points>
				<point>891.000000,142.000000</point>
				<point>884.529419,145.882355</point>
				<point>878.529419,135.882355</point>
				<point>885.000000,132.000000</point>
				<point>891.000000,142.000000</point>
			</points>
		</object>
		<object>
			<coordinate>pixel</coordinate>
			<type>rectangle</type>
			<description>None</description>
			<possibleresult>
				<name>Van</name>
			</possibleresult>
			<points>
				<point>466.000031,273.000000</point>
				<point>460.768097,286.603088</point>
				<point>454.000031,284.000000</point>
				<point>459.231964,270.396912</point>
				<point>466.000031,273.000000</point>
			</points>
		</object>
		<object>
			<coordinate>pixel</coordinate>
			<type>rectangle</type>
			<description>None</description>
			<possibleresult>
				<name>Dump Truck</name>
			</possibleresult>
			<points>
				<point>-0.000004,673.157837</point>
				<point>-1.005478,663.605835</point>
				<point>-0.000004,663.500000</point>
				<point>1.005470,673.052002</point>
				<point>-0.000004,673.157837</point>
			</points>
		</object>
		<object>
			<coordinate>pixel</coordinate>
			<type>rectangle</type>
			<description>None</description>
			<possibleresult>
				<name>Van</name>
			</possibleresult>
			<points>
				<point>100.000000,646.000000</point>
				<point>91.968872,646.501953</point>
				<point>90.968872,630.501953</point>
				<point>99.000000,630.000000</point>
				<point>100.000000,646.000000</point>
			</points>
		</object>
		<object>
			<coordinate>pixel</coordinate>
			<type>rectangle</type>
			<description>None</description>
			<possibleresult>
				<name>Tennis Court</name>
			</possibleresult>
			<points>
				<point>0.000000,145.417709</point>
				<point>-0.000001,109.437439</point>
				<point>7.000007,109.437439</point>
				<point>7.000008,145.417709</point>
				<point>0.000000,145.417709</point>
			</points>
		</object>
		<object>
			<coordinate>pixel</coordinate>
			<type>rectangle</type>
			<description>None</description>
			<possibleresult>
				<name>Tennis Court</name>
			</possibleresult>
			<points>
				<point>77.000000,135.000000</point>
				<point>29.757097,144.690857</point>
				<point>13.000002,62.999996</point>
				<point>60.242905,53.309143</point>
				<point>77.000000,135.000000</point>
			</points>
		</object>
		<object>
			<coordinate>pixel</coordinate>
			<type>rectangle</type>
			<description>None</description>
			<possibleresult>
				<name>Small Car</name>
			</possibleresult>
			<points>
				<point>110.999977,417.000031</point>
				<point>98.999977,429.000031</point>
				<point>94.499977,424.500031</point>
				<point>106.499977,412.500031</point>
				<point>110.999977,417.000031</point>
			</points>
		</object>
		<object>
			<coordinate>pixel</coordinate>
			<type>rectangle</type>
			<description>None</description>
			<possibleresult>
				<name>Small Car</name>
			</possibleresult>
			<points>
				<point>434.999939,929.999939</point>
				<point>427.999939,930.999939</point>
				<point>425.999939,916.999939</point>
				<point>432.999939,915.999939</point>
				<point>434.999939,929.999939</point>
			</points>
		</object>
		<object>
			<coordinate>pixel</coordinate>
			<type>rectangle</type>
			<description>None</description>
			<possibleresult>
				<name>Small Car</name>
			</possibleresult>
			<points>
				<point>431.000000,913.000000</point>
				<point>422.969238,913.446167</point>
				<point>421.969238,895.446167</point>
				<point>430.000000,895.000000</point>
				<point>431.000000,913.000000</point>
			</points>
		</object>
		<object>
			<coordinate>pixel</coordinate>
			<type>rectangle</type>
			<description>None</description>
			<possibleresult>
				<name>Small Car</name>
			</possibleresult>
			<points>
				<point>413.000061,801.000122</point>
				<point>405.000061,802.000122</point>
				<point>402.615417,782.923218</point>
				<point>410.615417,781.923218</point>
				<point>413.000061,801.000122</point>
			</points>
		</object>
		<object>
			<coordinate>pixel</coordinate>
			<type>rectangle</type>
			<description>None</description>
			<possibleresult>
				<name>Small Car</name>
			</possibleresult>
			<points>
				<point>404.000000,743.000000</point>
				<point>396.979492,743.825928</point>
				<point>394.979492,726.825928</point>
				<point>402.000000,726.000000</point>
				<point>404.000000,743.000000</point>
			</points>
		</object>
		<object>
			<coordinate>pixel</coordinate>
			<type>rectangle</type>
			<description>None</description>
			<possibleresult>
				<name>Small Car</name>
			</possibleresult>
			<points>
				<point>401.507751,718.061646</point>
				<point>393.507751,719.061646</point>
				<point>392.000061,707.000122</point>
				<point>400.000061,706.000122</point>
				<point>401.507751,718.061646</point>
			</points>
		</object>
		<object>
			<coordinate>pixel</coordinate>
			<type>rectangle</type>
			<description>None</description>
			<possibleresult>
				<name>Small Car</name>
			</possibleresult>
			<points>
				<point>395.035431,678.531067</point>
				<point>388.000031,679.000061</point>
				<point>386.964630,663.469055</point>
				<point>394.000031,663.000061</point>
				<point>395.035431,678.531067</point>
			</points>
		</object>
	</objects>
</annotation>