<?xml version="1.0" encoding="utf-8"?>
<annotation>
	<source>
		<filename>108.tif</filename>
		<origin>GF2/GF3</origin>
	</source>
	<research>
		<version>1.0</version>
		<provider>FAIR1M</provider>
		<author>Cyber</author>
		<pluginname>FAIR1M</pluginname>
		<pluginclass>object detection</pluginclass>
		<time>2021-03</time>
	</research>
	<size>
		<width>1500</width>
		<height>1500</height>
		<depth>3</depth>
	</size>
	<objects>
		<object>
			<coordinate>pixel</coordinate>
			<type>rectangle</type>
			<description>None</description>
			<possibleresult>
				<name>Motorboat</name>
			</possibleresult>
			<points>
				<point>604.000000,12.000000</point>
				<point>625.000000,28.000000</point>
				<point>629.000000,22.000000</point>
				<point>609.000000,7.000000</point>
				<point>604.000000,12.000000</point>
			</points>
		</object>
		<object>
			<coordinate>pixel</coordinate>
			<type>rectangle</type>
			<description>None</description>
			<possibleresult>
				<name>Passenger Ship</name>
			</possibleresult>
			<points>
				<point>634.000000,62.000000</point>
				<point>671.000000,16.000000</point>
				<point>657.000000,6.000000</point>
				<point>621.000000,51.000000</point>
				<point>634.000000,62.000000</point>
			</points>
		</object>
		<object>
			<coordinate>pixel</coordinate>
			<type>rectangle</type>
			<description>None</description>
			<possibleresult>
				<name>Passenger Ship</name>
			</possibleresult>
			<points>
				<point>651.000000,58.000000</point>
				<point>681.000000,22.000000</point>
				<point>674.000000,16.000000</point>
				<point>643.000000,52.000000</point>
				<point>651.000000,58.000000</point>
			</points>
		</object>
		<object>
			<coordinate>pixel</coordinate>
			<type>rectangle</type>
			<description>None</description>
			<possibleresult>
				<name>Motorboat</name>
			</possibleresult>
			<points>
				<point>667.000000,52.000000</point>
				<point>681.000000,34.000000</point>
				<point>676.000000,29.000000</point>
				<point>661.000000,47.000000</point>
				<point>667.000000,52.000000</point>
			</points>
		</object>
		<object>
			<coordinate>pixel</coordinate>
			<type>rectangle</type>
			<description>None</description>
			<possibleresult>
				<name>Motorboat</name>
			</possibleresult>
			<points>
				<point>606.000000,70.000000</point>
				<point>619.000000,51.000000</point>
				<point>613.000000,47.000000</point>
				<point>600.000000,66.000000</point>
				<point>606.000000,70.000000</point>
			</points>
		</object>
		<object>
			<coordinate>pixel</coordinate>
			<type>rectangle</type>
			<description>None</description>
			<possibleresult>
				<name>Motorboat</name>
			</possibleresult>
			<points>
				<point>604.000000,35.000000</point>
				<point>588.000000,54.000000</point>
				<point>595.000000,60.000000</point>
				<point>611.000000,40.000000</point>
				<point>604.000000,35.000000</point>
			</points>
		</object>
	</objects>
</annotation>