<?xml version="1.0" encoding="utf-8"?>
<annotation>
	<source>
		<filename>1082.tif</filename>
		<origin>GF2/GF3</origin>
	</source>
	<research>
		<version>1.0</version>
		<provider>FAIR1M</provider>
		<author>Cyber</author>
		<pluginname>FAIR1M</pluginname>
		<pluginclass>object detection</pluginclass>
		<time>2021-03</time>
	</research>
	<size>
		<width>1000</width>
		<height>1000</height>
		<depth>3</depth>
	</size>
	<objects>
		<object>
			<coordinate>pixel</coordinate>
			<type>rectangle</type>
			<description>None</description>
			<possibleresult>
				<name>Intersection</name>
			</possibleresult>
			<points>
				<point>152.999969,66.999985</point>
				<point>45.999992,66.999985</point>
				<point>45.999992,0.000000</point>
				<point>152.999969,0.000001</point>
				<point>152.999969,66.999985</point>
			</points>
		</object>
		<object>
			<coordinate>pixel</coordinate>
			<type>rectangle</type>
			<description>None</description>
			<possibleresult>
				<name>Basketball Court</name>
			</possibleresult>
			<points>
				<point>870.000061,321.000031</point>
				<point>736.758240,352.672272</point>
				<point>724.000061,299.000031</point>
				<point>857.241882,267.327789</point>
				<point>870.000061,321.000031</point>
			</points>
		</object>
		<object>
			<coordinate>pixel</coordinate>
			<type>rectangle</type>
			<description>None</description>
			<possibleresult>
				<name>Dump Truck</name>
			</possibleresult>
			<points>
				<point>676.999939,951.000122</point>
				<point>655.999939,953.000122</point>
				<point>655.339294,946.062988</point>
				<point>676.339294,944.062988</point>
				<point>676.999939,951.000122</point>
			</points>
		</object>
		<object>
			<coordinate>pixel</coordinate>
			<type>rectangle</type>
			<description>None</description>
			<possibleresult>
				<name>Small Car</name>
			</possibleresult>
			<points>
				<point>798.026550,897.398254</point>
				<point>789.000061,898.000061</point>
				<point>787.973572,882.601868</point>
				<point>797.000061,882.000061</point>
				<point>798.026550,897.398254</point>
			</points>
		</object>
		<object>
			<coordinate>pixel</coordinate>
			<type>rectangle</type>
			<description>None</description>
			<possibleresult>
				<name>Small Car</name>
			</possibleresult>
			<points>
				<point>775.000000,898.000000</point>
				<point>762.000000,898.000000</point>
				<point>762.000000,881.000000</point>
				<point>775.000000,881.000000</point>
				<point>775.000000,898.000000</point>
			</points>
		</object>
		<object>
			<coordinate>pixel</coordinate>
			<type>rectangle</type>
			<description>None</description>
			<possibleresult>
				<name>Van</name>
			</possibleresult>
			<points>
				<point>779.000061,977.000000</point>
				<point>769.103455,981.241333</point>
				<point>763.000061,967.000000</point>
				<point>772.896667,962.758667</point>
				<point>779.000061,977.000000</point>
			</points>
		</object>
		<object>
			<coordinate>pixel</coordinate>
			<type>rectangle</type>
			<description>None</description>
			<possibleresult>
				<name>Van</name>
			</possibleresult>
			<points>
				<point>739.000000,987.000000</point>
				<point>730.000000,990.000000</point>
				<point>725.000000,975.000000</point>
				<point>734.000000,972.000000</point>
				<point>739.000000,987.000000</point>
			</points>
		</object>
		<object>
			<coordinate>pixel</coordinate>
			<type>rectangle</type>
			<description>None</description>
			<possibleresult>
				<name>Dump Truck</name>
			</possibleresult>
			<points>
				<point>334.000000,116.000000</point>
				<point>325.000000,116.000000</point>
				<point>325.000000,98.000000</point>
				<point>334.000000,98.000000</point>
				<point>334.000000,116.000000</point>
			</points>
		</object>
		<object>
			<coordinate>pixel</coordinate>
			<type>rectangle</type>
			<description>None</description>
			<possibleresult>
				<name>Small Car</name>
			</possibleresult>
			<points>
				<point>335.000000,131.000015</point>
				<point>333.972290,149.498489</point>
				<point>325.000000,149.000015</point>
				<point>326.027710,130.501541</point>
				<point>335.000000,131.000015</point>
			</points>
		</object>
		<object>
			<coordinate>pixel</coordinate>
			<type>rectangle</type>
			<description>None</description>
			<possibleresult>
				<name>Van</name>
			</possibleresult>
			<points>
				<point>393.000000,147.000000</point>
				<point>370.000000,147.000000</point>
				<point>370.000000,138.000000</point>
				<point>393.000000,138.000000</point>
				<point>393.000000,147.000000</point>
			</points>
		</object>
		<object>
			<coordinate>pixel</coordinate>
			<type>rectangle</type>
			<description>None</description>
			<possibleresult>
				<name>Dump Truck</name>
			</possibleresult>
			<points>
				<point>394.000000,164.000000</point>
				<point>374.000000,164.000000</point>
				<point>374.000000,158.000000</point>
				<point>394.000000,158.000000</point>
				<point>394.000000,164.000000</point>
			</points>
		</object>
		<object>
			<coordinate>pixel</coordinate>
			<type>rectangle</type>
			<description>None</description>
			<possibleresult>
				<name>Dump Truck</name>
			</possibleresult>
			<points>
				<point>392.000000,215.000000</point>
				<point>362.000000,215.000000</point>
				<point>362.000000,205.000000</point>
				<point>392.000000,205.000000</point>
				<point>392.000000,215.000000</point>
			</points>
		</object>
		<object>
			<coordinate>pixel</coordinate>
			<type>rectangle</type>
			<description>None</description>
			<possibleresult>
				<name>Dump Truck</name>
			</possibleresult>
			<points>
				<point>320.000000,207.000000</point>
				<point>291.000000,207.000000</point>
				<point>291.000000,197.000000</point>
				<point>320.000000,197.000000</point>
				<point>320.000000,207.000000</point>
			</points>
		</object>
		<object>
			<coordinate>pixel</coordinate>
			<type>rectangle</type>
			<description>None</description>
			<possibleresult>
				<name>Cargo Truck</name>
			</possibleresult>
			<points>
				<point>224.296219,35.994514</point>
				<point>170.000015,37.000000</point>
				<point>169.703812,21.005486</point>
				<point>224.000015,20.000000</point>
				<point>224.296219,35.994514</point>
			</points>
		</object>
		<object>
			<coordinate>pixel</coordinate>
			<type>rectangle</type>
			<description>None</description>
			<possibleresult>
				<name>Small Car</name>
			</possibleresult>
			<points>
				<point>332.000031,896.000122</point>
				<point>331.270538,904.024658</point>
				<point>309.270538,902.024658</point>
				<point>310.000031,894.000122</point>
				<point>332.000031,896.000122</point>
			</points>
		</object>
		<object>
			<coordinate>pixel</coordinate>
			<type>rectangle</type>
			<description>None</description>
			<possibleresult>
				<name>Van</name>
			</possibleresult>
			<points>
				<point>85.011307,729.762451</point>
				<point>84.000000,751.000000</point>
				<point>67.988693,750.237549</point>
				<point>69.000000,729.000000</point>
				<point>85.011307,729.762451</point>
			</points>
		</object>
		<object>
			<coordinate>pixel</coordinate>
			<type>rectangle</type>
			<description>None</description>
			<possibleresult>
				<name>Dump Truck</name>
			</possibleresult>
			<points>
				<point>81.018555,659.591797</point>
				<point>80.000000,682.000000</point>
				<point>66.981445,681.408203</point>
				<point>68.000000,659.000000</point>
				<point>81.018555,659.591797</point>
			</points>
		</object>
		<object>
			<coordinate>pixel</coordinate>
			<type>rectangle</type>
			<description>None</description>
			<possibleresult>
				<name>Small Car</name>
			</possibleresult>
			<points>
				<point>67.000000,348.000000</point>
				<point>65.540985,364.049194</point>
				<point>54.540989,363.049194</point>
				<point>56.000008,347.000000</point>
				<point>67.000000,348.000000</point>
			</points>
		</object>
		<object>
			<coordinate>pixel</coordinate>
			<type>rectangle</type>
			<description>None</description>
			<possibleresult>
				<name>Small Car</name>
			</possibleresult>
			<points>
				<point>7.000001,102.999992</point>
				<point>6.020000,109.859993</point>
				<point>0.000000,108.999992</point>
				<point>0.000000,102.000000</point>
				<point>7.000001,102.999992</point>
			</points>
		</object>
		<object>
			<coordinate>pixel</coordinate>
			<type>rectangle</type>
			<description>None</description>
			<possibleresult>
				<name>Small Car</name>
			</possibleresult>
			<points>
				<point>6.000000,119.000000</point>
				<point>0.000000,119.000000</point>
				<point>0.000000,112.000000</point>
				<point>6.000000,112.000000</point>
				<point>6.000000,119.000000</point>
			</points>
		</object>
		<object>
			<coordinate>pixel</coordinate>
			<type>rectangle</type>
			<description>None</description>
			<possibleresult>
				<name>Small Car</name>
			</possibleresult>
			<points>
				<point>6.000000,129.000000</point>
				<point>0.000000,129.000000</point>
				<point>0.000000,121.000000</point>
				<point>6.000000,121.000000</point>
				<point>6.000000,129.000000</point>
			</points>
		</object>
		<object>
			<coordinate>pixel</coordinate>
			<type>rectangle</type>
			<description>None</description>
			<possibleresult>
				<name>Small Car</name>
			</possibleresult>
			<points>
				<point>9.000000,146.000000</point>
				<point>0.000000,146.000000</point>
				<point>0.000000,139.000000</point>
				<point>9.000000,139.000000</point>
				<point>9.000000,146.000000</point>
			</points>
		</object>
		<object>
			<coordinate>pixel</coordinate>
			<type>rectangle</type>
			<description>None</description>
			<possibleresult>
				<name>Dump Truck</name>
			</possibleresult>
			<points>
				<point>11.000000,155.000000</point>
				<point>0.000000,155.000000</point>
				<point>0.000000,149.000000</point>
				<point>11.000000,149.000000</point>
				<point>11.000000,155.000000</point>
			</points>
		</object>
		<object>
			<coordinate>pixel</coordinate>
			<type>rectangle</type>
			<description>None</description>
			<possibleresult>
				<name>Van</name>
			</possibleresult>
			<points>
				<point>83.000000,94.000000</point>
				<point>72.000000,94.000000</point>
				<point>72.000000,77.000000</point>
				<point>83.000000,77.000000</point>
				<point>83.000000,94.000000</point>
			</points>
		</object>
		<object>
			<coordinate>pixel</coordinate>
			<type>rectangle</type>
			<description>None</description>
			<possibleresult>
				<name>Van</name>
			</possibleresult>
			<points>
				<point>123.000000,65.000000</point>
				<point>113.000000,65.000000</point>
				<point>113.000000,51.000000</point>
				<point>123.000000,51.000000</point>
				<point>123.000000,65.000000</point>
			</points>
		</object>
		<object>
			<coordinate>pixel</coordinate>
			<type>rectangle</type>
			<description>None</description>
			<possibleresult>
				<name>Van</name>
			</possibleresult>
			<points>
				<point>130.000000,0.000000</point>
				<point>130.000000,0.000000</point>
				<point>141.000000,0.000000</point>
				<point>141.000000,0.000000</point>
				<point>130.000000,0.000000</point>
			</points>
		</object>
		<object>
			<coordinate>pixel</coordinate>
			<type>rectangle</type>
			<description>None</description>
			<possibleresult>
				<name>Van</name>
			</possibleresult>
			<points>
				<point>305.390564,52.016983</point>
				<point>305.000000,61.000000</point>
				<point>281.609436,59.983017</point>
				<point>282.000000,51.000000</point>
				<point>305.390564,52.016983</point>
			</points>
		</object>
		<object>
			<coordinate>pixel</coordinate>
			<type>rectangle</type>
			<description>None</description>
			<possibleresult>
				<name>Small Car</name>
			</possibleresult>
			<points>
				<point>596.000000,863.000000</point>
				<point>572.000000,863.000000</point>
				<point>572.000000,855.000000</point>
				<point>596.000000,855.000000</point>
				<point>596.000000,863.000000</point>
			</points>
		</object>
	</objects>
</annotation>