<?xml version="1.0" encoding="utf-8"?>
<annotation>
	<source>
		<filename>1083.tif</filename>
		<origin>GF2/GF3</origin>
	</source>
	<research>
		<version>1.0</version>
		<provider>FAIR1M</provider>
		<author>Cyber</author>
		<pluginname>FAIR1M</pluginname>
		<pluginclass>object detection</pluginclass>
		<time>2021-03</time>
	</research>
	<size>
		<width>1000</width>
		<height>1000</height>
		<depth>3</depth>
	</size>
	<objects>
		<object>
			<coordinate>pixel</coordinate>
			<type>rectangle</type>
			<description>None</description>
			<possibleresult>
				<name>Van</name>
			</possibleresult>
			<points>
				<point>7.000000,192.000000</point>
				<point>0.000000,192.000000</point>
				<point>0.000000,172.000000</point>
				<point>7.000000,172.000000</point>
				<point>7.000000,192.000000</point>
			</points>
		</object>
		<object>
			<coordinate>pixel</coordinate>
			<type>rectangle</type>
			<description>None</description>
			<possibleresult>
				<name>Van</name>
			</possibleresult>
			<points>
				<point>29.000000,191.000000</point>
				<point>20.006828,192.058014</point>
				<point>18.000004,175.000000</point>
				<point>26.993176,173.941986</point>
				<point>29.000000,191.000000</point>
			</points>
		</object>
		<object>
			<coordinate>pixel</coordinate>
			<type>rectangle</type>
			<description>None</description>
			<possibleresult>
				<name>Small Car</name>
			</possibleresult>
			<points>
				<point>41.023346,191.373550</point>
				<point>31.000000,192.000015</point>
				<point>30.000000,176.000015</point>
				<point>40.023346,175.373550</point>
				<point>41.023346,191.373550</point>
			</points>
		</object>
		<object>
			<coordinate>pixel</coordinate>
			<type>rectangle</type>
			<description>None</description>
			<possibleresult>
				<name>Van</name>
			</possibleresult>
			<points>
				<point>55.000004,176.000000</point>
				<point>53.949245,190.710663</point>
				<point>44.000004,190.000000</point>
				<point>45.050762,175.289337</point>
				<point>55.000004,176.000000</point>
			</points>
		</object>
		<object>
			<coordinate>pixel</coordinate>
			<type>rectangle</type>
			<description>None</description>
			<possibleresult>
				<name>Van</name>
			</possibleresult>
			<points>
				<point>68.000000,191.000000</point>
				<point>58.000000,191.000000</point>
				<point>58.000000,173.000000</point>
				<point>68.000000,173.000000</point>
				<point>68.000000,191.000000</point>
			</points>
		</object>
		<object>
			<coordinate>pixel</coordinate>
			<type>rectangle</type>
			<description>None</description>
			<possibleresult>
				<name>Small Car</name>
			</possibleresult>
			<points>
				<point>245.000000,76.000000</point>
				<point>234.000000,76.000000</point>
				<point>234.000000,60.000000</point>
				<point>245.000000,60.000000</point>
				<point>245.000000,76.000000</point>
			</points>
		</object>
		<object>
			<coordinate>pixel</coordinate>
			<type>rectangle</type>
			<description>None</description>
			<possibleresult>
				<name>Small Car</name>
			</possibleresult>
			<points>
				<point>308.000000,99.000015</point>
				<point>307.694336,106.030197</point>
				<point>284.694336,105.030197</point>
				<point>285.000000,98.000015</point>
				<point>308.000000,99.000015</point>
			</points>
		</object>
		<object>
			<coordinate>pixel</coordinate>
			<type>rectangle</type>
			<description>None</description>
			<possibleresult>
				<name>Van</name>
			</possibleresult>
			<points>
				<point>309.000000,129.000000</point>
				<point>287.000000,129.000000</point>
				<point>287.000000,122.000000</point>
				<point>309.000000,122.000000</point>
				<point>309.000000,129.000000</point>
			</points>
		</object>
		<object>
			<coordinate>pixel</coordinate>
			<type>rectangle</type>
			<description>None</description>
			<possibleresult>
				<name>Dump Truck</name>
			</possibleresult>
			<points>
				<point>305.332611,131.015854</point>
				<point>305.000031,138.000015</point>
				<point>283.667450,136.984177</point>
				<point>284.000031,130.000015</point>
				<point>305.332611,131.015854</point>
			</points>
		</object>
		<object>
			<coordinate>pixel</coordinate>
			<type>rectangle</type>
			<description>None</description>
			<possibleresult>
				<name>Van</name>
			</possibleresult>
			<points>
				<point>264.355286,227.025375</point>
				<point>262.999969,245.999985</point>
				<point>247.934006,244.923843</point>
				<point>249.289337,225.949234</point>
				<point>264.355286,227.025375</point>
			</points>
		</object>
		<object>
			<coordinate>pixel</coordinate>
			<type>rectangle</type>
			<description>None</description>
			<possibleresult>
				<name>Small Car</name>
			</possibleresult>
			<points>
				<point>71.000000,394.000000</point>
				<point>45.000000,394.000000</point>
				<point>45.000000,386.000000</point>
				<point>71.000000,386.000000</point>
				<point>71.000000,394.000000</point>
			</points>
		</object>
		<object>
			<coordinate>pixel</coordinate>
			<type>rectangle</type>
			<description>None</description>
			<possibleresult>
				<name>Van</name>
			</possibleresult>
			<points>
				<point>68.370163,402.033142</point>
				<point>49.370163,403.033142</point>
				<point>49.000000,396.000000</point>
				<point>68.000000,395.000000</point>
				<point>68.370163,402.033142</point>
			</points>
		</object>
		<object>
			<coordinate>pixel</coordinate>
			<type>rectangle</type>
			<description>None</description>
			<possibleresult>
				<name>Small Car</name>
			</possibleresult>
			<points>
				<point>193.362885,949.983521</point>
				<point>171.000000,951.000000</point>
				<point>170.637115,943.016479</point>
				<point>193.000000,942.000000</point>
				<point>193.362885,949.983521</point>
			</points>
		</object>
		<object>
			<coordinate>pixel</coordinate>
			<type>rectangle</type>
			<description>None</description>
			<possibleresult>
				<name>Small Car</name>
			</possibleresult>
			<points>
				<point>710.000000,278.000000</point>
				<point>707.000000,298.000000</point>
				<point>695.948608,296.342285</point>
				<point>698.948608,276.342285</point>
				<point>710.000000,278.000000</point>
			</points>
		</object>
		<object>
			<coordinate>pixel</coordinate>
			<type>rectangle</type>
			<description>None</description>
			<possibleresult>
				<name>Small Car</name>
			</possibleresult>
			<points>
				<point>738.000061,283.000031</point>
				<point>732.961243,302.147675</point>
				<point>721.000061,299.000031</point>
				<point>726.038879,279.852386</point>
				<point>738.000061,283.000031</point>
			</points>
		</object>
		<object>
			<coordinate>pixel</coordinate>
			<type>rectangle</type>
			<description>None</description>
			<possibleresult>
				<name>Cargo Truck</name>
			</possibleresult>
			<points>
				<point>955.000000,168.000000</point>
				<point>952.149536,180.035400</point>
				<point>914.000000,171.000000</point>
				<point>916.850464,158.964600</point>
				<point>955.000000,168.000000</point>
			</points>
		</object>
		<object>
			<coordinate>pixel</coordinate>
			<type>rectangle</type>
			<description>None</description>
			<possibleresult>
				<name>Dump Truck</name>
			</possibleresult>
			<points>
				<point>425.000000,133.000000</point>
				<point>400.000000,133.000000</point>
				<point>400.000000,121.000000</point>
				<point>425.000000,121.000000</point>
				<point>425.000000,133.000000</point>
			</points>
		</object>
		<object>
			<coordinate>pixel</coordinate>
			<type>rectangle</type>
			<description>None</description>
			<possibleresult>
				<name>Small Car</name>
			</possibleresult>
			<points>
				<point>326.000000,415.000000</point>
				<point>303.000000,415.000000</point>
				<point>303.000000,407.000000</point>
				<point>326.000000,407.000000</point>
				<point>326.000000,415.000000</point>
			</points>
		</object>
		<object>
			<coordinate>pixel</coordinate>
			<type>rectangle</type>
			<description>None</description>
			<possibleresult>
				<name>Small Car</name>
			</possibleresult>
			<points>
				<point>288.000000,546.000000</point>
				<point>262.000000,546.000000</point>
				<point>262.000000,537.000000</point>
				<point>288.000000,537.000000</point>
				<point>288.000000,546.000000</point>
			</points>
		</object>
		<object>
			<coordinate>pixel</coordinate>
			<type>rectangle</type>
			<description>None</description>
			<possibleresult>
				<name>Van</name>
			</possibleresult>
			<points>
				<point>287.362915,554.983521</point>
				<point>265.000000,556.000000</point>
				<point>264.637085,548.016479</point>
				<point>287.000000,547.000000</point>
				<point>287.362915,554.983521</point>
			</points>
		</object>
		<object>
			<coordinate>pixel</coordinate>
			<type>rectangle</type>
			<description>None</description>
			<possibleresult>
				<name>Small Car</name>
			</possibleresult>
			<points>
				<point>337.000000,806.000000</point>
				<point>317.739746,808.027344</point>
				<point>317.000000,801.000000</point>
				<point>336.260254,798.972656</point>
				<point>337.000000,806.000000</point>
			</points>
		</object>
		<object>
			<coordinate>pixel</coordinate>
			<type>rectangle</type>
			<description>None</description>
			<possibleresult>
				<name>Small Car</name>
			</possibleresult>
			<points>
				<point>339.000000,817.999939</point>
				<point>314.000000,818.999939</point>
				<point>313.599060,808.976013</point>
				<point>338.599060,807.976013</point>
				<point>339.000000,817.999939</point>
			</points>
		</object>
		<object>
			<coordinate>pixel</coordinate>
			<type>rectangle</type>
			<description>None</description>
			<possibleresult>
				<name>Dump Truck</name>
			</possibleresult>
			<points>
				<point>374.000000,817.000000</point>
				<point>348.000000,817.000000</point>
				<point>348.000000,810.000000</point>
				<point>374.000000,810.000000</point>
				<point>374.000000,817.000000</point>
			</points>
		</object>
		<object>
			<coordinate>pixel</coordinate>
			<type>rectangle</type>
			<description>None</description>
			<possibleresult>
				<name>other-vehicle</name>
			</possibleresult>
			<points>
				<point>294.000031,922.000122</point>
				<point>263.000031,923.000122</point>
				<point>262.676727,912.978271</point>
				<point>293.676727,911.978271</point>
				<point>294.000031,922.000122</point>
			</points>
		</object>
		<object>
			<coordinate>pixel</coordinate>
			<type>rectangle</type>
			<description>None</description>
			<possibleresult>
				<name>Small Car</name>
			</possibleresult>
			<points>
				<point>277.000000,986.000000</point>
				<point>256.000000,986.000000</point>
				<point>256.000000,977.000000</point>
				<point>277.000000,977.000000</point>
				<point>277.000000,986.000000</point>
			</points>
		</object>
		<object>
			<coordinate>pixel</coordinate>
			<type>rectangle</type>
			<description>None</description>
			<possibleresult>
				<name>Van</name>
			</possibleresult>
			<points>
				<point>249.000000,900.000000</point>
				<point>236.000000,900.000000</point>
				<point>236.000000,879.000000</point>
				<point>249.000000,879.000000</point>
				<point>249.000000,900.000000</point>
			</points>
		</object>
		<object>
			<coordinate>pixel</coordinate>
			<type>rectangle</type>
			<description>None</description>
			<possibleresult>
				<name>Van</name>
			</possibleresult>
			<points>
				<point>247.021545,952.612305</point>
				<point>246.000000,971.000000</point>
				<point>234.978455,970.387695</point>
				<point>236.000000,952.000000</point>
				<point>247.021545,952.612305</point>
			</points>
		</object>
	</objects>
</annotation>