<?xml version="1.0" encoding="utf-8"?>
<annotation>
	<source>
		<filename>1085.tif</filename>
		<origin>GF2/GF3</origin>
	</source>
	<research>
		<version>1.0</version>
		<provider>FAIR1M</provider>
		<author>Cyber</author>
		<pluginname>FAIR1M</pluginname>
		<pluginclass>object detection</pluginclass>
		<time>2021-03</time>
	</research>
	<size>
		<width>1000</width>
		<height>1000</height>
		<depth>3</depth>
	</size>
	<objects>
		<object>
			<coordinate>pixel</coordinate>
			<type>rectangle</type>
			<description>None</description>
			<possibleresult>
				<name>Van</name>
			</possibleresult>
			<points>
				<point>562.000000,639.000000</point>
				<point>544.000000,639.000000</point>
				<point>544.000000,632.000000</point>
				<point>562.000000,632.000000</point>
				<point>562.000000,639.000000</point>
			</points>
		</object>
		<object>
			<coordinate>pixel</coordinate>
			<type>rectangle</type>
			<description>None</description>
			<possibleresult>
				<name>Dump Truck</name>
			</possibleresult>
			<points>
				<point>428.291138,589.012085</point>
				<point>428.000000,596.000000</point>
				<point>403.708862,594.987915</point>
				<point>404.000000,588.000000</point>
				<point>428.291138,589.012085</point>
			</points>
		</object>
		<object>
			<coordinate>pixel</coordinate>
			<type>rectangle</type>
			<description>None</description>
			<possibleresult>
				<name>Van</name>
			</possibleresult>
			<points>
				<point>457.000000,596.000000</point>
				<point>435.000000,596.000000</point>
				<point>435.000000,589.000000</point>
				<point>457.000000,589.000000</point>
				<point>457.000000,596.000000</point>
			</points>
		</object>
		<object>
			<coordinate>pixel</coordinate>
			<type>rectangle</type>
			<description>None</description>
			<possibleresult>
				<name>Dump Truck</name>
			</possibleresult>
			<points>
				<point>485.285126,591.013550</point>
				<point>485.000031,597.000000</point>
				<point>463.714935,595.986450</point>
				<point>464.000031,590.000000</point>
				<point>485.285126,591.013550</point>
			</points>
		</object>
		<object>
			<coordinate>pixel</coordinate>
			<type>rectangle</type>
			<description>None</description>
			<possibleresult>
				<name>Small Car</name>
			</possibleresult>
			<points>
				<point>560.000000,473.000000</point>
				<point>552.000000,473.000000</point>
				<point>552.000000,456.000000</point>
				<point>560.000000,456.000000</point>
				<point>560.000000,473.000000</point>
			</points>
		</object>
		<object>
			<coordinate>pixel</coordinate>
			<type>rectangle</type>
			<description>None</description>
			<possibleresult>
				<name>Cargo Truck</name>
			</possibleresult>
			<points>
				<point>775.017029,568.610657</point>
				<point>761.000061,569.000061</point>
				<point>759.983093,532.389465</point>
				<point>774.000061,532.000061</point>
				<point>775.017029,568.610657</point>
			</points>
		</object>
		<object>
			<coordinate>pixel</coordinate>
			<type>rectangle</type>
			<description>None</description>
			<possibleresult>
				<name>Cargo Truck</name>
			</possibleresult>
			<points>
				<point>759.010376,567.175903</point>
				<point>745.000000,568.000000</point>
				<point>743.000000,534.000000</point>
				<point>757.010376,533.175903</point>
				<point>759.010376,567.175903</point>
			</points>
		</object>
		<object>
			<coordinate>pixel</coordinate>
			<type>rectangle</type>
			<description>None</description>
			<possibleresult>
				<name>Van</name>
			</possibleresult>
			<points>
				<point>715.000000,564.000000</point>
				<point>706.000000,564.000000</point>
				<point>706.000000,549.000000</point>
				<point>715.000000,549.000000</point>
				<point>715.000000,564.000000</point>
			</points>
		</object>
		<object>
			<coordinate>pixel</coordinate>
			<type>rectangle</type>
			<description>None</description>
			<possibleresult>
				<name>Cargo Truck</name>
			</possibleresult>
			<points>
				<point>736.076416,570.994141</point>
				<point>723.000000,572.000000</point>
				<point>721.000000,546.000000</point>
				<point>734.076416,544.994141</point>
				<point>736.076416,570.994141</point>
			</points>
		</object>
		<object>
			<coordinate>pixel</coordinate>
			<type>rectangle</type>
			<description>None</description>
			<possibleresult>
				<name>Cargo Truck</name>
			</possibleresult>
			<points>
				<point>732.000000,545.000000</point>
				<point>719.000000,545.000000</point>
				<point>719.000000,518.000000</point>
				<point>732.000000,518.000000</point>
				<point>732.000000,545.000000</point>
			</points>
		</object>
		<object>
			<coordinate>pixel</coordinate>
			<type>rectangle</type>
			<description>None</description>
			<possibleresult>
				<name>Small Car</name>
			</possibleresult>
			<points>
				<point>595.164673,461.258850</point>
				<point>591.164673,479.258850</point>
				<point>581.000000,477.000000</point>
				<point>585.000000,459.000000</point>
				<point>595.164673,461.258850</point>
			</points>
		</object>
		<object>
			<coordinate>pixel</coordinate>
			<type>rectangle</type>
			<description>None</description>
			<possibleresult>
				<name>Small Car</name>
			</possibleresult>
			<points>
				<point>615.652649,444.641052</point>
				<point>595.652649,455.641052</point>
				<point>592.000061,449.000000</point>
				<point>612.000061,438.000000</point>
				<point>615.652649,444.641052</point>
			</points>
		</object>
		<object>
			<coordinate>pixel</coordinate>
			<type>rectangle</type>
			<description>None</description>
			<possibleresult>
				<name>Small Car</name>
			</possibleresult>
			<points>
				<point>593.000000,431.000000</point>
				<point>582.000000,431.000000</point>
				<point>582.000000,414.000000</point>
				<point>593.000000,414.000000</point>
				<point>593.000000,431.000000</point>
			</points>
		</object>
		<object>
			<coordinate>pixel</coordinate>
			<type>rectangle</type>
			<description>None</description>
			<possibleresult>
				<name>Van</name>
			</possibleresult>
			<points>
				<point>604.000000,431.000000</point>
				<point>594.000000,431.000000</point>
				<point>594.000000,414.000000</point>
				<point>604.000000,414.000000</point>
				<point>604.000000,431.000000</point>
			</points>
		</object>
		<object>
			<coordinate>pixel</coordinate>
			<type>rectangle</type>
			<description>None</description>
			<possibleresult>
				<name>Van</name>
			</possibleresult>
			<points>
				<point>508.332703,436.986115</point>
				<point>483.999939,437.999969</point>
				<point>483.667175,430.013824</point>
				<point>507.999939,428.999969</point>
				<point>508.332703,436.986115</point>
			</points>
		</object>
		<object>
			<coordinate>pixel</coordinate>
			<type>rectangle</type>
			<description>None</description>
			<possibleresult>
				<name>Van</name>
			</possibleresult>
			<points>
				<point>508.279480,426.988831</point>
				<point>482.999939,428.000000</point>
				<point>482.720398,421.011169</point>
				<point>507.999939,420.000000</point>
				<point>508.279480,426.988831</point>
			</points>
		</object>
		<object>
			<coordinate>pixel</coordinate>
			<type>rectangle</type>
			<description>None</description>
			<possibleresult>
				<name>Van</name>
			</possibleresult>
			<points>
				<point>505.000000,419.000000</point>
				<point>484.000000,419.000000</point>
				<point>484.000000,411.000000</point>
				<point>505.000000,411.000000</point>
				<point>505.000000,419.000000</point>
			</points>
		</object>
		<object>
			<coordinate>pixel</coordinate>
			<type>rectangle</type>
			<description>None</description>
			<possibleresult>
				<name>Small Car</name>
			</possibleresult>
			<points>
				<point>258.000000,537.000000</point>
				<point>249.000000,537.000000</point>
				<point>249.000000,518.000000</point>
				<point>258.000000,518.000000</point>
				<point>258.000000,537.000000</point>
			</points>
		</object>
		<object>
			<coordinate>pixel</coordinate>
			<type>rectangle</type>
			<description>None</description>
			<possibleresult>
				<name>Small Car</name>
			</possibleresult>
			<points>
				<point>226.000000,534.000000</point>
				<point>217.000000,534.000000</point>
				<point>217.000000,518.000000</point>
				<point>226.000000,518.000000</point>
				<point>226.000000,534.000000</point>
			</points>
		</object>
		<object>
			<coordinate>pixel</coordinate>
			<type>rectangle</type>
			<description>None</description>
			<possibleresult>
				<name>Van</name>
			</possibleresult>
			<points>
				<point>247.000000,535.000000</point>
				<point>238.000000,535.000000</point>
				<point>238.000000,519.000000</point>
				<point>247.000000,519.000000</point>
				<point>247.000000,535.000000</point>
			</points>
		</object>
		<object>
			<coordinate>pixel</coordinate>
			<type>rectangle</type>
			<description>None</description>
			<possibleresult>
				<name>Small Car</name>
			</possibleresult>
			<points>
				<point>247.000000,506.000000</point>
				<point>226.000000,506.000000</point>
				<point>226.000000,498.000000</point>
				<point>247.000000,498.000000</point>
				<point>247.000000,506.000000</point>
			</points>
		</object>
		<object>
			<coordinate>pixel</coordinate>
			<type>rectangle</type>
			<description>None</description>
			<possibleresult>
				<name>Van</name>
			</possibleresult>
			<points>
				<point>251.000000,492.000000</point>
				<point>226.000000,492.000000</point>
				<point>226.000000,485.000000</point>
				<point>251.000000,485.000000</point>
				<point>251.000000,492.000000</point>
			</points>
		</object>
		<object>
			<coordinate>pixel</coordinate>
			<type>rectangle</type>
			<description>None</description>
			<possibleresult>
				<name>Van</name>
			</possibleresult>
			<points>
				<point>276.999939,441.999969</point>
				<point>276.708801,448.987823</point>
				<point>252.708786,447.987823</point>
				<point>252.999939,440.999969</point>
				<point>276.999939,441.999969</point>
			</points>
		</object>
		<object>
			<coordinate>pixel</coordinate>
			<type>rectangle</type>
			<description>None</description>
			<possibleresult>
				<name>Van</name>
			</possibleresult>
			<points>
				<point>274.000000,439.000000</point>
				<point>252.000000,439.000000</point>
				<point>252.000000,433.000000</point>
				<point>274.000000,433.000000</point>
				<point>274.000000,439.000000</point>
			</points>
		</object>
		<object>
			<coordinate>pixel</coordinate>
			<type>rectangle</type>
			<description>None</description>
			<possibleresult>
				<name>Van</name>
			</possibleresult>
			<points>
				<point>274.000000,431.000000</point>
				<point>254.000000,431.000000</point>
				<point>254.000000,424.000000</point>
				<point>274.000000,424.000000</point>
				<point>274.000000,431.000000</point>
			</points>
		</object>
		<object>
			<coordinate>pixel</coordinate>
			<type>rectangle</type>
			<description>None</description>
			<possibleresult>
				<name>Van</name>
			</possibleresult>
			<points>
				<point>249.000000,448.000000</point>
				<point>225.000000,448.000000</point>
				<point>225.000000,440.000000</point>
				<point>249.000000,440.000000</point>
				<point>249.000000,448.000000</point>
			</points>
		</object>
		<object>
			<coordinate>pixel</coordinate>
			<type>rectangle</type>
			<description>None</description>
			<possibleresult>
				<name>Van</name>
			</possibleresult>
			<points>
				<point>194.000000,463.000000</point>
				<point>173.000000,463.000000</point>
				<point>173.000000,456.000000</point>
				<point>194.000000,456.000000</point>
				<point>194.000000,463.000000</point>
			</points>
		</object>
		<object>
			<coordinate>pixel</coordinate>
			<type>rectangle</type>
			<description>None</description>
			<possibleresult>
				<name>Van</name>
			</possibleresult>
			<points>
				<point>200.000000,454.000000</point>
				<point>177.000000,454.000000</point>
				<point>177.000000,447.000000</point>
				<point>200.000000,447.000000</point>
				<point>200.000000,454.000000</point>
			</points>
		</object>
		<object>
			<coordinate>pixel</coordinate>
			<type>rectangle</type>
			<description>None</description>
			<possibleresult>
				<name>Small Car</name>
			</possibleresult>
			<points>
				<point>173.000000,445.000000</point>
				<point>152.000000,445.000000</point>
				<point>152.000000,437.000000</point>
				<point>173.000000,437.000000</point>
				<point>173.000000,445.000000</point>
			</points>
		</object>
		<object>
			<coordinate>pixel</coordinate>
			<type>rectangle</type>
			<description>None</description>
			<possibleresult>
				<name>Small Car</name>
			</possibleresult>
			<points>
				<point>172.000000,486.000000</point>
				<point>152.000000,486.000000</point>
				<point>152.000000,480.000000</point>
				<point>172.000000,480.000000</point>
				<point>172.000000,486.000000</point>
			</points>
		</object>
		<object>
			<coordinate>pixel</coordinate>
			<type>rectangle</type>
			<description>None</description>
			<possibleresult>
				<name>Small Car</name>
			</possibleresult>
			<points>
				<point>172.380112,471.018127</point>
				<point>172.000015,479.000000</point>
				<point>150.619919,477.981873</point>
				<point>151.000015,470.000000</point>
				<point>172.380112,471.018127</point>
			</points>
		</object>
		<object>
			<coordinate>pixel</coordinate>
			<type>rectangle</type>
			<description>None</description>
			<possibleresult>
				<name>Small Car</name>
			</possibleresult>
			<points>
				<point>910.195618,9.970663</point>
				<point>890.000061,13.000004</point>
				<point>888.804504,5.029343</point>
				<point>909.000061,2.000002</point>
				<point>910.195618,9.970663</point>
			</points>
		</object>
		<object>
			<coordinate>pixel</coordinate>
			<type>rectangle</type>
			<description>None</description>
			<possibleresult>
				<name>Small Car</name>
			</possibleresult>
			<points>
				<point>957.000000,21.000000</point>
				<point>948.000000,21.000000</point>
				<point>948.000000,3.000000</point>
				<point>957.000000,3.000000</point>
				<point>957.000000,21.000000</point>
			</points>
		</object>
		<object>
			<coordinate>pixel</coordinate>
			<type>rectangle</type>
			<description>None</description>
			<possibleresult>
				<name>Dump Truck</name>
			</possibleresult>
			<points>
				<point>493.295929,562.989014</point>
				<point>466.000031,564.000000</point>
				<point>465.704132,556.010986</point>
				<point>493.000031,555.000000</point>
				<point>493.295929,562.989014</point>
			</points>
		</object>
		<object>
			<coordinate>pixel</coordinate>
			<type>rectangle</type>
			<description>None</description>
			<possibleresult>
				<name>Small Car</name>
			</possibleresult>
			<points>
				<point>352.000000,559.000000</point>
				<point>333.000000,559.000000</point>
				<point>333.000000,552.000000</point>
				<point>352.000000,552.000000</point>
				<point>352.000000,559.000000</point>
			</points>
		</object>
		<object>
			<coordinate>pixel</coordinate>
			<type>rectangle</type>
			<description>None</description>
			<possibleresult>
				<name>Small Car</name>
			</possibleresult>
			<points>
				<point>299.000000,558.000000</point>
				<point>277.000000,558.000000</point>
				<point>277.000000,551.000000</point>
				<point>299.000000,551.000000</point>
				<point>299.000000,558.000000</point>
			</points>
		</object>
		<object>
			<coordinate>pixel</coordinate>
			<type>rectangle</type>
			<description>None</description>
			<possibleresult>
				<name>Small Car</name>
			</possibleresult>
			<points>
				<point>269.000000,558.000000</point>
				<point>246.000000,558.000000</point>
				<point>246.000000,550.000000</point>
				<point>269.000000,550.000000</point>
				<point>269.000000,558.000000</point>
			</points>
		</object>
		<object>
			<coordinate>pixel</coordinate>
			<type>rectangle</type>
			<description>None</description>
			<possibleresult>
				<name>Small Car</name>
			</possibleresult>
			<points>
				<point>337.000000,581.000000</point>
				<point>313.000000,581.000000</point>
				<point>313.000000,574.000000</point>
				<point>337.000000,574.000000</point>
				<point>337.000000,581.000000</point>
			</points>
		</object>
		<object>
			<coordinate>pixel</coordinate>
			<type>rectangle</type>
			<description>None</description>
			<possibleresult>
				<name>Small Car</name>
			</possibleresult>
			<points>
				<point>383.000000,595.000000</point>
				<point>363.000000,595.000000</point>
				<point>363.000000,588.000000</point>
				<point>383.000000,588.000000</point>
				<point>383.000000,595.000000</point>
			</points>
		</object>
		<object>
			<coordinate>pixel</coordinate>
			<type>rectangle</type>
			<description>None</description>
			<possibleresult>
				<name>Van</name>
			</possibleresult>
			<points>
				<point>357.299255,588.014954</point>
				<point>357.000000,593.999939</point>
				<point>336.700745,592.984924</point>
				<point>337.000000,586.999939</point>
				<point>357.299255,588.014954</point>
			</points>
		</object>
		<object>
			<coordinate>pixel</coordinate>
			<type>rectangle</type>
			<description>None</description>
			<possibleresult>
				<name>Dump Truck</name>
			</possibleresult>
			<points>
				<point>328.000000,594.000000</point>
				<point>303.000000,594.000000</point>
				<point>303.000000,586.000000</point>
				<point>328.000000,586.000000</point>
				<point>328.000000,594.000000</point>
			</points>
		</object>
		<object>
			<coordinate>pixel</coordinate>
			<type>rectangle</type>
			<description>None</description>
			<possibleresult>
				<name>Van</name>
			</possibleresult>
			<points>
				<point>287.000000,592.000000</point>
				<point>266.000000,592.000000</point>
				<point>266.000000,585.000000</point>
				<point>287.000000,585.000000</point>
				<point>287.000000,592.000000</point>
			</points>
		</object>
		<object>
			<coordinate>pixel</coordinate>
			<type>rectangle</type>
			<description>None</description>
			<possibleresult>
				<name>Small Car</name>
			</possibleresult>
			<points>
				<point>262.000000,592.000000</point>
				<point>242.000000,592.000000</point>
				<point>242.000000,584.000000</point>
				<point>262.000000,584.000000</point>
				<point>262.000000,592.000000</point>
			</points>
		</object>
		<object>
			<coordinate>pixel</coordinate>
			<type>rectangle</type>
			<description>None</description>
			<possibleresult>
				<name>Small Car</name>
			</possibleresult>
			<points>
				<point>214.000000,590.000000</point>
				<point>195.000000,590.000000</point>
				<point>195.000000,584.000000</point>
				<point>214.000000,584.000000</point>
				<point>214.000000,590.000000</point>
			</points>
		</object>
		<object>
			<coordinate>pixel</coordinate>
			<type>rectangle</type>
			<description>None</description>
			<possibleresult>
				<name>Van</name>
			</possibleresult>
			<points>
				<point>191.000000,589.000000</point>
				<point>173.000000,589.000000</point>
				<point>173.000000,583.000000</point>
				<point>191.000000,583.000000</point>
				<point>191.000000,589.000000</point>
			</points>
		</object>
		<object>
			<coordinate>pixel</coordinate>
			<type>rectangle</type>
			<description>None</description>
			<possibleresult>
				<name>Van</name>
			</possibleresult>
			<points>
				<point>170.000000,589.000000</point>
				<point>153.000000,589.000000</point>
				<point>153.000000,582.000000</point>
				<point>170.000000,582.000000</point>
				<point>170.000000,589.000000</point>
			</points>
		</object>
		<object>
			<coordinate>pixel</coordinate>
			<type>rectangle</type>
			<description>None</description>
			<possibleresult>
				<name>Van</name>
			</possibleresult>
			<points>
				<point>63.000000,586.000000</point>
				<point>42.000000,586.000000</point>
				<point>42.000000,579.000000</point>
				<point>63.000000,579.000000</point>
				<point>63.000000,586.000000</point>
			</points>
		</object>
		<object>
			<coordinate>pixel</coordinate>
			<type>rectangle</type>
			<description>None</description>
			<possibleresult>
				<name>Small Car</name>
			</possibleresult>
			<points>
				<point>34.000000,586.000000</point>
				<point>14.000000,586.000000</point>
				<point>14.000000,578.000000</point>
				<point>34.000000,578.000000</point>
				<point>34.000000,586.000000</point>
			</points>
		</object>
		<object>
			<coordinate>pixel</coordinate>
			<type>rectangle</type>
			<description>None</description>
			<possibleresult>
				<name>Van</name>
			</possibleresult>
			<points>
				<point>89.000000,551.000000</point>
				<point>69.000000,551.000000</point>
				<point>69.000000,545.000000</point>
				<point>89.000000,545.000000</point>
				<point>89.000000,551.000000</point>
			</points>
		</object>
		<object>
			<coordinate>pixel</coordinate>
			<type>rectangle</type>
			<description>None</description>
			<possibleresult>
				<name>Small Car</name>
			</possibleresult>
			<points>
				<point>59.000000,551.000000</point>
				<point>39.000000,551.000000</point>
				<point>39.000000,544.000000</point>
				<point>59.000000,544.000000</point>
				<point>59.000000,551.000000</point>
			</points>
		</object>
		<object>
			<coordinate>pixel</coordinate>
			<type>rectangle</type>
			<description>None</description>
			<possibleresult>
				<name>Van</name>
			</possibleresult>
			<points>
				<point>604.000000,640.000000</point>
				<point>586.000000,640.000000</point>
				<point>586.000000,631.000000</point>
				<point>604.000000,631.000000</point>
				<point>604.000000,640.000000</point>
			</points>
		</object>
		<object>
			<coordinate>pixel</coordinate>
			<type>rectangle</type>
			<description>None</description>
			<possibleresult>
				<name>Van</name>
			</possibleresult>
			<points>
				<point>665.000061,685.000061</point>
				<point>664.601868,690.973572</point>
				<point>649.601868,689.973572</point>
				<point>650.000061,684.000061</point>
				<point>665.000061,685.000061</point>
			</points>
		</object>
		<object>
			<coordinate>pixel</coordinate>
			<type>rectangle</type>
			<description>None</description>
			<possibleresult>
				<name>Small Car</name>
			</possibleresult>
			<points>
				<point>665.000000,715.000000</point>
				<point>645.000000,715.000000</point>
				<point>645.000000,708.000000</point>
				<point>665.000000,708.000000</point>
				<point>665.000000,715.000000</point>
			</points>
		</object>
		<object>
			<coordinate>pixel</coordinate>
			<type>rectangle</type>
			<description>None</description>
			<possibleresult>
				<name>Small Car</name>
			</possibleresult>
			<points>
				<point>669.000000,748.000000</point>
				<point>648.000000,748.000000</point>
				<point>648.000000,741.000000</point>
				<point>669.000000,741.000000</point>
				<point>669.000000,748.000000</point>
			</points>
		</object>
		<object>
			<coordinate>pixel</coordinate>
			<type>rectangle</type>
			<description>None</description>
			<possibleresult>
				<name>Van</name>
			</possibleresult>
			<points>
				<point>505.000000,737.000000</point>
				<point>483.000000,737.000000</point>
				<point>483.000000,730.000000</point>
				<point>505.000000,730.000000</point>
				<point>505.000000,737.000000</point>
			</points>
		</object>
		<object>
			<coordinate>pixel</coordinate>
			<type>rectangle</type>
			<description>None</description>
			<possibleresult>
				<name>Dump Truck</name>
			</possibleresult>
			<points>
				<point>678.000000,109.000000</point>
				<point>655.000000,109.000000</point>
				<point>655.000000,102.000000</point>
				<point>678.000000,102.000000</point>
				<point>678.000000,109.000000</point>
			</points>
		</object>
		<object>
			<coordinate>pixel</coordinate>
			<type>rectangle</type>
			<description>None</description>
			<possibleresult>
				<name>Van</name>
			</possibleresult>
			<points>
				<point>797.000000,435.000031</point>
				<point>796.617676,443.029449</point>
				<point>775.617676,442.029449</point>
				<point>776.000000,434.000031</point>
				<point>797.000000,435.000031</point>
			</points>
		</object>
		<object>
			<coordinate>pixel</coordinate>
			<type>rectangle</type>
			<description>None</description>
			<possibleresult>
				<name>Van</name>
			</possibleresult>
			<points>
				<point>836.408264,442.981445</point>
				<point>814.000061,444.000000</point>
				<point>813.591858,435.018555</point>
				<point>836.000061,434.000000</point>
				<point>836.408264,442.981445</point>
			</points>
		</object>
		<object>
			<coordinate>pixel</coordinate>
			<type>rectangle</type>
			<description>None</description>
			<possibleresult>
				<name>Small Car</name>
			</possibleresult>
			<points>
				<point>808.000122,414.000031</point>
				<point>807.000122,430.000031</point>
				<point>794.984497,429.249054</point>
				<point>795.984497,413.249054</point>
				<point>808.000122,414.000031</point>
			</points>
		</object>
		<object>
			<coordinate>pixel</coordinate>
			<type>rectangle</type>
			<description>None</description>
			<possibleresult>
				<name>Van</name>
			</possibleresult>
			<points>
				<point>858.000061,386.000031</point>
				<point>838.000061,387.000031</point>
				<point>837.698303,380.965118</point>
				<point>857.698303,379.965118</point>
				<point>858.000061,386.000031</point>
			</points>
		</object>
		<object>
			<coordinate>pixel</coordinate>
			<type>rectangle</type>
			<description>None</description>
			<possibleresult>
				<name>Van</name>
			</possibleresult>
			<points>
				<point>906.000000,375.000000</point>
				<point>890.000000,375.000000</point>
				<point>890.000000,368.000000</point>
				<point>906.000000,368.000000</point>
				<point>906.000000,375.000000</point>
			</points>
		</object>
		<object>
			<coordinate>pixel</coordinate>
			<type>rectangle</type>
			<description>None</description>
			<possibleresult>
				<name>Van</name>
			</possibleresult>
			<points>
				<point>903.000000,383.000000</point>
				<point>890.000000,383.000000</point>
				<point>890.000000,377.000000</point>
				<point>903.000000,377.000000</point>
				<point>903.000000,383.000000</point>
			</points>
		</object>
		<object>
			<coordinate>pixel</coordinate>
			<type>rectangle</type>
			<description>None</description>
			<possibleresult>
				<name>Van</name>
			</possibleresult>
			<points>
				<point>912.000000,439.000000</point>
				<point>893.000000,439.000000</point>
				<point>893.000000,431.000000</point>
				<point>912.000000,431.000000</point>
				<point>912.000000,439.000000</point>
			</points>
		</object>
		<object>
			<coordinate>pixel</coordinate>
			<type>rectangle</type>
			<description>None</description>
			<possibleresult>
				<name>Van</name>
			</possibleresult>
			<points>
				<point>975.000000,405.000000</point>
				<point>967.000000,405.000000</point>
				<point>967.000000,393.000000</point>
				<point>975.000000,393.000000</point>
				<point>975.000000,405.000000</point>
			</points>
		</object>
		<object>
			<coordinate>pixel</coordinate>
			<type>rectangle</type>
			<description>None</description>
			<possibleresult>
				<name>Small Car</name>
			</possibleresult>
			<points>
				<point>972.000000,474.000000</point>
				<point>963.000000,474.000000</point>
				<point>963.000000,454.000000</point>
				<point>972.000000,454.000000</point>
				<point>972.000000,474.000000</point>
			</points>
		</object>
		<object>
			<coordinate>pixel</coordinate>
			<type>rectangle</type>
			<description>None</description>
			<possibleresult>
				<name>Small Car</name>
			</possibleresult>
			<points>
				<point>887.000000,139.000000</point>
				<point>878.000000,139.000000</point>
				<point>878.000000,123.000000</point>
				<point>887.000000,123.000000</point>
				<point>887.000000,139.000000</point>
			</points>
		</object>
		<object>
			<coordinate>pixel</coordinate>
			<type>rectangle</type>
			<description>None</description>
			<possibleresult>
				<name>Van</name>
			</possibleresult>
			<points>
				<point>853.020752,141.477356</point>
				<point>841.000000,142.000000</point>
				<point>839.979248,118.522644</point>
				<point>852.000000,118.000000</point>
				<point>853.020752,141.477356</point>
			</points>
		</object>
		<object>
			<coordinate>pixel</coordinate>
			<type>rectangle</type>
			<description>None</description>
			<possibleresult>
				<name>Small Car</name>
			</possibleresult>
			<points>
				<point>831.000000,140.000000</point>
				<point>822.000000,140.000000</point>
				<point>822.000000,129.000000</point>
				<point>831.000000,129.000000</point>
				<point>831.000000,140.000000</point>
			</points>
		</object>
		<object>
			<coordinate>pixel</coordinate>
			<type>rectangle</type>
			<description>None</description>
			<possibleresult>
				<name>Van</name>
			</possibleresult>
			<points>
				<point>795.026550,139.398239</point>
				<point>786.000061,140.000015</point>
				<point>784.973572,124.601791</point>
				<point>794.000061,124.000015</point>
				<point>795.026550,139.398239</point>
			</points>
		</object>
		<object>
			<coordinate>pixel</coordinate>
			<type>rectangle</type>
			<description>None</description>
			<possibleresult>
				<name>Small Car</name>
			</possibleresult>
			<points>
				<point>799.000000,181.000000</point>
				<point>789.000000,181.000000</point>
				<point>789.000000,164.000000</point>
				<point>799.000000,164.000000</point>
				<point>799.000000,181.000000</point>
			</points>
		</object>
		<object>
			<coordinate>pixel</coordinate>
			<type>rectangle</type>
			<description>None</description>
			<possibleresult>
				<name>Van</name>
			</possibleresult>
			<points>
				<point>810.000000,180.000000</point>
				<point>800.000000,180.000000</point>
				<point>800.000000,163.000000</point>
				<point>810.000000,163.000000</point>
				<point>810.000000,180.000000</point>
			</points>
		</object>
		<object>
			<coordinate>pixel</coordinate>
			<type>rectangle</type>
			<description>None</description>
			<possibleresult>
				<name>Small Car</name>
			</possibleresult>
			<points>
				<point>753.000000,180.000000</point>
				<point>745.000000,180.000000</point>
				<point>745.000000,166.000000</point>
				<point>753.000000,166.000000</point>
				<point>753.000000,180.000000</point>
			</points>
		</object>
		<object>
			<coordinate>pixel</coordinate>
			<type>rectangle</type>
			<description>None</description>
			<possibleresult>
				<name>Van</name>
			</possibleresult>
			<points>
				<point>765.000000,180.000000</point>
				<point>756.000000,180.000000</point>
				<point>756.000000,164.000000</point>
				<point>765.000000,164.000000</point>
				<point>765.000000,180.000000</point>
			</points>
		</object>
		<object>
			<coordinate>pixel</coordinate>
			<type>rectangle</type>
			<description>None</description>
			<possibleresult>
				<name>Van</name>
			</possibleresult>
			<points>
				<point>909.000000,172.000000</point>
				<point>891.000000,172.000000</point>
				<point>891.000000,165.000000</point>
				<point>909.000000,165.000000</point>
				<point>909.000000,172.000000</point>
			</points>
		</object>
		<object>
			<coordinate>pixel</coordinate>
			<type>rectangle</type>
			<description>None</description>
			<possibleresult>
				<name>Small Car</name>
			</possibleresult>
			<points>
				<point>906.000061,189.000015</point>
				<point>890.402771,190.039841</point>
				<point>890.000061,184.000015</point>
				<point>905.597351,182.960190</point>
				<point>906.000061,189.000015</point>
			</points>
		</object>
		<object>
			<coordinate>pixel</coordinate>
			<type>rectangle</type>
			<description>None</description>
			<possibleresult>
				<name>Van</name>
			</possibleresult>
			<points>
				<point>913.000000,227.000000</point>
				<point>892.000000,227.000000</point>
				<point>892.000000,220.000000</point>
				<point>913.000000,220.000000</point>
				<point>913.000000,227.000000</point>
			</points>
		</object>
		<object>
			<coordinate>pixel</coordinate>
			<type>rectangle</type>
			<description>None</description>
			<possibleresult>
				<name>Van</name>
			</possibleresult>
			<points>
				<point>912.000000,255.000015</point>
				<point>888.392456,256.026428</point>
				<point>888.000000,247.000015</point>
				<point>911.607544,245.973602</point>
				<point>912.000000,255.000015</point>
			</points>
		</object>
		<object>
			<coordinate>pixel</coordinate>
			<type>rectangle</type>
			<description>None</description>
			<possibleresult>
				<name>Small Car</name>
			</possibleresult>
			<points>
				<point>860.089233,234.987823</point>
				<point>838.000000,238.000000</point>
				<point>836.910767,230.012177</point>
				<point>859.000000,227.000000</point>
				<point>860.089233,234.987823</point>
			</points>
		</object>
		<object>
			<coordinate>pixel</coordinate>
			<type>rectangle</type>
			<description>None</description>
			<possibleresult>
				<name>Small Car</name>
			</possibleresult>
			<points>
				<point>860.000000,246.000000</point>
				<point>838.000000,246.000000</point>
				<point>838.000000,238.000000</point>
				<point>860.000000,238.000000</point>
				<point>860.000000,246.000000</point>
			</points>
		</object>
		<object>
			<coordinate>pixel</coordinate>
			<type>rectangle</type>
			<description>None</description>
			<possibleresult>
				<name>Small Car</name>
			</possibleresult>
			<points>
				<point>861.319580,263.030945</point>
				<point>839.319580,264.030945</point>
				<point>839.000000,257.000000</point>
				<point>861.000000,256.000000</point>
				<point>861.319580,263.030945</point>
			</points>
		</object>
		<object>
			<coordinate>pixel</coordinate>
			<type>rectangle</type>
			<description>None</description>
			<possibleresult>
				<name>Van</name>
			</possibleresult>
			<points>
				<point>856.500122,311.500000</point>
				<point>841.500122,326.500000</point>
				<point>835.000122,320.000000</point>
				<point>850.000122,305.000000</point>
				<point>856.500122,311.500000</point>
			</points>
		</object>
		<object>
			<coordinate>pixel</coordinate>
			<type>rectangle</type>
			<description>None</description>
			<possibleresult>
				<name>Van</name>
			</possibleresult>
			<points>
				<point>860.500122,320.500031</point>
				<point>846.000122,335.000031</point>
				<point>839.000122,328.000031</point>
				<point>853.500122,313.500031</point>
				<point>860.500122,320.500031</point>
			</points>
		</object>
		<object>
			<coordinate>pixel</coordinate>
			<type>rectangle</type>
			<description>None</description>
			<possibleresult>
				<name>Van</name>
			</possibleresult>
			<points>
				<point>864.000061,331.000000</point>
				<point>850.000061,343.000000</point>
				<point>844.000061,336.000000</point>
				<point>858.000061,324.000000</point>
				<point>864.000061,331.000000</point>
			</points>
		</object>
		<object>
			<coordinate>pixel</coordinate>
			<type>rectangle</type>
			<description>None</description>
			<possibleresult>
				<name>Small Car</name>
			</possibleresult>
			<points>
				<point>866.164734,339.858826</point>
				<point>859.000061,346.000000</point>
				<point>854.835388,341.141174</point>
				<point>862.000061,335.000000</point>
				<point>866.164734,339.858826</point>
			</points>
		</object>
		<object>
			<coordinate>pixel</coordinate>
			<type>rectangle</type>
			<description>None</description>
			<possibleresult>
				<name>Van</name>
			</possibleresult>
			<points>
				<point>983.000000,191.000000</point>
				<point>972.000000,191.000000</point>
				<point>972.000000,176.000000</point>
				<point>983.000000,176.000000</point>
				<point>983.000000,191.000000</point>
			</points>
		</object>
		<object>
			<coordinate>pixel</coordinate>
			<type>rectangle</type>
			<description>None</description>
			<possibleresult>
				<name>Small Car</name>
			</possibleresult>
			<points>
				<point>977.000000,325.000000</point>
				<point>968.000000,325.000000</point>
				<point>968.000000,313.000000</point>
				<point>977.000000,313.000000</point>
				<point>977.000000,325.000000</point>
			</points>
		</object>
		<object>
			<coordinate>pixel</coordinate>
			<type>rectangle</type>
			<description>None</description>
			<possibleresult>
				<name>Football Field</name>
			</possibleresult>
			<points>
				<point>270.999939,690.000000</point>
				<point>269.537140,906.017212</point>
				<point>0.000031,904.191956</point>
				<point>-0.000015,688.164856</point>
				<point>270.999939,690.000000</point>
			</points>
		</object>
		<object>
			<coordinate>pixel</coordinate>
			<type>rectangle</type>
			<description>None</description>
			<possibleresult>
				<name>Van</name>
			</possibleresult>
			<points>
				<point>555.000000,372.000000</point>
				<point>534.000000,372.000000</point>
				<point>534.000000,364.000000</point>
				<point>555.000000,364.000000</point>
				<point>555.000000,372.000000</point>
			</points>
		</object>
		<object>
			<coordinate>pixel</coordinate>
			<type>rectangle</type>
			<description>None</description>
			<possibleresult>
				<name>Small Car</name>
			</possibleresult>
			<points>
				<point>908.000000,393.000000</point>
				<point>890.000000,393.000000</point>
				<point>890.000000,386.000000</point>
				<point>908.000000,386.000000</point>
				<point>908.000000,393.000000</point>
			</points>
		</object>
	</objects>
</annotation>