<?xml version="1.0" encoding="utf-8"?>
<annotation>
	<source>
		<filename>1088.tif</filename>
		<origin>GF2/GF3</origin>
	</source>
	<research>
		<version>1.0</version>
		<provider>FAIR1M</provider>
		<author>Cyber</author>
		<pluginname>FAIR1M</pluginname>
		<pluginclass>object detection</pluginclass>
		<time>2021-03</time>
	</research>
	<size>
		<width>1000</width>
		<height>1000</height>
		<depth>3</depth>
	</size>
	<objects>
		<object>
			<coordinate>pixel</coordinate>
			<type>rectangle</type>
			<description>None</description>
			<possibleresult>
				<name>Small Car</name>
			</possibleresult>
			<points>
				<point>729.999939,213.999969</point>
				<point>722.999939,217.999969</point>
				<point>714.323059,202.815369</point>
				<point>721.323059,198.815369</point>
				<point>729.999939,213.999969</point>
			</points>
		</object>
		<object>
			<coordinate>pixel</coordinate>
			<type>rectangle</type>
			<description>None</description>
			<possibleresult>
				<name>Van</name>
			</possibleresult>
			<points>
				<point>702.087769,212.190262</point>
				<point>696.000000,215.000015</point>
				<point>689.912231,201.809769</point>
				<point>696.000000,199.000015</point>
				<point>702.087769,212.190262</point>
			</points>
		</object>
		<object>
			<coordinate>pixel</coordinate>
			<type>rectangle</type>
			<description>None</description>
			<possibleresult>
				<name>Van</name>
			</possibleresult>
			<points>
				<point>695.600037,196.200027</point>
				<point>689.600037,199.200027</point>
				<point>680.000061,180.000015</point>
				<point>686.000061,177.000015</point>
				<point>695.600037,196.200027</point>
			</points>
		</object>
		<object>
			<coordinate>pixel</coordinate>
			<type>rectangle</type>
			<description>None</description>
			<possibleresult>
				<name>Small Car</name>
			</possibleresult>
			<points>
				<point>717.000000,189.000015</point>
				<point>709.110718,193.207626</point>
				<point>701.110718,178.207626</point>
				<point>709.000000,174.000015</point>
				<point>717.000000,189.000015</point>
			</points>
		</object>
		<object>
			<coordinate>pixel</coordinate>
			<type>rectangle</type>
			<description>None</description>
			<possibleresult>
				<name>Small Car</name>
			</possibleresult>
			<points>
				<point>701.246094,157.430740</point>
				<point>695.000000,160.999985</point>
				<point>687.000000,146.999985</point>
				<point>693.246094,143.430740</point>
				<point>701.246094,157.430740</point>
			</points>
		</object>
		<object>
			<coordinate>pixel</coordinate>
			<type>rectangle</type>
			<description>None</description>
			<possibleresult>
				<name>Small Car</name>
			</possibleresult>
			<points>
				<point>680.018799,163.044739</point>
				<point>673.000000,166.000031</point>
				<point>664.981201,146.955322</point>
				<point>672.000000,144.000031</point>
				<point>680.018799,163.044739</point>
			</points>
		</object>
		<object>
			<coordinate>pixel</coordinate>
			<type>rectangle</type>
			<description>None</description>
			<possibleresult>
				<name>Dump Truck</name>
			</possibleresult>
			<points>
				<point>651.999939,129.999985</point>
				<point>645.443298,134.628159</point>
				<point>632.999939,116.999985</point>
				<point>639.556580,112.371811</point>
				<point>651.999939,129.999985</point>
			</points>
		</object>
		<object>
			<coordinate>pixel</coordinate>
			<type>rectangle</type>
			<description>None</description>
			<possibleresult>
				<name>Small Car</name>
			</possibleresult>
			<points>
				<point>826.000061,0.000000</point>
				<point>836.333435,-0.000000</point>
				<point>837.000061,1.999986</point>
				<point>818.700012,8.099985</point>
				<point>826.000061,0.000000</point>
			</points>
		</object>
		<object>
			<coordinate>pixel</coordinate>
			<type>rectangle</type>
			<description>None</description>
			<possibleresult>
				<name>Dump Truck</name>
			</possibleresult>
			<points>
				<point>750.121643,25.229729</point>
				<point>743.000061,29.000000</point>
				<point>734.000061,11.999999</point>
				<point>741.121643,8.229729</point>
				<point>750.121643,25.229729</point>
			</points>
		</object>
		<object>
			<coordinate>pixel</coordinate>
			<type>rectangle</type>
			<description>None</description>
			<possibleresult>
				<name>Small Car</name>
			</possibleresult>
			<points>
				<point>726.000061,86.999992</point>
				<point>719.200012,90.399986</point>
				<point>711.600037,75.199989</point>
				<point>718.400085,71.799995</point>
				<point>726.000061,86.999992</point>
			</points>
		</object>
		<object>
			<coordinate>pixel</coordinate>
			<type>rectangle</type>
			<description>None</description>
			<possibleresult>
				<name>Small Car</name>
			</possibleresult>
			<points>
				<point>683.000061,116.000031</point>
				<point>676.200012,119.400024</point>
				<point>668.600037,104.200027</point>
				<point>675.400085,100.800034</point>
				<point>683.000061,116.000031</point>
			</points>
		</object>
		<object>
			<coordinate>pixel</coordinate>
			<type>rectangle</type>
			<description>None</description>
			<possibleresult>
				<name>Dump Truck</name>
			</possibleresult>
			<points>
				<point>697.000000,114.000031</point>
				<point>685.101929,118.283310</point>
				<point>676.000000,93.000015</point>
				<point>687.898071,88.716736</point>
				<point>697.000000,114.000031</point>
			</points>
		</object>
		<object>
			<coordinate>pixel</coordinate>
			<type>rectangle</type>
			<description>None</description>
			<possibleresult>
				<name>Small Car</name>
			</possibleresult>
			<points>
				<point>672.155212,95.362061</point>
				<point>666.000061,97.999985</point>
				<point>659.844910,83.637909</point>
				<point>666.000061,80.999985</point>
				<point>672.155212,95.362061</point>
			</points>
		</object>
		<object>
			<coordinate>pixel</coordinate>
			<type>rectangle</type>
			<description>None</description>
			<possibleresult>
				<name>Small Car</name>
			</possibleresult>
			<points>
				<point>665.206909,103.517242</point>
				<point>659.000000,106.000000</point>
				<point>652.793091,90.482758</point>
				<point>659.000000,88.000000</point>
				<point>665.206909,103.517242</point>
			</points>
		</object>
		<object>
			<coordinate>pixel</coordinate>
			<type>rectangle</type>
			<description>None</description>
			<possibleresult>
				<name>Small Car</name>
			</possibleresult>
			<points>
				<point>655.000000,105.999992</point>
				<point>647.800049,109.599998</point>
				<point>639.800049,93.599998</point>
				<point>647.000000,89.999992</point>
				<point>655.000000,105.999992</point>
			</points>
		</object>
		<object>
			<coordinate>pixel</coordinate>
			<type>rectangle</type>
			<description>None</description>
			<possibleresult>
				<name>Small Car</name>
			</possibleresult>
			<points>
				<point>654.600037,80.200005</point>
				<point>648.600037,83.200005</point>
				<point>641.000061,68.000008</point>
				<point>647.000061,65.000008</point>
				<point>654.600037,80.200005</point>
			</points>
		</object>
		<object>
			<coordinate>pixel</coordinate>
			<type>rectangle</type>
			<description>None</description>
			<possibleresult>
				<name>Van</name>
			</possibleresult>
			<points>
				<point>645.000061,86.000008</point>
				<point>638.200012,89.400002</point>
				<point>630.000061,73.000008</point>
				<point>636.800110,69.600014</point>
				<point>645.000061,86.000008</point>
			</points>
		</object>
		<object>
			<coordinate>pixel</coordinate>
			<type>rectangle</type>
			<description>None</description>
			<possibleresult>
				<name>Small Car</name>
			</possibleresult>
			<points>
				<point>657.068970,60.172436</point>
				<point>650.000000,63.000019</point>
				<point>643.931030,47.827602</point>
				<point>651.000000,45.000019</point>
				<point>657.068970,60.172436</point>
			</points>
		</object>
		<object>
			<coordinate>pixel</coordinate>
			<type>rectangle</type>
			<description>None</description>
			<possibleresult>
				<name>Small Car</name>
			</possibleresult>
			<points>
				<point>643.068970,64.172409</point>
				<point>636.000000,66.999992</point>
				<point>629.931030,51.827572</point>
				<point>637.000000,48.999985</point>
				<point>643.068970,64.172409</point>
			</points>
		</object>
		<object>
			<coordinate>pixel</coordinate>
			<type>rectangle</type>
			<description>None</description>
			<possibleresult>
				<name>Dump Truck</name>
			</possibleresult>
			<points>
				<point>631.026306,71.111465</point>
				<point>623.000061,72.999992</point>
				<point>618.973816,55.888523</point>
				<point>627.000061,54.000000</point>
				<point>631.026306,71.111465</point>
			</points>
		</object>
		<object>
			<coordinate>pixel</coordinate>
			<type>rectangle</type>
			<description>None</description>
			<possibleresult>
				<name>Van</name>
			</possibleresult>
			<points>
				<point>619.000061,70.000031</point>
				<point>612.200012,73.400024</point>
				<point>604.200012,57.400032</point>
				<point>611.000061,54.000038</point>
				<point>619.000061,70.000031</point>
			</points>
		</object>
		<object>
			<coordinate>pixel</coordinate>
			<type>rectangle</type>
			<description>None</description>
			<possibleresult>
				<name>Small Car</name>
			</possibleresult>
			<points>
				<point>614.000000,24.999983</point>
				<point>595.576416,29.094103</point>
				<point>594.000000,21.999983</point>
				<point>612.423584,17.905863</point>
				<point>614.000000,24.999983</point>
			</points>
		</object>
		<object>
			<coordinate>pixel</coordinate>
			<type>rectangle</type>
			<description>None</description>
			<possibleresult>
				<name>Dump Truck</name>
			</possibleresult>
			<points>
				<point>455.000061,84.000015</point>
				<point>412.247742,96.825699</point>
				<point>408.889954,85.633041</point>
				<point>451.642273,72.807358</point>
				<point>455.000061,84.000015</point>
			</points>
		</object>
		<object>
			<coordinate>pixel</coordinate>
			<type>rectangle</type>
			<description>None</description>
			<possibleresult>
				<name>Van</name>
			</possibleresult>
			<points>
				<point>348.000031,145.000000</point>
				<point>328.794647,148.032440</point>
				<point>328.000031,143.000000</point>
				<point>347.205414,139.967560</point>
				<point>348.000031,145.000000</point>
			</points>
		</object>
		<object>
			<coordinate>pixel</coordinate>
			<type>rectangle</type>
			<description>None</description>
			<possibleresult>
				<name>Van</name>
			</possibleresult>
			<points>
				<point>354.000000,152.000000</point>
				<point>339.000000,155.000000</point>
				<point>338.000000,150.000000</point>
				<point>353.000000,147.000000</point>
				<point>354.000000,152.000000</point>
			</points>
		</object>
		<object>
			<coordinate>pixel</coordinate>
			<type>rectangle</type>
			<description>None</description>
			<possibleresult>
				<name>Dump Truck</name>
			</possibleresult>
			<points>
				<point>569.999939,486.999969</point>
				<point>561.083191,492.144257</point>
				<point>545.999939,465.999969</point>
				<point>554.916687,460.855682</point>
				<point>569.999939,486.999969</point>
			</points>
		</object>
		<object>
			<coordinate>pixel</coordinate>
			<type>rectangle</type>
			<description>None</description>
			<possibleresult>
				<name>Small Car</name>
			</possibleresult>
			<points>
				<point>806.138855,500.823364</point>
				<point>795.000061,515.000000</point>
				<point>788.861267,510.176636</point>
				<point>800.000061,496.000000</point>
				<point>806.138855,500.823364</point>
			</points>
		</object>
		<object>
			<coordinate>pixel</coordinate>
			<type>rectangle</type>
			<description>None</description>
			<possibleresult>
				<name>Dump Truck</name>
			</possibleresult>
			<points>
				<point>799.307739,540.461548</point>
				<point>794.876953,548.215454</point>
				<point>776.569214,537.753906</point>
				<point>781.000000,530.000000</point>
				<point>799.307739,540.461548</point>
			</points>
		</object>
		<object>
			<coordinate>pixel</coordinate>
			<type>rectangle</type>
			<description>None</description>
			<possibleresult>
				<name>Small Car</name>
			</possibleresult>
			<points>
				<point>890.999939,541.000000</point>
				<point>881.879944,553.160034</point>
				<point>874.999939,548.000000</point>
				<point>884.119934,535.839966</point>
				<point>890.999939,541.000000</point>
			</points>
		</object>
		<object>
			<coordinate>pixel</coordinate>
			<type>rectangle</type>
			<description>None</description>
			<possibleresult>
				<name>Van</name>
			</possibleresult>
			<points>
				<point>900.000061,543.000061</point>
				<point>892.903748,556.179016</point>
				<point>887.000061,553.000061</point>
				<point>894.096375,539.821106</point>
				<point>900.000061,543.000061</point>
			</points>
		</object>
		<object>
			<coordinate>pixel</coordinate>
			<type>rectangle</type>
			<description>None</description>
			<possibleresult>
				<name>Van</name>
			</possibleresult>
			<points>
				<point>912.362061,547.155151</point>
				<point>906.000000,562.000000</point>
				<point>898.637939,558.844849</point>
				<point>905.000000,544.000000</point>
				<point>912.362061,547.155151</point>
			</points>
		</object>
		<object>
			<coordinate>pixel</coordinate>
			<type>rectangle</type>
			<description>None</description>
			<possibleresult>
				<name>Van</name>
			</possibleresult>
			<points>
				<point>852.400146,578.200012</point>
				<point>845.400146,592.200012</point>
				<point>837.000122,588.000061</point>
				<point>844.000122,574.000061</point>
				<point>852.400146,578.200012</point>
			</points>
		</object>
		<object>
			<coordinate>pixel</coordinate>
			<type>rectangle</type>
			<description>None</description>
			<possibleresult>
				<name>Small Car</name>
			</possibleresult>
			<points>
				<point>-0.000003,322.882294</point>
				<point>-2.404465,314.707123</point>
				<point>0.595537,313.824799</point>
				<point>2.999998,321.999969</point>
				<point>-0.000003,322.882294</point>
			</points>
		</object>
		<object>
			<coordinate>pixel</coordinate>
			<type>rectangle</type>
			<description>None</description>
			<possibleresult>
				<name>Small Car</name>
			</possibleresult>
			<points>
				<point>46.587242,309.131348</point>
				<point>24.587242,316.131348</point>
				<point>22.000000,308.000000</point>
				<point>44.000000,301.000000</point>
				<point>46.587242,309.131348</point>
			</points>
		</object>
		<object>
			<coordinate>pixel</coordinate>
			<type>rectangle</type>
			<description>None</description>
			<possibleresult>
				<name>Small Car</name>
			</possibleresult>
			<points>
				<point>198.000015,254.000031</point>
				<point>178.000015,259.000031</point>
				<point>176.470596,252.882385</point>
				<point>196.470596,247.882385</point>
				<point>198.000015,254.000031</point>
			</points>
		</object>
		<object>
			<coordinate>pixel</coordinate>
			<type>rectangle</type>
			<description>None</description>
			<possibleresult>
				<name>Small Car</name>
			</possibleresult>
			<points>
				<point>89.251472,336.896423</point>
				<point>71.999992,344.000000</point>
				<point>68.748512,336.103577</point>
				<point>85.999992,329.000000</point>
				<point>89.251472,336.896423</point>
			</points>
		</object>
		<object>
			<coordinate>pixel</coordinate>
			<type>rectangle</type>
			<description>None</description>
			<possibleresult>
				<name>Van</name>
			</possibleresult>
			<points>
				<point>92.999985,344.999969</point>
				<point>77.999985,350.999969</point>
				<point>75.999985,345.999969</point>
				<point>90.999985,339.999969</point>
				<point>92.999985,344.999969</point>
			</points>
		</object>
		<object>
			<coordinate>pixel</coordinate>
			<type>rectangle</type>
			<description>None</description>
			<possibleresult>
				<name>Van</name>
			</possibleresult>
			<points>
				<point>74.000000,363.000000</point>
				<point>50.806068,371.067444</point>
				<point>48.000000,363.000000</point>
				<point>71.193932,354.932556</point>
				<point>74.000000,363.000000</point>
			</points>
		</object>
		<object>
			<coordinate>pixel</coordinate>
			<type>rectangle</type>
			<description>None</description>
			<possibleresult>
				<name>Van</name>
			</possibleresult>
			<points>
				<point>76.041107,373.109589</point>
				<point>55.000011,381.000031</point>
				<point>52.000011,373.000031</point>
				<point>73.041107,365.109589</point>
				<point>76.041107,373.109589</point>
			</points>
		</object>
		<object>
			<coordinate>pixel</coordinate>
			<type>rectangle</type>
			<description>None</description>
			<possibleresult>
				<name>Van</name>
			</possibleresult>
			<points>
				<point>84.246582,382.657532</point>
				<point>62.000004,391.000000</point>
				<point>59.000004,383.000000</point>
				<point>81.246582,374.657532</point>
				<point>84.246582,382.657532</point>
			</points>
		</object>
		<object>
			<coordinate>pixel</coordinate>
			<type>rectangle</type>
			<description>None</description>
			<possibleresult>
				<name>Van</name>
			</possibleresult>
			<points>
				<point>106.420906,366.225220</point>
				<point>88.420906,373.225220</point>
				<point>85.999992,367.000000</point>
				<point>103.999992,360.000000</point>
				<point>106.420906,366.225220</point>
			</points>
		</object>
		<object>
			<coordinate>pixel</coordinate>
			<type>rectangle</type>
			<description>None</description>
			<possibleresult>
				<name>Small Car</name>
			</possibleresult>
			<points>
				<point>118.364693,398.141144</point>
				<point>100.364693,402.141144</point>
				<point>98.999992,395.999969</point>
				<point>116.999992,391.999969</point>
				<point>118.364693,398.141144</point>
			</points>
		</object>
		<object>
			<coordinate>pixel</coordinate>
			<type>rectangle</type>
			<description>None</description>
			<possibleresult>
				<name>Small Car</name>
			</possibleresult>
			<points>
				<point>98.787575,414.792755</point>
				<point>79.000008,420.000031</point>
				<point>77.212440,413.207306</point>
				<point>97.000008,408.000031</point>
				<point>98.787575,414.792755</point>
			</points>
		</object>
		<object>
			<coordinate>pixel</coordinate>
			<type>rectangle</type>
			<description>None</description>
			<possibleresult>
				<name>Small Car</name>
			</possibleresult>
			<points>
				<point>104.000000,423.000031</point>
				<point>86.000000,429.000031</point>
				<point>83.600006,421.800018</point>
				<point>101.600006,415.800018</point>
				<point>104.000000,423.000031</point>
			</points>
		</object>
		<object>
			<coordinate>pixel</coordinate>
			<type>rectangle</type>
			<description>None</description>
			<possibleresult>
				<name>Cargo Truck</name>
			</possibleresult>
			<points>
				<point>374.756775,289.540527</point>
				<point>363.000000,306.000000</point>
				<point>356.000000,301.000000</point>
				<point>367.756775,284.540527</point>
				<point>374.756775,289.540527</point>
			</points>
		</object>
		<object>
			<coordinate>pixel</coordinate>
			<type>rectangle</type>
			<description>None</description>
			<possibleresult>
				<name>Small Car</name>
			</possibleresult>
			<points>
				<point>382.112366,292.820282</point>
				<point>372.112366,308.820282</point>
				<point>366.000000,305.000031</point>
				<point>376.000000,289.000031</point>
				<point>382.112366,292.820282</point>
			</points>
		</object>
		<object>
			<coordinate>pixel</coordinate>
			<type>rectangle</type>
			<description>None</description>
			<possibleresult>
				<name>other-vehicle</name>
			</possibleresult>
			<points>
				<point>469.113373,374.240784</point>
				<point>459.000031,379.000000</point>
				<point>450.886688,361.759216</point>
				<point>461.000031,357.000000</point>
				<point>469.113373,374.240784</point>
			</points>
		</object>
		<object>
			<coordinate>pixel</coordinate>
			<type>rectangle</type>
			<description>None</description>
			<possibleresult>
				<name>Dump Truck</name>
			</possibleresult>
			<points>
				<point>455.000061,379.000031</point>
				<point>446.200073,383.400055</point>
				<point>435.200073,361.400055</point>
				<point>444.000061,357.000031</point>
				<point>455.000061,379.000031</point>
			</points>
		</object>
		<object>
			<coordinate>pixel</coordinate>
			<type>rectangle</type>
			<description>None</description>
			<possibleresult>
				<name>Small Car</name>
			</possibleresult>
			<points>
				<point>433.000000,386.999969</point>
				<point>425.110718,391.207611</point>
				<point>417.110718,376.207611</point>
				<point>425.000000,371.999969</point>
				<point>433.000000,386.999969</point>
			</points>
		</object>
		<object>
			<coordinate>pixel</coordinate>
			<type>rectangle</type>
			<description>None</description>
			<possibleresult>
				<name>Small Car</name>
			</possibleresult>
			<points>
				<point>419.000061,390.999969</point>
				<point>413.000061,393.999969</point>
				<point>405.000061,377.999969</point>
				<point>411.000061,374.999969</point>
				<point>419.000061,390.999969</point>
			</points>
		</object>
		<object>
			<coordinate>pixel</coordinate>
			<type>rectangle</type>
			<description>None</description>
			<possibleresult>
				<name>Dump Truck</name>
			</possibleresult>
			<points>
				<point>379.000000,405.999969</point>
				<point>370.746643,410.539337</point>
				<point>359.746643,390.539337</point>
				<point>368.000000,385.999969</point>
				<point>379.000000,405.999969</point>
			</points>
		</object>
		<object>
			<coordinate>pixel</coordinate>
			<type>rectangle</type>
			<description>None</description>
			<possibleresult>
				<name>Dump Truck</name>
			</possibleresult>
			<points>
				<point>364.000000,411.000000</point>
				<point>357.122192,414.257935</point>
				<point>348.000000,395.000000</point>
				<point>354.877808,391.742065</point>
				<point>364.000000,411.000000</point>
			</points>
		</object>
		<object>
			<coordinate>pixel</coordinate>
			<type>rectangle</type>
			<description>None</description>
			<possibleresult>
				<name>Dump Truck</name>
			</possibleresult>
			<points>
				<point>351.277283,416.582275</point>
				<point>342.000000,421.000000</point>
				<point>331.722717,399.417725</point>
				<point>341.000000,395.000000</point>
				<point>351.277283,416.582275</point>
			</points>
		</object>
		<object>
			<coordinate>pixel</coordinate>
			<type>rectangle</type>
			<description>None</description>
			<possibleresult>
				<name>Dump Truck</name>
			</possibleresult>
			<points>
				<point>337.779266,418.677399</point>
				<point>330.000031,424.000031</point>
				<point>317.000031,405.000031</point>
				<point>324.779266,399.677399</point>
				<point>337.779266,418.677399</point>
			</points>
		</object>
		<object>
			<coordinate>pixel</coordinate>
			<type>rectangle</type>
			<description>None</description>
			<possibleresult>
				<name>Small Car</name>
			</possibleresult>
			<points>
				<point>292.000031,435.000000</point>
				<point>284.213654,439.379822</point>
				<point>275.213654,423.379822</point>
				<point>283.000031,419.000000</point>
				<point>292.000031,435.000000</point>
			</points>
		</object>
		<object>
			<coordinate>pixel</coordinate>
			<type>rectangle</type>
			<description>None</description>
			<possibleresult>
				<name>Cargo Truck</name>
			</possibleresult>
			<points>
				<point>417.000061,569.000061</point>
				<point>409.000061,573.000061</point>
				<point>398.000061,551.000061</point>
				<point>406.000061,547.000061</point>
				<point>417.000061,569.000061</point>
			</points>
		</object>
		<object>
			<coordinate>pixel</coordinate>
			<type>rectangle</type>
			<description>None</description>
			<possibleresult>
				<name>Van</name>
			</possibleresult>
			<points>
				<point>208.000000,518.000000</point>
				<point>201.000000,522.000000</point>
				<point>192.323090,506.815399</point>
				<point>199.323090,502.815430</point>
				<point>208.000000,518.000000</point>
			</points>
		</object>
		<object>
			<coordinate>pixel</coordinate>
			<type>rectangle</type>
			<description>None</description>
			<possibleresult>
				<name>Van</name>
			</possibleresult>
			<points>
				<point>216.999985,527.000000</point>
				<point>198.999985,535.000000</point>
				<point>195.907211,528.041260</point>
				<point>213.907211,520.041260</point>
				<point>216.999985,527.000000</point>
			</points>
		</object>
		<object>
			<coordinate>pixel</coordinate>
			<type>rectangle</type>
			<description>None</description>
			<possibleresult>
				<name>Dump Truck</name>
			</possibleresult>
			<points>
				<point>268.000000,539.000000</point>
				<point>258.205505,543.452026</point>
				<point>248.000000,521.000000</point>
				<point>257.794495,516.547974</point>
				<point>268.000000,539.000000</point>
			</points>
		</object>
		<object>
			<coordinate>pixel</coordinate>
			<type>rectangle</type>
			<description>None</description>
			<possibleresult>
				<name>Van</name>
			</possibleresult>
			<points>
				<point>246.000046,541.000061</point>
				<point>239.396042,545.572083</point>
				<point>230.000046,532.000061</point>
				<point>236.604050,527.428040</point>
				<point>246.000046,541.000061</point>
			</points>
		</object>
		<object>
			<coordinate>pixel</coordinate>
			<type>rectangle</type>
			<description>None</description>
			<possibleresult>
				<name>Small Car</name>
			</possibleresult>
			<points>
				<point>236.000031,547.000061</point>
				<point>228.719147,551.550598</point>
				<point>218.719147,535.550598</point>
				<point>226.000031,531.000061</point>
				<point>236.000031,547.000061</point>
			</points>
		</object>
		<object>
			<coordinate>pixel</coordinate>
			<type>rectangle</type>
			<description>None</description>
			<possibleresult>
				<name>Dump Truck</name>
			</possibleresult>
			<points>
				<point>245.999985,567.999939</point>
				<point>219.999985,570.999939</point>
				<point>218.975174,562.118225</point>
				<point>244.975174,559.118225</point>
				<point>245.999985,567.999939</point>
			</points>
		</object>
		<object>
			<coordinate>pixel</coordinate>
			<type>rectangle</type>
			<description>None</description>
			<possibleresult>
				<name>Dump Truck</name>
			</possibleresult>
			<points>
				<point>286.221924,591.602417</point>
				<point>277.000000,595.000000</point>
				<point>270.000000,576.000000</point>
				<point>279.221924,572.602417</point>
				<point>286.221924,591.602417</point>
			</points>
		</object>
		<object>
			<coordinate>pixel</coordinate>
			<type>rectangle</type>
			<description>None</description>
			<possibleresult>
				<name>Van</name>
			</possibleresult>
			<points>
				<point>295.168884,611.434326</point>
				<point>286.000000,615.000000</point>
				<point>279.000000,597.000000</point>
				<point>288.168884,593.434326</point>
				<point>295.168884,611.434326</point>
			</points>
		</object>
		<object>
			<coordinate>pixel</coordinate>
			<type>rectangle</type>
			<description>None</description>
			<possibleresult>
				<name>Small Car</name>
			</possibleresult>
			<points>
				<point>323.000031,590.000000</point>
				<point>314.055389,593.156982</point>
				<point>308.000031,576.000122</point>
				<point>316.944672,572.843140</point>
				<point>323.000031,590.000000</point>
			</points>
		</object>
		<object>
			<coordinate>pixel</coordinate>
			<type>rectangle</type>
			<description>None</description>
			<possibleresult>
				<name>Small Car</name>
			</possibleresult>
			<points>
				<point>332.123291,612.328735</point>
				<point>324.123291,615.328735</point>
				<point>318.000000,599.000000</point>
				<point>326.000000,596.000000</point>
				<point>332.123291,612.328735</point>
			</points>
		</object>
		<object>
			<coordinate>pixel</coordinate>
			<type>rectangle</type>
			<description>None</description>
			<possibleresult>
				<name>Van</name>
			</possibleresult>
			<points>
				<point>338.000031,631.000061</point>
				<point>331.100006,633.300110</point>
				<point>326.000031,618.000061</point>
				<point>332.900055,615.700012</point>
				<point>338.000031,631.000061</point>
			</points>
		</object>
		<object>
			<coordinate>pixel</coordinate>
			<type>rectangle</type>
			<description>None</description>
			<possibleresult>
				<name>Van</name>
			</possibleresult>
			<points>
				<point>345.000000,649.000061</point>
				<point>337.768677,651.259827</point>
				<point>332.768677,635.259827</point>
				<point>340.000000,633.000061</point>
				<point>345.000000,649.000061</point>
			</points>
		</object>
		<object>
			<coordinate>pixel</coordinate>
			<type>rectangle</type>
			<description>None</description>
			<possibleresult>
				<name>Small Car</name>
			</possibleresult>
			<points>
				<point>306.063721,550.216553</point>
				<point>299.079651,552.270752</point>
				<point>294.000061,535.000000</point>
				<point>300.984131,532.945801</point>
				<point>306.063721,550.216553</point>
			</points>
		</object>
		<object>
			<coordinate>pixel</coordinate>
			<type>rectangle</type>
			<description>None</description>
			<possibleresult>
				<name>Dump Truck</name>
			</possibleresult>
			<points>
				<point>280.000000,472.000000</point>
				<point>271.000000,476.000000</point>
				<point>263.000000,458.000000</point>
				<point>272.000000,454.000000</point>
				<point>280.000000,472.000000</point>
			</points>
		</object>
		<object>
			<coordinate>pixel</coordinate>
			<type>rectangle</type>
			<description>None</description>
			<possibleresult>
				<name>Van</name>
			</possibleresult>
			<points>
				<point>249.000031,499.000061</point>
				<point>242.147736,501.418518</point>
				<point>236.000031,484.000061</point>
				<point>242.852325,481.581604</point>
				<point>249.000031,499.000061</point>
			</points>
		</object>
		<object>
			<coordinate>pixel</coordinate>
			<type>rectangle</type>
			<description>None</description>
			<possibleresult>
				<name>Small Car</name>
			</possibleresult>
			<points>
				<point>156.304855,502.256104</point>
				<point>137.304855,509.256104</point>
				<point>134.999985,503.000000</point>
				<point>153.999985,496.000000</point>
				<point>156.304855,502.256104</point>
			</points>
		</object>
		<object>
			<coordinate>pixel</coordinate>
			<type>rectangle</type>
			<description>None</description>
			<possibleresult>
				<name>Van</name>
			</possibleresult>
			<points>
				<point>137.000015,501.000000</point>
				<point>119.783463,506.063721</point>
				<point>118.000015,500.000000</point>
				<point>135.216568,494.936279</point>
				<point>137.000015,501.000000</point>
			</points>
		</object>
		<object>
			<coordinate>pixel</coordinate>
			<type>rectangle</type>
			<description>None</description>
			<possibleresult>
				<name>Small Car</name>
			</possibleresult>
			<points>
				<point>90.399994,526.199951</point>
				<point>72.399994,532.199951</point>
				<point>70.000000,525.000000</point>
				<point>88.000000,519.000000</point>
				<point>90.399994,526.199951</point>
			</points>
		</object>
		<object>
			<coordinate>pixel</coordinate>
			<type>rectangle</type>
			<description>None</description>
			<possibleresult>
				<name>Van</name>
			</possibleresult>
			<points>
				<point>104.000015,488.000000</point>
				<point>82.700012,495.099976</point>
				<point>80.000015,487.000000</point>
				<point>101.300018,479.900024</point>
				<point>104.000015,488.000000</point>
			</points>
		</object>
		<object>
			<coordinate>pixel</coordinate>
			<type>rectangle</type>
			<description>None</description>
			<possibleresult>
				<name>Van</name>
			</possibleresult>
			<points>
				<point>58.698143,503.757172</point>
				<point>35.698143,511.757172</point>
				<point>33.000000,504.000031</point>
				<point>56.000000,496.000031</point>
				<point>58.698143,503.757172</point>
			</points>
		</object>
		<object>
			<coordinate>pixel</coordinate>
			<type>rectangle</type>
			<description>None</description>
			<possibleresult>
				<name>Small Car</name>
			</possibleresult>
			<points>
				<point>32.699997,512.099976</point>
				<point>8.699999,520.099976</point>
				<point>5.999998,512.000000</point>
				<point>29.999998,504.000000</point>
				<point>32.699997,512.099976</point>
			</points>
		</object>
		<object>
			<coordinate>pixel</coordinate>
			<type>rectangle</type>
			<description>None</description>
			<possibleresult>
				<name>Dump Truck</name>
			</possibleresult>
			<points>
				<point>68.337807,534.868652</point>
				<point>50.000000,542.000000</point>
				<point>46.903488,534.037476</point>
				<point>65.241295,526.906128</point>
				<point>68.337807,534.868652</point>
			</points>
		</object>
		<object>
			<coordinate>pixel</coordinate>
			<type>rectangle</type>
			<description>None</description>
			<possibleresult>
				<name>Small Car</name>
			</possibleresult>
			<points>
				<point>0.000002,719.049988</point>
				<point>-0.902199,713.035339</point>
				<point>6.097793,711.985291</point>
				<point>6.999994,717.999939</point>
				<point>0.000002,719.049988</point>
			</points>
		</object>
		<object>
			<coordinate>pixel</coordinate>
			<type>rectangle</type>
			<description>None</description>
			<possibleresult>
				<name>Van</name>
			</possibleresult>
			<points>
				<point>0.000002,727.142700</point>
				<point>-1.000000,720.142700</point>
				<point>2.099997,719.699829</point>
				<point>3.099999,726.699829</point>
				<point>0.000002,727.142700</point>
			</points>
		</object>
		<object>
			<coordinate>pixel</coordinate>
			<type>rectangle</type>
			<description>None</description>
			<possibleresult>
				<name>Van</name>
			</possibleresult>
			<points>
				<point>0.000013,577.000061</point>
				<point>-5.999985,565.000061</point>
				<point>0.000013,562.000061</point>
				<point>6.000012,574.000061</point>
				<point>0.000013,577.000061</point>
			</points>
		</object>
		<object>
			<coordinate>pixel</coordinate>
			<type>rectangle</type>
			<description>None</description>
			<possibleresult>
				<name>Small Car</name>
			</possibleresult>
			<points>
				<point>50.999996,567.999939</point>
				<point>44.728504,570.239807</point>
				<point>39.728504,556.239807</point>
				<point>45.999996,553.999939</point>
				<point>50.999996,567.999939</point>
			</points>
		</object>
		<object>
			<coordinate>pixel</coordinate>
			<type>rectangle</type>
			<description>None</description>
			<possibleresult>
				<name>Van</name>
			</possibleresult>
			<points>
				<point>15.000004,590.999939</point>
				<point>0.000000,593.999939</point>
				<point>-0.000000,587.599976</point>
				<point>13.769234,584.846130</point>
				<point>15.000004,590.999939</point>
			</points>
		</object>
		<object>
			<coordinate>pixel</coordinate>
			<type>rectangle</type>
			<description>None</description>
			<possibleresult>
				<name>Small Car</name>
			</possibleresult>
			<points>
				<point>16.999983,604.999939</point>
				<point>0.000000,609.000061</point>
				<point>-0.000000,600.750000</point>
				<point>14.999983,596.999939</point>
				<point>16.999983,604.999939</point>
			</points>
		</object>
		<object>
			<coordinate>pixel</coordinate>
			<type>rectangle</type>
			<description>None</description>
			<possibleresult>
				<name>Small Car</name>
			</possibleresult>
			<points>
				<point>59.999985,601.000000</point>
				<point>57.172401,608.068970</point>
				<point>36.999985,600.000000</point>
				<point>39.827568,592.931030</point>
				<point>59.999985,601.000000</point>
			</points>
		</object>
		<object>
			<coordinate>pixel</coordinate>
			<type>rectangle</type>
			<description>None</description>
			<possibleresult>
				<name>Small Car</name>
			</possibleresult>
			<points>
				<point>25.264009,623.952087</point>
				<point>3.000008,628.000061</point>
				<point>1.736008,621.048035</point>
				<point>24.000010,617.000061</point>
				<point>25.264009,623.952087</point>
			</points>
		</object>
		<object>
			<coordinate>pixel</coordinate>
			<type>rectangle</type>
			<description>None</description>
			<possibleresult>
				<name>Van</name>
			</possibleresult>
			<points>
				<point>29.256756,631.959473</point>
				<point>9.999997,635.000000</point>
				<point>8.743241,627.040527</point>
				<point>28.000000,624.000000</point>
				<point>29.256756,631.959473</point>
			</points>
		</object>
		<object>
			<coordinate>pixel</coordinate>
			<type>rectangle</type>
			<description>None</description>
			<possibleresult>
				<name>Small Car</name>
			</possibleresult>
			<points>
				<point>60.999989,649.000061</point>
				<point>54.999989,652.000061</point>
				<point>47.999989,638.000061</point>
				<point>53.999989,635.000061</point>
				<point>60.999989,649.000061</point>
			</points>
		</object>
		<object>
			<coordinate>pixel</coordinate>
			<type>rectangle</type>
			<description>None</description>
			<possibleresult>
				<name>Small Car</name>
			</possibleresult>
			<points>
				<point>55.000004,671.000000</point>
				<point>49.103100,673.268066</point>
				<point>44.000004,660.000000</point>
				<point>49.896908,657.731934</point>
				<point>55.000004,671.000000</point>
			</points>
		</object>
		<object>
			<coordinate>pixel</coordinate>
			<type>rectangle</type>
			<description>None</description>
			<possibleresult>
				<name>Small Car</name>
			</possibleresult>
			<points>
				<point>142.309021,739.502197</point>
				<point>135.000000,744.000000</point>
				<point>126.690979,730.497803</point>
				<point>134.000000,726.000000</point>
				<point>142.309021,739.502197</point>
			</points>
		</object>
		<object>
			<coordinate>pixel</coordinate>
			<type>rectangle</type>
			<description>None</description>
			<possibleresult>
				<name>Small Car</name>
			</possibleresult>
			<points>
				<point>608.999939,583.000000</point>
				<point>604.092224,584.338501</point>
				<point>600.999939,573.000000</point>
				<point>605.907654,571.661499</point>
				<point>608.999939,583.000000</point>
			</points>
		</object>
		<object>
			<coordinate>pixel</coordinate>
			<type>rectangle</type>
			<description>None</description>
			<possibleresult>
				<name>Van</name>
			</possibleresult>
			<points>
				<point>724.000000,645.000000</point>
				<point>703.000000,645.000000</point>
				<point>703.000000,638.000000</point>
				<point>724.000000,638.000000</point>
				<point>724.000000,645.000000</point>
			</points>
		</object>
		<object>
			<coordinate>pixel</coordinate>
			<type>rectangle</type>
			<description>None</description>
			<possibleresult>
				<name>Van</name>
			</possibleresult>
			<points>
				<point>492.000031,678.000000</point>
				<point>470.400055,685.199951</point>
				<point>468.000031,678.000000</point>
				<point>489.600006,670.800049</point>
				<point>492.000031,678.000000</point>
			</points>
		</object>
		<object>
			<coordinate>pixel</coordinate>
			<type>rectangle</type>
			<description>None</description>
			<possibleresult>
				<name>Van</name>
			</possibleresult>
			<points>
				<point>358.000000,668.000061</point>
				<point>351.051392,672.087463</point>
				<point>341.000000,655.000061</point>
				<point>347.948608,650.912659</point>
				<point>358.000000,668.000061</point>
			</points>
		</object>
		<object>
			<coordinate>pixel</coordinate>
			<type>rectangle</type>
			<description>None</description>
			<possibleresult>
				<name>Van</name>
			</possibleresult>
			<points>
				<point>148.482742,654.793152</point>
				<point>133.999985,661.000061</point>
				<point>131.517227,655.206970</point>
				<point>145.999985,649.000061</point>
				<point>148.482742,654.793152</point>
			</points>
		</object>
		<object>
			<coordinate>pixel</coordinate>
			<type>rectangle</type>
			<description>None</description>
			<possibleresult>
				<name>Small Car</name>
			</possibleresult>
			<points>
				<point>152.344833,663.862122</point>
				<point>137.000015,670.000061</point>
				<point>134.655197,664.138000</point>
				<point>150.000015,658.000061</point>
				<point>152.344833,663.862122</point>
			</points>
		</object>
		<object>
			<coordinate>pixel</coordinate>
			<type>rectangle</type>
			<description>None</description>
			<possibleresult>
				<name>Small Car</name>
			</possibleresult>
			<points>
				<point>171.520523,653.337463</point>
				<point>160.000015,667.999939</point>
				<point>154.479507,663.662415</point>
				<point>166.000015,648.999939</point>
				<point>171.520523,653.337463</point>
			</points>
		</object>
		<object>
			<coordinate>pixel</coordinate>
			<type>rectangle</type>
			<description>None</description>
			<possibleresult>
				<name>other-vehicle</name>
			</possibleresult>
			<points>
				<point>170.932434,669.905396</point>
				<point>154.000000,682.000000</point>
				<point>149.000000,675.000000</point>
				<point>165.932434,662.905396</point>
				<point>170.932434,669.905396</point>
			</points>
		</object>
		<object>
			<coordinate>pixel</coordinate>
			<type>rectangle</type>
			<description>None</description>
			<possibleresult>
				<name>Cargo Truck</name>
			</possibleresult>
			<points>
				<point>266.237366,738.328674</point>
				<point>257.000031,745.000061</point>
				<point>243.762680,726.671448</point>
				<point>253.000000,720.000061</point>
				<point>266.237366,738.328674</point>
			</points>
		</object>
		<object>
			<coordinate>pixel</coordinate>
			<type>rectangle</type>
			<description>None</description>
			<possibleresult>
				<name>Small Car</name>
			</possibleresult>
			<points>
				<point>203.511566,723.169739</point>
				<point>197.000000,727.000061</point>
				<point>187.000000,710.000061</point>
				<point>193.511566,706.169739</point>
				<point>203.511566,723.169739</point>
			</points>
		</object>
		<object>
			<coordinate>pixel</coordinate>
			<type>rectangle</type>
			<description>None</description>
			<possibleresult>
				<name>Van</name>
			</possibleresult>
			<points>
				<point>205.185883,770.241638</point>
				<point>199.000000,775.000061</point>
				<point>188.814117,761.758484</point>
				<point>195.000000,757.000061</point>
				<point>205.185883,770.241638</point>
			</points>
		</object>
		<object>
			<coordinate>pixel</coordinate>
			<type>rectangle</type>
			<description>None</description>
			<possibleresult>
				<name>Small Car</name>
			</possibleresult>
			<points>
				<point>192.000015,771.999939</point>
				<point>185.713882,776.609802</point>
				<point>174.713882,761.609802</point>
				<point>181.000015,756.999939</point>
				<point>192.000015,771.999939</point>
			</points>
		</object>
		<object>
			<coordinate>pixel</coordinate>
			<type>rectangle</type>
			<description>None</description>
			<possibleresult>
				<name>Small Car</name>
			</possibleresult>
			<points>
				<point>176.000000,733.000000</point>
				<point>169.102203,736.218994</point>
				<point>162.102203,721.218994</point>
				<point>169.000000,718.000000</point>
				<point>176.000000,733.000000</point>
			</points>
		</object>
		<object>
			<coordinate>pixel</coordinate>
			<type>rectangle</type>
			<description>None</description>
			<possibleresult>
				<name>Small Car</name>
			</possibleresult>
			<points>
				<point>105.110710,753.207642</point>
				<point>97.999977,757.000000</point>
				<point>89.889244,741.792358</point>
				<point>96.999977,738.000000</point>
				<point>105.110710,753.207642</point>
			</points>
		</object>
		<object>
			<coordinate>pixel</coordinate>
			<type>rectangle</type>
			<description>None</description>
			<possibleresult>
				<name>Small Car</name>
			</possibleresult>
			<points>
				<point>95.000023,757.000061</point>
				<point>88.200020,760.400085</point>
				<point>81.000023,746.000061</point>
				<point>87.800026,742.600037</point>
				<point>95.000023,757.000061</point>
			</points>
		</object>
		<object>
			<coordinate>pixel</coordinate>
			<type>rectangle</type>
			<description>None</description>
			<possibleresult>
				<name>Small Car</name>
			</possibleresult>
			<points>
				<point>37.999992,804.000000</point>
				<point>21.999994,807.000000</point>
				<point>20.664145,799.875488</point>
				<point>36.664146,796.875488</point>
				<point>37.999992,804.000000</point>
			</points>
		</object>
		<object>
			<coordinate>pixel</coordinate>
			<type>rectangle</type>
			<description>None</description>
			<possibleresult>
				<name>Small Car</name>
			</possibleresult>
			<points>
				<point>53.384617,837.923157</point>
				<point>38.000004,841.000061</point>
				<point>36.615391,834.076965</point>
				<point>52.000004,831.000061</point>
				<point>53.384617,837.923157</point>
			</points>
		</object>
		<object>
			<coordinate>pixel</coordinate>
			<type>rectangle</type>
			<description>None</description>
			<possibleresult>
				<name>Small Car</name>
			</possibleresult>
			<points>
				<point>988.000000,862.000000</point>
				<point>977.000000,871.000000</point>
				<point>972.054443,864.955444</point>
				<point>983.054443,855.955444</point>
				<point>988.000000,862.000000</point>
			</points>
		</object>
		<object>
			<coordinate>pixel</coordinate>
			<type>rectangle</type>
			<description>None</description>
			<possibleresult>
				<name>Small Car</name>
			</possibleresult>
			<points>
				<point>903.000061,916.000000</point>
				<point>889.000061,926.000000</point>
				<point>884.000061,919.000000</point>
				<point>898.000061,909.000000</point>
				<point>903.000061,916.000000</point>
			</points>
		</object>
		<object>
			<coordinate>pixel</coordinate>
			<type>rectangle</type>
			<description>None</description>
			<possibleresult>
				<name>Van</name>
			</possibleresult>
			<points>
				<point>0.000004,925.200073</point>
				<point>-2.482758,918.993164</point>
				<point>2.586210,916.965576</point>
				<point>5.068971,923.172485</point>
				<point>0.000004,925.200073</point>
			</points>
		</object>
		<object>
			<coordinate>pixel</coordinate>
			<type>rectangle</type>
			<description>None</description>
			<possibleresult>
				<name>Small Car</name>
			</possibleresult>
			<points>
				<point>28.000000,939.000061</point>
				<point>14.000001,946.000061</point>
				<point>11.000001,940.000061</point>
				<point>25.000000,933.000061</point>
				<point>28.000000,939.000061</point>
			</points>
		</object>
		<object>
			<coordinate>pixel</coordinate>
			<type>rectangle</type>
			<description>None</description>
			<possibleresult>
				<name>other-vehicle</name>
			</possibleresult>
			<points>
				<point>82.271736,901.870605</point>
				<point>19.000021,932.000000</point>
				<point>15.728300,925.129395</point>
				<point>79.000015,895.000000</point>
				<point>82.271736,901.870605</point>
			</points>
		</object>
		<object>
			<coordinate>pixel</coordinate>
			<type>rectangle</type>
			<description>None</description>
			<possibleresult>
				<name>Cargo Truck</name>
			</possibleresult>
			<points>
				<point>56.415833,900.812805</point>
				<point>16.000031,918.999939</point>
				<point>11.584230,909.187073</point>
				<point>52.000031,890.999939</point>
				<point>56.415833,900.812805</point>
			</points>
		</object>
		<object>
			<coordinate>pixel</coordinate>
			<type>rectangle</type>
			<description>None</description>
			<possibleresult>
				<name>Small Car</name>
			</possibleresult>
			<points>
				<point>84.213127,881.344360</point>
				<point>68.213127,888.344360</point>
				<point>65.000008,881.000122</point>
				<point>81.000008,874.000122</point>
				<point>84.213127,881.344360</point>
			</points>
		</object>
		<object>
			<coordinate>pixel</coordinate>
			<type>rectangle</type>
			<description>None</description>
			<possibleresult>
				<name>Van</name>
			</possibleresult>
			<points>
				<point>98.323051,955.815430</point>
				<point>83.999977,964.000000</point>
				<point>79.999977,957.000000</point>
				<point>94.323051,948.815430</point>
				<point>98.323051,955.815430</point>
			</points>
		</object>
		<object>
			<coordinate>pixel</coordinate>
			<type>rectangle</type>
			<description>None</description>
			<possibleresult>
				<name>Van</name>
			</possibleresult>
			<points>
				<point>272.000000,857.000061</point>
				<point>253.915100,867.047180</point>
				<point>250.000000,860.000061</point>
				<point>268.084900,849.952942</point>
				<point>272.000000,857.000061</point>
			</points>
		</object>
		<object>
			<coordinate>pixel</coordinate>
			<type>rectangle</type>
			<description>None</description>
			<possibleresult>
				<name>Van</name>
			</possibleresult>
			<points>
				<point>309.318085,868.298462</point>
				<point>293.318085,875.298462</point>
				<point>291.000031,870.000122</point>
				<point>307.000031,863.000122</point>
				<point>309.318085,868.298462</point>
			</points>
		</object>
		<object>
			<coordinate>pixel</coordinate>
			<type>rectangle</type>
			<description>None</description>
			<possibleresult>
				<name>Small Car</name>
			</possibleresult>
			<points>
				<point>342.000000,839.000000</point>
				<point>324.000000,847.000000</point>
				<point>320.907227,840.041260</point>
				<point>338.907227,832.041260</point>
				<point>342.000000,839.000000</point>
			</points>
		</object>
		<object>
			<coordinate>pixel</coordinate>
			<type>rectangle</type>
			<description>None</description>
			<possibleresult>
				<name>Small Car</name>
			</possibleresult>
			<points>
				<point>381.000000,806.000061</point>
				<point>366.200012,813.400085</point>
				<point>363.000000,807.000061</point>
				<point>377.799988,799.600037</point>
				<point>381.000000,806.000061</point>
			</points>
		</object>
		<object>
			<coordinate>pixel</coordinate>
			<type>rectangle</type>
			<description>None</description>
			<possibleresult>
				<name>Van</name>
			</possibleresult>
			<points>
				<point>418.000031,806.000061</point>
				<point>400.300018,811.900085</point>
				<point>397.899994,804.700134</point>
				<point>415.600006,798.800110</point>
				<point>418.000031,806.000061</point>
			</points>
		</object>
		<object>
			<coordinate>pixel</coordinate>
			<type>rectangle</type>
			<description>None</description>
			<possibleresult>
				<name>Van</name>
			</possibleresult>
			<points>
				<point>456.038391,778.988708</point>
				<point>432.000000,785.999939</point>
				<point>429.961609,779.011169</point>
				<point>454.000000,771.999939</point>
				<point>456.038391,778.988708</point>
			</points>
		</object>
		<object>
			<coordinate>pixel</coordinate>
			<type>rectangle</type>
			<description>None</description>
			<possibleresult>
				<name>Small Car</name>
			</possibleresult>
			<points>
				<point>465.000000,787.000000</point>
				<point>445.904297,793.030273</point>
				<point>444.000000,787.000000</point>
				<point>463.095703,780.969727</point>
				<point>465.000000,787.000000</point>
			</points>
		</object>
		<object>
			<coordinate>pixel</coordinate>
			<type>rectangle</type>
			<description>None</description>
			<possibleresult>
				<name>Small Car</name>
			</possibleresult>
			<points>
				<point>993.878418,989.333252</point>
				<point>993.878418,974.529541</point>
				<point>1000.000000,974.529541</point>
				<point>1000.000000,989.333252</point>
				<point>993.878418,989.333252</point>
			</points>
		</object>
		<object>
			<coordinate>pixel</coordinate>
			<type>rectangle</type>
			<description>None</description>
			<possibleresult>
				<name>Van</name>
			</possibleresult>
			<points>
				<point>1000.000000,995.999939</point>
				<point>992.878479,999.770325</point>
				<point>983.878479,982.770325</point>
				<point>991.000061,979.000061</point>
				<point>1000.000000,995.999939</point>
			</points>
		</object>
		<object>
			<coordinate>pixel</coordinate>
			<type>rectangle</type>
			<description>None</description>
			<possibleresult>
				<name>Dump Truck</name>
			</possibleresult>
			<points>
				<point>989.450012,1000.000000</point>
				<point>979.250000,1000.000000</point>
				<point>971.168945,985.307129</point>
				<point>979.000000,981.000000</point>
				<point>989.450012,1000.000000</point>
			</points>
		</object>
		<object>
			<coordinate>pixel</coordinate>
			<type>rectangle</type>
			<description>None</description>
			<possibleresult>
				<name>Van</name>
			</possibleresult>
			<points>
				<point>977.500061,1000.000000</point>
				<point>969.000000,1000.000000</point>
				<point>964.000122,990.000122</point>
				<point>970.800171,986.600098</point>
				<point>977.500061,1000.000000</point>
			</points>
		</object>
		<object>
			<coordinate>pixel</coordinate>
			<type>rectangle</type>
			<description>None</description>
			<possibleresult>
				<name>Van</name>
			</possibleresult>
			<points>
				<point>965.714355,1000.000000</point>
				<point>955.428528,1000.000000</point>
				<point>951.569214,993.246155</point>
				<point>959.323120,988.815369</point>
				<point>965.714355,1000.000000</point>
			</points>
		</object>
		<object>
			<coordinate>pixel</coordinate>
			<type>rectangle</type>
			<description>None</description>
			<possibleresult>
				<name>Van</name>
			</possibleresult>
			<points>
				<point>749.000000,137.999969</point>
				<point>740.751465,141.396423</point>
				<point>733.751465,124.396423</point>
				<point>742.000000,120.999969</point>
				<point>749.000000,137.999969</point>
			</points>
		</object>
		<object>
			<coordinate>pixel</coordinate>
			<type>rectangle</type>
			<description>None</description>
			<possibleresult>
				<name>Dump Truck</name>
			</possibleresult>
			<points>
				<point>771.055420,185.156921</point>
				<point>762.110840,188.313843</point>
				<point>756.000122,171.000000</point>
				<point>764.944702,167.843079</point>
				<point>771.055420,185.156921</point>
			</points>
		</object>
		<object>
			<coordinate>pixel</coordinate>
			<type>rectangle</type>
			<description>None</description>
			<possibleresult>
				<name>Van</name>
			</possibleresult>
			<points>
				<point>785.176514,185.294067</point>
				<point>779.000000,188.999939</point>
				<point>770.000000,173.999939</point>
				<point>776.176514,170.294067</point>
				<point>785.176514,185.294067</point>
			</points>
		</object>
		<object>
			<coordinate>pixel</coordinate>
			<type>rectangle</type>
			<description>None</description>
			<possibleresult>
				<name>Dump Truck</name>
			</possibleresult>
			<points>
				<point>801.692139,181.538498</point>
				<point>794.999878,186.000046</point>
				<point>782.999878,168.000046</point>
				<point>789.692139,163.538498</point>
				<point>801.692139,181.538498</point>
			</points>
		</object>
		<object>
			<coordinate>pixel</coordinate>
			<type>rectangle</type>
			<description>None</description>
			<possibleresult>
				<name>Dump Truck</name>
			</possibleresult>
			<points>
				<point>802.091797,192.972488</point>
				<point>782.000000,199.000015</point>
				<point>779.908203,192.027542</point>
				<point>800.000000,186.000015</point>
				<point>802.091797,192.972488</point>
			</points>
		</object>
		<object>
			<coordinate>pixel</coordinate>
			<type>rectangle</type>
			<description>None</description>
			<possibleresult>
				<name>Small Car</name>
			</possibleresult>
			<points>
				<point>819.200073,228.399994</point>
				<point>812.000122,232.000000</point>
				<point>804.000122,216.000000</point>
				<point>811.200073,212.399994</point>
				<point>819.200073,228.399994</point>
			</points>
		</object>
		<object>
			<coordinate>pixel</coordinate>
			<type>rectangle</type>
			<description>None</description>
			<possibleresult>
				<name>Van</name>
			</possibleresult>
			<points>
				<point>807.000061,230.000000</point>
				<point>801.103210,232.268036</point>
				<point>796.000061,219.000000</point>
				<point>801.896912,216.731964</point>
				<point>807.000061,230.000000</point>
			</points>
		</object>
		<object>
			<coordinate>pixel</coordinate>
			<type>rectangle</type>
			<description>None</description>
			<possibleresult>
				<name>Small Car</name>
			</possibleresult>
			<points>
				<point>790.000061,230.000000</point>
				<point>782.876770,232.671234</point>
				<point>776.876770,216.671234</point>
				<point>784.000061,214.000000</point>
				<point>790.000061,230.000000</point>
			</points>
		</object>
		<object>
			<coordinate>pixel</coordinate>
			<type>rectangle</type>
			<description>None</description>
			<possibleresult>
				<name>Van</name>
			</possibleresult>
			<points>
				<point>825.611023,236.088425</point>
				<point>803.611023,241.088425</point>
				<point>802.000061,234.000015</point>
				<point>824.000061,229.000015</point>
				<point>825.611023,236.088425</point>
			</points>
		</object>
		<object>
			<coordinate>pixel</coordinate>
			<type>rectangle</type>
			<description>None</description>
			<possibleresult>
				<name>Small Car</name>
			</possibleresult>
			<points>
				<point>801.069092,254.172440</point>
				<point>794.000122,257.000031</point>
				<point>787.931152,241.827591</point>
				<point>795.000122,239.000000</point>
				<point>801.069092,254.172440</point>
			</points>
		</object>
		<object>
			<coordinate>pixel</coordinate>
			<type>rectangle</type>
			<description>None</description>
			<possibleresult>
				<name>Small Car</name>
			</possibleresult>
			<points>
				<point>816.000000,255.000015</point>
				<point>809.000000,258.000031</point>
				<point>803.000000,244.000015</point>
				<point>810.000000,241.000000</point>
				<point>816.000000,255.000015</point>
			</points>
		</object>
		<object>
			<coordinate>pixel</coordinate>
			<type>rectangle</type>
			<description>None</description>
			<possibleresult>
				<name>Small Car</name>
			</possibleresult>
			<points>
				<point>824.000061,251.000000</point>
				<point>818.103210,253.268036</point>
				<point>813.000061,240.000000</point>
				<point>818.896912,237.731964</point>
				<point>824.000061,251.000000</point>
			</points>
		</object>
		<object>
			<coordinate>pixel</coordinate>
			<type>rectangle</type>
			<description>None</description>
			<possibleresult>
				<name>Small Car</name>
			</possibleresult>
			<points>
				<point>831.102783,247.226028</point>
				<point>825.000000,250.000015</point>
				<point>819.897217,238.774002</point>
				<point>826.000000,236.000015</point>
				<point>831.102783,247.226028</point>
			</points>
		</object>
		<object>
			<coordinate>pixel</coordinate>
			<type>rectangle</type>
			<description>None</description>
			<possibleresult>
				<name>Small Car</name>
			</possibleresult>
			<points>
				<point>843.000000,267.000061</point>
				<point>836.667847,270.377197</point>
				<point>828.667847,255.377213</point>
				<point>835.000000,252.000061</point>
				<point>843.000000,267.000061</point>
			</points>
		</object>
		<object>
			<coordinate>pixel</coordinate>
			<type>rectangle</type>
			<description>None</description>
			<possibleresult>
				<name>Small Car</name>
			</possibleresult>
			<points>
				<point>834.000061,268.000031</point>
				<point>826.281067,271.602203</point>
				<point>819.000061,256.000031</point>
				<point>826.719055,252.397858</point>
				<point>834.000061,268.000031</point>
			</points>
		</object>
		<object>
			<coordinate>pixel</coordinate>
			<type>rectangle</type>
			<description>None</description>
			<possibleresult>
				<name>Small Car</name>
			</possibleresult>
			<points>
				<point>823.000000,270.000031</point>
				<point>816.000000,273.000031</point>
				<point>810.000000,259.000031</point>
				<point>817.000000,256.000031</point>
				<point>823.000000,270.000031</point>
			</points>
		</object>
		<object>
			<coordinate>pixel</coordinate>
			<type>rectangle</type>
			<description>None</description>
			<possibleresult>
				<name>Small Car</name>
			</possibleresult>
			<points>
				<point>810.000000,271.000031</point>
				<point>801.816406,274.580353</point>
				<point>794.816406,258.580353</point>
				<point>803.000000,255.000031</point>
				<point>810.000000,271.000031</point>
			</points>
		</object>
		<object>
			<coordinate>pixel</coordinate>
			<type>rectangle</type>
			<description>None</description>
			<possibleresult>
				<name>Van</name>
			</possibleresult>
			<points>
				<point>875.000000,256.000000</point>
				<point>856.917847,262.780823</point>
				<point>853.917847,254.780823</point>
				<point>872.000000,248.000000</point>
				<point>875.000000,256.000000</point>
			</points>
		</object>
		<object>
			<coordinate>pixel</coordinate>
			<type>rectangle</type>
			<description>None</description>
			<possibleresult>
				<name>Small Car</name>
			</possibleresult>
			<points>
				<point>602.000000,159.000000</point>
				<point>588.000000,163.000000</point>
				<point>586.528320,157.849060</point>
				<point>600.528320,153.849060</point>
				<point>602.000000,159.000000</point>
			</points>
		</object>
		<object>
			<coordinate>pixel</coordinate>
			<type>rectangle</type>
			<description>None</description>
			<possibleresult>
				<name>Small Car</name>
			</possibleresult>
			<points>
				<point>487.800049,217.600021</point>
				<point>481.000061,221.000015</point>
				<point>474.000061,207.000015</point>
				<point>480.800049,203.600021</point>
				<point>487.800049,217.600021</point>
			</points>
		</object>
		<object>
			<coordinate>pixel</coordinate>
			<type>rectangle</type>
			<description>None</description>
			<possibleresult>
				<name>Small Car</name>
			</possibleresult>
			<points>
				<point>478.402374,235.165680</point>
				<point>476.000031,241.000000</point>
				<point>458.597687,233.834320</point>
				<point>461.000031,228.000000</point>
				<point>478.402374,235.165680</point>
			</points>
		</object>
		<object>
			<coordinate>pixel</coordinate>
			<type>rectangle</type>
			<description>None</description>
			<possibleresult>
				<name>Van</name>
			</possibleresult>
			<points>
				<point>472.000061,223.000015</point>
				<point>463.280945,228.449448</point>
				<point>453.280945,212.449448</point>
				<point>462.000061,207.000015</point>
				<point>472.000061,223.000015</point>
			</points>
		</object>
		<object>
			<coordinate>pixel</coordinate>
			<type>rectangle</type>
			<description>None</description>
			<possibleresult>
				<name>Small Car</name>
			</possibleresult>
			<points>
				<point>494.000061,232.000015</point>
				<point>491.362122,238.155197</point>
				<point>477.000061,232.000015</point>
				<point>479.638000,225.844833</point>
				<point>494.000061,232.000015</point>
			</points>
		</object>
		<object>
			<coordinate>pixel</coordinate>
			<type>rectangle</type>
			<description>None</description>
			<possibleresult>
				<name>other-ship</name>
			</possibleresult>
			<points>
				<point>510.253845,247.069229</point>
				<point>508.084595,255.023087</point>
				<point>485.830750,248.953842</point>
				<point>488.000000,240.999985</point>
				<point>510.253845,247.069229</point>
			</points>
		</object>
		<object>
			<coordinate>pixel</coordinate>
			<type>rectangle</type>
			<description>None</description>
			<possibleresult>
				<name>Van</name>
			</possibleresult>
			<points>
				<point>585.999939,282.999969</point>
				<point>580.799988,293.399994</point>
				<point>572.799988,289.399994</point>
				<point>577.999939,278.999969</point>
				<point>585.999939,282.999969</point>
			</points>
		</object>
		<object>
			<coordinate>pixel</coordinate>
			<type>rectangle</type>
			<description>None</description>
			<possibleresult>
				<name>Van</name>
			</possibleresult>
			<points>
				<point>596.281006,282.397858</point>
				<point>589.281006,297.397858</point>
				<point>582.000000,294.000031</point>
				<point>589.000000,279.000031</point>
				<point>596.281006,282.397858</point>
			</points>
		</object>
		<object>
			<coordinate>pixel</coordinate>
			<type>rectangle</type>
			<description>None</description>
			<possibleresult>
				<name>Van</name>
			</possibleresult>
			<points>
				<point>606.000122,286.000031</point>
				<point>598.800171,300.400055</point>
				<point>592.000122,297.000031</point>
				<point>599.200073,282.600006</point>
				<point>606.000122,286.000031</point>
			</points>
		</object>
		<object>
			<coordinate>pixel</coordinate>
			<type>rectangle</type>
			<description>None</description>
			<possibleresult>
				<name>Small Car</name>
			</possibleresult>
			<points>
				<point>630.000000,294.000000</point>
				<point>621.889282,309.207642</point>
				<point>614.000000,305.000000</point>
				<point>622.110718,289.792358</point>
				<point>630.000000,294.000000</point>
			</points>
		</object>
		<object>
			<coordinate>pixel</coordinate>
			<type>rectangle</type>
			<description>None</description>
			<possibleresult>
				<name>Small Car</name>
			</possibleresult>
			<points>
				<point>650.281067,302.397858</point>
				<point>643.281067,317.397858</point>
				<point>636.000061,314.000031</point>
				<point>643.000061,299.000031</point>
				<point>650.281067,302.397858</point>
			</points>
		</object>
		<object>
			<coordinate>pixel</coordinate>
			<type>rectangle</type>
			<description>None</description>
			<possibleresult>
				<name>Small Car</name>
			</possibleresult>
			<points>
				<point>659.000061,306.000031</point>
				<point>651.897888,321.219025</point>
				<point>645.000061,318.000031</point>
				<point>652.102234,302.781036</point>
				<point>659.000061,306.000031</point>
			</points>
		</object>
		<object>
			<coordinate>pixel</coordinate>
			<type>rectangle</type>
			<description>None</description>
			<possibleresult>
				<name>Small Car</name>
			</possibleresult>
			<points>
				<point>670.000000,311.000000</point>
				<point>663.000000,325.000000</point>
				<point>655.000000,321.000000</point>
				<point>662.000000,307.000000</point>
				<point>670.000000,311.000000</point>
			</points>
		</object>
		<object>
			<coordinate>pixel</coordinate>
			<type>rectangle</type>
			<description>None</description>
			<possibleresult>
				<name>Small Car</name>
			</possibleresult>
			<points>
				<point>678.200012,316.600006</point>
				<point>671.000061,331.000031</point>
				<point>663.000061,327.000031</point>
				<point>670.200012,312.600006</point>
				<point>678.200012,316.600006</point>
			</points>
		</object>
		<object>
			<coordinate>pixel</coordinate>
			<type>rectangle</type>
			<description>None</description>
			<possibleresult>
				<name>Dump Truck</name>
			</possibleresult>
			<points>
				<point>687.000000,316.999969</point>
				<point>682.000000,332.999969</point>
				<point>674.768677,330.740204</point>
				<point>679.768677,314.740204</point>
				<point>687.000000,316.999969</point>
			</points>
		</object>
		<object>
			<coordinate>pixel</coordinate>
			<type>rectangle</type>
			<description>None</description>
			<possibleresult>
				<name>Small Car</name>
			</possibleresult>
			<points>
				<point>707.000000,332.000000</point>
				<point>703.000000,340.000000</point>
				<point>685.000000,331.000000</point>
				<point>689.000000,323.000000</point>
				<point>707.000000,332.000000</point>
			</points>
		</object>
		<object>
			<coordinate>pixel</coordinate>
			<type>rectangle</type>
			<description>None</description>
			<possibleresult>
				<name>Small Car</name>
			</possibleresult>
			<points>
				<point>721.000000,331.000031</point>
				<point>715.000000,337.000031</point>
				<point>701.000000,323.000031</point>
				<point>707.000000,317.000031</point>
				<point>721.000000,331.000031</point>
			</points>
		</object>
		<object>
			<coordinate>pixel</coordinate>
			<type>rectangle</type>
			<description>None</description>
			<possibleresult>
				<name>Van</name>
			</possibleresult>
			<points>
				<point>703.080994,315.486511</point>
				<point>693.999939,317.000000</point>
				<point>690.918884,298.513489</point>
				<point>699.999939,297.000000</point>
				<point>703.080994,315.486511</point>
			</points>
		</object>
		<object>
			<coordinate>pixel</coordinate>
			<type>rectangle</type>
			<description>None</description>
			<possibleresult>
				<name>Small Car</name>
			</possibleresult>
			<points>
				<point>706.430725,279.246124</point>
				<point>697.753845,294.430756</point>
				<point>690.000061,289.999969</point>
				<point>698.676941,274.815338</point>
				<point>706.430725,279.246124</point>
			</points>
		</object>
		<object>
			<coordinate>pixel</coordinate>
			<type>rectangle</type>
			<description>None</description>
			<possibleresult>
				<name>Van</name>
			</possibleresult>
			<points>
				<point>670.000061,251.000015</point>
				<point>661.000061,254.000015</point>
				<point>656.000061,239.000015</point>
				<point>665.000061,236.000015</point>
				<point>670.000061,251.000015</point>
			</points>
		</object>
		<object>
			<coordinate>pixel</coordinate>
			<type>rectangle</type>
			<description>None</description>
			<possibleresult>
				<name>Van</name>
			</possibleresult>
			<points>
				<point>770.000000,346.000000</point>
				<point>747.364990,347.028870</point>
				<point>747.000000,339.000000</point>
				<point>769.635010,337.971130</point>
				<point>770.000000,346.000000</point>
			</points>
		</object>
		<object>
			<coordinate>pixel</coordinate>
			<type>rectangle</type>
			<description>None</description>
			<possibleresult>
				<name>Dump Truck</name>
			</possibleresult>
			<points>
				<point>801.000000,358.000000</point>
				<point>794.292725,363.365845</point>
				<point>782.000000,348.000000</point>
				<point>788.707275,342.634155</point>
				<point>801.000000,358.000000</point>
			</points>
		</object>
		<object>
			<coordinate>pixel</coordinate>
			<type>rectangle</type>
			<description>None</description>
			<possibleresult>
				<name>Dump Truck</name>
			</possibleresult>
			<points>
				<point>812.500122,371.500031</point>
				<point>807.000122,377.000031</point>
				<point>794.500122,364.500031</point>
				<point>800.000122,359.000031</point>
				<point>812.500122,371.500031</point>
			</points>
		</object>
		<object>
			<coordinate>pixel</coordinate>
			<type>rectangle</type>
			<description>None</description>
			<possibleresult>
				<name>Small Car</name>
			</possibleresult>
			<points>
				<point>872.282104,294.226624</point>
				<point>853.282104,300.226624</point>
				<point>851.000000,292.999939</point>
				<point>870.000000,286.999939</point>
				<point>872.282104,294.226624</point>
			</points>
		</object>
		<object>
			<coordinate>pixel</coordinate>
			<type>rectangle</type>
			<description>None</description>
			<possibleresult>
				<name>Small Car</name>
			</possibleresult>
			<points>
				<point>875.172363,302.931030</point>
				<point>855.172363,310.931030</point>
				<point>852.000000,303.000000</point>
				<point>872.000000,295.000000</point>
				<point>875.172363,302.931030</point>
			</points>
		</object>
		<object>
			<coordinate>pixel</coordinate>
			<type>rectangle</type>
			<description>None</description>
			<possibleresult>
				<name>Van</name>
			</possibleresult>
			<points>
				<point>887.000061,320.000000</point>
				<point>866.510071,327.171509</point>
				<point>864.000061,320.000000</point>
				<point>884.490051,312.828491</point>
				<point>887.000061,320.000000</point>
			</points>
		</object>
		<object>
			<coordinate>pixel</coordinate>
			<type>rectangle</type>
			<description>None</description>
			<possibleresult>
				<name>Small Car</name>
			</possibleresult>
			<points>
				<point>890.000000,327.000000</point>
				<point>873.601440,332.124573</point>
				<point>872.000000,327.000000</point>
				<point>888.398560,321.875427</point>
				<point>890.000000,327.000000</point>
			</points>
		</object>
		<object>
			<coordinate>pixel</coordinate>
			<type>rectangle</type>
			<description>None</description>
			<possibleresult>
				<name>Van</name>
			</possibleresult>
			<points>
				<point>910.077576,357.973083</point>
				<point>887.000061,366.000061</point>
				<point>884.922546,360.027039</point>
				<point>908.000061,352.000061</point>
				<point>910.077576,357.973083</point>
			</points>
		</object>
		<object>
			<coordinate>pixel</coordinate>
			<type>rectangle</type>
			<description>None</description>
			<possibleresult>
				<name>Van</name>
			</possibleresult>
			<points>
				<point>830.000000,385.000000</point>
				<point>826.082886,391.053650</point>
				<point>809.000000,380.000000</point>
				<point>812.917114,373.946350</point>
				<point>830.000000,385.000000</point>
			</points>
		</object>
		<object>
			<coordinate>pixel</coordinate>
			<type>rectangle</type>
			<description>None</description>
			<possibleresult>
				<name>Small Car</name>
			</possibleresult>
			<points>
				<point>852.000000,397.000000</point>
				<point>849.760010,402.320007</point>
				<point>830.760010,394.320007</point>
				<point>833.000000,389.000000</point>
				<point>852.000000,397.000000</point>
			</points>
		</object>
		<object>
			<coordinate>pixel</coordinate>
			<type>rectangle</type>
			<description>None</description>
			<possibleresult>
				<name>Van</name>
			</possibleresult>
			<points>
				<point>896.721680,415.876282</point>
				<point>894.000000,422.000000</point>
				<point>876.000000,414.000000</point>
				<point>878.721680,407.876282</point>
				<point>896.721680,415.876282</point>
			</points>
		</object>
		<object>
			<coordinate>pixel</coordinate>
			<type>rectangle</type>
			<description>None</description>
			<possibleresult>
				<name>Small Car</name>
			</possibleresult>
			<points>
				<point>922.000122,384.000061</point>
				<point>904.215454,390.276978</point>
				<point>902.000122,384.000061</point>
				<point>919.784790,377.723145</point>
				<point>922.000122,384.000061</point>
			</points>
		</object>
		<object>
			<coordinate>pixel</coordinate>
			<type>rectangle</type>
			<description>None</description>
			<possibleresult>
				<name>Small Car</name>
			</possibleresult>
			<points>
				<point>945.000061,435.000031</point>
				<point>942.000061,441.000031</point>
				<point>922.000061,431.000031</point>
				<point>925.000061,425.000031</point>
				<point>945.000061,435.000031</point>
			</points>
		</object>
		<object>
			<coordinate>pixel</coordinate>
			<type>rectangle</type>
			<description>None</description>
			<possibleresult>
				<name>Small Car</name>
			</possibleresult>
			<points>
				<point>967.000061,447.000061</point>
				<point>964.000061,453.000061</point>
				<point>944.000061,443.000061</point>
				<point>947.000061,437.000061</point>
				<point>967.000061,447.000061</point>
			</points>
		</object>
		<object>
			<coordinate>pixel</coordinate>
			<type>rectangle</type>
			<description>None</description>
			<possibleresult>
				<name>Van</name>
			</possibleresult>
			<points>
				<point>989.400024,457.200043</point>
				<point>987.000000,462.000031</point>
				<point>971.000000,454.000031</point>
				<point>973.400024,449.200043</point>
				<point>989.400024,457.200043</point>
			</points>
		</object>
		<object>
			<coordinate>pixel</coordinate>
			<type>rectangle</type>
			<description>None</description>
			<possibleresult>
				<name>Van</name>
			</possibleresult>
			<points>
				<point>981.400146,411.800049</point>
				<point>965.000122,420.000061</point>
				<point>961.600098,413.200073</point>
				<point>978.000122,405.000061</point>
				<point>981.400146,411.800049</point>
			</points>
		</object>
		<object>
			<coordinate>pixel</coordinate>
			<type>rectangle</type>
			<description>None</description>
			<possibleresult>
				<name>Small Car</name>
			</possibleresult>
			<points>
				<point>1000.000000,406.400085</point>
				<point>984.000061,412.000061</point>
				<point>981.599182,405.140381</point>
				<point>1000.000000,398.700104</point>
				<point>1000.000000,406.400085</point>
			</points>
		</object>
		<object>
			<coordinate>pixel</coordinate>
			<type>rectangle</type>
			<description>None</description>
			<possibleresult>
				<name>Small Car</name>
			</possibleresult>
			<points>
				<point>994.176453,424.294098</point>
				<point>987.999939,427.999969</point>
				<point>981.823425,417.705841</point>
				<point>987.999939,413.999969</point>
				<point>994.176453,424.294098</point>
			</points>
		</object>
		<object>
			<coordinate>pixel</coordinate>
			<type>rectangle</type>
			<description>None</description>
			<possibleresult>
				<name>Small Car</name>
			</possibleresult>
			<points>
				<point>1000.000000,415.714233</point>
				<point>1000.000000,428.461609</point>
				<point>999.000061,429.000031</point>
				<point>991.679016,415.403717</point>
				<point>1000.000000,415.714233</point>
			</points>
		</object>
		<object>
			<coordinate>pixel</coordinate>
			<type>rectangle</type>
			<description>None</description>
			<possibleresult>
				<name>Van</name>
			</possibleresult>
			<points>
				<point>1000.000183,467.142883</point>
				<point>994.000305,465.000061</point>
				<point>995.810242,459.932190</point>
				<point>1001.810120,462.075012</point>
				<point>1000.000183,467.142883</point>
			</points>
		</object>
		<object>
			<coordinate>pixel</coordinate>
			<type>rectangle</type>
			<description>None</description>
			<possibleresult>
				<name>Van</name>
			</possibleresult>
			<points>
				<point>1000.000000,213.199982</point>
				<point>987.683716,221.205597</point>
				<point>983.000000,213.999969</point>
				<point>1000.000000,202.949936</point>
				<point>1000.000000,213.199982</point>
			</points>
		</object>
		<object>
			<coordinate>pixel</coordinate>
			<type>rectangle</type>
			<description>None</description>
			<possibleresult>
				<name>Van</name>
			</possibleresult>
			<points>
				<point>969.999939,225.000000</point>
				<point>952.899353,232.041412</point>
				<point>949.999939,225.000000</point>
				<point>967.100525,217.958588</point>
				<point>969.999939,225.000000</point>
			</points>
		</object>
		<object>
			<coordinate>pixel</coordinate>
			<type>rectangle</type>
			<description>None</description>
			<possibleresult>
				<name>Small Car</name>
			</possibleresult>
			<points>
				<point>998.430786,35.499973</point>
				<point>998.430786,31.857151</point>
				<point>1000.000000,31.857151</point>
				<point>1000.000000,35.499973</point>
				<point>998.430786,35.499973</point>
			</points>
		</object>
		<object>
			<coordinate>pixel</coordinate>
			<type>rectangle</type>
			<description>None</description>
			<possibleresult>
				<name>Small Car</name>
			</possibleresult>
			<points>
				<point>1000.000000,35.285603</point>
				<point>1000.000000,48.333374</point>
				<point>998.102234,49.218998</point>
				<point>991.102234,34.218998</point>
				<point>1000.000000,35.285603</point>
			</points>
		</object>
		<object>
			<coordinate>pixel</coordinate>
			<type>rectangle</type>
			<description>None</description>
			<possibleresult>
				<name>Small Car</name>
			</possibleresult>
			<points>
				<point>998.000000,48.000027</point>
				<point>992.206909,50.482784</point>
				<point>986.000000,36.000027</point>
				<point>991.793091,33.517269</point>
				<point>998.000000,48.000027</point>
			</points>
		</object>
		<object>
			<coordinate>pixel</coordinate>
			<type>rectangle</type>
			<description>None</description>
			<possibleresult>
				<name>Small Car</name>
			</possibleresult>
			<points>
				<point>1000.000000,76.714218</point>
				<point>1000.000000,80.368446</point>
				<point>982.000000,87.000008</point>
				<point>979.814575,81.068306</point>
				<point>1000.000000,76.714218</point>
			</points>
		</object>
		<object>
			<coordinate>pixel</coordinate>
			<type>rectangle</type>
			<description>None</description>
			<possibleresult>
				<name>Small Car</name>
			</possibleresult>
			<points>
				<point>993.810059,58.067894</point>
				<point>991.683350,52.113136</point>
				<point>1000.000000,49.142914</point>
				<point>1002.126709,55.097672</point>
				<point>993.810059,58.067894</point>
			</points>
		</object>
		<object>
			<coordinate>pixel</coordinate>
			<type>rectangle</type>
			<description>None</description>
			<possibleresult>
				<name>Small Car</name>
			</possibleresult>
			<points>
				<point>937.000000,74.999992</point>
				<point>930.102417,76.478035</point>
				<point>927.000000,61.999992</point>
				<point>933.897583,60.521950</point>
				<point>937.000000,74.999992</point>
			</points>
		</object>
	</objects>
</annotation>