<?xml version="1.0" encoding="utf-8"?>
<annotation>
	<source>
		<filename>109.tif</filename>
		<origin>GF2/GF3</origin>
	</source>
	<research>
		<version>1.0</version>
		<provider>FAIR1M</provider>
		<author>Cyber</author>
		<pluginname>FAIR1M</pluginname>
		<pluginclass>object detection</pluginclass>
		<time>2021-03</time>
	</research>
	<size>
		<width>1500</width>
		<height>1500</height>
		<depth>3</depth>
	</size>
	<objects>
		<object>
			<coordinate>pixel</coordinate>
			<type>rectangle</type>
			<description>None</description>
			<possibleresult>
				<name>Dry Cargo Ship</name>
			</possibleresult>
			<points>
				<point>588.000000,210.000000</point>
				<point>672.000000,561.000000</point>
				<point>713.000000,551.000000</point>
				<point>629.000000,200.000000</point>
				<point>588.000000,210.000000</point>
			</points>
		</object>
		<object>
			<coordinate>pixel</coordinate>
			<type>rectangle</type>
			<description>None</description>
			<possibleresult>
				<name>Dry Cargo Ship</name>
			</possibleresult>
			<points>
				<point>705.000000,696.000000</point>
				<point>787.000000,1060.000000</point>
				<point>834.000000,1049.000000</point>
				<point>753.000000,685.000000</point>
				<point>705.000000,696.000000</point>
			</points>
		</object>
		<object>
			<coordinate>pixel</coordinate>
			<type>rectangle</type>
			<description>None</description>
			<possibleresult>
				<name>Dry Cargo Ship</name>
			</possibleresult>
			<points>
				<point>716.000000,495.000000</point>
				<point>702.000000,431.000000</point>
				<point>685.000000,434.000000</point>
				<point>699.000000,498.000000</point>
				<point>716.000000,495.000000</point>
			</points>
		</object>
		<object>
			<coordinate>pixel</coordinate>
			<type>rectangle</type>
			<description>None</description>
			<possibleresult>
				<name>Tugboat</name>
			</possibleresult>
			<points>
				<point>812.000000,945.000000</point>
				<point>825.000000,992.000000</point>
				<point>837.000000,989.000000</point>
				<point>825.000000,942.000000</point>
				<point>812.000000,945.000000</point>
			</points>
		</object>
		<object>
			<coordinate>pixel</coordinate>
			<type>rectangle</type>
			<description>None</description>
			<possibleresult>
				<name>other-ship</name>
			</possibleresult>
			<points>
				<point>864.000000,1214.000000</point>
				<point>912.000000,1212.000000</point>
				<point>912.000000,1198.000000</point>
				<point>863.000000,1200.000000</point>
				<point>864.000000,1214.000000</point>
			</points>
		</object>
		<object>
			<coordinate>pixel</coordinate>
			<type>rectangle</type>
			<description>None</description>
			<possibleresult>
				<name>Dry Cargo Ship</name>
			</possibleresult>
			<points>
				<point>798.000000,1113.000000</point>
				<point>865.000000,1430.000000</point>
				<point>911.000000,1420.000000</point>
				<point>844.000000,1103.000000</point>
				<point>798.000000,1113.000000</point>
			</points>
		</object>
	</objects>
</annotation>