<?xml version="1.0" encoding="utf-8"?>
<annotation>
	<source>
		<filename>1091.tif</filename>
		<origin>GF2/GF3</origin>
	</source>
	<research>
		<version>1.0</version>
		<provider>FAIR1M</provider>
		<author>Cyber</author>
		<pluginname>FAIR1M</pluginname>
		<pluginclass>object detection</pluginclass>
		<time>2021-03</time>
	</research>
	<size>
		<width>1000</width>
		<height>1000</height>
		<depth>3</depth>
	</size>
	<objects>
		<object>
			<coordinate>pixel</coordinate>
			<type>rectangle</type>
			<description>None</description>
			<possibleresult>
				<name>Small Car</name>
			</possibleresult>
			<points>
				<point>185.000000,564.000000</point>
				<point>175.972778,564.564209</point>
				<point>174.972778,548.564209</point>
				<point>184.000000,548.000000</point>
				<point>185.000000,564.000000</point>
			</points>
		</object>
		<object>
			<coordinate>pixel</coordinate>
			<type>rectangle</type>
			<description>None</description>
			<possibleresult>
				<name>Small Car</name>
			</possibleresult>
			<points>
				<point>205.000000,564.000000</point>
				<point>195.000000,564.000000</point>
				<point>195.000000,548.000000</point>
				<point>205.000000,548.000000</point>
				<point>205.000000,564.000000</point>
			</points>
		</object>
		<object>
			<coordinate>pixel</coordinate>
			<type>rectangle</type>
			<description>None</description>
			<possibleresult>
				<name>Small Car</name>
			</possibleresult>
			<points>
				<point>193.332748,627.013855</point>
				<point>192.999985,634.999939</point>
				<point>168.667221,633.986023</point>
				<point>168.999985,625.999939</point>
				<point>193.332748,627.013855</point>
			</points>
		</object>
		<object>
			<coordinate>pixel</coordinate>
			<type>rectangle</type>
			<description>None</description>
			<possibleresult>
				<name>Dump Truck</name>
			</possibleresult>
			<points>
				<point>273.000000,603.000000</point>
				<point>264.000000,603.000000</point>
				<point>264.000000,584.000000</point>
				<point>273.000000,584.000000</point>
				<point>273.000000,603.000000</point>
			</points>
		</object>
		<object>
			<coordinate>pixel</coordinate>
			<type>rectangle</type>
			<description>None</description>
			<possibleresult>
				<name>Dump Truck</name>
			</possibleresult>
			<points>
				<point>274.000000,756.000000</point>
				<point>263.000000,756.000000</point>
				<point>263.000000,734.000000</point>
				<point>274.000000,734.000000</point>
				<point>274.000000,756.000000</point>
			</points>
		</object>
		<object>
			<coordinate>pixel</coordinate>
			<type>rectangle</type>
			<description>None</description>
			<possibleresult>
				<name>Van</name>
			</possibleresult>
			<points>
				<point>289.000000,839.000000</point>
				<point>277.000000,839.000000</point>
				<point>277.000000,819.000000</point>
				<point>289.000000,819.000000</point>
				<point>289.000000,839.000000</point>
			</points>
		</object>
		<object>
			<coordinate>pixel</coordinate>
			<type>rectangle</type>
			<description>None</description>
			<possibleresult>
				<name>Intersection</name>
			</possibleresult>
			<points>
				<point>331.000000,841.000000</point>
				<point>255.000000,841.000000</point>
				<point>255.000000,783.000000</point>
				<point>331.000000,783.000000</point>
				<point>331.000000,841.000000</point>
			</points>
		</object>
		<object>
			<coordinate>pixel</coordinate>
			<type>rectangle</type>
			<description>None</description>
			<possibleresult>
				<name>Van</name>
			</possibleresult>
			<points>
				<point>42.000000,802.000000</point>
				<point>18.000000,802.000000</point>
				<point>18.000000,794.000000</point>
				<point>42.000000,794.000000</point>
				<point>42.000000,802.000000</point>
			</points>
		</object>
		<object>
			<coordinate>pixel</coordinate>
			<type>rectangle</type>
			<description>None</description>
			<possibleresult>
				<name>Van</name>
			</possibleresult>
			<points>
				<point>3.000000,835.000000</point>
				<point>-0.000000,835.000000</point>
				<point>0.000000,828.000000</point>
				<point>3.000000,828.000000</point>
				<point>3.000000,835.000000</point>
			</points>
		</object>
		<object>
			<coordinate>pixel</coordinate>
			<type>rectangle</type>
			<description>None</description>
			<possibleresult>
				<name>Van</name>
			</possibleresult>
			<points>
				<point>86.000000,376.000000</point>
				<point>65.000000,376.000000</point>
				<point>65.000000,369.000000</point>
				<point>86.000000,369.000000</point>
				<point>86.000000,376.000000</point>
			</points>
		</object>
		<object>
			<coordinate>pixel</coordinate>
			<type>rectangle</type>
			<description>None</description>
			<possibleresult>
				<name>Van</name>
			</possibleresult>
			<points>
				<point>162.000000,406.000000</point>
				<point>138.000000,406.000000</point>
				<point>138.000000,398.000000</point>
				<point>162.000000,398.000000</point>
				<point>162.000000,406.000000</point>
			</points>
		</object>
		<object>
			<coordinate>pixel</coordinate>
			<type>rectangle</type>
			<description>None</description>
			<possibleresult>
				<name>Intersection</name>
			</possibleresult>
			<points>
				<point>324.000000,429.000031</point>
				<point>249.972977,430.000397</point>
				<point>249.000015,358.000031</point>
				<point>323.027039,356.999664</point>
				<point>324.000000,429.000031</point>
			</points>
		</object>
		<object>
			<coordinate>pixel</coordinate>
			<type>rectangle</type>
			<description>None</description>
			<possibleresult>
				<name>Small Car</name>
			</possibleresult>
			<points>
				<point>272.000000,297.000000</point>
				<point>261.000000,297.000000</point>
				<point>261.000000,279.000000</point>
				<point>272.000000,279.000000</point>
				<point>272.000000,297.000000</point>
			</points>
		</object>
		<object>
			<coordinate>pixel</coordinate>
			<type>rectangle</type>
			<description>None</description>
			<possibleresult>
				<name>Dump Truck</name>
			</possibleresult>
			<points>
				<point>270.000000,273.000000</point>
				<point>260.000000,273.000000</point>
				<point>260.000000,249.000000</point>
				<point>270.000000,249.000000</point>
				<point>270.000000,273.000000</point>
			</points>
		</object>
		<object>
			<coordinate>pixel</coordinate>
			<type>rectangle</type>
			<description>None</description>
			<possibleresult>
				<name>Van</name>
			</possibleresult>
			<points>
				<point>314.000000,265.000000</point>
				<point>307.000000,265.000000</point>
				<point>307.000000,250.000000</point>
				<point>314.000000,250.000000</point>
				<point>314.000000,265.000000</point>
			</points>
		</object>
		<object>
			<coordinate>pixel</coordinate>
			<type>rectangle</type>
			<description>None</description>
			<possibleresult>
				<name>Dump Truck</name>
			</possibleresult>
			<points>
				<point>127.491806,338.409851</point>
				<point>122.000000,345.000000</point>
				<point>109.508194,334.590149</point>
				<point>115.000000,328.000000</point>
				<point>127.491806,338.409851</point>
			</points>
		</object>
		<object>
			<coordinate>pixel</coordinate>
			<type>rectangle</type>
			<description>None</description>
			<possibleresult>
				<name>Van</name>
			</possibleresult>
			<points>
				<point>233.776764,325.932465</point>
				<point>210.776764,327.932465</point>
				<point>210.000031,319.000031</point>
				<point>233.000031,317.000031</point>
				<point>233.776764,325.932465</point>
			</points>
		</object>
		<object>
			<coordinate>pixel</coordinate>
			<type>rectangle</type>
			<description>None</description>
			<possibleresult>
				<name>Small Car</name>
			</possibleresult>
			<points>
				<point>225.000000,277.000000</point>
				<point>213.000000,282.000000</point>
				<point>210.781067,276.674561</point>
				<point>222.781067,271.674561</point>
				<point>225.000000,277.000000</point>
			</points>
		</object>
		<object>
			<coordinate>pixel</coordinate>
			<type>rectangle</type>
			<description>None</description>
			<possibleresult>
				<name>Dump Truck</name>
			</possibleresult>
			<points>
				<point>271.000000,225.000000</point>
				<point>260.000000,225.000000</point>
				<point>260.000000,208.000000</point>
				<point>271.000000,208.000000</point>
				<point>271.000000,225.000000</point>
			</points>
		</object>
		<object>
			<coordinate>pixel</coordinate>
			<type>rectangle</type>
			<description>None</description>
			<possibleresult>
				<name>Van</name>
			</possibleresult>
			<points>
				<point>234.000015,210.000031</point>
				<point>216.000015,220.000031</point>
				<point>212.320755,213.377380</point>
				<point>230.320755,203.377380</point>
				<point>234.000015,210.000031</point>
			</points>
		</object>
		<object>
			<coordinate>pixel</coordinate>
			<type>rectangle</type>
			<description>None</description>
			<possibleresult>
				<name>Small Car</name>
			</possibleresult>
			<points>
				<point>234.000015,219.000000</point>
				<point>217.730362,229.168549</point>
				<point>213.910141,223.056183</point>
				<point>230.179794,212.887634</point>
				<point>234.000015,219.000000</point>
			</points>
		</object>
		<object>
			<coordinate>pixel</coordinate>
			<type>rectangle</type>
			<description>None</description>
			<possibleresult>
				<name>Van</name>
			</possibleresult>
			<points>
				<point>235.000000,230.000031</point>
				<point>218.952515,239.026733</point>
				<point>215.000000,232.000031</point>
				<point>231.047485,222.973328</point>
				<point>235.000000,230.000031</point>
			</points>
		</object>
		<object>
			<coordinate>pixel</coordinate>
			<type>rectangle</type>
			<description>None</description>
			<possibleresult>
				<name>Van</name>
			</possibleresult>
			<points>
				<point>315.000000,235.000000</point>
				<point>306.000000,235.000000</point>
				<point>306.000000,217.000000</point>
				<point>315.000000,217.000000</point>
				<point>315.000000,235.000000</point>
			</points>
		</object>
		<object>
			<coordinate>pixel</coordinate>
			<type>rectangle</type>
			<description>None</description>
			<possibleresult>
				<name>Small Car</name>
			</possibleresult>
			<points>
				<point>269.027222,160.435776</point>
				<point>260.000000,160.999985</point>
				<point>258.972778,144.564194</point>
				<point>268.000000,143.999985</point>
				<point>269.027222,160.435776</point>
			</points>
		</object>
		<object>
			<coordinate>pixel</coordinate>
			<type>rectangle</type>
			<description>None</description>
			<possibleresult>
				<name>Small Car</name>
			</possibleresult>
			<points>
				<point>269.000000,139.000000</point>
				<point>260.000000,139.000000</point>
				<point>260.000000,122.000000</point>
				<point>269.000000,122.000000</point>
				<point>269.000000,139.000000</point>
			</points>
		</object>
		<object>
			<coordinate>pixel</coordinate>
			<type>rectangle</type>
			<description>None</description>
			<possibleresult>
				<name>Small Car</name>
			</possibleresult>
			<points>
				<point>271.000000,117.000000</point>
				<point>261.000000,117.000000</point>
				<point>261.000000,99.000000</point>
				<point>271.000000,99.000000</point>
				<point>271.000000,117.000000</point>
			</points>
		</object>
		<object>
			<coordinate>pixel</coordinate>
			<type>rectangle</type>
			<description>None</description>
			<possibleresult>
				<name>Van</name>
			</possibleresult>
			<points>
				<point>268.000000,98.000000</point>
				<point>259.000000,98.000000</point>
				<point>259.000000,83.000000</point>
				<point>268.000000,83.000000</point>
				<point>268.000000,98.000000</point>
			</points>
		</object>
		<object>
			<coordinate>pixel</coordinate>
			<type>rectangle</type>
			<description>None</description>
			<possibleresult>
				<name>Small Car</name>
			</possibleresult>
			<points>
				<point>268.000000,74.000000</point>
				<point>259.000000,74.000000</point>
				<point>259.000000,56.000000</point>
				<point>268.000000,56.000000</point>
				<point>268.000000,74.000000</point>
			</points>
		</object>
		<object>
			<coordinate>pixel</coordinate>
			<type>rectangle</type>
			<description>None</description>
			<possibleresult>
				<name>Small Car</name>
			</possibleresult>
			<points>
				<point>269.000031,51.999992</point>
				<point>259.972321,52.501534</point>
				<point>258.972321,34.501534</point>
				<point>268.000031,33.999992</point>
				<point>269.000031,51.999992</point>
			</points>
		</object>
		<object>
			<coordinate>pixel</coordinate>
			<type>rectangle</type>
			<description>None</description>
			<possibleresult>
				<name>Dump Truck</name>
			</possibleresult>
			<points>
				<point>315.000000,75.000000</point>
				<point>305.000000,75.000000</point>
				<point>305.000000,54.000000</point>
				<point>315.000000,54.000000</point>
				<point>315.000000,75.000000</point>
			</points>
		</object>
		<object>
			<coordinate>pixel</coordinate>
			<type>rectangle</type>
			<description>None</description>
			<possibleresult>
				<name>Van</name>
			</possibleresult>
			<points>
				<point>315.000000,99.000000</point>
				<point>303.000000,99.000000</point>
				<point>303.000000,80.000000</point>
				<point>315.000000,80.000000</point>
				<point>315.000000,99.000000</point>
			</points>
		</object>
		<object>
			<coordinate>pixel</coordinate>
			<type>rectangle</type>
			<description>None</description>
			<possibleresult>
				<name>Small Car</name>
			</possibleresult>
			<points>
				<point>316.000000,133.000000</point>
				<point>307.000000,133.000000</point>
				<point>307.000000,114.000000</point>
				<point>316.000000,114.000000</point>
				<point>316.000000,133.000000</point>
			</points>
		</object>
		<object>
			<coordinate>pixel</coordinate>
			<type>rectangle</type>
			<description>None</description>
			<possibleresult>
				<name>Small Car</name>
			</possibleresult>
			<points>
				<point>234.000000,147.000000</point>
				<point>214.724060,158.159760</point>
				<point>210.000000,150.000000</point>
				<point>229.275940,138.840240</point>
				<point>234.000000,147.000000</point>
			</points>
		</object>
		<object>
			<coordinate>pixel</coordinate>
			<type>rectangle</type>
			<description>None</description>
			<possibleresult>
				<name>Small Car</name>
			</possibleresult>
			<points>
				<point>13.000000,43.000000</point>
				<point>4.000000,43.000000</point>
				<point>4.000000,28.000000</point>
				<point>13.000000,28.000000</point>
				<point>13.000000,43.000000</point>
			</points>
		</object>
		<object>
			<coordinate>pixel</coordinate>
			<type>rectangle</type>
			<description>None</description>
			<possibleresult>
				<name>Van</name>
			</possibleresult>
			<points>
				<point>67.000000,49.000000</point>
				<point>49.000000,49.000000</point>
				<point>49.000000,42.000000</point>
				<point>67.000000,42.000000</point>
				<point>67.000000,49.000000</point>
			</points>
		</object>
		<object>
			<coordinate>pixel</coordinate>
			<type>rectangle</type>
			<description>None</description>
			<possibleresult>
				<name>Van</name>
			</possibleresult>
			<points>
				<point>68.000000,67.000000</point>
				<point>47.000000,67.000000</point>
				<point>47.000000,60.000000</point>
				<point>68.000000,60.000000</point>
				<point>68.000000,67.000000</point>
			</points>
		</object>
		<object>
			<coordinate>pixel</coordinate>
			<type>rectangle</type>
			<description>None</description>
			<possibleresult>
				<name>Van</name>
			</possibleresult>
			<points>
				<point>66.000000,75.000000</point>
				<point>47.000000,75.000000</point>
				<point>47.000000,67.000000</point>
				<point>66.000000,67.000000</point>
				<point>66.000000,75.000000</point>
			</points>
		</object>
		<object>
			<coordinate>pixel</coordinate>
			<type>rectangle</type>
			<description>None</description>
			<possibleresult>
				<name>Van</name>
			</possibleresult>
			<points>
				<point>67.351624,77.967583</point>
				<point>67.000000,85.000008</point>
				<point>47.000000,84.000008</point>
				<point>47.351624,76.967583</point>
				<point>67.351624,77.967583</point>
			</points>
		</object>
		<object>
			<coordinate>pixel</coordinate>
			<type>rectangle</type>
			<description>None</description>
			<possibleresult>
				<name>Van</name>
			</possibleresult>
			<points>
				<point>95.423523,101.494110</point>
				<point>89.000000,107.000000</point>
				<point>76.576477,92.505890</point>
				<point>83.000000,87.000000</point>
				<point>95.423523,101.494110</point>
			</points>
		</object>
		<object>
			<coordinate>pixel</coordinate>
			<type>rectangle</type>
			<description>None</description>
			<possibleresult>
				<name>Van</name>
			</possibleresult>
			<points>
				<point>108.000000,95.999992</point>
				<point>100.918030,101.901634</point>
				<point>90.918030,89.901634</point>
				<point>98.000000,83.999992</point>
				<point>108.000000,95.999992</point>
			</points>
		</object>
		<object>
			<coordinate>pixel</coordinate>
			<type>rectangle</type>
			<description>None</description>
			<possibleresult>
				<name>Small Car</name>
			</possibleresult>
			<points>
				<point>123.000000,96.000008</point>
				<point>117.249054,101.271706</point>
				<point>106.249054,89.271706</point>
				<point>112.000000,84.000008</point>
				<point>123.000000,96.000008</point>
			</points>
		</object>
		<object>
			<coordinate>pixel</coordinate>
			<type>rectangle</type>
			<description>None</description>
			<possibleresult>
				<name>Small Car</name>
			</possibleresult>
			<points>
				<point>143.766571,101.660477</point>
				<point>136.000000,107.000000</point>
				<point>125.000000,91.000000</point>
				<point>132.766571,85.660477</point>
				<point>143.766571,101.660477</point>
			</points>
		</object>
		<object>
			<coordinate>pixel</coordinate>
			<type>rectangle</type>
			<description>None</description>
			<possibleresult>
				<name>Small Car</name>
			</possibleresult>
			<points>
				<point>97.000000,122.000000</point>
				<point>78.000000,122.000000</point>
				<point>78.000000,115.000000</point>
				<point>97.000000,115.000000</point>
				<point>97.000000,122.000000</point>
			</points>
		</object>
		<object>
			<coordinate>pixel</coordinate>
			<type>rectangle</type>
			<description>None</description>
			<possibleresult>
				<name>Van</name>
			</possibleresult>
			<points>
				<point>172.000000,100.999985</point>
				<point>164.337830,106.472961</point>
				<point>154.337830,92.472961</point>
				<point>162.000000,86.999985</point>
				<point>172.000000,100.999985</point>
			</points>
		</object>
		<object>
			<coordinate>pixel</coordinate>
			<type>rectangle</type>
			<description>None</description>
			<possibleresult>
				<name>Dump Truck</name>
			</possibleresult>
			<points>
				<point>188.000000,108.000000</point>
				<point>178.000000,108.000000</point>
				<point>178.000000,87.000000</point>
				<point>188.000000,87.000000</point>
				<point>188.000000,108.000000</point>
			</points>
		</object>
		<object>
			<coordinate>pixel</coordinate>
			<type>rectangle</type>
			<description>None</description>
			<possibleresult>
				<name>Small Car</name>
			</possibleresult>
			<points>
				<point>92.224289,149.269806</point>
				<point>69.224289,157.269806</point>
				<point>66.000000,148.000000</point>
				<point>89.000000,140.000000</point>
				<point>92.224289,149.269806</point>
			</points>
		</object>
		<object>
			<coordinate>pixel</coordinate>
			<type>rectangle</type>
			<description>None</description>
			<possibleresult>
				<name>Small Car</name>
			</possibleresult>
			<points>
				<point>95.172409,156.931015</point>
				<point>75.000000,164.999985</point>
				<point>71.827591,157.068954</point>
				<point>92.000000,148.999985</point>
				<point>95.172409,156.931015</point>
			</points>
		</object>
		<object>
			<coordinate>pixel</coordinate>
			<type>rectangle</type>
			<description>None</description>
			<possibleresult>
				<name>Van</name>
			</possibleresult>
			<points>
				<point>94.000000,166.000000</point>
				<point>76.855530,174.067993</point>
				<point>74.000000,168.000000</point>
				<point>91.144470,159.932007</point>
				<point>94.000000,166.000000</point>
			</points>
		</object>
		<object>
			<coordinate>pixel</coordinate>
			<type>rectangle</type>
			<description>None</description>
			<possibleresult>
				<name>Van</name>
			</possibleresult>
			<points>
				<point>95.092789,175.958755</point>
				<point>77.000000,183.999985</point>
				<point>73.907211,177.041214</point>
				<point>92.000000,168.999985</point>
				<point>95.092789,175.958755</point>
			</points>
		</object>
		<object>
			<coordinate>pixel</coordinate>
			<type>rectangle</type>
			<description>None</description>
			<possibleresult>
				<name>Van</name>
			</possibleresult>
			<points>
				<point>91.800011,185.600021</point>
				<point>75.000008,194.000015</point>
				<point>72.000008,188.000015</point>
				<point>88.800011,179.600021</point>
				<point>91.800011,185.600021</point>
			</points>
		</object>
		<object>
			<coordinate>pixel</coordinate>
			<type>rectangle</type>
			<description>None</description>
			<possibleresult>
				<name>Dump Truck</name>
			</possibleresult>
			<points>
				<point>99.999992,193.000015</point>
				<point>75.999992,205.000015</point>
				<point>71.999992,197.000015</point>
				<point>95.999992,185.000015</point>
				<point>99.999992,193.000015</point>
			</points>
		</object>
		<object>
			<coordinate>pixel</coordinate>
			<type>rectangle</type>
			<description>None</description>
			<possibleresult>
				<name>Van</name>
			</possibleresult>
			<points>
				<point>93.000008,207.000000</point>
				<point>73.828056,216.081451</point>
				<point>70.000008,208.000000</point>
				<point>89.171959,198.918549</point>
				<point>93.000008,207.000000</point>
			</points>
		</object>
		<object>
			<coordinate>pixel</coordinate>
			<type>rectangle</type>
			<description>None</description>
			<possibleresult>
				<name>Small Car</name>
			</possibleresult>
			<points>
				<point>96.000023,217.000031</point>
				<point>74.155190,226.362091</point>
				<point>70.637947,218.155182</point>
				<point>92.482780,208.793121</point>
				<point>96.000023,217.000031</point>
			</points>
		</object>
		<object>
			<coordinate>pixel</coordinate>
			<type>rectangle</type>
			<description>None</description>
			<possibleresult>
				<name>Small Car</name>
			</possibleresult>
			<points>
				<point>96.024506,238.641434</point>
				<point>76.024506,245.641434</point>
				<point>73.000000,237.000015</point>
				<point>93.000000,230.000015</point>
				<point>96.024506,238.641434</point>
			</points>
		</object>
		<object>
			<coordinate>pixel</coordinate>
			<type>rectangle</type>
			<description>None</description>
			<possibleresult>
				<name>Small Car</name>
			</possibleresult>
			<points>
				<point>96.041565,247.984161</point>
				<point>74.999985,256.000000</point>
				<point>71.958405,248.015839</point>
				<point>92.999985,240.000000</point>
				<point>96.041565,247.984161</point>
			</points>
		</object>
		<object>
			<coordinate>pixel</coordinate>
			<type>rectangle</type>
			<description>None</description>
			<possibleresult>
				<name>Van</name>
			</possibleresult>
			<points>
				<point>90.052460,259.977051</point>
				<point>74.000000,267.000000</point>
				<point>70.947540,260.022949</point>
				<point>87.000000,253.000000</point>
				<point>90.052460,259.977051</point>
			</points>
		</object>
		<object>
			<coordinate>pixel</coordinate>
			<type>rectangle</type>
			<description>None</description>
			<possibleresult>
				<name>Van</name>
			</possibleresult>
			<points>
				<point>98.000008,276.000000</point>
				<point>79.257744,284.329895</point>
				<point>76.000008,277.000000</point>
				<point>94.742271,268.670105</point>
				<point>98.000008,276.000000</point>
			</points>
		</object>
		<object>
			<coordinate>pixel</coordinate>
			<type>rectangle</type>
			<description>None</description>
			<possibleresult>
				<name>Van</name>
			</possibleresult>
			<points>
				<point>69.310349,157.275848</point>
				<point>49.310345,165.275848</point>
				<point>46.000004,157.000000</point>
				<point>66.000000,149.000000</point>
				<point>69.310349,157.275848</point>
			</points>
		</object>
		<object>
			<coordinate>pixel</coordinate>
			<type>rectangle</type>
			<description>None</description>
			<possibleresult>
				<name>Van</name>
			</possibleresult>
			<points>
				<point>67.753433,167.342484</point>
				<point>50.000004,174.000015</point>
				<point>47.000004,166.000015</point>
				<point>64.753433,159.342484</point>
				<point>67.753433,167.342484</point>
			</points>
		</object>
		<object>
			<coordinate>pixel</coordinate>
			<type>rectangle</type>
			<description>None</description>
			<possibleresult>
				<name>Van</name>
			</possibleresult>
			<points>
				<point>75.000000,175.000015</point>
				<point>54.000000,183.000015</point>
				<point>51.291092,175.889114</point>
				<point>72.291092,167.889114</point>
				<point>75.000000,175.000015</point>
			</points>
		</object>
		<object>
			<coordinate>pixel</coordinate>
			<type>rectangle</type>
			<description>None</description>
			<possibleresult>
				<name>Van</name>
			</possibleresult>
			<points>
				<point>72.096512,186.962463</point>
				<point>53.758713,194.093842</point>
				<point>50.662201,186.131378</point>
				<point>69.000000,179.000000</point>
				<point>72.096512,186.962463</point>
			</points>
		</object>
		<object>
			<coordinate>pixel</coordinate>
			<type>rectangle</type>
			<description>None</description>
			<possibleresult>
				<name>Small Car</name>
			</possibleresult>
			<points>
				<point>72.000000,196.000000</point>
				<point>52.597649,204.169403</point>
				<point>50.000000,198.000000</point>
				<point>69.402351,189.830597</point>
				<point>72.000000,196.000000</point>
			</points>
		</object>
		<object>
			<coordinate>pixel</coordinate>
			<type>rectangle</type>
			<description>None</description>
			<possibleresult>
				<name>Small Car</name>
			</possibleresult>
			<points>
				<point>72.000000,207.000000</point>
				<point>51.827583,215.068970</point>
				<point>49.000000,208.000000</point>
				<point>69.172417,199.931030</point>
				<point>72.000000,207.000000</point>
			</points>
		</object>
		<object>
			<coordinate>pixel</coordinate>
			<type>rectangle</type>
			<description>None</description>
			<possibleresult>
				<name>Van</name>
			</possibleresult>
			<points>
				<point>72.092781,216.958755</point>
				<point>54.000000,224.999985</point>
				<point>50.907219,218.041214</point>
				<point>69.000000,209.999985</point>
				<point>72.092781,216.958755</point>
			</points>
		</object>
		<object>
			<coordinate>pixel</coordinate>
			<type>rectangle</type>
			<description>None</description>
			<possibleresult>
				<name>Van</name>
			</possibleresult>
			<points>
				<point>72.000000,228.000015</point>
				<point>50.517242,237.206924</point>
				<point>47.000000,229.000015</point>
				<point>68.482758,219.793106</point>
				<point>72.000000,228.000015</point>
			</points>
		</object>
		<object>
			<coordinate>pixel</coordinate>
			<type>rectangle</type>
			<description>None</description>
			<possibleresult>
				<name>Small Car</name>
			</possibleresult>
			<points>
				<point>73.092789,235.958771</point>
				<point>55.000000,244.000000</point>
				<point>51.907219,237.041229</point>
				<point>70.000008,229.000000</point>
				<point>73.092789,235.958771</point>
			</points>
		</object>
		<object>
			<coordinate>pixel</coordinate>
			<type>rectangle</type>
			<description>None</description>
			<possibleresult>
				<name>Van</name>
			</possibleresult>
			<points>
				<point>74.092789,245.958771</point>
				<point>56.000000,254.000000</point>
				<point>52.907219,247.041229</point>
				<point>71.000008,239.000000</point>
				<point>74.092789,245.958771</point>
			</points>
		</object>
		<object>
			<coordinate>pixel</coordinate>
			<type>rectangle</type>
			<description>None</description>
			<possibleresult>
				<name>Van</name>
			</possibleresult>
			<points>
				<point>72.000000,256.000031</point>
				<point>54.000000,265.000031</point>
				<point>50.400002,257.800018</point>
				<point>68.400002,248.800018</point>
				<point>72.000000,256.000031</point>
			</points>
		</object>
		<object>
			<coordinate>pixel</coordinate>
			<type>rectangle</type>
			<description>None</description>
			<possibleresult>
				<name>Van</name>
			</possibleresult>
			<points>
				<point>69.000000,267.000031</point>
				<point>49.955296,275.018829</point>
				<point>47.000004,268.000031</point>
				<point>66.044708,259.981232</point>
				<point>69.000000,267.000031</point>
			</points>
		</object>
		<object>
			<coordinate>pixel</coordinate>
			<type>rectangle</type>
			<description>None</description>
			<possibleresult>
				<name>Van</name>
			</possibleresult>
			<points>
				<point>74.644798,275.694580</point>
				<point>54.999996,285.000000</point>
				<point>51.355202,277.305420</point>
				<point>71.000000,268.000000</point>
				<point>74.644798,275.694580</point>
			</points>
		</object>
		<object>
			<coordinate>pixel</coordinate>
			<type>rectangle</type>
			<description>None</description>
			<possibleresult>
				<name>Small Car</name>
			</possibleresult>
			<points>
				<point>116.000015,245.000031</point>
				<point>113.984634,261.123108</point>
				<point>105.000015,260.000031</point>
				<point>107.015396,243.876953</point>
				<point>116.000015,245.000031</point>
			</points>
		</object>
		<object>
			<coordinate>pixel</coordinate>
			<type>rectangle</type>
			<description>None</description>
			<possibleresult>
				<name>Van</name>
			</possibleresult>
			<points>
				<point>182.000000,159.000000</point>
				<point>179.172424,166.068970</point>
				<point>159.000000,158.000000</point>
				<point>161.827576,150.931030</point>
				<point>182.000000,159.000000</point>
			</points>
		</object>
		<object>
			<coordinate>pixel</coordinate>
			<type>rectangle</type>
			<description>None</description>
			<possibleresult>
				<name>Small Car</name>
			</possibleresult>
			<points>
				<point>177.339630,165.811310</point>
				<point>175.000000,174.000000</point>
				<point>154.000000,168.000000</point>
				<point>156.339630,159.811310</point>
				<point>177.339630,165.811310</point>
			</points>
		</object>
		<object>
			<coordinate>pixel</coordinate>
			<type>rectangle</type>
			<description>None</description>
			<possibleresult>
				<name>Small Car</name>
			</possibleresult>
			<points>
				<point>154.000000,158.000000</point>
				<point>151.000000,166.000000</point>
				<point>127.000000,157.000000</point>
				<point>130.000000,149.000000</point>
				<point>154.000000,158.000000</point>
			</points>
		</object>
		<object>
			<coordinate>pixel</coordinate>
			<type>rectangle</type>
			<description>None</description>
			<possibleresult>
				<name>Small Car</name>
			</possibleresult>
			<points>
				<point>154.495316,168.157593</point>
				<point>152.000015,176.000000</point>
				<point>129.504715,168.842407</point>
				<point>132.000015,161.000000</point>
				<point>154.495316,168.157593</point>
			</points>
		</object>
		<object>
			<coordinate>pixel</coordinate>
			<type>rectangle</type>
			<description>None</description>
			<possibleresult>
				<name>Small Car</name>
			</possibleresult>
			<points>
				<point>182.600006,178.200012</point>
				<point>180.000000,186.000000</point>
				<point>155.399994,177.799988</point>
				<point>158.000000,170.000000</point>
				<point>182.600006,178.200012</point>
			</points>
		</object>
		<object>
			<coordinate>pixel</coordinate>
			<type>rectangle</type>
			<description>None</description>
			<possibleresult>
				<name>Small Car</name>
			</possibleresult>
			<points>
				<point>159.000000,180.000000</point>
				<point>156.106232,188.038239</point>
				<point>131.000000,179.000000</point>
				<point>133.893768,170.961761</point>
				<point>159.000000,180.000000</point>
			</points>
		</object>
		<object>
			<coordinate>pixel</coordinate>
			<type>rectangle</type>
			<description>None</description>
			<possibleresult>
				<name>Small Car</name>
			</possibleresult>
			<points>
				<point>176.627350,188.243973</point>
				<point>174.000000,195.000015</point>
				<point>155.372650,187.756058</point>
				<point>158.000000,181.000015</point>
				<point>176.627350,188.243973</point>
			</points>
		</object>
		<object>
			<coordinate>pixel</coordinate>
			<type>rectangle</type>
			<description>None</description>
			<possibleresult>
				<name>Van</name>
			</possibleresult>
			<points>
				<point>152.198212,187.719406</point>
				<point>150.000000,194.000015</point>
				<point>130.000000,187.000015</point>
				<point>132.198212,180.719406</point>
				<point>152.198212,187.719406</point>
			</points>
		</object>
		<object>
			<coordinate>pixel</coordinate>
			<type>rectangle</type>
			<description>None</description>
			<possibleresult>
				<name>Van</name>
			</possibleresult>
			<points>
				<point>175.362061,199.155197</point>
				<point>172.362061,206.155197</point>
				<point>151.000000,197.000015</point>
				<point>154.000000,190.000015</point>
				<point>175.362061,199.155197</point>
			</points>
		</object>
		<object>
			<coordinate>pixel</coordinate>
			<type>rectangle</type>
			<description>None</description>
			<possibleresult>
				<name>Small Car</name>
			</possibleresult>
			<points>
				<point>179.271729,210.129395</point>
				<point>176.000000,217.000000</point>
				<point>154.728271,206.870605</point>
				<point>158.000000,200.000000</point>
				<point>179.271729,210.129395</point>
			</points>
		</object>
		<object>
			<coordinate>pixel</coordinate>
			<type>rectangle</type>
			<description>None</description>
			<possibleresult>
				<name>Van</name>
			</possibleresult>
			<points>
				<point>153.000031,198.000031</point>
				<point>150.359039,204.749207</point>
				<point>127.359047,195.749207</point>
				<point>130.000031,189.000031</point>
				<point>153.000031,198.000031</point>
			</points>
		</object>
		<object>
			<coordinate>pixel</coordinate>
			<type>rectangle</type>
			<description>None</description>
			<possibleresult>
				<name>Van</name>
			</possibleresult>
			<points>
				<point>151.233627,206.095581</point>
				<point>148.000000,214.000000</point>
				<point>125.766373,204.904419</point>
				<point>129.000000,197.000000</point>
				<point>151.233627,206.095581</point>
			</points>
		</object>
		<object>
			<coordinate>pixel</coordinate>
			<type>rectangle</type>
			<description>None</description>
			<possibleresult>
				<name>Small Car</name>
			</possibleresult>
			<points>
				<point>149.000000,216.000000</point>
				<point>146.172424,223.068970</point>
				<point>126.000000,215.000000</point>
				<point>128.827576,207.931030</point>
				<point>149.000000,216.000000</point>
			</points>
		</object>
		<object>
			<coordinate>pixel</coordinate>
			<type>rectangle</type>
			<description>None</description>
			<possibleresult>
				<name>Small Car</name>
			</possibleresult>
			<points>
				<point>177.828064,226.918549</point>
				<point>174.000000,235.000000</point>
				<point>155.000000,226.000000</point>
				<point>158.828064,217.918549</point>
				<point>177.828064,226.918549</point>
			</points>
		</object>
		<object>
			<coordinate>pixel</coordinate>
			<type>rectangle</type>
			<description>None</description>
			<possibleresult>
				<name>Small Car</name>
			</possibleresult>
			<points>
				<point>177.000000,238.000000</point>
				<point>174.291077,245.110901</point>
				<point>153.000000,237.000000</point>
				<point>155.708923,229.889099</point>
				<point>177.000000,238.000000</point>
			</points>
		</object>
		<object>
			<coordinate>pixel</coordinate>
			<type>rectangle</type>
			<description>None</description>
			<possibleresult>
				<name>Van</name>
			</possibleresult>
			<points>
				<point>155.000000,226.999969</point>
				<point>152.206085,235.071320</point>
				<point>125.999992,226.000000</point>
				<point>128.793915,217.928650</point>
				<point>155.000000,226.999969</point>
			</points>
		</object>
		<object>
			<coordinate>pixel</coordinate>
			<type>rectangle</type>
			<description>None</description>
			<possibleresult>
				<name>Van</name>
			</possibleresult>
			<points>
				<point>154.000000,238.000000</point>
				<point>151.000000,245.000000</point>
				<point>130.000000,236.000000</point>
				<point>133.000000,229.000000</point>
				<point>154.000000,238.000000</point>
			</points>
		</object>
		<object>
			<coordinate>pixel</coordinate>
			<type>rectangle</type>
			<description>None</description>
			<possibleresult>
				<name>Van</name>
			</possibleresult>
			<points>
				<point>176.399979,248.200043</point>
				<point>172.999985,255.000031</point>
				<point>152.999985,245.000031</point>
				<point>156.399979,238.200043</point>
				<point>176.399979,248.200043</point>
			</points>
		</object>
		<object>
			<coordinate>pixel</coordinate>
			<type>rectangle</type>
			<description>None</description>
			<possibleresult>
				<name>Van</name>
			</possibleresult>
			<points>
				<point>176.240799,258.113312</point>
				<point>173.000015,265.000000</point>
				<point>155.759232,256.886688</point>
				<point>159.000015,250.000000</point>
				<point>176.240799,258.113312</point>
			</points>
		</object>
		<object>
			<coordinate>pixel</coordinate>
			<type>rectangle</type>
			<description>None</description>
			<possibleresult>
				<name>Van</name>
			</possibleresult>
			<points>
				<point>178.000015,269.000031</point>
				<point>174.600021,275.800018</point>
				<point>154.600021,265.800018</point>
				<point>158.000015,259.000031</point>
				<point>178.000015,269.000031</point>
			</points>
		</object>
		<object>
			<coordinate>pixel</coordinate>
			<type>rectangle</type>
			<description>None</description>
			<possibleresult>
				<name>Small Car</name>
			</possibleresult>
			<points>
				<point>153.257889,248.122177</point>
				<point>149.999985,255.000015</point>
				<point>130.742081,245.877853</point>
				<point>133.999985,239.000015</point>
				<point>153.257889,248.122177</point>
			</points>
		</object>
		<object>
			<coordinate>pixel</coordinate>
			<type>rectangle</type>
			<description>None</description>
			<possibleresult>
				<name>Van</name>
			</possibleresult>
			<points>
				<point>151.000000,257.000000</point>
				<point>148.172424,264.068970</point>
				<point>127.999992,256.000000</point>
				<point>130.827576,248.931030</point>
				<point>151.000000,257.000000</point>
			</points>
		</object>
		<object>
			<coordinate>pixel</coordinate>
			<type>rectangle</type>
			<description>None</description>
			<possibleresult>
				<name>Van</name>
			</possibleresult>
			<points>
				<point>155.000000,269.000000</point>
				<point>152.401459,276.145996</point>
				<point>130.401459,268.145996</point>
				<point>133.000000,261.000000</point>
				<point>155.000000,269.000000</point>
			</points>
		</object>
		<object>
			<coordinate>pixel</coordinate>
			<type>rectangle</type>
			<description>None</description>
			<possibleresult>
				<name>Small Car</name>
			</possibleresult>
			<points>
				<point>155.000015,278.000000</point>
				<point>152.226242,285.088501</point>
				<point>129.000015,276.000000</point>
				<point>131.773788,268.911499</point>
				<point>155.000015,278.000000</point>
			</points>
		</object>
		<object>
			<coordinate>pixel</coordinate>
			<type>rectangle</type>
			<description>None</description>
			<possibleresult>
				<name>Dump Truck</name>
			</possibleresult>
			<points>
				<point>152.000000,287.000031</point>
				<point>149.000000,295.000031</point>
				<point>125.000000,286.000031</point>
				<point>128.000000,278.000031</point>
				<point>152.000000,287.000031</point>
			</points>
		</object>
		<object>
			<coordinate>pixel</coordinate>
			<type>rectangle</type>
			<description>None</description>
			<possibleresult>
				<name>Van</name>
			</possibleresult>
			<points>
				<point>173.000000,286.000000</point>
				<point>170.144470,292.067993</point>
				<point>153.000000,284.000000</point>
				<point>155.855530,277.932007</point>
				<point>173.000000,286.000000</point>
			</points>
		</object>
		<object>
			<coordinate>pixel</coordinate>
			<type>rectangle</type>
			<description>None</description>
			<possibleresult>
				<name>Van</name>
			</possibleresult>
			<points>
				<point>175.371140,296.164978</point>
				<point>172.278366,303.123718</point>
				<point>162.907242,298.958740</point>
				<point>166.000015,292.000000</point>
				<point>175.371140,296.164978</point>
			</points>
		</object>
		<object>
			<coordinate>pixel</coordinate>
			<type>rectangle</type>
			<description>None</description>
			<possibleresult>
				<name>Small Car</name>
			</possibleresult>
			<points>
				<point>32.000000,188.000000</point>
				<point>23.000000,188.000000</point>
				<point>23.000000,171.000000</point>
				<point>32.000000,171.000000</point>
				<point>32.000000,188.000000</point>
			</points>
		</object>
		<object>
			<coordinate>pixel</coordinate>
			<type>rectangle</type>
			<description>None</description>
			<possibleresult>
				<name>Small Car</name>
			</possibleresult>
			<points>
				<point>510.000061,55.000008</point>
				<point>509.000061,70.000008</point>
				<point>499.044312,69.336288</point>
				<point>500.044312,54.336288</point>
				<point>510.000061,55.000008</point>
			</points>
		</object>
		<object>
			<coordinate>pixel</coordinate>
			<type>rectangle</type>
			<description>None</description>
			<possibleresult>
				<name>Cargo Truck</name>
			</possibleresult>
			<points>
				<point>506.307648,45.538452</point>
				<point>493.999969,63.999992</point>
				<point>482.692291,56.461533</point>
				<point>494.999969,37.999992</point>
				<point>506.307648,45.538452</point>
			</points>
		</object>
		<object>
			<coordinate>pixel</coordinate>
			<type>rectangle</type>
			<description>None</description>
			<possibleresult>
				<name>Van</name>
			</possibleresult>
			<points>
				<point>614.000000,166.000000</point>
				<point>598.000000,166.000000</point>
				<point>598.000000,159.000000</point>
				<point>614.000000,159.000000</point>
				<point>614.000000,166.000000</point>
			</points>
		</object>
		<object>
			<coordinate>pixel</coordinate>
			<type>rectangle</type>
			<description>None</description>
			<possibleresult>
				<name>Small Car</name>
			</possibleresult>
			<points>
				<point>612.000061,176.999985</point>
				<point>601.000061,187.999985</point>
				<point>595.000061,181.999985</point>
				<point>606.000061,170.999985</point>
				<point>612.000061,176.999985</point>
			</points>
		</object>
		<object>
			<coordinate>pixel</coordinate>
			<type>rectangle</type>
			<description>None</description>
			<possibleresult>
				<name>Small Car</name>
			</possibleresult>
			<points>
				<point>901.000000,62.000000</point>
				<point>890.000000,62.000000</point>
				<point>890.000000,43.000000</point>
				<point>901.000000,43.000000</point>
				<point>901.000000,62.000000</point>
			</points>
		</object>
		<object>
			<coordinate>pixel</coordinate>
			<type>rectangle</type>
			<description>None</description>
			<possibleresult>
				<name>Small Car</name>
			</possibleresult>
			<points>
				<point>899.000000,80.000000</point>
				<point>891.000000,80.000000</point>
				<point>891.000000,63.000000</point>
				<point>899.000000,63.000000</point>
				<point>899.000000,80.000000</point>
			</points>
		</object>
		<object>
			<coordinate>pixel</coordinate>
			<type>rectangle</type>
			<description>None</description>
			<possibleresult>
				<name>Small Car</name>
			</possibleresult>
			<points>
				<point>902.000000,238.000000</point>
				<point>893.000000,238.000000</point>
				<point>893.000000,221.000000</point>
				<point>902.000000,221.000000</point>
				<point>902.000000,238.000000</point>
			</points>
		</object>
		<object>
			<coordinate>pixel</coordinate>
			<type>rectangle</type>
			<description>None</description>
			<possibleresult>
				<name>Small Car</name>
			</possibleresult>
			<points>
				<point>901.000000,261.000000</point>
				<point>892.000000,261.000000</point>
				<point>892.000000,243.000000</point>
				<point>901.000000,243.000000</point>
				<point>901.000000,261.000000</point>
			</points>
		</object>
		<object>
			<coordinate>pixel</coordinate>
			<type>rectangle</type>
			<description>None</description>
			<possibleresult>
				<name>Intersection</name>
			</possibleresult>
			<points>
				<point>908.000000,416.000000</point>
				<point>840.000000,416.000000</point>
				<point>840.000000,360.000000</point>
				<point>908.000000,360.000000</point>
				<point>908.000000,416.000000</point>
			</points>
		</object>
		<object>
			<coordinate>pixel</coordinate>
			<type>rectangle</type>
			<description>None</description>
			<possibleresult>
				<name>Van</name>
			</possibleresult>
			<points>
				<point>440.024170,449.410339</point>
				<point>430.000000,450.000000</point>
				<point>428.975891,432.589661</point>
				<point>439.000061,432.000000</point>
				<point>440.024170,449.410339</point>
			</points>
		</object>
		<object>
			<coordinate>pixel</coordinate>
			<type>rectangle</type>
			<description>None</description>
			<possibleresult>
				<name>Small Car</name>
			</possibleresult>
			<points>
				<point>533.000000,415.000000</point>
				<point>508.000000,415.000000</point>
				<point>508.000000,407.000000</point>
				<point>533.000000,407.000000</point>
				<point>533.000000,415.000000</point>
			</points>
		</object>
		<object>
			<coordinate>pixel</coordinate>
			<type>rectangle</type>
			<description>None</description>
			<possibleresult>
				<name>Intersection</name>
			</possibleresult>
			<points>
				<point>913.000000,844.000000</point>
				<point>846.939453,846.001831</point>
				<point>845.000000,782.000000</point>
				<point>911.060547,779.998169</point>
				<point>913.000000,844.000000</point>
			</points>
		</object>
		<object>
			<coordinate>pixel</coordinate>
			<type>rectangle</type>
			<description>None</description>
			<possibleresult>
				<name>Small Car</name>
			</possibleresult>
			<points>
				<point>526.027588,732.531067</point>
				<point>525.000000,750.000061</point>
				<point>515.972412,749.469055</point>
				<point>517.000000,732.000061</point>
				<point>526.027588,732.531067</point>
			</points>
		</object>
		<object>
			<coordinate>pixel</coordinate>
			<type>rectangle</type>
			<description>None</description>
			<possibleresult>
				<name>Van</name>
			</possibleresult>
			<points>
				<point>707.000000,833.000000</point>
				<point>694.000000,833.000000</point>
				<point>694.000000,827.000000</point>
				<point>707.000000,827.000000</point>
				<point>707.000000,833.000000</point>
			</points>
		</object>
		<object>
			<coordinate>pixel</coordinate>
			<type>rectangle</type>
			<description>None</description>
			<possibleresult>
				<name>Dump Truck</name>
			</possibleresult>
			<points>
				<point>578.000000,954.000000</point>
				<point>567.000000,954.000000</point>
				<point>567.000000,933.000000</point>
				<point>578.000000,933.000000</point>
				<point>578.000000,954.000000</point>
			</points>
		</object>
		<object>
			<coordinate>pixel</coordinate>
			<type>rectangle</type>
			<description>None</description>
			<possibleresult>
				<name>Van</name>
			</possibleresult>
			<points>
				<point>394.000000,931.000000</point>
				<point>380.000000,931.000000</point>
				<point>380.000000,925.000000</point>
				<point>394.000000,925.000000</point>
				<point>394.000000,931.000000</point>
			</points>
		</object>
		<object>
			<coordinate>pixel</coordinate>
			<type>rectangle</type>
			<description>None</description>
			<possibleresult>
				<name>Van</name>
			</possibleresult>
			<points>
				<point>745.000000,681.000000</point>
				<point>725.000000,681.000000</point>
				<point>725.000000,674.000000</point>
				<point>745.000000,674.000000</point>
				<point>745.000000,681.000000</point>
			</points>
		</object>
		<object>
			<coordinate>pixel</coordinate>
			<type>rectangle</type>
			<description>None</description>
			<possibleresult>
				<name>Van</name>
			</possibleresult>
			<points>
				<point>747.000000,691.000000</point>
				<point>726.000000,691.000000</point>
				<point>726.000000,684.000000</point>
				<point>747.000000,684.000000</point>
				<point>747.000000,691.000000</point>
			</points>
		</object>
		<object>
			<coordinate>pixel</coordinate>
			<type>rectangle</type>
			<description>None</description>
			<possibleresult>
				<name>Dump Truck</name>
			</possibleresult>
			<points>
				<point>902.000000,167.000000</point>
				<point>892.000000,167.000000</point>
				<point>892.000000,148.000000</point>
				<point>902.000000,148.000000</point>
				<point>902.000000,167.000000</point>
			</points>
		</object>
		<object>
			<coordinate>pixel</coordinate>
			<type>rectangle</type>
			<description>None</description>
			<possibleresult>
				<name>Small Car</name>
			</possibleresult>
			<points>
				<point>900.000000,311.000000</point>
				<point>889.000000,311.000000</point>
				<point>889.000000,293.000000</point>
				<point>900.000000,293.000000</point>
				<point>900.000000,311.000000</point>
			</points>
		</object>
		<object>
			<coordinate>pixel</coordinate>
			<type>rectangle</type>
			<description>None</description>
			<possibleresult>
				<name>Small Car</name>
			</possibleresult>
			<points>
				<point>771.378845,285.013092</point>
				<point>770.999939,296.000031</point>
				<point>741.621033,294.986969</point>
				<point>741.999939,284.000031</point>
				<point>771.378845,285.013092</point>
			</points>
		</object>
		<object>
			<coordinate>pixel</coordinate>
			<type>rectangle</type>
			<description>None</description>
			<possibleresult>
				<name>Dump Truck</name>
			</possibleresult>
			<points>
				<point>478.014954,433.700745</point>
				<point>477.000000,454.000000</point>
				<point>462.985046,453.299255</point>
				<point>464.000000,433.000000</point>
				<point>478.014954,433.700745</point>
			</points>
		</object>
	</objects>
</annotation>