<?xml version="1.0" encoding="utf-8"?>
<annotation>
	<source>
		<filename>1092.tif</filename>
		<origin>GF2/GF3</origin>
	</source>
	<research>
		<version>1.0</version>
		<provider>FAIR1M</provider>
		<author>Cyber</author>
		<pluginname>FAIR1M</pluginname>
		<pluginclass>object detection</pluginclass>
		<time>2021-03</time>
	</research>
	<size>
		<width>1500</width>
		<height>1500</height>
		<depth>3</depth>
	</size>
	<objects>
		<object>
			<coordinate>pixel</coordinate>
			<type>rectangle</type>
			<description>None</description>
			<possibleresult>
				<name>Warship</name>
			</possibleresult>
			<points>
				<point>738.000000,78.000000</point>
				<point>947.000000,186.000000</point>
				<point>965.000000,151.000000</point>
				<point>756.000000,43.000000</point>
				<point>738.000000,78.000000</point>
			</points>
		</object>
		<object>
			<coordinate>pixel</coordinate>
			<type>rectangle</type>
			<description>None</description>
			<possibleresult>
				<name>Warship</name>
			</possibleresult>
			<points>
				<point>1100.000000,479.000000</point>
				<point>939.000000,400.000000</point>
				<point>925.000000,429.000000</point>
				<point>1086.000000,508.000000</point>
				<point>1100.000000,479.000000</point>
			</points>
		</object>
		<object>
			<coordinate>pixel</coordinate>
			<type>rectangle</type>
			<description>None</description>
			<possibleresult>
				<name>Dry Cargo Ship</name>
			</possibleresult>
			<points>
				<point>384.000000,437.000000</point>
				<point>271.000000,380.000000</point>
				<point>259.000000,403.000000</point>
				<point>372.000000,461.000000</point>
				<point>384.000000,437.000000</point>
			</points>
		</object>
		<object>
			<coordinate>pixel</coordinate>
			<type>rectangle</type>
			<description>None</description>
			<possibleresult>
				<name>Dry Cargo Ship</name>
			</possibleresult>
			<points>
				<point>1372.000000,968.000000</point>
				<point>1356.000000,1002.000000</point>
				<point>1365.000000,1006.000000</point>
				<point>1381.000000,972.000000</point>
				<point>1372.000000,968.000000</point>
			</points>
		</object>
		<object>
			<coordinate>pixel</coordinate>
			<type>rectangle</type>
			<description>None</description>
			<possibleresult>
				<name>Dry Cargo Ship</name>
			</possibleresult>
			<points>
				<point>1008.000000,971.000000</point>
				<point>867.000000,897.000000</point>
				<point>855.000000,920.000000</point>
				<point>996.000000,994.000000</point>
				<point>1008.000000,971.000000</point>
			</points>
		</object>
		<object>
			<coordinate>pixel</coordinate>
			<type>rectangle</type>
			<description>None</description>
			<possibleresult>
				<name>Dry Cargo Ship</name>
			</possibleresult>
			<points>
				<point>1050.000000,1230.000000</point>
				<point>862.000000,1131.000000</point>
				<point>846.000000,1163.000000</point>
				<point>1033.000000,1262.000000</point>
				<point>1050.000000,1230.000000</point>
			</points>
		</object>
		<object>
			<coordinate>pixel</coordinate>
			<type>rectangle</type>
			<description>None</description>
			<possibleresult>
				<name>Dry Cargo Ship</name>
			</possibleresult>
			<points>
				<point>372.000000,1097.000000</point>
				<point>216.000000,1015.000000</point>
				<point>203.000000,1040.000000</point>
				<point>359.000000,1122.000000</point>
				<point>372.000000,1097.000000</point>
			</points>
		</object>
	</objects>
</annotation>