<?xml version="1.0" encoding="utf-8"?>
<annotation>
	<source>
		<filename>1094.tif</filename>
		<origin>GF2/GF3</origin>
	</source>
	<research>
		<version>1.0</version>
		<provider>FAIR1M</provider>
		<author>Cyber</author>
		<pluginname>FAIR1M</pluginname>
		<pluginclass>object detection</pluginclass>
		<time>2021-03</time>
	</research>
	<size>
		<width>1000</width>
		<height>1000</height>
		<depth>3</depth>
	</size>
	<objects>
		<object>
			<coordinate>pixel</coordinate>
			<type>rectangle</type>
			<description>None</description>
			<possibleresult>
				<name>Football Field</name>
			</possibleresult>
			<points>
				<point>604.999878,480.000000</point>
				<point>531.638000,557.876465</point>
				<point>483.999969,513.000000</point>
				<point>557.361877,435.123535</point>
				<point>604.999878,480.000000</point>
			</points>
		</object>
		<object>
			<coordinate>pixel</coordinate>
			<type>rectangle</type>
			<description>None</description>
			<possibleresult>
				<name>Football Field</name>
			</possibleresult>
			<points>
				<point>782.000000,555.000000</point>
				<point>703.549072,640.871948</point>
				<point>661.000000,602.000000</point>
				<point>739.450928,516.128052</point>
				<point>782.000000,555.000000</point>
			</points>
		</object>
		<object>
			<coordinate>pixel</coordinate>
			<type>rectangle</type>
			<description>None</description>
			<possibleresult>
				<name>Small Car</name>
			</possibleresult>
			<points>
				<point>14.999966,840.000000</point>
				<point>9.456818,846.395996</point>
				<point>0.000000,838.200073</point>
				<point>0.000000,827.000000</point>
				<point>14.999966,840.000000</point>
			</points>
		</object>
		<object>
			<coordinate>pixel</coordinate>
			<type>rectangle</type>
			<description>None</description>
			<possibleresult>
				<name>Van</name>
			</possibleresult>
			<points>
				<point>20.000029,832.999939</point>
				<point>15.448305,838.379211</point>
				<point>2.448303,827.379211</point>
				<point>7.000027,821.999939</point>
				<point>20.000029,832.999939</point>
			</points>
		</object>
		<object>
			<coordinate>pixel</coordinate>
			<type>rectangle</type>
			<description>None</description>
			<possibleresult>
				<name>Small Car</name>
			</possibleresult>
			<points>
				<point>46.054497,808.044556</point>
				<point>42.000042,813.000000</point>
				<point>30.945593,803.955444</point>
				<point>35.000050,799.000000</point>
				<point>46.054497,808.044556</point>
			</points>
		</object>
		<object>
			<coordinate>pixel</coordinate>
			<type>rectangle</type>
			<description>None</description>
			<possibleresult>
				<name>Small Car</name>
			</possibleresult>
			<points>
				<point>76.000031,785.000000</point>
				<point>72.160027,790.119995</point>
				<point>60.000019,781.000000</point>
				<point>63.840019,775.880005</point>
				<point>76.000031,785.000000</point>
			</points>
		</object>
		<object>
			<coordinate>pixel</coordinate>
			<type>rectangle</type>
			<description>None</description>
			<possibleresult>
				<name>Van</name>
			</possibleresult>
			<points>
				<point>233.000031,833.000000</point>
				<point>228.525879,840.321289</point>
				<point>210.000031,829.000000</point>
				<point>214.474182,821.678711</point>
				<point>233.000031,833.000000</point>
			</points>
		</object>
		<object>
			<coordinate>pixel</coordinate>
			<type>rectangle</type>
			<description>None</description>
			<possibleresult>
				<name>Van</name>
			</possibleresult>
			<points>
				<point>295.260132,853.190796</point>
				<point>291.000000,859.000000</point>
				<point>275.739868,847.809204</point>
				<point>280.000000,842.000000</point>
				<point>295.260132,853.190796</point>
			</points>
		</object>
		<object>
			<coordinate>pixel</coordinate>
			<type>rectangle</type>
			<description>None</description>
			<possibleresult>
				<name>Van</name>
			</possibleresult>
			<points>
				<point>104.999992,936.000000</point>
				<point>93.962059,949.044800</point>
				<point>87.999992,944.000000</point>
				<point>99.037926,930.955200</point>
				<point>104.999992,936.000000</point>
			</points>
		</object>
		<object>
			<coordinate>pixel</coordinate>
			<type>rectangle</type>
			<description>None</description>
			<possibleresult>
				<name>Van</name>
			</possibleresult>
			<points>
				<point>176.999969,936.999939</point>
				<point>172.472931,943.337830</point>
				<point>158.472931,933.337830</point>
				<point>162.999969,926.999939</point>
				<point>176.999969,936.999939</point>
			</points>
		</object>
		<object>
			<coordinate>pixel</coordinate>
			<type>rectangle</type>
			<description>None</description>
			<possibleresult>
				<name>Small Car</name>
			</possibleresult>
			<points>
				<point>194.479980,949.359985</point>
				<point>190.999969,954.000000</point>
				<point>179.639984,945.479980</point>
				<point>183.119995,940.839966</point>
				<point>194.479980,949.359985</point>
			</points>
		</object>
		<object>
			<coordinate>pixel</coordinate>
			<type>rectangle</type>
			<description>None</description>
			<possibleresult>
				<name>Van</name>
			</possibleresult>
			<points>
				<point>971.526978,856.662109</point>
				<point>967.000000,863.000000</point>
				<point>953.000000,853.000000</point>
				<point>957.526978,846.662109</point>
				<point>971.526978,856.662109</point>
			</points>
		</object>
		<object>
			<coordinate>pixel</coordinate>
			<type>rectangle</type>
			<description>None</description>
			<possibleresult>
				<name>Van</name>
			</possibleresult>
			<points>
				<point>989.000061,839.000000</point>
				<point>985.096741,844.074341</point>
				<point>972.000061,834.000000</point>
				<point>975.903381,828.925659</point>
				<point>989.000061,839.000000</point>
			</points>
		</object>
		<object>
			<coordinate>pixel</coordinate>
			<type>rectangle</type>
			<description>None</description>
			<possibleresult>
				<name>Small Car</name>
			</possibleresult>
			<points>
				<point>993.628113,776.443359</point>
				<point>988.999939,783.000000</point>
				<point>971.371765,770.556641</point>
				<point>975.999939,764.000000</point>
				<point>993.628113,776.443359</point>
			</points>
		</object>
		<object>
			<coordinate>pixel</coordinate>
			<type>rectangle</type>
			<description>None</description>
			<possibleresult>
				<name>Small Car</name>
			</possibleresult>
			<points>
				<point>549.734009,704.285034</point>
				<point>535.734009,719.285034</point>
				<point>529.000000,713.000000</point>
				<point>543.000000,698.000000</point>
				<point>549.734009,704.285034</point>
			</points>
		</object>
		<object>
			<coordinate>pixel</coordinate>
			<type>rectangle</type>
			<description>None</description>
			<possibleresult>
				<name>Van</name>
			</possibleresult>
			<points>
				<point>945.000000,485.000000</point>
				<point>941.179810,491.112366</point>
				<point>925.000000,481.000000</point>
				<point>928.820190,474.887634</point>
				<point>945.000000,485.000000</point>
			</points>
		</object>
		<object>
			<coordinate>pixel</coordinate>
			<type>rectangle</type>
			<description>None</description>
			<possibleresult>
				<name>Van</name>
			</possibleresult>
			<points>
				<point>968.000061,501.000061</point>
				<point>964.160095,506.120056</point>
				<point>948.000061,494.000061</point>
				<point>951.840027,488.880066</point>
				<point>968.000061,501.000061</point>
			</points>
		</object>
		<object>
			<coordinate>pixel</coordinate>
			<type>rectangle</type>
			<description>None</description>
			<possibleresult>
				<name>Excavator</name>
			</possibleresult>
			<points>
				<point>147.000000,181.000031</point>
				<point>126.000000,205.000031</point>
				<point>112.690269,193.354004</point>
				<point>133.690277,169.354004</point>
				<point>147.000000,181.000031</point>
			</points>
		</object>
		<object>
			<coordinate>pixel</coordinate>
			<type>rectangle</type>
			<description>None</description>
			<possibleresult>
				<name>Excavator</name>
			</possibleresult>
			<points>
				<point>57.012207,251.366272</point>
				<point>38.000000,252.000000</point>
				<point>37.000000,222.000000</point>
				<point>56.012207,221.366272</point>
				<point>57.012207,251.366272</point>
			</points>
		</object>
		<object>
			<coordinate>pixel</coordinate>
			<type>rectangle</type>
			<description>None</description>
			<possibleresult>
				<name>Excavator</name>
			</possibleresult>
			<points>
				<point>143.000000,224.000015</point>
				<point>142.036835,237.002731</point>
				<point>115.000000,235.000015</point>
				<point>115.963165,221.997299</point>
				<point>143.000000,224.000015</point>
			</points>
		</object>
		<object>
			<coordinate>pixel</coordinate>
			<type>rectangle</type>
			<description>None</description>
			<possibleresult>
				<name>Dump Truck</name>
			</possibleresult>
			<points>
				<point>84.000000,262.000000</point>
				<point>51.000000,266.000000</point>
				<point>49.671494,255.039810</point>
				<point>82.671494,251.039795</point>
				<point>84.000000,262.000000</point>
			</points>
		</object>
		<object>
			<coordinate>pixel</coordinate>
			<type>rectangle</type>
			<description>None</description>
			<possibleresult>
				<name>Excavator</name>
			</possibleresult>
			<points>
				<point>104.448273,259.379333</point>
				<point>98.000000,267.000000</point>
				<point>85.000000,256.000000</point>
				<point>91.448273,248.379333</point>
				<point>104.448273,259.379333</point>
			</points>
		</object>
		<object>
			<coordinate>pixel</coordinate>
			<type>rectangle</type>
			<description>None</description>
			<possibleresult>
				<name>Small Car</name>
			</possibleresult>
			<points>
				<point>271.000000,-0.000000</point>
				<point>257.000000,13.000006</point>
				<point>250.731506,6.249322</point>
				<point>257.461548,0.000000</point>
				<point>271.000000,-0.000000</point>
			</points>
		</object>
		<object>
			<coordinate>pixel</coordinate>
			<type>rectangle</type>
			<description>None</description>
			<possibleresult>
				<name>Cargo Truck</name>
			</possibleresult>
			<points>
				<point>776.500000,266.499969</point>
				<point>763.000000,279.999969</point>
				<point>755.000000,271.999969</point>
				<point>768.500000,258.499969</point>
				<point>776.500000,266.499969</point>
			</points>
		</object>
		<object>
			<coordinate>pixel</coordinate>
			<type>rectangle</type>
			<description>None</description>
			<possibleresult>
				<name>Cargo Truck</name>
			</possibleresult>
			<points>
				<point>789.423584,270.494171</point>
				<point>775.423584,282.494171</point>
				<point>769.000000,275.000031</point>
				<point>783.000000,263.000031</point>
				<point>789.423584,270.494171</point>
			</points>
		</object>
		<object>
			<coordinate>pixel</coordinate>
			<type>rectangle</type>
			<description>None</description>
			<possibleresult>
				<name>Cargo Truck</name>
			</possibleresult>
			<points>
				<point>744.441406,282.503387</point>
				<point>728.441406,300.503387</point>
				<point>720.000000,292.999969</point>
				<point>736.000000,274.999969</point>
				<point>744.441406,282.503387</point>
			</points>
		</object>
		<object>
			<coordinate>pixel</coordinate>
			<type>rectangle</type>
			<description>None</description>
			<possibleresult>
				<name>Cargo Truck</name>
			</possibleresult>
			<points>
				<point>752.247864,147.716827</point>
				<point>744.752258,156.283203</point>
				<point>724.504456,138.566376</point>
				<point>732.000061,130.000000</point>
				<point>752.247864,147.716827</point>
			</points>
		</object>
		<object>
			<coordinate>pixel</coordinate>
			<type>rectangle</type>
			<description>None</description>
			<possibleresult>
				<name>Cargo Truck</name>
			</possibleresult>
			<points>
				<point>743.000000,157.000000</point>
				<point>736.576416,164.494110</point>
				<point>715.000000,146.000000</point>
				<point>721.423584,138.505890</point>
				<point>743.000000,157.000000</point>
			</points>
		</object>
		<object>
			<coordinate>pixel</coordinate>
			<type>rectangle</type>
			<description>None</description>
			<possibleresult>
				<name>Van</name>
			</possibleresult>
			<points>
				<point>782.320679,161.299255</point>
				<point>777.000000,166.999969</point>
				<point>761.679321,152.700684</point>
				<point>767.000000,146.999969</point>
				<point>782.320679,161.299255</point>
			</points>
		</object>
		<object>
			<coordinate>pixel</coordinate>
			<type>rectangle</type>
			<description>None</description>
			<possibleresult>
				<name>Van</name>
			</possibleresult>
			<points>
				<point>763.237854,112.173004</point>
				<point>759.000061,118.000031</point>
				<point>747.762268,109.827057</point>
				<point>752.000061,104.000031</point>
				<point>763.237854,112.173004</point>
			</points>
		</object>
		<object>
			<coordinate>pixel</coordinate>
			<type>rectangle</type>
			<description>None</description>
			<possibleresult>
				<name>Dump Truck</name>
			</possibleresult>
			<points>
				<point>758.484680,117.376938</point>
				<point>751.484680,126.376938</point>
				<point>733.000061,112.000015</point>
				<point>740.000061,103.000015</point>
				<point>758.484680,117.376938</point>
			</points>
		</object>
		<object>
			<coordinate>pixel</coordinate>
			<type>rectangle</type>
			<description>None</description>
			<possibleresult>
				<name>Small Car</name>
			</possibleresult>
			<points>
				<point>911.000000,384.000000</point>
				<point>902.000000,384.000000</point>
				<point>902.000000,370.000000</point>
				<point>911.000000,370.000000</point>
				<point>911.000000,384.000000</point>
			</points>
		</object>
		<object>
			<coordinate>pixel</coordinate>
			<type>rectangle</type>
			<description>None</description>
			<possibleresult>
				<name>Small Car</name>
			</possibleresult>
			<points>
				<point>941.000122,350.000031</point>
				<point>935.328857,365.123322</point>
				<point>927.328857,362.123322</point>
				<point>933.000122,347.000031</point>
				<point>941.000122,350.000031</point>
			</points>
		</object>
		<object>
			<coordinate>pixel</coordinate>
			<type>rectangle</type>
			<description>None</description>
			<possibleresult>
				<name>Small Car</name>
			</possibleresult>
			<points>
				<point>953.999939,335.000061</point>
				<point>943.662048,349.473022</point>
				<point>935.999939,344.000061</point>
				<point>946.337830,329.527100</point>
				<point>953.999939,335.000061</point>
			</points>
		</object>
		<object>
			<coordinate>pixel</coordinate>
			<type>rectangle</type>
			<description>None</description>
			<possibleresult>
				<name>Small Car</name>
			</possibleresult>
			<points>
				<point>971.967041,319.038055</point>
				<point>958.967041,334.038055</point>
				<point>952.000000,327.999969</point>
				<point>965.000000,312.999969</point>
				<point>971.967041,319.038055</point>
			</points>
		</object>
		<object>
			<coordinate>pixel</coordinate>
			<type>rectangle</type>
			<description>None</description>
			<possibleresult>
				<name>Small Car</name>
			</possibleresult>
			<points>
				<point>985.707275,303.365845</point>
				<point>973.707275,318.365845</point>
				<point>967.000000,313.000000</point>
				<point>979.000000,298.000000</point>
				<point>985.707275,303.365845</point>
			</points>
		</object>
		<object>
			<coordinate>pixel</coordinate>
			<type>rectangle</type>
			<description>None</description>
			<possibleresult>
				<name>Small Car</name>
			</possibleresult>
			<points>
				<point>496.082306,374.929352</point>
				<point>481.999969,386.999969</point>
				<point>476.917633,381.070587</point>
				<point>490.999969,368.999969</point>
				<point>496.082306,374.929352</point>
			</points>
		</object>
		<object>
			<coordinate>pixel</coordinate>
			<type>rectangle</type>
			<description>None</description>
			<possibleresult>
				<name>Small Car</name>
			</possibleresult>
			<points>
				<point>1000.000000,283.999939</point>
				<point>1000.000000,288.000183</point>
				<point>991.000122,297.000061</point>
				<point>985.000122,291.000061</point>
				<point>1000.000000,283.999939</point>
			</points>
		</object>
		<object>
			<coordinate>pixel</coordinate>
			<type>rectangle</type>
			<description>None</description>
			<possibleresult>
				<name>Small Car</name>
			</possibleresult>
			<points>
				<point>809.999939,361.000000</point>
				<point>805.999939,367.000000</point>
				<point>787.999939,355.000000</point>
				<point>791.999939,349.000000</point>
				<point>809.999939,361.000000</point>
			</points>
		</object>
		<object>
			<coordinate>pixel</coordinate>
			<type>rectangle</type>
			<description>None</description>
			<possibleresult>
				<name>Small Car</name>
			</possibleresult>
			<points>
				<point>942.000000,413.000031</point>
				<point>938.192627,421.090668</point>
				<point>921.000000,413.000031</point>
				<point>924.807373,404.909393</point>
				<point>942.000000,413.000031</point>
			</points>
		</object>
		<object>
			<coordinate>pixel</coordinate>
			<type>rectangle</type>
			<description>None</description>
			<possibleresult>
				<name>Small Car</name>
			</possibleresult>
			<points>
				<point>952.999878,401.999939</point>
				<point>951.999878,408.999939</point>
				<point>930.999878,405.999939</point>
				<point>931.999878,398.999939</point>
				<point>952.999878,401.999939</point>
			</points>
		</object>
		<object>
			<coordinate>pixel</coordinate>
			<type>rectangle</type>
			<description>None</description>
			<possibleresult>
				<name>Small Car</name>
			</possibleresult>
			<points>
				<point>961.319580,396.030945</point>
				<point>939.319580,397.030945</point>
				<point>939.000000,390.000000</point>
				<point>961.000000,389.000000</point>
				<point>961.319580,396.030945</point>
			</points>
		</object>
		<object>
			<coordinate>pixel</coordinate>
			<type>rectangle</type>
			<description>None</description>
			<possibleresult>
				<name>Small Car</name>
			</possibleresult>
			<points>
				<point>967.000122,419.999969</point>
				<point>950.103516,427.241364</point>
				<point>947.103516,420.241364</point>
				<point>964.000122,412.999969</point>
				<point>967.000122,419.999969</point>
			</points>
		</object>
		<object>
			<coordinate>pixel</coordinate>
			<type>rectangle</type>
			<description>None</description>
			<possibleresult>
				<name>Small Car</name>
			</possibleresult>
			<points>
				<point>984.000122,401.999969</point>
				<point>972.000122,413.999969</point>
				<point>967.000122,408.999969</point>
				<point>979.000122,396.999969</point>
				<point>984.000122,401.999969</point>
			</points>
		</object>
		<object>
			<coordinate>pixel</coordinate>
			<type>rectangle</type>
			<description>None</description>
			<possibleresult>
				<name>Small Car</name>
			</possibleresult>
			<points>
				<point>980.000000,393.000000</point>
				<point>968.750977,405.271729</point>
				<point>963.000000,400.000000</point>
				<point>974.249023,387.728271</point>
				<point>980.000000,393.000000</point>
			</points>
		</object>
		<object>
			<coordinate>pixel</coordinate>
			<type>rectangle</type>
			<description>None</description>
			<possibleresult>
				<name>Small Car</name>
			</possibleresult>
			<points>
				<point>993.000061,377.999969</point>
				<point>983.751404,388.276215</point>
				<point>979.000061,383.999969</point>
				<point>988.248718,373.723724</point>
				<point>993.000061,377.999969</point>
			</points>
		</object>
		<object>
			<coordinate>pixel</coordinate>
			<type>rectangle</type>
			<description>None</description>
			<possibleresult>
				<name>Small Car</name>
			</possibleresult>
			<points>
				<point>996.999878,359.999939</point>
				<point>985.999878,372.999939</point>
				<point>980.037842,367.955139</point>
				<point>991.037842,354.955139</point>
				<point>996.999878,359.999939</point>
			</points>
		</object>
		<object>
			<coordinate>pixel</coordinate>
			<type>rectangle</type>
			<description>None</description>
			<possibleresult>
				<name>Small Car</name>
			</possibleresult>
			<points>
				<point>999.271729,386.750885</point>
				<point>987.271729,397.750885</point>
				<point>982.000000,391.999969</point>
				<point>994.000000,380.999969</point>
				<point>999.271729,386.750885</point>
			</points>
		</object>
	</objects>
</annotation>