<?xml version="1.0" encoding="utf-8"?>
<annotation>
	<source>
		<filename>1095.tif</filename>
		<origin>GF2/GF3</origin>
	</source>
	<research>
		<version>1.0</version>
		<provider>FAIR1M</provider>
		<author>Cyber</author>
		<pluginname>FAIR1M</pluginname>
		<pluginclass>object detection</pluginclass>
		<time>2021-03</time>
	</research>
	<size>
		<width>1000</width>
		<height>1000</height>
		<depth>3</depth>
	</size>
	<objects>
		<object>
			<coordinate>pixel</coordinate>
			<type>rectangle</type>
			<description>None</description>
			<possibleresult>
				<name>Boeing737</name>
			</possibleresult>
			<points>
				<point>693.000000,559.000000</point>
				<point>717.000000,599.000000</point>
				<point>753.000000,579.000000</point>
				<point>729.000000,538.000000</point>
				<point>693.000000,559.000000</point>
			</points>
		</object>
		<object>
			<coordinate>pixel</coordinate>
			<type>rectangle</type>
			<description>None</description>
			<possibleresult>
				<name>other-airplane</name>
			</possibleresult>
			<points>
				<point>938.000000,449.000000</point>
				<point>978.000000,423.000000</point>
				<point>956.000000,390.000000</point>
				<point>916.000000,416.000000</point>
				<point>938.000000,449.000000</point>
			</points>
		</object>
		<object>
			<coordinate>pixel</coordinate>
			<type>rectangle</type>
			<description>None</description>
			<possibleresult>
				<name>A321</name>
			</possibleresult>
			<points>
				<point>803.000000,360.000000</point>
				<point>832.000000,404.000000</point>
				<point>868.000000,379.000000</point>
				<point>839.000000,336.000000</point>
				<point>803.000000,360.000000</point>
			</points>
		</object>
		<object>
			<coordinate>pixel</coordinate>
			<type>rectangle</type>
			<description>None</description>
			<possibleresult>
				<name>other-airplane</name>
			</possibleresult>
			<points>
				<point>852.000000,333.000000</point>
				<point>871.000000,368.000000</point>
				<point>908.000000,347.000000</point>
				<point>889.000000,313.000000</point>
				<point>852.000000,333.000000</point>
			</points>
		</object>
		<object>
			<coordinate>pixel</coordinate>
			<type>rectangle</type>
			<description>None</description>
			<possibleresult>
				<name>A220</name>
			</possibleresult>
			<points>
				<point>903.000000,286.000000</point>
				<point>926.000000,325.000000</point>
				<point>963.000000,304.000000</point>
				<point>940.000000,265.000000</point>
				<point>903.000000,286.000000</point>
			</points>
		</object>
		<object>
			<coordinate>pixel</coordinate>
			<type>rectangle</type>
			<description>None</description>
			<possibleresult>
				<name>Boeing737</name>
			</possibleresult>
			<points>
				<point>962.000000,255.000000</point>
				<point>986.000000,292.000000</point>
				<point>1023.000000,268.000000</point>
				<point>999.000000,230.000000</point>
				<point>962.000000,255.000000</point>
			</points>
		</object>
		<object>
			<coordinate>pixel</coordinate>
			<type>rectangle</type>
			<description>None</description>
			<possibleresult>
				<name>A220</name>
			</possibleresult>
			<points>
				<point>599.000000,80.000000</point>
				<point>647.000000,78.000000</point>
				<point>646.000000,35.000000</point>
				<point>597.000000,37.000000</point>
				<point>599.000000,80.000000</point>
			</points>
		</object>
		<object>
			<coordinate>pixel</coordinate>
			<type>rectangle</type>
			<description>None</description>
			<possibleresult>
				<name>A220</name>
			</possibleresult>
			<points>
				<point>634.000000,118.000000</point>
				<point>596.000000,149.000000</point>
				<point>623.000000,184.000000</point>
				<point>662.000000,154.000000</point>
				<point>634.000000,118.000000</point>
			</points>
		</object>
		<object>
			<coordinate>pixel</coordinate>
			<type>rectangle</type>
			<description>None</description>
			<possibleresult>
				<name>A220</name>
			</possibleresult>
			<points>
				<point>737.000000,197.000000</point>
				<point>711.000000,157.000000</point>
				<point>674.000000,181.000000</point>
				<point>701.000000,221.000000</point>
				<point>737.000000,197.000000</point>
			</points>
		</object>
		<object>
			<coordinate>pixel</coordinate>
			<type>rectangle</type>
			<description>None</description>
			<possibleresult>
				<name>A220</name>
			</possibleresult>
			<points>
				<point>868.000000,107.000000</point>
				<point>844.000000,66.000000</point>
				<point>806.000000,89.000000</point>
				<point>830.000000,130.000000</point>
				<point>868.000000,107.000000</point>
			</points>
		</object>
		<object>
			<coordinate>pixel</coordinate>
			<type>rectangle</type>
			<description>None</description>
			<possibleresult>
				<name>A220</name>
			</possibleresult>
			<points>
				<point>878.000000,105.000000</point>
				<point>916.000000,82.000000</point>
				<point>891.000000,42.000000</point>
				<point>853.000000,65.000000</point>
				<point>878.000000,105.000000</point>
			</points>
		</object>
		<object>
			<coordinate>pixel</coordinate>
			<type>rectangle</type>
			<description>None</description>
			<possibleresult>
				<name>A220</name>
			</possibleresult>
			<points>
				<point>1014.000000,24.000000</point>
				<point>987.000000,-19.000000</point>
				<point>950.000000,5.000000</point>
				<point>976.000000,47.000000</point>
				<point>1014.000000,24.000000</point>
			</points>
		</object>
	</objects>
</annotation>