<?xml version="1.0" encoding="utf-8"?>
<annotation>
	<source>
		<filename>1097.tif</filename>
		<origin>GF2/GF3</origin>
	</source>
	<research>
		<version>1.0</version>
		<provider>FAIR1M</provider>
		<author>Cyber</author>
		<pluginname>FAIR1M</pluginname>
		<pluginclass>object detection</pluginclass>
		<time>2021-03</time>
	</research>
	<size>
		<width>1500</width>
		<height>1500</height>
		<depth>3</depth>
	</size>
	<objects>
		<object>
			<coordinate>pixel</coordinate>
			<type>rectangle</type>
			<description>None</description>
			<possibleresult>
				<name>Passenger Ship</name>
			</possibleresult>
			<points>
				<point>608.000000,852.000000</point>
				<point>827.000000,491.000000</point>
				<point>746.000000,443.000000</point>
				<point>528.000000,804.000000</point>
				<point>608.000000,852.000000</point>
			</points>
		</object>
		<object>
			<coordinate>pixel</coordinate>
			<type>rectangle</type>
			<description>None</description>
			<possibleresult>
				<name>Passenger Ship</name>
			</possibleresult>
			<points>
				<point>1121.000000,796.000000</point>
				<point>718.000000,918.000000</point>
				<point>746.000000,1010.000000</point>
				<point>1149.000000,888.000000</point>
				<point>1121.000000,796.000000</point>
			</points>
		</object>
		<object>
			<coordinate>pixel</coordinate>
			<type>rectangle</type>
			<description>None</description>
			<possibleresult>
				<name>Motorboat</name>
			</possibleresult>
			<points>
				<point>618.000000,939.000000</point>
				<point>600.000000,919.000000</point>
				<point>594.000000,924.000000</point>
				<point>611.000000,945.000000</point>
				<point>618.000000,939.000000</point>
			</points>
		</object>
		<object>
			<coordinate>pixel</coordinate>
			<type>rectangle</type>
			<description>None</description>
			<possibleresult>
				<name>Motorboat</name>
			</possibleresult>
			<points>
				<point>516.000000,883.000000</point>
				<point>556.000000,929.000000</point>
				<point>566.000000,920.000000</point>
				<point>526.000000,874.000000</point>
				<point>516.000000,883.000000</point>
			</points>
		</object>
		<object>
			<coordinate>pixel</coordinate>
			<type>rectangle</type>
			<description>None</description>
			<possibleresult>
				<name>Motorboat</name>
			</possibleresult>
			<points>
				<point>606.000000,989.000000</point>
				<point>637.000000,972.000000</point>
				<point>631.000000,962.000000</point>
				<point>600.000000,978.000000</point>
				<point>606.000000,989.000000</point>
			</points>
		</object>
		<object>
			<coordinate>pixel</coordinate>
			<type>rectangle</type>
			<description>None</description>
			<possibleresult>
				<name>Motorboat</name>
			</possibleresult>
			<points>
				<point>616.000000,999.000000</point>
				<point>650.000000,981.000000</point>
				<point>644.000000,970.000000</point>
				<point>610.000000,988.000000</point>
				<point>616.000000,999.000000</point>
			</points>
		</object>
		<object>
			<coordinate>pixel</coordinate>
			<type>rectangle</type>
			<description>None</description>
			<possibleresult>
				<name>Dry Cargo Ship</name>
			</possibleresult>
			<points>
				<point>327.000000,1452.000000</point>
				<point>276.000000,1469.000000</point>
				<point>279.000000,1477.000000</point>
				<point>330.000000,1460.000000</point>
				<point>327.000000,1452.000000</point>
			</points>
		</object>
		<object>
			<coordinate>pixel</coordinate>
			<type>rectangle</type>
			<description>None</description>
			<possibleresult>
				<name>Dry Cargo Ship</name>
			</possibleresult>
			<points>
				<point>272.000000,1444.000000</point>
				<point>350.000000,1414.000000</point>
				<point>338.000000,1384.000000</point>
				<point>260.000000,1414.000000</point>
				<point>272.000000,1444.000000</point>
			</points>
		</object>
		<object>
			<coordinate>pixel</coordinate>
			<type>rectangle</type>
			<description>None</description>
			<possibleresult>
				<name>Dry Cargo Ship</name>
			</possibleresult>
			<points>
				<point>259.000000,1477.000000</point>
				<point>333.000000,1448.000000</point>
				<point>322.000000,1421.000000</point>
				<point>249.000000,1450.000000</point>
				<point>259.000000,1477.000000</point>
			</points>
		</object>
		<object>
			<coordinate>pixel</coordinate>
			<type>rectangle</type>
			<description>None</description>
			<possibleresult>
				<name>Engineering Ship</name>
			</possibleresult>
			<points>
				<point>185.000000,1358.000000</point>
				<point>294.000000,1335.000000</point>
				<point>289.000000,1310.000000</point>
				<point>180.000000,1333.000000</point>
				<point>185.000000,1358.000000</point>
			</points>
		</object>
		<object>
			<coordinate>pixel</coordinate>
			<type>rectangle</type>
			<description>None</description>
			<possibleresult>
				<name>Liquid Cargo Ship</name>
			</possibleresult>
			<points>
				<point>47.000000,1401.000000</point>
				<point>126.000000,1385.000000</point>
				<point>122.000000,1362.000000</point>
				<point>42.000000,1378.000000</point>
				<point>47.000000,1401.000000</point>
			</points>
		</object>
		<object>
			<coordinate>pixel</coordinate>
			<type>rectangle</type>
			<description>None</description>
			<possibleresult>
				<name>Liquid Cargo Ship</name>
			</possibleresult>
			<points>
				<point>113.000000,1386.000000</point>
				<point>60.000000,1397.000000</point>
				<point>63.000000,1412.000000</point>
				<point>116.000000,1401.000000</point>
				<point>113.000000,1386.000000</point>
			</points>
		</object>
		<object>
			<coordinate>pixel</coordinate>
			<type>rectangle</type>
			<description>None</description>
			<possibleresult>
				<name>Liquid Cargo Ship</name>
			</possibleresult>
			<points>
				<point>407.000000,1159.000000</point>
				<point>459.000000,1143.000000</point>
				<point>455.000000,1132.000000</point>
				<point>404.000000,1149.000000</point>
				<point>407.000000,1159.000000</point>
			</points>
		</object>
		<object>
			<coordinate>pixel</coordinate>
			<type>rectangle</type>
			<description>None</description>
			<possibleresult>
				<name>other-ship</name>
			</possibleresult>
			<points>
				<point>422.000000,1166.000000</point>
				<point>452.000000,1157.000000</point>
				<point>449.000000,1148.000000</point>
				<point>419.000000,1158.000000</point>
				<point>422.000000,1166.000000</point>
			</points>
		</object>
		<object>
			<coordinate>pixel</coordinate>
			<type>rectangle</type>
			<description>None</description>
			<possibleresult>
				<name>Dry Cargo Ship</name>
			</possibleresult>
			<points>
				<point>320.000000,1049.000000</point>
				<point>358.000000,1127.000000</point>
				<point>377.000000,1118.000000</point>
				<point>339.000000,1040.000000</point>
				<point>320.000000,1049.000000</point>
			</points>
		</object>
		<object>
			<coordinate>pixel</coordinate>
			<type>rectangle</type>
			<description>None</description>
			<possibleresult>
				<name>Dry Cargo Ship</name>
			</possibleresult>
			<points>
				<point>315.000000,1081.000000</point>
				<point>338.000000,1129.000000</point>
				<point>353.000000,1121.000000</point>
				<point>330.000000,1074.000000</point>
				<point>315.000000,1081.000000</point>
			</points>
		</object>
		<object>
			<coordinate>pixel</coordinate>
			<type>rectangle</type>
			<description>None</description>
			<possibleresult>
				<name>Dry Cargo Ship</name>
			</possibleresult>
			<points>
				<point>304.000000,1091.000000</point>
				<point>324.000000,1131.000000</point>
				<point>334.000000,1127.000000</point>
				<point>314.000000,1086.000000</point>
				<point>304.000000,1091.000000</point>
			</points>
		</object>
		<object>
			<coordinate>pixel</coordinate>
			<type>rectangle</type>
			<description>None</description>
			<possibleresult>
				<name>Dry Cargo Ship</name>
			</possibleresult>
			<points>
				<point>55.000000,1103.000000</point>
				<point>110.000000,1139.000000</point>
				<point>118.000000,1126.000000</point>
				<point>63.000000,1090.000000</point>
				<point>55.000000,1103.000000</point>
			</points>
		</object>
		<object>
			<coordinate>pixel</coordinate>
			<type>rectangle</type>
			<description>None</description>
			<possibleresult>
				<name>Dry Cargo Ship</name>
			</possibleresult>
			<points>
				<point>79.000000,1129.000000</point>
				<point>111.000000,1150.000000</point>
				<point>115.000000,1144.000000</point>
				<point>84.000000,1123.000000</point>
				<point>79.000000,1129.000000</point>
			</points>
		</object>
		<object>
			<coordinate>pixel</coordinate>
			<type>rectangle</type>
			<description>None</description>
			<possibleresult>
				<name>Dry Cargo Ship</name>
			</possibleresult>
			<points>
				<point>68.000000,1136.000000</point>
				<point>102.000000,1159.000000</point>
				<point>109.000000,1149.000000</point>
				<point>75.000000,1127.000000</point>
				<point>68.000000,1136.000000</point>
			</points>
		</object>
		<object>
			<coordinate>pixel</coordinate>
			<type>rectangle</type>
			<description>None</description>
			<possibleresult>
				<name>Dry Cargo Ship</name>
			</possibleresult>
			<points>
				<point>-14.000000,1189.000000</point>
				<point>54.000000,1213.000000</point>
				<point>61.000000,1192.000000</point>
				<point>-6.000000,1168.000000</point>
				<point>-14.000000,1189.000000</point>
			</points>
		</object>
		<object>
			<coordinate>pixel</coordinate>
			<type>rectangle</type>
			<description>None</description>
			<possibleresult>
				<name>Motorboat</name>
			</possibleresult>
			<points>
				<point>5.000000,1121.000000</point>
				<point>27.000000,1147.000000</point>
				<point>34.000000,1142.000000</point>
				<point>11.000000,1116.000000</point>
				<point>5.000000,1121.000000</point>
			</points>
		</object>
		<object>
			<coordinate>pixel</coordinate>
			<type>rectangle</type>
			<description>None</description>
			<possibleresult>
				<name>Motorboat</name>
			</possibleresult>
			<points>
				<point>-2.000000,1127.000000</point>
				<point>17.000000,1149.000000</point>
				<point>22.000000,1144.000000</point>
				<point>3.000000,1122.000000</point>
				<point>-2.000000,1127.000000</point>
			</points>
		</object>
		<object>
			<coordinate>pixel</coordinate>
			<type>rectangle</type>
			<description>None</description>
			<possibleresult>
				<name>Dry Cargo Ship</name>
			</possibleresult>
			<points>
				<point>3.000000,1290.000000</point>
				<point>26.000000,1260.000000</point>
				<point>18.000000,1254.000000</point>
				<point>-5.000000,1283.000000</point>
				<point>3.000000,1290.000000</point>
			</points>
		</object>
		<object>
			<coordinate>pixel</coordinate>
			<type>rectangle</type>
			<description>None</description>
			<possibleresult>
				<name>Dry Cargo Ship</name>
			</possibleresult>
			<points>
				<point>13.000000,1165.000000</point>
				<point>35.000000,1149.000000</point>
				<point>29.000000,1140.000000</point>
				<point>7.000000,1156.000000</point>
				<point>13.000000,1165.000000</point>
			</points>
		</object>
	</objects>
</annotation>