<?xml version="1.0" encoding="utf-8"?>
<annotation>
	<source>
		<filename>1098.tif</filename>
		<origin>GF2/GF3</origin>
	</source>
	<research>
		<version>1.0</version>
		<provider>FAIR1M</provider>
		<author>Cyber</author>
		<pluginname>FAIR1M</pluginname>
		<pluginclass>object detection</pluginclass>
		<time>2021-03</time>
	</research>
	<size>
		<width>1000</width>
		<height>1000</height>
		<depth>3</depth>
	</size>
	<objects>
		<object>
			<coordinate>pixel</coordinate>
			<type>rectangle</type>
			<description>None</description>
			<possibleresult>
				<name>Van</name>
			</possibleresult>
			<points>
				<point>401.000031,801.000061</point>
				<point>394.200043,804.400085</point>
				<point>386.200043,788.400085</point>
				<point>393.000031,785.000061</point>
				<point>401.000031,801.000061</point>
			</points>
		</object>
		<object>
			<coordinate>pixel</coordinate>
			<type>rectangle</type>
			<description>None</description>
			<possibleresult>
				<name>Van</name>
			</possibleresult>
			<points>
				<point>409.155121,797.362000</point>
				<point>402.999969,799.999939</point>
				<point>396.844818,785.637878</point>
				<point>402.999969,782.999939</point>
				<point>409.155121,797.362000</point>
			</points>
		</object>
		<object>
			<coordinate>pixel</coordinate>
			<type>rectangle</type>
			<description>None</description>
			<possibleresult>
				<name>other-vehicle</name>
			</possibleresult>
			<points>
				<point>423.000061,795.000122</point>
				<point>416.200073,798.400146</point>
				<point>408.000061,782.000122</point>
				<point>414.800049,778.600098</point>
				<point>423.000061,795.000122</point>
			</points>
		</object>
		<object>
			<coordinate>pixel</coordinate>
			<type>rectangle</type>
			<description>None</description>
			<possibleresult>
				<name>Van</name>
			</possibleresult>
			<points>
				<point>448.999969,828.999939</point>
				<point>435.809723,835.087708</point>
				<point>432.999969,828.999939</point>
				<point>446.190216,822.912170</point>
				<point>448.999969,828.999939</point>
			</points>
		</object>
		<object>
			<coordinate>pixel</coordinate>
			<type>rectangle</type>
			<description>None</description>
			<possibleresult>
				<name>other-vehicle</name>
			</possibleresult>
			<points>
				<point>457.000000,837.000000</point>
				<point>438.420898,844.225220</point>
				<point>436.000000,838.000000</point>
				<point>454.579102,830.774780</point>
				<point>457.000000,837.000000</point>
			</points>
		</object>
		<object>
			<coordinate>pixel</coordinate>
			<type>rectangle</type>
			<description>None</description>
			<possibleresult>
				<name>other-vehicle</name>
			</possibleresult>
			<points>
				<point>463.000061,846.000061</point>
				<point>442.510071,853.171570</point>
				<point>440.000061,846.000061</point>
				<point>460.490051,838.828552</point>
				<point>463.000061,846.000061</point>
			</points>
		</object>
		<object>
			<coordinate>pixel</coordinate>
			<type>rectangle</type>
			<description>None</description>
			<possibleresult>
				<name>Van</name>
			</possibleresult>
			<points>
				<point>463.900055,856.700012</point>
				<point>451.000031,861.000061</point>
				<point>449.000031,855.000061</point>
				<point>461.900055,850.700012</point>
				<point>463.900055,856.700012</point>
			</points>
		</object>
		<object>
			<coordinate>pixel</coordinate>
			<type>rectangle</type>
			<description>None</description>
			<possibleresult>
				<name>other-vehicle</name>
			</possibleresult>
			<points>
				<point>470.240784,863.886780</point>
				<point>453.240784,871.886780</point>
				<point>450.000000,865.000061</point>
				<point>467.000000,857.000061</point>
				<point>470.240784,863.886780</point>
			</points>
		</object>
		<object>
			<coordinate>pixel</coordinate>
			<type>rectangle</type>
			<description>None</description>
			<possibleresult>
				<name>Van</name>
			</possibleresult>
			<points>
				<point>394.126709,872.954773</point>
				<point>380.000000,878.000061</point>
				<point>377.873291,872.045349</point>
				<point>392.000000,867.000061</point>
				<point>394.126709,872.954773</point>
			</points>
		</object>
		<object>
			<coordinate>pixel</coordinate>
			<type>rectangle</type>
			<description>None</description>
			<possibleresult>
				<name>Van</name>
			</possibleresult>
			<points>
				<point>418.000000,910.000061</point>
				<point>402.000000,916.000061</point>
				<point>399.657532,909.753479</point>
				<point>415.657532,903.753479</point>
				<point>418.000000,910.000061</point>
			</points>
		</object>
		<object>
			<coordinate>pixel</coordinate>
			<type>rectangle</type>
			<description>None</description>
			<possibleresult>
				<name>Van</name>
			</possibleresult>
			<points>
				<point>423.126770,918.954773</point>
				<point>409.000061,924.000061</point>
				<point>406.873352,918.045349</point>
				<point>421.000061,913.000061</point>
				<point>423.126770,918.954773</point>
			</points>
		</object>
		<object>
			<coordinate>pixel</coordinate>
			<type>rectangle</type>
			<description>None</description>
			<possibleresult>
				<name>Van</name>
			</possibleresult>
			<points>
				<point>445.999969,955.999878</point>
				<point>432.999969,961.999878</point>
				<point>430.365814,956.292603</point>
				<point>443.365814,950.292603</point>
				<point>445.999969,955.999878</point>
			</points>
		</object>
		<object>
			<coordinate>pixel</coordinate>
			<type>rectangle</type>
			<description>None</description>
			<possibleresult>
				<name>Tractor</name>
			</possibleresult>
			<points>
				<point>317.000000,931.000061</point>
				<point>302.200012,938.400085</point>
				<point>299.200012,932.400085</point>
				<point>314.000000,925.000061</point>
				<point>317.000000,931.000061</point>
			</points>
		</object>
	</objects>
</annotation>