<?xml version="1.0" encoding="utf-8"?>
<annotation>
	<source>
		<filename>1102.tif</filename>
		<origin>GF2/GF3</origin>
	</source>
	<research>
		<version>1.0</version>
		<provider>FAIR1M</provider>
		<author>Cyber</author>
		<pluginname>FAIR1M</pluginname>
		<pluginclass>object detection</pluginclass>
		<time>2021-03</time>
	</research>
	<size>
		<width>1500</width>
		<height>1500</height>
		<depth>3</depth>
	</size>
	<objects>
		<object>
			<coordinate>pixel</coordinate>
			<type>rectangle</type>
			<description>None</description>
			<possibleresult>
				<name>Motorboat</name>
			</possibleresult>
			<points>
				<point>1414.000000,129.000000</point>
				<point>1440.000000,116.000000</point>
				<point>1437.000000,109.000000</point>
				<point>1411.000000,122.000000</point>
				<point>1414.000000,129.000000</point>
			</points>
		</object>
		<object>
			<coordinate>pixel</coordinate>
			<type>rectangle</type>
			<description>None</description>
			<possibleresult>
				<name>Motorboat</name>
			</possibleresult>
			<points>
				<point>1361.000000,150.000000</point>
				<point>1378.000000,121.000000</point>
				<point>1368.000000,114.000000</point>
				<point>1350.000000,143.000000</point>
				<point>1361.000000,150.000000</point>
			</points>
		</object>
		<object>
			<coordinate>pixel</coordinate>
			<type>rectangle</type>
			<description>None</description>
			<possibleresult>
				<name>other-ship</name>
			</possibleresult>
			<points>
				<point>1223.000000,216.000000</point>
				<point>1230.000000,236.000000</point>
				<point>1244.000000,231.000000</point>
				<point>1237.000000,211.000000</point>
				<point>1223.000000,216.000000</point>
			</points>
		</object>
	</objects>
</annotation>