<?xml version="1.0" encoding="utf-8"?>
<annotation>
	<source>
		<filename>1107.tif</filename>
		<origin>GF2/GF3</origin>
	</source>
	<research>
		<version>1.0</version>
		<provider>FAIR1M</provider>
		<author>Cyber</author>
		<pluginname>FAIR1M</pluginname>
		<pluginclass>object detection</pluginclass>
		<time>2021-03</time>
	</research>
	<size>
		<width>1000</width>
		<height>1000</height>
		<depth>3</depth>
	</size>
	<objects>
		<object>
			<coordinate>pixel</coordinate>
			<type>rectangle</type>
			<description>None</description>
			<possibleresult>
				<name>Cargo Truck</name>
			</possibleresult>
			<points>
				<point>981.383667,984.759033</point>
				<point>957.111023,1000.000000</point>
				<point>931.000061,1000.000000</point>
				<point>974.000000,972.999878</point>
				<point>981.383667,984.759033</point>
			</points>
		</object>
		<object>
			<coordinate>pixel</coordinate>
			<type>rectangle</type>
			<description>None</description>
			<possibleresult>
				<name>Van</name>
			</possibleresult>
			<points>
				<point>997.006897,77.057999</point>
				<point>995.000061,59.999989</point>
				<point>1000.000061,59.411758</point>
				<point>1002.006897,76.469772</point>
				<point>997.006897,77.057999</point>
			</points>
		</object>
		<object>
			<coordinate>pixel</coordinate>
			<type>rectangle</type>
			<description>None</description>
			<possibleresult>
				<name>Small Car</name>
			</possibleresult>
			<points>
				<point>994.935242,79.589172</point>
				<point>986.000061,80.999985</point>
				<point>983.000061,61.999985</point>
				<point>991.935242,60.589172</point>
				<point>994.935242,79.589172</point>
			</points>
		</object>
		<object>
			<coordinate>pixel</coordinate>
			<type>rectangle</type>
			<description>None</description>
			<possibleresult>
				<name>Cargo Truck</name>
			</possibleresult>
			<points>
				<point>873.371094,222.835022</point>
				<point>844.329834,235.742249</point>
				<point>839.958740,225.907196</point>
				<point>869.000000,212.999969</point>
				<point>873.371094,222.835022</point>
			</points>
		</object>
		<object>
			<coordinate>pixel</coordinate>
			<type>rectangle</type>
			<description>None</description>
			<possibleresult>
				<name>Dump Truck</name>
			</possibleresult>
			<points>
				<point>806.365540,262.562378</point>
				<point>797.999939,268.000000</point>
				<point>784.999939,248.000000</point>
				<point>793.365540,242.562378</point>
				<point>806.365540,262.562378</point>
			</points>
		</object>
		<object>
			<coordinate>pixel</coordinate>
			<type>rectangle</type>
			<description>None</description>
			<possibleresult>
				<name>Small Car</name>
			</possibleresult>
			<points>
				<point>759.000061,270.000000</point>
				<point>751.153870,275.230774</point>
				<point>741.153870,260.230774</point>
				<point>749.000061,255.000000</point>
				<point>759.000061,270.000000</point>
			</points>
		</object>
		<object>
			<coordinate>pixel</coordinate>
			<type>rectangle</type>
			<description>None</description>
			<possibleresult>
				<name>Small Car</name>
			</possibleresult>
			<points>
				<point>725.137268,281.223145</point>
				<point>718.999939,284.999939</point>
				<point>710.862610,271.776733</point>
				<point>716.999939,267.999939</point>
				<point>725.137268,281.223145</point>
			</points>
		</object>
		<object>
			<coordinate>pixel</coordinate>
			<type>rectangle</type>
			<description>None</description>
			<possibleresult>
				<name>Small Car</name>
			</possibleresult>
			<points>
				<point>670.000000,302.000031</point>
				<point>662.183594,305.419708</point>
				<point>655.000000,289.000031</point>
				<point>662.816406,285.580353</point>
				<point>670.000000,302.000031</point>
			</points>
		</object>
		<object>
			<coordinate>pixel</coordinate>
			<type>rectangle</type>
			<description>None</description>
			<possibleresult>
				<name>Dump Truck</name>
			</possibleresult>
			<points>
				<point>633.000061,318.000000</point>
				<point>625.153625,324.194519</point>
				<point>610.000061,305.000000</point>
				<point>617.846497,298.805481</point>
				<point>633.000061,318.000000</point>
			</points>
		</object>
		<object>
			<coordinate>pixel</coordinate>
			<type>rectangle</type>
			<description>None</description>
			<possibleresult>
				<name>Small Car</name>
			</possibleresult>
			<points>
				<point>537.200012,346.400085</point>
				<point>530.000061,350.000061</point>
				<point>522.000061,334.000061</point>
				<point>529.200012,330.400085</point>
				<point>537.200012,346.400085</point>
			</points>
		</object>
		<object>
			<coordinate>pixel</coordinate>
			<type>rectangle</type>
			<description>None</description>
			<possibleresult>
				<name>Small Car</name>
			</possibleresult>
			<points>
				<point>-0.000012,586.529419</point>
				<point>-3.175079,575.733765</point>
				<point>0.000083,574.799927</point>
				<point>3.175151,585.595581</point>
				<point>-0.000012,586.529419</point>
			</points>
		</object>
	</objects>
</annotation>