<?xml version="1.0" encoding="utf-8"?>
<annotation>
	<source>
		<filename>1109.tif</filename>
		<origin>GF2/GF3</origin>
	</source>
	<research>
		<version>1.0</version>
		<provider>FAIR1M</provider>
		<author>Cyber</author>
		<pluginname>FAIR1M</pluginname>
		<pluginclass>object detection</pluginclass>
		<time>2021-03</time>
	</research>
	<size>
		<width>1000</width>
		<height>1000</height>
		<depth>3</depth>
	</size>
	<objects>
		<object>
			<coordinate>pixel</coordinate>
			<type>rectangle</type>
			<description>None</description>
			<possibleresult>
				<name>other-airplane</name>
			</possibleresult>
			<points>
				<point>341.000000,103.000000</point>
				<point>235.000000,156.000000</point>
				<point>281.000000,248.000000</point>
				<point>387.000000,195.000000</point>
				<point>341.000000,103.000000</point>
			</points>
		</object>
		<object>
			<coordinate>pixel</coordinate>
			<type>rectangle</type>
			<description>None</description>
			<possibleresult>
				<name>Boeing747</name>
			</possibleresult>
			<points>
				<point>401.000000,211.000000</point>
				<point>286.000000,268.000000</point>
				<point>331.000000,357.000000</point>
				<point>445.000000,300.000000</point>
				<point>401.000000,211.000000</point>
			</points>
		</object>
		<object>
			<coordinate>pixel</coordinate>
			<type>rectangle</type>
			<description>None</description>
			<possibleresult>
				<name>other-airplane</name>
			</possibleresult>
			<points>
				<point>535.000000,431.000000</point>
				<point>565.000000,494.000000</point>
				<point>619.000000,469.000000</point>
				<point>588.000000,406.000000</point>
				<point>535.000000,431.000000</point>
			</points>
		</object>
	</objects>
</annotation>