<?xml version="1.0" encoding="utf-8"?>
<annotation>
	<source>
		<filename>1111.tif</filename>
		<origin>GF2/GF3</origin>
	</source>
	<research>
		<version>1.0</version>
		<provider>FAIR1M</provider>
		<author>Cyber</author>
		<pluginname>FAIR1M</pluginname>
		<pluginclass>object detection</pluginclass>
		<time>2021-03</time>
	</research>
	<size>
		<width>1000</width>
		<height>1000</height>
		<depth>3</depth>
	</size>
	<objects>
		<object>
			<coordinate>pixel</coordinate>
			<type>rectangle</type>
			<description>None</description>
			<possibleresult>
				<name>Cargo Truck</name>
			</possibleresult>
			<points>
				<point>484.272949,774.201111</point>
				<point>480.000061,780.000061</point>
				<point>461.000061,766.000061</point>
				<point>465.272949,760.201111</point>
				<point>484.272949,774.201111</point>
			</points>
		</object>
		<object>
			<coordinate>pixel</coordinate>
			<type>rectangle</type>
			<description>None</description>
			<possibleresult>
				<name>Cargo Truck</name>
			</possibleresult>
			<points>
				<point>494.134216,765.094055</point>
				<point>490.000000,771.000061</point>
				<point>469.865784,756.906067</point>
				<point>474.000000,751.000061</point>
				<point>494.134216,765.094055</point>
			</points>
		</object>
		<object>
			<coordinate>pixel</coordinate>
			<type>rectangle</type>
			<description>None</description>
			<possibleresult>
				<name>Small Car</name>
			</possibleresult>
			<points>
				<point>401.000000,938.000000</point>
				<point>392.000000,938.000000</point>
				<point>392.000000,922.000000</point>
				<point>401.000000,922.000000</point>
				<point>401.000000,938.000000</point>
			</points>
		</object>
		<object>
			<coordinate>pixel</coordinate>
			<type>rectangle</type>
			<description>None</description>
			<possibleresult>
				<name>Dump Truck</name>
			</possibleresult>
			<points>
				<point>466.000031,732.000000</point>
				<point>465.360687,739.032837</point>
				<point>443.000031,737.000000</point>
				<point>443.639374,729.967163</point>
				<point>466.000031,732.000000</point>
			</points>
		</object>
		<object>
			<coordinate>pixel</coordinate>
			<type>rectangle</type>
			<description>None</description>
			<possibleresult>
				<name>Van</name>
			</possibleresult>
			<points>
				<point>479.449829,722.029053</point>
				<point>479.000061,729.000000</point>
				<point>447.550293,726.970947</point>
				<point>448.000061,720.000000</point>
				<point>479.449829,722.029053</point>
			</points>
		</object>
		<object>
			<coordinate>pixel</coordinate>
			<type>rectangle</type>
			<description>None</description>
			<possibleresult>
				<name>Van</name>
			</possibleresult>
			<points>
				<point>488.242310,719.026123</point>
				<point>459.242310,720.026123</point>
				<point>459.000000,713.000000</point>
				<point>488.000000,712.000000</point>
				<point>488.242310,719.026123</point>
			</points>
		</object>
		<object>
			<coordinate>pixel</coordinate>
			<type>rectangle</type>
			<description>None</description>
			<possibleresult>
				<name>Van</name>
			</possibleresult>
			<points>
				<point>486.000000,711.000000</point>
				<point>468.000000,711.000000</point>
				<point>468.000000,704.000000</point>
				<point>486.000000,704.000000</point>
				<point>486.000000,711.000000</point>
			</points>
		</object>
		<object>
			<coordinate>pixel</coordinate>
			<type>rectangle</type>
			<description>None</description>
			<possibleresult>
				<name>Small Car</name>
			</possibleresult>
			<points>
				<point>485.349121,701.982605</point>
				<point>465.000000,703.000061</point>
				<point>464.650879,696.017517</point>
				<point>485.000000,695.000061</point>
				<point>485.349121,701.982605</point>
			</points>
		</object>
		<object>
			<coordinate>pixel</coordinate>
			<type>rectangle</type>
			<description>None</description>
			<possibleresult>
				<name>Small Car</name>
			</possibleresult>
			<points>
				<point>487.000000,692.000000</point>
				<point>465.000000,692.000000</point>
				<point>465.000000,685.000000</point>
				<point>487.000000,685.000000</point>
				<point>487.000000,692.000000</point>
			</points>
		</object>
		<object>
			<coordinate>pixel</coordinate>
			<type>rectangle</type>
			<description>None</description>
			<possibleresult>
				<name>Van</name>
			</possibleresult>
			<points>
				<point>439.000031,681.000061</point>
				<point>431.031158,681.498108</point>
				<point>430.000031,665.000061</point>
				<point>437.968903,664.502014</point>
				<point>439.000031,681.000061</point>
			</points>
		</object>
		<object>
			<coordinate>pixel</coordinate>
			<type>rectangle</type>
			<description>None</description>
			<possibleresult>
				<name>Van</name>
			</possibleresult>
			<points>
				<point>428.031006,681.527588</point>
				<point>420.000000,682.000000</point>
				<point>418.968994,664.472412</point>
				<point>427.000000,664.000000</point>
				<point>428.031006,681.527588</point>
			</points>
		</object>
		<object>
			<coordinate>pixel</coordinate>
			<type>rectangle</type>
			<description>None</description>
			<possibleresult>
				<name>Dump Truck</name>
			</possibleresult>
			<points>
				<point>417.000000,683.000000</point>
				<point>407.000000,684.000000</point>
				<point>405.098999,664.990112</point>
				<point>415.098999,663.990112</point>
				<point>417.000000,683.000000</point>
			</points>
		</object>
		<object>
			<coordinate>pixel</coordinate>
			<type>rectangle</type>
			<description>None</description>
			<possibleresult>
				<name>Small Car</name>
			</possibleresult>
			<points>
				<point>405.030426,686.577332</point>
				<point>397.000031,686.999939</point>
				<point>395.969635,667.422546</point>
				<point>404.000031,666.999939</point>
				<point>405.030426,686.577332</point>
			</points>
		</object>
		<object>
			<coordinate>pixel</coordinate>
			<type>rectangle</type>
			<description>None</description>
			<possibleresult>
				<name>Small Car</name>
			</possibleresult>
			<points>
				<point>392.000000,683.000000</point>
				<point>383.000000,683.000000</point>
				<point>383.000000,668.000000</point>
				<point>392.000000,668.000000</point>
				<point>392.000000,683.000000</point>
			</points>
		</object>
		<object>
			<coordinate>pixel</coordinate>
			<type>rectangle</type>
			<description>None</description>
			<possibleresult>
				<name>Van</name>
			</possibleresult>
			<points>
				<point>381.000000,685.000000</point>
				<point>371.000000,685.000000</point>
				<point>371.000000,667.000000</point>
				<point>381.000000,667.000000</point>
				<point>381.000000,685.000000</point>
			</points>
		</object>
		<object>
			<coordinate>pixel</coordinate>
			<type>rectangle</type>
			<description>None</description>
			<possibleresult>
				<name>Van</name>
			</possibleresult>
			<points>
				<point>370.000000,684.999939</point>
				<point>362.047058,685.611755</point>
				<point>361.000000,671.999939</point>
				<point>368.952942,671.388123</point>
				<point>370.000000,684.999939</point>
			</points>
		</object>
		<object>
			<coordinate>pixel</coordinate>
			<type>rectangle</type>
			<description>None</description>
			<possibleresult>
				<name>Small Car</name>
			</possibleresult>
			<points>
				<point>339.000000,700.000000</point>
				<point>318.000000,700.000000</point>
				<point>318.000000,693.000000</point>
				<point>339.000000,693.000000</point>
				<point>339.000000,700.000000</point>
			</points>
		</object>
		<object>
			<coordinate>pixel</coordinate>
			<type>rectangle</type>
			<description>None</description>
			<possibleresult>
				<name>Dump Truck</name>
			</possibleresult>
			<points>
				<point>338.000000,709.000000</point>
				<point>318.000000,709.000000</point>
				<point>318.000000,702.000000</point>
				<point>338.000000,702.000000</point>
				<point>338.000000,709.000000</point>
			</points>
		</object>
		<object>
			<coordinate>pixel</coordinate>
			<type>rectangle</type>
			<description>None</description>
			<possibleresult>
				<name>Van</name>
			</possibleresult>
			<points>
				<point>339.000000,719.000000</point>
				<point>318.000000,719.000000</point>
				<point>318.000000,712.000000</point>
				<point>339.000000,712.000000</point>
				<point>339.000000,719.000000</point>
			</points>
		</object>
		<object>
			<coordinate>pixel</coordinate>
			<type>rectangle</type>
			<description>None</description>
			<possibleresult>
				<name>Van</name>
			</possibleresult>
			<points>
				<point>342.000000,729.000000</point>
				<point>318.000000,729.000000</point>
				<point>318.000000,722.000000</point>
				<point>342.000000,722.000000</point>
				<point>342.000000,729.000000</point>
			</points>
		</object>
		<object>
			<coordinate>pixel</coordinate>
			<type>rectangle</type>
			<description>None</description>
			<possibleresult>
				<name>Van</name>
			</possibleresult>
			<points>
				<point>338.000000,746.000000</point>
				<point>319.000000,746.000000</point>
				<point>319.000000,738.000000</point>
				<point>338.000000,738.000000</point>
				<point>338.000000,746.000000</point>
			</points>
		</object>
		<object>
			<coordinate>pixel</coordinate>
			<type>rectangle</type>
			<description>None</description>
			<possibleresult>
				<name>Van</name>
			</possibleresult>
			<points>
				<point>342.314941,749.016602</point>
				<point>342.000000,755.000000</point>
				<point>322.685059,753.983398</point>
				<point>323.000000,748.000000</point>
				<point>342.314941,749.016602</point>
			</points>
		</object>
		<object>
			<coordinate>pixel</coordinate>
			<type>rectangle</type>
			<description>None</description>
			<possibleresult>
				<name>Van</name>
			</possibleresult>
			<points>
				<point>343.000000,765.000000</point>
				<point>320.000000,765.000000</point>
				<point>320.000000,757.000000</point>
				<point>343.000000,757.000000</point>
				<point>343.000000,765.000000</point>
			</points>
		</object>
		<object>
			<coordinate>pixel</coordinate>
			<type>rectangle</type>
			<description>None</description>
			<possibleresult>
				<name>Cargo Truck</name>
			</possibleresult>
			<points>
				<point>343.000000,774.000000</point>
				<point>323.000000,774.000000</point>
				<point>323.000000,766.000000</point>
				<point>343.000000,766.000000</point>
				<point>343.000000,774.000000</point>
			</points>
		</object>
		<object>
			<coordinate>pixel</coordinate>
			<type>rectangle</type>
			<description>None</description>
			<possibleresult>
				<name>Cargo Truck</name>
			</possibleresult>
			<points>
				<point>354.000000,791.999878</point>
				<point>329.000000,792.999878</point>
				<point>328.599060,782.975952</point>
				<point>353.599060,781.975952</point>
				<point>354.000000,791.999878</point>
			</points>
		</object>
		<object>
			<coordinate>pixel</coordinate>
			<type>rectangle</type>
			<description>None</description>
			<possibleresult>
				<name>Dump Truck</name>
			</possibleresult>
			<points>
				<point>405.337891,810.526978</point>
				<point>395.000061,825.000000</point>
				<point>388.662231,820.473022</point>
				<point>399.000061,806.000000</point>
				<point>405.337891,810.526978</point>
			</points>
		</object>
		<object>
			<coordinate>pixel</coordinate>
			<type>rectangle</type>
			<description>None</description>
			<possibleresult>
				<name>Van</name>
			</possibleresult>
			<points>
				<point>372.040527,827.256714</point>
				<point>361.000000,829.000000</point>
				<point>357.959473,809.743286</point>
				<point>369.000000,808.000000</point>
				<point>372.040527,827.256714</point>
			</points>
		</object>
		<object>
			<coordinate>pixel</coordinate>
			<type>rectangle</type>
			<description>None</description>
			<possibleresult>
				<name>Small Car</name>
			</possibleresult>
			<points>
				<point>233.803223,849.835999</point>
				<point>221.999939,863.999939</point>
				<point>215.999939,858.999939</point>
				<point>227.803223,844.835999</point>
				<point>233.803223,849.835999</point>
			</points>
		</object>
		<object>
			<coordinate>pixel</coordinate>
			<type>rectangle</type>
			<description>None</description>
			<possibleresult>
				<name>Small Car</name>
			</possibleresult>
			<points>
				<point>158.999985,867.000061</point>
				<point>156.107681,872.061584</point>
				<point>141.999985,864.000061</point>
				<point>144.892288,858.938538</point>
				<point>158.999985,867.000061</point>
			</points>
		</object>
		<object>
			<coordinate>pixel</coordinate>
			<type>rectangle</type>
			<description>None</description>
			<possibleresult>
				<name>Small Car</name>
			</possibleresult>
			<points>
				<point>181.398041,878.619751</point>
				<point>178.000031,884.000000</point>
				<point>159.000031,872.000000</point>
				<point>162.398041,866.619751</point>
				<point>181.398041,878.619751</point>
			</points>
		</object>
		<object>
			<coordinate>pixel</coordinate>
			<type>rectangle</type>
			<description>None</description>
			<possibleresult>
				<name>Small Car</name>
			</possibleresult>
			<points>
				<point>349.000031,882.000061</point>
				<point>348.464630,890.031067</point>
				<point>333.000031,889.000061</point>
				<point>333.535431,880.969055</point>
				<point>349.000031,882.000061</point>
			</points>
		</object>
		<object>
			<coordinate>pixel</coordinate>
			<type>rectangle</type>
			<description>None</description>
			<possibleresult>
				<name>Van</name>
			</possibleresult>
			<points>
				<point>444.000000,899.000000</point>
				<point>424.000000,901.000000</point>
				<point>423.197998,892.980225</point>
				<point>443.197998,890.980225</point>
				<point>444.000000,899.000000</point>
			</points>
		</object>
		<object>
			<coordinate>pixel</coordinate>
			<type>rectangle</type>
			<description>None</description>
			<possibleresult>
				<name>Van</name>
			</possibleresult>
			<points>
				<point>307.114197,967.098999</point>
				<point>302.000000,973.000000</point>
				<point>286.885803,959.901001</point>
				<point>292.000000,954.000000</point>
				<point>307.114197,967.098999</point>
			</points>
		</object>
		<object>
			<coordinate>pixel</coordinate>
			<type>rectangle</type>
			<description>None</description>
			<possibleresult>
				<name>Dump Truck</name>
			</possibleresult>
			<points>
				<point>14.262268,952.885254</point>
				<point>9.262268,958.885254</point>
				<point>0.000001,951.166687</point>
				<point>0.000000,941.000000</point>
				<point>14.262268,952.885254</point>
			</points>
		</object>
		<object>
			<coordinate>pixel</coordinate>
			<type>rectangle</type>
			<description>None</description>
			<possibleresult>
				<name>Dump Truck</name>
			</possibleresult>
			<points>
				<point>53.071709,961.049072</point>
				<point>49.000011,967.000000</point>
				<point>29.928312,953.950928</point>
				<point>34.000011,948.000000</point>
				<point>53.071709,961.049072</point>
			</points>
		</object>
		<object>
			<coordinate>pixel</coordinate>
			<type>rectangle</type>
			<description>None</description>
			<possibleresult>
				<name>Van</name>
			</possibleresult>
			<points>
				<point>33.000000,947.000000</point>
				<point>27.213776,953.199585</point>
				<point>12.000000,939.000000</point>
				<point>17.786224,932.800415</point>
				<point>33.000000,947.000000</point>
			</points>
		</object>
		<object>
			<coordinate>pixel</coordinate>
			<type>rectangle</type>
			<description>None</description>
			<possibleresult>
				<name>Van</name>
			</possibleresult>
			<points>
				<point>1.000028,929.000244</point>
				<point>-5.000001,923.000244</point>
				<point>-0.000000,918.000244</point>
				<point>6.000029,924.000244</point>
				<point>1.000028,929.000244</point>
			</points>
		</object>
		<object>
			<coordinate>pixel</coordinate>
			<type>rectangle</type>
			<description>None</description>
			<possibleresult>
				<name>Small Car</name>
			</possibleresult>
			<points>
				<point>19.999968,584.000000</point>
				<point>14.999968,591.000000</point>
				<point>7.999969,586.000000</point>
				<point>12.999969,579.000000</point>
				<point>19.999968,584.000000</point>
			</points>
		</object>
		<object>
			<coordinate>pixel</coordinate>
			<type>rectangle</type>
			<description>None</description>
			<possibleresult>
				<name>Small Car</name>
			</possibleresult>
			<points>
				<point>30.000015,564.000061</point>
				<point>22.000015,582.000061</point>
				<point>13.835068,578.371155</point>
				<point>21.835068,560.371155</point>
				<point>30.000015,564.000061</point>
			</points>
		</object>
		<object>
			<coordinate>pixel</coordinate>
			<type>rectangle</type>
			<description>None</description>
			<possibleresult>
				<name>Van</name>
			</possibleresult>
			<points>
				<point>28.999998,542.000061</point>
				<point>27.965517,559.586243</point>
				<point>18.000002,559.000061</point>
				<point>19.034483,541.413879</point>
				<point>28.999998,542.000061</point>
			</points>
		</object>
		<object>
			<coordinate>pixel</coordinate>
			<type>rectangle</type>
			<description>None</description>
			<possibleresult>
				<name>Small Car</name>
			</possibleresult>
			<points>
				<point>29.000002,535.000000</point>
				<point>22.205481,537.547974</point>
				<point>15.999998,521.000000</point>
				<point>22.794519,518.452026</point>
				<point>29.000002,535.000000</point>
			</points>
		</object>
		<object>
			<coordinate>pixel</coordinate>
			<type>rectangle</type>
			<description>None</description>
			<possibleresult>
				<name>Small Car</name>
			</possibleresult>
			<points>
				<point>19.999992,513.000000</point>
				<point>13.713866,517.609863</point>
				<point>2.713867,502.609833</point>
				<point>8.999993,498.000000</point>
				<point>19.999992,513.000000</point>
			</points>
		</object>
		<object>
			<coordinate>pixel</coordinate>
			<type>rectangle</type>
			<description>None</description>
			<possibleresult>
				<name>Van</name>
			</possibleresult>
			<points>
				<point>1.999998,501.000092</point>
				<point>-5.500000,493.500092</point>
				<point>0.000000,488.000092</point>
				<point>7.499999,495.500092</point>
				<point>1.999998,501.000092</point>
			</points>
		</object>
	</objects>
</annotation>