<?xml version="1.0" encoding="utf-8"?>
<annotation>
	<source>
		<filename>1113.tif</filename>
		<origin>GF2/GF3</origin>
	</source>
	<research>
		<version>1.0</version>
		<provider>FAIR1M</provider>
		<author>Cyber</author>
		<pluginname>FAIR1M</pluginname>
		<pluginclass>object detection</pluginclass>
		<time>2021-03</time>
	</research>
	<size>
		<width>1000</width>
		<height>1000</height>
		<depth>3</depth>
	</size>
	<objects>
		<object>
			<coordinate>pixel</coordinate>
			<type>rectangle</type>
			<description>None</description>
			<possibleresult>
				<name>Boeing737</name>
			</possibleresult>
			<points>
				<point>67.000000,803.000000</point>
				<point>102.000000,833.000000</point>
				<point>130.000000,800.000000</point>
				<point>95.000000,770.000000</point>
				<point>67.000000,803.000000</point>
			</points>
		</object>
		<object>
			<coordinate>pixel</coordinate>
			<type>rectangle</type>
			<description>None</description>
			<possibleresult>
				<name>Boeing737</name>
			</possibleresult>
			<points>
				<point>-2.000000,717.000000</point>
				<point>34.000000,748.000000</point>
				<point>62.000000,716.000000</point>
				<point>26.000000,684.000000</point>
				<point>-2.000000,717.000000</point>
			</points>
		</object>
		<object>
			<coordinate>pixel</coordinate>
			<type>rectangle</type>
			<description>None</description>
			<possibleresult>
				<name>other-airplane</name>
			</possibleresult>
			<points>
				<point>33.000000,686.000000</point>
				<point>66.000000,708.000000</point>
				<point>92.000000,671.000000</point>
				<point>60.000000,648.000000</point>
				<point>33.000000,686.000000</point>
			</points>
		</object>
		<object>
			<coordinate>pixel</coordinate>
			<type>rectangle</type>
			<description>None</description>
			<possibleresult>
				<name>other-airplane</name>
			</possibleresult>
			<points>
				<point>64.000000,645.000000</point>
				<point>98.000000,673.000000</point>
				<point>126.000000,638.000000</point>
				<point>92.000000,611.000000</point>
				<point>64.000000,645.000000</point>
			</points>
		</object>
		<object>
			<coordinate>pixel</coordinate>
			<type>rectangle</type>
			<description>None</description>
			<possibleresult>
				<name>A220</name>
			</possibleresult>
			<points>
				<point>98.000000,606.000000</point>
				<point>135.000000,635.000000</point>
				<point>161.000000,603.000000</point>
				<point>124.000000,573.000000</point>
				<point>98.000000,606.000000</point>
			</points>
		</object>
		<object>
			<coordinate>pixel</coordinate>
			<type>rectangle</type>
			<description>None</description>
			<possibleresult>
				<name>other-airplane</name>
			</possibleresult>
			<points>
				<point>428.000000,878.000000</point>
				<point>415.000000,895.000000</point>
				<point>430.000000,907.000000</point>
				<point>443.000000,889.000000</point>
				<point>428.000000,878.000000</point>
			</points>
		</object>
	</objects>
</annotation>