<?xml version="1.0" encoding="utf-8"?>
<annotation>
	<source>
		<filename>1114.tif</filename>
		<origin>GF2/GF3</origin>
	</source>
	<research>
		<version>1.0</version>
		<provider>FAIR1M</provider>
		<author>Cyber</author>
		<pluginname>FAIR1M</pluginname>
		<pluginclass>object detection</pluginclass>
		<time>2021-03</time>
	</research>
	<size>
		<width>1500</width>
		<height>1500</height>
		<depth>3</depth>
	</size>
	<objects>
		<object>
			<coordinate>pixel</coordinate>
			<type>rectangle</type>
			<description>None</description>
			<possibleresult>
				<name>Liquid Cargo Ship</name>
			</possibleresult>
			<points>
				<point>611.000000,1370.000000</point>
				<point>727.000000,1410.000000</point>
				<point>733.000000,1391.000000</point>
				<point>617.000000,1352.000000</point>
				<point>611.000000,1370.000000</point>
			</points>
		</object>
		<object>
			<coordinate>pixel</coordinate>
			<type>rectangle</type>
			<description>None</description>
			<possibleresult>
				<name>Liquid Cargo Ship</name>
			</possibleresult>
			<points>
				<point>985.000000,1487.000000</point>
				<point>1074.000000,1518.000000</point>
				<point>1082.000000,1496.000000</point>
				<point>992.000000,1466.000000</point>
				<point>985.000000,1487.000000</point>
			</points>
		</object>
	</objects>
</annotation>