<?xml version="1.0" encoding="utf-8"?>
<annotation>
	<source>
		<filename>1118.tif</filename>
		<origin>GF2/GF3</origin>
	</source>
	<research>
		<version>1.0</version>
		<provider>FAIR1M</provider>
		<author>Cyber</author>
		<pluginname>FAIR1M</pluginname>
		<pluginclass>object detection</pluginclass>
		<time>2021-03</time>
	</research>
	<size>
		<width>1000</width>
		<height>1000</height>
		<depth>3</depth>
	</size>
	<objects>
		<object>
			<coordinate>pixel</coordinate>
			<type>rectangle</type>
			<description>None</description>
			<possibleresult>
				<name>Intersection</name>
			</possibleresult>
			<points>
				<point>935.000000,797.000000</point>
				<point>914.731323,830.443237</point>
				<point>872.932739,805.110840</point>
				<point>893.201416,771.667603</point>
				<point>935.000000,797.000000</point>
			</points>
		</object>
		<object>
			<coordinate>pixel</coordinate>
			<type>rectangle</type>
			<description>None</description>
			<possibleresult>
				<name>Small Car</name>
			</possibleresult>
			<points>
				<point>449.871033,102.938911</point>
				<point>447.000000,108.999992</point>
				<point>428.000000,99.999992</point>
				<point>430.871033,93.938911</point>
				<point>449.871033,102.938911</point>
			</points>
		</object>
		<object>
			<coordinate>pixel</coordinate>
			<type>rectangle</type>
			<description>None</description>
			<possibleresult>
				<name>Small Car</name>
			</possibleresult>
			<points>
				<point>446.000061,111.000000</point>
				<point>443.164307,117.076645</point>
				<point>428.000061,110.000000</point>
				<point>430.835815,103.923355</point>
				<point>446.000061,111.000000</point>
			</points>
		</object>
		<object>
			<coordinate>pixel</coordinate>
			<type>rectangle</type>
			<description>None</description>
			<possibleresult>
				<name>Van</name>
			</possibleresult>
			<points>
				<point>441.000092,118.000015</point>
				<point>437.600067,124.800018</point>
				<point>423.600067,117.800018</point>
				<point>427.000092,111.000015</point>
				<point>441.000092,118.000015</point>
			</points>
		</object>
		<object>
			<coordinate>pixel</coordinate>
			<type>rectangle</type>
			<description>None</description>
			<possibleresult>
				<name>Dump Truck</name>
			</possibleresult>
			<points>
				<point>431.287689,128.232880</point>
				<point>428.287689,136.232880</point>
				<point>409.000031,129.000000</point>
				<point>412.000031,121.000000</point>
				<point>431.287689,128.232880</point>
			</points>
		</object>
		<object>
			<coordinate>pixel</coordinate>
			<type>rectangle</type>
			<description>None</description>
			<possibleresult>
				<name>Cargo Truck</name>
			</possibleresult>
			<points>
				<point>359.000031,180.000000</point>
				<point>340.905182,205.131714</point>
				<point>331.000031,198.000000</point>
				<point>349.094879,172.868286</point>
				<point>359.000031,180.000000</point>
			</points>
		</object>
		<object>
			<coordinate>pixel</coordinate>
			<type>rectangle</type>
			<description>None</description>
			<possibleresult>
				<name>Van</name>
			</possibleresult>
			<points>
				<point>310.000000,254.000000</point>
				<point>301.862671,267.223206</point>
				<point>295.000000,263.000000</point>
				<point>303.137329,249.776794</point>
				<point>310.000000,254.000000</point>
			</points>
		</object>
		<object>
			<coordinate>pixel</coordinate>
			<type>rectangle</type>
			<description>None</description>
			<possibleresult>
				<name>Trailer</name>
			</possibleresult>
			<points>
				<point>292.026367,305.963531</point>
				<point>266.000000,342.000031</point>
				<point>254.973633,334.036530</point>
				<point>281.000000,298.000031</point>
				<point>292.026367,305.963531</point>
			</points>
		</object>
		<object>
			<coordinate>pixel</coordinate>
			<type>rectangle</type>
			<description>None</description>
			<possibleresult>
				<name>Van</name>
			</possibleresult>
			<points>
				<point>661.486206,200.954147</point>
				<point>654.486206,213.954147</point>
				<point>649.000000,211.000015</point>
				<point>656.000000,198.000015</point>
				<point>661.486206,200.954147</point>
			</points>
		</object>
		<object>
			<coordinate>pixel</coordinate>
			<type>rectangle</type>
			<description>None</description>
			<possibleresult>
				<name>Van</name>
			</possibleresult>
			<points>
				<point>213.137299,400.776733</point>
				<point>205.137299,413.776733</point>
				<point>198.999969,409.999939</point>
				<point>206.999969,396.999939</point>
				<point>213.137299,400.776733</point>
			</points>
		</object>
		<object>
			<coordinate>pixel</coordinate>
			<type>rectangle</type>
			<description>None</description>
			<possibleresult>
				<name>Van</name>
			</possibleresult>
			<points>
				<point>362.153870,625.769226</point>
				<point>352.000000,640.999939</point>
				<point>344.846130,636.230652</point>
				<point>355.000000,620.999939</point>
				<point>362.153870,625.769226</point>
			</points>
		</object>
		<object>
			<coordinate>pixel</coordinate>
			<type>rectangle</type>
			<description>None</description>
			<possibleresult>
				<name>Van</name>
			</possibleresult>
			<points>
				<point>110.399986,619.200073</point>
				<point>106.999992,626.000122</point>
				<point>91.799995,618.400146</point>
				<point>95.199989,611.600098</point>
				<point>110.399986,619.200073</point>
			</points>
		</object>
		<object>
			<coordinate>pixel</coordinate>
			<type>rectangle</type>
			<description>None</description>
			<possibleresult>
				<name>Van</name>
			</possibleresult>
			<points>
				<point>106.637924,625.844910</point>
				<point>104.000000,632.000061</point>
				<point>90.000000,626.000061</point>
				<point>92.637924,619.844910</point>
				<point>106.637924,625.844910</point>
			</points>
		</object>
		<object>
			<coordinate>pixel</coordinate>
			<type>rectangle</type>
			<description>None</description>
			<possibleresult>
				<name>Van</name>
			</possibleresult>
			<points>
				<point>99.400024,644.200012</point>
				<point>96.000031,651.000061</point>
				<point>79.600037,642.800110</point>
				<point>83.000031,636.000061</point>
				<point>99.400024,644.200012</point>
			</points>
		</object>
		<object>
			<coordinate>pixel</coordinate>
			<type>rectangle</type>
			<description>None</description>
			<possibleresult>
				<name>Van</name>
			</possibleresult>
			<points>
				<point>94.000015,651.000000</point>
				<point>91.100601,658.041382</point>
				<point>74.000015,651.000000</point>
				<point>76.899429,643.958618</point>
				<point>94.000015,651.000000</point>
			</points>
		</object>
		<object>
			<coordinate>pixel</coordinate>
			<type>rectangle</type>
			<description>None</description>
			<possibleresult>
				<name>Van</name>
			</possibleresult>
			<points>
				<point>83.000015,678.000061</point>
				<point>79.786903,685.344299</point>
				<point>63.000027,678.000061</point>
				<point>66.213142,670.655823</point>
				<point>83.000015,678.000061</point>
			</points>
		</object>
		<object>
			<coordinate>pixel</coordinate>
			<type>rectangle</type>
			<description>None</description>
			<possibleresult>
				<name>Van</name>
			</possibleresult>
			<points>
				<point>55.400005,719.800049</point>
				<point>53.000004,727.000000</point>
				<point>38.000004,722.000000</point>
				<point>40.400005,714.800049</point>
				<point>55.400005,719.800049</point>
			</points>
		</object>
		<object>
			<coordinate>pixel</coordinate>
			<type>rectangle</type>
			<description>None</description>
			<possibleresult>
				<name>Van</name>
			</possibleresult>
			<points>
				<point>46.999969,732.000000</point>
				<point>44.172382,739.068970</point>
				<point>28.999969,733.000000</point>
				<point>31.827557,725.931030</point>
				<point>46.999969,732.000000</point>
			</points>
		</object>
		<object>
			<coordinate>pixel</coordinate>
			<type>rectangle</type>
			<description>None</description>
			<possibleresult>
				<name>Van</name>
			</possibleresult>
			<points>
				<point>40.000000,746.000122</point>
				<point>37.362068,752.155273</point>
				<point>22.999998,746.000122</point>
				<point>25.637932,739.844971</point>
				<point>40.000000,746.000122</point>
			</points>
		</object>
		<object>
			<coordinate>pixel</coordinate>
			<type>rectangle</type>
			<description>None</description>
			<possibleresult>
				<name>Van</name>
			</possibleresult>
			<points>
				<point>29.999992,764.000061</point>
				<point>26.399994,771.200012</point>
				<point>8.399994,762.200012</point>
				<point>11.999992,755.000061</point>
				<point>29.999992,764.000061</point>
			</points>
		</object>
		<object>
			<coordinate>pixel</coordinate>
			<type>rectangle</type>
			<description>None</description>
			<possibleresult>
				<name>Van</name>
			</possibleresult>
			<points>
				<point>25.000000,771.000122</point>
				<point>22.000000,777.000122</point>
				<point>8.000000,770.000122</point>
				<point>11.000000,764.000122</point>
				<point>25.000000,771.000122</point>
			</points>
		</object>
		<object>
			<coordinate>pixel</coordinate>
			<type>rectangle</type>
			<description>None</description>
			<possibleresult>
				<name>Trailer</name>
			</possibleresult>
			<points>
				<point>-0.000004,748.391357</point>
				<point>-10.000030,742.641357</point>
				<point>-0.000017,725.250000</point>
				<point>10.000009,731.000000</point>
				<point>-0.000004,748.391357</point>
			</points>
		</object>
		<object>
			<coordinate>pixel</coordinate>
			<type>rectangle</type>
			<description>None</description>
			<possibleresult>
				<name>Trailer</name>
			</possibleresult>
			<points>
				<point>114.222015,841.067261</point>
				<point>109.999985,855.000000</point>
				<point>43.777954,834.932739</point>
				<point>47.999985,821.000000</point>
				<point>114.222015,841.067261</point>
			</points>
		</object>
		<object>
			<coordinate>pixel</coordinate>
			<type>rectangle</type>
			<description>None</description>
			<possibleresult>
				<name>Small Car</name>
			</possibleresult>
			<points>
				<point>400.835541,1002.075439</point>
				<point>393.571381,1000.000000</point>
				<point>395.867889,991.962280</point>
				<point>403.132050,994.037720</point>
				<point>400.835541,1002.075439</point>
			</points>
		</object>
		<object>
			<coordinate>pixel</coordinate>
			<type>rectangle</type>
			<description>None</description>
			<possibleresult>
				<name>Van</name>
			</possibleresult>
			<points>
				<point>389.778748,1003.251587</point>
				<point>381.882324,1000.000122</point>
				<point>386.103516,989.748657</point>
				<point>393.999939,993.000122</point>
				<point>389.778748,1003.251587</point>
			</points>
		</object>
		<object>
			<coordinate>pixel</coordinate>
			<type>rectangle</type>
			<description>None</description>
			<possibleresult>
				<name>Van</name>
			</possibleresult>
			<points>
				<point>383.123291,990.671265</point>
				<point>379.625000,1000.000000</point>
				<point>371.500000,1000.000000</point>
				<point>376.000000,988.000000</point>
				<point>383.123291,990.671265</point>
			</points>
		</object>
		<object>
			<coordinate>pixel</coordinate>
			<type>rectangle</type>
			<description>None</description>
			<possibleresult>
				<name>Van</name>
			</possibleresult>
			<points>
				<point>84.000298,1000.000000</point>
				<point>75.423546,998.094055</point>
				<point>77.000023,990.999939</point>
				<point>95.000023,994.999939</point>
				<point>84.000298,1000.000000</point>
			</points>
		</object>
		<object>
			<coordinate>pixel</coordinate>
			<type>rectangle</type>
			<description>None</description>
			<possibleresult>
				<name>Van</name>
			</possibleresult>
			<points>
				<point>102.257874,986.071594</point>
				<point>100.051575,994.014343</point>
				<point>81.793701,988.942688</point>
				<point>84.000000,980.999939</point>
				<point>102.257874,986.071594</point>
			</points>
		</object>
		<object>
			<coordinate>pixel</coordinate>
			<type>rectangle</type>
			<description>None</description>
			<possibleresult>
				<name>Dump Truck</name>
			</possibleresult>
			<points>
				<point>0.000000,984.894714</point>
				<point>0.000000,973.500000</point>
				<point>4.000008,964.000000</point>
				<point>13.075302,967.821167</point>
				<point>0.000000,984.894714</point>
			</points>
		</object>
		<object>
			<coordinate>pixel</coordinate>
			<type>rectangle</type>
			<description>None</description>
			<possibleresult>
				<name>Van</name>
			</possibleresult>
			<points>
				<point>153.857666,954.455627</point>
				<point>148.857666,970.455627</point>
				<point>141.000000,968.000061</point>
				<point>146.000000,952.000061</point>
				<point>153.857666,954.455627</point>
			</points>
		</object>
		<object>
			<coordinate>pixel</coordinate>
			<type>rectangle</type>
			<description>None</description>
			<possibleresult>
				<name>Small Car</name>
			</possibleresult>
			<points>
				<point>151.999985,939.999939</point>
				<point>145.912186,953.190125</point>
				<point>138.999985,949.999939</point>
				<point>145.087784,936.809753</point>
				<point>151.999985,939.999939</point>
			</points>
		</object>
		<object>
			<coordinate>pixel</coordinate>
			<type>rectangle</type>
			<description>None</description>
			<possibleresult>
				<name>Small Car</name>
			</possibleresult>
			<points>
				<point>24.999977,584.000061</point>
				<point>17.999977,600.000061</point>
				<point>10.655716,596.786926</point>
				<point>17.655716,580.786926</point>
				<point>24.999977,584.000061</point>
			</points>
		</object>
		<object>
			<coordinate>pixel</coordinate>
			<type>rectangle</type>
			<description>None</description>
			<possibleresult>
				<name>Small Car</name>
			</possibleresult>
			<points>
				<point>16.281021,580.397888</point>
				<point>9.281021,595.397888</point>
				<point>2.000000,592.000061</point>
				<point>9.000000,577.000061</point>
				<point>16.281021,580.397888</point>
			</points>
		</object>
		<object>
			<coordinate>pixel</coordinate>
			<type>rectangle</type>
			<description>None</description>
			<possibleresult>
				<name>Cargo Truck</name>
			</possibleresult>
			<points>
				<point>0.000000,524.000061</point>
				<point>0.000000,504.750061</point>
				<point>9.239986,504.750061</point>
				<point>9.239986,524.000061</point>
				<point>0.000000,524.000061</point>
			</points>
		</object>
		<object>
			<coordinate>pixel</coordinate>
			<type>rectangle</type>
			<description>None</description>
			<possibleresult>
				<name>Cargo Truck</name>
			</possibleresult>
			<points>
				<point>10.000015,468.999939</point>
				<point>0.000000,483.999939</point>
				<point>0.000000,470.999969</point>
				<point>4.000015,464.999939</point>
				<point>10.000015,468.999939</point>
			</points>
		</object>
		<object>
			<coordinate>pixel</coordinate>
			<type>rectangle</type>
			<description>None</description>
			<possibleresult>
				<name>Van</name>
			</possibleresult>
			<points>
				<point>34.999992,462.000061</point>
				<point>25.999992,477.000061</point>
				<point>17.911758,472.147095</point>
				<point>26.911758,457.147095</point>
				<point>34.999992,462.000061</point>
			</points>
		</object>
		<object>
			<coordinate>pixel</coordinate>
			<type>rectangle</type>
			<description>None</description>
			<possibleresult>
				<name>Small Car</name>
			</possibleresult>
			<points>
				<point>10.757095,444.309143</point>
				<point>0.000000,458.000000</point>
				<point>0.000000,444.090912</point>
				<point>3.999998,439.000000</point>
				<point>10.757095,444.309143</point>
			</points>
		</object>
		<object>
			<coordinate>pixel</coordinate>
			<type>rectangle</type>
			<description>None</description>
			<possibleresult>
				<name>Cargo Truck</name>
			</possibleresult>
			<points>
				<point>58.267960,402.582031</point>
				<point>33.267960,441.582031</point>
				<point>23.000013,435.000000</point>
				<point>48.000015,396.000000</point>
				<point>58.267960,402.582031</point>
			</points>
		</object>
		<object>
			<coordinate>pixel</coordinate>
			<type>rectangle</type>
			<description>None</description>
			<possibleresult>
				<name>Small Car</name>
			</possibleresult>
			<points>
				<point>70.074356,408.903351</point>
				<point>60.000011,422.000031</point>
				<point>54.925659,418.096710</point>
				<point>65.000000,405.000031</point>
				<point>70.074356,408.903351</point>
			</points>
		</object>
		<object>
			<coordinate>pixel</coordinate>
			<type>rectangle</type>
			<description>None</description>
			<possibleresult>
				<name>Cargo Truck</name>
			</possibleresult>
			<points>
				<point>87.057945,353.904846</point>
				<point>73.000008,377.000000</point>
				<point>64.942085,372.095154</point>
				<point>79.000023,349.000000</point>
				<point>87.057945,353.904846</point>
			</points>
		</object>
		<object>
			<coordinate>pixel</coordinate>
			<type>rectangle</type>
			<description>None</description>
			<possibleresult>
				<name>Dump Truck</name>
			</possibleresult>
			<points>
				<point>107.026703,347.952545</point>
				<point>98.000000,364.000031</point>
				<point>90.973297,360.047516</point>
				<point>100.000000,344.000031</point>
				<point>107.026703,347.952545</point>
			</points>
		</object>
		<object>
			<coordinate>pixel</coordinate>
			<type>rectangle</type>
			<description>None</description>
			<possibleresult>
				<name>Cargo Truck</name>
			</possibleresult>
			<points>
				<point>122.000008,323.000031</point>
				<point>112.000008,343.000031</point>
				<point>104.000008,339.000031</point>
				<point>114.000008,319.000031</point>
				<point>122.000008,323.000031</point>
			</points>
		</object>
		<object>
			<coordinate>pixel</coordinate>
			<type>rectangle</type>
			<description>None</description>
			<possibleresult>
				<name>Cargo Truck</name>
			</possibleresult>
			<points>
				<point>93.999977,315.000031</point>
				<point>73.999977,346.000031</point>
				<point>64.911812,340.136688</point>
				<point>84.911812,309.136688</point>
				<point>93.999977,315.000031</point>
			</points>
		</object>
		<object>
			<coordinate>pixel</coordinate>
			<type>rectangle</type>
			<description>None</description>
			<possibleresult>
				<name>Trailer</name>
			</possibleresult>
			<points>
				<point>125.118134,292.807007</point>
				<point>94.999985,342.000000</point>
				<point>83.881836,335.192993</point>
				<point>113.999985,286.000000</point>
				<point>125.118134,292.807007</point>
			</points>
		</object>
		<object>
			<coordinate>pixel</coordinate>
			<type>rectangle</type>
			<description>None</description>
			<possibleresult>
				<name>Trailer</name>
			</possibleresult>
			<points>
				<point>149.122192,243.742065</point>
				<point>131.000015,282.000000</point>
				<point>118.877838,276.257935</point>
				<point>137.000015,238.000000</point>
				<point>149.122192,243.742065</point>
			</points>
		</object>
		<object>
			<coordinate>pixel</coordinate>
			<type>rectangle</type>
			<description>None</description>
			<possibleresult>
				<name>Van</name>
			</possibleresult>
			<points>
				<point>165.600021,209.800034</point>
				<point>157.000015,227.000046</point>
				<point>149.000015,223.000046</point>
				<point>157.600021,205.800034</point>
				<point>165.600021,209.800034</point>
			</points>
		</object>
		<object>
			<coordinate>pixel</coordinate>
			<type>rectangle</type>
			<description>None</description>
			<possibleresult>
				<name>Dump Truck</name>
			</possibleresult>
			<points>
				<point>188.000015,148.000015</point>
				<point>179.000015,178.000015</point>
				<point>169.000015,175.000015</point>
				<point>178.000015,145.000015</point>
				<point>188.000015,148.000015</point>
			</points>
		</object>
		<object>
			<coordinate>pixel</coordinate>
			<type>rectangle</type>
			<description>None</description>
			<possibleresult>
				<name>Van</name>
			</possibleresult>
			<points>
				<point>207.100006,142.700012</point>
				<point>202.000000,158.000000</point>
				<point>193.899994,155.299988</point>
				<point>199.000000,140.000000</point>
				<point>207.100006,142.700012</point>
			</points>
		</object>
		<object>
			<coordinate>pixel</coordinate>
			<type>rectangle</type>
			<description>None</description>
			<possibleresult>
				<name>Cargo Truck</name>
			</possibleresult>
			<points>
				<point>206.999985,95.000015</point>
				<point>192.699997,137.900009</point>
				<point>180.699997,133.900009</point>
				<point>194.999985,91.000015</point>
				<point>206.999985,95.000015</point>
			</points>
		</object>
		<object>
			<coordinate>pixel</coordinate>
			<type>rectangle</type>
			<description>None</description>
			<possibleresult>
				<name>Van</name>
			</possibleresult>
			<points>
				<point>224.000015,72.000000</point>
				<point>221.000015,84.000000</point>
				<point>214.882370,82.470581</point>
				<point>217.882370,70.470581</point>
				<point>224.000015,72.000000</point>
			</points>
		</object>
		<object>
			<coordinate>pixel</coordinate>
			<type>rectangle</type>
			<description>None</description>
			<possibleresult>
				<name>Small Car</name>
			</possibleresult>
			<points>
				<point>192.011566,65.924850</point>
				<point>190.000000,79.000000</point>
				<point>183.988434,78.075150</point>
				<point>186.000000,65.000000</point>
				<point>192.011566,65.924850</point>
			</points>
		</object>
		<object>
			<coordinate>pixel</coordinate>
			<type>rectangle</type>
			<description>None</description>
			<possibleresult>
				<name>Cargo Truck</name>
			</possibleresult>
			<points>
				<point>218.135315,49.362038</point>
				<point>211.135315,82.362045</point>
				<point>200.000000,80.000008</point>
				<point>207.000000,47.000000</point>
				<point>218.135315,49.362038</point>
			</points>
		</object>
		<object>
			<coordinate>pixel</coordinate>
			<type>rectangle</type>
			<description>None</description>
			<possibleresult>
				<name>Van</name>
			</possibleresult>
			<points>
				<point>223.000015,17.000004</point>
				<point>221.000015,33.000004</point>
				<point>213.000015,32.000004</point>
				<point>215.000015,16.000004</point>
				<point>223.000015,17.000004</point>
			</points>
		</object>
		<object>
			<coordinate>pixel</coordinate>
			<type>rectangle</type>
			<description>None</description>
			<possibleresult>
				<name>Cargo Truck</name>
			</possibleresult>
			<points>
				<point>275.000031,96.000008</point>
				<point>273.000031,102.000008</point>
				<point>262.800018,98.600014</point>
				<point>264.800018,92.600014</point>
				<point>275.000031,96.000008</point>
			</points>
		</object>
		<object>
			<coordinate>pixel</coordinate>
			<type>rectangle</type>
			<description>None</description>
			<possibleresult>
				<name>Small Car</name>
			</possibleresult>
			<points>
				<point>283.426025,84.177521</point>
				<point>281.000000,90.000000</point>
				<point>268.573975,84.822479</point>
				<point>271.000000,79.000000</point>
				<point>283.426025,84.177521</point>
			</points>
		</object>
		<object>
			<coordinate>pixel</coordinate>
			<type>rectangle</type>
			<description>None</description>
			<possibleresult>
				<name>Small Car</name>
			</possibleresult>
			<points>
				<point>288.999969,74.999992</point>
				<point>286.225983,81.102730</point>
				<point>274.773956,75.897255</point>
				<point>277.547943,69.794518</point>
				<point>288.999969,74.999992</point>
			</points>
		</object>
		<object>
			<coordinate>pixel</coordinate>
			<type>rectangle</type>
			<description>None</description>
			<possibleresult>
				<name>Small Car</name>
			</possibleresult>
			<points>
				<point>299.299988,58.099991</point>
				<point>297.000000,64.999992</point>
				<point>284.700012,60.899994</point>
				<point>287.000000,53.999992</point>
				<point>299.299988,58.099991</point>
			</points>
		</object>
		<object>
			<coordinate>pixel</coordinate>
			<type>rectangle</type>
			<description>None</description>
			<possibleresult>
				<name>Small Car</name>
			</possibleresult>
			<points>
				<point>305.482788,50.206909</point>
				<point>303.000000,56.000015</point>
				<point>288.517212,49.793114</point>
				<point>291.000000,44.000008</point>
				<point>305.482788,50.206909</point>
			</points>
		</object>
		<object>
			<coordinate>pixel</coordinate>
			<type>rectangle</type>
			<description>None</description>
			<possibleresult>
				<name>Small Car</name>
			</possibleresult>
			<points>
				<point>315.000000,31.999992</point>
				<point>313.000000,37.999992</point>
				<point>301.000000,33.999992</point>
				<point>303.000000,27.999992</point>
				<point>315.000000,31.999992</point>
			</points>
		</object>
		<object>
			<coordinate>pixel</coordinate>
			<type>rectangle</type>
			<description>None</description>
			<possibleresult>
				<name>Small Car</name>
			</possibleresult>
			<points>
				<point>321.573975,23.822487</point>
				<point>319.000000,30.000004</point>
				<point>307.000000,25.000004</point>
				<point>309.573975,18.822487</point>
				<point>321.573975,23.822487</point>
			</points>
		</object>
		<object>
			<coordinate>pixel</coordinate>
			<type>rectangle</type>
			<description>None</description>
			<possibleresult>
				<name>Dump Truck</name>
			</possibleresult>
			<points>
				<point>328.731903,15.896902</point>
				<point>325.999969,22.999994</point>
				<point>312.999969,17.999994</point>
				<point>315.731903,10.896902</point>
				<point>328.731903,15.896902</point>
			</points>
		</object>
		<object>
			<coordinate>pixel</coordinate>
			<type>rectangle</type>
			<description>None</description>
			<possibleresult>
				<name>Cargo Truck</name>
			</possibleresult>
			<points>
				<point>742.082397,960.929382</point>
				<point>728.000000,972.999939</point>
				<point>722.917603,967.070496</point>
				<point>737.000000,954.999939</point>
				<point>742.082397,960.929382</point>
			</points>
		</object>
		<object>
			<coordinate>pixel</coordinate>
			<type>rectangle</type>
			<description>None</description>
			<possibleresult>
				<name>Van</name>
			</possibleresult>
			<points>
				<point>781.000000,927.000000</point>
				<point>766.823364,938.138794</point>
				<point>762.000000,932.000000</point>
				<point>776.176636,920.861206</point>
				<point>781.000000,927.000000</point>
			</points>
		</object>
		<object>
			<coordinate>pixel</coordinate>
			<type>rectangle</type>
			<description>None</description>
			<possibleresult>
				<name>Cargo Truck</name>
			</possibleresult>
			<points>
				<point>864.000000,826.000061</point>
				<point>829.404663,856.525330</point>
				<point>821.000000,847.000061</point>
				<point>855.595337,816.474792</point>
				<point>864.000000,826.000061</point>
			</points>
		</object>
		<object>
			<coordinate>pixel</coordinate>
			<type>rectangle</type>
			<description>None</description>
			<possibleresult>
				<name>Cargo Truck</name>
			</possibleresult>
			<points>
				<point>996.558472,745.503418</point>
				<point>968.999878,770.000000</point>
				<point>961.441284,761.496582</point>
				<point>988.999878,737.000000</point>
				<point>996.558472,745.503418</point>
			</points>
		</object>
		<object>
			<coordinate>pixel</coordinate>
			<type>rectangle</type>
			<description>None</description>
			<possibleresult>
				<name>Cargo Truck</name>
			</possibleresult>
			<points>
				<point>854.000061,765.000122</point>
				<point>848.747131,776.888306</point>
				<point>805.747131,757.888306</point>
				<point>811.000061,746.000122</point>
				<point>854.000061,765.000122</point>
			</points>
		</object>
		<object>
			<coordinate>pixel</coordinate>
			<type>rectangle</type>
			<description>None</description>
			<possibleresult>
				<name>Dump Truck</name>
			</possibleresult>
			<points>
				<point>940.500000,81.499985</point>
				<point>916.000000,105.999985</point>
				<point>908.000000,97.999985</point>
				<point>932.500000,73.499985</point>
				<point>940.500000,81.499985</point>
			</points>
		</object>
		<object>
			<coordinate>pixel</coordinate>
			<type>rectangle</type>
			<description>None</description>
			<possibleresult>
				<name>Cargo Truck</name>
			</possibleresult>
			<points>
				<point>491.098358,29.081976</point>
				<point>486.999969,34.000008</point>
				<point>474.901581,23.918043</point>
				<point>478.999969,19.000011</point>
				<point>491.098358,29.081976</point>
			</points>
		</object>
		<object>
			<coordinate>pixel</coordinate>
			<type>rectangle</type>
			<description>None</description>
			<possibleresult>
				<name>Cargo Truck</name>
			</possibleresult>
			<points>
				<point>472.000031,16.000000</point>
				<point>466.243927,23.195122</point>
				<point>451.000031,11.000000</point>
				<point>456.756134,3.804878</point>
				<point>472.000031,16.000000</point>
			</points>
		</object>
		<object>
			<coordinate>pixel</coordinate>
			<type>rectangle</type>
			<description>None</description>
			<possibleresult>
				<name>Van</name>
			</possibleresult>
			<points>
				<point>533.000000,109.000000</point>
				<point>529.084961,116.047165</point>
				<point>510.999969,106.000000</point>
				<point>514.915039,98.952835</point>
				<point>533.000000,109.000000</point>
			</points>
		</object>
	</objects>
</annotation>