<?xml version="1.0" encoding="utf-8"?>
<annotation>
	<source>
		<filename>1119.tif</filename>
		<origin>GF2/GF3</origin>
	</source>
	<research>
		<version>1.0</version>
		<provider>FAIR1M</provider>
		<author>Cyber</author>
		<pluginname>FAIR1M</pluginname>
		<pluginclass>object detection</pluginclass>
		<time>2021-03</time>
	</research>
	<size>
		<width>1000</width>
		<height>1000</height>
		<depth>3</depth>
	</size>
	<objects>
		<object>
			<coordinate>pixel</coordinate>
			<type>rectangle</type>
			<description>None</description>
			<possibleresult>
				<name>Dump Truck</name>
			</possibleresult>
			<points>
				<point>424.000000,934.000000</point>
				<point>417.000000,942.000000</point>
				<point>393.000000,921.000000</point>
				<point>400.000000,913.000000</point>
				<point>424.000000,934.000000</point>
			</points>
		</object>
		<object>
			<coordinate>pixel</coordinate>
			<type>rectangle</type>
			<description>None</description>
			<possibleresult>
				<name>Trailer</name>
			</possibleresult>
			<points>
				<point>237.000031,803.000061</point>
				<point>229.123718,812.106995</point>
				<point>192.000031,780.000061</point>
				<point>199.876343,770.893127</point>
				<point>237.000031,803.000061</point>
			</points>
		</object>
		<object>
			<coordinate>pixel</coordinate>
			<type>rectangle</type>
			<description>None</description>
			<possibleresult>
				<name>Bus</name>
			</possibleresult>
			<points>
				<point>288.476898,790.415405</point>
				<point>280.999969,799.000000</point>
				<point>249.999969,772.000000</point>
				<point>257.476898,763.415405</point>
				<point>288.476898,790.415405</point>
			</points>
		</object>
		<object>
			<coordinate>pixel</coordinate>
			<type>rectangle</type>
			<description>None</description>
			<possibleresult>
				<name>Van</name>
			</possibleresult>
			<points>
				<point>223.245911,736.704956</point>
				<point>217.836060,743.196777</point>
				<point>202.000000,730.000000</point>
				<point>207.409851,723.508179</point>
				<point>223.245911,736.704956</point>
			</points>
		</object>
		<object>
			<coordinate>pixel</coordinate>
			<type>rectangle</type>
			<description>None</description>
			<possibleresult>
				<name>Cargo Truck</name>
			</possibleresult>
			<points>
				<point>197.775833,728.810242</point>
				<point>189.999985,737.999939</point>
				<point>163.999985,715.999939</point>
				<point>171.775833,706.810242</point>
				<point>197.775833,728.810242</point>
			</points>
		</object>
		<object>
			<coordinate>pixel</coordinate>
			<type>rectangle</type>
			<description>None</description>
			<possibleresult>
				<name>Van</name>
			</possibleresult>
			<points>
				<point>62.000000,658.000000</point>
				<point>56.000000,665.000000</point>
				<point>42.000000,653.000000</point>
				<point>48.000000,646.000000</point>
				<point>62.000000,658.000000</point>
			</points>
		</object>
		<object>
			<coordinate>pixel</coordinate>
			<type>rectangle</type>
			<description>None</description>
			<possibleresult>
				<name>Cargo Truck</name>
			</possibleresult>
			<points>
				<point>122.000031,665.000000</point>
				<point>116.000031,672.000000</point>
				<point>95.000031,654.000000</point>
				<point>101.000031,647.000000</point>
				<point>122.000031,665.000000</point>
			</points>
		</object>
		<object>
			<coordinate>pixel</coordinate>
			<type>rectangle</type>
			<description>None</description>
			<possibleresult>
				<name>Cargo Truck</name>
			</possibleresult>
			<points>
				<point>49.013355,603.011414</point>
				<point>42.999996,609.999939</point>
				<point>0.000000,572.999939</point>
				<point>5.999992,565.999939</point>
				<point>49.013355,603.011414</point>
			</points>
		</object>
		<object>
			<coordinate>pixel</coordinate>
			<type>rectangle</type>
			<description>None</description>
			<possibleresult>
				<name>Van</name>
			</possibleresult>
			<points>
				<point>0.000000,556.833374</point>
				<point>0.000000,552.818115</point>
				<point>2.316950,550.290527</point>
				<point>14.316950,561.290527</point>
				<point>0.000000,556.833374</point>
			</points>
		</object>
		<object>
			<coordinate>pixel</coordinate>
			<type>rectangle</type>
			<description>None</description>
			<possibleresult>
				<name>other-vehicle</name>
			</possibleresult>
			<points>
				<point>745.181824,1000.000000</point>
				<point>745.181824,996.965332</point>
				<point>751.428528,996.965332</point>
				<point>751.428528,1000.000000</point>
				<point>745.181824,1000.000000</point>
			</points>
		</object>
		<object>
			<coordinate>pixel</coordinate>
			<type>rectangle</type>
			<description>None</description>
			<possibleresult>
				<name>Van</name>
			</possibleresult>
			<points>
				<point>650.758423,974.185913</point>
				<point>637.758423,984.185913</point>
				<point>633.000000,978.000000</point>
				<point>646.000000,968.000000</point>
				<point>650.758423,974.185913</point>
			</points>
		</object>
		<object>
			<coordinate>pixel</coordinate>
			<type>rectangle</type>
			<description>None</description>
			<possibleresult>
				<name>Van</name>
			</possibleresult>
			<points>
				<point>694.000000,941.000122</point>
				<point>682.945557,950.044678</point>
				<point>678.000000,944.000122</point>
				<point>689.054443,934.955566</point>
				<point>694.000000,941.000122</point>
			</points>
		</object>
		<object>
			<coordinate>pixel</coordinate>
			<type>rectangle</type>
			<description>None</description>
			<possibleresult>
				<name>Van</name>
			</possibleresult>
			<points>
				<point>607.071533,1000.000000</point>
				<point>595.499939,1000.000000</point>
				<point>588.786316,992.769958</point>
				<point>595.000061,987.000061</point>
				<point>607.071533,1000.000000</point>
			</points>
		</object>
		<object>
			<coordinate>pixel</coordinate>
			<type>rectangle</type>
			<description>None</description>
			<possibleresult>
				<name>Dump Truck</name>
			</possibleresult>
			<points>
				<point>623.000061,990.000061</point>
				<point>617.284973,995.306946</point>
				<point>604.000061,981.000061</point>
				<point>609.715149,975.693176</point>
				<point>623.000061,990.000061</point>
			</points>
		</object>
		<object>
			<coordinate>pixel</coordinate>
			<type>rectangle</type>
			<description>None</description>
			<possibleresult>
				<name>Van</name>
			</possibleresult>
			<points>
				<point>610.928589,1000.000000</point>
				<point>596.643738,986.667480</point>
				<point>601.000061,982.000000</point>
				<point>616.000061,996.000000</point>
				<point>610.928589,1000.000000</point>
			</points>
		</object>
		<object>
			<coordinate>pixel</coordinate>
			<type>rectangle</type>
			<description>None</description>
			<possibleresult>
				<name>Van</name>
			</possibleresult>
			<points>
				<point>538.000000,926.000122</point>
				<point>533.609741,931.487915</point>
				<point>521.902466,922.122070</point>
				<point>526.292725,916.634277</point>
				<point>538.000000,926.000122</point>
			</points>
		</object>
		<object>
			<coordinate>pixel</coordinate>
			<type>rectangle</type>
			<description>None</description>
			<possibleresult>
				<name>Van</name>
			</possibleresult>
			<points>
				<point>526.044739,938.037903</point>
				<point>520.999939,943.999939</point>
				<point>507.955139,932.961975</point>
				<point>512.999939,926.999939</point>
				<point>526.044739,938.037903</point>
			</points>
		</object>
		<object>
			<coordinate>pixel</coordinate>
			<type>rectangle</type>
			<description>None</description>
			<possibleresult>
				<name>Van</name>
			</possibleresult>
			<points>
				<point>525.000061,853.000122</point>
				<point>515.240051,860.320068</point>
				<point>511.880066,855.840088</point>
				<point>521.640076,848.520142</point>
				<point>525.000061,853.000122</point>
			</points>
		</object>
		<object>
			<coordinate>pixel</coordinate>
			<type>rectangle</type>
			<description>None</description>
			<possibleresult>
				<name>Cargo Truck</name>
			</possibleresult>
			<points>
				<point>386.000031,660.000061</point>
				<point>369.000031,673.000061</point>
				<point>362.925812,665.056824</point>
				<point>379.925812,652.056824</point>
				<point>386.000031,660.000061</point>
			</points>
		</object>
		<object>
			<coordinate>pixel</coordinate>
			<type>rectangle</type>
			<description>None</description>
			<possibleresult>
				<name>Cargo Truck</name>
			</possibleresult>
			<points>
				<point>392.371185,665.716187</point>
				<point>375.371185,678.716187</point>
				<point>371.000031,673.000000</point>
				<point>388.000031,660.000000</point>
				<point>392.371185,665.716187</point>
			</points>
		</object>
		<object>
			<coordinate>pixel</coordinate>
			<type>rectangle</type>
			<description>None</description>
			<possibleresult>
				<name>Cargo Truck</name>
			</possibleresult>
			<points>
				<point>399.371155,671.716248</point>
				<point>382.000000,685.000061</point>
				<point>377.628845,679.283875</point>
				<point>395.000000,666.000061</point>
				<point>399.371155,671.716248</point>
			</points>
		</object>
		<object>
			<coordinate>pixel</coordinate>
			<type>rectangle</type>
			<description>None</description>
			<possibleresult>
				<name>Cargo Truck</name>
			</possibleresult>
			<points>
				<point>430.737030,698.459595</point>
				<point>415.000031,710.000000</point>
				<point>410.263031,703.540405</point>
				<point>426.000031,692.000000</point>
				<point>430.737030,698.459595</point>
			</points>
		</object>
		<object>
			<coordinate>pixel</coordinate>
			<type>rectangle</type>
			<description>None</description>
			<possibleresult>
				<name>Cargo Truck</name>
			</possibleresult>
			<points>
				<point>449.799988,714.400085</point>
				<point>433.000000,727.000061</point>
				<point>428.200012,720.600037</point>
				<point>445.000000,708.000061</point>
				<point>449.799988,714.400085</point>
			</points>
		</object>
		<object>
			<coordinate>pixel</coordinate>
			<type>rectangle</type>
			<description>None</description>
			<possibleresult>
				<name>Cargo Truck</name>
			</possibleresult>
			<points>
				<point>436.000000,704.000000</point>
				<point>421.000000,715.000000</point>
				<point>416.390198,708.713867</point>
				<point>431.390198,697.713867</point>
				<point>436.000000,704.000000</point>
			</points>
		</object>
		<object>
			<coordinate>pixel</coordinate>
			<type>rectangle</type>
			<description>None</description>
			<possibleresult>
				<name>Van</name>
			</possibleresult>
			<points>
				<point>337.386597,741.702637</point>
				<point>324.386597,751.702637</point>
				<point>320.000000,746.000000</point>
				<point>333.000000,736.000000</point>
				<point>337.386597,741.702637</point>
			</points>
		</object>
		<object>
			<coordinate>pixel</coordinate>
			<type>rectangle</type>
			<description>None</description>
			<possibleresult>
				<name>Van</name>
			</possibleresult>
			<points>
				<point>342.121948,746.902527</point>
				<point>332.000000,755.000061</point>
				<point>328.878052,751.097595</point>
				<point>339.000000,743.000061</point>
				<point>342.121948,746.902527</point>
			</points>
		</object>
		<object>
			<coordinate>pixel</coordinate>
			<type>rectangle</type>
			<description>None</description>
			<possibleresult>
				<name>Van</name>
			</possibleresult>
			<points>
				<point>355.320068,761.760071</point>
				<point>343.000061,771.000061</point>
				<point>338.680054,765.240051</point>
				<point>351.000061,756.000061</point>
				<point>355.320068,761.760071</point>
			</points>
		</object>
		<object>
			<coordinate>pixel</coordinate>
			<type>rectangle</type>
			<description>None</description>
			<possibleresult>
				<name>Van</name>
			</possibleresult>
			<points>
				<point>359.480042,766.640076</point>
				<point>348.120056,775.160095</point>
				<point>344.640076,770.520081</point>
				<point>356.000061,762.000061</point>
				<point>359.480042,766.640076</point>
			</points>
		</object>
		<object>
			<coordinate>pixel</coordinate>
			<type>rectangle</type>
			<description>None</description>
			<possibleresult>
				<name>Van</name>
			</possibleresult>
			<points>
				<point>286.480011,628.640015</point>
				<point>274.480011,637.640015</point>
				<point>271.000031,633.000000</point>
				<point>283.000031,624.000000</point>
				<point>286.480011,628.640015</point>
			</points>
		</object>
		<object>
			<coordinate>pixel</coordinate>
			<type>rectangle</type>
			<description>None</description>
			<possibleresult>
				<name>Small Car</name>
			</possibleresult>
			<points>
				<point>294.441681,633.652954</point>
				<point>280.000031,645.000000</point>
				<point>275.558380,639.347046</point>
				<point>290.000031,628.000000</point>
				<point>294.441681,633.652954</point>
			</points>
		</object>
		<object>
			<coordinate>pixel</coordinate>
			<type>rectangle</type>
			<description>None</description>
			<possibleresult>
				<name>Van</name>
			</possibleresult>
			<points>
				<point>300.527069,640.337952</point>
				<point>286.527069,650.337952</point>
				<point>282.000031,644.000061</point>
				<point>296.000031,634.000061</point>
				<point>300.527069,640.337952</point>
			</points>
		</object>
		<object>
			<coordinate>pixel</coordinate>
			<type>rectangle</type>
			<description>None</description>
			<possibleresult>
				<name>Van</name>
			</possibleresult>
			<points>
				<point>306.000000,644.000000</point>
				<point>293.840027,653.119995</point>
				<point>290.000000,648.000000</point>
				<point>302.159973,638.880005</point>
				<point>306.000000,644.000000</point>
			</points>
		</object>
		<object>
			<coordinate>pixel</coordinate>
			<type>rectangle</type>
			<description>None</description>
			<possibleresult>
				<name>Van</name>
			</possibleresult>
			<points>
				<point>310.054413,649.955444</point>
				<point>299.054413,658.955444</point>
				<point>294.999969,654.000000</point>
				<point>305.999969,645.000000</point>
				<point>310.054413,649.955444</point>
			</points>
		</object>
		<object>
			<coordinate>pixel</coordinate>
			<type>rectangle</type>
			<description>None</description>
			<possibleresult>
				<name>Van</name>
			</possibleresult>
			<points>
				<point>320.441681,655.652954</point>
				<point>306.000031,667.000000</point>
				<point>301.558380,661.347046</point>
				<point>316.000031,650.000000</point>
				<point>320.441681,655.652954</point>
			</points>
		</object>
		<object>
			<coordinate>pixel</coordinate>
			<type>rectangle</type>
			<description>None</description>
			<possibleresult>
				<name>Van</name>
			</possibleresult>
			<points>
				<point>404.707336,526.634216</point>
				<point>393.000000,536.000061</point>
				<point>389.000000,531.000061</point>
				<point>400.707336,521.634216</point>
				<point>404.707336,526.634216</point>
			</points>
		</object>
		<object>
			<coordinate>pixel</coordinate>
			<type>rectangle</type>
			<description>None</description>
			<possibleresult>
				<name>Van</name>
			</possibleresult>
			<points>
				<point>428.823364,543.138794</point>
				<point>414.823364,554.138794</point>
				<point>410.000000,548.000000</point>
				<point>424.000000,537.000000</point>
				<point>428.823364,543.138794</point>
			</points>
		</object>
		<object>
			<coordinate>pixel</coordinate>
			<type>rectangle</type>
			<description>None</description>
			<possibleresult>
				<name>other-vehicle</name>
			</possibleresult>
			<points>
				<point>490.000000,594.000061</point>
				<point>474.000000,606.000061</point>
				<point>468.000000,598.000061</point>
				<point>484.000000,586.000061</point>
				<point>490.000000,594.000061</point>
			</points>
		</object>
		<object>
			<coordinate>pixel</coordinate>
			<type>rectangle</type>
			<description>None</description>
			<possibleresult>
				<name>Van</name>
			</possibleresult>
			<points>
				<point>498.000031,601.000061</point>
				<point>485.360016,610.480042</point>
				<point>482.000031,606.000061</point>
				<point>494.640045,596.520081</point>
				<point>498.000031,601.000061</point>
			</points>
		</object>
		<object>
			<coordinate>pixel</coordinate>
			<type>rectangle</type>
			<description>None</description>
			<possibleresult>
				<name>Van</name>
			</possibleresult>
			<points>
				<point>507.320038,609.760010</point>
				<point>491.320038,621.760010</point>
				<point>487.000031,616.000000</point>
				<point>503.000031,604.000000</point>
				<point>507.320038,609.760010</point>
			</points>
		</object>
		<object>
			<coordinate>pixel</coordinate>
			<type>rectangle</type>
			<description>None</description>
			<possibleresult>
				<name>Van</name>
			</possibleresult>
			<points>
				<point>415.292664,784.365845</point>
				<point>401.390198,795.487793</point>
				<point>396.999939,790.000000</point>
				<point>410.902405,778.878052</point>
				<point>415.292664,784.365845</point>
			</points>
		</object>
		<object>
			<coordinate>pixel</coordinate>
			<type>rectangle</type>
			<description>None</description>
			<possibleresult>
				<name>Van</name>
			</possibleresult>
			<points>
				<point>409.000000,778.000000</point>
				<point>394.955811,789.034668</point>
				<point>391.000000,784.000000</point>
				<point>405.044189,772.965332</point>
				<point>409.000000,778.000000</point>
			</points>
		</object>
		<object>
			<coordinate>pixel</coordinate>
			<type>rectangle</type>
			<description>None</description>
			<possibleresult>
				<name>Van</name>
			</possibleresult>
			<points>
				<point>401.098358,772.918030</point>
				<point>388.999969,782.999939</point>
				<point>384.901581,778.081848</point>
				<point>396.999969,767.999939</point>
				<point>401.098358,772.918030</point>
			</points>
		</object>
		<object>
			<coordinate>pixel</coordinate>
			<type>rectangle</type>
			<description>None</description>
			<possibleresult>
				<name>Van</name>
			</possibleresult>
			<points>
				<point>395.999969,766.000000</point>
				<point>381.955780,777.034668</point>
				<point>377.999969,772.000000</point>
				<point>392.044159,760.965332</point>
				<point>395.999969,766.000000</point>
			</points>
		</object>
		<object>
			<coordinate>pixel</coordinate>
			<type>rectangle</type>
			<description>None</description>
			<possibleresult>
				<name>Van</name>
			</possibleresult>
			<points>
				<point>386.653412,761.465332</point>
				<point>375.653412,770.465332</point>
				<point>371.999969,766.000000</point>
				<point>382.999969,757.000000</point>
				<point>386.653412,761.465332</point>
			</points>
		</object>
		<object>
			<coordinate>pixel</coordinate>
			<type>rectangle</type>
			<description>None</description>
			<possibleresult>
				<name>Van</name>
			</possibleresult>
			<points>
				<point>380.054443,755.955444</point>
				<point>369.000000,765.000000</point>
				<point>364.945557,760.044556</point>
				<point>376.000000,751.000000</point>
				<point>380.054443,755.955444</point>
			</points>
		</object>
		<object>
			<coordinate>pixel</coordinate>
			<type>rectangle</type>
			<description>None</description>
			<possibleresult>
				<name>Van</name>
			</possibleresult>
			<points>
				<point>372.000031,751.000000</point>
				<point>362.930817,758.053833</point>
				<point>359.000031,753.000000</point>
				<point>368.069244,745.946167</point>
				<point>372.000031,751.000000</point>
			</points>
		</object>
		<object>
			<coordinate>pixel</coordinate>
			<type>rectangle</type>
			<description>None</description>
			<possibleresult>
				<name>Small Car</name>
			</possibleresult>
			<points>
				<point>419.054474,740.955444</point>
				<point>408.054474,749.955444</point>
				<point>404.000031,745.000000</point>
				<point>415.000031,736.000000</point>
				<point>419.054474,740.955444</point>
			</points>
		</object>
		<object>
			<coordinate>pixel</coordinate>
			<type>rectangle</type>
			<description>None</description>
			<possibleresult>
				<name>Van</name>
			</possibleresult>
			<points>
				<point>406.000000,729.000000</point>
				<point>394.945557,738.044556</point>
				<point>390.000000,732.000000</point>
				<point>401.054443,722.955444</point>
				<point>406.000000,729.000000</point>
			</points>
		</object>
		<object>
			<coordinate>pixel</coordinate>
			<type>rectangle</type>
			<description>None</description>
			<possibleresult>
				<name>Van</name>
			</possibleresult>
			<points>
				<point>372.000061,790.000000</point>
				<point>360.709473,802.317017</point>
				<point>356.000061,798.000000</point>
				<point>367.290649,785.682983</point>
				<point>372.000061,790.000000</point>
			</points>
		</object>
		<object>
			<coordinate>pixel</coordinate>
			<type>rectangle</type>
			<description>None</description>
			<possibleresult>
				<name>Van</name>
			</possibleresult>
			<points>
				<point>383.320007,706.760010</point>
				<point>367.000000,719.000000</point>
				<point>362.679993,713.239990</point>
				<point>379.000000,701.000000</point>
				<point>383.320007,706.760010</point>
			</points>
		</object>
		<object>
			<coordinate>pixel</coordinate>
			<type>rectangle</type>
			<description>None</description>
			<possibleresult>
				<name>Van</name>
			</possibleresult>
			<points>
				<point>373.480011,702.640015</point>
				<point>362.120026,711.160034</point>
				<point>358.640045,706.520020</point>
				<point>370.000031,698.000000</point>
				<point>373.480011,702.640015</point>
			</points>
		</object>
		<object>
			<coordinate>pixel</coordinate>
			<type>rectangle</type>
			<description>None</description>
			<possibleresult>
				<name>Van</name>
			</possibleresult>
			<points>
				<point>368.590179,696.508118</point>
				<point>356.590179,706.508118</point>
				<point>352.000031,700.999939</point>
				<point>364.000031,690.999939</point>
				<point>368.590179,696.508118</point>
			</points>
		</object>
		<object>
			<coordinate>pixel</coordinate>
			<type>rectangle</type>
			<description>None</description>
			<possibleresult>
				<name>Van</name>
			</possibleresult>
			<points>
				<point>362.487854,690.609802</point>
				<point>349.195190,701.243958</point>
				<point>344.707397,695.634216</point>
				<point>358.000061,685.000061</point>
				<point>362.487854,690.609802</point>
			</points>
		</object>
		<object>
			<coordinate>pixel</coordinate>
			<type>rectangle</type>
			<description>None</description>
			<possibleresult>
				<name>Van</name>
			</possibleresult>
			<points>
				<point>289.000031,678.000061</point>
				<point>279.000031,688.000061</point>
				<point>275.000031,684.000061</point>
				<point>285.000031,674.000061</point>
				<point>289.000031,678.000061</point>
			</points>
		</object>
		<object>
			<coordinate>pixel</coordinate>
			<type>rectangle</type>
			<description>None</description>
			<possibleresult>
				<name>Van</name>
			</possibleresult>
			<points>
				<point>259.000000,649.000000</point>
				<point>244.000000,662.000000</point>
				<point>238.885773,656.098999</point>
				<point>253.885773,643.098999</point>
				<point>259.000000,649.000000</point>
			</points>
		</object>
		<object>
			<coordinate>pixel</coordinate>
			<type>rectangle</type>
			<description>None</description>
			<possibleresult>
				<name>Van</name>
			</possibleresult>
			<points>
				<point>250.000031,646.000061</point>
				<point>240.000031,654.000061</point>
				<point>236.000031,649.000061</point>
				<point>246.000031,641.000061</point>
				<point>250.000031,646.000061</point>
			</points>
		</object>
		<object>
			<coordinate>pixel</coordinate>
			<type>rectangle</type>
			<description>None</description>
			<possibleresult>
				<name>Van</name>
			</possibleresult>
			<points>
				<point>683.000000,440.000061</point>
				<point>669.000000,451.000061</point>
				<point>664.558350,445.347046</point>
				<point>678.558350,434.347046</point>
				<point>683.000000,440.000061</point>
			</points>
		</object>
		<object>
			<coordinate>pixel</coordinate>
			<type>rectangle</type>
			<description>None</description>
			<possibleresult>
				<name>Van</name>
			</possibleresult>
			<points>
				<point>676.000061,434.000061</point>
				<point>662.903381,444.074402</point>
				<point>659.000061,439.000061</point>
				<point>672.096741,428.925720</point>
				<point>676.000061,434.000061</point>
			</points>
		</object>
		<object>
			<coordinate>pixel</coordinate>
			<type>rectangle</type>
			<description>None</description>
			<possibleresult>
				<name>Van</name>
			</possibleresult>
			<points>
				<point>658.544556,422.554474</point>
				<point>647.544556,431.554474</point>
				<point>643.000000,426.000031</point>
				<point>654.000000,417.000031</point>
				<point>658.544556,422.554474</point>
			</points>
		</object>
		<object>
			<coordinate>pixel</coordinate>
			<type>rectangle</type>
			<description>None</description>
			<possibleresult>
				<name>Van</name>
			</possibleresult>
			<points>
				<point>649.000000,410.000061</point>
				<point>634.000000,422.000061</point>
				<point>628.634155,415.292725</point>
				<point>643.634155,403.292725</point>
				<point>649.000000,410.000061</point>
			</points>
		</object>
		<object>
			<coordinate>pixel</coordinate>
			<type>rectangle</type>
			<description>None</description>
			<possibleresult>
				<name>Van</name>
			</possibleresult>
			<points>
				<point>640.609741,401.512207</point>
				<point>625.000000,414.000000</point>
				<point>621.390259,409.487793</point>
				<point>637.000000,397.000000</point>
				<point>640.609741,401.512207</point>
			</points>
		</object>
		<object>
			<coordinate>pixel</coordinate>
			<type>rectangle</type>
			<description>None</description>
			<possibleresult>
				<name>Van</name>
			</possibleresult>
			<points>
				<point>654.000000,416.000031</point>
				<point>640.903320,426.074371</point>
				<point>637.000000,421.000031</point>
				<point>650.096680,410.925690</point>
				<point>654.000000,416.000031</point>
			</points>
		</object>
		<object>
			<coordinate>pixel</coordinate>
			<type>rectangle</type>
			<description>None</description>
			<possibleresult>
				<name>Van</name>
			</possibleresult>
			<points>
				<point>685.054443,391.955383</point>
				<point>674.000000,400.999939</point>
				<point>669.945557,396.044495</point>
				<point>681.000000,386.999939</point>
				<point>685.054443,391.955383</point>
			</points>
		</object>
		<object>
			<coordinate>pixel</coordinate>
			<type>rectangle</type>
			<description>None</description>
			<possibleresult>
				<name>Van</name>
			</possibleresult>
			<points>
				<point>693.000000,396.000000</point>
				<point>680.606567,406.327881</point>
				<point>677.000000,402.000000</point>
				<point>689.393433,391.672119</point>
				<point>693.000000,396.000000</point>
			</points>
		</object>
		<object>
			<coordinate>pixel</coordinate>
			<type>rectangle</type>
			<description>None</description>
			<possibleresult>
				<name>Van</name>
			</possibleresult>
			<points>
				<point>701.164734,400.858826</point>
				<point>687.000061,413.000000</point>
				<point>682.835388,408.141174</point>
				<point>697.000061,396.000000</point>
				<point>701.164734,400.858826</point>
			</points>
		</object>
		<object>
			<coordinate>pixel</coordinate>
			<type>rectangle</type>
			<description>None</description>
			<possibleresult>
				<name>Van</name>
			</possibleresult>
			<points>
				<point>707.000000,406.999939</point>
				<point>693.833862,419.153320</point>
				<point>690.000000,414.999939</point>
				<point>703.166138,402.846558</point>
				<point>707.000000,406.999939</point>
			</points>
		</object>
		<object>
			<coordinate>pixel</coordinate>
			<type>rectangle</type>
			<description>None</description>
			<possibleresult>
				<name>Van</name>
			</possibleresult>
			<points>
				<point>712.999939,413.000031</point>
				<point>701.800842,423.181000</point>
				<point>697.999939,419.000031</point>
				<point>709.199036,408.819061</point>
				<point>712.999939,413.000031</point>
			</points>
		</object>
		<object>
			<coordinate>pixel</coordinate>
			<type>rectangle</type>
			<description>None</description>
			<possibleresult>
				<name>Van</name>
			</possibleresult>
			<points>
				<point>633.500000,369.500031</point>
				<point>630.000000,373.000031</point>
				<point>620.500000,363.500031</point>
				<point>624.000000,360.000031</point>
				<point>633.500000,369.500031</point>
			</points>
		</object>
		<object>
			<coordinate>pixel</coordinate>
			<type>rectangle</type>
			<description>None</description>
			<possibleresult>
				<name>Van</name>
			</possibleresult>
			<points>
				<point>580.000061,417.000000</point>
				<point>575.643738,421.667480</point>
				<point>560.643738,407.667480</point>
				<point>565.000061,403.000000</point>
				<point>580.000061,417.000000</point>
			</points>
		</object>
		<object>
			<coordinate>pixel</coordinate>
			<type>rectangle</type>
			<description>None</description>
			<possibleresult>
				<name>Van</name>
			</possibleresult>
			<points>
				<point>322.000031,749.000061</point>
				<point>316.000031,755.000061</point>
				<point>302.500031,741.500061</point>
				<point>308.500031,735.500061</point>
				<point>322.000031,749.000061</point>
			</points>
		</object>
		<object>
			<coordinate>pixel</coordinate>
			<type>rectangle</type>
			<description>None</description>
			<possibleresult>
				<name>Van</name>
			</possibleresult>
			<points>
				<point>455.332275,710.306763</point>
				<point>451.000000,715.000000</point>
				<point>438.000000,703.000000</point>
				<point>442.332275,698.306763</point>
				<point>455.332275,710.306763</point>
			</points>
		</object>
		<object>
			<coordinate>pixel</coordinate>
			<type>rectangle</type>
			<description>None</description>
			<possibleresult>
				<name>Small Car</name>
			</possibleresult>
			<points>
				<point>311.999969,728.000000</point>
				<point>307.491791,733.409790</point>
				<point>295.491791,723.409790</point>
				<point>299.999969,718.000000</point>
				<point>311.999969,728.000000</point>
			</points>
		</object>
		<object>
			<coordinate>pixel</coordinate>
			<type>rectangle</type>
			<description>None</description>
			<possibleresult>
				<name>Small Car</name>
			</possibleresult>
			<points>
				<point>305.098389,735.081909</point>
				<point>301.000000,740.000000</point>
				<point>288.901611,729.918091</point>
				<point>293.000000,725.000000</point>
				<point>305.098389,735.081909</point>
			</points>
		</object>
		<object>
			<coordinate>pixel</coordinate>
			<type>rectangle</type>
			<description>None</description>
			<possibleresult>
				<name>Small Car</name>
			</possibleresult>
			<points>
				<point>297.508118,739.590149</point>
				<point>292.999939,744.999939</point>
				<point>280.999939,734.999939</point>
				<point>285.508118,729.590149</point>
				<point>297.508118,739.590149</point>
			</points>
		</object>
		<object>
			<coordinate>pixel</coordinate>
			<type>rectangle</type>
			<description>None</description>
			<possibleresult>
				<name>Small Car</name>
			</possibleresult>
			<points>
				<point>289.000000,746.000000</point>
				<point>284.054443,752.044556</point>
				<point>273.000000,743.000000</point>
				<point>277.945557,736.955444</point>
				<point>289.000000,746.000000</point>
			</points>
		</object>
		<object>
			<coordinate>pixel</coordinate>
			<type>rectangle</type>
			<description>None</description>
			<possibleresult>
				<name>Small Car</name>
			</possibleresult>
			<points>
				<point>281.000000,755.000000</point>
				<point>276.169312,760.233276</point>
				<point>263.169312,748.233276</point>
				<point>268.000000,743.000000</point>
				<point>281.000000,755.000000</point>
			</points>
		</object>
		<object>
			<coordinate>pixel</coordinate>
			<type>rectangle</type>
			<description>None</description>
			<possibleresult>
				<name>Small Car</name>
			</possibleresult>
			<points>
				<point>310.248840,752.226196</point>
				<point>305.000000,758.000000</point>
				<point>293.751160,747.773804</point>
				<point>299.000000,742.000000</point>
				<point>310.248840,752.226196</point>
			</points>
		</object>
		<object>
			<coordinate>pixel</coordinate>
			<type>rectangle</type>
			<description>None</description>
			<possibleresult>
				<name>Van</name>
			</possibleresult>
			<points>
				<point>324.000031,764.999939</point>
				<point>319.448334,770.379211</point>
				<point>306.000031,758.999939</point>
				<point>310.551727,753.620667</point>
				<point>324.000031,764.999939</point>
			</points>
		</object>
		<object>
			<coordinate>pixel</coordinate>
			<type>rectangle</type>
			<description>None</description>
			<possibleresult>
				<name>Van</name>
			</possibleresult>
			<points>
				<point>338.054413,776.044678</point>
				<point>333.999969,781.000122</point>
				<point>322.945526,771.955566</point>
				<point>326.999969,767.000122</point>
				<point>338.054413,776.044678</point>
			</points>
		</object>
		<object>
			<coordinate>pixel</coordinate>
			<type>rectangle</type>
			<description>None</description>
			<possibleresult>
				<name>Small Car</name>
			</possibleresult>
			<points>
				<point>303.134460,760.113831</point>
				<point>299.000000,765.000061</point>
				<point>285.865540,753.886292</point>
				<point>290.000000,749.000061</point>
				<point>303.134460,760.113831</point>
			</points>
		</object>
		<object>
			<coordinate>pixel</coordinate>
			<type>rectangle</type>
			<description>None</description>
			<possibleresult>
				<name>Van</name>
			</possibleresult>
			<points>
				<point>317.999969,771.000000</point>
				<point>312.999969,777.000000</point>
				<point>300.999969,767.000000</point>
				<point>305.999969,761.000000</point>
				<point>317.999969,771.000000</point>
			</points>
		</object>
		<object>
			<coordinate>pixel</coordinate>
			<type>rectangle</type>
			<description>None</description>
			<possibleresult>
				<name>Van</name>
			</possibleresult>
			<points>
				<point>332.248840,783.226257</point>
				<point>327.000000,789.000061</point>
				<point>315.751160,778.773865</point>
				<point>321.000000,773.000061</point>
				<point>332.248840,783.226257</point>
			</points>
		</object>
		<object>
			<coordinate>pixel</coordinate>
			<type>rectangle</type>
			<description>None</description>
			<possibleresult>
				<name>Small Car</name>
			</possibleresult>
			<points>
				<point>347.000000,798.000000</point>
				<point>342.411743,803.352905</point>
				<point>328.000000,791.000000</point>
				<point>332.588257,785.647095</point>
				<point>347.000000,798.000000</point>
			</points>
		</object>
		<object>
			<coordinate>pixel</coordinate>
			<type>rectangle</type>
			<description>None</description>
			<possibleresult>
				<name>Small Car</name>
			</possibleresult>
			<points>
				<point>298.000000,769.000000</point>
				<point>294.181152,773.166016</point>
				<point>282.000000,762.000000</point>
				<point>285.818848,757.833984</point>
				<point>298.000000,769.000000</point>
			</points>
		</object>
		<object>
			<coordinate>pixel</coordinate>
			<type>rectangle</type>
			<description>None</description>
			<possibleresult>
				<name>Van</name>
			</possibleresult>
			<points>
				<point>312.544586,780.445618</point>
				<point>308.000031,786.000061</point>
				<point>296.455475,776.554504</point>
				<point>301.000031,771.000061</point>
				<point>312.544586,780.445618</point>
			</points>
		</object>
		<object>
			<coordinate>pixel</coordinate>
			<type>rectangle</type>
			<description>None</description>
			<possibleresult>
				<name>Van</name>
			</possibleresult>
			<points>
				<point>327.098358,792.081787</point>
				<point>322.999969,796.999878</point>
				<point>310.901581,786.917969</point>
				<point>314.999969,781.999878</point>
				<point>327.098358,792.081787</point>
			</points>
		</object>
		<object>
			<coordinate>pixel</coordinate>
			<type>rectangle</type>
			<description>None</description>
			<possibleresult>
				<name>Cargo Truck</name>
			</possibleresult>
			<points>
				<point>90.999985,719.000000</point>
				<point>82.558601,728.496582</point>
				<point>60.834461,709.186279</point>
				<point>69.275841,699.689697</point>
				<point>90.999985,719.000000</point>
			</points>
		</object>
		<object>
			<coordinate>pixel</coordinate>
			<type>rectangle</type>
			<description>None</description>
			<possibleresult>
				<name>Van</name>
			</possibleresult>
			<points>
				<point>160.070801,767.061951</point>
				<point>154.000000,774.000061</point>
				<point>137.929199,759.938171</point>
				<point>144.000000,753.000061</point>
				<point>160.070801,767.061951</point>
			</points>
		</object>
		<object>
			<coordinate>pixel</coordinate>
			<type>rectangle</type>
			<description>None</description>
			<possibleresult>
				<name>Cargo Truck</name>
			</possibleresult>
			<points>
				<point>219.110336,834.875793</point>
				<point>210.668961,844.372375</point>
				<point>189.999985,825.999939</point>
				<point>198.441360,816.503357</point>
				<point>219.110336,834.875793</point>
			</points>
		</object>
		<object>
			<coordinate>pixel</coordinate>
			<type>rectangle</type>
			<description>None</description>
			<possibleresult>
				<name>Trailer</name>
			</possibleresult>
			<points>
				<point>25.185841,646.787598</point>
				<point>17.752213,655.283203</point>
				<point>0.000000,639.750000</point>
				<point>0.000000,624.750000</point>
				<point>25.185841,646.787598</point>
			</points>
		</object>
		<object>
			<coordinate>pixel</coordinate>
			<type>rectangle</type>
			<description>None</description>
			<possibleresult>
				<name>Trailer</name>
			</possibleresult>
			<points>
				<point>6.461891,719.388977</point>
				<point>-4.538147,710.125793</point>
				<point>-0.000010,704.736755</point>
				<point>11.000028,713.999939</point>
				<point>6.461891,719.388977</point>
			</points>
		</object>
		<object>
			<coordinate>pixel</coordinate>
			<type>rectangle</type>
			<description>None</description>
			<possibleresult>
				<name>Van</name>
			</possibleresult>
			<points>
				<point>66.362289,762.331970</point>
				<point>63.000027,765.999939</point>
				<point>51.000027,754.999939</point>
				<point>54.362293,751.331970</point>
				<point>66.362289,762.331970</point>
			</points>
		</object>
		<object>
			<coordinate>pixel</coordinate>
			<type>rectangle</type>
			<description>None</description>
			<possibleresult>
				<name>Van</name>
			</possibleresult>
			<points>
				<point>163.164673,842.141235</point>
				<point>158.999969,847.000000</point>
				<point>144.835266,834.858765</point>
				<point>148.999969,830.000000</point>
				<point>163.164673,842.141235</point>
			</points>
		</object>
		<object>
			<coordinate>pixel</coordinate>
			<type>rectangle</type>
			<description>None</description>
			<possibleresult>
				<name>Van</name>
			</possibleresult>
			<points>
				<point>299.044769,892.037903</point>
				<point>293.999969,897.999939</point>
				<point>280.955170,886.961975</point>
				<point>285.999969,880.999939</point>
				<point>299.044769,892.037903</point>
			</points>
		</object>
		<object>
			<coordinate>pixel</coordinate>
			<type>rectangle</type>
			<description>None</description>
			<possibleresult>
				<name>Van</name>
			</possibleresult>
			<points>
				<point>380.000061,968.000000</point>
				<point>375.411804,973.352905</point>
				<point>361.000061,961.000000</point>
				<point>365.588318,955.647095</point>
				<point>380.000061,968.000000</point>
			</points>
		</object>
		<object>
			<coordinate>pixel</coordinate>
			<type>rectangle</type>
			<description>None</description>
			<possibleresult>
				<name>other-vehicle</name>
			</possibleresult>
			<points>
				<point>164.000000,496.999969</point>
				<point>151.728302,508.249054</point>
				<point>146.000000,501.999969</point>
				<point>158.271698,490.750885</point>
				<point>164.000000,496.999969</point>
			</points>
		</object>
		<object>
			<coordinate>pixel</coordinate>
			<type>rectangle</type>
			<description>None</description>
			<possibleresult>
				<name>Van</name>
			</possibleresult>
			<points>
				<point>170.999985,504.000000</point>
				<point>158.773575,515.207520</point>
				<point>153.999985,510.000000</point>
				<point>166.226395,498.792480</point>
				<point>170.999985,504.000000</point>
			</points>
		</object>
		<object>
			<coordinate>pixel</coordinate>
			<type>rectangle</type>
			<description>None</description>
			<possibleresult>
				<name>other-vehicle</name>
			</possibleresult>
			<points>
				<point>180.226410,513.792480</point>
				<point>168.000000,525.000000</point>
				<point>161.773590,518.207520</point>
				<point>174.000000,507.000000</point>
				<point>180.226410,513.792480</point>
			</points>
		</object>
		<object>
			<coordinate>pixel</coordinate>
			<type>rectangle</type>
			<description>None</description>
			<possibleresult>
				<name>other-vehicle</name>
			</possibleresult>
			<points>
				<point>188.723770,522.248718</point>
				<point>178.723770,531.248718</point>
				<point>174.000015,526.000061</point>
				<point>184.000015,517.000061</point>
				<point>188.723770,522.248718</point>
			</points>
		</object>
		<object>
			<coordinate>pixel</coordinate>
			<type>rectangle</type>
			<description>None</description>
			<possibleresult>
				<name>Van</name>
			</possibleresult>
			<points>
				<point>208.461517,536.692200</point>
				<point>193.461517,546.692200</point>
				<point>188.999969,539.999939</point>
				<point>203.999969,529.999939</point>
				<point>208.461517,536.692200</point>
			</points>
		</object>
		<object>
			<coordinate>pixel</coordinate>
			<type>rectangle</type>
			<description>None</description>
			<possibleresult>
				<name>other-vehicle</name>
			</possibleresult>
			<points>
				<point>218.248856,541.773804</point>
				<point>207.248856,551.773804</point>
				<point>201.999985,546.000000</point>
				<point>212.999985,536.000000</point>
				<point>218.248856,541.773804</point>
			</points>
		</object>
		<object>
			<coordinate>pixel</coordinate>
			<type>rectangle</type>
			<description>None</description>
			<possibleresult>
				<name>Small Car</name>
			</possibleresult>
			<points>
				<point>124.000015,495.000000</point>
				<point>118.456863,501.395935</point>
				<point>103.456863,488.395935</point>
				<point>109.000015,482.000000</point>
				<point>124.000015,495.000000</point>
			</points>
		</object>
		<object>
			<coordinate>pixel</coordinate>
			<type>rectangle</type>
			<description>None</description>
			<possibleresult>
				<name>Van</name>
			</possibleresult>
			<points>
				<point>132.000015,483.000000</point>
				<point>127.226425,488.207520</point>
				<point>115.000015,477.000000</point>
				<point>119.773605,471.792480</point>
				<point>132.000015,483.000000</point>
			</points>
		</object>
		<object>
			<coordinate>pixel</coordinate>
			<type>rectangle</type>
			<description>None</description>
			<possibleresult>
				<name>Small Car</name>
			</possibleresult>
			<points>
				<point>125.000015,528.000000</point>
				<point>119.000015,534.000000</point>
				<point>106.000015,521.000000</point>
				<point>112.000015,515.000000</point>
				<point>125.000015,528.000000</point>
			</points>
		</object>
		<object>
			<coordinate>pixel</coordinate>
			<type>rectangle</type>
			<description>None</description>
			<possibleresult>
				<name>Van</name>
			</possibleresult>
			<points>
				<point>234.316956,578.290527</point>
				<point>229.999969,583.000000</point>
				<point>217.682983,571.709473</point>
				<point>221.999969,567.000000</point>
				<point>234.316956,578.290527</point>
			</points>
		</object>
		<object>
			<coordinate>pixel</coordinate>
			<type>rectangle</type>
			<description>None</description>
			<possibleresult>
				<name>Van</name>
			</possibleresult>
			<points>
				<point>165.000000,562.000000</point>
				<point>160.000000,567.000000</point>
				<point>148.000000,555.000000</point>
				<point>153.000000,550.000000</point>
				<point>165.000000,562.000000</point>
			</points>
		</object>
		<object>
			<coordinate>pixel</coordinate>
			<type>rectangle</type>
			<description>None</description>
			<possibleresult>
				<name>Van</name>
			</possibleresult>
			<points>
				<point>217.306870,596.284912</point>
				<point>212.000015,602.000000</point>
				<point>197.693161,588.715088</point>
				<point>203.000015,583.000000</point>
				<point>217.306870,596.284912</point>
			</points>
		</object>
		<object>
			<coordinate>pixel</coordinate>
			<type>rectangle</type>
			<description>None</description>
			<possibleresult>
				<name>Van</name>
			</possibleresult>
			<points>
				<point>338.560852,411.538086</point>
				<point>321.560852,425.538086</point>
				<point>317.000000,419.999939</point>
				<point>334.000000,405.999939</point>
				<point>338.560852,411.538086</point>
			</points>
		</object>
		<object>
			<coordinate>pixel</coordinate>
			<type>rectangle</type>
			<description>None</description>
			<possibleresult>
				<name>Van</name>
			</possibleresult>
			<points>
				<point>329.190338,406.834991</point>
				<point>314.190338,419.834991</point>
				<point>309.999969,414.999969</point>
				<point>324.999969,401.999969</point>
				<point>329.190338,406.834991</point>
			</points>
		</object>
		<object>
			<coordinate>pixel</coordinate>
			<type>rectangle</type>
			<description>None</description>
			<possibleresult>
				<name>Van</name>
			</possibleresult>
			<points>
				<point>320.000000,401.999969</point>
				<point>308.000000,411.999969</point>
				<point>303.000000,405.999969</point>
				<point>315.000000,395.999969</point>
				<point>320.000000,401.999969</point>
			</points>
		</object>
		<object>
			<coordinate>pixel</coordinate>
			<type>rectangle</type>
			<description>None</description>
			<possibleresult>
				<name>Van</name>
			</possibleresult>
			<points>
				<point>278.000000,389.000031</point>
				<point>264.613403,399.297455</point>
				<point>259.000000,392.000031</point>
				<point>272.386597,381.702606</point>
				<point>278.000000,389.000031</point>
			</points>
		</object>
		<object>
			<coordinate>pixel</coordinate>
			<type>rectangle</type>
			<description>None</description>
			<possibleresult>
				<name>Van</name>
			</possibleresult>
			<points>
				<point>300.000000,407.000000</point>
				<point>284.750610,421.232788</point>
				<point>278.000000,414.000000</point>
				<point>293.249390,399.767212</point>
				<point>300.000000,407.000000</point>
			</points>
		</object>
		<object>
			<coordinate>pixel</coordinate>
			<type>rectangle</type>
			<description>None</description>
			<possibleresult>
				<name>Van</name>
			</possibleresult>
			<points>
				<point>525.491760,244.590149</point>
				<point>513.491760,254.590149</point>
				<point>507.999939,247.999969</point>
				<point>519.999939,237.999969</point>
				<point>525.491760,244.590149</point>
			</points>
		</object>
		<object>
			<coordinate>pixel</coordinate>
			<type>rectangle</type>
			<description>None</description>
			<possibleresult>
				<name>Van</name>
			</possibleresult>
			<points>
				<point>509.491821,222.590164</point>
				<point>495.327881,234.393448</point>
				<point>489.836060,227.803268</point>
				<point>504.000000,215.999985</point>
				<point>509.491821,222.590164</point>
			</points>
		</object>
		<object>
			<coordinate>pixel</coordinate>
			<type>rectangle</type>
			<description>None</description>
			<possibleresult>
				<name>Van</name>
			</possibleresult>
			<points>
				<point>486.000000,208.999969</point>
				<point>473.901611,219.081940</point>
				<point>468.000000,211.999969</point>
				<point>480.098389,201.917999</point>
				<point>486.000000,208.999969</point>
			</points>
		</object>
		<object>
			<coordinate>pixel</coordinate>
			<type>rectangle</type>
			<description>None</description>
			<possibleresult>
				<name>Van</name>
			</possibleresult>
			<points>
				<point>473.000000,204.000015</point>
				<point>463.930786,211.053848</point>
				<point>460.000000,206.000015</point>
				<point>469.069214,198.946182</point>
				<point>473.000000,204.000015</point>
			</points>
		</object>
		<object>
			<coordinate>pixel</coordinate>
			<type>rectangle</type>
			<description>None</description>
			<possibleresult>
				<name>Van</name>
			</possibleresult>
			<points>
				<point>597.999939,194.000015</point>
				<point>583.999939,205.000015</point>
				<point>580.529968,200.583603</point>
				<point>594.529968,189.583603</point>
				<point>597.999939,194.000015</point>
			</points>
		</object>
		<object>
			<coordinate>pixel</coordinate>
			<type>rectangle</type>
			<description>None</description>
			<possibleresult>
				<name>Bus</name>
			</possibleresult>
			<points>
				<point>523.576538,230.505920</point>
				<point>509.000031,243.000031</point>
				<point>503.000031,236.000031</point>
				<point>517.576538,223.505920</point>
				<point>523.576538,230.505920</point>
			</points>
		</object>
		<object>
			<coordinate>pixel</coordinate>
			<type>rectangle</type>
			<description>None</description>
			<possibleresult>
				<name>Van</name>
			</possibleresult>
			<points>
				<point>580.290710,175.731598</point>
				<point>566.999939,187.999969</point>
				<point>561.709167,182.268341</point>
				<point>574.999939,169.999969</point>
				<point>580.290710,175.731598</point>
			</points>
		</object>
		<object>
			<coordinate>pixel</coordinate>
			<type>rectangle</type>
			<description>None</description>
			<possibleresult>
				<name>Van</name>
			</possibleresult>
			<points>
				<point>564.000000,171.000031</point>
				<point>553.000000,179.000031</point>
				<point>547.594604,171.567596</point>
				<point>558.594604,163.567596</point>
				<point>564.000000,171.000031</point>
			</points>
		</object>
		<object>
			<coordinate>pixel</coordinate>
			<type>rectangle</type>
			<description>None</description>
			<possibleresult>
				<name>Small Car</name>
			</possibleresult>
			<points>
				<point>545.508179,182.409866</point>
				<point>533.508179,192.409866</point>
				<point>529.000000,187.000015</point>
				<point>541.000000,177.000015</point>
				<point>545.508179,182.409866</point>
			</points>
		</object>
		<object>
			<coordinate>pixel</coordinate>
			<type>rectangle</type>
			<description>None</description>
			<possibleresult>
				<name>Small Car</name>
			</possibleresult>
			<points>
				<point>556.999939,192.000000</point>
				<point>542.999939,204.000000</point>
				<point>537.423523,197.494110</point>
				<point>551.423523,185.494110</point>
				<point>556.999939,192.000000</point>
			</points>
		</object>
		<object>
			<coordinate>pixel</coordinate>
			<type>rectangle</type>
			<description>None</description>
			<possibleresult>
				<name>Small Car</name>
			</possibleresult>
			<points>
				<point>565.999939,199.999969</point>
				<point>553.508118,210.409821</point>
				<point>548.999939,204.999969</point>
				<point>561.491760,194.590118</point>
				<point>565.999939,199.999969</point>
			</points>
		</object>
		<object>
			<coordinate>pixel</coordinate>
			<type>rectangle</type>
			<description>None</description>
			<possibleresult>
				<name>Small Car</name>
			</possibleresult>
			<points>
				<point>579.000000,207.999985</point>
				<point>564.423584,220.494095</point>
				<point>558.423584,213.494095</point>
				<point>573.000000,200.999985</point>
				<point>579.000000,207.999985</point>
			</points>
		</object>
		<object>
			<coordinate>pixel</coordinate>
			<type>rectangle</type>
			<description>None</description>
			<possibleresult>
				<name>Van</name>
			</possibleresult>
			<points>
				<point>589.044739,214.962051</point>
				<point>575.999939,225.999985</point>
				<point>570.955139,220.037918</point>
				<point>583.999939,208.999985</point>
				<point>589.044739,214.962051</point>
			</points>
		</object>
		<object>
			<coordinate>pixel</coordinate>
			<type>rectangle</type>
			<description>None</description>
			<possibleresult>
				<name>Small Car</name>
			</possibleresult>
			<points>
				<point>599.114197,223.901001</point>
				<point>583.999939,236.999969</point>
				<point>578.885681,231.098969</point>
				<point>593.999939,218.000000</point>
				<point>599.114197,223.901001</point>
			</points>
		</object>
		<object>
			<coordinate>pixel</coordinate>
			<type>rectangle</type>
			<description>None</description>
			<possibleresult>
				<name>Small Car</name>
			</possibleresult>
			<points>
				<point>506.500061,162.500015</point>
				<point>501.000061,168.000015</point>
				<point>488.000061,155.000015</point>
				<point>493.500061,149.500015</point>
				<point>506.500061,162.500015</point>
			</points>
		</object>
		<object>
			<coordinate>pixel</coordinate>
			<type>rectangle</type>
			<description>None</description>
			<possibleresult>
				<name>Van</name>
			</possibleresult>
			<points>
				<point>516.000000,156.000000</point>
				<point>511.500000,160.500000</point>
				<point>501.500000,150.500000</point>
				<point>506.000000,146.000000</point>
				<point>516.000000,156.000000</point>
			</points>
		</object>
		<object>
			<coordinate>pixel</coordinate>
			<type>rectangle</type>
			<description>None</description>
			<possibleresult>
				<name>Van</name>
			</possibleresult>
			<points>
				<point>537.500061,134.500031</point>
				<point>532.500061,139.500031</point>
				<point>523.000061,130.000031</point>
				<point>528.000061,125.000031</point>
				<point>537.500061,134.500031</point>
			</points>
		</object>
		<object>
			<coordinate>pixel</coordinate>
			<type>rectangle</type>
			<description>None</description>
			<possibleresult>
				<name>Cargo Truck</name>
			</possibleresult>
			<points>
				<point>667.020508,198.559082</point>
				<point>665.000000,242.000000</point>
				<point>652.979492,241.440918</point>
				<point>655.000000,198.000000</point>
				<point>667.020508,198.559082</point>
			</points>
		</object>
		<object>
			<coordinate>pixel</coordinate>
			<type>rectangle</type>
			<description>None</description>
			<possibleresult>
				<name>Trailer</name>
			</possibleresult>
			<points>
				<point>643.000000,203.000000</point>
				<point>633.000000,203.000000</point>
				<point>633.000000,174.000000</point>
				<point>643.000000,174.000000</point>
				<point>643.000000,203.000000</point>
			</points>
		</object>
		<object>
			<coordinate>pixel</coordinate>
			<type>rectangle</type>
			<description>None</description>
			<possibleresult>
				<name>Van</name>
			</possibleresult>
			<points>
				<point>708.386597,23.702599</point>
				<point>695.000000,33.999996</point>
				<point>690.613403,28.297394</point>
				<point>704.000000,17.999996</point>
				<point>708.386597,23.702599</point>
			</points>
		</object>
		<object>
			<coordinate>pixel</coordinate>
			<type>rectangle</type>
			<description>None</description>
			<possibleresult>
				<name>Small Car</name>
			</possibleresult>
			<points>
				<point>689.999939,36.999962</point>
				<point>679.918030,49.098328</point>
				<point>674.999939,44.999969</point>
				<point>685.081848,32.901604</point>
				<point>689.999939,36.999962</point>
			</points>
		</object>
		<object>
			<coordinate>pixel</coordinate>
			<type>rectangle</type>
			<description>None</description>
			<possibleresult>
				<name>Van</name>
			</possibleresult>
			<points>
				<point>659.000000,78.000023</point>
				<point>652.862061,93.344856</point>
				<point>644.931030,90.172447</point>
				<point>651.068970,74.827614</point>
				<point>659.000000,78.000023</point>
			</points>
		</object>
		<object>
			<coordinate>pixel</coordinate>
			<type>rectangle</type>
			<description>None</description>
			<possibleresult>
				<name>Small Car</name>
			</possibleresult>
			<points>
				<point>845.590149,7.508183</point>
				<point>832.999939,17.999987</point>
				<point>828.409729,12.491789</point>
				<point>840.999939,1.999985</point>
				<point>845.590149,7.508183</point>
			</points>
		</object>
		<object>
			<coordinate>pixel</coordinate>
			<type>rectangle</type>
			<description>None</description>
			<possibleresult>
				<name>Van</name>
			</possibleresult>
			<points>
				<point>831.000122,16.000032</point>
				<point>820.779175,25.198927</point>
				<point>817.000122,21.000032</point>
				<point>827.221069,11.801138</point>
				<point>831.000122,16.000032</point>
			</points>
		</object>
		<object>
			<coordinate>pixel</coordinate>
			<type>rectangle</type>
			<description>None</description>
			<possibleresult>
				<name>Van</name>
			</possibleresult>
			<points>
				<point>859.000000,3.999969</point>
				<point>849.813843,12.165485</point>
				<point>847.000000,8.999968</point>
				<point>856.186157,0.834452</point>
				<point>859.000000,3.999969</point>
			</points>
		</object>
		<object>
			<coordinate>pixel</coordinate>
			<type>rectangle</type>
			<description>None</description>
			<possibleresult>
				<name>Van</name>
			</possibleresult>
			<points>
				<point>878.416260,27.697296</point>
				<point>867.416260,35.697296</point>
				<point>864.000000,31.000000</point>
				<point>875.000000,23.000000</point>
				<point>878.416260,27.697296</point>
			</points>
		</object>
		<object>
			<coordinate>pixel</coordinate>
			<type>rectangle</type>
			<description>None</description>
			<possibleresult>
				<name>Small Car</name>
			</possibleresult>
			<points>
				<point>886.320007,34.759987</point>
				<point>874.000061,43.999985</point>
				<point>869.680115,38.239983</point>
				<point>882.000061,28.999985</point>
				<point>886.320007,34.759987</point>
			</points>
		</object>
		<object>
			<coordinate>pixel</coordinate>
			<type>rectangle</type>
			<description>None</description>
			<possibleresult>
				<name>Van</name>
			</possibleresult>
			<points>
				<point>899.999939,23.000031</point>
				<point>886.903259,33.074379</point>
				<point>882.999939,28.000031</point>
				<point>896.096619,17.925682</point>
				<point>899.999939,23.000031</point>
			</points>
		</object>
		<object>
			<coordinate>pixel</coordinate>
			<type>rectangle</type>
			<description>None</description>
			<possibleresult>
				<name>Bus</name>
			</possibleresult>
			<points>
				<point>903.000000,36.999981</point>
				<point>867.000000,64.999985</point>
				<point>860.861572,57.107670</point>
				<point>896.861572,29.107666</point>
				<point>903.000000,36.999981</point>
			</points>
		</object>
		<object>
			<coordinate>pixel</coordinate>
			<type>rectangle</type>
			<description>None</description>
			<possibleresult>
				<name>Bus</name>
			</possibleresult>
			<points>
				<point>912.034363,45.974014</point>
				<point>874.999939,74.000023</point>
				<point>868.965515,66.026031</point>
				<point>905.999939,38.000023</point>
				<point>912.034363,45.974014</point>
			</points>
		</object>
		<object>
			<coordinate>pixel</coordinate>
			<type>rectangle</type>
			<description>None</description>
			<possibleresult>
				<name>Bus</name>
			</possibleresult>
			<points>
				<point>920.000122,54.000015</point>
				<point>884.000122,82.000023</point>
				<point>878.723145,75.215408</point>
				<point>914.723145,47.215401</point>
				<point>920.000122,54.000015</point>
			</points>
		</object>
		<object>
			<coordinate>pixel</coordinate>
			<type>rectangle</type>
			<description>None</description>
			<possibleresult>
				<name>Bus</name>
			</possibleresult>
			<points>
				<point>932.488159,61.380615</point>
				<point>893.488159,90.380615</point>
				<point>888.000000,83.000000</point>
				<point>927.000000,54.000000</point>
				<point>932.488159,61.380615</point>
			</points>
		</object>
		<object>
			<coordinate>pixel</coordinate>
			<type>rectangle</type>
			<description>None</description>
			<possibleresult>
				<name>Bus</name>
			</possibleresult>
			<points>
				<point>941.189026,68.856895</point>
				<point>903.999939,96.999947</point>
				<point>898.810852,90.142998</point>
				<point>935.999939,61.999947</point>
				<point>941.189026,68.856895</point>
			</points>
		</object>
		<object>
			<coordinate>pixel</coordinate>
			<type>rectangle</type>
			<description>None</description>
			<possibleresult>
				<name>Van</name>
			</possibleresult>
			<points>
				<point>1000.000000,8.749985</point>
				<point>993.479980,13.639999</point>
				<point>990.000000,8.999998</point>
				<point>1000.000000,1.499999</point>
				<point>1000.000000,8.749985</point>
			</points>
		</object>
		<object>
			<coordinate>pixel</coordinate>
			<type>rectangle</type>
			<description>None</description>
			<possibleresult>
				<name>Bus</name>
			</possibleresult>
			<points>
				<point>989.197021,32.850616</point>
				<point>984.000000,26.000031</point>
				<point>1000.000000,13.862103</point>
				<point>1005.197021,20.712688</point>
				<point>989.197021,32.850616</point>
			</points>
		</object>
		<object>
			<coordinate>pixel</coordinate>
			<type>rectangle</type>
			<description>None</description>
			<possibleresult>
				<name>Bus</name>
			</possibleresult>
			<points>
				<point>970.742432,44.758076</point>
				<point>963.000000,53.000027</point>
				<point>930.000000,22.000027</point>
				<point>937.742432,13.758076</point>
				<point>970.742432,44.758076</point>
			</points>
		</object>
		<object>
			<coordinate>pixel</coordinate>
			<type>rectangle</type>
			<description>None</description>
			<possibleresult>
				<name>Small Car</name>
			</possibleresult>
			<points>
				<point>955.999939,153.000000</point>
				<point>939.999939,164.000000</point>
				<point>935.448181,157.379303</point>
				<point>951.448181,146.379303</point>
				<point>955.999939,153.000000</point>
			</points>
		</object>
		<object>
			<coordinate>pixel</coordinate>
			<type>rectangle</type>
			<description>None</description>
			<possibleresult>
				<name>Van</name>
			</possibleresult>
			<points>
				<point>947.491760,143.590225</point>
				<point>935.491760,153.590225</point>
				<point>929.999939,147.000046</point>
				<point>941.999939,137.000046</point>
				<point>947.491760,143.590225</point>
			</points>
		</object>
		<object>
			<coordinate>pixel</coordinate>
			<type>rectangle</type>
			<description>None</description>
			<possibleresult>
				<name>Van</name>
			</possibleresult>
			<points>
				<point>755.000061,110.999985</point>
				<point>750.000061,115.999985</point>
				<point>735.000061,100.999985</point>
				<point>740.000061,95.999985</point>
				<point>755.000061,110.999985</point>
			</points>
		</object>
		<object>
			<coordinate>pixel</coordinate>
			<type>rectangle</type>
			<description>None</description>
			<possibleresult>
				<name>Van</name>
			</possibleresult>
			<points>
				<point>772.500061,120.500015</point>
				<point>768.000061,125.000015</point>
				<point>755.500061,112.500015</point>
				<point>760.000061,108.000015</point>
				<point>772.500061,120.500015</point>
			</points>
		</object>
		<object>
			<coordinate>pixel</coordinate>
			<type>rectangle</type>
			<description>None</description>
			<possibleresult>
				<name>Van</name>
			</possibleresult>
			<points>
				<point>737.000061,90.000038</point>
				<point>731.000061,96.000038</point>
				<point>719.000061,84.000038</point>
				<point>725.000061,78.000038</point>
				<point>737.000061,90.000038</point>
			</points>
		</object>
		<object>
			<coordinate>pixel</coordinate>
			<type>rectangle</type>
			<description>None</description>
			<possibleresult>
				<name>Van</name>
			</possibleresult>
			<points>
				<point>858.000122,149.999985</point>
				<point>854.000122,153.999985</point>
				<point>843.000122,142.999985</point>
				<point>847.000122,138.999985</point>
				<point>858.000122,149.999985</point>
			</points>
		</object>
		<object>
			<coordinate>pixel</coordinate>
			<type>rectangle</type>
			<description>None</description>
			<possibleresult>
				<name>Cargo Truck</name>
			</possibleresult>
			<points>
				<point>805.226440,154.207520</point>
				<point>799.000000,160.999969</point>
				<point>774.773560,138.792419</point>
				<point>781.000000,131.999969</point>
				<point>805.226440,154.207520</point>
			</points>
		</object>
		<object>
			<coordinate>pixel</coordinate>
			<type>rectangle</type>
			<description>None</description>
			<possibleresult>
				<name>Van</name>
			</possibleresult>
			<points>
				<point>746.000000,35.999966</point>
				<point>733.000000,45.999966</point>
				<point>728.613403,40.297367</point>
				<point>741.613403,30.297367</point>
				<point>746.000000,35.999966</point>
			</points>
		</object>
		<object>
			<coordinate>pixel</coordinate>
			<type>rectangle</type>
			<description>None</description>
			<possibleresult>
				<name>Fishing Boat</name>
			</possibleresult>
			<points>
				<point>545.128784,88.890335</point>
				<point>491.000000,135.000031</point>
				<point>480.871216,123.109726</point>
				<point>535.000000,77.000031</point>
				<point>545.128784,88.890335</point>
			</points>
		</object>
		<object>
			<coordinate>pixel</coordinate>
			<type>rectangle</type>
			<description>None</description>
			<possibleresult>
				<name>Passenger Ship</name>
			</possibleresult>
			<points>
				<point>519.000000,88.999985</point>
				<point>481.000000,120.999985</point>
				<point>470.523499,108.559143</point>
				<point>508.523499,76.559143</point>
				<point>519.000000,88.999985</point>
			</points>
		</object>
		<object>
			<coordinate>pixel</coordinate>
			<type>rectangle</type>
			<description>None</description>
			<possibleresult>
				<name>Motorboat</name>
			</possibleresult>
			<points>
				<point>442.999969,180.999969</point>
				<point>432.672089,189.606537</point>
				<point>427.672089,183.606537</point>
				<point>437.999969,174.999969</point>
				<point>442.999969,180.999969</point>
			</points>
		</object>
		<object>
			<coordinate>pixel</coordinate>
			<type>rectangle</type>
			<description>None</description>
			<possibleresult>
				<name>other-vehicle</name>
			</possibleresult>
			<points>
				<point>473.999939,159.000015</point>
				<point>449.999939,175.000015</point>
				<point>444.461487,166.692337</point>
				<point>468.461487,150.692337</point>
				<point>473.999939,159.000015</point>
			</points>
		</object>
		<object>
			<coordinate>pixel</coordinate>
			<type>rectangle</type>
			<description>None</description>
			<possibleresult>
				<name>Engineering Ship</name>
			</possibleresult>
			<points>
				<point>133.430191,313.705688</point>
				<point>76.000000,353.000000</point>
				<point>64.569809,336.294312</point>
				<point>122.000000,297.000000</point>
				<point>133.430191,313.705688</point>
			</points>
		</object>
		<object>
			<coordinate>pixel</coordinate>
			<type>rectangle</type>
			<description>None</description>
			<possibleresult>
				<name>Engineering Ship</name>
			</possibleresult>
			<points>
				<point>-0.000000,409.836731</point>
				<point>-0.000001,389.551727</point>
				<point>48.191170,348.838501</point>
				<point>61.000015,364.000000</point>
				<point>-0.000000,409.836731</point>
			</points>
		</object>
		<object>
			<coordinate>pixel</coordinate>
			<type>rectangle</type>
			<description>None</description>
			<possibleresult>
				<name>Engineering Ship</name>
			</possibleresult>
			<points>
				<point>96.000000,367.000031</point>
				<point>28.930958,415.049469</point>
				<point>16.000004,397.000031</point>
				<point>83.069046,348.950592</point>
				<point>96.000000,367.000031</point>
			</points>
		</object>
		<object>
			<coordinate>pixel</coordinate>
			<type>rectangle</type>
			<description>None</description>
			<possibleresult>
				<name>Cargo Truck</name>
			</possibleresult>
			<points>
				<point>0.000000,264.303772</point>
				<point>0.000000,259.550476</point>
				<point>2.258614,259.550476</point>
				<point>2.258614,264.303772</point>
				<point>0.000000,264.303772</point>
			</points>
		</object>
		<object>
			<coordinate>pixel</coordinate>
			<type>rectangle</type>
			<description>None</description>
			<possibleresult>
				<name>Cargo Truck</name>
			</possibleresult>
			<points>
				<point>8.541461,265.665405</point>
				<point>-19.458540,245.232971</point>
				<point>-0.000010,218.567596</point>
				<point>27.999990,239.000031</point>
				<point>8.541461,265.665405</point>
			</points>
		</object>
		<object>
			<coordinate>pixel</coordinate>
			<type>rectangle</type>
			<description>None</description>
			<possibleresult>
				<name>Cargo Truck</name>
			</possibleresult>
			<points>
				<point>33.999992,240.000000</point>
				<point>-17.335081,202.539276</point>
				<point>0.000008,178.783783</point>
				<point>51.335083,216.244507</point>
				<point>33.999992,240.000000</point>
			</points>
		</object>
		<object>
			<coordinate>pixel</coordinate>
			<type>rectangle</type>
			<description>None</description>
			<possibleresult>
				<name>Cargo Truck</name>
			</possibleresult>
			<points>
				<point>70.452324,191.604462</point>
				<point>54.999992,212.999985</point>
				<point>0.000000,173.277771</point>
				<point>0.000000,140.722229</point>
				<point>70.452324,191.604462</point>
			</points>
		</object>
	</objects>
</annotation>