<?xml version="1.0" encoding="utf-8"?>
<annotation>
	<source>
		<filename>1123.tif</filename>
		<origin>GF2/GF3</origin>
	</source>
	<research>
		<version>1.0</version>
		<provider>FAIR1M</provider>
		<author>Cyber</author>
		<pluginname>FAIR1M</pluginname>
		<pluginclass>object detection</pluginclass>
		<time>2021-03</time>
	</research>
	<size>
		<width>1000</width>
		<height>1000</height>
		<depth>3</depth>
	</size>
	<objects>
		<object>
			<coordinate>pixel</coordinate>
			<type>rectangle</type>
			<description>None</description>
			<possibleresult>
				<name>Dump Truck</name>
			</possibleresult>
			<points>
				<point>935.999939,44.000027</point>
				<point>928.213684,51.230167</point>
				<point>915.213684,37.230167</point>
				<point>922.999939,30.000027</point>
				<point>935.999939,44.000027</point>
			</points>
		</object>
		<object>
			<coordinate>pixel</coordinate>
			<type>rectangle</type>
			<description>None</description>
			<possibleresult>
				<name>Dump Truck</name>
			</possibleresult>
			<points>
				<point>941.500061,39.500004</point>
				<point>936.000061,45.000004</point>
				<point>922.500061,31.500004</point>
				<point>928.000061,26.000004</point>
				<point>941.500061,39.500004</point>
			</points>
		</object>
		<object>
			<coordinate>pixel</coordinate>
			<type>rectangle</type>
			<description>None</description>
			<possibleresult>
				<name>Dump Truck</name>
			</possibleresult>
			<points>
				<point>929.123718,55.278320</point>
				<point>905.000061,65.999969</point>
				<point>900.628967,56.164917</point>
				<point>924.752625,45.443268</point>
				<point>929.123718,55.278320</point>
			</points>
		</object>
		<object>
			<coordinate>pixel</coordinate>
			<type>rectangle</type>
			<description>None</description>
			<possibleresult>
				<name>Small Car</name>
			</possibleresult>
			<points>
				<point>44.566376,724.495605</point>
				<point>37.566376,732.495605</point>
				<point>21.000002,718.000000</point>
				<point>28.000000,710.000000</point>
				<point>44.566376,724.495605</point>
			</points>
		</object>
		<object>
			<coordinate>pixel</coordinate>
			<type>rectangle</type>
			<description>None</description>
			<possibleresult>
				<name>Van</name>
			</possibleresult>
			<points>
				<point>998.000000,304.000031</point>
				<point>990.449463,308.719147</point>
				<point>980.449463,292.719147</point>
				<point>988.000000,288.000031</point>
				<point>998.000000,304.000031</point>
			</points>
		</object>
		<object>
			<coordinate>pixel</coordinate>
			<type>rectangle</type>
			<description>None</description>
			<possibleresult>
				<name>Van</name>
			</possibleresult>
			<points>
				<point>340.011322,557.523987</point>
				<point>323.011322,565.523987</point>
				<point>318.999969,556.999939</point>
				<point>335.999969,548.999939</point>
				<point>340.011322,557.523987</point>
			</points>
		</object>
		<object>
			<coordinate>pixel</coordinate>
			<type>rectangle</type>
			<description>None</description>
			<possibleresult>
				<name>Van</name>
			</possibleresult>
			<points>
				<point>395.000061,528.000183</point>
				<point>377.000061,537.000183</point>
				<point>373.600037,530.200134</point>
				<point>391.600037,521.200134</point>
				<point>395.000061,528.000183</point>
			</points>
		</object>
		<object>
			<coordinate>pixel</coordinate>
			<type>rectangle</type>
			<description>None</description>
			<possibleresult>
				<name>Van</name>
			</possibleresult>
			<points>
				<point>810.000122,613.000061</point>
				<point>802.500122,620.500061</point>
				<point>788.500122,606.500061</point>
				<point>796.000122,599.000061</point>
				<point>810.000122,613.000061</point>
			</points>
		</object>
		<object>
			<coordinate>pixel</coordinate>
			<type>rectangle</type>
			<description>None</description>
			<possibleresult>
				<name>Intersection</name>
			</possibleresult>
			<points>
				<point>400.000031,760.000000</point>
				<point>333.803741,792.095215</point>
				<point>310.000031,743.000000</point>
				<point>376.196320,710.904785</point>
				<point>400.000031,760.000000</point>
			</points>
		</object>
		<object>
			<coordinate>pixel</coordinate>
			<type>rectangle</type>
			<description>None</description>
			<possibleresult>
				<name>Cargo Truck</name>
			</possibleresult>
			<points>
				<point>822.000000,844.000000</point>
				<point>807.810791,854.135132</point>
				<point>802.000000,846.000000</point>
				<point>816.189209,835.864868</point>
				<point>822.000000,844.000000</point>
			</points>
		</object>
		<object>
			<coordinate>pixel</coordinate>
			<type>rectangle</type>
			<description>None</description>
			<possibleresult>
				<name>Van</name>
			</possibleresult>
			<points>
				<point>830.000061,853.000061</point>
				<point>816.896057,862.072083</point>
				<point>812.000061,855.000061</point>
				<point>825.104065,845.928040</point>
				<point>830.000061,853.000061</point>
			</points>
		</object>
		<object>
			<coordinate>pixel</coordinate>
			<type>rectangle</type>
			<description>None</description>
			<possibleresult>
				<name>other-vehicle</name>
			</possibleresult>
			<points>
				<point>838.999939,858.000000</point>
				<point>825.895935,867.072021</point>
				<point>820.999939,860.000000</point>
				<point>834.103943,850.927979</point>
				<point>838.999939,858.000000</point>
			</points>
		</object>
		<object>
			<coordinate>pixel</coordinate>
			<type>rectangle</type>
			<description>None</description>
			<possibleresult>
				<name>Cargo Truck</name>
			</possibleresult>
			<points>
				<point>851.000061,863.000122</point>
				<point>834.811829,876.153076</point>
				<point>829.000061,869.000122</point>
				<point>845.188293,855.847168</point>
				<point>851.000061,863.000122</point>
			</points>
		</object>
		<object>
			<coordinate>pixel</coordinate>
			<type>rectangle</type>
			<description>None</description>
			<possibleresult>
				<name>Cargo Truck</name>
			</possibleresult>
			<points>
				<point>853.055359,836.049805</point>
				<point>845.000061,845.000122</point>
				<point>824.944763,826.950439</point>
				<point>833.000061,818.000122</point>
				<point>853.055359,836.049805</point>
			</points>
		</object>
		<object>
			<coordinate>pixel</coordinate>
			<type>rectangle</type>
			<description>None</description>
			<possibleresult>
				<name>Small Car</name>
			</possibleresult>
			<points>
				<point>861.999939,825.999939</point>
				<point>857.039246,833.027649</point>
				<point>839.999939,820.999939</point>
				<point>844.960632,813.972229</point>
				<point>861.999939,825.999939</point>
			</points>
		</object>
		<object>
			<coordinate>pixel</coordinate>
			<type>rectangle</type>
			<description>None</description>
			<possibleresult>
				<name>Small Car</name>
			</possibleresult>
			<points>
				<point>768.999939,993.000000</point>
				<point>759.267029,998.474731</point>
				<point>750.267029,982.474731</point>
				<point>759.999939,977.000000</point>
				<point>768.999939,993.000000</point>
			</points>
		</object>
		<object>
			<coordinate>pixel</coordinate>
			<type>rectangle</type>
			<description>None</description>
			<possibleresult>
				<name>Dump Truck</name>
			</possibleresult>
			<points>
				<point>798.132080,94.170753</point>
				<point>788.000122,101.999992</point>
				<point>770.868164,79.829231</point>
				<point>781.000122,71.999992</point>
				<point>798.132080,94.170753</point>
			</points>
		</object>
		<object>
			<coordinate>pixel</coordinate>
			<type>rectangle</type>
			<description>None</description>
			<possibleresult>
				<name>Van</name>
			</possibleresult>
			<points>
				<point>793.000000,36.000015</point>
				<point>772.000000,46.000015</point>
				<point>767.194092,35.907593</point>
				<point>788.194092,25.907593</point>
				<point>793.000000,36.000015</point>
			</points>
		</object>
		<object>
			<coordinate>pixel</coordinate>
			<type>rectangle</type>
			<description>None</description>
			<possibleresult>
				<name>Small Car</name>
			</possibleresult>
			<points>
				<point>791.000000,963.000000</point>
				<point>789.967529,983.648438</point>
				<point>777.000000,983.000000</point>
				<point>778.032471,962.351562</point>
				<point>791.000000,963.000000</point>
			</points>
		</object>
		<object>
			<coordinate>pixel</coordinate>
			<type>rectangle</type>
			<description>None</description>
			<possibleresult>
				<name>Small Car</name>
			</possibleresult>
			<points>
				<point>581.235657,961.833801</point>
				<point>564.235657,973.833801</point>
				<point>558.000061,965.000061</point>
				<point>575.000061,953.000061</point>
				<point>581.235657,961.833801</point>
			</points>
		</object>
		<object>
			<coordinate>pixel</coordinate>
			<type>rectangle</type>
			<description>None</description>
			<possibleresult>
				<name>Small Car</name>
			</possibleresult>
			<points>
				<point>814.500061,784.500061</point>
				<point>807.000061,792.000061</point>
				<point>790.000061,775.000061</point>
				<point>797.500061,767.500061</point>
				<point>814.500061,784.500061</point>
			</points>
		</object>
		<object>
			<coordinate>pixel</coordinate>
			<type>rectangle</type>
			<description>None</description>
			<possibleresult>
				<name>Van</name>
			</possibleresult>
			<points>
				<point>823.695007,777.677002</point>
				<point>817.000061,784.000000</point>
				<point>800.000061,766.000000</point>
				<point>806.695007,759.677002</point>
				<point>823.695007,777.677002</point>
			</points>
		</object>
		<object>
			<coordinate>pixel</coordinate>
			<type>rectangle</type>
			<description>None</description>
			<possibleresult>
				<name>Van</name>
			</possibleresult>
			<points>
				<point>803.463074,788.408630</point>
				<point>795.000061,798.000061</point>
				<point>778.000061,783.000061</point>
				<point>786.463074,773.408630</point>
				<point>803.463074,788.408630</point>
			</points>
		</object>
		<object>
			<coordinate>pixel</coordinate>
			<type>rectangle</type>
			<description>None</description>
			<possibleresult>
				<name>Dump Truck</name>
			</possibleresult>
			<points>
				<point>315.386658,577.748718</point>
				<point>295.386658,590.748718</point>
				<point>291.000000,584.000061</point>
				<point>311.000000,571.000061</point>
				<point>315.386658,577.748718</point>
			</points>
		</object>
		<object>
			<coordinate>pixel</coordinate>
			<type>rectangle</type>
			<description>None</description>
			<possibleresult>
				<name>Van</name>
			</possibleresult>
			<points>
				<point>322.000031,565.000000</point>
				<point>303.200043,574.400024</point>
				<point>299.200043,566.400024</point>
				<point>318.000031,557.000000</point>
				<point>322.000031,565.000000</point>
			</points>
		</object>
		<object>
			<coordinate>pixel</coordinate>
			<type>rectangle</type>
			<description>None</description>
			<possibleresult>
				<name>Small Car</name>
			</possibleresult>
			<points>
				<point>258.000061,937.000061</point>
				<point>248.175995,944.238831</point>
				<point>234.000061,925.000061</point>
				<point>243.824127,917.761292</point>
				<point>258.000061,937.000061</point>
			</points>
		</object>
		<object>
			<coordinate>pixel</coordinate>
			<type>rectangle</type>
			<description>None</description>
			<possibleresult>
				<name>Small Car</name>
			</possibleresult>
			<points>
				<point>311.336456,911.414124</point>
				<point>301.999969,919.000061</point>
				<point>288.663483,902.585999</point>
				<point>297.999969,895.000061</point>
				<point>311.336456,911.414124</point>
			</points>
		</object>
		<object>
			<coordinate>pixel</coordinate>
			<type>rectangle</type>
			<description>None</description>
			<possibleresult>
				<name>Small Car</name>
			</possibleresult>
			<points>
				<point>355.566315,891.504395</point>
				<point>346.999969,899.000000</point>
				<point>332.999969,883.000000</point>
				<point>341.566315,875.504395</point>
				<point>355.566315,891.504395</point>
			</points>
		</object>
		<object>
			<coordinate>pixel</coordinate>
			<type>rectangle</type>
			<description>None</description>
			<possibleresult>
				<name>Small Car</name>
			</possibleresult>
			<points>
				<point>375.359985,881.479980</point>
				<point>368.000000,887.000000</point>
				<point>355.640015,870.520020</point>
				<point>363.000000,865.000000</point>
				<point>375.359985,881.479980</point>
			</points>
		</object>
		<object>
			<coordinate>pixel</coordinate>
			<type>rectangle</type>
			<description>None</description>
			<possibleresult>
				<name>Van</name>
			</possibleresult>
			<points>
				<point>451.000061,839.000000</point>
				<point>446.176697,845.138794</point>
				<point>432.176697,834.138794</point>
				<point>437.000061,828.000000</point>
				<point>451.000061,839.000000</point>
			</points>
		</object>
		<object>
			<coordinate>pixel</coordinate>
			<type>rectangle</type>
			<description>None</description>
			<possibleresult>
				<name>Van</name>
			</possibleresult>
			<points>
				<point>627.000000,954.000000</point>
				<point>620.000000,964.000000</point>
				<point>600.000000,950.000000</point>
				<point>607.000000,940.000000</point>
				<point>627.000000,954.000000</point>
			</points>
		</object>
		<object>
			<coordinate>pixel</coordinate>
			<type>rectangle</type>
			<description>None</description>
			<possibleresult>
				<name>Small Car</name>
			</possibleresult>
			<points>
				<point>514.000122,884.000122</point>
				<point>507.500092,890.500122</point>
				<point>496.500092,879.500122</point>
				<point>503.000092,873.000122</point>
				<point>514.000122,884.000122</point>
			</points>
		</object>
		<object>
			<coordinate>pixel</coordinate>
			<type>rectangle</type>
			<description>None</description>
			<possibleresult>
				<name>Small Car</name>
			</possibleresult>
			<points>
				<point>557.249573,914.266052</point>
				<point>549.000061,921.999939</point>
				<point>534.000061,905.999939</point>
				<point>542.249573,898.266052</point>
				<point>557.249573,914.266052</point>
			</points>
		</object>
		<object>
			<coordinate>pixel</coordinate>
			<type>rectangle</type>
			<description>None</description>
			<possibleresult>
				<name>Small Car</name>
			</possibleresult>
			<points>
				<point>591.999939,910.999939</point>
				<point>587.399963,920.199890</point>
				<point>566.999939,909.999939</point>
				<point>571.599915,900.799988</point>
				<point>591.999939,910.999939</point>
			</points>
		</object>
		<object>
			<coordinate>pixel</coordinate>
			<type>rectangle</type>
			<description>None</description>
			<possibleresult>
				<name>Van</name>
			</possibleresult>
			<points>
				<point>465.000000,817.000000</point>
				<point>459.590149,823.491821</point>
				<point>441.000000,808.000000</point>
				<point>446.409851,801.508179</point>
				<point>465.000000,817.000000</point>
			</points>
		</object>
		<object>
			<coordinate>pixel</coordinate>
			<type>rectangle</type>
			<description>None</description>
			<possibleresult>
				<name>Van</name>
			</possibleresult>
			<points>
				<point>454.254700,738.858459</point>
				<point>435.915100,749.047180</point>
				<point>432.000000,742.000061</point>
				<point>450.339600,731.811340</point>
				<point>454.254700,738.858459</point>
			</points>
		</object>
		<object>
			<coordinate>pixel</coordinate>
			<type>rectangle</type>
			<description>None</description>
			<possibleresult>
				<name>Van</name>
			</possibleresult>
			<points>
				<point>646.000000,520.999939</point>
				<point>639.409790,526.491760</point>
				<point>629.409790,514.491760</point>
				<point>636.000000,508.999939</point>
				<point>646.000000,520.999939</point>
			</points>
		</object>
		<object>
			<coordinate>pixel</coordinate>
			<type>rectangle</type>
			<description>None</description>
			<possibleresult>
				<name>Small Car</name>
			</possibleresult>
			<points>
				<point>650.000061,495.000031</point>
				<point>643.249329,501.268524</point>
				<point>630.000061,487.000031</point>
				<point>636.750793,480.731537</point>
				<point>650.000061,495.000031</point>
			</points>
		</object>
		<object>
			<coordinate>pixel</coordinate>
			<type>rectangle</type>
			<description>None</description>
			<possibleresult>
				<name>Small Car</name>
			</possibleresult>
			<points>
				<point>502.000000,373.000031</point>
				<point>495.713867,377.609833</point>
				<point>484.713867,362.609833</point>
				<point>491.000000,358.000031</point>
				<point>502.000000,373.000031</point>
			</points>
		</object>
		<object>
			<coordinate>pixel</coordinate>
			<type>rectangle</type>
			<description>None</description>
			<possibleresult>
				<name>Van</name>
			</possibleresult>
			<points>
				<point>233.430710,513.753845</point>
				<point>214.369186,524.646179</point>
				<point>209.938431,516.892273</point>
				<point>228.999954,505.999939</point>
				<point>233.430710,513.753845</point>
			</points>
		</object>
		<object>
			<coordinate>pixel</coordinate>
			<type>rectangle</type>
			<description>None</description>
			<possibleresult>
				<name>Small Car</name>
			</possibleresult>
			<points>
				<point>77.999969,762.000000</point>
				<point>69.999969,769.000000</point>
				<point>55.999969,753.000000</point>
				<point>63.999969,746.000000</point>
				<point>77.999969,762.000000</point>
			</points>
		</object>
		<object>
			<coordinate>pixel</coordinate>
			<type>rectangle</type>
			<description>None</description>
			<possibleresult>
				<name>Small Car</name>
			</possibleresult>
			<points>
				<point>237.120010,658.160095</point>
				<point>229.120010,664.160095</point>
				<point>217.000015,648.000061</point>
				<point>225.000015,642.000061</point>
				<point>237.120010,658.160095</point>
			</points>
		</object>
		<object>
			<coordinate>pixel</coordinate>
			<type>rectangle</type>
			<description>None</description>
			<possibleresult>
				<name>Small Car</name>
			</possibleresult>
			<points>
				<point>289.694946,711.677002</point>
				<point>283.000000,718.000000</point>
				<point>266.000000,700.000000</point>
				<point>272.694946,693.677002</point>
				<point>289.694946,711.677002</point>
			</points>
		</object>
		<object>
			<coordinate>pixel</coordinate>
			<type>rectangle</type>
			<description>None</description>
			<possibleresult>
				<name>Small Car</name>
			</possibleresult>
			<points>
				<point>255.000000,680.000000</point>
				<point>247.413300,685.563599</point>
				<point>236.413300,670.563599</point>
				<point>244.000000,665.000000</point>
				<point>255.000000,680.000000</point>
			</points>
		</object>
		<object>
			<coordinate>pixel</coordinate>
			<type>rectangle</type>
			<description>None</description>
			<possibleresult>
				<name>Van</name>
			</possibleresult>
			<points>
				<point>156.192627,748.909363</point>
				<point>138.807343,757.090637</point>
				<point>134.614716,748.181335</point>
				<point>152.000000,740.000061</point>
				<point>156.192627,748.909363</point>
			</points>
		</object>
		<object>
			<coordinate>pixel</coordinate>
			<type>rectangle</type>
			<description>None</description>
			<possibleresult>
				<name>Van</name>
			</possibleresult>
			<points>
				<point>174.999985,765.000061</point>
				<point>173.322281,774.059753</point>
				<point>146.322281,769.059753</point>
				<point>147.999985,760.000061</point>
				<point>174.999985,765.000061</point>
			</points>
		</object>
		<object>
			<coordinate>pixel</coordinate>
			<type>rectangle</type>
			<description>None</description>
			<possibleresult>
				<name>Small Car</name>
			</possibleresult>
			<points>
				<point>87.166260,737.235657</point>
				<point>78.999985,743.000061</point>
				<point>66.833710,725.764465</point>
				<point>74.999985,720.000061</point>
				<point>87.166260,737.235657</point>
			</points>
		</object>
		<object>
			<coordinate>pixel</coordinate>
			<type>rectangle</type>
			<description>None</description>
			<possibleresult>
				<name>Van</name>
			</possibleresult>
			<points>
				<point>43.999969,694.000000</point>
				<point>37.170277,699.222656</point>
				<point>23.999969,682.000000</point>
				<point>30.829662,676.777344</point>
				<point>43.999969,694.000000</point>
			</points>
		</object>
		<object>
			<coordinate>pixel</coordinate>
			<type>rectangle</type>
			<description>None</description>
			<possibleresult>
				<name>Small Car</name>
			</possibleresult>
			<points>
				<point>44.200024,659.400085</point>
				<point>27.000027,668.000061</point>
				<point>23.600025,661.200012</point>
				<point>40.800022,652.600037</point>
				<point>44.200024,659.400085</point>
			</points>
		</object>
		<object>
			<coordinate>pixel</coordinate>
			<type>rectangle</type>
			<description>None</description>
			<possibleresult>
				<name>Van</name>
			</possibleresult>
			<points>
				<point>216.500046,587.500061</point>
				<point>210.000046,594.000061</point>
				<point>195.500046,579.500061</point>
				<point>202.000046,573.000061</point>
				<point>216.500046,587.500061</point>
			</points>
		</object>
		<object>
			<coordinate>pixel</coordinate>
			<type>rectangle</type>
			<description>None</description>
			<possibleresult>
				<name>Van</name>
			</possibleresult>
			<points>
				<point>32.999985,538.999939</point>
				<point>10.678818,547.116760</point>
				<point>6.678818,536.116760</point>
				<point>28.999985,527.999939</point>
				<point>32.999985,538.999939</point>
			</points>
		</object>
		<object>
			<coordinate>pixel</coordinate>
			<type>rectangle</type>
			<description>None</description>
			<possibleresult>
				<name>Small Car</name>
			</possibleresult>
			<points>
				<point>162.000031,533.000061</point>
				<point>156.500031,538.500061</point>
				<point>141.500031,523.500061</point>
				<point>147.000031,518.000061</point>
				<point>162.000031,533.000061</point>
			</points>
		</object>
		<object>
			<coordinate>pixel</coordinate>
			<type>rectangle</type>
			<description>None</description>
			<possibleresult>
				<name>Small Car</name>
			</possibleresult>
			<points>
				<point>33.241379,326.896576</point>
				<point>19.000000,333.000031</point>
				<point>14.758620,323.103485</point>
				<point>29.000000,317.000031</point>
				<point>33.241379,326.896576</point>
			</points>
		</object>
		<object>
			<coordinate>pixel</coordinate>
			<type>rectangle</type>
			<description>None</description>
			<possibleresult>
				<name>Van</name>
			</possibleresult>
			<points>
				<point>129.000000,329.000000</point>
				<point>123.284935,334.306824</point>
				<point>110.284935,320.306824</point>
				<point>116.000008,315.000000</point>
				<point>129.000000,329.000000</point>
			</points>
		</object>
		<object>
			<coordinate>pixel</coordinate>
			<type>rectangle</type>
			<description>None</description>
			<possibleresult>
				<name>Van</name>
			</possibleresult>
			<points>
				<point>39.999992,408.000031</point>
				<point>33.713867,412.609833</point>
				<point>22.713867,397.609833</point>
				<point>28.999992,393.000031</point>
				<point>39.999992,408.000031</point>
			</points>
		</object>
		<object>
			<coordinate>pixel</coordinate>
			<type>rectangle</type>
			<description>None</description>
			<possibleresult>
				<name>Small Car</name>
			</possibleresult>
			<points>
				<point>55.811325,285.660431</point>
				<point>39.000000,295.000031</point>
				<point>34.000000,286.000031</point>
				<point>50.811325,276.660431</point>
				<point>55.811325,285.660431</point>
			</points>
		</object>
		<object>
			<coordinate>pixel</coordinate>
			<type>rectangle</type>
			<description>None</description>
			<possibleresult>
				<name>Small Car</name>
			</possibleresult>
			<points>
				<point>66.240807,309.886688</point>
				<point>49.000008,318.000031</point>
				<point>45.759216,311.113373</point>
				<point>63.000015,303.000031</point>
				<point>66.240807,309.886688</point>
			</points>
		</object>
		<object>
			<coordinate>pixel</coordinate>
			<type>rectangle</type>
			<description>None</description>
			<possibleresult>
				<name>Small Car</name>
			</possibleresult>
			<points>
				<point>83.061539,271.107666</point>
				<point>64.000000,282.000000</point>
				<point>59.569229,274.246155</point>
				<point>78.630768,263.353821</point>
				<point>83.061539,271.107666</point>
			</points>
		</object>
		<object>
			<coordinate>pixel</coordinate>
			<type>rectangle</type>
			<description>None</description>
			<possibleresult>
				<name>Van</name>
			</possibleresult>
			<points>
				<point>127.000000,281.000000</point>
				<point>109.422104,289.271973</point>
				<point>106.000000,282.000000</point>
				<point>123.577896,273.728027</point>
				<point>127.000000,281.000000</point>
			</points>
		</object>
		<object>
			<coordinate>pixel</coordinate>
			<type>rectangle</type>
			<description>None</description>
			<possibleresult>
				<name>Van</name>
			</possibleresult>
			<points>
				<point>223.000000,207.000000</point>
				<point>205.794525,213.452057</point>
				<point>202.794525,205.452057</point>
				<point>220.000000,199.000000</point>
				<point>223.000000,207.000000</point>
			</points>
		</object>
		<object>
			<coordinate>pixel</coordinate>
			<type>rectangle</type>
			<description>None</description>
			<possibleresult>
				<name>Dump Truck</name>
			</possibleresult>
			<points>
				<point>887.200073,396.400085</point>
				<point>868.000122,406.000061</point>
				<point>864.000122,398.000061</point>
				<point>883.200073,388.400085</point>
				<point>887.200073,396.400085</point>
			</points>
		</object>
		<object>
			<coordinate>pixel</coordinate>
			<type>rectangle</type>
			<description>None</description>
			<possibleresult>
				<name>Van</name>
			</possibleresult>
			<points>
				<point>894.000061,404.000061</point>
				<point>877.000061,412.000061</point>
				<point>873.577942,404.728088</point>
				<point>890.577942,396.728088</point>
				<point>894.000061,404.000061</point>
			</points>
		</object>
		<object>
			<coordinate>pixel</coordinate>
			<type>rectangle</type>
			<description>None</description>
			<possibleresult>
				<name>Van</name>
			</possibleresult>
			<points>
				<point>64.000000,650.000061</point>
				<point>44.800007,659.600037</point>
				<point>40.800007,651.600037</point>
				<point>60.000004,642.000061</point>
				<point>64.000000,650.000061</point>
			</points>
		</object>
		<object>
			<coordinate>pixel</coordinate>
			<type>rectangle</type>
			<description>None</description>
			<possibleresult>
				<name>Van</name>
			</possibleresult>
			<points>
				<point>314.517212,627.793152</point>
				<point>294.517212,635.793152</point>
				<point>291.000000,627.000061</point>
				<point>311.000000,619.000061</point>
				<point>314.517212,627.793152</point>
			</points>
		</object>
		<object>
			<coordinate>pixel</coordinate>
			<type>rectangle</type>
			<description>None</description>
			<possibleresult>
				<name>Van</name>
			</possibleresult>
			<points>
				<point>477.999939,45.999996</point>
				<point>471.293518,52.311924</point>
				<point>454.999939,34.999996</point>
				<point>461.706360,28.688068</point>
				<point>477.999939,45.999996</point>
			</points>
		</object>
		<object>
			<coordinate>pixel</coordinate>
			<type>rectangle</type>
			<description>None</description>
			<possibleresult>
				<name>Dump Truck</name>
			</possibleresult>
			<points>
				<point>400.061554,176.107697</point>
				<point>381.000031,187.000000</point>
				<point>376.569244,179.246155</point>
				<point>395.630768,168.353851</point>
				<point>400.061554,176.107697</point>
			</points>
		</object>
		<object>
			<coordinate>pixel</coordinate>
			<type>rectangle</type>
			<description>None</description>
			<possibleresult>
				<name>Dump Truck</name>
			</possibleresult>
			<points>
				<point>815.000122,112.000031</point>
				<point>806.026245,120.029266</point>
				<point>789.000122,101.000031</point>
				<point>797.973999,92.970795</point>
				<point>815.000122,112.000031</point>
			</points>
		</object>
		<object>
			<coordinate>pixel</coordinate>
			<type>rectangle</type>
			<description>None</description>
			<possibleresult>
				<name>Cargo Truck</name>
			</possibleresult>
			<points>
				<point>410.000000,379.000031</point>
				<point>389.852966,391.088287</point>
				<point>385.000000,383.000031</point>
				<point>405.147034,370.911774</point>
				<point>410.000000,379.000031</point>
			</points>
		</object>
		<object>
			<coordinate>pixel</coordinate>
			<type>rectangle</type>
			<description>None</description>
			<possibleresult>
				<name>Van</name>
			</possibleresult>
			<points>
				<point>476.000000,139.000000</point>
				<point>470.298645,145.271484</point>
				<point>459.000000,135.000000</point>
				<point>464.701355,128.728516</point>
				<point>476.000000,139.000000</point>
			</points>
		</object>
		<object>
			<coordinate>pixel</coordinate>
			<type>rectangle</type>
			<description>None</description>
			<possibleresult>
				<name>Small Car</name>
			</possibleresult>
			<points>
				<point>799.141602,466.123901</point>
				<point>794.000000,472.000000</point>
				<point>777.858398,457.876099</point>
				<point>783.000000,452.000000</point>
				<point>799.141602,466.123901</point>
			</points>
		</object>
		<object>
			<coordinate>pixel</coordinate>
			<type>rectangle</type>
			<description>None</description>
			<possibleresult>
				<name>Cargo Truck</name>
			</possibleresult>
			<points>
				<point>974.505066,72.822502</point>
				<point>936.999817,86.000008</point>
				<point>932.494568,73.177513</point>
				<point>969.999817,60.000008</point>
				<point>974.505066,72.822502</point>
			</points>
		</object>
		<object>
			<coordinate>pixel</coordinate>
			<type>rectangle</type>
			<description>None</description>
			<possibleresult>
				<name>other-vehicle</name>
			</possibleresult>
			<points>
				<point>797.451111,598.574036</point>
				<point>788.000061,605.999939</point>
				<point>777.000061,591.999939</point>
				<point>786.451111,584.574036</point>
				<point>797.451111,598.574036</point>
			</points>
		</object>
		<object>
			<coordinate>pixel</coordinate>
			<type>rectangle</type>
			<description>None</description>
			<possibleresult>
				<name>Motorboat</name>
			</possibleresult>
			<points>
				<point>739.999939,900.999939</point>
				<point>722.275452,920.335754</point>
				<point>710.275452,909.335754</point>
				<point>727.999939,889.999939</point>
				<point>739.999939,900.999939</point>
			</points>
		</object>
	</objects>
</annotation>