<?xml version="1.0" encoding="utf-8"?>
<annotation>
	<source>
		<filename>1126.tif</filename>
		<origin>GF2/GF3</origin>
	</source>
	<research>
		<version>1.0</version>
		<provider>FAIR1M</provider>
		<author>Cyber</author>
		<pluginname>FAIR1M</pluginname>
		<pluginclass>object detection</pluginclass>
		<time>2021-03</time>
	</research>
	<size>
		<width>1000</width>
		<height>1000</height>
		<depth>3</depth>
	</size>
	<objects>
		<object>
			<coordinate>pixel</coordinate>
			<type>rectangle</type>
			<description>None</description>
			<possibleresult>
				<name>Small Car</name>
			</possibleresult>
			<points>
				<point>171.000000,398.000000</point>
				<point>162.000000,398.000000</point>
				<point>162.000000,380.000000</point>
				<point>171.000000,380.000000</point>
				<point>171.000000,398.000000</point>
			</points>
		</object>
		<object>
			<coordinate>pixel</coordinate>
			<type>rectangle</type>
			<description>None</description>
			<possibleresult>
				<name>Small Car</name>
			</possibleresult>
			<points>
				<point>159.000000,402.000031</point>
				<point>151.022095,402.419891</point>
				<point>150.000000,382.999969</point>
				<point>157.977905,382.580109</point>
				<point>159.000000,402.000031</point>
			</points>
		</object>
		<object>
			<coordinate>pixel</coordinate>
			<type>rectangle</type>
			<description>None</description>
			<possibleresult>
				<name>Small Car</name>
			</possibleresult>
			<points>
				<point>148.000000,399.000000</point>
				<point>139.000000,399.000000</point>
				<point>139.000000,378.000000</point>
				<point>148.000000,378.000000</point>
				<point>148.000000,399.000000</point>
			</points>
		</object>
		<object>
			<coordinate>pixel</coordinate>
			<type>rectangle</type>
			<description>None</description>
			<possibleresult>
				<name>Van</name>
			</possibleresult>
			<points>
				<point>136.000000,396.000000</point>
				<point>128.000000,396.000000</point>
				<point>128.000000,380.000000</point>
				<point>136.000000,380.000000</point>
				<point>136.000000,396.000000</point>
			</points>
		</object>
		<object>
			<coordinate>pixel</coordinate>
			<type>rectangle</type>
			<description>None</description>
			<possibleresult>
				<name>Small Car</name>
			</possibleresult>
			<points>
				<point>124.000000,399.000000</point>
				<point>114.000000,399.000000</point>
				<point>114.000000,380.000000</point>
				<point>124.000000,380.000000</point>
				<point>124.000000,399.000000</point>
			</points>
		</object>
		<object>
			<coordinate>pixel</coordinate>
			<type>rectangle</type>
			<description>None</description>
			<possibleresult>
				<name>Dump Truck</name>
			</possibleresult>
			<points>
				<point>107.000000,399.000000</point>
				<point>96.000000,399.000000</point>
				<point>96.000000,378.000000</point>
				<point>107.000000,378.000000</point>
				<point>107.000000,399.000000</point>
			</points>
		</object>
		<object>
			<coordinate>pixel</coordinate>
			<type>rectangle</type>
			<description>None</description>
			<possibleresult>
				<name>Van</name>
			</possibleresult>
			<points>
				<point>95.000000,396.000000</point>
				<point>86.000000,396.000000</point>
				<point>86.000000,376.000000</point>
				<point>95.000000,376.000000</point>
				<point>95.000000,396.000000</point>
			</points>
		</object>
		<object>
			<coordinate>pixel</coordinate>
			<type>rectangle</type>
			<description>None</description>
			<possibleresult>
				<name>Van</name>
			</possibleresult>
			<points>
				<point>83.000000,398.000000</point>
				<point>75.000000,398.000000</point>
				<point>75.000000,379.000000</point>
				<point>83.000000,379.000000</point>
				<point>83.000000,398.000000</point>
			</points>
		</object>
		<object>
			<coordinate>pixel</coordinate>
			<type>rectangle</type>
			<description>None</description>
			<possibleresult>
				<name>Van</name>
			</possibleresult>
			<points>
				<point>73.000000,396.000000</point>
				<point>65.000000,396.000000</point>
				<point>65.000000,380.000000</point>
				<point>73.000000,380.000000</point>
				<point>73.000000,396.000000</point>
			</points>
		</object>
		<object>
			<coordinate>pixel</coordinate>
			<type>rectangle</type>
			<description>None</description>
			<possibleresult>
				<name>Van</name>
			</possibleresult>
			<points>
				<point>72.000000,378.000000</point>
				<point>63.000000,378.000000</point>
				<point>63.000000,357.000000</point>
				<point>72.000000,357.000000</point>
				<point>72.000000,378.000000</point>
			</points>
		</object>
		<object>
			<coordinate>pixel</coordinate>
			<type>rectangle</type>
			<description>None</description>
			<possibleresult>
				<name>Small Car</name>
			</possibleresult>
			<points>
				<point>83.000000,378.000000</point>
				<point>75.000000,378.000000</point>
				<point>75.000000,360.000000</point>
				<point>83.000000,360.000000</point>
				<point>83.000000,378.000000</point>
			</points>
		</object>
		<object>
			<coordinate>pixel</coordinate>
			<type>rectangle</type>
			<description>None</description>
			<possibleresult>
				<name>Small Car</name>
			</possibleresult>
			<points>
				<point>103.999992,376.000000</point>
				<point>95.024849,376.472351</point>
				<point>93.999992,357.000000</point>
				<point>102.975136,356.527649</point>
				<point>103.999992,376.000000</point>
			</points>
		</object>
		<object>
			<coordinate>pixel</coordinate>
			<type>rectangle</type>
			<description>None</description>
			<possibleresult>
				<name>Dump Truck</name>
			</possibleresult>
			<points>
				<point>115.000000,377.000000</point>
				<point>106.000000,377.000000</point>
				<point>106.000000,355.000000</point>
				<point>115.000000,355.000000</point>
				<point>115.000000,377.000000</point>
			</points>
		</object>
		<object>
			<coordinate>pixel</coordinate>
			<type>rectangle</type>
			<description>None</description>
			<possibleresult>
				<name>Van</name>
			</possibleresult>
			<points>
				<point>136.000000,380.000000</point>
				<point>128.000000,380.000000</point>
				<point>128.000000,362.000000</point>
				<point>136.000000,362.000000</point>
				<point>136.000000,380.000000</point>
			</points>
		</object>
		<object>
			<coordinate>pixel</coordinate>
			<type>rectangle</type>
			<description>None</description>
			<possibleresult>
				<name>Van</name>
			</possibleresult>
			<points>
				<point>147.000000,375.000000</point>
				<point>139.000000,375.000000</point>
				<point>139.000000,360.000000</point>
				<point>147.000000,360.000000</point>
				<point>147.000000,375.000000</point>
			</points>
		</object>
		<object>
			<coordinate>pixel</coordinate>
			<type>rectangle</type>
			<description>None</description>
			<possibleresult>
				<name>Dump Truck</name>
			</possibleresult>
			<points>
				<point>171.000000,378.000000</point>
				<point>161.000000,378.000000</point>
				<point>161.000000,357.000000</point>
				<point>171.000000,357.000000</point>
				<point>171.000000,378.000000</point>
			</points>
		</object>
		<object>
			<coordinate>pixel</coordinate>
			<type>rectangle</type>
			<description>None</description>
			<possibleresult>
				<name>Dump Truck</name>
			</possibleresult>
			<points>
				<point>187.000000,334.000000</point>
				<point>177.000000,334.000000</point>
				<point>177.000000,316.000000</point>
				<point>187.000000,316.000000</point>
				<point>187.000000,334.000000</point>
			</points>
		</object>
		<object>
			<coordinate>pixel</coordinate>
			<type>rectangle</type>
			<description>None</description>
			<possibleresult>
				<name>Small Car</name>
			</possibleresult>
			<points>
				<point>174.000000,333.000000</point>
				<point>166.000000,333.000000</point>
				<point>166.000000,316.000000</point>
				<point>174.000000,316.000000</point>
				<point>174.000000,333.000000</point>
			</points>
		</object>
		<object>
			<coordinate>pixel</coordinate>
			<type>rectangle</type>
			<description>None</description>
			<possibleresult>
				<name>Van</name>
			</possibleresult>
			<points>
				<point>161.000000,337.000000</point>
				<point>151.000000,337.000000</point>
				<point>151.000000,317.000000</point>
				<point>161.000000,317.000000</point>
				<point>161.000000,337.000000</point>
			</points>
		</object>
		<object>
			<coordinate>pixel</coordinate>
			<type>rectangle</type>
			<description>None</description>
			<possibleresult>
				<name>Dump Truck</name>
			</possibleresult>
			<points>
				<point>147.000000,335.000000</point>
				<point>138.000000,335.000000</point>
				<point>138.000000,315.000000</point>
				<point>147.000000,315.000000</point>
				<point>147.000000,335.000000</point>
			</points>
		</object>
		<object>
			<coordinate>pixel</coordinate>
			<type>rectangle</type>
			<description>None</description>
			<possibleresult>
				<name>Van</name>
			</possibleresult>
			<points>
				<point>136.000000,333.000000</point>
				<point>128.000000,333.000000</point>
				<point>128.000000,315.000000</point>
				<point>136.000000,315.000000</point>
				<point>136.000000,333.000000</point>
			</points>
		</object>
		<object>
			<coordinate>pixel</coordinate>
			<type>rectangle</type>
			<description>None</description>
			<possibleresult>
				<name>Small Car</name>
			</possibleresult>
			<points>
				<point>126.000000,338.000000</point>
				<point>117.000000,338.000000</point>
				<point>117.000000,318.000000</point>
				<point>126.000000,318.000000</point>
				<point>126.000000,338.000000</point>
			</points>
		</object>
		<object>
			<coordinate>pixel</coordinate>
			<type>rectangle</type>
			<description>None</description>
			<possibleresult>
				<name>Small Car</name>
			</possibleresult>
			<points>
				<point>114.000000,335.000000</point>
				<point>105.000000,335.000000</point>
				<point>105.000000,317.000000</point>
				<point>114.000000,317.000000</point>
				<point>114.000000,335.000000</point>
			</points>
		</object>
		<object>
			<coordinate>pixel</coordinate>
			<type>rectangle</type>
			<description>None</description>
			<possibleresult>
				<name>Small Car</name>
			</possibleresult>
			<points>
				<point>103.000000,334.000000</point>
				<point>94.000000,334.000000</point>
				<point>94.000000,317.000000</point>
				<point>103.000000,317.000000</point>
				<point>103.000000,334.000000</point>
			</points>
		</object>
		<object>
			<coordinate>pixel</coordinate>
			<type>rectangle</type>
			<description>None</description>
			<possibleresult>
				<name>Small Car</name>
			</possibleresult>
			<points>
				<point>82.000000,334.000000</point>
				<point>73.000000,334.000000</point>
				<point>73.000000,318.000000</point>
				<point>82.000000,318.000000</point>
				<point>82.000000,334.000000</point>
			</points>
		</object>
		<object>
			<coordinate>pixel</coordinate>
			<type>rectangle</type>
			<description>None</description>
			<possibleresult>
				<name>Van</name>
			</possibleresult>
			<points>
				<point>70.000000,336.000000</point>
				<point>62.000000,336.000000</point>
				<point>62.000000,317.000000</point>
				<point>70.000000,317.000000</point>
				<point>70.000000,336.000000</point>
			</points>
		</object>
		<object>
			<coordinate>pixel</coordinate>
			<type>rectangle</type>
			<description>None</description>
			<possibleresult>
				<name>Van</name>
			</possibleresult>
			<points>
				<point>60.000000,336.000000</point>
				<point>52.000000,336.000000</point>
				<point>52.000000,317.000000</point>
				<point>60.000000,317.000000</point>
				<point>60.000000,336.000000</point>
			</points>
		</object>
		<object>
			<coordinate>pixel</coordinate>
			<type>rectangle</type>
			<description>None</description>
			<possibleresult>
				<name>Van</name>
			</possibleresult>
			<points>
				<point>49.000000,333.000000</point>
				<point>41.000000,333.000000</point>
				<point>41.000000,314.000000</point>
				<point>49.000000,314.000000</point>
				<point>49.000000,333.000000</point>
			</points>
		</object>
		<object>
			<coordinate>pixel</coordinate>
			<type>rectangle</type>
			<description>None</description>
			<possibleresult>
				<name>Dump Truck</name>
			</possibleresult>
			<points>
				<point>40.000000,336.000000</point>
				<point>32.016495,336.362915</point>
				<point>31.000000,314.000000</point>
				<point>38.983505,313.637085</point>
				<point>40.000000,336.000000</point>
			</points>
		</object>
		<object>
			<coordinate>pixel</coordinate>
			<type>rectangle</type>
			<description>None</description>
			<possibleresult>
				<name>Van</name>
			</possibleresult>
			<points>
				<point>29.000002,335.000031</point>
				<point>21.966154,335.390778</point>
				<point>20.966154,317.390778</point>
				<point>28.000002,317.000031</point>
				<point>29.000002,335.000031</point>
			</points>
		</object>
		<object>
			<coordinate>pixel</coordinate>
			<type>rectangle</type>
			<description>None</description>
			<possibleresult>
				<name>Dump Truck</name>
			</possibleresult>
			<points>
				<point>19.000000,338.000000</point>
				<point>11.000000,338.000000</point>
				<point>11.000000,319.000000</point>
				<point>19.000000,319.000000</point>
				<point>19.000000,338.000000</point>
			</points>
		</object>
		<object>
			<coordinate>pixel</coordinate>
			<type>rectangle</type>
			<description>None</description>
			<possibleresult>
				<name>Van</name>
			</possibleresult>
			<points>
				<point>7.000000,335.000000</point>
				<point>0.000000,335.000000</point>
				<point>0.000000,319.000000</point>
				<point>7.000000,319.000000</point>
				<point>7.000000,335.000000</point>
			</points>
		</object>
		<object>
			<coordinate>pixel</coordinate>
			<type>rectangle</type>
			<description>None</description>
			<possibleresult>
				<name>Small Car</name>
			</possibleresult>
			<points>
				<point>268.000000,92.000000</point>
				<point>259.000000,92.000000</point>
				<point>259.000000,75.000000</point>
				<point>268.000000,75.000000</point>
				<point>268.000000,92.000000</point>
			</points>
		</object>
		<object>
			<coordinate>pixel</coordinate>
			<type>rectangle</type>
			<description>None</description>
			<possibleresult>
				<name>Van</name>
			</possibleresult>
			<points>
				<point>452.000000,14.000000</point>
				<point>435.000000,14.000000</point>
				<point>435.000000,8.000000</point>
				<point>452.000000,8.000000</point>
				<point>452.000000,14.000000</point>
			</points>
		</object>
		<object>
			<coordinate>pixel</coordinate>
			<type>rectangle</type>
			<description>None</description>
			<possibleresult>
				<name>Van</name>
			</possibleresult>
			<points>
				<point>591.000000,26.000000</point>
				<point>572.000000,26.000000</point>
				<point>572.000000,19.000000</point>
				<point>591.000000,19.000000</point>
				<point>591.000000,26.000000</point>
			</points>
		</object>
		<object>
			<coordinate>pixel</coordinate>
			<type>rectangle</type>
			<description>None</description>
			<possibleresult>
				<name>Dump Truck</name>
			</possibleresult>
			<points>
				<point>673.415894,49.982666</point>
				<point>649.415894,50.982666</point>
				<point>649.000000,41.000000</point>
				<point>673.000000,40.000000</point>
				<point>673.415894,49.982666</point>
			</points>
		</object>
		<object>
			<coordinate>pixel</coordinate>
			<type>rectangle</type>
			<description>None</description>
			<possibleresult>
				<name>Small Car</name>
			</possibleresult>
			<points>
				<point>620.000000,50.000000</point>
				<point>600.000000,50.000000</point>
				<point>600.000000,38.000000</point>
				<point>620.000000,38.000000</point>
				<point>620.000000,50.000000</point>
			</points>
		</object>
		<object>
			<coordinate>pixel</coordinate>
			<type>rectangle</type>
			<description>None</description>
			<possibleresult>
				<name>Van</name>
			</possibleresult>
			<points>
				<point>748.000000,45.000000</point>
				<point>745.000000,53.000000</point>
				<point>728.671265,46.876709</point>
				<point>731.671265,38.876709</point>
				<point>748.000000,45.000000</point>
			</points>
		</object>
		<object>
			<coordinate>pixel</coordinate>
			<type>rectangle</type>
			<description>None</description>
			<possibleresult>
				<name>Small Car</name>
			</possibleresult>
			<points>
				<point>586.000000,75.000000</point>
				<point>578.000000,75.000000</point>
				<point>578.000000,56.000000</point>
				<point>586.000000,56.000000</point>
				<point>586.000000,75.000000</point>
			</points>
		</object>
		<object>
			<coordinate>pixel</coordinate>
			<type>rectangle</type>
			<description>None</description>
			<possibleresult>
				<name>Small Car</name>
			</possibleresult>
			<points>
				<point>598.000000,75.000000</point>
				<point>591.000000,75.000000</point>
				<point>591.000000,55.000000</point>
				<point>598.000000,55.000000</point>
				<point>598.000000,75.000000</point>
			</points>
		</object>
		<object>
			<coordinate>pixel</coordinate>
			<type>rectangle</type>
			<description>None</description>
			<possibleresult>
				<name>Small Car</name>
			</possibleresult>
			<points>
				<point>610.999939,58.000000</point>
				<point>609.972229,76.498459</point>
				<point>600.999939,76.000000</point>
				<point>602.027649,57.501541</point>
				<point>610.999939,58.000000</point>
			</points>
		</object>
		<object>
			<coordinate>pixel</coordinate>
			<type>rectangle</type>
			<description>None</description>
			<possibleresult>
				<name>Small Car</name>
			</possibleresult>
			<points>
				<point>623.027710,60.501541</point>
				<point>622.000000,79.000000</point>
				<point>612.972290,78.498459</point>
				<point>614.000000,60.000000</point>
				<point>623.027710,60.501541</point>
			</points>
		</object>
		<object>
			<coordinate>pixel</coordinate>
			<type>rectangle</type>
			<description>None</description>
			<possibleresult>
				<name>Van</name>
			</possibleresult>
			<points>
				<point>633.000000,75.000000</point>
				<point>625.000000,75.000000</point>
				<point>625.000000,57.000000</point>
				<point>633.000000,57.000000</point>
				<point>633.000000,75.000000</point>
			</points>
		</object>
		<object>
			<coordinate>pixel</coordinate>
			<type>rectangle</type>
			<description>None</description>
			<possibleresult>
				<name>Small Car</name>
			</possibleresult>
			<points>
				<point>644.000000,75.000000</point>
				<point>635.000000,75.000000</point>
				<point>635.000000,57.000000</point>
				<point>644.000000,57.000000</point>
				<point>644.000000,75.000000</point>
			</points>
		</object>
		<object>
			<coordinate>pixel</coordinate>
			<type>rectangle</type>
			<description>None</description>
			<possibleresult>
				<name>Van</name>
			</possibleresult>
			<points>
				<point>656.000000,74.000000</point>
				<point>648.000000,74.000000</point>
				<point>648.000000,56.000000</point>
				<point>656.000000,56.000000</point>
				<point>656.000000,74.000000</point>
			</points>
		</object>
		<object>
			<coordinate>pixel</coordinate>
			<type>rectangle</type>
			<description>None</description>
			<possibleresult>
				<name>Small Car</name>
			</possibleresult>
			<points>
				<point>667.000000,75.000000</point>
				<point>659.000000,75.000000</point>
				<point>659.000000,57.000000</point>
				<point>667.000000,57.000000</point>
				<point>667.000000,75.000000</point>
			</points>
		</object>
		<object>
			<coordinate>pixel</coordinate>
			<type>rectangle</type>
			<description>None</description>
			<possibleresult>
				<name>Van</name>
			</possibleresult>
			<points>
				<point>678.000000,74.000000</point>
				<point>670.000000,74.000000</point>
				<point>670.000000,59.000000</point>
				<point>678.000000,59.000000</point>
				<point>678.000000,74.000000</point>
			</points>
		</object>
		<object>
			<coordinate>pixel</coordinate>
			<type>rectangle</type>
			<description>None</description>
			<possibleresult>
				<name>Small Car</name>
			</possibleresult>
			<points>
				<point>689.000000,74.000000</point>
				<point>681.000000,74.000000</point>
				<point>681.000000,55.000000</point>
				<point>689.000000,55.000000</point>
				<point>689.000000,74.000000</point>
			</points>
		</object>
		<object>
			<coordinate>pixel</coordinate>
			<type>rectangle</type>
			<description>None</description>
			<possibleresult>
				<name>Small Car</name>
			</possibleresult>
			<points>
				<point>701.000000,73.000000</point>
				<point>694.000000,73.000000</point>
				<point>694.000000,57.000000</point>
				<point>701.000000,57.000000</point>
				<point>701.000000,73.000000</point>
			</points>
		</object>
		<object>
			<coordinate>pixel</coordinate>
			<type>rectangle</type>
			<description>None</description>
			<possibleresult>
				<name>Van</name>
			</possibleresult>
			<points>
				<point>723.000061,71.000000</point>
				<point>716.024231,71.410347</point>
				<point>715.000061,54.000004</point>
				<point>721.975891,53.589661</point>
				<point>723.000061,71.000000</point>
			</points>
		</object>
		<object>
			<coordinate>pixel</coordinate>
			<type>rectangle</type>
			<description>None</description>
			<possibleresult>
				<name>Small Car</name>
			</possibleresult>
			<points>
				<point>735.000000,73.000000</point>
				<point>728.000000,73.000000</point>
				<point>728.000000,55.000000</point>
				<point>735.000000,55.000000</point>
				<point>735.000000,73.000000</point>
			</points>
		</object>
		<object>
			<coordinate>pixel</coordinate>
			<type>rectangle</type>
			<description>None</description>
			<possibleresult>
				<name>Small Car</name>
			</possibleresult>
			<points>
				<point>747.000000,73.000000</point>
				<point>739.000000,73.000000</point>
				<point>739.000000,55.000000</point>
				<point>747.000000,55.000000</point>
				<point>747.000000,73.000000</point>
			</points>
		</object>
		<object>
			<coordinate>pixel</coordinate>
			<type>rectangle</type>
			<description>None</description>
			<possibleresult>
				<name>Van</name>
			</possibleresult>
			<points>
				<point>758.000122,69.000000</point>
				<point>750.035522,69.530975</point>
				<point>749.000122,54.000004</point>
				<point>756.964722,53.469025</point>
				<point>758.000122,69.000000</point>
			</points>
		</object>
		<object>
			<coordinate>pixel</coordinate>
			<type>rectangle</type>
			<description>None</description>
			<possibleresult>
				<name>Van</name>
			</possibleresult>
			<points>
				<point>766.000000,117.000000</point>
				<point>757.000000,117.000000</point>
				<point>757.000000,100.000000</point>
				<point>766.000000,100.000000</point>
				<point>766.000000,117.000000</point>
			</points>
		</object>
		<object>
			<coordinate>pixel</coordinate>
			<type>rectangle</type>
			<description>None</description>
			<possibleresult>
				<name>Dump Truck</name>
			</possibleresult>
			<points>
				<point>752.000000,117.000000</point>
				<point>744.000000,117.000000</point>
				<point>744.000000,99.000000</point>
				<point>752.000000,99.000000</point>
				<point>752.000000,117.000000</point>
			</points>
		</object>
		<object>
			<coordinate>pixel</coordinate>
			<type>rectangle</type>
			<description>None</description>
			<possibleresult>
				<name>Small Car</name>
			</possibleresult>
			<points>
				<point>741.000000,100.000000</point>
				<point>740.000000,118.000000</point>
				<point>730.972290,117.498459</point>
				<point>731.972290,99.498459</point>
				<point>741.000000,100.000000</point>
			</points>
		</object>
		<object>
			<coordinate>pixel</coordinate>
			<type>rectangle</type>
			<description>None</description>
			<possibleresult>
				<name>Small Car</name>
			</possibleresult>
			<points>
				<point>729.000000,119.000000</point>
				<point>720.000000,119.000000</point>
				<point>720.000000,102.000000</point>
				<point>729.000000,102.000000</point>
				<point>729.000000,119.000000</point>
			</points>
		</object>
		<object>
			<coordinate>pixel</coordinate>
			<type>rectangle</type>
			<description>None</description>
			<possibleresult>
				<name>Small Car</name>
			</possibleresult>
			<points>
				<point>718.000000,114.000000</point>
				<point>709.000000,114.000000</point>
				<point>709.000000,99.000000</point>
				<point>718.000000,99.000000</point>
				<point>718.000000,114.000000</point>
			</points>
		</object>
		<object>
			<coordinate>pixel</coordinate>
			<type>rectangle</type>
			<description>None</description>
			<possibleresult>
				<name>Small Car</name>
			</possibleresult>
			<points>
				<point>706.000000,119.000000</point>
				<point>697.000000,119.000000</point>
				<point>697.000000,100.000000</point>
				<point>706.000000,100.000000</point>
				<point>706.000000,119.000000</point>
			</points>
		</object>
		<object>
			<coordinate>pixel</coordinate>
			<type>rectangle</type>
			<description>None</description>
			<possibleresult>
				<name>Small Car</name>
			</possibleresult>
			<points>
				<point>695.000000,120.000000</point>
				<point>686.000000,120.000000</point>
				<point>686.000000,102.000000</point>
				<point>695.000000,102.000000</point>
				<point>695.000000,120.000000</point>
			</points>
		</object>
		<object>
			<coordinate>pixel</coordinate>
			<type>rectangle</type>
			<description>None</description>
			<possibleresult>
				<name>Small Car</name>
			</possibleresult>
			<points>
				<point>684.000000,121.000000</point>
				<point>674.000000,121.000000</point>
				<point>674.000000,103.000000</point>
				<point>684.000000,103.000000</point>
				<point>684.000000,121.000000</point>
			</points>
		</object>
		<object>
			<coordinate>pixel</coordinate>
			<type>rectangle</type>
			<description>None</description>
			<possibleresult>
				<name>Small Car</name>
			</possibleresult>
			<points>
				<point>672.000000,121.000000</point>
				<point>663.000000,121.000000</point>
				<point>663.000000,102.000000</point>
				<point>672.000000,102.000000</point>
				<point>672.000000,121.000000</point>
			</points>
		</object>
		<object>
			<coordinate>pixel</coordinate>
			<type>rectangle</type>
			<description>None</description>
			<possibleresult>
				<name>Van</name>
			</possibleresult>
			<points>
				<point>649.000000,121.000000</point>
				<point>641.000000,121.000000</point>
				<point>641.000000,104.000000</point>
				<point>649.000000,104.000000</point>
				<point>649.000000,121.000000</point>
			</points>
		</object>
		<object>
			<coordinate>pixel</coordinate>
			<type>rectangle</type>
			<description>None</description>
			<possibleresult>
				<name>Small Car</name>
			</possibleresult>
			<points>
				<point>640.027161,121.570137</point>
				<point>631.000061,122.000008</point>
				<point>629.972961,100.429863</point>
				<point>639.000061,99.999992</point>
				<point>640.027161,121.570137</point>
			</points>
		</object>
		<object>
			<coordinate>pixel</coordinate>
			<type>rectangle</type>
			<description>None</description>
			<possibleresult>
				<name>Small Car</name>
			</possibleresult>
			<points>
				<point>616.000000,123.000000</point>
				<point>607.000000,123.000000</point>
				<point>607.000000,103.000000</point>
				<point>616.000000,103.000000</point>
				<point>616.000000,123.000000</point>
			</points>
		</object>
		<object>
			<coordinate>pixel</coordinate>
			<type>rectangle</type>
			<description>None</description>
			<possibleresult>
				<name>Van</name>
			</possibleresult>
			<points>
				<point>604.000000,122.000000</point>
				<point>594.000000,122.000000</point>
				<point>594.000000,101.000000</point>
				<point>604.000000,101.000000</point>
				<point>604.000000,122.000000</point>
			</points>
		</object>
		<object>
			<coordinate>pixel</coordinate>
			<type>rectangle</type>
			<description>None</description>
			<possibleresult>
				<name>Van</name>
			</possibleresult>
			<points>
				<point>590.000000,122.000000</point>
				<point>582.000000,122.000000</point>
				<point>582.000000,103.000000</point>
				<point>590.000000,103.000000</point>
				<point>590.000000,122.000000</point>
			</points>
		</object>
		<object>
			<coordinate>pixel</coordinate>
			<type>rectangle</type>
			<description>None</description>
			<possibleresult>
				<name>Van</name>
			</possibleresult>
			<points>
				<point>578.000000,123.000000</point>
				<point>569.000000,123.000000</point>
				<point>569.000000,103.000000</point>
				<point>578.000000,103.000000</point>
				<point>578.000000,123.000000</point>
			</points>
		</object>
		<object>
			<coordinate>pixel</coordinate>
			<type>rectangle</type>
			<description>None</description>
			<possibleresult>
				<name>Small Car</name>
			</possibleresult>
			<points>
				<point>567.030762,106.446152</point>
				<point>566.000000,125.000000</point>
				<point>557.969238,124.553848</point>
				<point>559.000000,106.000000</point>
				<point>567.030762,106.446152</point>
			</points>
		</object>
		<object>
			<coordinate>pixel</coordinate>
			<type>rectangle</type>
			<description>None</description>
			<possibleresult>
				<name>Van</name>
			</possibleresult>
			<points>
				<point>555.000000,120.000000</point>
				<point>546.000000,120.000000</point>
				<point>546.000000,100.000000</point>
				<point>555.000000,100.000000</point>
				<point>555.000000,120.000000</point>
			</points>
		</object>
		<object>
			<coordinate>pixel</coordinate>
			<type>rectangle</type>
			<description>None</description>
			<possibleresult>
				<name>Van</name>
			</possibleresult>
			<points>
				<point>763.410400,152.975861</point>
				<point>746.000000,154.000000</point>
				<point>745.589600,147.024139</point>
				<point>763.000000,146.000000</point>
				<point>763.410400,152.975861</point>
			</points>
		</object>
		<object>
			<coordinate>pixel</coordinate>
			<type>rectangle</type>
			<description>None</description>
			<possibleresult>
				<name>Van</name>
			</possibleresult>
			<points>
				<point>739.000000,248.000000</point>
				<point>721.000000,248.000000</point>
				<point>721.000000,241.000000</point>
				<point>739.000000,241.000000</point>
				<point>739.000000,248.000000</point>
			</points>
		</object>
		<object>
			<coordinate>pixel</coordinate>
			<type>rectangle</type>
			<description>None</description>
			<possibleresult>
				<name>Small Car</name>
			</possibleresult>
			<points>
				<point>741.000000,258.000000</point>
				<point>721.000000,258.000000</point>
				<point>721.000000,250.000000</point>
				<point>741.000000,250.000000</point>
				<point>741.000000,258.000000</point>
			</points>
		</object>
		<object>
			<coordinate>pixel</coordinate>
			<type>rectangle</type>
			<description>None</description>
			<possibleresult>
				<name>Van</name>
			</possibleresult>
			<points>
				<point>733.000000,285.000000</point>
				<point>714.000000,285.000000</point>
				<point>714.000000,278.000000</point>
				<point>733.000000,278.000000</point>
				<point>733.000000,285.000000</point>
			</points>
		</object>
		<object>
			<coordinate>pixel</coordinate>
			<type>rectangle</type>
			<description>None</description>
			<possibleresult>
				<name>Van</name>
			</possibleresult>
			<points>
				<point>382.999969,93.999992</point>
				<point>375.153839,99.230766</point>
				<point>364.999969,83.999992</point>
				<point>372.846100,78.769218</point>
				<point>382.999969,93.999992</point>
			</points>
		</object>
		<object>
			<coordinate>pixel</coordinate>
			<type>rectangle</type>
			<description>None</description>
			<possibleresult>
				<name>Van</name>
			</possibleresult>
			<points>
				<point>372.000000,110.000023</point>
				<point>363.168884,113.434334</point>
				<point>356.000000,95.000023</point>
				<point>364.831116,91.565712</point>
				<point>372.000000,110.000023</point>
			</points>
		</object>
		<object>
			<coordinate>pixel</coordinate>
			<type>rectangle</type>
			<description>None</description>
			<possibleresult>
				<name>Van</name>
			</possibleresult>
			<points>
				<point>364.128998,117.464180</point>
				<point>355.000031,119.999992</point>
				<point>350.000031,101.999992</point>
				<point>359.128998,99.464180</point>
				<point>364.128998,117.464180</point>
			</points>
		</object>
		<object>
			<coordinate>pixel</coordinate>
			<type>rectangle</type>
			<description>None</description>
			<possibleresult>
				<name>Van</name>
			</possibleresult>
			<points>
				<point>361.155914,139.445435</point>
				<point>351.000031,143.000000</point>
				<point>343.844147,122.554565</point>
				<point>354.000031,119.000000</point>
				<point>361.155914,139.445435</point>
			</points>
		</object>
		<object>
			<coordinate>pixel</coordinate>
			<type>rectangle</type>
			<description>None</description>
			<possibleresult>
				<name>Van</name>
			</possibleresult>
			<points>
				<point>350.000000,145.000015</point>
				<point>341.000000,149.000015</point>
				<point>332.793823,130.536087</point>
				<point>341.793823,126.536087</point>
				<point>350.000000,145.000015</point>
			</points>
		</object>
		<object>
			<coordinate>pixel</coordinate>
			<type>rectangle</type>
			<description>None</description>
			<possibleresult>
				<name>Van</name>
			</possibleresult>
			<points>
				<point>343.000031,158.000015</point>
				<point>333.917450,160.724777</point>
				<point>327.917450,140.724777</point>
				<point>337.000031,138.000015</point>
				<point>343.000031,158.000015</point>
			</points>
		</object>
		<object>
			<coordinate>pixel</coordinate>
			<type>rectangle</type>
			<description>None</description>
			<possibleresult>
				<name>Van</name>
			</possibleresult>
			<points>
				<point>323.082611,189.275238</point>
				<point>314.000031,192.000000</point>
				<point>308.000031,172.000000</point>
				<point>317.082611,169.275238</point>
				<point>323.082611,189.275238</point>
			</points>
		</object>
		<object>
			<coordinate>pixel</coordinate>
			<type>rectangle</type>
			<description>None</description>
			<possibleresult>
				<name>Van</name>
			</possibleresult>
			<points>
				<point>422.000000,151.000000</point>
				<point>414.000000,151.000000</point>
				<point>414.000000,135.000000</point>
				<point>422.000000,135.000000</point>
				<point>422.000000,151.000000</point>
			</points>
		</object>
		<object>
			<coordinate>pixel</coordinate>
			<type>rectangle</type>
			<description>None</description>
			<possibleresult>
				<name>Van</name>
			</possibleresult>
			<points>
				<point>456.000000,174.000000</point>
				<point>447.000000,174.000000</point>
				<point>447.000000,156.000000</point>
				<point>456.000000,156.000000</point>
				<point>456.000000,174.000000</point>
			</points>
		</object>
		<object>
			<coordinate>pixel</coordinate>
			<type>rectangle</type>
			<description>None</description>
			<possibleresult>
				<name>Van</name>
			</possibleresult>
			<points>
				<point>428.000000,171.000000</point>
				<point>420.000000,171.000000</point>
				<point>420.000000,155.000000</point>
				<point>428.000000,155.000000</point>
				<point>428.000000,171.000000</point>
			</points>
		</object>
		<object>
			<coordinate>pixel</coordinate>
			<type>rectangle</type>
			<description>None</description>
			<possibleresult>
				<name>Dump Truck</name>
			</possibleresult>
			<points>
				<point>419.000000,107.000000</point>
				<point>411.000000,107.000000</point>
				<point>411.000000,88.000000</point>
				<point>419.000000,88.000000</point>
				<point>419.000000,107.000000</point>
			</points>
		</object>
		<object>
			<coordinate>pixel</coordinate>
			<type>rectangle</type>
			<description>None</description>
			<possibleresult>
				<name>Small Car</name>
			</possibleresult>
			<points>
				<point>420.000000,127.000000</point>
				<point>412.022095,127.419891</point>
				<point>411.000000,108.000000</point>
				<point>418.977905,107.580109</point>
				<point>420.000000,127.000000</point>
			</points>
		</object>
		<object>
			<coordinate>pixel</coordinate>
			<type>rectangle</type>
			<description>None</description>
			<possibleresult>
				<name>Small Car</name>
			</possibleresult>
			<points>
				<point>287.221893,253.602448</point>
				<point>277.999969,257.000000</point>
				<point>270.778046,237.397552</point>
				<point>279.999969,234.000000</point>
				<point>287.221893,253.602448</point>
			</points>
		</object>
		<object>
			<coordinate>pixel</coordinate>
			<type>rectangle</type>
			<description>None</description>
			<possibleresult>
				<name>Small Car</name>
			</possibleresult>
			<points>
				<point>278.000031,268.000031</point>
				<point>270.142365,270.455536</point>
				<point>265.142365,254.455536</point>
				<point>273.000031,252.000031</point>
				<point>278.000031,268.000031</point>
			</points>
		</object>
		<object>
			<coordinate>pixel</coordinate>
			<type>rectangle</type>
			<description>None</description>
			<possibleresult>
				<name>Van</name>
			</possibleresult>
			<points>
				<point>68.000000,289.000000</point>
				<point>51.000000,289.000000</point>
				<point>51.000000,282.000000</point>
				<point>68.000000,282.000000</point>
				<point>68.000000,289.000000</point>
			</points>
		</object>
		<object>
			<coordinate>pixel</coordinate>
			<type>rectangle</type>
			<description>None</description>
			<possibleresult>
				<name>Van</name>
			</possibleresult>
			<points>
				<point>61.000000,376.000000</point>
				<point>53.000000,376.000000</point>
				<point>53.000000,355.000000</point>
				<point>61.000000,355.000000</point>
				<point>61.000000,376.000000</point>
			</points>
		</object>
		<object>
			<coordinate>pixel</coordinate>
			<type>rectangle</type>
			<description>None</description>
			<possibleresult>
				<name>Van</name>
			</possibleresult>
			<points>
				<point>50.000000,378.000000</point>
				<point>42.000000,378.000000</point>
				<point>42.000000,358.000000</point>
				<point>50.000000,358.000000</point>
				<point>50.000000,378.000000</point>
			</points>
		</object>
		<object>
			<coordinate>pixel</coordinate>
			<type>rectangle</type>
			<description>None</description>
			<possibleresult>
				<name>Van</name>
			</possibleresult>
			<points>
				<point>52.000000,393.000000</point>
				<point>44.000000,393.000000</point>
				<point>44.000000,378.000000</point>
				<point>52.000000,378.000000</point>
				<point>52.000000,393.000000</point>
			</points>
		</object>
		<object>
			<coordinate>pixel</coordinate>
			<type>rectangle</type>
			<description>None</description>
			<possibleresult>
				<name>Van</name>
			</possibleresult>
			<points>
				<point>62.000000,395.000000</point>
				<point>53.024864,395.472351</point>
				<point>52.000000,376.000000</point>
				<point>60.975136,375.527649</point>
				<point>62.000000,395.000000</point>
			</points>
		</object>
		<object>
			<coordinate>pixel</coordinate>
			<type>rectangle</type>
			<description>None</description>
			<possibleresult>
				<name>Van</name>
			</possibleresult>
			<points>
				<point>42.000000,398.000000</point>
				<point>32.000000,398.000000</point>
				<point>32.000000,380.000000</point>
				<point>42.000000,380.000000</point>
				<point>42.000000,398.000000</point>
			</points>
		</object>
		<object>
			<coordinate>pixel</coordinate>
			<type>rectangle</type>
			<description>None</description>
			<possibleresult>
				<name>Van</name>
			</possibleresult>
			<points>
				<point>41.000000,377.000000</point>
				<point>33.024612,377.443054</point>
				<point>32.000000,359.000000</point>
				<point>39.975388,358.556946</point>
				<point>41.000000,377.000000</point>
			</points>
		</object>
		<object>
			<coordinate>pixel</coordinate>
			<type>rectangle</type>
			<description>None</description>
			<possibleresult>
				<name>Van</name>
			</possibleresult>
			<points>
				<point>30.000000,377.000000</point>
				<point>21.000000,377.000000</point>
				<point>21.000000,359.000000</point>
				<point>30.000000,359.000000</point>
				<point>30.000000,377.000000</point>
			</points>
		</object>
		<object>
			<coordinate>pixel</coordinate>
			<type>rectangle</type>
			<description>None</description>
			<possibleresult>
				<name>Van</name>
			</possibleresult>
			<points>
				<point>19.000000,376.000000</point>
				<point>10.000000,376.000000</point>
				<point>10.000000,353.000000</point>
				<point>19.000000,353.000000</point>
				<point>19.000000,376.000000</point>
			</points>
		</object>
		<object>
			<coordinate>pixel</coordinate>
			<type>rectangle</type>
			<description>None</description>
			<possibleresult>
				<name>Van</name>
			</possibleresult>
			<points>
				<point>9.000000,378.000000</point>
				<point>1.000000,378.000000</point>
				<point>1.000000,361.000000</point>
				<point>9.000000,361.000000</point>
				<point>9.000000,378.000000</point>
			</points>
		</object>
		<object>
			<coordinate>pixel</coordinate>
			<type>rectangle</type>
			<description>None</description>
			<possibleresult>
				<name>Van</name>
			</possibleresult>
			<points>
				<point>9.000000,396.000000</point>
				<point>1.000000,396.000000</point>
				<point>1.000000,378.000000</point>
				<point>9.000000,378.000000</point>
				<point>9.000000,396.000000</point>
			</points>
		</object>
		<object>
			<coordinate>pixel</coordinate>
			<type>rectangle</type>
			<description>None</description>
			<possibleresult>
				<name>Van</name>
			</possibleresult>
			<points>
				<point>31.000000,398.000000</point>
				<point>23.000000,398.000000</point>
				<point>23.000000,378.000000</point>
				<point>31.000000,378.000000</point>
				<point>31.000000,398.000000</point>
			</points>
		</object>
		<object>
			<coordinate>pixel</coordinate>
			<type>rectangle</type>
			<description>None</description>
			<possibleresult>
				<name>Dump Truck</name>
			</possibleresult>
			<points>
				<point>21.000000,400.000000</point>
				<point>12.000000,400.000000</point>
				<point>12.000000,375.000000</point>
				<point>21.000000,375.000000</point>
				<point>21.000000,400.000000</point>
			</points>
		</object>
		<object>
			<coordinate>pixel</coordinate>
			<type>rectangle</type>
			<description>None</description>
			<possibleresult>
				<name>Van</name>
			</possibleresult>
			<points>
				<point>-0.000000,397.000000</point>
				<point>-0.000000,397.000000</point>
				<point>-0.000000,380.000000</point>
				<point>-0.000000,380.000000</point>
				<point>-0.000000,397.000000</point>
			</points>
		</object>
		<object>
			<coordinate>pixel</coordinate>
			<type>rectangle</type>
			<description>None</description>
			<possibleresult>
				<name>Van</name>
			</possibleresult>
			<points>
				<point>186.000000,436.000000</point>
				<point>177.000000,436.000000</point>
				<point>177.000000,416.000000</point>
				<point>186.000000,416.000000</point>
				<point>186.000000,436.000000</point>
			</points>
		</object>
		<object>
			<coordinate>pixel</coordinate>
			<type>rectangle</type>
			<description>None</description>
			<possibleresult>
				<name>Van</name>
			</possibleresult>
			<points>
				<point>172.000000,435.000000</point>
				<point>164.000000,435.000000</point>
				<point>164.000000,415.000000</point>
				<point>172.000000,415.000000</point>
				<point>172.000000,435.000000</point>
			</points>
		</object>
		<object>
			<coordinate>pixel</coordinate>
			<type>rectangle</type>
			<description>None</description>
			<possibleresult>
				<name>Small Car</name>
			</possibleresult>
			<points>
				<point>158.000000,439.000000</point>
				<point>149.000000,439.000000</point>
				<point>149.000000,422.000000</point>
				<point>158.000000,422.000000</point>
				<point>158.000000,439.000000</point>
			</points>
		</object>
		<object>
			<coordinate>pixel</coordinate>
			<type>rectangle</type>
			<description>None</description>
			<possibleresult>
				<name>Van</name>
			</possibleresult>
			<points>
				<point>148.000000,437.000000</point>
				<point>139.000000,437.000000</point>
				<point>139.000000,419.000000</point>
				<point>148.000000,419.000000</point>
				<point>148.000000,437.000000</point>
			</points>
		</object>
		<object>
			<coordinate>pixel</coordinate>
			<type>rectangle</type>
			<description>None</description>
			<possibleresult>
				<name>Van</name>
			</possibleresult>
			<points>
				<point>136.000000,438.000000</point>
				<point>128.000000,438.000000</point>
				<point>128.000000,419.000000</point>
				<point>136.000000,419.000000</point>
				<point>136.000000,438.000000</point>
			</points>
		</object>
		<object>
			<coordinate>pixel</coordinate>
			<type>rectangle</type>
			<description>None</description>
			<possibleresult>
				<name>Van</name>
			</possibleresult>
			<points>
				<point>124.000000,435.000000</point>
				<point>117.000000,435.000000</point>
				<point>117.000000,419.000000</point>
				<point>124.000000,419.000000</point>
				<point>124.000000,435.000000</point>
			</points>
		</object>
		<object>
			<coordinate>pixel</coordinate>
			<type>rectangle</type>
			<description>None</description>
			<possibleresult>
				<name>Van</name>
			</possibleresult>
			<points>
				<point>114.000000,438.000000</point>
				<point>107.000000,438.000000</point>
				<point>107.000000,424.000000</point>
				<point>114.000000,424.000000</point>
				<point>114.000000,438.000000</point>
			</points>
		</object>
		<object>
			<coordinate>pixel</coordinate>
			<type>rectangle</type>
			<description>None</description>
			<possibleresult>
				<name>Van</name>
			</possibleresult>
			<points>
				<point>-0.000000,435.000000</point>
				<point>-0.000000,435.000000</point>
				<point>-0.000000,419.000000</point>
				<point>-0.000000,419.000000</point>
				<point>-0.000000,435.000000</point>
			</points>
		</object>
		<object>
			<coordinate>pixel</coordinate>
			<type>rectangle</type>
			<description>None</description>
			<possibleresult>
				<name>Dump Truck</name>
			</possibleresult>
			<points>
				<point>256.000000,420.000000</point>
				<point>245.000000,420.000000</point>
				<point>245.000000,398.000000</point>
				<point>256.000000,398.000000</point>
				<point>256.000000,420.000000</point>
			</points>
		</object>
		<object>
			<coordinate>pixel</coordinate>
			<type>rectangle</type>
			<description>None</description>
			<possibleresult>
				<name>Van</name>
			</possibleresult>
			<points>
				<point>303.000000,458.000000</point>
				<point>295.000000,458.000000</point>
				<point>295.000000,433.000000</point>
				<point>303.000000,433.000000</point>
				<point>303.000000,458.000000</point>
			</points>
		</object>
		<object>
			<coordinate>pixel</coordinate>
			<type>rectangle</type>
			<description>None</description>
			<possibleresult>
				<name>Van</name>
			</possibleresult>
			<points>
				<point>303.000000,489.000000</point>
				<point>296.000000,489.000000</point>
				<point>296.000000,470.000000</point>
				<point>303.000000,470.000000</point>
				<point>303.000000,489.000000</point>
			</points>
		</object>
		<object>
			<coordinate>pixel</coordinate>
			<type>rectangle</type>
			<description>None</description>
			<possibleresult>
				<name>Dump Truck</name>
			</possibleresult>
			<points>
				<point>322.000000,727.000000</point>
				<point>311.000000,727.000000</point>
				<point>311.000000,694.000000</point>
				<point>322.000000,694.000000</point>
				<point>322.000000,727.000000</point>
			</points>
		</object>
		<object>
			<coordinate>pixel</coordinate>
			<type>rectangle</type>
			<description>None</description>
			<possibleresult>
				<name>Baseball Field</name>
			</possibleresult>
			<points>
				<point>106.044952,1008.000000</point>
				<point>102.000000,918.000000</point>
				<point>279.999939,910.000000</point>
				<point>284.044891,1000.000000</point>
				<point>106.044952,1008.000000</point>
			</points>
		</object>
		<object>
			<coordinate>pixel</coordinate>
			<type>rectangle</type>
			<description>None</description>
			<possibleresult>
				<name>Small Car</name>
			</possibleresult>
			<points>
				<point>865.999939,765.000000</point>
				<point>864.470520,771.882324</point>
				<point>846.470520,767.882324</point>
				<point>847.999939,761.000000</point>
				<point>865.999939,765.000000</point>
			</points>
		</object>
		<object>
			<coordinate>pixel</coordinate>
			<type>rectangle</type>
			<description>None</description>
			<possibleresult>
				<name>Cargo Truck</name>
			</possibleresult>
			<points>
				<point>947.017578,635.908142</point>
				<point>943.000122,657.000061</point>
				<point>932.982666,655.091980</point>
				<point>937.000122,634.000061</point>
				<point>947.017578,635.908142</point>
			</points>
		</object>
		<object>
			<coordinate>pixel</coordinate>
			<type>rectangle</type>
			<description>None</description>
			<possibleresult>
				<name>Small Car</name>
			</possibleresult>
			<points>
				<point>918.000000,639.000000</point>
				<point>914.959473,658.256714</point>
				<point>907.000000,657.000000</point>
				<point>910.040527,637.743286</point>
				<point>918.000000,639.000000</point>
			</points>
		</object>
		<object>
			<coordinate>pixel</coordinate>
			<type>rectangle</type>
			<description>None</description>
			<possibleresult>
				<name>Van</name>
			</possibleresult>
			<points>
				<point>959.000000,600.000000</point>
				<point>952.000000,616.000000</point>
				<point>943.816406,612.419678</point>
				<point>950.816406,596.419678</point>
				<point>959.000000,600.000000</point>
			</points>
		</object>
		<object>
			<coordinate>pixel</coordinate>
			<type>rectangle</type>
			<description>None</description>
			<possibleresult>
				<name>Dump Truck</name>
			</possibleresult>
			<points>
				<point>818.999878,818.999939</point>
				<point>803.999878,828.999939</point>
				<point>799.999878,822.999939</point>
				<point>814.999878,812.999939</point>
				<point>818.999878,818.999939</point>
			</points>
		</object>
		<object>
			<coordinate>pixel</coordinate>
			<type>rectangle</type>
			<description>None</description>
			<possibleresult>
				<name>Dump Truck</name>
			</possibleresult>
			<points>
				<point>996.449463,28.719070</point>
				<point>980.449463,38.719070</point>
				<point>975.000000,29.999969</point>
				<point>991.000000,19.999969</point>
				<point>996.449463,28.719070</point>
			</points>
		</object>
		<object>
			<coordinate>pixel</coordinate>
			<type>rectangle</type>
			<description>None</description>
			<possibleresult>
				<name>Van</name>
			</possibleresult>
			<points>
				<point>873.139954,685.019958</point>
				<point>871.999939,692.999939</point>
				<point>850.859924,689.979919</point>
				<point>851.999939,681.999939</point>
				<point>873.139954,685.019958</point>
			</points>
		</object>
	</objects>
</annotation>