<?xml version="1.0" encoding="utf-8"?>
<annotation>
	<source>
		<filename>1127.tif</filename>
		<origin>GF2/GF3</origin>
	</source>
	<research>
		<version>1.0</version>
		<provider>FAIR1M</provider>
		<author>Cyber</author>
		<pluginname>FAIR1M</pluginname>
		<pluginclass>object detection</pluginclass>
		<time>2021-03</time>
	</research>
	<size>
		<width>1500</width>
		<height>1500</height>
		<depth>3</depth>
	</size>
	<objects>
		<object>
			<coordinate>pixel</coordinate>
			<type>rectangle</type>
			<description>None</description>
			<possibleresult>
				<name>Dry Cargo Ship</name>
			</possibleresult>
			<points>
				<point>411.000000,1140.000000</point>
				<point>567.000000,1304.000000</point>
				<point>598.000000,1275.000000</point>
				<point>442.000000,1111.000000</point>
				<point>411.000000,1140.000000</point>
			</points>
		</object>
	</objects>
</annotation>