<?xml version="1.0" encoding="utf-8"?>
<annotation>
	<source>
		<filename>1128.tif</filename>
		<origin>GF2/GF3</origin>
	</source>
	<research>
		<version>1.0</version>
		<provider>FAIR1M</provider>
		<author>Cyber</author>
		<pluginname>FAIR1M</pluginname>
		<pluginclass>object detection</pluginclass>
		<time>2021-03</time>
	</research>
	<size>
		<width>1000</width>
		<height>1000</height>
		<depth>3</depth>
	</size>
	<objects>
		<object>
			<coordinate>pixel</coordinate>
			<type>rectangle</type>
			<description>None</description>
			<possibleresult>
				<name>Dump Truck</name>
			</possibleresult>
			<points>
				<point>49.588379,75.105080</point>
				<point>48.000000,84.000008</point>
				<point>19.411621,78.894936</point>
				<point>21.000000,70.000008</point>
				<point>49.588379,75.105080</point>
			</points>
		</object>
		<object>
			<coordinate>pixel</coordinate>
			<type>rectangle</type>
			<description>None</description>
			<possibleresult>
				<name>Van</name>
			</possibleresult>
			<points>
				<point>105.000008,84.000000</point>
				<point>104.157738,91.018921</point>
				<point>79.000008,88.000000</point>
				<point>79.842278,80.981079</point>
				<point>105.000008,84.000000</point>
			</points>
		</object>
		<object>
			<coordinate>pixel</coordinate>
			<type>rectangle</type>
			<description>None</description>
			<possibleresult>
				<name>Van</name>
			</possibleresult>
			<points>
				<point>265.000000,37.999992</point>
				<point>263.329254,53.036583</point>
				<point>254.329239,52.036583</point>
				<point>255.999969,36.999992</point>
				<point>265.000000,37.999992</point>
			</points>
		</object>
		<object>
			<coordinate>pixel</coordinate>
			<type>rectangle</type>
			<description>None</description>
			<possibleresult>
				<name>Small Car</name>
			</possibleresult>
			<points>
				<point>342.024139,55.589661</point>
				<point>341.000031,73.000008</point>
				<point>330.975922,72.410355</point>
				<point>332.000031,55.000008</point>
				<point>342.024139,55.589661</point>
			</points>
		</object>
		<object>
			<coordinate>pixel</coordinate>
			<type>rectangle</type>
			<description>None</description>
			<possibleresult>
				<name>Small Car</name>
			</possibleresult>
			<points>
				<point>475.000031,31.999996</point>
				<point>474.360687,39.032780</point>
				<point>452.000031,36.999996</point>
				<point>452.639374,29.967213</point>
				<point>475.000031,31.999996</point>
			</points>
		</object>
		<object>
			<coordinate>pixel</coordinate>
			<type>rectangle</type>
			<description>None</description>
			<possibleresult>
				<name>Small Car</name>
			</possibleresult>
			<points>
				<point>496.999939,32.000000</point>
				<point>496.589661,41.026802</point>
				<point>474.000000,40.000000</point>
				<point>474.410278,30.973198</point>
				<point>496.999939,32.000000</point>
			</points>
		</object>
		<object>
			<coordinate>pixel</coordinate>
			<type>rectangle</type>
			<description>None</description>
			<possibleresult>
				<name>Van</name>
			</possibleresult>
			<points>
				<point>520.000000,42.000000</point>
				<point>497.000000,42.000000</point>
				<point>497.000000,35.000000</point>
				<point>520.000000,35.000000</point>
				<point>520.000000,42.000000</point>
			</points>
		</object>
		<object>
			<coordinate>pixel</coordinate>
			<type>rectangle</type>
			<description>None</description>
			<possibleresult>
				<name>Van</name>
			</possibleresult>
			<points>
				<point>551.022156,0.668148</point>
				<point>550.000061,16.000006</point>
				<point>539.977966,15.331863</point>
				<point>541.000061,0.000006</point>
				<point>551.022156,0.668148</point>
			</points>
		</object>
		<object>
			<coordinate>pixel</coordinate>
			<type>rectangle</type>
			<description>None</description>
			<possibleresult>
				<name>Small Car</name>
			</possibleresult>
			<points>
				<point>546.070496,19.600662</point>
				<point>543.000061,36.999992</point>
				<point>533.929626,35.399323</point>
				<point>537.000061,17.999992</point>
				<point>546.070496,19.600662</point>
			</points>
		</object>
		<object>
			<coordinate>pixel</coordinate>
			<type>rectangle</type>
			<description>None</description>
			<possibleresult>
				<name>Small Car</name>
			</possibleresult>
			<points>
				<point>574.000000,77.000008</point>
				<point>573.000000,95.000008</point>
				<point>563.972290,94.498466</point>
				<point>564.972290,76.498466</point>
				<point>574.000000,77.000008</point>
			</points>
		</object>
		<object>
			<coordinate>pixel</coordinate>
			<type>rectangle</type>
			<description>None</description>
			<possibleresult>
				<name>Small Car</name>
			</possibleresult>
			<points>
				<point>609.693115,6.069311</point>
				<point>609.000000,13.000004</point>
				<point>589.000000,11.000004</point>
				<point>589.693115,4.069311</point>
				<point>609.693115,6.069311</point>
			</points>
		</object>
		<object>
			<coordinate>pixel</coordinate>
			<type>rectangle</type>
			<description>None</description>
			<possibleresult>
				<name>Small Car</name>
			</possibleresult>
			<points>
				<point>606.000000,30.000000</point>
				<point>584.000000,30.000000</point>
				<point>584.000000,22.000000</point>
				<point>606.000000,22.000000</point>
				<point>606.000000,30.000000</point>
			</points>
		</object>
		<object>
			<coordinate>pixel</coordinate>
			<type>rectangle</type>
			<description>None</description>
			<possibleresult>
				<name>Small Car</name>
			</possibleresult>
			<points>
				<point>676.000000,44.000000</point>
				<point>651.000000,44.000000</point>
				<point>651.000000,37.000000</point>
				<point>676.000000,37.000000</point>
				<point>676.000000,44.000000</point>
			</points>
		</object>
		<object>
			<coordinate>pixel</coordinate>
			<type>rectangle</type>
			<description>None</description>
			<possibleresult>
				<name>Small Car</name>
			</possibleresult>
			<points>
				<point>713.000000,105.000000</point>
				<point>692.000000,105.000000</point>
				<point>692.000000,98.000000</point>
				<point>713.000000,98.000000</point>
				<point>713.000000,105.000000</point>
			</points>
		</object>
		<object>
			<coordinate>pixel</coordinate>
			<type>rectangle</type>
			<description>None</description>
			<possibleresult>
				<name>Van</name>
			</possibleresult>
			<points>
				<point>686.604004,106.960388</point>
				<point>685.000000,123.000000</point>
				<point>675.000000,122.000000</point>
				<point>676.604004,105.960388</point>
				<point>686.604004,106.960388</point>
			</points>
		</object>
		<object>
			<coordinate>pixel</coordinate>
			<type>rectangle</type>
			<description>None</description>
			<possibleresult>
				<name>Small Car</name>
			</possibleresult>
			<points>
				<point>665.999939,124.000015</point>
				<point>665.302063,132.026291</point>
				<point>642.000061,130.000015</point>
				<point>642.697937,121.973740</point>
				<point>665.999939,124.000015</point>
			</points>
		</object>
		<object>
			<coordinate>pixel</coordinate>
			<type>rectangle</type>
			<description>None</description>
			<possibleresult>
				<name>Van</name>
			</possibleresult>
			<points>
				<point>732.000061,131.000000</point>
				<point>731.694397,138.030182</point>
				<point>708.000061,137.000000</point>
				<point>708.305725,129.969818</point>
				<point>732.000061,131.000000</point>
			</points>
		</object>
		<object>
			<coordinate>pixel</coordinate>
			<type>rectangle</type>
			<description>None</description>
			<possibleresult>
				<name>Van</name>
			</possibleresult>
			<points>
				<point>732.000000,90.000000</point>
				<point>722.000000,90.000000</point>
				<point>722.000000,72.000000</point>
				<point>732.000000,72.000000</point>
				<point>732.000000,90.000000</point>
			</points>
		</object>
		<object>
			<coordinate>pixel</coordinate>
			<type>rectangle</type>
			<description>None</description>
			<possibleresult>
				<name>Small Car</name>
			</possibleresult>
			<points>
				<point>752.030396,42.573601</point>
				<point>750.999878,56.999992</point>
				<point>742.969482,56.426392</point>
				<point>744.000000,42.000000</point>
				<point>752.030396,42.573601</point>
			</points>
		</object>
		<object>
			<coordinate>pixel</coordinate>
			<type>rectangle</type>
			<description>None</description>
			<possibleresult>
				<name>Small Car</name>
			</possibleresult>
			<points>
				<point>891.000000,104.000000</point>
				<point>889.000000,122.000000</point>
				<point>880.000000,121.000000</point>
				<point>882.000000,103.000000</point>
				<point>891.000000,104.000000</point>
			</points>
		</object>
		<object>
			<coordinate>pixel</coordinate>
			<type>rectangle</type>
			<description>None</description>
			<possibleresult>
				<name>Cargo Truck</name>
			</possibleresult>
			<points>
				<point>798.000061,136.000015</point>
				<point>797.696350,146.021103</point>
				<point>764.696350,145.021103</point>
				<point>765.000061,135.000015</point>
				<point>798.000061,136.000015</point>
			</points>
		</object>
		<object>
			<coordinate>pixel</coordinate>
			<type>rectangle</type>
			<description>None</description>
			<possibleresult>
				<name>Small Car</name>
			</possibleresult>
			<points>
				<point>936.268860,148.010345</point>
				<point>936.000061,155.000000</point>
				<point>909.731262,153.989655</point>
				<point>910.000061,147.000000</point>
				<point>936.268860,148.010345</point>
			</points>
		</object>
		<object>
			<coordinate>pixel</coordinate>
			<type>rectangle</type>
			<description>None</description>
			<possibleresult>
				<name>Van</name>
			</possibleresult>
			<points>
				<point>992.334900,152.968338</point>
				<point>992.000061,160.000015</point>
				<point>971.000061,159.000015</point>
				<point>971.334900,151.968338</point>
				<point>992.334900,152.968338</point>
			</points>
		</object>
		<object>
			<coordinate>pixel</coordinate>
			<type>rectangle</type>
			<description>None</description>
			<possibleresult>
				<name>Small Car</name>
			</possibleresult>
			<points>
				<point>46.000000,161.000015</point>
				<point>44.000000,168.000015</point>
				<point>24.849060,162.528305</point>
				<point>26.849060,155.528305</point>
				<point>46.000000,161.000015</point>
			</points>
		</object>
		<object>
			<coordinate>pixel</coordinate>
			<type>rectangle</type>
			<description>None</description>
			<possibleresult>
				<name>Small Car</name>
			</possibleresult>
			<points>
				<point>158.000000,132.000000</point>
				<point>155.942200,145.375732</point>
				<point>147.000000,144.000000</point>
				<point>149.057800,130.624268</point>
				<point>158.000000,132.000000</point>
			</points>
		</object>
		<object>
			<coordinate>pixel</coordinate>
			<type>rectangle</type>
			<description>None</description>
			<possibleresult>
				<name>Van</name>
			</possibleresult>
			<points>
				<point>155.000000,152.000015</point>
				<point>152.994507,171.052078</point>
				<point>143.000000,170.000015</point>
				<point>145.005493,150.947952</point>
				<point>155.000000,152.000015</point>
			</points>
		</object>
		<object>
			<coordinate>pixel</coordinate>
			<type>rectangle</type>
			<description>None</description>
			<possibleresult>
				<name>Dump Truck</name>
			</possibleresult>
			<points>
				<point>212.005478,127.947952</point>
				<point>209.994522,147.052048</point>
				<point>200.000015,145.999985</point>
				<point>202.010971,126.895889</point>
				<point>212.005478,127.947952</point>
			</points>
		</object>
		<object>
			<coordinate>pixel</coordinate>
			<type>rectangle</type>
			<description>None</description>
			<possibleresult>
				<name>Small Car</name>
			</possibleresult>
			<points>
				<point>222.123108,145.015381</point>
				<point>220.000031,162.000000</point>
				<point>211.876953,160.984619</point>
				<point>214.000031,144.000000</point>
				<point>222.123108,145.015381</point>
			</points>
		</object>
		<object>
			<coordinate>pixel</coordinate>
			<type>rectangle</type>
			<description>None</description>
			<possibleresult>
				<name>Van</name>
			</possibleresult>
			<points>
				<point>245.000031,123.000015</point>
				<point>243.000031,139.000015</point>
				<point>235.000031,138.000015</point>
				<point>237.000031,122.000015</point>
				<point>245.000031,123.000015</point>
			</points>
		</object>
		<object>
			<coordinate>pixel</coordinate>
			<type>rectangle</type>
			<description>None</description>
			<possibleresult>
				<name>Van</name>
			</possibleresult>
			<points>
				<point>347.000000,161.000000</point>
				<point>338.000000,161.000000</point>
				<point>338.000000,148.000000</point>
				<point>347.000000,148.000000</point>
				<point>347.000000,161.000000</point>
			</points>
		</object>
		<object>
			<coordinate>pixel</coordinate>
			<type>rectangle</type>
			<description>None</description>
			<possibleresult>
				<name>Small Car</name>
			</possibleresult>
			<points>
				<point>360.000000,159.000000</point>
				<point>351.000000,159.000000</point>
				<point>351.000000,143.000000</point>
				<point>360.000000,143.000000</point>
				<point>360.000000,159.000000</point>
			</points>
		</object>
		<object>
			<coordinate>pixel</coordinate>
			<type>rectangle</type>
			<description>None</description>
			<possibleresult>
				<name>Small Car</name>
			</possibleresult>
			<points>
				<point>575.175171,177.404449</point>
				<point>570.000000,195.000000</point>
				<point>561.824829,192.595551</point>
				<point>567.000000,175.000000</point>
				<point>575.175171,177.404449</point>
			</points>
		</object>
		<object>
			<coordinate>pixel</coordinate>
			<type>rectangle</type>
			<description>None</description>
			<possibleresult>
				<name>Dump Truck</name>
			</possibleresult>
			<points>
				<point>694.073425,168.511017</point>
				<point>691.000061,189.000000</point>
				<point>680.926697,187.488983</point>
				<point>684.000061,167.000000</point>
				<point>694.073425,168.511017</point>
			</points>
		</object>
		<object>
			<coordinate>pixel</coordinate>
			<type>rectangle</type>
			<description>None</description>
			<possibleresult>
				<name>Small Car</name>
			</possibleresult>
			<points>
				<point>747.000061,194.000031</point>
				<point>744.984680,210.123108</point>
				<point>736.000061,209.000031</point>
				<point>738.015442,192.876953</point>
				<point>747.000061,194.000031</point>
			</points>
		</object>
		<object>
			<coordinate>pixel</coordinate>
			<type>rectangle</type>
			<description>None</description>
			<possibleresult>
				<name>Van</name>
			</possibleresult>
			<points>
				<point>924.000000,278.000000</point>
				<point>898.000000,278.000000</point>
				<point>898.000000,271.000000</point>
				<point>924.000000,271.000000</point>
				<point>924.000000,278.000000</point>
			</points>
		</object>
		<object>
			<coordinate>pixel</coordinate>
			<type>rectangle</type>
			<description>None</description>
			<possibleresult>
				<name>Van</name>
			</possibleresult>
			<points>
				<point>921.000000,288.000000</point>
				<point>894.000000,288.000000</point>
				<point>894.000000,281.000000</point>
				<point>921.000000,281.000000</point>
				<point>921.000000,288.000000</point>
			</points>
		</object>
		<object>
			<coordinate>pixel</coordinate>
			<type>rectangle</type>
			<description>None</description>
			<possibleresult>
				<name>Van</name>
			</possibleresult>
			<points>
				<point>918.000000,297.000000</point>
				<point>895.000000,297.000000</point>
				<point>895.000000,291.000000</point>
				<point>918.000000,291.000000</point>
				<point>918.000000,297.000000</point>
			</points>
		</object>
		<object>
			<coordinate>pixel</coordinate>
			<type>rectangle</type>
			<description>None</description>
			<possibleresult>
				<name>Van</name>
			</possibleresult>
			<points>
				<point>1000.000000,394.000000</point>
				<point>982.000000,394.000000</point>
				<point>982.000000,388.000000</point>
				<point>1000.000000,388.000000</point>
				<point>1000.000000,394.000000</point>
			</points>
		</object>
		<object>
			<coordinate>pixel</coordinate>
			<type>rectangle</type>
			<description>None</description>
			<possibleresult>
				<name>Small Car</name>
			</possibleresult>
			<points>
				<point>860.000000,400.000000</point>
				<point>852.000000,400.000000</point>
				<point>852.000000,383.000000</point>
				<point>860.000000,383.000000</point>
				<point>860.000000,400.000000</point>
			</points>
		</object>
		<object>
			<coordinate>pixel</coordinate>
			<type>rectangle</type>
			<description>None</description>
			<possibleresult>
				<name>Small Car</name>
			</possibleresult>
			<points>
				<point>853.102722,425.590820</point>
				<point>844.999939,427.000000</point>
				<point>840.999939,404.000000</point>
				<point>849.102722,402.590820</point>
				<point>853.102722,425.590820</point>
			</points>
		</object>
		<object>
			<coordinate>pixel</coordinate>
			<type>rectangle</type>
			<description>None</description>
			<possibleresult>
				<name>Small Car</name>
			</possibleresult>
			<points>
				<point>736.000000,429.000061</point>
				<point>735.388428,436.033813</point>
				<point>712.388428,434.033813</point>
				<point>713.000000,427.000061</point>
				<point>736.000000,429.000061</point>
			</points>
		</object>
		<object>
			<coordinate>pixel</coordinate>
			<type>rectangle</type>
			<description>None</description>
			<possibleresult>
				<name>Van</name>
			</possibleresult>
			<points>
				<point>732.000000,438.000061</point>
				<point>731.000000,446.000061</point>
				<point>710.938477,443.492371</point>
				<point>711.938477,435.492371</point>
				<point>732.000000,438.000061</point>
			</points>
		</object>
		<object>
			<coordinate>pixel</coordinate>
			<type>rectangle</type>
			<description>None</description>
			<possibleresult>
				<name>Small Car</name>
			</possibleresult>
			<points>
				<point>734.000061,454.000000</point>
				<point>733.552551,460.040955</point>
				<point>706.552551,458.040955</point>
				<point>707.000061,452.000000</point>
				<point>734.000061,454.000000</point>
			</points>
		</object>
		<object>
			<coordinate>pixel</coordinate>
			<type>rectangle</type>
			<description>None</description>
			<possibleresult>
				<name>Small Car</name>
			</possibleresult>
			<points>
				<point>725.299194,469.014954</point>
				<point>725.000000,475.000000</point>
				<point>704.700806,473.985046</point>
				<point>705.000000,468.000000</point>
				<point>725.299194,469.014954</point>
			</points>
		</object>
		<object>
			<coordinate>pixel</coordinate>
			<type>rectangle</type>
			<description>None</description>
			<possibleresult>
				<name>Van</name>
			</possibleresult>
			<points>
				<point>724.000000,494.000000</point>
				<point>703.000000,494.000000</point>
				<point>703.000000,487.000000</point>
				<point>724.000000,487.000000</point>
				<point>724.000000,494.000000</point>
			</points>
		</object>
		<object>
			<coordinate>pixel</coordinate>
			<type>rectangle</type>
			<description>None</description>
			<possibleresult>
				<name>Van</name>
			</possibleresult>
			<points>
				<point>722.000061,509.000000</point>
				<point>721.360657,516.032837</point>
				<point>699.000061,514.000000</point>
				<point>699.639465,506.967163</point>
				<point>722.000061,509.000000</point>
			</points>
		</object>
		<object>
			<coordinate>pixel</coordinate>
			<type>rectangle</type>
			<description>None</description>
			<possibleresult>
				<name>Van</name>
			</possibleresult>
			<points>
				<point>790.000000,508.000000</point>
				<point>767.000000,508.000000</point>
				<point>767.000000,500.000000</point>
				<point>790.000000,500.000000</point>
				<point>790.000000,508.000000</point>
			</points>
		</object>
		<object>
			<coordinate>pixel</coordinate>
			<type>rectangle</type>
			<description>None</description>
			<possibleresult>
				<name>Small Car</name>
			</possibleresult>
			<points>
				<point>789.317505,528.985657</point>
				<point>767.000000,530.000061</point>
				<point>766.682495,523.014465</point>
				<point>789.000000,522.000061</point>
				<point>789.317505,528.985657</point>
			</points>
		</object>
		<object>
			<coordinate>pixel</coordinate>
			<type>rectangle</type>
			<description>None</description>
			<possibleresult>
				<name>Small Car</name>
			</possibleresult>
			<points>
				<point>803.000000,436.000000</point>
				<point>782.000000,436.000000</point>
				<point>782.000000,429.000000</point>
				<point>803.000000,429.000000</point>
				<point>803.000000,436.000000</point>
			</points>
		</object>
		<object>
			<coordinate>pixel</coordinate>
			<type>rectangle</type>
			<description>None</description>
			<possibleresult>
				<name>Van</name>
			</possibleresult>
			<points>
				<point>936.000000,429.000000</point>
				<point>927.035034,429.560303</point>
				<point>926.035034,413.560303</point>
				<point>935.000000,413.000000</point>
				<point>936.000000,429.000000</point>
			</points>
		</object>
		<object>
			<coordinate>pixel</coordinate>
			<type>rectangle</type>
			<description>None</description>
			<possibleresult>
				<name>Small Car</name>
			</possibleresult>
			<points>
				<point>956.000000,448.000000</point>
				<point>948.000000,448.000000</point>
				<point>948.000000,428.000000</point>
				<point>956.000000,428.000000</point>
				<point>956.000000,448.000000</point>
			</points>
		</object>
		<object>
			<coordinate>pixel</coordinate>
			<type>rectangle</type>
			<description>None</description>
			<possibleresult>
				<name>Small Car</name>
			</possibleresult>
			<points>
				<point>973.027222,432.564240</point>
				<point>972.000000,449.000031</point>
				<point>962.972778,448.435822</point>
				<point>964.000000,432.000031</point>
				<point>973.027222,432.564240</point>
			</points>
		</object>
		<object>
			<coordinate>pixel</coordinate>
			<type>rectangle</type>
			<description>None</description>
			<possibleresult>
				<name>Small Car</name>
			</possibleresult>
			<points>
				<point>883.000000,465.000000</point>
				<point>867.000000,465.000000</point>
				<point>867.000000,457.000000</point>
				<point>883.000000,457.000000</point>
				<point>883.000000,465.000000</point>
			</points>
		</object>
		<object>
			<coordinate>pixel</coordinate>
			<type>rectangle</type>
			<description>None</description>
			<possibleresult>
				<name>Small Car</name>
			</possibleresult>
			<points>
				<point>838.000000,465.000000</point>
				<point>831.000000,465.000000</point>
				<point>831.000000,457.000000</point>
				<point>838.000000,457.000000</point>
				<point>838.000000,465.000000</point>
			</points>
		</object>
		<object>
			<coordinate>pixel</coordinate>
			<type>rectangle</type>
			<description>None</description>
			<possibleresult>
				<name>Van</name>
			</possibleresult>
			<points>
				<point>711.000061,689.000000</point>
				<point>690.955994,720.068359</point>
				<point>680.000061,713.000000</point>
				<point>700.044128,681.931641</point>
				<point>711.000061,689.000000</point>
			</points>
		</object>
		<object>
			<coordinate>pixel</coordinate>
			<type>rectangle</type>
			<description>None</description>
			<possibleresult>
				<name>Small Car</name>
			</possibleresult>
			<points>
				<point>725.000000,772.000061</point>
				<point>721.400024,779.200012</point>
				<point>701.400024,769.200012</point>
				<point>705.000000,762.000061</point>
				<point>725.000000,772.000061</point>
			</points>
		</object>
		<object>
			<coordinate>pixel</coordinate>
			<type>rectangle</type>
			<description>None</description>
			<possibleresult>
				<name>Van</name>
			</possibleresult>
			<points>
				<point>643.000000,809.000000</point>
				<point>640.000000,817.000000</point>
				<point>621.917847,810.219238</point>
				<point>624.917847,802.219238</point>
				<point>643.000000,809.000000</point>
			</points>
		</object>
		<object>
			<coordinate>pixel</coordinate>
			<type>rectangle</type>
			<description>None</description>
			<possibleresult>
				<name>Small Car</name>
			</possibleresult>
			<points>
				<point>637.000000,816.000061</point>
				<point>635.000000,824.000061</point>
				<point>615.000000,819.000061</point>
				<point>617.000000,811.000061</point>
				<point>637.000000,816.000061</point>
			</points>
		</object>
		<object>
			<coordinate>pixel</coordinate>
			<type>rectangle</type>
			<description>None</description>
			<possibleresult>
				<name>Van</name>
			</possibleresult>
			<points>
				<point>624.277954,830.799438</point>
				<point>622.000000,839.000000</point>
				<point>604.000000,834.000000</point>
				<point>606.277954,825.799438</point>
				<point>624.277954,830.799438</point>
			</points>
		</object>
		<object>
			<coordinate>pixel</coordinate>
			<type>rectangle</type>
			<description>None</description>
			<possibleresult>
				<name>Van</name>
			</possibleresult>
			<points>
				<point>612.463501,856.774170</point>
				<point>609.000000,865.000000</point>
				<point>590.000000,857.000000</point>
				<point>593.463501,848.774170</point>
				<point>612.463501,856.774170</point>
			</points>
		</object>
		<object>
			<coordinate>pixel</coordinate>
			<type>rectangle</type>
			<description>None</description>
			<possibleresult>
				<name>Small Car</name>
			</possibleresult>
			<points>
				<point>625.313049,919.131775</point>
				<point>622.000061,927.000061</point>
				<point>602.687073,918.868347</point>
				<point>606.000061,911.000061</point>
				<point>625.313049,919.131775</point>
			</points>
		</object>
		<object>
			<coordinate>pixel</coordinate>
			<type>rectangle</type>
			<description>None</description>
			<possibleresult>
				<name>Small Car</name>
			</possibleresult>
			<points>
				<point>625.000000,909.000000</point>
				<point>622.000000,917.000000</point>
				<point>606.000000,911.000000</point>
				<point>609.000000,903.000000</point>
				<point>625.000000,909.000000</point>
			</points>
		</object>
		<object>
			<coordinate>pixel</coordinate>
			<type>rectangle</type>
			<description>None</description>
			<possibleresult>
				<name>Small Car</name>
			</possibleresult>
			<points>
				<point>626.067017,900.025757</point>
				<point>623.000000,908.000000</point>
				<point>609.932983,902.974243</point>
				<point>613.000000,895.000000</point>
				<point>626.067017,900.025757</point>
			</points>
		</object>
		<object>
			<coordinate>pixel</coordinate>
			<type>rectangle</type>
			<description>None</description>
			<possibleresult>
				<name>Small Car</name>
			</possibleresult>
			<points>
				<point>636.300049,892.099976</point>
				<point>634.000000,899.000000</point>
				<point>621.699951,894.900024</point>
				<point>624.000000,888.000000</point>
				<point>636.300049,892.099976</point>
			</points>
		</object>
		<object>
			<coordinate>pixel</coordinate>
			<type>rectangle</type>
			<description>None</description>
			<possibleresult>
				<name>Small Car</name>
			</possibleresult>
			<points>
				<point>643.000061,875.000122</point>
				<point>639.000061,883.000122</point>
				<point>630.200012,878.600098</point>
				<point>634.200012,870.600098</point>
				<point>643.000061,875.000122</point>
			</points>
		</object>
		<object>
			<coordinate>pixel</coordinate>
			<type>rectangle</type>
			<description>None</description>
			<possibleresult>
				<name>Small Car</name>
			</possibleresult>
			<points>
				<point>649.000000,866.000000</point>
				<point>646.000000,873.000000</point>
				<point>636.465576,868.913818</point>
				<point>639.465576,861.913818</point>
				<point>649.000000,866.000000</point>
			</points>
		</object>
		<object>
			<coordinate>pixel</coordinate>
			<type>rectangle</type>
			<description>None</description>
			<possibleresult>
				<name>Van</name>
			</possibleresult>
			<points>
				<point>669.096558,853.037537</point>
				<point>666.000000,861.000061</point>
				<point>647.903442,853.962585</point>
				<point>651.000000,846.000061</point>
				<point>669.096558,853.037537</point>
			</points>
		</object>
		<object>
			<coordinate>pixel</coordinate>
			<type>rectangle</type>
			<description>None</description>
			<possibleresult>
				<name>Small Car</name>
			</possibleresult>
			<points>
				<point>678.999939,836.000000</point>
				<point>675.999939,844.000000</point>
				<point>657.917786,837.219238</point>
				<point>660.917786,829.219238</point>
				<point>678.999939,836.000000</point>
			</points>
		</object>
		<object>
			<coordinate>pixel</coordinate>
			<type>rectangle</type>
			<description>None</description>
			<possibleresult>
				<name>Van</name>
			</possibleresult>
			<points>
				<point>978.576843,633.115356</point>
				<point>976.999939,641.000000</point>
				<point>956.423035,636.884644</point>
				<point>957.999939,629.000000</point>
				<point>978.576843,633.115356</point>
			</points>
		</object>
		<object>
			<coordinate>pixel</coordinate>
			<type>rectangle</type>
			<description>None</description>
			<possibleresult>
				<name>Van</name>
			</possibleresult>
			<points>
				<point>978.000122,656.000000</point>
				<point>977.219604,663.024414</point>
				<point>959.000122,661.000000</point>
				<point>959.780640,653.975586</point>
				<point>978.000122,656.000000</point>
			</points>
		</object>
		<object>
			<coordinate>pixel</coordinate>
			<type>rectangle</type>
			<description>None</description>
			<possibleresult>
				<name>Small Car</name>
			</possibleresult>
			<points>
				<point>951.317444,642.985596</point>
				<point>928.999939,644.000000</point>
				<point>928.682434,637.014404</point>
				<point>950.999939,636.000000</point>
				<point>951.317444,642.985596</point>
			</points>
		</object>
		<object>
			<coordinate>pixel</coordinate>
			<type>rectangle</type>
			<description>None</description>
			<possibleresult>
				<name>Small Car</name>
			</possibleresult>
			<points>
				<point>951.000000,655.000000</point>
				<point>928.000000,655.000000</point>
				<point>928.000000,648.000000</point>
				<point>951.000000,648.000000</point>
				<point>951.000000,655.000000</point>
			</points>
		</object>
		<object>
			<coordinate>pixel</coordinate>
			<type>rectangle</type>
			<description>None</description>
			<possibleresult>
				<name>Small Car</name>
			</possibleresult>
			<points>
				<point>951.000000,665.000000</point>
				<point>924.000000,665.000000</point>
				<point>924.000000,658.000000</point>
				<point>951.000000,658.000000</point>
				<point>951.000000,665.000000</point>
			</points>
		</object>
		<object>
			<coordinate>pixel</coordinate>
			<type>rectangle</type>
			<description>None</description>
			<possibleresult>
				<name>Van</name>
			</possibleresult>
			<points>
				<point>955.000000,675.000000</point>
				<point>929.000000,675.000000</point>
				<point>929.000000,668.000000</point>
				<point>955.000000,668.000000</point>
				<point>955.000000,675.000000</point>
			</points>
		</object>
		<object>
			<coordinate>pixel</coordinate>
			<type>rectangle</type>
			<description>None</description>
			<possibleresult>
				<name>Small Car</name>
			</possibleresult>
			<points>
				<point>953.000000,685.000000</point>
				<point>932.000000,685.000000</point>
				<point>932.000000,678.000000</point>
				<point>953.000000,678.000000</point>
				<point>953.000000,685.000000</point>
			</points>
		</object>
		<object>
			<coordinate>pixel</coordinate>
			<type>rectangle</type>
			<description>None</description>
			<possibleresult>
				<name>Van</name>
			</possibleresult>
			<points>
				<point>1000.000000,691.142883</point>
				<point>998.000122,690.000061</point>
				<point>1000.000000,686.500305</point>
				<point>1001.999878,687.643127</point>
				<point>1000.000000,691.142883</point>
			</points>
		</object>
		<object>
			<coordinate>pixel</coordinate>
			<type>rectangle</type>
			<description>None</description>
			<possibleresult>
				<name>Van</name>
			</possibleresult>
			<points>
				<point>999.000000,723.000000</point>
				<point>991.000000,723.000000</point>
				<point>991.000000,704.000000</point>
				<point>999.000000,704.000000</point>
				<point>999.000000,723.000000</point>
			</points>
		</object>
		<object>
			<coordinate>pixel</coordinate>
			<type>rectangle</type>
			<description>None</description>
			<possibleresult>
				<name>Small Car</name>
			</possibleresult>
			<points>
				<point>918.000000,775.000000</point>
				<point>909.000000,775.000000</point>
				<point>909.000000,760.000000</point>
				<point>918.000000,760.000000</point>
				<point>918.000000,775.000000</point>
			</points>
		</object>
		<object>
			<coordinate>pixel</coordinate>
			<type>rectangle</type>
			<description>None</description>
			<possibleresult>
				<name>Small Car</name>
			</possibleresult>
			<points>
				<point>889.000000,799.000000</point>
				<point>887.959351,813.568481</point>
				<point>880.000000,813.000000</point>
				<point>881.040649,798.431519</point>
				<point>889.000000,799.000000</point>
			</points>
		</object>
		<object>
			<coordinate>pixel</coordinate>
			<type>rectangle</type>
			<description>None</description>
			<possibleresult>
				<name>Small Car</name>
			</possibleresult>
			<points>
				<point>911.993164,813.942017</point>
				<point>903.000000,815.000000</point>
				<point>901.000000,798.000000</point>
				<point>909.993164,796.942017</point>
				<point>911.993164,813.942017</point>
			</points>
		</object>
		<object>
			<coordinate>pixel</coordinate>
			<type>rectangle</type>
			<description>None</description>
			<possibleresult>
				<name>Dump Truck</name>
			</possibleresult>
			<points>
				<point>933.000000,814.000000</point>
				<point>923.000000,814.000000</point>
				<point>923.000000,792.000000</point>
				<point>933.000000,792.000000</point>
				<point>933.000000,814.000000</point>
			</points>
		</object>
		<object>
			<coordinate>pixel</coordinate>
			<type>rectangle</type>
			<description>None</description>
			<possibleresult>
				<name>Small Car</name>
			</possibleresult>
			<points>
				<point>946.000000,816.000000</point>
				<point>935.000000,816.000000</point>
				<point>935.000000,796.000000</point>
				<point>946.000000,796.000000</point>
				<point>946.000000,816.000000</point>
			</points>
		</object>
		<object>
			<coordinate>pixel</coordinate>
			<type>rectangle</type>
			<description>None</description>
			<possibleresult>
				<name>Small Car</name>
			</possibleresult>
			<points>
				<point>995.090576,880.516968</point>
				<point>992.000000,897.000000</point>
				<point>983.909424,895.483032</point>
				<point>987.000000,879.000000</point>
				<point>995.090576,880.516968</point>
			</points>
		</object>
		<object>
			<coordinate>pixel</coordinate>
			<type>rectangle</type>
			<description>None</description>
			<possibleresult>
				<name>Van</name>
			</possibleresult>
			<points>
				<point>984.000122,878.000122</point>
				<point>981.984741,894.123169</point>
				<point>973.000122,893.000122</point>
				<point>975.015503,876.877075</point>
				<point>984.000122,878.000122</point>
			</points>
		</object>
		<object>
			<coordinate>pixel</coordinate>
			<type>rectangle</type>
			<description>None</description>
			<possibleresult>
				<name>Small Car</name>
			</possibleresult>
			<points>
				<point>974.054016,873.675659</point>
				<point>971.054016,891.675659</point>
				<point>960.999939,890.000000</point>
				<point>963.999939,872.000000</point>
				<point>974.054016,873.675659</point>
			</points>
		</object>
		<object>
			<coordinate>pixel</coordinate>
			<type>rectangle</type>
			<description>None</description>
			<possibleresult>
				<name>Small Car</name>
			</possibleresult>
			<points>
				<point>994.000122,940.000122</point>
				<point>992.235474,947.058960</point>
				<point>972.000122,942.000122</point>
				<point>973.764771,934.941284</point>
				<point>994.000122,940.000122</point>
			</points>
		</object>
		<object>
			<coordinate>pixel</coordinate>
			<type>rectangle</type>
			<description>None</description>
			<possibleresult>
				<name>Small Car</name>
			</possibleresult>
			<points>
				<point>913.048950,923.007324</point>
				<point>912.000000,930.000000</point>
				<point>891.951050,926.992676</point>
				<point>893.000000,920.000000</point>
				<point>913.048950,923.007324</point>
			</points>
		</object>
		<object>
			<coordinate>pixel</coordinate>
			<type>rectangle</type>
			<description>None</description>
			<possibleresult>
				<name>Small Car</name>
			</possibleresult>
			<points>
				<point>806.714294,1000.000000</point>
				<point>799.000122,994.000061</point>
				<point>814.723145,973.784729</point>
				<point>824.346191,981.269348</point>
				<point>806.714294,1000.000000</point>
			</points>
		</object>
		<object>
			<coordinate>pixel</coordinate>
			<type>rectangle</type>
			<description>None</description>
			<possibleresult>
				<name>Baseball Field</name>
			</possibleresult>
			<points>
				<point>305.720642,539.748291</point>
				<point>236.999985,616.000000</point>
				<point>156.000015,543.000000</point>
				<point>224.720688,466.748291</point>
				<point>305.720642,539.748291</point>
			</points>
		</object>
		<object>
			<coordinate>pixel</coordinate>
			<type>rectangle</type>
			<description>None</description>
			<possibleresult>
				<name>Baseball Field</name>
			</possibleresult>
			<points>
				<point>341.000000,360.000000</point>
				<point>261.000000,360.000000</point>
				<point>261.000000,301.000000</point>
				<point>341.000000,301.000000</point>
				<point>341.000000,360.000000</point>
			</points>
		</object>
		<object>
			<coordinate>pixel</coordinate>
			<type>rectangle</type>
			<description>None</description>
			<possibleresult>
				<name>Baseball Field</name>
			</possibleresult>
			<points>
				<point>681.758301,393.002014</point>
				<point>561.758301,394.002014</point>
				<point>561.000000,303.000000</point>
				<point>681.000000,302.000000</point>
				<point>681.758301,393.002014</point>
			</points>
		</object>
		<object>
			<coordinate>pixel</coordinate>
			<type>rectangle</type>
			<description>None</description>
			<possibleresult>
				<name>Baseball Field</name>
			</possibleresult>
			<points>
				<point>528.999939,842.000000</point>
				<point>442.167969,969.114746</point>
				<point>299.999939,872.000000</point>
				<point>386.831909,744.885254</point>
				<point>528.999939,842.000000</point>
			</points>
		</object>
		<object>
			<coordinate>pixel</coordinate>
			<type>rectangle</type>
			<description>None</description>
			<possibleresult>
				<name>Intersection</name>
			</possibleresult>
			<points>
				<point>0.000000,99.421051</point>
				<point>-0.000000,98.374992</point>
				<point>17.000000,57.999992</point>
				<point>55.000000,73.999992</point>
				<point>0.000000,99.421051</point>
			</points>
		</object>
		<object>
			<coordinate>pixel</coordinate>
			<type>rectangle</type>
			<description>None</description>
			<possibleresult>
				<name>Basketball Court</name>
			</possibleresult>
			<points>
				<point>794.000000,806.000000</point>
				<point>736.504150,900.698975</point>
				<point>681.000000,867.000000</point>
				<point>738.495850,772.301025</point>
				<point>794.000000,806.000000</point>
			</points>
		</object>
		<object>
			<coordinate>pixel</coordinate>
			<type>rectangle</type>
			<description>None</description>
			<possibleresult>
				<name>Small Car</name>
			</possibleresult>
			<points>
				<point>917.077026,869.615356</point>
				<point>914.000122,885.000000</point>
				<point>905.923218,883.384644</point>
				<point>909.000122,868.000000</point>
				<point>917.077026,869.615356</point>
			</points>
		</object>
	</objects>
</annotation>