<?xml version="1.0" encoding="utf-8"?>
<annotation>
	<source>
		<filename>1129.tif</filename>
		<origin>GF2/GF3</origin>
	</source>
	<research>
		<version>1.0</version>
		<provider>FAIR1M</provider>
		<author>Cyber</author>
		<pluginname>FAIR1M</pluginname>
		<pluginclass>object detection</pluginclass>
		<time>2021-03</time>
	</research>
	<size>
		<width>1500</width>
		<height>1500</height>
		<depth>3</depth>
	</size>
	<objects>
		<object>
			<coordinate>pixel</coordinate>
			<type>rectangle</type>
			<description>None</description>
			<possibleresult>
				<name>Engineering Ship</name>
			</possibleresult>
			<points>
				<point>1454.000000,662.000000</point>
				<point>1499.000000,644.000000</point>
				<point>1489.000000,618.000000</point>
				<point>1444.000000,636.000000</point>
				<point>1454.000000,662.000000</point>
			</points>
		</object>
		<object>
			<coordinate>pixel</coordinate>
			<type>rectangle</type>
			<description>None</description>
			<possibleresult>
				<name>other-ship</name>
			</possibleresult>
			<points>
				<point>1379.000000,324.000000</point>
				<point>1393.000000,368.000000</point>
				<point>1407.000000,363.000000</point>
				<point>1393.000000,319.000000</point>
				<point>1379.000000,324.000000</point>
			</points>
		</object>
	</objects>
</annotation>