<?xml version="1.0" encoding="utf-8"?>
<annotation>
	<source>
		<filename>1130.tif</filename>
		<origin>GF2/GF3</origin>
	</source>
	<research>
		<version>1.0</version>
		<provider>FAIR1M</provider>
		<author>Cyber</author>
		<pluginname>FAIR1M</pluginname>
		<pluginclass>object detection</pluginclass>
		<time>2021-03</time>
	</research>
	<size>
		<width>1500</width>
		<height>1500</height>
		<depth>3</depth>
	</size>
	<objects>
		<object>
			<coordinate>pixel</coordinate>
			<type>rectangle</type>
			<description>None</description>
			<possibleresult>
				<name>Dry Cargo Ship</name>
			</possibleresult>
			<points>
				<point>354.000000,472.000000</point>
				<point>188.000000,368.000000</point>
				<point>166.000000,403.000000</point>
				<point>332.000000,507.000000</point>
				<point>354.000000,472.000000</point>
			</points>
		</object>
		<object>
			<coordinate>pixel</coordinate>
			<type>rectangle</type>
			<description>None</description>
			<possibleresult>
				<name>Dry Cargo Ship</name>
			</possibleresult>
			<points>
				<point>345.000000,556.000000</point>
				<point>242.000000,527.000000</point>
				<point>236.000000,546.000000</point>
				<point>339.000000,576.000000</point>
				<point>345.000000,556.000000</point>
			</points>
		</object>
		<object>
			<coordinate>pixel</coordinate>
			<type>rectangle</type>
			<description>None</description>
			<possibleresult>
				<name>Motorboat</name>
			</possibleresult>
			<points>
				<point>38.000000,484.000000</point>
				<point>62.000000,491.000000</point>
				<point>64.000000,484.000000</point>
				<point>41.000000,477.000000</point>
				<point>38.000000,484.000000</point>
			</points>
		</object>
		<object>
			<coordinate>pixel</coordinate>
			<type>rectangle</type>
			<description>None</description>
			<possibleresult>
				<name>Passenger Ship</name>
			</possibleresult>
			<points>
				<point>116.000000,516.000000</point>
				<point>132.000000,466.000000</point>
				<point>109.000000,458.000000</point>
				<point>92.000000,508.000000</point>
				<point>116.000000,516.000000</point>
			</points>
		</object>
		<object>
			<coordinate>pixel</coordinate>
			<type>rectangle</type>
			<description>None</description>
			<possibleresult>
				<name>Motorboat</name>
			</possibleresult>
			<points>
				<point>134.000000,524.000000</point>
				<point>143.000000,502.000000</point>
				<point>133.000000,498.000000</point>
				<point>123.000000,520.000000</point>
				<point>134.000000,524.000000</point>
			</points>
		</object>
		<object>
			<coordinate>pixel</coordinate>
			<type>rectangle</type>
			<description>None</description>
			<possibleresult>
				<name>Tugboat</name>
			</possibleresult>
			<points>
				<point>403.000000,481.000000</point>
				<point>381.000000,518.000000</point>
				<point>397.000000,527.000000</point>
				<point>419.000000,490.000000</point>
				<point>403.000000,481.000000</point>
			</points>
		</object>
		<object>
			<coordinate>pixel</coordinate>
			<type>rectangle</type>
			<description>None</description>
			<possibleresult>
				<name>Tugboat</name>
			</possibleresult>
			<points>
				<point>376.000000,549.000000</point>
				<point>344.000000,534.000000</point>
				<point>339.000000,545.000000</point>
				<point>371.000000,560.000000</point>
				<point>376.000000,549.000000</point>
			</points>
		</object>
		<object>
			<coordinate>pixel</coordinate>
			<type>rectangle</type>
			<description>None</description>
			<possibleresult>
				<name>Dry Cargo Ship</name>
			</possibleresult>
			<points>
				<point>397.000000,557.000000</point>
				<point>433.000000,506.000000</point>
				<point>417.000000,495.000000</point>
				<point>382.000000,547.000000</point>
				<point>397.000000,557.000000</point>
			</points>
		</object>
	</objects>
</annotation>