<?xml version="1.0" encoding="utf-8"?>
<annotation>
	<source>
		<filename>1131.tif</filename>
		<origin>GF2/GF3</origin>
	</source>
	<research>
		<version>1.0</version>
		<provider>FAIR1M</provider>
		<author>Cyber</author>
		<pluginname>FAIR1M</pluginname>
		<pluginclass>object detection</pluginclass>
		<time>2021-03</time>
	</research>
	<size>
		<width>1000</width>
		<height>1000</height>
		<depth>3</depth>
	</size>
	<objects>
		<object>
			<coordinate>pixel</coordinate>
			<type>rectangle</type>
			<description>None</description>
			<possibleresult>
				<name>Boeing737</name>
			</possibleresult>
			<points>
				<point>150.000000,281.000000</point>
				<point>121.000000,317.000000</point>
				<point>156.000000,345.000000</point>
				<point>185.000000,309.000000</point>
				<point>150.000000,281.000000</point>
			</points>
		</object>
		<object>
			<coordinate>pixel</coordinate>
			<type>rectangle</type>
			<description>None</description>
			<possibleresult>
				<name>Boeing737</name>
			</possibleresult>
			<points>
				<point>287.000000,221.000000</point>
				<point>314.000000,189.000000</point>
				<point>280.000000,160.000000</point>
				<point>253.000000,192.000000</point>
				<point>287.000000,221.000000</point>
			</points>
		</object>
		<object>
			<coordinate>pixel</coordinate>
			<type>rectangle</type>
			<description>None</description>
			<possibleresult>
				<name>A220</name>
			</possibleresult>
			<points>
				<point>386.000000,284.000000</point>
				<point>419.000000,243.000000</point>
				<point>384.000000,214.000000</point>
				<point>350.000000,255.000000</point>
				<point>386.000000,284.000000</point>
			</points>
		</object>
		<object>
			<coordinate>pixel</coordinate>
			<type>rectangle</type>
			<description>None</description>
			<possibleresult>
				<name>Boeing737</name>
			</possibleresult>
			<points>
				<point>464.000000,357.000000</point>
				<point>435.000000,394.000000</point>
				<point>471.000000,421.000000</point>
				<point>499.000000,383.000000</point>
				<point>464.000000,357.000000</point>
			</points>
		</object>
		<object>
			<coordinate>pixel</coordinate>
			<type>rectangle</type>
			<description>None</description>
			<possibleresult>
				<name>Boeing737</name>
			</possibleresult>
			<points>
				<point>436.000000,56.000000</point>
				<point>439.000000,102.000000</point>
				<point>482.000000,100.000000</point>
				<point>479.000000,53.000000</point>
				<point>436.000000,56.000000</point>
			</points>
		</object>
		<object>
			<coordinate>pixel</coordinate>
			<type>rectangle</type>
			<description>None</description>
			<possibleresult>
				<name>A321</name>
			</possibleresult>
			<points>
				<point>472.000000,38.000000</point>
				<point>511.000000,76.000000</point>
				<point>541.000000,46.000000</point>
				<point>501.000000,8.000000</point>
				<point>472.000000,38.000000</point>
			</points>
		</object>
	</objects>
</annotation>