<?xml version="1.0" encoding="utf-8"?>
<annotation>
	<source>
		<filename>1133.tif</filename>
		<origin>GF2/GF3</origin>
	</source>
	<research>
		<version>1.0</version>
		<provider>FAIR1M</provider>
		<author>Cyber</author>
		<pluginname>FAIR1M</pluginname>
		<pluginclass>object detection</pluginclass>
		<time>2021-03</time>
	</research>
	<size>
		<width>1000</width>
		<height>1000</height>
		<depth>3</depth>
	</size>
	<objects>
		<object>
			<coordinate>pixel</coordinate>
			<type>rectangle</type>
			<description>None</description>
			<possibleresult>
				<name>other-airplane</name>
			</possibleresult>
			<points>
				<point>709.000000,268.000000</point>
				<point>692.000000,238.000000</point>
				<point>660.000000,257.000000</point>
				<point>678.000000,287.000000</point>
				<point>709.000000,268.000000</point>
			</points>
		</object>
	</objects>
</annotation>