<?xml version="1.0" encoding="utf-8"?>
<annotation>
	<source>
		<filename>1134.tif</filename>
		<origin>GF2/GF3</origin>
	</source>
	<research>
		<version>1.0</version>
		<provider>FAIR1M</provider>
		<author>Cyber</author>
		<pluginname>FAIR1M</pluginname>
		<pluginclass>object detection</pluginclass>
		<time>2021-03</time>
	</research>
	<size>
		<width>1000</width>
		<height>1000</height>
		<depth>3</depth>
	</size>
	<objects>
		<object>
			<coordinate>pixel</coordinate>
			<type>rectangle</type>
			<description>None</description>
			<possibleresult>
				<name>Small Car</name>
			</possibleresult>
			<points>
				<point>794.344849,160.862045</point>
				<point>774.344849,168.862045</point>
				<point>772.000000,162.999985</point>
				<point>792.000000,154.999985</point>
				<point>794.344849,160.862045</point>
			</points>
		</object>
		<object>
			<coordinate>pixel</coordinate>
			<type>rectangle</type>
			<description>None</description>
			<possibleresult>
				<name>Intersection</name>
			</possibleresult>
			<points>
				<point>203.156250,389.559265</point>
				<point>62.000000,429.000000</point>
				<point>43.000000,361.000000</point>
				<point>184.156250,321.559265</point>
				<point>203.156250,389.559265</point>
			</points>
		</object>
		<object>
			<coordinate>pixel</coordinate>
			<type>rectangle</type>
			<description>None</description>
			<possibleresult>
				<name>Small Car</name>
			</possibleresult>
			<points>
				<point>90.448280,276.620667</point>
				<point>83.000008,282.000000</point>
				<point>70.000008,264.000000</point>
				<point>77.448280,258.620667</point>
				<point>90.448280,276.620667</point>
			</points>
		</object>
		<object>
			<coordinate>pixel</coordinate>
			<type>rectangle</type>
			<description>None</description>
			<possibleresult>
				<name>Van</name>
			</possibleresult>
			<points>
				<point>112.198692,303.259857</point>
				<point>106.000008,308.000031</point>
				<point>92.801323,290.740204</point>
				<point>99.000008,286.000031</point>
				<point>112.198692,303.259857</point>
			</points>
		</object>
		<object>
			<coordinate>pixel</coordinate>
			<type>rectangle</type>
			<description>None</description>
			<possibleresult>
				<name>Van</name>
			</possibleresult>
			<points>
				<point>386.257904,275.928314</point>
				<point>368.000031,280.999969</point>
				<point>365.793732,273.057281</point>
				<point>384.051605,267.985626</point>
				<point>386.257904,275.928314</point>
			</points>
		</object>
		<object>
			<coordinate>pixel</coordinate>
			<type>rectangle</type>
			<description>None</description>
			<possibleresult>
				<name>Small Car</name>
			</possibleresult>
			<points>
				<point>307.311798,302.890900</point>
				<point>286.999969,310.000031</point>
				<point>283.866364,301.046783</point>
				<point>304.178192,293.937653</point>
				<point>307.311798,302.890900</point>
			</points>
		</object>
		<object>
			<coordinate>pixel</coordinate>
			<type>rectangle</type>
			<description>None</description>
			<possibleresult>
				<name>Small Car</name>
			</possibleresult>
			<points>
				<point>269.300049,315.900024</point>
				<point>250.400040,322.200012</point>
				<point>248.000015,315.000000</point>
				<point>266.900024,308.700012</point>
				<point>269.300049,315.900024</point>
			</points>
		</object>
		<object>
			<coordinate>pixel</coordinate>
			<type>rectangle</type>
			<description>None</description>
			<possibleresult>
				<name>Van</name>
			</possibleresult>
			<points>
				<point>195.289566,346.887421</point>
				<point>177.000015,354.000031</point>
				<point>174.710464,348.112640</point>
				<point>193.000015,341.000031</point>
				<point>195.289566,346.887421</point>
			</points>
		</object>
		<object>
			<coordinate>pixel</coordinate>
			<type>rectangle</type>
			<description>None</description>
			<possibleresult>
				<name>Excavator</name>
			</possibleresult>
			<points>
				<point>654.266418,445.008850</point>
				<point>654.000061,453.000000</point>
				<point>623.733704,451.991150</point>
				<point>624.000061,444.000000</point>
				<point>654.266418,445.008850</point>
			</points>
		</object>
		<object>
			<coordinate>pixel</coordinate>
			<type>rectangle</type>
			<description>None</description>
			<possibleresult>
				<name>Van</name>
			</possibleresult>
			<points>
				<point>522.000000,315.000000</point>
				<point>501.000000,315.000000</point>
				<point>501.000000,308.000000</point>
				<point>522.000000,308.000000</point>
				<point>522.000000,315.000000</point>
			</points>
		</object>
		<object>
			<coordinate>pixel</coordinate>
			<type>rectangle</type>
			<description>None</description>
			<possibleresult>
				<name>Van</name>
			</possibleresult>
			<points>
				<point>306.000000,577.000000</point>
				<point>300.098999,582.114258</point>
				<point>287.000000,567.000000</point>
				<point>292.901001,561.885742</point>
				<point>306.000000,577.000000</point>
			</points>
		</object>
		<object>
			<coordinate>pixel</coordinate>
			<type>rectangle</type>
			<description>None</description>
			<possibleresult>
				<name>Small Car</name>
			</possibleresult>
			<points>
				<point>288.000000,555.000000</point>
				<point>282.271729,561.249023</point>
				<point>270.000061,550.000000</point>
				<point>275.728333,543.750977</point>
				<point>288.000000,555.000000</point>
			</points>
		</object>
		<object>
			<coordinate>pixel</coordinate>
			<type>rectangle</type>
			<description>None</description>
			<possibleresult>
				<name>Small Car</name>
			</possibleresult>
			<points>
				<point>271.999939,540.999939</point>
				<point>266.037872,546.044739</point>
				<point>254.999985,532.999939</point>
				<point>260.962067,527.955139</point>
				<point>271.999939,540.999939</point>
			</points>
		</object>
		<object>
			<coordinate>pixel</coordinate>
			<type>rectangle</type>
			<description>None</description>
			<possibleresult>
				<name>Small Car</name>
			</possibleresult>
			<points>
				<point>296.999969,553.000000</point>
				<point>292.290558,557.317017</point>
				<point>280.999969,545.000000</point>
				<point>285.709381,540.682983</point>
				<point>296.999969,553.000000</point>
			</points>
		</object>
		<object>
			<coordinate>pixel</coordinate>
			<type>rectangle</type>
			<description>None</description>
			<possibleresult>
				<name>Small Car</name>
			</possibleresult>
			<points>
				<point>312.352966,552.411743</point>
				<point>307.000000,557.000000</point>
				<point>295.000000,543.000000</point>
				<point>300.352966,538.411743</point>
				<point>312.352966,552.411743</point>
			</points>
		</object>
		<object>
			<coordinate>pixel</coordinate>
			<type>rectangle</type>
			<description>None</description>
			<possibleresult>
				<name>Small Car</name>
			</possibleresult>
			<points>
				<point>333.494141,556.576416</point>
				<point>325.917664,563.070557</point>
				<point>313.000000,548.000000</point>
				<point>320.576477,541.505859</point>
				<point>333.494141,556.576416</point>
			</points>
		</object>
		<object>
			<coordinate>pixel</coordinate>
			<type>rectangle</type>
			<description>None</description>
			<possibleresult>
				<name>Small Car</name>
			</possibleresult>
			<points>
				<point>316.295105,538.754150</point>
				<point>309.803284,544.163940</point>
				<point>297.508179,529.409790</point>
				<point>304.000000,524.000000</point>
				<point>316.295105,538.754150</point>
			</points>
		</object>
		<object>
			<coordinate>pixel</coordinate>
			<type>rectangle</type>
			<description>None</description>
			<possibleresult>
				<name>Small Car</name>
			</possibleresult>
			<points>
				<point>288.000000,506.000031</point>
				<point>281.185852,511.241669</point>
				<point>271.000000,498.000031</point>
				<point>277.814148,492.758392</point>
				<point>288.000000,506.000031</point>
			</points>
		</object>
		<object>
			<coordinate>pixel</coordinate>
			<type>rectangle</type>
			<description>None</description>
			<possibleresult>
				<name>Small Car</name>
			</possibleresult>
			<points>
				<point>274.297424,488.386597</point>
				<point>267.000000,494.000000</point>
				<point>257.000000,481.000000</point>
				<point>264.297424,475.386597</point>
				<point>274.297424,488.386597</point>
			</points>
		</object>
		<object>
			<coordinate>pixel</coordinate>
			<type>rectangle</type>
			<description>None</description>
			<possibleresult>
				<name>Small Car</name>
			</possibleresult>
			<points>
				<point>242.999985,452.999969</point>
				<point>236.455154,458.537872</point>
				<point>224.999985,444.999969</point>
				<point>231.544815,439.462067</point>
				<point>242.999985,452.999969</point>
			</points>
		</object>
		<object>
			<coordinate>pixel</coordinate>
			<type>rectangle</type>
			<description>None</description>
			<possibleresult>
				<name>Van</name>
			</possibleresult>
			<points>
				<point>226.999985,436.000000</point>
				<point>222.081955,440.098389</point>
				<point>211.999985,428.000000</point>
				<point>216.918015,423.901611</point>
				<point>226.999985,436.000000</point>
			</points>
		</object>
		<object>
			<coordinate>pixel</coordinate>
			<type>rectangle</type>
			<description>None</description>
			<possibleresult>
				<name>Van</name>
			</possibleresult>
			<points>
				<point>215.000000,472.000000</point>
				<point>209.268372,477.290710</point>
				<point>197.000000,464.000000</point>
				<point>202.731628,458.709290</point>
				<point>215.000000,472.000000</point>
			</points>
		</object>
		<object>
			<coordinate>pixel</coordinate>
			<type>rectangle</type>
			<description>None</description>
			<possibleresult>
				<name>Van</name>
			</possibleresult>
			<points>
				<point>181.999985,417.999939</point>
				<point>175.999985,421.999939</point>
				<point>166.769211,408.153809</point>
				<point>172.769211,404.153809</point>
				<point>181.999985,417.999939</point>
			</points>
		</object>
		<object>
			<coordinate>pixel</coordinate>
			<type>rectangle</type>
			<description>None</description>
			<possibleresult>
				<name>Small Car</name>
			</possibleresult>
			<points>
				<point>84.000000,467.000000</point>
				<point>74.000000,467.000000</point>
				<point>74.000000,450.000000</point>
				<point>84.000000,450.000000</point>
				<point>84.000000,467.000000</point>
			</points>
		</object>
		<object>
			<coordinate>pixel</coordinate>
			<type>rectangle</type>
			<description>None</description>
			<possibleresult>
				<name>Small Car</name>
			</possibleresult>
			<points>
				<point>108.000015,432.000031</point>
				<point>98.038925,432.622589</point>
				<point>97.038925,416.622589</point>
				<point>107.000015,416.000031</point>
				<point>108.000015,432.000031</point>
			</points>
		</object>
		<object>
			<coordinate>pixel</coordinate>
			<type>rectangle</type>
			<description>None</description>
			<possibleresult>
				<name>Small Car</name>
			</possibleresult>
			<points>
				<point>159.000000,518.000000</point>
				<point>139.000000,518.000000</point>
				<point>139.000000,511.000000</point>
				<point>159.000000,511.000000</point>
				<point>159.000000,518.000000</point>
			</points>
		</object>
		<object>
			<coordinate>pixel</coordinate>
			<type>rectangle</type>
			<description>None</description>
			<possibleresult>
				<name>Van</name>
			</possibleresult>
			<points>
				<point>165.000000,580.000000</point>
				<point>146.000000,580.000000</point>
				<point>146.000000,574.000000</point>
				<point>165.000000,574.000000</point>
				<point>165.000000,580.000000</point>
			</points>
		</object>
		<object>
			<coordinate>pixel</coordinate>
			<type>rectangle</type>
			<description>None</description>
			<possibleresult>
				<name>Intersection</name>
			</possibleresult>
			<points>
				<point>145.046692,646.747131</point>
				<point>93.000008,650.000061</point>
				<point>90.000008,602.000061</point>
				<point>142.046692,598.747131</point>
				<point>145.046692,646.747131</point>
			</points>
		</object>
		<object>
			<coordinate>pixel</coordinate>
			<type>rectangle</type>
			<description>None</description>
			<possibleresult>
				<name>Small Car</name>
			</possibleresult>
			<points>
				<point>149.000000,696.000000</point>
				<point>141.139740,697.048096</point>
				<point>139.000000,681.000000</point>
				<point>146.860260,679.951904</point>
				<point>149.000000,696.000000</point>
			</points>
		</object>
		<object>
			<coordinate>pixel</coordinate>
			<type>rectangle</type>
			<description>None</description>
			<possibleresult>
				<name>Small Car</name>
			</possibleresult>
			<points>
				<point>151.029434,712.382263</point>
				<point>143.000015,712.999939</point>
				<point>141.970596,699.617615</point>
				<point>150.000015,698.999939</point>
				<point>151.029434,712.382263</point>
			</points>
		</object>
		<object>
			<coordinate>pixel</coordinate>
			<type>rectangle</type>
			<description>None</description>
			<possibleresult>
				<name>Small Car</name>
			</possibleresult>
			<points>
				<point>124.000000,754.000000</point>
				<point>114.000000,755.000000</point>
				<point>112.000000,735.000000</point>
				<point>122.000000,734.000000</point>
				<point>124.000000,754.000000</point>
			</points>
		</object>
		<object>
			<coordinate>pixel</coordinate>
			<type>rectangle</type>
			<description>None</description>
			<possibleresult>
				<name>Van</name>
			</possibleresult>
			<points>
				<point>160.000015,763.000000</point>
				<point>152.000015,764.000000</point>
				<point>150.000015,748.000000</point>
				<point>158.000015,747.000000</point>
				<point>160.000015,763.000000</point>
			</points>
		</object>
		<object>
			<coordinate>pixel</coordinate>
			<type>rectangle</type>
			<description>None</description>
			<possibleresult>
				<name>Small Car</name>
			</possibleresult>
			<points>
				<point>164.000015,802.999939</point>
				<point>155.987808,803.890198</point>
				<point>153.987808,785.890198</point>
				<point>162.000015,784.999939</point>
				<point>164.000015,802.999939</point>
			</points>
		</object>
		<object>
			<coordinate>pixel</coordinate>
			<type>rectangle</type>
			<description>None</description>
			<possibleresult>
				<name>Small Car</name>
			</possibleresult>
			<points>
				<point>171.000000,855.999939</point>
				<point>164.000000,856.999939</point>
				<point>162.000000,842.999939</point>
				<point>169.000000,841.999939</point>
				<point>171.000000,855.999939</point>
			</points>
		</object>
		<object>
			<coordinate>pixel</coordinate>
			<type>rectangle</type>
			<description>None</description>
			<possibleresult>
				<name>Small Car</name>
			</possibleresult>
			<points>
				<point>138.000000,876.000000</point>
				<point>129.000000,876.000000</point>
				<point>129.000000,859.000000</point>
				<point>138.000000,859.000000</point>
				<point>138.000000,876.000000</point>
			</points>
		</object>
		<object>
			<coordinate>pixel</coordinate>
			<type>rectangle</type>
			<description>None</description>
			<possibleresult>
				<name>Dump Truck</name>
			</possibleresult>
			<points>
				<point>268.000000,817.000061</point>
				<point>264.399994,824.200012</point>
				<point>244.399979,814.200012</point>
				<point>247.999969,807.000061</point>
				<point>268.000000,817.000061</point>
			</points>
		</object>
		<object>
			<coordinate>pixel</coordinate>
			<type>rectangle</type>
			<description>None</description>
			<possibleresult>
				<name>Small Car</name>
			</possibleresult>
			<points>
				<point>166.000000,823.000061</point>
				<point>157.035034,823.560364</point>
				<point>156.000000,807.000061</point>
				<point>164.964966,806.439758</point>
				<point>166.000000,823.000061</point>
			</points>
		</object>
		<object>
			<coordinate>pixel</coordinate>
			<type>rectangle</type>
			<description>None</description>
			<possibleresult>
				<name>Intersection</name>
			</possibleresult>
			<points>
				<point>188.175171,924.980225</point>
				<point>126.000000,932.000000</point>
				<point>121.824829,895.019775</point>
				<point>184.000000,888.000000</point>
				<point>188.175171,924.980225</point>
			</points>
		</object>
		<object>
			<coordinate>pixel</coordinate>
			<type>rectangle</type>
			<description>None</description>
			<possibleresult>
				<name>Small Car</name>
			</possibleresult>
			<points>
				<point>46.334843,933.031677</point>
				<point>25.334843,934.031677</point>
				<point>25.000004,927.000061</point>
				<point>46.000004,926.000061</point>
				<point>46.334843,933.031677</point>
			</points>
		</object>
		<object>
			<coordinate>pixel</coordinate>
			<type>rectangle</type>
			<description>None</description>
			<possibleresult>
				<name>Small Car</name>
			</possibleresult>
			<points>
				<point>78.000015,906.000061</point>
				<point>56.669678,908.031555</point>
				<point>56.000015,901.000061</point>
				<point>77.330353,898.968567</point>
				<point>78.000015,906.000061</point>
			</points>
		</object>
		<object>
			<coordinate>pixel</coordinate>
			<type>rectangle</type>
			<description>None</description>
			<possibleresult>
				<name>Van</name>
			</possibleresult>
			<points>
				<point>74.000000,930.000061</point>
				<point>53.902199,933.014709</point>
				<point>53.000000,927.000061</point>
				<point>73.097801,923.985413</point>
				<point>74.000000,930.000061</point>
			</points>
		</object>
		<object>
			<coordinate>pixel</coordinate>
			<type>rectangle</type>
			<description>None</description>
			<possibleresult>
				<name>Small Car</name>
			</possibleresult>
			<points>
				<point>88.000000,930.000061</point>
				<point>76.549179,931.041077</point>
				<point>76.000000,925.000061</point>
				<point>87.450821,923.959045</point>
				<point>88.000000,930.000061</point>
			</points>
		</object>
		<object>
			<coordinate>pixel</coordinate>
			<type>rectangle</type>
			<description>None</description>
			<possibleresult>
				<name>Van</name>
			</possibleresult>
			<points>
				<point>100.102707,904.983765</point>
				<point>81.102707,907.983765</point>
				<point>80.000000,901.000000</point>
				<point>99.000000,898.000000</point>
				<point>100.102707,904.983765</point>
			</points>
		</object>
		<object>
			<coordinate>pixel</coordinate>
			<type>rectangle</type>
			<description>None</description>
			<possibleresult>
				<name>Van</name>
			</possibleresult>
			<points>
				<point>148.075470,911.264160</point>
				<point>142.000000,913.000000</point>
				<point>138.000000,899.000000</point>
				<point>144.075470,897.264160</point>
				<point>148.075470,911.264160</point>
			</points>
		</object>
		<object>
			<coordinate>pixel</coordinate>
			<type>rectangle</type>
			<description>None</description>
			<possibleresult>
				<name>Small Car</name>
			</possibleresult>
			<points>
				<point>284.000031,892.000061</point>
				<point>260.611664,894.033875</point>
				<point>260.000031,887.000061</point>
				<point>283.388397,884.966248</point>
				<point>284.000031,892.000061</point>
			</points>
		</object>
		<object>
			<coordinate>pixel</coordinate>
			<type>rectangle</type>
			<description>None</description>
			<possibleresult>
				<name>Small Car</name>
			</possibleresult>
			<points>
				<point>290.000000,914.999939</point>
				<point>272.000000,915.999939</point>
				<point>271.664612,909.963074</point>
				<point>289.664612,908.963074</point>
				<point>290.000000,914.999939</point>
			</points>
		</object>
		<object>
			<coordinate>pixel</coordinate>
			<type>rectangle</type>
			<description>None</description>
			<possibleresult>
				<name>Van</name>
			</possibleresult>
			<points>
				<point>335.000031,887.000122</point>
				<point>309.842316,890.019043</point>
				<point>309.000031,883.000122</point>
				<point>334.157745,879.981201</point>
				<point>335.000031,887.000122</point>
			</points>
		</object>
		<object>
			<coordinate>pixel</coordinate>
			<type>rectangle</type>
			<description>None</description>
			<possibleresult>
				<name>Small Car</name>
			</possibleresult>
			<points>
				<point>455.000000,904.000000</point>
				<point>437.000000,904.000000</point>
				<point>437.000000,897.000000</point>
				<point>455.000000,897.000000</point>
				<point>455.000000,904.000000</point>
			</points>
		</object>
		<object>
			<coordinate>pixel</coordinate>
			<type>rectangle</type>
			<description>None</description>
			<possibleresult>
				<name>Small Car</name>
			</possibleresult>
			<points>
				<point>401.000000,908.000000</point>
				<point>383.000000,908.000000</point>
				<point>383.000000,900.000000</point>
				<point>401.000000,900.000000</point>
				<point>401.000000,908.000000</point>
			</points>
		</object>
		<object>
			<coordinate>pixel</coordinate>
			<type>rectangle</type>
			<description>None</description>
			<possibleresult>
				<name>Small Car</name>
			</possibleresult>
			<points>
				<point>383.000000,885.000000</point>
				<point>361.000000,887.000000</point>
				<point>360.270508,878.975464</point>
				<point>382.270508,876.975464</point>
				<point>383.000000,885.000000</point>
			</points>
		</object>
		<object>
			<coordinate>pixel</coordinate>
			<type>rectangle</type>
			<description>None</description>
			<possibleresult>
				<name>Van</name>
			</possibleresult>
			<points>
				<point>410.364929,883.028809</point>
				<point>388.364929,884.028809</point>
				<point>388.000000,876.000000</point>
				<point>410.000000,875.000000</point>
				<point>410.364929,883.028809</point>
			</points>
		</object>
		<object>
			<coordinate>pixel</coordinate>
			<type>rectangle</type>
			<description>None</description>
			<possibleresult>
				<name>Small Car</name>
			</possibleresult>
			<points>
				<point>445.000000,881.000000</point>
				<point>423.000000,881.000000</point>
				<point>423.000000,873.000000</point>
				<point>445.000000,873.000000</point>
				<point>445.000000,881.000000</point>
			</points>
		</object>
		<object>
			<coordinate>pixel</coordinate>
			<type>rectangle</type>
			<description>None</description>
			<possibleresult>
				<name>Small Car</name>
			</possibleresult>
			<points>
				<point>468.334869,879.031616</point>
				<point>447.334869,880.031616</point>
				<point>447.000031,873.000000</point>
				<point>468.000031,872.000000</point>
				<point>468.334869,879.031616</point>
			</points>
		</object>
		<object>
			<coordinate>pixel</coordinate>
			<type>rectangle</type>
			<description>None</description>
			<possibleresult>
				<name>Van</name>
			</possibleresult>
			<points>
				<point>487.702942,901.029724</point>
				<point>467.702942,903.029724</point>
				<point>467.000000,896.000061</point>
				<point>487.000000,894.000061</point>
				<point>487.702942,901.029724</point>
			</points>
		</object>
		<object>
			<coordinate>pixel</coordinate>
			<type>rectangle</type>
			<description>None</description>
			<possibleresult>
				<name>Van</name>
			</possibleresult>
			<points>
				<point>353.072021,683.896057</point>
				<point>344.000000,697.000061</point>
				<point>336.927979,692.104065</point>
				<point>346.000000,679.000061</point>
				<point>353.072021,683.896057</point>
			</points>
		</object>
		<object>
			<coordinate>pixel</coordinate>
			<type>rectangle</type>
			<description>None</description>
			<possibleresult>
				<name>Small Car</name>
			</possibleresult>
			<points>
				<point>376.396027,675.572083</point>
				<point>370.000031,680.000061</point>
				<point>361.000031,667.000061</point>
				<point>367.396027,662.572083</point>
				<point>376.396027,675.572083</point>
			</points>
		</object>
		<object>
			<coordinate>pixel</coordinate>
			<type>rectangle</type>
			<description>None</description>
			<possibleresult>
				<name>Small Car</name>
			</possibleresult>
			<points>
				<point>423.677002,685.184631</point>
				<point>416.677002,689.184631</point>
				<point>408.000061,674.000061</point>
				<point>415.000061,670.000061</point>
				<point>423.677002,685.184631</point>
			</points>
		</object>
		<object>
			<coordinate>pixel</coordinate>
			<type>rectangle</type>
			<description>None</description>
			<possibleresult>
				<name>Van</name>
			</possibleresult>
			<points>
				<point>572.844849,729.638000</point>
				<point>551.844849,738.638000</point>
				<point>549.000000,732.000061</point>
				<point>570.000000,723.000061</point>
				<point>572.844849,729.638000</point>
			</points>
		</object>
		<object>
			<coordinate>pixel</coordinate>
			<type>rectangle</type>
			<description>None</description>
			<possibleresult>
				<name>Van</name>
			</possibleresult>
			<points>
				<point>565.249512,721.904968</point>
				<point>544.000000,730.000061</point>
				<point>541.750488,724.095154</point>
				<point>563.000000,716.000061</point>
				<point>565.249512,721.904968</point>
			</points>
		</object>
		<object>
			<coordinate>pixel</coordinate>
			<type>rectangle</type>
			<description>None</description>
			<possibleresult>
				<name>Van</name>
			</possibleresult>
			<points>
				<point>560.344849,713.862061</point>
				<point>544.482788,720.206909</point>
				<point>542.000000,714.000000</point>
				<point>557.862061,707.655151</point>
				<point>560.344849,713.862061</point>
			</points>
		</object>
		<object>
			<coordinate>pixel</coordinate>
			<type>rectangle</type>
			<description>None</description>
			<possibleresult>
				<name>Small Car</name>
			</possibleresult>
			<points>
				<point>540.362061,682.844910</point>
				<point>520.206909,691.482849</point>
				<point>516.844849,683.638000</point>
				<point>537.000000,675.000061</point>
				<point>540.362061,682.844910</point>
			</points>
		</object>
		<object>
			<coordinate>pixel</coordinate>
			<type>rectangle</type>
			<description>None</description>
			<possibleresult>
				<name>Small Car</name>
			</possibleresult>
			<points>
				<point>534.068970,674.172302</point>
				<point>517.000000,680.999939</point>
				<point>514.655151,675.137878</point>
				<point>531.724121,668.310242</point>
				<point>534.068970,674.172302</point>
			</points>
		</object>
		<object>
			<coordinate>pixel</coordinate>
			<type>rectangle</type>
			<description>None</description>
			<possibleresult>
				<name>Small Car</name>
			</possibleresult>
			<points>
				<point>528.289551,666.887512</point>
				<point>510.000000,674.000061</point>
				<point>507.710449,668.112610</point>
				<point>526.000000,661.000061</point>
				<point>528.289551,666.887512</point>
			</points>
		</object>
		<object>
			<coordinate>pixel</coordinate>
			<type>rectangle</type>
			<description>None</description>
			<possibleresult>
				<name>Small Car</name>
			</possibleresult>
			<points>
				<point>464.000061,663.000061</point>
				<point>446.000061,672.000061</point>
				<point>442.600037,665.200012</point>
				<point>460.600037,656.200012</point>
				<point>464.000061,663.000061</point>
			</points>
		</object>
		<object>
			<coordinate>pixel</coordinate>
			<type>rectangle</type>
			<description>None</description>
			<possibleresult>
				<name>Small Car</name>
			</possibleresult>
			<points>
				<point>477.000000,685.000000</point>
				<point>464.000000,691.000000</point>
				<point>461.746338,686.117065</point>
				<point>474.746338,680.117065</point>
				<point>477.000000,685.000000</point>
			</points>
		</object>
		<object>
			<coordinate>pixel</coordinate>
			<type>rectangle</type>
			<description>None</description>
			<possibleresult>
				<name>Small Car</name>
			</possibleresult>
			<points>
				<point>483.400055,701.800110</point>
				<point>473.000031,707.000061</point>
				<point>470.600006,702.200012</point>
				<point>481.000031,697.000061</point>
				<point>483.400055,701.800110</point>
			</points>
		</object>
		<object>
			<coordinate>pixel</coordinate>
			<type>rectangle</type>
			<description>None</description>
			<possibleresult>
				<name>Van</name>
			</possibleresult>
			<points>
				<point>492.362061,710.844910</point>
				<point>473.051697,719.120789</point>
				<point>469.689636,711.275940</point>
				<point>489.000000,703.000061</point>
				<point>492.362061,710.844910</point>
			</points>
		</object>
		<object>
			<coordinate>pixel</coordinate>
			<type>rectangle</type>
			<description>None</description>
			<possibleresult>
				<name>Small Car</name>
			</possibleresult>
			<points>
				<point>497.447144,718.811829</point>
				<point>478.447144,726.811829</point>
				<point>476.000061,721.000061</point>
				<point>495.000061,713.000061</point>
				<point>497.447144,718.811829</point>
			</points>
		</object>
		<object>
			<coordinate>pixel</coordinate>
			<type>rectangle</type>
			<description>None</description>
			<possibleresult>
				<name>Van</name>
			</possibleresult>
			<points>
				<point>507.524658,734.770508</point>
				<point>491.000061,742.000000</point>
				<point>488.475464,736.229492</point>
				<point>505.000061,729.000000</point>
				<point>507.524658,734.770508</point>
			</points>
		</object>
		<object>
			<coordinate>pixel</coordinate>
			<type>rectangle</type>
			<description>None</description>
			<possibleresult>
				<name>Van</name>
			</possibleresult>
			<points>
				<point>527.000000,757.000000</point>
				<point>506.000000,765.000000</point>
				<point>503.291138,757.889160</point>
				<point>524.291138,749.889160</point>
				<point>527.000000,757.000000</point>
			</points>
		</object>
		<object>
			<coordinate>pixel</coordinate>
			<type>rectangle</type>
			<description>None</description>
			<possibleresult>
				<name>Van</name>
			</possibleresult>
			<points>
				<point>461.000000,781.999939</point>
				<point>454.728699,786.927429</point>
				<point>443.728699,772.927429</point>
				<point>450.000000,767.999939</point>
				<point>461.000000,781.999939</point>
			</points>
		</object>
		<object>
			<coordinate>pixel</coordinate>
			<type>rectangle</type>
			<description>None</description>
			<possibleresult>
				<name>Small Car</name>
			</possibleresult>
			<points>
				<point>449.337799,723.473022</point>
				<point>442.999969,728.000000</point>
				<point>432.999969,714.000000</point>
				<point>439.337799,709.473022</point>
				<point>449.337799,723.473022</point>
			</points>
		</object>
		<object>
			<coordinate>pixel</coordinate>
			<type>rectangle</type>
			<description>None</description>
			<possibleresult>
				<name>Van</name>
			</possibleresult>
			<points>
				<point>460.557617,738.724854</point>
				<point>455.000000,743.000000</point>
				<point>444.442383,729.275146</point>
				<point>450.000000,725.000000</point>
				<point>460.557617,738.724854</point>
			</points>
		</object>
		<object>
			<coordinate>pixel</coordinate>
			<type>rectangle</type>
			<description>None</description>
			<possibleresult>
				<name>Small Car</name>
			</possibleresult>
			<points>
				<point>473.000031,757.999878</point>
				<point>466.000031,761.999878</point>
				<point>457.569244,747.246094</point>
				<point>464.569244,743.246094</point>
				<point>473.000031,757.999878</point>
			</points>
		</object>
		<object>
			<coordinate>pixel</coordinate>
			<type>rectangle</type>
			<description>None</description>
			<possibleresult>
				<name>Small Car</name>
			</possibleresult>
			<points>
				<point>485.088287,774.147034</point>
				<point>477.000031,778.999939</point>
				<point>467.823578,763.705872</point>
				<point>475.911835,758.852966</point>
				<point>485.088287,774.147034</point>
			</points>
		</object>
		<object>
			<coordinate>pixel</coordinate>
			<type>rectangle</type>
			<description>None</description>
			<possibleresult>
				<name>Van</name>
			</possibleresult>
			<points>
				<point>495.461517,790.692139</point>
				<point>489.461517,794.692139</point>
				<point>480.999969,781.999878</point>
				<point>486.999969,777.999878</point>
				<point>495.461517,790.692139</point>
			</points>
		</object>
		<object>
			<coordinate>pixel</coordinate>
			<type>rectangle</type>
			<description>None</description>
			<possibleresult>
				<name>Small Car</name>
			</possibleresult>
			<points>
				<point>508.000031,808.000061</point>
				<point>501.227448,812.353821</point>
				<point>492.000031,798.000061</point>
				<point>498.772614,793.646301</point>
				<point>508.000031,808.000061</point>
			</points>
		</object>
		<object>
			<coordinate>pixel</coordinate>
			<type>rectangle</type>
			<description>None</description>
			<possibleresult>
				<name>Intersection</name>
			</possibleresult>
			<points>
				<point>577.000061,892.000122</point>
				<point>527.992615,927.989990</point>
				<point>481.000061,864.000122</point>
				<point>530.007507,828.010254</point>
				<point>577.000061,892.000122</point>
			</points>
		</object>
		<object>
			<coordinate>pixel</coordinate>
			<type>rectangle</type>
			<description>None</description>
			<possibleresult>
				<name>Small Car</name>
			</possibleresult>
			<points>
				<point>595.000000,936.000000</point>
				<point>587.128418,940.238525</point>
				<point>580.000000,927.000000</point>
				<point>587.871582,922.761475</point>
				<point>595.000000,936.000000</point>
			</points>
		</object>
		<object>
			<coordinate>pixel</coordinate>
			<type>rectangle</type>
			<description>None</description>
			<possibleresult>
				<name>Small Car</name>
			</possibleresult>
			<points>
				<point>607.064941,954.101074</point>
				<point>601.000000,958.000000</point>
				<point>591.935059,943.898926</point>
				<point>598.000000,940.000000</point>
				<point>607.064941,954.101074</point>
			</points>
		</object>
		<object>
			<coordinate>pixel</coordinate>
			<type>rectangle</type>
			<description>None</description>
			<possibleresult>
				<name>Small Car</name>
			</possibleresult>
			<points>
				<point>586.000000,987.999939</point>
				<point>580.000000,991.999939</point>
				<point>570.000000,976.999939</point>
				<point>576.000000,972.999939</point>
				<point>586.000000,987.999939</point>
			</points>
		</object>
		<object>
			<coordinate>pixel</coordinate>
			<type>rectangle</type>
			<description>None</description>
			<possibleresult>
				<name>Small Car</name>
			</possibleresult>
			<points>
				<point>617.461426,969.692078</point>
				<point>610.769165,974.153625</point>
				<point>601.999878,960.999817</point>
				<point>608.692139,956.538269</point>
				<point>617.461426,969.692078</point>
			</points>
		</object>
		<object>
			<coordinate>pixel</coordinate>
			<type>rectangle</type>
			<description>None</description>
			<possibleresult>
				<name>Small Car</name>
			</possibleresult>
			<points>
				<point>480.000031,696.000061</point>
				<point>462.000031,702.000061</point>
				<point>460.000031,696.000061</point>
				<point>478.000031,690.000061</point>
				<point>480.000031,696.000061</point>
			</points>
		</object>
	</objects>
</annotation>