<?xml version="1.0" encoding="utf-8"?>
<annotation>
	<source>
		<filename>1135.tif</filename>
		<origin>GF2/GF3</origin>
	</source>
	<research>
		<version>1.0</version>
		<provider>FAIR1M</provider>
		<author>Cyber</author>
		<pluginname>FAIR1M</pluginname>
		<pluginclass>object detection</pluginclass>
		<time>2021-03</time>
	</research>
	<size>
		<width>1000</width>
		<height>1000</height>
		<depth>3</depth>
	</size>
	<objects>
		<object>
			<coordinate>pixel</coordinate>
			<type>rectangle</type>
			<description>None</description>
			<possibleresult>
				<name>Intersection</name>
			</possibleresult>
			<points>
				<point>568.286438,230.758392</point>
				<point>429.455444,283.205658</point>
				<point>411.999939,236.999969</point>
				<point>550.830933,184.552704</point>
				<point>568.286438,230.758392</point>
			</points>
		</object>
		<object>
			<coordinate>pixel</coordinate>
			<type>rectangle</type>
			<description>None</description>
			<possibleresult>
				<name>Van</name>
			</possibleresult>
			<points>
				<point>814.054138,843.984009</point>
				<point>796.783386,849.063599</point>
				<point>794.729187,842.079468</point>
				<point>811.999939,836.999878</point>
				<point>814.054138,843.984009</point>
			</points>
		</object>
		<object>
			<coordinate>pixel</coordinate>
			<type>rectangle</type>
			<description>None</description>
			<possibleresult>
				<name>Van</name>
			</possibleresult>
			<points>
				<point>815.650391,853.205750</point>
				<point>798.650391,863.205750</point>
				<point>795.000000,857.000061</point>
				<point>812.000000,847.000061</point>
				<point>815.650391,853.205750</point>
			</points>
		</object>
		<object>
			<coordinate>pixel</coordinate>
			<type>rectangle</type>
			<description>None</description>
			<possibleresult>
				<name>Small Car</name>
			</possibleresult>
			<points>
				<point>741.000061,868.000122</point>
				<point>735.000061,871.000122</point>
				<point>729.000061,859.000122</point>
				<point>735.000061,856.000122</point>
				<point>741.000061,868.000122</point>
			</points>
		</object>
		<object>
			<coordinate>pixel</coordinate>
			<type>rectangle</type>
			<description>None</description>
			<possibleresult>
				<name>Van</name>
			</possibleresult>
			<points>
				<point>770.409790,840.491699</point>
				<point>765.000000,844.999878</point>
				<point>755.000000,832.999878</point>
				<point>760.409790,828.491699</point>
				<point>770.409790,840.491699</point>
			</points>
		</object>
		<object>
			<coordinate>pixel</coordinate>
			<type>rectangle</type>
			<description>None</description>
			<possibleresult>
				<name>Van</name>
			</possibleresult>
			<points>
				<point>904.999939,752.000000</point>
				<point>900.448181,757.379272</point>
				<point>886.999939,746.000000</point>
				<point>891.551697,740.620728</point>
				<point>904.999939,752.000000</point>
			</points>
		</object>
		<object>
			<coordinate>pixel</coordinate>
			<type>rectangle</type>
			<description>None</description>
			<possibleresult>
				<name>Van</name>
			</possibleresult>
			<points>
				<point>785.000061,779.000000</point>
				<point>778.494202,784.576416</point>
				<point>766.000061,770.000000</point>
				<point>772.505920,764.423584</point>
				<point>785.000061,779.000000</point>
			</points>
		</object>
		<object>
			<coordinate>pixel</coordinate>
			<type>rectangle</type>
			<description>None</description>
			<possibleresult>
				<name>Small Car</name>
			</possibleresult>
			<points>
				<point>835.999939,743.999939</point>
				<point>829.409729,749.491760</point>
				<point>818.508118,736.409851</point>
				<point>825.098328,730.918030</point>
				<point>835.999939,743.999939</point>
			</points>
		</object>
		<object>
			<coordinate>pixel</coordinate>
			<type>rectangle</type>
			<description>None</description>
			<possibleresult>
				<name>Small Car</name>
			</possibleresult>
			<points>
				<point>865.053833,722.069153</point>
				<point>860.000000,725.999939</point>
				<point>852.946167,716.930725</point>
				<point>858.000000,712.999939</point>
				<point>865.053833,722.069153</point>
			</points>
		</object>
		<object>
			<coordinate>pixel</coordinate>
			<type>rectangle</type>
			<description>None</description>
			<possibleresult>
				<name>Small Car</name>
			</possibleresult>
			<points>
				<point>889.239990,710.320007</point>
				<point>883.000000,715.000061</point>
				<point>874.000000,703.000061</point>
				<point>880.239990,698.320007</point>
				<point>889.239990,710.320007</point>
			</points>
		</object>
		<object>
			<coordinate>pixel</coordinate>
			<type>rectangle</type>
			<description>None</description>
			<possibleresult>
				<name>Small Car</name>
			</possibleresult>
			<points>
				<point>817.500122,692.500061</point>
				<point>812.000122,698.000061</point>
				<point>800.500122,686.500061</point>
				<point>806.000122,681.000061</point>
				<point>817.500122,692.500061</point>
			</points>
		</object>
		<object>
			<coordinate>pixel</coordinate>
			<type>rectangle</type>
			<description>None</description>
			<possibleresult>
				<name>Small Car</name>
			</possibleresult>
			<points>
				<point>774.999939,719.999939</point>
				<point>768.999939,725.999939</point>
				<point>755.999939,712.999939</point>
				<point>761.999939,706.999939</point>
				<point>774.999939,719.999939</point>
			</points>
		</object>
		<object>
			<coordinate>pixel</coordinate>
			<type>rectangle</type>
			<description>None</description>
			<possibleresult>
				<name>Small Car</name>
			</possibleresult>
			<points>
				<point>708.500000,764.500000</point>
				<point>703.000000,770.000000</point>
				<point>690.000000,757.000000</point>
				<point>695.500000,751.500000</point>
				<point>708.500000,764.500000</point>
			</points>
		</object>
		<object>
			<coordinate>pixel</coordinate>
			<type>rectangle</type>
			<description>None</description>
			<possibleresult>
				<name>Van</name>
			</possibleresult>
			<points>
				<point>689.999939,777.000000</point>
				<point>684.792419,781.773560</point>
				<point>673.792419,769.773560</point>
				<point>678.999939,765.000000</point>
				<point>689.999939,777.000000</point>
			</points>
		</object>
		<object>
			<coordinate>pixel</coordinate>
			<type>rectangle</type>
			<description>None</description>
			<possibleresult>
				<name>Small Car</name>
			</possibleresult>
			<points>
				<point>657.000061,798.000061</point>
				<point>651.000061,801.000061</point>
				<point>644.000061,787.000061</point>
				<point>650.000061,784.000061</point>
				<point>657.000061,798.000061</point>
			</points>
		</object>
		<object>
			<coordinate>pixel</coordinate>
			<type>rectangle</type>
			<description>None</description>
			<possibleresult>
				<name>Small Car</name>
			</possibleresult>
			<points>
				<point>635.332153,807.622803</point>
				<point>629.000000,811.000000</point>
				<point>621.000000,796.000000</point>
				<point>627.332153,792.622803</point>
				<point>635.332153,807.622803</point>
			</points>
		</object>
		<object>
			<coordinate>pixel</coordinate>
			<type>rectangle</type>
			<description>None</description>
			<possibleresult>
				<name>Small Car</name>
			</possibleresult>
			<points>
				<point>607.096313,819.179016</point>
				<point>600.000000,823.000061</point>
				<point>592.903687,809.821106</point>
				<point>600.000000,806.000061</point>
				<point>607.096313,819.179016</point>
			</points>
		</object>
		<object>
			<coordinate>pixel</coordinate>
			<type>rectangle</type>
			<description>None</description>
			<possibleresult>
				<name>Small Car</name>
			</possibleresult>
			<points>
				<point>565.264648,834.441162</point>
				<point>560.264648,837.441162</point>
				<point>554.000000,827.000000</point>
				<point>559.000000,824.000000</point>
				<point>565.264648,834.441162</point>
			</points>
		</object>
		<object>
			<coordinate>pixel</coordinate>
			<type>rectangle</type>
			<description>None</description>
			<possibleresult>
				<name>Small Car</name>
			</possibleresult>
			<points>
				<point>557.999939,838.999878</point>
				<point>551.999939,842.999878</point>
				<point>543.999939,830.999878</point>
				<point>549.999939,826.999878</point>
				<point>557.999939,838.999878</point>
			</points>
		</object>
		<object>
			<coordinate>pixel</coordinate>
			<type>rectangle</type>
			<description>None</description>
			<possibleresult>
				<name>Small Car</name>
			</possibleresult>
			<points>
				<point>547.307739,844.461487</point>
				<point>542.000000,847.999939</point>
				<point>533.692261,835.538391</point>
				<point>539.000000,831.999939</point>
				<point>547.307739,844.461487</point>
			</points>
		</object>
		<object>
			<coordinate>pixel</coordinate>
			<type>rectangle</type>
			<description>None</description>
			<possibleresult>
				<name>Small Car</name>
			</possibleresult>
			<points>
				<point>530.000000,854.000122</point>
				<point>522.246094,858.430908</point>
				<point>514.000000,844.000122</point>
				<point>521.753906,839.569336</point>
				<point>530.000000,854.000122</point>
			</points>
		</object>
		<object>
			<coordinate>pixel</coordinate>
			<type>rectangle</type>
			<description>None</description>
			<possibleresult>
				<name>Van</name>
			</possibleresult>
			<points>
				<point>500.999939,867.999878</point>
				<point>493.153809,873.230591</point>
				<point>482.999939,857.999878</point>
				<point>490.846069,852.769165</point>
				<point>500.999939,867.999878</point>
			</points>
		</object>
		<object>
			<coordinate>pixel</coordinate>
			<type>rectangle</type>
			<description>None</description>
			<possibleresult>
				<name>Small Car</name>
			</possibleresult>
			<points>
				<point>480.600006,876.200012</point>
				<point>473.000031,880.000061</point>
				<point>466.000031,866.000061</point>
				<point>473.600006,862.200012</point>
				<point>480.600006,876.200012</point>
			</points>
		</object>
		<object>
			<coordinate>pixel</coordinate>
			<type>rectangle</type>
			<description>None</description>
			<possibleresult>
				<name>Van</name>
			</possibleresult>
			<points>
				<point>470.999969,879.999878</point>
				<point>463.153839,885.230591</point>
				<point>452.999969,869.999878</point>
				<point>460.846100,864.769165</point>
				<point>470.999969,879.999878</point>
			</points>
		</object>
		<object>
			<coordinate>pixel</coordinate>
			<type>rectangle</type>
			<description>None</description>
			<possibleresult>
				<name>Small Car</name>
			</possibleresult>
			<points>
				<point>458.065033,884.101074</point>
				<point>452.000031,888.000000</point>
				<point>442.935028,873.898926</point>
				<point>449.000031,870.000000</point>
				<point>458.065033,884.101074</point>
			</points>
		</object>
		<object>
			<coordinate>pixel</coordinate>
			<type>rectangle</type>
			<description>None</description>
			<possibleresult>
				<name>Small Car</name>
			</possibleresult>
			<points>
				<point>446.999969,887.999939</point>
				<point>440.087799,891.190125</point>
				<point>433.999969,877.999939</point>
				<point>440.912140,874.809753</point>
				<point>446.999969,887.999939</point>
			</points>
		</object>
		<object>
			<coordinate>pixel</coordinate>
			<type>rectangle</type>
			<description>None</description>
			<possibleresult>
				<name>Small Car</name>
			</possibleresult>
			<points>
				<point>430.000031,900.000122</point>
				<point>421.816437,903.580444</point>
				<point>414.816437,887.580444</point>
				<point>423.000031,884.000122</point>
				<point>430.000031,900.000122</point>
			</points>
		</object>
		<object>
			<coordinate>pixel</coordinate>
			<type>rectangle</type>
			<description>None</description>
			<possibleresult>
				<name>Small Car</name>
			</possibleresult>
			<points>
				<point>420.000000,902.000061</point>
				<point>411.793091,905.517273</point>
				<point>405.793091,891.517273</point>
				<point>414.000000,888.000061</point>
				<point>420.000000,902.000061</point>
			</points>
		</object>
		<object>
			<coordinate>pixel</coordinate>
			<type>rectangle</type>
			<description>None</description>
			<possibleresult>
				<name>Small Car</name>
			</possibleresult>
			<points>
				<point>409.000000,904.000000</point>
				<point>401.118347,907.284058</point>
				<point>396.000000,895.000000</point>
				<point>403.881653,891.715942</point>
				<point>409.000000,904.000000</point>
			</points>
		</object>
		<object>
			<coordinate>pixel</coordinate>
			<type>rectangle</type>
			<description>None</description>
			<possibleresult>
				<name>Van</name>
			</possibleresult>
			<points>
				<point>687.083008,839.155762</point>
				<point>678.000000,844.000000</point>
				<point>669.916992,828.844238</point>
				<point>679.000000,824.000000</point>
				<point>687.083008,839.155762</point>
			</points>
		</object>
		<object>
			<coordinate>pixel</coordinate>
			<type>rectangle</type>
			<description>None</description>
			<possibleresult>
				<name>Small Car</name>
			</possibleresult>
			<points>
				<point>675.430786,843.753906</point>
				<point>668.000000,848.000000</point>
				<point>660.000000,834.000000</point>
				<point>667.430786,829.753906</point>
				<point>675.430786,843.753906</point>
			</points>
		</object>
		<object>
			<coordinate>pixel</coordinate>
			<type>rectangle</type>
			<description>None</description>
			<possibleresult>
				<name>Dump Truck</name>
			</possibleresult>
			<points>
				<point>662.000000,849.000061</point>
				<point>655.168579,853.269714</point>
				<point>645.000000,837.000061</point>
				<point>651.831421,832.730408</point>
				<point>662.000000,849.000061</point>
			</points>
		</object>
		<object>
			<coordinate>pixel</coordinate>
			<type>rectangle</type>
			<description>None</description>
			<possibleresult>
				<name>Small Car</name>
			</possibleresult>
			<points>
				<point>642.999939,858.000000</point>
				<point>636.307678,862.461548</point>
				<point>626.307678,847.461548</point>
				<point>632.999939,843.000000</point>
				<point>642.999939,858.000000</point>
			</points>
		</object>
		<object>
			<coordinate>pixel</coordinate>
			<type>rectangle</type>
			<description>None</description>
			<possibleresult>
				<name>Van</name>
			</possibleresult>
			<points>
				<point>633.999939,860.999939</point>
				<point>626.999939,865.999939</point>
				<point>616.999939,851.999939</point>
				<point>623.999939,846.999939</point>
				<point>633.999939,860.999939</point>
			</points>
		</object>
		<object>
			<coordinate>pixel</coordinate>
			<type>rectangle</type>
			<description>None</description>
			<possibleresult>
				<name>Small Car</name>
			</possibleresult>
			<points>
				<point>624.000061,866.000122</point>
				<point>617.063660,871.086792</point>
				<point>606.000061,856.000122</point>
				<point>612.936462,850.913452</point>
				<point>624.000061,866.000122</point>
			</points>
		</object>
		<object>
			<coordinate>pixel</coordinate>
			<type>rectangle</type>
			<description>None</description>
			<possibleresult>
				<name>Small Car</name>
			</possibleresult>
			<points>
				<point>604.275879,875.689636</point>
				<point>596.000000,878.999939</point>
				<point>590.000000,863.999939</point>
				<point>598.275879,860.689636</point>
				<point>604.275879,875.689636</point>
			</points>
		</object>
		<object>
			<coordinate>pixel</coordinate>
			<type>rectangle</type>
			<description>None</description>
			<possibleresult>
				<name>Small Car</name>
			</possibleresult>
			<points>
				<point>595.137329,879.223145</point>
				<point>589.000000,883.000000</point>
				<point>580.862671,869.776855</point>
				<point>587.000000,866.000000</point>
				<point>595.137329,879.223145</point>
			</points>
		</object>
		<object>
			<coordinate>pixel</coordinate>
			<type>rectangle</type>
			<description>None</description>
			<possibleresult>
				<name>Small Car</name>
			</possibleresult>
			<points>
				<point>585.000061,883.000061</point>
				<point>578.227478,887.353821</point>
				<point>569.000061,873.000061</point>
				<point>575.772644,868.646301</point>
				<point>585.000061,883.000061</point>
			</points>
		</object>
		<object>
			<coordinate>pixel</coordinate>
			<type>rectangle</type>
			<description>None</description>
			<possibleresult>
				<name>Small Car</name>
			</possibleresult>
			<points>
				<point>574.000000,886.000061</point>
				<point>567.000000,890.000061</point>
				<point>558.753906,875.569275</point>
				<point>565.753906,871.569275</point>
				<point>574.000000,886.000061</point>
			</points>
		</object>
		<object>
			<coordinate>pixel</coordinate>
			<type>rectangle</type>
			<description>None</description>
			<possibleresult>
				<name>Small Car</name>
			</possibleresult>
			<points>
				<point>555.000000,895.000000</point>
				<point>547.352905,899.588257</point>
				<point>538.352905,884.588257</point>
				<point>546.000000,880.000000</point>
				<point>555.000000,895.000000</point>
			</points>
		</object>
		<object>
			<coordinate>pixel</coordinate>
			<type>rectangle</type>
			<description>None</description>
			<possibleresult>
				<name>Small Car</name>
			</possibleresult>
			<points>
				<point>544.246094,900.430847</point>
				<point>538.000000,904.000061</point>
				<point>529.753906,889.569275</point>
				<point>536.000000,886.000061</point>
				<point>544.246094,900.430847</point>
			</points>
		</object>
		<object>
			<coordinate>pixel</coordinate>
			<type>rectangle</type>
			<description>None</description>
			<possibleresult>
				<name>Van</name>
			</possibleresult>
			<points>
				<point>534.000000,904.000122</point>
				<point>528.389893,907.606567</point>
				<point>519.389893,893.606567</point>
				<point>525.000000,890.000122</point>
				<point>534.000000,904.000122</point>
			</points>
		</object>
		<object>
			<coordinate>pixel</coordinate>
			<type>rectangle</type>
			<description>None</description>
			<possibleresult>
				<name>Small Car</name>
			</possibleresult>
			<points>
				<point>525.206909,909.482788</point>
				<point>517.000000,913.000000</point>
				<point>511.000000,899.000000</point>
				<point>519.206909,895.482788</point>
				<point>525.206909,909.482788</point>
			</points>
		</object>
		<object>
			<coordinate>pixel</coordinate>
			<type>rectangle</type>
			<description>None</description>
			<possibleresult>
				<name>Small Car</name>
			</possibleresult>
			<points>
				<point>504.000031,917.000122</point>
				<point>496.155182,920.362183</point>
				<point>490.000031,906.000122</point>
				<point>497.844879,902.638062</point>
				<point>504.000031,917.000122</point>
			</points>
		</object>
		<object>
			<coordinate>pixel</coordinate>
			<type>rectangle</type>
			<description>None</description>
			<possibleresult>
				<name>Small Car</name>
			</possibleresult>
			<points>
				<point>494.096344,920.179016</point>
				<point>486.224762,924.417542</point>
				<point>478.999969,911.000061</point>
				<point>486.871552,906.761536</point>
				<point>494.096344,920.179016</point>
			</points>
		</object>
		<object>
			<coordinate>pixel</coordinate>
			<type>rectangle</type>
			<description>None</description>
			<possibleresult>
				<name>Small Car</name>
			</possibleresult>
			<points>
				<point>483.000000,925.000061</point>
				<point>476.000000,929.000061</point>
				<point>468.923096,916.615417</point>
				<point>475.923096,912.615417</point>
				<point>483.000000,925.000061</point>
			</points>
		</object>
		<object>
			<coordinate>pixel</coordinate>
			<type>rectangle</type>
			<description>None</description>
			<possibleresult>
				<name>Van</name>
			</possibleresult>
			<points>
				<point>474.102203,929.219055</point>
				<point>466.000031,933.000061</point>
				<point>459.000031,918.000061</point>
				<point>467.102203,914.219055</point>
				<point>474.102203,929.219055</point>
			</points>
		</object>
		<object>
			<coordinate>pixel</coordinate>
			<type>rectangle</type>
			<description>None</description>
			<possibleresult>
				<name>Dump Truck</name>
			</possibleresult>
			<points>
				<point>448.538452,943.307678</point>
				<point>442.538452,947.307678</point>
				<point>433.000000,932.999939</point>
				<point>439.000000,928.999939</point>
				<point>448.538452,943.307678</point>
			</points>
		</object>
		<object>
			<coordinate>pixel</coordinate>
			<type>rectangle</type>
			<description>None</description>
			<possibleresult>
				<name>Van</name>
			</possibleresult>
			<points>
				<point>436.102264,949.219055</point>
				<point>427.178925,953.383240</point>
				<point>420.000092,938.000061</point>
				<point>428.923431,933.835876</point>
				<point>436.102264,949.219055</point>
			</points>
		</object>
		<object>
			<coordinate>pixel</coordinate>
			<type>rectangle</type>
			<description>None</description>
			<possibleresult>
				<name>Van</name>
			</possibleresult>
			<points>
				<point>394.112427,967.179810</point>
				<point>388.000061,971.000000</point>
				<point>377.887695,954.820190</point>
				<point>384.000061,951.000000</point>
				<point>394.112427,967.179810</point>
			</points>
		</object>
		<object>
			<coordinate>pixel</coordinate>
			<type>rectangle</type>
			<description>None</description>
			<possibleresult>
				<name>Small Car</name>
			</possibleresult>
			<points>
				<point>650.000000,740.999939</point>
				<point>629.411743,753.352844</point>
				<point>625.000000,745.999939</point>
				<point>645.588257,733.647034</point>
				<point>650.000000,740.999939</point>
			</points>
		</object>
		<object>
			<coordinate>pixel</coordinate>
			<type>rectangle</type>
			<description>None</description>
			<possibleresult>
				<name>Van</name>
			</possibleresult>
			<points>
				<point>452.116333,839.959473</point>
				<point>429.116333,847.959473</point>
				<point>426.000000,839.000000</point>
				<point>449.000000,831.000000</point>
				<point>452.116333,839.959473</point>
			</points>
		</object>
		<object>
			<coordinate>pixel</coordinate>
			<type>rectangle</type>
			<description>None</description>
			<possibleresult>
				<name>Small Car</name>
			</possibleresult>
			<points>
				<point>322.000031,895.000061</point>
				<point>304.215424,901.277039</point>
				<point>302.000031,895.000061</point>
				<point>319.784637,888.723083</point>
				<point>322.000031,895.000061</point>
			</points>
		</object>
		<object>
			<coordinate>pixel</coordinate>
			<type>rectangle</type>
			<description>None</description>
			<possibleresult>
				<name>Small Car</name>
			</possibleresult>
			<points>
				<point>301.000000,903.000122</point>
				<point>282.000000,910.000122</point>
				<point>280.139038,904.948853</point>
				<point>299.139038,897.948853</point>
				<point>301.000000,903.000122</point>
			</points>
		</object>
		<object>
			<coordinate>pixel</coordinate>
			<type>rectangle</type>
			<description>None</description>
			<possibleresult>
				<name>Small Car</name>
			</possibleresult>
			<points>
				<point>241.000015,929.000061</point>
				<point>226.000015,935.000061</point>
				<point>224.000015,930.000061</point>
				<point>239.000015,924.000061</point>
				<point>241.000015,929.000061</point>
			</points>
		</object>
		<object>
			<coordinate>pixel</coordinate>
			<type>rectangle</type>
			<description>None</description>
			<possibleresult>
				<name>Small Car</name>
			</possibleresult>
			<points>
				<point>188.999985,953.000000</point>
				<point>169.999985,962.000000</point>
				<point>166.742081,955.122192</point>
				<point>185.742081,946.122192</point>
				<point>188.999985,953.000000</point>
			</points>
		</object>
		<object>
			<coordinate>pixel</coordinate>
			<type>rectangle</type>
			<description>None</description>
			<possibleresult>
				<name>Small Car</name>
			</possibleresult>
			<points>
				<point>159.000031,965.000000</point>
				<point>138.482788,973.206909</point>
				<point>136.000031,967.000000</point>
				<point>156.517273,958.793091</point>
				<point>159.000031,965.000000</point>
			</points>
		</object>
		<object>
			<coordinate>pixel</coordinate>
			<type>rectangle</type>
			<description>None</description>
			<possibleresult>
				<name>Small Car</name>
			</possibleresult>
			<points>
				<point>133.000015,976.000000</point>
				<point>113.955307,984.018799</point>
				<point>111.000015,977.000000</point>
				<point>130.044724,968.981201</point>
				<point>133.000015,976.000000</point>
			</points>
		</object>
		<object>
			<coordinate>pixel</coordinate>
			<type>rectangle</type>
			<description>None</description>
			<possibleresult>
				<name>Small Car</name>
			</possibleresult>
			<points>
				<point>97.999985,993.000000</point>
				<point>79.999985,1000.000000</point>
				<point>77.241272,992.906128</point>
				<point>95.241272,985.906128</point>
				<point>97.999985,993.000000</point>
			</points>
		</object>
		<object>
			<coordinate>pixel</coordinate>
			<type>rectangle</type>
			<description>None</description>
			<possibleresult>
				<name>Small Car</name>
			</possibleresult>
			<points>
				<point>62.571724,1000.000000</point>
				<point>62.571724,994.862427</point>
				<point>76.562447,994.862427</point>
				<point>76.562447,1000.000000</point>
				<point>62.571724,1000.000000</point>
			</points>
		</object>
		<object>
			<coordinate>pixel</coordinate>
			<type>rectangle</type>
			<description>None</description>
			<possibleresult>
				<name>Small Car</name>
			</possibleresult>
			<points>
				<point>30.773769,969.088562</point>
				<point>7.773770,978.088562</point>
				<point>5.000001,971.000061</point>
				<point>28.000000,962.000061</point>
				<point>30.773769,969.088562</point>
			</points>
		</object>
		<object>
			<coordinate>pixel</coordinate>
			<type>rectangle</type>
			<description>None</description>
			<possibleresult>
				<name>Van</name>
			</possibleresult>
			<points>
				<point>617.000000,690.000000</point>
				<point>601.000000,698.000000</point>
				<point>597.000000,690.000000</point>
				<point>613.000000,682.000000</point>
				<point>617.000000,690.000000</point>
			</points>
		</object>
		<object>
			<coordinate>pixel</coordinate>
			<type>rectangle</type>
			<description>None</description>
			<possibleresult>
				<name>Intersection</name>
			</possibleresult>
			<points>
				<point>156.391479,399.834412</point>
				<point>78.000008,433.000000</point>
				<point>58.608543,387.165649</point>
				<point>137.000000,354.000061</point>
				<point>156.391479,399.834412</point>
			</points>
		</object>
		<object>
			<coordinate>pixel</coordinate>
			<type>rectangle</type>
			<description>None</description>
			<possibleresult>
				<name>Small Car</name>
			</possibleresult>
			<points>
				<point>218.000031,582.000061</point>
				<point>210.000031,583.000061</point>
				<point>209.123108,575.984680</point>
				<point>217.123108,574.984680</point>
				<point>218.000031,582.000061</point>
			</points>
		</object>
		<object>
			<coordinate>pixel</coordinate>
			<type>rectangle</type>
			<description>None</description>
			<possibleresult>
				<name>Small Car</name>
			</possibleresult>
			<points>
				<point>212.000015,620.000000</point>
				<point>206.974228,633.067017</point>
				<point>199.000015,630.000000</point>
				<point>204.025803,616.932983</point>
				<point>212.000015,620.000000</point>
			</points>
		</object>
		<object>
			<coordinate>pixel</coordinate>
			<type>rectangle</type>
			<description>None</description>
			<possibleresult>
				<name>Van</name>
			</possibleresult>
			<points>
				<point>230.309158,648.757080</point>
				<point>216.000015,660.000000</point>
				<point>210.690872,653.242920</point>
				<point>225.000015,642.000000</point>
				<point>230.309158,648.757080</point>
			</points>
		</object>
		<object>
			<coordinate>pixel</coordinate>
			<type>rectangle</type>
			<description>None</description>
			<possibleresult>
				<name>Small Car</name>
			</possibleresult>
			<points>
				<point>237.000000,560.999939</point>
				<point>229.097290,565.183777</point>
				<point>220.097290,548.183777</point>
				<point>228.000000,543.999939</point>
				<point>237.000000,560.999939</point>
			</points>
		</object>
		<object>
			<coordinate>pixel</coordinate>
			<type>rectangle</type>
			<description>None</description>
			<possibleresult>
				<name>Small Car</name>
			</possibleresult>
			<points>
				<point>335.200043,319.400055</point>
				<point>318.000031,328.000031</point>
				<point>315.000031,322.000031</point>
				<point>332.200043,313.400055</point>
				<point>335.200043,319.400055</point>
			</points>
		</object>
		<object>
			<coordinate>pixel</coordinate>
			<type>rectangle</type>
			<description>None</description>
			<possibleresult>
				<name>Small Car</name>
			</possibleresult>
			<points>
				<point>282.000000,343.000000</point>
				<point>263.721680,351.123718</point>
				<point>261.000000,345.000000</point>
				<point>279.278320,336.876282</point>
				<point>282.000000,343.000000</point>
			</points>
		</object>
		<object>
			<coordinate>pixel</coordinate>
			<type>rectangle</type>
			<description>None</description>
			<possibleresult>
				<name>Small Car</name>
			</possibleresult>
			<points>
				<point>261.000000,353.000000</point>
				<point>241.629272,360.136597</point>
				<point>239.000000,353.000000</point>
				<point>258.370728,345.863403</point>
				<point>261.000000,353.000000</point>
			</points>
		</object>
		<object>
			<coordinate>pixel</coordinate>
			<type>rectangle</type>
			<description>None</description>
			<possibleresult>
				<name>Small Car</name>
			</possibleresult>
			<points>
				<point>190.721649,383.123749</point>
				<point>172.721649,391.123749</point>
				<point>170.000000,385.000031</point>
				<point>188.000000,377.000031</point>
				<point>190.721649,383.123749</point>
			</points>
		</object>
		<object>
			<coordinate>pixel</coordinate>
			<type>rectangle</type>
			<description>None</description>
			<possibleresult>
				<name>Dump Truck</name>
			</possibleresult>
			<points>
				<point>227.312958,333.868256</point>
				<point>208.000031,342.000031</point>
				<point>204.687103,334.131805</point>
				<point>224.000031,326.000031</point>
				<point>227.312958,333.868256</point>
			</points>
		</object>
		<object>
			<coordinate>pixel</coordinate>
			<type>rectangle</type>
			<description>None</description>
			<possibleresult>
				<name>Small Car</name>
			</possibleresult>
			<points>
				<point>298.000000,302.000000</point>
				<point>278.955322,310.018799</point>
				<point>276.000000,303.000000</point>
				<point>295.044678,294.981201</point>
				<point>298.000000,302.000000</point>
			</points>
		</object>
		<object>
			<coordinate>pixel</coordinate>
			<type>rectangle</type>
			<description>None</description>
			<possibleresult>
				<name>Van</name>
			</possibleresult>
			<points>
				<point>400.896576,255.758606</point>
				<point>384.000031,263.000000</point>
				<point>381.000031,256.000000</point>
				<point>397.896576,248.758606</point>
				<point>400.896576,255.758606</point>
			</points>
		</object>
		<object>
			<coordinate>pixel</coordinate>
			<type>rectangle</type>
			<description>None</description>
			<possibleresult>
				<name>Small Car</name>
			</possibleresult>
			<points>
				<point>607.000000,167.000031</point>
				<point>589.547363,174.186432</point>
				<point>587.000000,168.000031</point>
				<point>604.452637,160.813629</point>
				<point>607.000000,167.000031</point>
			</points>
		</object>
		<object>
			<coordinate>pixel</coordinate>
			<type>rectangle</type>
			<description>None</description>
			<possibleresult>
				<name>Van</name>
			</possibleresult>
			<points>
				<point>646.000000,149.000000</point>
				<point>629.000000,156.000000</point>
				<point>626.452637,149.813599</point>
				<point>643.452637,142.813599</point>
				<point>646.000000,149.000000</point>
			</points>
		</object>
		<object>
			<coordinate>pixel</coordinate>
			<type>rectangle</type>
			<description>None</description>
			<possibleresult>
				<name>Van</name>
			</possibleresult>
			<points>
				<point>670.524536,137.770477</point>
				<point>654.000000,144.999969</point>
				<point>651.475464,139.229492</point>
				<point>668.000000,132.000000</point>
				<point>670.524536,137.770477</point>
			</points>
		</object>
		<object>
			<coordinate>pixel</coordinate>
			<type>rectangle</type>
			<description>None</description>
			<possibleresult>
				<name>Small Car</name>
			</possibleresult>
			<points>
				<point>690.400024,131.200043</point>
				<point>675.400024,136.200043</point>
				<point>673.000000,129.000031</point>
				<point>688.000000,124.000031</point>
				<point>690.400024,131.200043</point>
			</points>
		</object>
		<object>
			<coordinate>pixel</coordinate>
			<type>rectangle</type>
			<description>None</description>
			<possibleresult>
				<name>Small Car</name>
			</possibleresult>
			<points>
				<point>760.104614,99.963089</point>
				<point>743.000000,106.000015</point>
				<point>740.895386,100.036942</point>
				<point>758.000000,94.000015</point>
				<point>760.104614,99.963089</point>
			</points>
		</object>
		<object>
			<coordinate>pixel</coordinate>
			<type>rectangle</type>
			<description>None</description>
			<possibleresult>
				<name>Van</name>
			</possibleresult>
			<points>
				<point>661.000061,176.000000</point>
				<point>645.000061,184.000000</point>
				<point>641.600037,177.200012</point>
				<point>657.600037,169.200012</point>
				<point>661.000061,176.000000</point>
			</points>
		</object>
		<object>
			<coordinate>pixel</coordinate>
			<type>rectangle</type>
			<description>None</description>
			<possibleresult>
				<name>Small Car</name>
			</possibleresult>
			<points>
				<point>686.240845,165.886673</point>
				<point>669.240845,173.886673</point>
				<point>666.000000,166.999985</point>
				<point>683.000000,158.999985</point>
				<point>686.240845,165.886673</point>
			</points>
		</object>
		<object>
			<coordinate>pixel</coordinate>
			<type>rectangle</type>
			<description>None</description>
			<possibleresult>
				<name>Small Car</name>
			</possibleresult>
			<points>
				<point>602.461487,281.692352</point>
				<point>595.999939,286.000031</point>
				<point>585.999939,271.000031</point>
				<point>592.461487,266.692352</point>
				<point>602.461487,281.692352</point>
			</points>
		</object>
		<object>
			<coordinate>pixel</coordinate>
			<type>rectangle</type>
			<description>None</description>
			<possibleresult>
				<name>Dump Truck</name>
			</possibleresult>
			<points>
				<point>618.028809,303.035065</point>
				<point>612.000000,308.000031</point>
				<point>597.971191,290.964996</point>
				<point>604.000000,286.000031</point>
				<point>618.028809,303.035065</point>
			</points>
		</object>
		<object>
			<coordinate>pixel</coordinate>
			<type>rectangle</type>
			<description>None</description>
			<possibleresult>
				<name>Small Car</name>
			</possibleresult>
			<points>
				<point>634.000000,318.999969</point>
				<point>628.000000,323.999969</point>
				<point>618.000000,311.999969</point>
				<point>624.000000,306.999969</point>
				<point>634.000000,318.999969</point>
			</points>
		</object>
		<object>
			<coordinate>pixel</coordinate>
			<type>rectangle</type>
			<description>None</description>
			<possibleresult>
				<name>Van</name>
			</possibleresult>
			<points>
				<point>651.000000,339.000000</point>
				<point>645.284912,344.306824</point>
				<point>632.000000,330.000000</point>
				<point>637.715088,324.693176</point>
				<point>651.000000,339.000000</point>
			</points>
		</object>
		<object>
			<coordinate>pixel</coordinate>
			<type>rectangle</type>
			<description>None</description>
			<possibleresult>
				<name>Small Car</name>
			</possibleresult>
			<points>
				<point>665.000000,355.000000</point>
				<point>658.207520,361.226440</point>
				<point>647.000000,349.000000</point>
				<point>653.792480,342.773560</point>
				<point>665.000000,355.000000</point>
			</points>
		</object>
		<object>
			<coordinate>pixel</coordinate>
			<type>rectangle</type>
			<description>None</description>
			<possibleresult>
				<name>Small Car</name>
			</possibleresult>
			<points>
				<point>701.000061,396.000031</point>
				<point>695.390320,400.487823</point>
				<point>683.878113,386.097565</point>
				<point>689.487854,381.609772</point>
				<point>701.000061,396.000031</point>
			</points>
		</object>
		<object>
			<coordinate>pixel</coordinate>
			<type>rectangle</type>
			<description>None</description>
			<possibleresult>
				<name>Small Car</name>
			</possibleresult>
			<points>
				<point>749.120056,448.160004</point>
				<point>744.000061,452.000031</point>
				<point>734.880066,439.840057</point>
				<point>740.000061,436.000031</point>
				<point>749.120056,448.160004</point>
			</points>
		</object>
		<object>
			<coordinate>pixel</coordinate>
			<type>rectangle</type>
			<description>None</description>
			<possibleresult>
				<name>Small Car</name>
			</possibleresult>
			<points>
				<point>766.120056,464.159943</point>
				<point>761.000061,467.999969</point>
				<point>751.880066,455.839996</point>
				<point>757.000061,451.999969</point>
				<point>766.120056,464.159943</point>
			</points>
		</object>
		<object>
			<coordinate>pixel</coordinate>
			<type>rectangle</type>
			<description>None</description>
			<possibleresult>
				<name>Small Car</name>
			</possibleresult>
			<points>
				<point>779.000000,477.000000</point>
				<point>774.044556,481.054443</point>
				<point>765.000000,470.000000</point>
				<point>769.955444,465.945557</point>
				<point>779.000000,477.000000</point>
			</points>
		</object>
		<object>
			<coordinate>pixel</coordinate>
			<type>rectangle</type>
			<description>None</description>
			<possibleresult>
				<name>Small Car</name>
			</possibleresult>
			<points>
				<point>743.000061,537.000061</point>
				<point>737.500061,542.500061</point>
				<point>725.000061,530.000061</point>
				<point>730.500061,524.500061</point>
				<point>743.000061,537.000061</point>
			</points>
		</object>
		<object>
			<coordinate>pixel</coordinate>
			<type>rectangle</type>
			<description>None</description>
			<possibleresult>
				<name>Van</name>
			</possibleresult>
			<points>
				<point>803.000000,544.999939</point>
				<point>796.099976,547.299988</point>
				<point>791.099976,532.299988</point>
				<point>798.000000,529.999939</point>
				<point>803.000000,544.999939</point>
			</points>
		</object>
		<object>
			<coordinate>pixel</coordinate>
			<type>rectangle</type>
			<description>None</description>
			<possibleresult>
				<name>Small Car</name>
			</possibleresult>
			<points>
				<point>998.579895,475.572723</point>
				<point>979.000061,490.000031</point>
				<point>973.420227,482.427338</point>
				<point>993.000061,468.000031</point>
				<point>998.579895,475.572723</point>
			</points>
		</object>
		<object>
			<coordinate>pixel</coordinate>
			<type>rectangle</type>
			<description>None</description>
			<possibleresult>
				<name>Small Car</name>
			</possibleresult>
			<points>
				<point>1000.000000,445.999969</point>
				<point>1000.000000,445.999969</point>
				<point>1000.000000,445.999969</point>
				<point>1000.000000,445.999969</point>
				<point>1000.000000,445.999969</point>
			</points>
		</object>
		<object>
			<coordinate>pixel</coordinate>
			<type>rectangle</type>
			<description>None</description>
			<possibleresult>
				<name>Van</name>
			</possibleresult>
			<points>
				<point>963.000061,309.000000</point>
				<point>957.512268,313.390259</point>
				<point>945.512268,298.390259</point>
				<point>951.000061,294.000000</point>
				<point>963.000061,309.000000</point>
			</points>
		</object>
		<object>
			<coordinate>pixel</coordinate>
			<type>rectangle</type>
			<description>None</description>
			<possibleresult>
				<name>Van</name>
			</possibleresult>
			<points>
				<point>964.861206,257.823364</point>
				<point>957.000000,264.000000</point>
				<point>946.000000,250.000031</point>
				<point>953.861206,243.823395</point>
				<point>964.861206,257.823364</point>
			</points>
		</object>
		<object>
			<coordinate>pixel</coordinate>
			<type>rectangle</type>
			<description>None</description>
			<possibleresult>
				<name>Small Car</name>
			</possibleresult>
			<points>
				<point>950.000000,239.999939</point>
				<point>942.586670,245.436340</point>
				<point>931.586670,230.436340</point>
				<point>939.000000,224.999939</point>
				<point>950.000000,239.999939</point>
			</points>
		</object>
		<object>
			<coordinate>pixel</coordinate>
			<type>rectangle</type>
			<description>None</description>
			<possibleresult>
				<name>Small Car</name>
			</possibleresult>
			<points>
				<point>855.999878,100.000023</point>
				<point>849.307617,104.461555</point>
				<point>838.999878,89.000023</point>
				<point>845.692139,84.538490</point>
				<point>855.999878,100.000023</point>
			</points>
		</object>
		<object>
			<coordinate>pixel</coordinate>
			<type>rectangle</type>
			<description>None</description>
			<possibleresult>
				<name>Small Car</name>
			</possibleresult>
			<points>
				<point>819.000061,40.000004</point>
				<point>810.000061,43.000004</point>
				<point>805.000061,28.000004</point>
				<point>814.000061,25.000004</point>
				<point>819.000061,40.000004</point>
			</points>
		</object>
		<object>
			<coordinate>pixel</coordinate>
			<type>rectangle</type>
			<description>None</description>
			<possibleresult>
				<name>Van</name>
			</possibleresult>
			<points>
				<point>808.083069,20.155716</point>
				<point>799.000061,25.000008</point>
				<point>790.917053,9.844299</point>
				<point>800.000061,5.000008</point>
				<point>808.083069,20.155716</point>
			</points>
		</object>
		<object>
			<coordinate>pixel</coordinate>
			<type>rectangle</type>
			<description>None</description>
			<possibleresult>
				<name>Small Car</name>
			</possibleresult>
			<points>
				<point>789.026245,26.111477</point>
				<point>780.052490,28.222952</point>
				<point>776.000000,11.000000</point>
				<point>784.973755,8.888525</point>
				<point>789.026245,26.111477</point>
			</points>
		</object>
		<object>
			<coordinate>pixel</coordinate>
			<type>rectangle</type>
			<description>None</description>
			<possibleresult>
				<name>Small Car</name>
			</possibleresult>
			<points>
				<point>684.123291,5.328767</point>
				<point>677.000000,8.000000</point>
				<point>674.000000,0.000000</point>
				<point>682.125000,0.000000</point>
				<point>684.123291,5.328767</point>
			</points>
		</object>
		<object>
			<coordinate>pixel</coordinate>
			<type>rectangle</type>
			<description>None</description>
			<possibleresult>
				<name>Small Car</name>
			</possibleresult>
			<points>
				<point>558.571411,0.000000</point>
				<point>567.545471,0.000000</point>
				<point>572.000000,6.999985</point>
				<point>564.041138,12.064690</point>
				<point>558.571411,0.000000</point>
			</points>
		</object>
		<object>
			<coordinate>pixel</coordinate>
			<type>rectangle</type>
			<description>None</description>
			<possibleresult>
				<name>Small Car</name>
			</possibleresult>
			<points>
				<point>519.000000,30.000002</point>
				<point>512.307739,34.461540</point>
				<point>503.538452,21.307692</point>
				<point>510.230713,16.846153</point>
				<point>519.000000,30.000002</point>
			</points>
		</object>
		<object>
			<coordinate>pixel</coordinate>
			<type>rectangle</type>
			<description>None</description>
			<possibleresult>
				<name>Small Car</name>
			</possibleresult>
			<points>
				<point>295.000000,46.000004</point>
				<point>286.732483,50.509556</point>
				<point>280.732483,39.509556</point>
				<point>289.000000,35.000004</point>
				<point>295.000000,46.000004</point>
			</points>
		</object>
		<object>
			<coordinate>pixel</coordinate>
			<type>rectangle</type>
			<description>None</description>
			<possibleresult>
				<name>Small Car</name>
			</possibleresult>
			<points>
				<point>14.538469,206.692322</point>
				<point>7.538469,210.692322</point>
				<point>2.000008,201.000000</point>
				<point>9.000008,197.000000</point>
				<point>14.538469,206.692322</point>
			</points>
		</object>
		<object>
			<coordinate>pixel</coordinate>
			<type>rectangle</type>
			<description>None</description>
			<possibleresult>
				<name>Small Car</name>
			</possibleresult>
			<points>
				<point>53.000015,619.000000</point>
				<point>45.876724,621.671265</point>
				<point>39.876724,605.671265</point>
				<point>47.000015,603.000000</point>
				<point>53.000015,619.000000</point>
			</points>
		</object>
		<object>
			<coordinate>pixel</coordinate>
			<type>rectangle</type>
			<description>None</description>
			<possibleresult>
				<name>Van</name>
			</possibleresult>
			<points>
				<point>43.076660,602.164246</point>
				<point>37.000015,605.000061</point>
				<point>29.923372,589.835876</point>
				<point>36.000015,587.000061</point>
				<point>43.076660,602.164246</point>
			</points>
		</object>
		<object>
			<coordinate>pixel</coordinate>
			<type>rectangle</type>
			<description>None</description>
			<possibleresult>
				<name>Small Car</name>
			</possibleresult>
			<points>
				<point>0.000000,543.000000</point>
				<point>0.000000,536.000000</point>
				<point>3.999997,534.000000</point>
				<point>10.999996,548.000000</point>
				<point>0.000000,543.000000</point>
			</points>
		</object>
		<object>
			<coordinate>pixel</coordinate>
			<type>rectangle</type>
			<description>None</description>
			<possibleresult>
				<name>Basketball Court</name>
			</possibleresult>
			<points>
				<point>203.446930,1000.000000</point>
				<point>203.446930,987.923584</point>
				<point>236.037750,987.923584</point>
				<point>236.037750,1000.000000</point>
				<point>203.446930,1000.000000</point>
			</points>
		</object>
		<object>
			<coordinate>pixel</coordinate>
			<type>rectangle</type>
			<description>None</description>
			<possibleresult>
				<name>Football Field</name>
			</possibleresult>
			<points>
				<point>566.348755,1130.995972</point>
				<point>470.000000,976.000122</point>
				<point>680.732300,845.004272</point>
				<point>777.081055,1000.000122</point>
				<point>566.348755,1130.995972</point>
			</points>
		</object>
	</objects>
</annotation>