<?xml version="1.0" encoding="utf-8"?>
<annotation>
	<source>
		<filename>1136.tif</filename>
		<origin>GF2/GF3</origin>
	</source>
	<research>
		<version>1.0</version>
		<provider>FAIR1M</provider>
		<author>Cyber</author>
		<pluginname>FAIR1M</pluginname>
		<pluginclass>object detection</pluginclass>
		<time>2021-03</time>
	</research>
	<size>
		<width>1000</width>
		<height>1000</height>
		<depth>3</depth>
	</size>
	<objects>
		<object>
			<coordinate>pixel</coordinate>
			<type>rectangle</type>
			<description>None</description>
			<possibleresult>
				<name>Small Car</name>
			</possibleresult>
			<points>
				<point>631.551819,988.379211</point>
				<point>618.551819,999.379211</point>
				<point>614.000061,993.999939</point>
				<point>627.000061,982.999939</point>
				<point>631.551819,988.379211</point>
			</points>
		</object>
		<object>
			<coordinate>pixel</coordinate>
			<type>rectangle</type>
			<description>None</description>
			<possibleresult>
				<name>Small Car</name>
			</possibleresult>
			<points>
				<point>642.000061,995.000061</point>
				<point>636.583435,1000.000000</point>
				<point>626.166809,1000.000000</point>
				<point>637.207703,989.808411</point>
				<point>642.000061,995.000061</point>
			</points>
		</object>
		<object>
			<coordinate>pixel</coordinate>
			<type>rectangle</type>
			<description>None</description>
			<possibleresult>
				<name>Van</name>
			</possibleresult>
			<points>
				<point>622.163330,980.866333</point>
				<point>611.000000,990.000000</point>
				<point>607.836670,986.133667</point>
				<point>619.000000,977.000000</point>
				<point>622.163330,980.866333</point>
			</points>
		</object>
		<object>
			<coordinate>pixel</coordinate>
			<type>rectangle</type>
			<description>None</description>
			<possibleresult>
				<name>Van</name>
			</possibleresult>
			<points>
				<point>614.999939,972.999939</point>
				<point>602.999939,982.999939</point>
				<point>599.393372,978.672058</point>
				<point>611.393372,968.672058</point>
				<point>614.999939,972.999939</point>
			</points>
		</object>
		<object>
			<coordinate>pixel</coordinate>
			<type>rectangle</type>
			<description>None</description>
			<possibleresult>
				<name>Van</name>
			</possibleresult>
			<points>
				<point>604.000061,971.000122</point>
				<point>595.360046,977.480103</point>
				<point>592.000061,973.000122</point>
				<point>600.640076,966.520142</point>
				<point>604.000061,971.000122</point>
			</points>
		</object>
		<object>
			<coordinate>pixel</coordinate>
			<type>rectangle</type>
			<description>None</description>
			<possibleresult>
				<name>Van</name>
			</possibleresult>
			<points>
				<point>622.999939,952.000000</point>
				<point>619.096619,957.074341</point>
				<point>605.999939,947.000000</point>
				<point>609.903259,941.925659</point>
				<point>622.999939,952.000000</point>
			</points>
		</object>
		<object>
			<coordinate>pixel</coordinate>
			<type>rectangle</type>
			<description>None</description>
			<possibleresult>
				<name>Van</name>
			</possibleresult>
			<points>
				<point>301.000031,929.000122</point>
				<point>296.000031,934.000122</point>
				<point>284.000031,922.000122</point>
				<point>289.000031,917.000122</point>
				<point>301.000031,929.000122</point>
			</points>
		</object>
		<object>
			<coordinate>pixel</coordinate>
			<type>rectangle</type>
			<description>None</description>
			<possibleresult>
				<name>Van</name>
			</possibleresult>
			<points>
				<point>528.000000,746.000000</point>
				<point>523.491821,751.409790</point>
				<point>511.000000,741.000000</point>
				<point>515.508179,735.590210</point>
				<point>528.000000,746.000000</point>
			</points>
		</object>
		<object>
			<coordinate>pixel</coordinate>
			<type>rectangle</type>
			<description>None</description>
			<possibleresult>
				<name>Van</name>
			</possibleresult>
			<points>
				<point>521.000000,752.000000</point>
				<point>516.999939,757.000000</point>
				<point>504.804840,747.243896</point>
				<point>508.804871,742.243896</point>
				<point>521.000000,752.000000</point>
			</points>
		</object>
		<object>
			<coordinate>pixel</coordinate>
			<type>rectangle</type>
			<description>None</description>
			<possibleresult>
				<name>Van</name>
			</possibleresult>
			<points>
				<point>512.000000,757.000061</point>
				<point>508.520020,761.640076</point>
				<point>496.520020,752.640076</point>
				<point>500.000000,748.000061</point>
				<point>512.000000,757.000061</point>
			</points>
		</object>
		<object>
			<coordinate>pixel</coordinate>
			<type>rectangle</type>
			<description>None</description>
			<possibleresult>
				<name>Van</name>
			</possibleresult>
			<points>
				<point>505.121979,764.097595</point>
				<point>502.000031,768.000061</point>
				<point>491.878082,759.902527</point>
				<point>495.000031,756.000061</point>
				<point>505.121979,764.097595</point>
			</points>
		</object>
		<object>
			<coordinate>pixel</coordinate>
			<type>rectangle</type>
			<description>None</description>
			<possibleresult>
				<name>Van</name>
			</possibleresult>
			<points>
				<point>498.609802,726.512268</point>
				<point>488.000061,735.000061</point>
				<point>484.390320,730.487854</point>
				<point>495.000061,722.000061</point>
				<point>498.609802,726.512268</point>
			</points>
		</object>
		<object>
			<coordinate>pixel</coordinate>
			<type>rectangle</type>
			<description>None</description>
			<possibleresult>
				<name>Van</name>
			</possibleresult>
			<points>
				<point>604.000061,843.000122</point>
				<point>600.000061,847.000122</point>
				<point>590.000061,837.000122</point>
				<point>594.000061,833.000122</point>
				<point>604.000061,843.000122</point>
			</points>
		</object>
		<object>
			<coordinate>pixel</coordinate>
			<type>rectangle</type>
			<description>None</description>
			<possibleresult>
				<name>Van</name>
			</possibleresult>
			<points>
				<point>621.000000,834.000061</point>
				<point>616.000000,839.000061</point>
				<point>604.000000,827.000061</point>
				<point>609.000000,822.000061</point>
				<point>621.000000,834.000061</point>
			</points>
		</object>
		<object>
			<coordinate>pixel</coordinate>
			<type>rectangle</type>
			<description>None</description>
			<possibleresult>
				<name>Van</name>
			</possibleresult>
			<points>
				<point>633.212463,842.185852</point>
				<point>629.000061,847.000061</point>
				<point>620.787659,839.814270</point>
				<point>625.000061,835.000061</point>
				<point>633.212463,842.185852</point>
			</points>
		</object>
		<object>
			<coordinate>pixel</coordinate>
			<type>rectangle</type>
			<description>None</description>
			<possibleresult>
				<name>Van</name>
			</possibleresult>
			<points>
				<point>614.000000,802.000000</point>
				<point>601.000000,814.000000</point>
				<point>595.709229,808.268311</point>
				<point>608.709229,796.268311</point>
				<point>614.000000,802.000000</point>
			</points>
		</object>
		<object>
			<coordinate>pixel</coordinate>
			<type>rectangle</type>
			<description>None</description>
			<possibleresult>
				<name>Van</name>
			</possibleresult>
			<points>
				<point>623.000061,884.000122</point>
				<point>619.000061,888.000122</point>
				<point>612.000061,881.000122</point>
				<point>616.000061,877.000122</point>
				<point>623.000061,884.000122</point>
			</points>
		</object>
		<object>
			<coordinate>pixel</coordinate>
			<type>rectangle</type>
			<description>None</description>
			<possibleresult>
				<name>Van</name>
			</possibleresult>
			<points>
				<point>954.000061,871.000061</point>
				<point>945.000061,880.000061</point>
				<point>941.000061,876.000061</point>
				<point>950.000061,867.000061</point>
				<point>954.000061,871.000061</point>
			</points>
		</object>
		<object>
			<coordinate>pixel</coordinate>
			<type>rectangle</type>
			<description>None</description>
			<possibleresult>
				<name>Small Car</name>
			</possibleresult>
			<points>
				<point>949.373779,862.654907</point>
				<point>936.373779,874.654907</point>
				<point>933.000000,871.000000</point>
				<point>946.000000,859.000000</point>
				<point>949.373779,862.654907</point>
			</points>
		</object>
		<object>
			<coordinate>pixel</coordinate>
			<type>rectangle</type>
			<description>None</description>
			<possibleresult>
				<name>Van</name>
			</possibleresult>
			<points>
				<point>938.999939,858.999878</point>
				<point>926.606506,869.327759</point>
				<point>922.999939,864.999878</point>
				<point>935.393372,854.671997</point>
				<point>938.999939,858.999878</point>
			</points>
		</object>
		<object>
			<coordinate>pixel</coordinate>
			<type>rectangle</type>
			<description>None</description>
			<possibleresult>
				<name>Van</name>
			</possibleresult>
			<points>
				<point>980.000061,737.000000</point>
				<point>971.000061,746.000000</point>
				<point>967.000061,742.000000</point>
				<point>976.000061,733.000000</point>
				<point>980.000061,737.000000</point>
			</points>
		</object>
		<object>
			<coordinate>pixel</coordinate>
			<type>rectangle</type>
			<description>None</description>
			<possibleresult>
				<name>Van</name>
			</possibleresult>
			<points>
				<point>976.000000,731.000061</point>
				<point>964.292725,740.365906</point>
				<point>960.292725,735.365906</point>
				<point>972.000000,726.000061</point>
				<point>976.000000,731.000061</point>
			</points>
		</object>
		<object>
			<coordinate>pixel</coordinate>
			<type>rectangle</type>
			<description>None</description>
			<possibleresult>
				<name>Van</name>
			</possibleresult>
			<points>
				<point>960.999878,718.999939</point>
				<point>951.751587,727.220642</point>
				<point>947.999878,722.999939</point>
				<point>957.248169,714.779236</point>
				<point>960.999878,718.999939</point>
			</points>
		</object>
		<object>
			<coordinate>pixel</coordinate>
			<type>rectangle</type>
			<description>None</description>
			<possibleresult>
				<name>Van</name>
			</possibleresult>
			<points>
				<point>958.000000,382.000031</point>
				<point>953.398926,384.683990</point>
				<point>946.398926,372.683990</point>
				<point>951.000000,370.000031</point>
				<point>958.000000,382.000031</point>
			</points>
		</object>
		<object>
			<coordinate>pixel</coordinate>
			<type>rectangle</type>
			<description>None</description>
			<possibleresult>
				<name>Van</name>
			</possibleresult>
			<points>
				<point>901.000000,978.000000</point>
				<point>891.500000,987.500000</point>
				<point>887.000000,983.000000</point>
				<point>896.500000,973.500000</point>
				<point>901.000000,978.000000</point>
			</points>
		</object>
		<object>
			<coordinate>pixel</coordinate>
			<type>rectangle</type>
			<description>None</description>
			<possibleresult>
				<name>Small Car</name>
			</possibleresult>
			<points>
				<point>951.000061,917.000061</point>
				<point>937.000061,928.000061</point>
				<point>932.176697,921.861267</point>
				<point>946.176697,910.861267</point>
				<point>951.000061,917.000061</point>
			</points>
		</object>
		<object>
			<coordinate>pixel</coordinate>
			<type>rectangle</type>
			<description>None</description>
			<possibleresult>
				<name>Small Car</name>
			</possibleresult>
			<points>
				<point>978.332336,909.693298</point>
				<point>965.000061,922.000061</point>
				<point>960.667786,917.306824</point>
				<point>974.000061,905.000061</point>
				<point>978.332336,909.693298</point>
			</points>
		</object>
		<object>
			<coordinate>pixel</coordinate>
			<type>rectangle</type>
			<description>None</description>
			<possibleresult>
				<name>Van</name>
			</possibleresult>
			<points>
				<point>969.777832,1000.000000</point>
				<point>967.801270,998.221069</point>
				<point>977.000122,988.000122</point>
				<point>981.198975,991.779175</point>
				<point>969.777832,1000.000000</point>
			</points>
		</object>
		<object>
			<coordinate>pixel</coordinate>
			<type>rectangle</type>
			<description>None</description>
			<possibleresult>
				<name>Van</name>
			</possibleresult>
			<points>
				<point>973.416260,989.302734</point>
				<point>970.000000,994.000000</point>
				<point>959.000000,986.000000</point>
				<point>962.416260,981.302734</point>
				<point>973.416260,989.302734</point>
			</points>
		</object>
		<object>
			<coordinate>pixel</coordinate>
			<type>rectangle</type>
			<description>None</description>
			<possibleresult>
				<name>Van</name>
			</possibleresult>
			<points>
				<point>79.129440,662.917664</point>
				<point>68.000031,670.000061</point>
				<point>64.870621,665.082458</point>
				<point>76.000031,658.000061</point>
				<point>79.129440,662.917664</point>
			</points>
		</object>
		<object>
			<coordinate>pixel</coordinate>
			<type>rectangle</type>
			<description>None</description>
			<possibleresult>
				<name>Van</name>
			</possibleresult>
			<points>
				<point>108.384605,663.076904</point>
				<point>106.999992,670.000000</point>
				<point>91.615379,666.923096</point>
				<point>92.999992,660.000000</point>
				<point>108.384605,663.076904</point>
			</points>
		</object>
		<object>
			<coordinate>pixel</coordinate>
			<type>rectangle</type>
			<description>None</description>
			<possibleresult>
				<name>Van</name>
			</possibleresult>
			<points>
				<point>122.000015,664.000061</point>
				<point>117.500015,668.500061</point>
				<point>108.000015,659.000061</point>
				<point>112.500015,654.500061</point>
				<point>122.000015,664.000061</point>
			</points>
		</object>
		<object>
			<coordinate>pixel</coordinate>
			<type>rectangle</type>
			<description>None</description>
			<possibleresult>
				<name>Van</name>
			</possibleresult>
			<points>
				<point>131.000015,658.000061</point>
				<point>127.221016,662.198914</point>
				<point>117.000015,653.000061</point>
				<point>120.779015,648.801208</point>
				<point>131.000015,658.000061</point>
			</points>
		</object>
		<object>
			<coordinate>pixel</coordinate>
			<type>rectangle</type>
			<description>None</description>
			<possibleresult>
				<name>Van</name>
			</possibleresult>
			<points>
				<point>170.999985,618.000061</point>
				<point>159.999985,629.000061</point>
				<point>155.499985,624.500061</point>
				<point>166.499985,613.500061</point>
				<point>170.999985,618.000061</point>
			</points>
		</object>
		<object>
			<coordinate>pixel</coordinate>
			<type>rectangle</type>
			<description>None</description>
			<possibleresult>
				<name>Van</name>
			</possibleresult>
			<points>
				<point>178.000000,624.000000</point>
				<point>167.000000,635.000000</point>
				<point>162.500000,630.500000</point>
				<point>173.500000,619.500000</point>
				<point>178.000000,624.000000</point>
			</points>
		</object>
		<object>
			<coordinate>pixel</coordinate>
			<type>rectangle</type>
			<description>None</description>
			<possibleresult>
				<name>Van</name>
			</possibleresult>
			<points>
				<point>185.717285,629.393066</point>
				<point>172.717285,640.393066</point>
				<point>169.000031,636.000000</point>
				<point>182.000031,625.000000</point>
				<point>185.717285,629.393066</point>
			</points>
		</object>
		<object>
			<coordinate>pixel</coordinate>
			<type>rectangle</type>
			<description>None</description>
			<possibleresult>
				<name>Van</name>
			</possibleresult>
			<points>
				<point>193.348450,635.683228</point>
				<point>182.000031,646.000000</point>
				<point>178.651611,642.316772</point>
				<point>190.000031,632.000000</point>
				<point>193.348450,635.683228</point>
			</points>
		</object>
		<object>
			<coordinate>pixel</coordinate>
			<type>rectangle</type>
			<description>None</description>
			<possibleresult>
				<name>Van</name>
			</possibleresult>
			<points>
				<point>199.538437,644.307678</point>
				<point>187.538437,652.307678</point>
				<point>183.999985,646.999939</point>
				<point>195.999985,638.999939</point>
				<point>199.538437,644.307678</point>
			</points>
		</object>
		<object>
			<coordinate>pixel</coordinate>
			<type>rectangle</type>
			<description>None</description>
			<possibleresult>
				<name>Van</name>
			</possibleresult>
			<points>
				<point>169.000015,665.000000</point>
				<point>159.000015,673.000000</point>
				<point>155.000015,668.000000</point>
				<point>165.000015,660.000000</point>
				<point>169.000015,665.000000</point>
			</points>
		</object>
		<object>
			<coordinate>pixel</coordinate>
			<type>rectangle</type>
			<description>None</description>
			<possibleresult>
				<name>Van</name>
			</possibleresult>
			<points>
				<point>149.292679,646.365845</point>
				<point>135.999985,657.000000</point>
				<point>131.512192,651.390259</point>
				<point>144.804886,640.756104</point>
				<point>149.292679,646.365845</point>
			</points>
		</object>
		<object>
			<coordinate>pixel</coordinate>
			<type>rectangle</type>
			<description>None</description>
			<possibleresult>
				<name>Van</name>
			</possibleresult>
			<points>
				<point>139.999969,642.000000</point>
				<point>129.999969,650.000000</point>
				<point>125.999969,645.000000</point>
				<point>135.999969,637.000000</point>
				<point>139.999969,642.000000</point>
			</points>
		</object>
		<object>
			<coordinate>pixel</coordinate>
			<type>rectangle</type>
			<description>None</description>
			<possibleresult>
				<name>Dump Truck</name>
			</possibleresult>
			<points>
				<point>160.446152,661.430786</point>
				<point>151.446152,668.430786</point>
				<point>147.999985,664.000000</point>
				<point>156.999985,657.000000</point>
				<point>160.446152,661.430786</point>
			</points>
		</object>
		<object>
			<coordinate>pixel</coordinate>
			<type>rectangle</type>
			<description>None</description>
			<possibleresult>
				<name>Dump Truck</name>
			</possibleresult>
			<points>
				<point>156.500015,651.500061</point>
				<point>144.000015,664.000061</point>
				<point>139.000015,659.000061</point>
				<point>151.500015,646.500061</point>
				<point>156.500015,651.500061</point>
			</points>
		</object>
		<object>
			<coordinate>pixel</coordinate>
			<type>rectangle</type>
			<description>None</description>
			<possibleresult>
				<name>Dump Truck</name>
			</possibleresult>
			<points>
				<point>167.000000,611.000061</point>
				<point>156.512207,619.390320</point>
				<point>153.000000,615.000061</point>
				<point>163.487793,606.609802</point>
				<point>167.000000,611.000061</point>
			</points>
		</object>
		<object>
			<coordinate>pixel</coordinate>
			<type>rectangle</type>
			<description>None</description>
			<possibleresult>
				<name>Van</name>
			</possibleresult>
			<points>
				<point>305.500000,551.500061</point>
				<point>301.000000,556.000061</point>
				<point>291.500000,546.500061</point>
				<point>296.000000,542.000061</point>
				<point>305.500000,551.500061</point>
			</points>
		</object>
		<object>
			<coordinate>pixel</coordinate>
			<type>rectangle</type>
			<description>None</description>
			<possibleresult>
				<name>Small Car</name>
			</possibleresult>
			<points>
				<point>313.054474,544.044617</point>
				<point>309.000031,549.000061</point>
				<point>297.945587,539.955505</point>
				<point>302.000031,535.000061</point>
				<point>313.054474,544.044617</point>
			</points>
		</object>
		<object>
			<coordinate>pixel</coordinate>
			<type>rectangle</type>
			<description>None</description>
			<possibleresult>
				<name>Van</name>
			</possibleresult>
			<points>
				<point>456.999969,422.999969</point>
				<point>452.113739,427.134430</point>
				<point>440.999969,413.999969</point>
				<point>445.886200,409.865509</point>
				<point>456.999969,422.999969</point>
			</points>
		</object>
		<object>
			<coordinate>pixel</coordinate>
			<type>rectangle</type>
			<description>None</description>
			<possibleresult>
				<name>Van</name>
			</possibleresult>
			<points>
				<point>448.000000,427.000061</point>
				<point>443.500000,431.500061</point>
				<point>432.500000,420.500061</point>
				<point>437.000000,416.000061</point>
				<point>448.000000,427.000061</point>
			</points>
		</object>
		<object>
			<coordinate>pixel</coordinate>
			<type>rectangle</type>
			<description>None</description>
			<possibleresult>
				<name>Van</name>
			</possibleresult>
			<points>
				<point>441.500061,434.500061</point>
				<point>436.500061,439.500061</point>
				<point>424.000061,427.000061</point>
				<point>429.000061,422.000061</point>
				<point>441.500061,434.500061</point>
			</points>
		</object>
		<object>
			<coordinate>pixel</coordinate>
			<type>rectangle</type>
			<description>None</description>
			<possibleresult>
				<name>Small Car</name>
			</possibleresult>
			<points>
				<point>479.600037,402.200043</point>
				<point>461.600037,411.200043</point>
				<point>459.000061,406.000031</point>
				<point>477.000061,397.000031</point>
				<point>479.600037,402.200043</point>
			</points>
		</object>
		<object>
			<coordinate>pixel</coordinate>
			<type>rectangle</type>
			<description>None</description>
			<possibleresult>
				<name>Small Car</name>
			</possibleresult>
			<points>
				<point>879.000122,48.000008</point>
				<point>867.000122,60.000008</point>
				<point>862.000122,55.000008</point>
				<point>874.000122,43.000008</point>
				<point>879.000122,48.000008</point>
			</points>
		</object>
		<object>
			<coordinate>pixel</coordinate>
			<type>rectangle</type>
			<description>None</description>
			<possibleresult>
				<name>Van</name>
			</possibleresult>
			<points>
				<point>767.751160,126.226242</point>
				<point>756.751160,136.226242</point>
				<point>752.000061,130.999985</point>
				<point>763.000061,120.999985</point>
				<point>767.751160,126.226242</point>
			</points>
		</object>
		<object>
			<coordinate>pixel</coordinate>
			<type>rectangle</type>
			<description>None</description>
			<possibleresult>
				<name>Van</name>
			</possibleresult>
			<points>
				<point>768.230652,63.153847</point>
				<point>764.999939,68.000000</point>
				<point>749.769226,57.846153</point>
				<point>752.999939,53.000000</point>
				<point>768.230652,63.153847</point>
			</points>
		</object>
		<object>
			<coordinate>pixel</coordinate>
			<type>rectangle</type>
			<description>None</description>
			<possibleresult>
				<name>Cargo Truck</name>
			</possibleresult>
			<points>
				<point>0.000000,26.000000</point>
				<point>0.000000,15.666668</point>
				<point>5.114212,15.666668</point>
				<point>5.114212,26.000000</point>
				<point>0.000000,26.000000</point>
			</points>
		</object>
		<object>
			<coordinate>pixel</coordinate>
			<type>rectangle</type>
			<description>None</description>
			<possibleresult>
				<name>Van</name>
			</possibleresult>
			<points>
				<point>373.000031,346.000031</point>
				<point>368.000031,351.000031</point>
				<point>355.500031,338.500031</point>
				<point>360.500031,333.500031</point>
				<point>373.000031,346.000031</point>
			</points>
		</object>
		<object>
			<coordinate>pixel</coordinate>
			<type>rectangle</type>
			<description>None</description>
			<possibleresult>
				<name>Van</name>
			</possibleresult>
			<points>
				<point>478.000031,297.000000</point>
				<point>474.000031,301.000000</point>
				<point>464.000031,291.000000</point>
				<point>468.000031,287.000000</point>
				<point>478.000031,297.000000</point>
			</points>
		</object>
		<object>
			<coordinate>pixel</coordinate>
			<type>rectangle</type>
			<description>None</description>
			<possibleresult>
				<name>Van</name>
			</possibleresult>
			<points>
				<point>502.500031,281.500000</point>
				<point>498.000031,286.000000</point>
				<point>486.000031,274.000000</point>
				<point>490.500031,269.500000</point>
				<point>502.500031,281.500000</point>
			</points>
		</object>
		<object>
			<coordinate>pixel</coordinate>
			<type>rectangle</type>
			<description>None</description>
			<possibleresult>
				<name>Van</name>
			</possibleresult>
			<points>
				<point>508.000031,275.000000</point>
				<point>504.000031,279.000000</point>
				<point>495.000031,270.000000</point>
				<point>499.000031,266.000000</point>
				<point>508.000031,275.000000</point>
			</points>
		</object>
		<object>
			<coordinate>pixel</coordinate>
			<type>rectangle</type>
			<description>None</description>
			<possibleresult>
				<name>Van</name>
			</possibleresult>
			<points>
				<point>515.500061,269.500031</point>
				<point>511.000061,274.000031</point>
				<point>501.500061,264.500031</point>
				<point>506.000061,260.000031</point>
				<point>515.500061,269.500031</point>
			</points>
		</object>
		<object>
			<coordinate>pixel</coordinate>
			<type>rectangle</type>
			<description>None</description>
			<possibleresult>
				<name>Van</name>
			</possibleresult>
			<points>
				<point>526.000000,265.000000</point>
				<point>520.500000,270.500000</point>
				<point>509.000000,259.000000</point>
				<point>514.500000,253.500000</point>
				<point>526.000000,265.000000</point>
			</points>
		</object>
		<object>
			<coordinate>pixel</coordinate>
			<type>rectangle</type>
			<description>None</description>
			<possibleresult>
				<name>Van</name>
			</possibleresult>
			<points>
				<point>530.000061,258.000061</point>
				<point>525.000061,263.000061</point>
				<point>514.000061,252.000046</point>
				<point>519.000061,247.000031</point>
				<point>530.000061,258.000061</point>
			</points>
		</object>
		<object>
			<coordinate>pixel</coordinate>
			<type>rectangle</type>
			<description>None</description>
			<possibleresult>
				<name>Van</name>
			</possibleresult>
			<points>
				<point>538.000000,253.999954</point>
				<point>533.207642,259.191650</point>
				<point>520.000000,246.999954</point>
				<point>524.792358,241.808258</point>
				<point>538.000000,253.999954</point>
			</points>
		</object>
		<object>
			<coordinate>pixel</coordinate>
			<type>rectangle</type>
			<description>None</description>
			<possibleresult>
				<name>Small Car</name>
			</possibleresult>
			<points>
				<point>486.000061,291.000031</point>
				<point>481.000061,296.000031</point>
				<point>469.000061,284.000031</point>
				<point>474.000061,279.000031</point>
				<point>486.000061,291.000031</point>
			</points>
		</object>
		<object>
			<coordinate>pixel</coordinate>
			<type>rectangle</type>
			<description>None</description>
			<possibleresult>
				<name>Van</name>
			</possibleresult>
			<points>
				<point>659.480042,845.360046</point>
				<point>656.000061,850.000061</point>
				<point>643.520081,840.640076</point>
				<point>647.000061,836.000061</point>
				<point>659.480042,845.360046</point>
			</points>
		</object>
		<object>
			<coordinate>pixel</coordinate>
			<type>rectangle</type>
			<description>None</description>
			<possibleresult>
				<name>Cargo Truck</name>
			</possibleresult>
			<points>
				<point>647.000061,896.000122</point>
				<point>636.000061,907.000122</point>
				<point>631.500061,902.500122</point>
				<point>642.500061,891.500122</point>
				<point>647.000061,896.000122</point>
			</points>
		</object>
		<object>
			<coordinate>pixel</coordinate>
			<type>rectangle</type>
			<description>None</description>
			<possibleresult>
				<name>Van</name>
			</possibleresult>
			<points>
				<point>399.500031,469.500031</point>
				<point>395.000031,474.000031</point>
				<point>385.000031,464.000031</point>
				<point>389.500031,459.500031</point>
				<point>399.500031,469.500031</point>
			</points>
		</object>
		<object>
			<coordinate>pixel</coordinate>
			<type>rectangle</type>
			<description>None</description>
			<possibleresult>
				<name>Van</name>
			</possibleresult>
			<points>
				<point>383.500000,466.500031</point>
				<point>379.500000,470.500031</point>
				<point>371.000000,462.000031</point>
				<point>375.000000,458.000031</point>
				<point>383.500000,466.500031</point>
			</points>
		</object>
	</objects>
</annotation>