<?xml version="1.0" encoding="utf-8"?>
<annotation>
	<source>
		<filename>1139.tif</filename>
		<origin>GF2/GF3</origin>
	</source>
	<research>
		<version>1.0</version>
		<provider>FAIR1M</provider>
		<author>Cyber</author>
		<pluginname>FAIR1M</pluginname>
		<pluginclass>object detection</pluginclass>
		<time>2021-03</time>
	</research>
	<size>
		<width>1500</width>
		<height>1500</height>
		<depth>3</depth>
	</size>
	<objects>
		<object>
			<coordinate>pixel</coordinate>
			<type>rectangle</type>
			<description>None</description>
			<possibleresult>
				<name>Dry Cargo Ship</name>
			</possibleresult>
			<points>
				<point>88.000000,1270.000000</point>
				<point>189.000000,1344.000000</point>
				<point>211.000000,1313.000000</point>
				<point>111.000000,1239.000000</point>
				<point>88.000000,1270.000000</point>
			</points>
		</object>
		<object>
			<coordinate>pixel</coordinate>
			<type>rectangle</type>
			<description>None</description>
			<possibleresult>
				<name>Dry Cargo Ship</name>
			</possibleresult>
			<points>
				<point>233.000000,1330.000000</point>
				<point>300.000000,1420.000000</point>
				<point>335.000000,1394.000000</point>
				<point>268.000000,1304.000000</point>
				<point>233.000000,1330.000000</point>
			</points>
		</object>
	</objects>
</annotation>