<?xml version="1.0" encoding="utf-8"?>
<annotation>
	<source>
		<filename>1144.tif</filename>
		<origin>GF2/GF3</origin>
	</source>
	<research>
		<version>1.0</version>
		<provider>FAIR1M</provider>
		<author>Cyber</author>
		<pluginname>FAIR1M</pluginname>
		<pluginclass>object detection</pluginclass>
		<time>2021-03</time>
	</research>
	<size>
		<width>1000</width>
		<height>1000</height>
		<depth>3</depth>
	</size>
	<objects>
		<object>
			<coordinate>pixel</coordinate>
			<type>rectangle</type>
			<description>None</description>
			<possibleresult>
				<name>other-vehicle</name>
			</possibleresult>
			<points>
				<point>133.000015,598.000061</point>
				<point>94.743256,604.040588</point>
				<point>93.000015,593.000061</point>
				<point>131.256775,586.959534</point>
				<point>133.000015,598.000061</point>
			</points>
		</object>
		<object>
			<coordinate>pixel</coordinate>
			<type>rectangle</type>
			<description>None</description>
			<possibleresult>
				<name>Baseball Field</name>
			</possibleresult>
			<points>
				<point>892.000000,490.000000</point>
				<point>769.000000,581.000000</point>
				<point>690.248657,474.555847</point>
				<point>813.248657,383.555847</point>
				<point>892.000000,490.000000</point>
			</points>
		</object>
		<object>
			<coordinate>pixel</coordinate>
			<type>rectangle</type>
			<description>None</description>
			<possibleresult>
				<name>Baseball Field</name>
			</possibleresult>
			<points>
				<point>886.047485,235.024353</point>
				<point>826.000000,352.000000</point>
				<point>675.593750,274.791443</point>
				<point>735.641235,157.815796</point>
				<point>886.047485,235.024353</point>
			</points>
		</object>
		<object>
			<coordinate>pixel</coordinate>
			<type>rectangle</type>
			<description>None</description>
			<possibleresult>
				<name>Small Car</name>
			</possibleresult>
			<points>
				<point>971.225769,366.857452</point>
				<point>952.000061,379.000031</point>
				<point>945.774353,369.142609</point>
				<point>965.000061,357.000031</point>
				<point>971.225769,366.857452</point>
			</points>
		</object>
	</objects>
</annotation>