<?xml version="1.0" encoding="utf-8"?>
<annotation>
	<source>
		<filename>1147.tif</filename>
		<origin>GF2/GF3</origin>
	</source>
	<research>
		<version>1.0</version>
		<provider>FAIR1M</provider>
		<author>Cyber</author>
		<pluginname>FAIR1M</pluginname>
		<pluginclass>object detection</pluginclass>
		<time>2021-03</time>
	</research>
	<size>
		<width>1000</width>
		<height>1000</height>
		<depth>3</depth>
	</size>
	<objects>
		<object>
			<coordinate>pixel</coordinate>
			<type>rectangle</type>
			<description>None</description>
			<possibleresult>
				<name>Small Car</name>
			</possibleresult>
			<points>
				<point>903.097534,892.878113</point>
				<point>895.097534,902.878113</point>
				<point>889.000000,898.000061</point>
				<point>897.000000,888.000061</point>
				<point>903.097534,892.878113</point>
			</points>
		</object>
		<object>
			<coordinate>pixel</coordinate>
			<type>rectangle</type>
			<description>None</description>
			<possibleresult>
				<name>Bridge</name>
			</possibleresult>
			<points>
				<point>997.754395,366.479248</point>
				<point>979.000000,396.000000</point>
				<point>723.245605,233.520752</point>
				<point>742.000000,204.000000</point>
				<point>997.754395,366.479248</point>
			</points>
		</object>
		<object>
			<coordinate>pixel</coordinate>
			<type>rectangle</type>
			<description>None</description>
			<possibleresult>
				<name>Van</name>
			</possibleresult>
			<points>
				<point>526.000000,80.000000</point>
				<point>521.449463,87.280899</point>
				<point>505.000000,77.000000</point>
				<point>509.550537,69.719101</point>
				<point>526.000000,80.000000</point>
			</points>
		</object>
		<object>
			<coordinate>pixel</coordinate>
			<type>rectangle</type>
			<description>None</description>
			<possibleresult>
				<name>Motorboat</name>
			</possibleresult>
			<points>
				<point>525.924072,379.008759</point>
				<point>499.924072,382.008759</point>
				<point>499.000000,373.999969</point>
				<point>525.000000,370.999969</point>
				<point>525.924072,379.008759</point>
			</points>
		</object>
		<object>
			<coordinate>pixel</coordinate>
			<type>rectangle</type>
			<description>None</description>
			<possibleresult>
				<name>Small Car</name>
			</possibleresult>
			<points>
				<point>275.124390,922.080383</point>
				<point>270.000000,929.999939</point>
				<point>252.875610,918.919495</point>
				<point>258.000000,910.999939</point>
				<point>275.124390,922.080383</point>
			</points>
		</object>
		<object>
			<coordinate>pixel</coordinate>
			<type>rectangle</type>
			<description>None</description>
			<possibleresult>
				<name>Van</name>
			</possibleresult>
			<points>
				<point>850.750000,1000.000000</point>
				<point>840.500000,1000.000000</point>
				<point>833.000061,994.000061</point>
				<point>837.000061,989.000061</point>
				<point>850.750000,1000.000000</point>
			</points>
		</object>
		<object>
			<coordinate>pixel</coordinate>
			<type>rectangle</type>
			<description>None</description>
			<possibleresult>
				<name>Small Car</name>
			</possibleresult>
			<points>
				<point>892.000000,902.000000</point>
				<point>879.731689,915.290771</point>
				<point>874.000000,910.000000</point>
				<point>886.268311,896.709229</point>
				<point>892.000000,902.000000</point>
			</points>
		</object>
		<object>
			<coordinate>pixel</coordinate>
			<type>rectangle</type>
			<description>None</description>
			<possibleresult>
				<name>Small Car</name>
			</possibleresult>
			<points>
				<point>598.500000,851.500061</point>
				<point>585.500000,864.500061</point>
				<point>580.000000,859.000061</point>
				<point>593.000000,846.000061</point>
				<point>598.500000,851.500061</point>
			</points>
		</object>
		<object>
			<coordinate>pixel</coordinate>
			<type>rectangle</type>
			<description>None</description>
			<possibleresult>
				<name>Dump Truck</name>
			</possibleresult>
			<points>
				<point>286.000000,99.000000</point>
				<point>258.000000,99.000000</point>
				<point>258.000000,91.000000</point>
				<point>286.000000,91.000000</point>
				<point>286.000000,99.000000</point>
			</points>
		</object>
		<object>
			<coordinate>pixel</coordinate>
			<type>rectangle</type>
			<description>None</description>
			<possibleresult>
				<name>Dump Truck</name>
			</possibleresult>
			<points>
				<point>287.000031,86.000008</point>
				<point>258.000031,88.000008</point>
				<point>257.377533,78.973976</point>
				<point>286.377533,76.973976</point>
				<point>287.000031,86.000008</point>
			</points>
		</object>
		<object>
			<coordinate>pixel</coordinate>
			<type>rectangle</type>
			<description>None</description>
			<possibleresult>
				<name>Bridge</name>
			</possibleresult>
			<points>
				<point>167.000000,900.000000</point>
				<point>-27.168610,777.013428</point>
				<point>-0.000031,734.120239</point>
				<point>194.168579,857.106812</point>
				<point>167.000000,900.000000</point>
			</points>
		</object>
		<object>
			<coordinate>pixel</coordinate>
			<type>rectangle</type>
			<description>None</description>
			<possibleresult>
				<name>Small Car</name>
			</possibleresult>
			<points>
				<point>120.999985,825.999878</point>
				<point>116.316330,833.205444</point>
				<point>95.999985,819.999878</point>
				<point>100.683640,812.794312</point>
				<point>120.999985,825.999878</point>
			</points>
		</object>
		<object>
			<coordinate>pixel</coordinate>
			<type>rectangle</type>
			<description>None</description>
			<possibleresult>
				<name>other-airplane</name>
			</possibleresult>
			<points>
				<point>572.500000,18.816320</point>
				<point>531.520020,18.816315</point>
				<point>531.520020,-0.000002</point>
				<point>572.500000,0.000004</point>
				<point>572.500000,18.816320</point>
			</points>
		</object>
		<object>
			<coordinate>pixel</coordinate>
			<type>rectangle</type>
			<description>None</description>
			<possibleresult>
				<name>other-ship</name>
			</possibleresult>
			<points>
				<point>385.999969,344.000000</point>
				<point>348.999969,347.000000</point>
				<point>348.429596,339.965149</point>
				<point>385.429596,336.965149</point>
				<point>385.999969,344.000000</point>
			</points>
		</object>
		<object>
			<coordinate>pixel</coordinate>
			<type>rectangle</type>
			<description>None</description>
			<possibleresult>
				<name>Motorboat</name>
			</possibleresult>
			<points>
				<point>328.281128,350.028778</point>
				<point>303.281128,351.028778</point>
				<point>303.000000,344.000031</point>
				<point>328.000000,343.000031</point>
				<point>328.281128,350.028778</point>
			</points>
		</object>
		<object>
			<coordinate>pixel</coordinate>
			<type>rectangle</type>
			<description>None</description>
			<possibleresult>
				<name>Motorboat</name>
			</possibleresult>
			<points>
				<point>294.000000,355.000000</point>
				<point>269.000000,356.000000</point>
				<point>268.678894,347.972839</point>
				<point>293.678894,346.972839</point>
				<point>294.000000,355.000000</point>
			</points>
		</object>
		<object>
			<coordinate>pixel</coordinate>
			<type>rectangle</type>
			<description>None</description>
			<possibleresult>
				<name>other-ship</name>
			</possibleresult>
			<points>
				<point>262.431152,358.976685</point>
				<point>224.999985,361.000000</point>
				<point>224.568802,353.023315</point>
				<point>262.000000,351.000000</point>
				<point>262.431152,358.976685</point>
			</points>
		</object>
		<object>
			<coordinate>pixel</coordinate>
			<type>rectangle</type>
			<description>None</description>
			<possibleresult>
				<name>Motorboat</name>
			</possibleresult>
			<points>
				<point>266.000000,376.000000</point>
				<point>239.924072,379.008789</point>
				<point>238.999969,371.000000</point>
				<point>265.075897,367.991211</point>
				<point>266.000000,376.000000</point>
			</points>
		</object>
		<object>
			<coordinate>pixel</coordinate>
			<type>rectangle</type>
			<description>None</description>
			<possibleresult>
				<name>Motorboat</name>
			</possibleresult>
			<points>
				<point>297.273041,371.956299</point>
				<point>272.000031,376.000000</point>
				<point>270.727020,368.043701</point>
				<point>296.000031,364.000000</point>
				<point>297.273041,371.956299</point>
			</points>
		</object>
		<object>
			<coordinate>pixel</coordinate>
			<type>rectangle</type>
			<description>None</description>
			<possibleresult>
				<name>other-ship</name>
			</possibleresult>
			<points>
				<point>335.000000,373.000000</point>
				<point>305.931763,376.007080</point>
				<point>305.000000,367.000000</point>
				<point>334.068237,363.992920</point>
				<point>335.000000,373.000000</point>
			</points>
		</object>
		<object>
			<coordinate>pixel</coordinate>
			<type>rectangle</type>
			<description>None</description>
			<possibleresult>
				<name>Motorboat</name>
			</possibleresult>
			<points>
				<point>361.078888,370.990601</point>
				<point>336.000031,374.000061</point>
				<point>334.921173,365.009521</point>
				<point>360.000031,362.000061</point>
				<point>361.078888,370.990601</point>
			</points>
		</object>
		<object>
			<coordinate>pixel</coordinate>
			<type>rectangle</type>
			<description>None</description>
			<possibleresult>
				<name>other-ship</name>
			</possibleresult>
			<points>
				<point>397.109009,364.984863</point>
				<point>361.109009,369.984863</point>
				<point>360.000000,362.000000</point>
				<point>396.000000,357.000000</point>
				<point>397.109009,364.984863</point>
			</points>
		</object>
		<object>
			<coordinate>pixel</coordinate>
			<type>rectangle</type>
			<description>None</description>
			<possibleresult>
				<name>other-ship</name>
			</possibleresult>
			<points>
				<point>363.000000,400.000061</point>
				<point>326.000000,403.000061</point>
				<point>325.349060,394.971741</point>
				<point>362.349060,391.971741</point>
				<point>363.000000,400.000061</point>
			</points>
		</object>
		<object>
			<coordinate>pixel</coordinate>
			<type>rectangle</type>
			<description>None</description>
			<possibleresult>
				<name>Motorboat</name>
			</possibleresult>
			<points>
				<point>79.120758,956.977478</point>
				<point>63.000000,960.000061</point>
				<point>61.879242,954.022644</point>
				<point>78.000000,951.000061</point>
				<point>79.120758,956.977478</point>
			</points>
		</object>
		<object>
			<coordinate>pixel</coordinate>
			<type>rectangle</type>
			<description>None</description>
			<possibleresult>
				<name>other-ship</name>
			</possibleresult>
			<points>
				<point>104.000008,928.000000</point>
				<point>99.510399,934.360229</point>
				<point>82.510399,922.360229</point>
				<point>87.000008,916.000000</point>
				<point>104.000008,928.000000</point>
			</points>
		</object>
		<object>
			<coordinate>pixel</coordinate>
			<type>rectangle</type>
			<description>None</description>
			<possibleresult>
				<name>other-ship</name>
			</possibleresult>
			<points>
				<point>74.409813,924.491760</point>
				<point>56.999977,938.999939</point>
				<point>51.508171,932.409729</point>
				<point>68.918007,917.901550</point>
				<point>74.409813,924.491760</point>
			</points>
		</object>
	</objects>
</annotation>