<?xml version="1.0" encoding="utf-8"?>
<annotation>
	<source>
		<filename>1148.tif</filename>
		<origin>GF2/GF3</origin>
	</source>
	<research>
		<version>1.0</version>
		<provider>FAIR1M</provider>
		<author>Cyber</author>
		<pluginname>FAIR1M</pluginname>
		<pluginclass>object detection</pluginclass>
		<time>2021-03</time>
	</research>
	<size>
		<width>1000</width>
		<height>1000</height>
		<depth>3</depth>
	</size>
	<objects>
		<object>
			<coordinate>pixel</coordinate>
			<type>rectangle</type>
			<description>None</description>
			<possibleresult>
				<name>Intersection</name>
			</possibleresult>
			<points>
				<point>929.000000,665.000061</point>
				<point>903.000000,673.000061</point>
				<point>894.351318,644.891907</point>
				<point>920.351318,636.891907</point>
				<point>929.000000,665.000061</point>
			</points>
		</object>
		<object>
			<coordinate>pixel</coordinate>
			<type>rectangle</type>
			<description>None</description>
			<possibleresult>
				<name>Football Field</name>
			</possibleresult>
			<points>
				<point>921.315063,1116.556641</point>
				<point>681.999878,955.000000</point>
				<point>824.467041,743.962158</point>
				<point>1063.782227,905.518799</point>
				<point>921.315063,1116.556641</point>
			</points>
		</object>
		<object>
			<coordinate>pixel</coordinate>
			<type>rectangle</type>
			<description>None</description>
			<possibleresult>
				<name>Tennis Court</name>
			</possibleresult>
			<points>
				<point>0.119466,1001.792053</point>
				<point>-5.207969,921.880554</point>
				<point>23.000004,920.000061</point>
				<point>28.327438,999.911560</point>
				<point>0.119466,1001.792053</point>
			</points>
		</object>
		<object>
			<coordinate>pixel</coordinate>
			<type>rectangle</type>
			<description>None</description>
			<possibleresult>
				<name>Tennis Court</name>
			</possibleresult>
			<points>
				<point>90.000015,997.000000</point>
				<point>45.068188,1000.000000</point>
				<point>39.547565,919.030884</point>
				<point>84.475082,915.967651</point>
				<point>90.000015,997.000000</point>
			</points>
		</object>
		<object>
			<coordinate>pixel</coordinate>
			<type>rectangle</type>
			<description>None</description>
			<possibleresult>
				<name>Tennis Court</name>
			</possibleresult>
			<points>
				<point>167.000000,990.000061</point>
				<point>121.014954,992.299255</point>
				<point>117.000000,911.999939</point>
				<point>162.985046,909.700745</point>
				<point>167.000000,990.000061</point>
			</points>
		</object>
		<object>
			<coordinate>pixel</coordinate>
			<type>rectangle</type>
			<description>None</description>
			<possibleresult>
				<name>Tennis Court</name>
			</possibleresult>
			<points>
				<point>229.000000,987.000061</point>
				<point>184.047821,989.774841</point>
				<point>179.047821,908.774841</point>
				<point>224.000000,906.000061</point>
				<point>229.000000,987.000061</point>
			</points>
		</object>
		<object>
			<coordinate>pixel</coordinate>
			<type>rectangle</type>
			<description>None</description>
			<possibleresult>
				<name>Football Field</name>
			</possibleresult>
			<points>
				<point>509.000000,716.000000</point>
				<point>339.958832,845.881104</point>
				<point>117.999992,557.000000</point>
				<point>287.041168,427.118896</point>
				<point>509.000000,716.000000</point>
			</points>
		</object>
		<object>
			<coordinate>pixel</coordinate>
			<type>rectangle</type>
			<description>None</description>
			<possibleresult>
				<name>Football Field</name>
			</possibleresult>
			<points>
				<point>847.000000,611.000061</point>
				<point>638.582031,770.624573</point>
				<point>380.000000,433.000061</point>
				<point>588.417969,273.375549</point>
				<point>847.000000,611.000061</point>
			</points>
		</object>
		<object>
			<coordinate>pixel</coordinate>
			<type>rectangle</type>
			<description>None</description>
			<possibleresult>
				<name>Baseball Field</name>
			</possibleresult>
			<points>
				<point>290.059326,313.978149</point>
				<point>96.999985,385.000000</point>
				<point>35.940659,219.021835</point>
				<point>228.999985,148.000000</point>
				<point>290.059326,313.978149</point>
			</points>
		</object>
		<object>
			<coordinate>pixel</coordinate>
			<type>rectangle</type>
			<description>None</description>
			<possibleresult>
				<name>Small Car</name>
			</possibleresult>
			<points>
				<point>828.917480,104.275230</point>
				<point>826.000000,114.000008</point>
				<point>805.082520,107.724785</point>
				<point>808.000000,98.000008</point>
				<point>828.917480,104.275230</point>
			</points>
		</object>
		<object>
			<coordinate>pixel</coordinate>
			<type>rectangle</type>
			<description>None</description>
			<possibleresult>
				<name>Van</name>
			</possibleresult>
			<points>
				<point>618.000122,877.000000</point>
				<point>614.600098,883.800049</point>
				<point>598.600098,875.800049</point>
				<point>602.000122,869.000000</point>
				<point>618.000122,877.000000</point>
			</points>
		</object>
		<object>
			<coordinate>pixel</coordinate>
			<type>rectangle</type>
			<description>None</description>
			<possibleresult>
				<name>Small Car</name>
			</possibleresult>
			<points>
				<point>569.999939,790.999878</point>
				<point>563.999939,794.999878</point>
				<point>555.999939,782.999878</point>
				<point>561.999939,778.999878</point>
				<point>569.999939,790.999878</point>
			</points>
		</object>
		<object>
			<coordinate>pixel</coordinate>
			<type>rectangle</type>
			<description>None</description>
			<possibleresult>
				<name>Small Car</name>
			</possibleresult>
			<points>
				<point>563.064941,796.101074</point>
				<point>557.000000,800.000000</point>
				<point>547.935059,785.898926</point>
				<point>554.000000,782.000000</point>
				<point>563.064941,796.101074</point>
			</points>
		</object>
		<object>
			<coordinate>pixel</coordinate>
			<type>rectangle</type>
			<description>None</description>
			<possibleresult>
				<name>Small Car</name>
			</possibleresult>
			<points>
				<point>545.499939,801.500122</point>
				<point>539.999939,807.000122</point>
				<point>528.499939,795.500122</point>
				<point>533.999939,790.000122</point>
				<point>545.499939,801.500122</point>
			</points>
		</object>
		<object>
			<coordinate>pixel</coordinate>
			<type>rectangle</type>
			<description>None</description>
			<possibleresult>
				<name>Small Car</name>
			</possibleresult>
			<points>
				<point>556.000000,801.000000</point>
				<point>549.000000,806.000000</point>
				<point>539.000000,792.000000</point>
				<point>546.000000,787.000000</point>
				<point>556.000000,801.000000</point>
			</points>
		</object>
		<object>
			<coordinate>pixel</coordinate>
			<type>rectangle</type>
			<description>None</description>
			<possibleresult>
				<name>Van</name>
			</possibleresult>
			<points>
				<point>0.000000,518.000061</point>
				<point>0.000000,518.000061</point>
				<point>0.000000,518.000061</point>
				<point>0.000000,518.000061</point>
				<point>0.000000,518.000061</point>
			</points>
		</object>
		<object>
			<coordinate>pixel</coordinate>
			<type>rectangle</type>
			<description>None</description>
			<possibleresult>
				<name>Small Car</name>
			</possibleresult>
			<points>
				<point>173.000000,708.999939</point>
				<point>171.000000,722.999939</point>
				<point>164.000000,721.999939</point>
				<point>166.000000,707.999939</point>
				<point>173.000000,708.999939</point>
			</points>
		</object>
		<object>
			<coordinate>pixel</coordinate>
			<type>rectangle</type>
			<description>None</description>
			<possibleresult>
				<name>Van</name>
			</possibleresult>
			<points>
				<point>147.671234,765.876709</point>
				<point>145.000000,773.000000</point>
				<point>129.000000,767.000000</point>
				<point>131.671234,759.876709</point>
				<point>147.671234,765.876709</point>
			</points>
		</object>
		<object>
			<coordinate>pixel</coordinate>
			<type>rectangle</type>
			<description>None</description>
			<possibleresult>
				<name>Van</name>
			</possibleresult>
			<points>
				<point>139.876801,785.243469</point>
				<point>138.000000,791.999939</point>
				<point>120.000008,786.999939</point>
				<point>121.876801,780.243469</point>
				<point>139.876801,785.243469</point>
			</points>
		</object>
		<object>
			<coordinate>pixel</coordinate>
			<type>rectangle</type>
			<description>None</description>
			<possibleresult>
				<name>Small Car</name>
			</possibleresult>
			<points>
				<point>117.231339,806.259827</point>
				<point>112.231339,822.259827</point>
				<point>105.000015,820.000061</point>
				<point>110.000015,804.000061</point>
				<point>117.231339,806.259827</point>
			</points>
		</object>
		<object>
			<coordinate>pixel</coordinate>
			<type>rectangle</type>
			<description>None</description>
			<possibleresult>
				<name>Small Car</name>
			</possibleresult>
			<points>
				<point>52.235298,635.941223</point>
				<point>32.235298,640.941223</point>
				<point>30.000008,632.000061</point>
				<point>50.000008,627.000061</point>
				<point>52.235298,635.941223</point>
			</points>
		</object>
		<object>
			<coordinate>pixel</coordinate>
			<type>rectangle</type>
			<description>None</description>
			<possibleresult>
				<name>Van</name>
			</possibleresult>
			<points>
				<point>24.655739,676.213135</point>
				<point>16.000000,680.000000</point>
				<point>9.000001,664.000000</point>
				<point>17.655739,660.213135</point>
				<point>24.655739,676.213135</point>
			</points>
		</object>
		<object>
			<coordinate>pixel</coordinate>
			<type>rectangle</type>
			<description>None</description>
			<possibleresult>
				<name>Small Car</name>
			</possibleresult>
			<points>
				<point>828.917480,104.275230</point>
				<point>826.000000,114.000008</point>
				<point>805.082520,107.724785</point>
				<point>808.000000,98.000008</point>
				<point>828.917480,104.275230</point>
			</points>
		</object>
		<object>
			<coordinate>pixel</coordinate>
			<type>rectangle</type>
			<description>None</description>
			<possibleresult>
				<name>Van</name>
			</possibleresult>
			<points>
				<point>895.000000,537.000000</point>
				<point>889.112549,539.289551</point>
				<point>882.000000,521.000000</point>
				<point>887.887451,518.710449</point>
				<point>895.000000,537.000000</point>
			</points>
		</object>
		<object>
			<coordinate>pixel</coordinate>
			<type>rectangle</type>
			<description>None</description>
			<possibleresult>
				<name>Cargo Truck</name>
			</possibleresult>
			<points>
				<point>755.500000,342.499969</point>
				<point>748.500000,349.499969</point>
				<point>734.000000,334.999969</point>
				<point>741.000000,327.999969</point>
				<point>755.500000,342.499969</point>
			</points>
		</object>
		<object>
			<coordinate>pixel</coordinate>
			<type>rectangle</type>
			<description>None</description>
			<possibleresult>
				<name>Small Car</name>
			</possibleresult>
			<points>
				<point>775.430725,305.753845</point>
				<point>760.999939,314.000000</point>
				<point>756.999939,307.000000</point>
				<point>771.430725,298.753845</point>
				<point>775.430725,305.753845</point>
			</points>
		</object>
		<object>
			<coordinate>pixel</coordinate>
			<type>rectangle</type>
			<description>None</description>
			<possibleresult>
				<name>Van</name>
			</possibleresult>
			<points>
				<point>770.000000,293.000031</point>
				<point>759.000000,302.000031</point>
				<point>754.945557,297.044586</point>
				<point>765.945557,288.044586</point>
				<point>770.000000,293.000031</point>
			</points>
		</object>
		<object>
			<coordinate>pixel</coordinate>
			<type>rectangle</type>
			<description>None</description>
			<possibleresult>
				<name>Van</name>
			</possibleresult>
			<points>
				<point>827.000000,402.000000</point>
				<point>813.758423,412.185852</point>
				<point>809.000000,406.000000</point>
				<point>822.241577,395.814148</point>
				<point>827.000000,402.000000</point>
			</points>
		</object>
		<object>
			<coordinate>pixel</coordinate>
			<type>rectangle</type>
			<description>None</description>
			<possibleresult>
				<name>Small Car</name>
			</possibleresult>
			<points>
				<point>870.000061,392.000000</point>
				<point>865.226501,397.207520</point>
				<point>853.000061,386.000000</point>
				<point>857.773621,380.792480</point>
				<point>870.000061,392.000000</point>
			</points>
		</object>
		<object>
			<coordinate>pixel</coordinate>
			<type>rectangle</type>
			<description>None</description>
			<possibleresult>
				<name>Small Car</name>
			</possibleresult>
			<points>
				<point>916.000000,295.999939</point>
				<point>900.609863,307.286072</point>
				<point>896.000000,300.999939</point>
				<point>911.390137,289.713806</point>
				<point>916.000000,295.999939</point>
			</points>
		</object>
		<object>
			<coordinate>pixel</coordinate>
			<type>rectangle</type>
			<description>None</description>
			<possibleresult>
				<name>Van</name>
			</possibleresult>
			<points>
				<point>873.000000,271.999969</point>
				<point>857.705933,281.176422</point>
				<point>854.000000,274.999969</point>
				<point>869.294067,265.823517</point>
				<point>873.000000,271.999969</point>
			</points>
		</object>
		<object>
			<coordinate>pixel</coordinate>
			<type>rectangle</type>
			<description>None</description>
			<possibleresult>
				<name>Small Car</name>
			</possibleresult>
			<points>
				<point>867.000000,264.000061</point>
				<point>853.000000,274.000061</point>
				<point>848.000000,267.000061</point>
				<point>862.000000,257.000061</point>
				<point>867.000000,264.000061</point>
			</points>
		</object>
		<object>
			<coordinate>pixel</coordinate>
			<type>rectangle</type>
			<description>None</description>
			<possibleresult>
				<name>Van</name>
			</possibleresult>
			<points>
				<point>934.999939,234.999939</point>
				<point>916.999939,246.999939</point>
				<point>912.230652,239.846100</point>
				<point>930.230652,227.846100</point>
				<point>934.999939,234.999939</point>
			</points>
		</object>
		<object>
			<coordinate>pixel</coordinate>
			<type>rectangle</type>
			<description>None</description>
			<possibleresult>
				<name>Small Car</name>
			</possibleresult>
			<points>
				<point>868.500061,233.499969</point>
				<point>864.000061,237.999969</point>
				<point>855.500061,229.499969</point>
				<point>860.000061,224.999969</point>
				<point>868.500061,233.499969</point>
			</points>
		</object>
		<object>
			<coordinate>pixel</coordinate>
			<type>rectangle</type>
			<description>None</description>
			<possibleresult>
				<name>Small Car</name>
			</possibleresult>
			<points>
				<point>923.938477,216.107712</point>
				<point>919.938477,223.107712</point>
				<point>904.000000,214.000015</point>
				<point>908.000000,207.000015</point>
				<point>923.938477,216.107712</point>
			</points>
		</object>
		<object>
			<coordinate>pixel</coordinate>
			<type>rectangle</type>
			<description>None</description>
			<possibleresult>
				<name>Van</name>
			</possibleresult>
			<points>
				<point>992.000122,251.000061</point>
				<point>985.500122,257.500061</point>
				<point>974.500122,246.500061</point>
				<point>981.000122,240.000061</point>
				<point>992.000122,251.000061</point>
			</points>
		</object>
		<object>
			<coordinate>pixel</coordinate>
			<type>rectangle</type>
			<description>None</description>
			<possibleresult>
				<name>Van</name>
			</possibleresult>
			<points>
				<point>623.461487,218.692261</point>
				<point>616.769226,223.153809</point>
				<point>607.999939,209.999969</point>
				<point>614.692200,205.538422</point>
				<point>623.461487,218.692261</point>
			</points>
		</object>
		<object>
			<coordinate>pixel</coordinate>
			<type>rectangle</type>
			<description>None</description>
			<possibleresult>
				<name>Small Car</name>
			</possibleresult>
			<points>
				<point>779.000061,137.000015</point>
				<point>777.124573,144.033218</point>
				<point>762.124573,140.033218</point>
				<point>764.000061,133.000015</point>
				<point>779.000061,137.000015</point>
			</points>
		</object>
		<object>
			<coordinate>pixel</coordinate>
			<type>rectangle</type>
			<description>None</description>
			<possibleresult>
				<name>Van</name>
			</possibleresult>
			<points>
				<point>705.000000,119.000000</point>
				<point>690.000000,119.000000</point>
				<point>690.000000,113.000000</point>
				<point>705.000000,113.000000</point>
				<point>705.000000,119.000000</point>
			</points>
		</object>
		<object>
			<coordinate>pixel</coordinate>
			<type>rectangle</type>
			<description>None</description>
			<possibleresult>
				<name>Van</name>
			</possibleresult>
			<points>
				<point>852.000061,62.000000</point>
				<point>835.439758,63.035019</point>
				<point>835.000061,56.000000</point>
				<point>851.560364,54.964981</point>
				<point>852.000061,62.000000</point>
			</points>
		</object>
		<object>
			<coordinate>pixel</coordinate>
			<type>rectangle</type>
			<description>None</description>
			<possibleresult>
				<name>Small Car</name>
			</possibleresult>
			<points>
				<point>904.000061,22.999987</point>
				<point>901.300110,31.099985</point>
				<point>883.000061,24.999983</point>
				<point>885.700012,16.899984</point>
				<point>904.000061,22.999987</point>
			</points>
		</object>
		<object>
			<coordinate>pixel</coordinate>
			<type>rectangle</type>
			<description>None</description>
			<possibleresult>
				<name>Van</name>
			</possibleresult>
			<points>
				<point>949.538391,205.692291</point>
				<point>945.999939,210.999969</point>
				<point>933.999939,202.999969</point>
				<point>937.538391,197.692291</point>
				<point>949.538391,205.692291</point>
			</points>
		</object>
		<object>
			<coordinate>pixel</coordinate>
			<type>rectangle</type>
			<description>None</description>
			<possibleresult>
				<name>Small Car</name>
			</possibleresult>
			<points>
				<point>888.252014,664.946899</point>
				<point>869.000061,669.000000</point>
				<point>867.748108,663.053101</point>
				<point>887.000061,659.000000</point>
				<point>888.252014,664.946899</point>
			</points>
		</object>
		<object>
			<coordinate>pixel</coordinate>
			<type>rectangle</type>
			<description>None</description>
			<possibleresult>
				<name>Small Car</name>
			</possibleresult>
			<points>
				<point>820.999939,678.999939</point>
				<point>814.999939,682.999939</point>
				<point>806.999939,670.999939</point>
				<point>812.999939,666.999939</point>
				<point>820.999939,678.999939</point>
			</points>
		</object>
		<object>
			<coordinate>pixel</coordinate>
			<type>rectangle</type>
			<description>None</description>
			<possibleresult>
				<name>Van</name>
			</possibleresult>
			<points>
				<point>807.999939,685.999939</point>
				<point>802.037903,691.044739</point>
				<point>790.999939,677.999939</point>
				<point>796.961975,672.955139</point>
				<point>807.999939,685.999939</point>
			</points>
		</object>
		<object>
			<coordinate>pixel</coordinate>
			<type>rectangle</type>
			<description>None</description>
			<possibleresult>
				<name>Small Car</name>
			</possibleresult>
			<points>
				<point>799.000000,693.000000</point>
				<point>793.297363,697.386597</point>
				<point>783.000000,684.000000</point>
				<point>788.702637,679.613403</point>
				<point>799.000000,693.000000</point>
			</points>
		</object>
		<object>
			<coordinate>pixel</coordinate>
			<type>rectangle</type>
			<description>None</description>
			<possibleresult>
				<name>Van</name>
			</possibleresult>
			<points>
				<point>636.999939,850.999878</point>
				<point>631.456848,857.395874</point>
				<point>616.456848,844.395874</point>
				<point>621.999939,837.999878</point>
				<point>636.999939,850.999878</point>
			</points>
		</object>
		<object>
			<coordinate>pixel</coordinate>
			<type>rectangle</type>
			<description>None</description>
			<possibleresult>
				<name>Small Car</name>
			</possibleresult>
			<points>
				<point>597.655151,924.862061</point>
				<point>590.000000,944.000000</point>
				<point>580.000000,940.000000</point>
				<point>587.655151,920.862061</point>
				<point>597.655151,924.862061</point>
			</points>
		</object>
		<object>
			<coordinate>pixel</coordinate>
			<type>rectangle</type>
			<description>None</description>
			<possibleresult>
				<name>Van</name>
			</possibleresult>
			<points>
				<point>532.000000,972.000000</point>
				<point>529.517212,978.206909</point>
				<point>514.862061,972.344849</point>
				<point>517.344849,966.137939</point>
				<point>532.000000,972.000000</point>
			</points>
		</object>
		<object>
			<coordinate>pixel</coordinate>
			<type>rectangle</type>
			<description>None</description>
			<possibleresult>
				<name>Van</name>
			</possibleresult>
			<points>
				<point>526.000000,987.000000</point>
				<point>524.109619,992.041138</point>
				<point>508.000000,986.000000</point>
				<point>509.890381,980.958862</point>
				<point>526.000000,987.000000</point>
			</points>
		</object>
		<object>
			<coordinate>pixel</coordinate>
			<type>rectangle</type>
			<description>None</description>
			<possibleresult>
				<name>Van</name>
			</possibleresult>
			<points>
				<point>521.316772,993.113220</point>
				<point>519.190063,999.067932</point>
				<point>504.873322,993.954773</point>
				<point>507.000000,988.000061</point>
				<point>521.316772,993.113220</point>
			</points>
		</object>
		<object>
			<coordinate>pixel</coordinate>
			<type>rectangle</type>
			<description>None</description>
			<possibleresult>
				<name>Van</name>
			</possibleresult>
			<points>
				<point>515.980835,1006.256104</point>
				<point>499.000000,1000.000000</point>
				<point>501.304871,993.743896</point>
				<point>518.285706,1000.000000</point>
				<point>515.980835,1006.256104</point>
			</points>
		</object>
		<object>
			<coordinate>pixel</coordinate>
			<type>rectangle</type>
			<description>None</description>
			<possibleresult>
				<name>Van</name>
			</possibleresult>
			<points>
				<point>433.000061,933.999878</point>
				<point>430.517273,940.206787</point>
				<point>411.724182,932.689575</point>
				<point>414.206970,926.482666</point>
				<point>433.000061,933.999878</point>
			</points>
		</object>
		<object>
			<coordinate>pixel</coordinate>
			<type>rectangle</type>
			<description>None</description>
			<possibleresult>
				<name>Small Car</name>
			</possibleresult>
			<points>
				<point>435.157379,927.068848</point>
				<point>433.000031,932.000000</point>
				<point>416.842682,924.931152</point>
				<point>419.000031,920.000000</point>
				<point>435.157379,927.068848</point>
			</points>
		</object>
		<object>
			<coordinate>pixel</coordinate>
			<type>rectangle</type>
			<description>None</description>
			<possibleresult>
				<name>Small Car</name>
			</possibleresult>
			<points>
				<point>438.000061,920.000122</point>
				<point>436.209290,925.073975</point>
				<point>419.209290,919.073975</point>
				<point>421.000061,914.000122</point>
				<point>438.000061,920.000122</point>
			</points>
		</object>
		<object>
			<coordinate>pixel</coordinate>
			<type>rectangle</type>
			<description>None</description>
			<possibleresult>
				<name>Van</name>
			</possibleresult>
			<points>
				<point>446.000031,906.000000</point>
				<point>444.000031,912.000000</point>
				<point>426.000031,906.000000</point>
				<point>428.000031,900.000000</point>
				<point>446.000031,906.000000</point>
			</points>
		</object>
		<object>
			<coordinate>pixel</coordinate>
			<type>rectangle</type>
			<description>None</description>
			<possibleresult>
				<name>Small Car</name>
			</possibleresult>
			<points>
				<point>456.104645,888.036926</point>
				<point>454.000031,894.000061</point>
				<point>436.895416,887.963196</point>
				<point>439.000031,882.000061</point>
				<point>456.104645,888.036926</point>
			</points>
		</object>
		<object>
			<coordinate>pixel</coordinate>
			<type>rectangle</type>
			<description>None</description>
			<possibleresult>
				<name>Small Car</name>
			</possibleresult>
			<points>
				<point>457.000061,879.000061</point>
				<point>455.190125,884.067932</point>
				<point>441.000061,879.000061</point>
				<point>442.809998,873.932190</point>
				<point>457.000061,879.000061</point>
			</points>
		</object>
		<object>
			<coordinate>pixel</coordinate>
			<type>rectangle</type>
			<description>None</description>
			<possibleresult>
				<name>Small Car</name>
			</possibleresult>
			<points>
				<point>465.000061,866.000000</point>
				<point>463.000061,872.000000</point>
				<point>445.000061,866.000000</point>
				<point>447.000061,860.000000</point>
				<point>465.000061,866.000000</point>
			</points>
		</object>
		<object>
			<coordinate>pixel</coordinate>
			<type>rectangle</type>
			<description>None</description>
			<possibleresult>
				<name>Dump Truck</name>
			</possibleresult>
			<points>
				<point>414.000031,884.000122</point>
				<point>405.400055,901.200073</point>
				<point>397.000031,897.000122</point>
				<point>405.600006,879.800171</point>
				<point>414.000031,884.000122</point>
			</points>
		</object>
		<object>
			<coordinate>pixel</coordinate>
			<type>rectangle</type>
			<description>None</description>
			<possibleresult>
				<name>Small Car</name>
			</possibleresult>
			<points>
				<point>397.137848,831.927063</point>
				<point>380.000031,841.000061</point>
				<point>376.862213,835.073059</point>
				<point>394.000031,826.000061</point>
				<point>397.137848,831.927063</point>
			</points>
		</object>
	</objects>
</annotation>