<?xml version="1.0" encoding="utf-8"?>
<annotation>
	<source>
		<filename>1149.tif</filename>
		<origin>GF2/GF3</origin>
	</source>
	<research>
		<version>1.0</version>
		<provider>FAIR1M</provider>
		<author>Cyber</author>
		<pluginname>FAIR1M</pluginname>
		<pluginclass>object detection</pluginclass>
		<time>2021-03</time>
	</research>
	<size>
		<width>1000</width>
		<height>1000</height>
		<depth>3</depth>
	</size>
	<objects>
		<object>
			<coordinate>pixel</coordinate>
			<type>rectangle</type>
			<description>None</description>
			<possibleresult>
				<name>Small Car</name>
			</possibleresult>
			<points>
				<point>386.030457,40.426395</point>
				<point>378.000000,40.999996</point>
				<point>376.969543,26.573605</point>
				<point>385.000000,26.000004</point>
				<point>386.030457,40.426395</point>
			</points>
		</object>
		<object>
			<coordinate>pixel</coordinate>
			<type>rectangle</type>
			<description>None</description>
			<possibleresult>
				<name>Small Car</name>
			</possibleresult>
			<points>
				<point>390.024567,139.270493</point>
				<point>381.999969,140.000015</point>
				<point>380.975372,128.729538</point>
				<point>388.999969,128.000015</point>
				<point>390.024567,139.270493</point>
			</points>
		</object>
		<object>
			<coordinate>pixel</coordinate>
			<type>rectangle</type>
			<description>None</description>
			<possibleresult>
				<name>Small Car</name>
			</possibleresult>
			<points>
				<point>391.000000,158.000000</point>
				<point>382.000000,158.000000</point>
				<point>382.000000,142.000000</point>
				<point>391.000000,142.000000</point>
				<point>391.000000,158.000000</point>
			</points>
		</object>
		<object>
			<coordinate>pixel</coordinate>
			<type>rectangle</type>
			<description>None</description>
			<possibleresult>
				<name>Van</name>
			</possibleresult>
			<points>
				<point>392.961121,160.622574</point>
				<point>391.961121,176.622574</point>
				<point>382.000061,176.000015</point>
				<point>383.000061,160.000015</point>
				<point>392.961121,160.622574</point>
			</points>
		</object>
		<object>
			<coordinate>pixel</coordinate>
			<type>rectangle</type>
			<description>None</description>
			<possibleresult>
				<name>Van</name>
			</possibleresult>
			<points>
				<point>392.000031,179.000015</point>
				<point>391.000031,193.000015</point>
				<point>381.974640,192.355331</point>
				<point>382.974640,178.355331</point>
				<point>392.000031,179.000015</point>
			</points>
		</object>
		<object>
			<coordinate>pixel</coordinate>
			<type>rectangle</type>
			<description>None</description>
			<possibleresult>
				<name>Small Car</name>
			</possibleresult>
			<points>
				<point>391.000000,210.000000</point>
				<point>382.000000,210.000000</point>
				<point>382.000000,195.000000</point>
				<point>391.000000,195.000000</point>
				<point>391.000000,210.000000</point>
			</points>
		</object>
		<object>
			<coordinate>pixel</coordinate>
			<type>rectangle</type>
			<description>None</description>
			<possibleresult>
				<name>Van</name>
			</possibleresult>
			<points>
				<point>927.000000,140.000000</point>
				<point>919.000000,140.000000</point>
				<point>919.000000,126.000000</point>
				<point>927.000000,126.000000</point>
				<point>927.000000,140.000000</point>
			</points>
		</object>
		<object>
			<coordinate>pixel</coordinate>
			<type>rectangle</type>
			<description>None</description>
			<possibleresult>
				<name>Small Car</name>
			</possibleresult>
			<points>
				<point>490.000000,374.000031</point>
				<point>483.268494,381.249359</point>
				<point>469.000000,368.000031</point>
				<point>475.731506,360.750702</point>
				<point>490.000000,374.000031</point>
			</points>
		</object>
		<object>
			<coordinate>pixel</coordinate>
			<type>rectangle</type>
			<description>None</description>
			<possibleresult>
				<name>Small Car</name>
			</possibleresult>
			<points>
				<point>505.038086,387.033020</point>
				<point>499.000000,394.000000</point>
				<point>483.961914,380.966980</point>
				<point>490.000000,374.000000</point>
				<point>505.038086,387.033020</point>
			</points>
		</object>
		<object>
			<coordinate>pixel</coordinate>
			<type>rectangle</type>
			<description>None</description>
			<possibleresult>
				<name>Van</name>
			</possibleresult>
			<points>
				<point>547.000000,421.000061</point>
				<point>542.512207,426.609802</point>
				<point>527.512207,414.609802</point>
				<point>532.000000,409.000061</point>
				<point>547.000000,421.000061</point>
			</points>
		</object>
		<object>
			<coordinate>pixel</coordinate>
			<type>rectangle</type>
			<description>None</description>
			<possibleresult>
				<name>Van</name>
			</possibleresult>
			<points>
				<point>579.500000,447.500031</point>
				<point>575.000000,452.000031</point>
				<point>565.000000,442.000031</point>
				<point>569.500000,437.500031</point>
				<point>579.500000,447.500031</point>
			</points>
		</object>
		<object>
			<coordinate>pixel</coordinate>
			<type>rectangle</type>
			<description>None</description>
			<possibleresult>
				<name>Van</name>
			</possibleresult>
			<points>
				<point>617.000061,476.000031</point>
				<point>612.122009,482.097565</point>
				<point>597.000061,470.000031</point>
				<point>601.878113,463.902496</point>
				<point>617.000061,476.000031</point>
			</points>
		</object>
		<object>
			<coordinate>pixel</coordinate>
			<type>rectangle</type>
			<description>None</description>
			<possibleresult>
				<name>Van</name>
			</possibleresult>
			<points>
				<point>693.044739,535.037903</point>
				<point>687.999939,540.999939</point>
				<point>674.955139,529.961975</point>
				<point>679.999939,523.999939</point>
				<point>693.044739,535.037903</point>
			</points>
		</object>
		<object>
			<coordinate>pixel</coordinate>
			<type>rectangle</type>
			<description>None</description>
			<possibleresult>
				<name>Small Car</name>
			</possibleresult>
			<points>
				<point>201.044846,704.037964</point>
				<point>196.000015,710.000000</point>
				<point>182.955185,698.962036</point>
				<point>188.000015,693.000000</point>
				<point>201.044846,704.037964</point>
			</points>
		</object>
		<object>
			<coordinate>pixel</coordinate>
			<type>rectangle</type>
			<description>None</description>
			<possibleresult>
				<name>Small Car</name>
			</possibleresult>
			<points>
				<point>231.306854,730.284912</point>
				<point>226.000000,736.000000</point>
				<point>212.000000,723.000000</point>
				<point>217.306854,717.284912</point>
				<point>231.306854,730.284912</point>
			</points>
		</object>
		<object>
			<coordinate>pixel</coordinate>
			<type>rectangle</type>
			<description>None</description>
			<possibleresult>
				<name>Cargo Truck</name>
			</possibleresult>
			<points>
				<point>341.144958,760.111572</point>
				<point>332.000000,772.000000</point>
				<point>306.000000,752.000000</point>
				<point>315.144958,740.111572</point>
				<point>341.144958,760.111572</point>
			</points>
		</object>
		<object>
			<coordinate>pixel</coordinate>
			<type>rectangle</type>
			<description>None</description>
			<possibleresult>
				<name>Van</name>
			</possibleresult>
			<points>
				<point>317.823334,794.861206</point>
				<point>312.999969,801.000000</point>
				<point>298.999969,790.000000</point>
				<point>303.823334,783.861206</point>
				<point>317.823334,794.861206</point>
			</points>
		</object>
		<object>
			<coordinate>pixel</coordinate>
			<type>rectangle</type>
			<description>None</description>
			<possibleresult>
				<name>Small Car</name>
			</possibleresult>
			<points>
				<point>332.000061,807.999939</point>
				<point>327.226501,813.207458</point>
				<point>315.000061,801.999939</point>
				<point>319.773621,796.792419</point>
				<point>332.000061,807.999939</point>
			</points>
		</object>
		<object>
			<coordinate>pixel</coordinate>
			<type>rectangle</type>
			<description>None</description>
			<possibleresult>
				<name>Van</name>
			</possibleresult>
			<points>
				<point>451.750824,904.770020</point>
				<point>446.000031,911.000000</point>
				<point>433.000031,899.000000</point>
				<point>438.750824,892.770020</point>
				<point>451.750824,904.770020</point>
			</points>
		</object>
		<object>
			<coordinate>pixel</coordinate>
			<type>rectangle</type>
			<description>None</description>
			<possibleresult>
				<name>Small Car</name>
			</possibleresult>
			<points>
				<point>517.230774,954.153870</point>
				<point>511.999969,962.000061</point>
				<point>502.538452,955.692322</point>
				<point>507.769257,947.846130</point>
				<point>517.230774,954.153870</point>
			</points>
		</object>
		<object>
			<coordinate>pixel</coordinate>
			<type>rectangle</type>
			<description>None</description>
			<possibleresult>
				<name>Van</name>
			</possibleresult>
			<points>
				<point>565.901672,990.918091</point>
				<point>560.000061,998.000000</point>
				<point>548.000061,988.000000</point>
				<point>553.901672,980.918091</point>
				<point>565.901672,990.918091</point>
			</points>
		</object>
		<object>
			<coordinate>pixel</coordinate>
			<type>rectangle</type>
			<description>None</description>
			<possibleresult>
				<name>Small Car</name>
			</possibleresult>
			<points>
				<point>567.529541,1000.000000</point>
				<point>567.529541,995.318848</point>
				<point>577.230835,995.318848</point>
				<point>577.230835,1000.000000</point>
				<point>567.529541,1000.000000</point>
			</points>
		</object>
		<object>
			<coordinate>pixel</coordinate>
			<type>rectangle</type>
			<description>None</description>
			<possibleresult>
				<name>Van</name>
			</possibleresult>
			<points>
				<point>584.000000,959.000000</point>
				<point>579.390137,965.286133</point>
				<point>564.390137,954.286133</point>
				<point>569.000000,948.000000</point>
				<point>584.000000,959.000000</point>
			</points>
		</object>
		<object>
			<coordinate>pixel</coordinate>
			<type>rectangle</type>
			<description>None</description>
			<possibleresult>
				<name>Small Car</name>
			</possibleresult>
			<points>
				<point>600.500000,974.500061</point>
				<point>595.000000,980.000061</point>
				<point>582.000000,967.000061</point>
				<point>587.500000,961.500061</point>
				<point>600.500000,974.500061</point>
			</points>
		</object>
		<object>
			<coordinate>pixel</coordinate>
			<type>rectangle</type>
			<description>None</description>
			<possibleresult>
				<name>Van</name>
			</possibleresult>
			<points>
				<point>621.609863,988.713867</point>
				<point>617.000000,995.000000</point>
				<point>602.000000,984.000000</point>
				<point>606.609863,977.713867</point>
				<point>621.609863,988.713867</point>
			</points>
		</object>
		<object>
			<coordinate>pixel</coordinate>
			<type>rectangle</type>
			<description>None</description>
			<possibleresult>
				<name>Van</name>
			</possibleresult>
			<points>
				<point>625.333252,1000.000000</point>
				<point>625.333252,996.000000</point>
				<point>633.363525,996.000000</point>
				<point>633.363525,1000.000000</point>
				<point>625.333252,1000.000000</point>
			</points>
		</object>
		<object>
			<coordinate>pixel</coordinate>
			<type>rectangle</type>
			<description>None</description>
			<possibleresult>
				<name>Small Car</name>
			</possibleresult>
			<points>
				<point>865.500366,1000.000000</point>
				<point>865.500366,998.000244</point>
				<point>870.142822,998.000244</point>
				<point>870.142822,1000.000000</point>
				<point>865.500366,1000.000000</point>
			</points>
		</object>
		<object>
			<coordinate>pixel</coordinate>
			<type>rectangle</type>
			<description>None</description>
			<possibleresult>
				<name>Van</name>
			</possibleresult>
			<points>
				<point>848.000000,974.999939</point>
				<point>831.000000,986.999939</point>
				<point>826.510376,980.639709</point>
				<point>843.510376,968.639709</point>
				<point>848.000000,974.999939</point>
			</points>
		</object>
		<object>
			<coordinate>pixel</coordinate>
			<type>rectangle</type>
			<description>None</description>
			<possibleresult>
				<name>Van</name>
			</possibleresult>
			<points>
				<point>865.999939,960.000000</point>
				<point>850.999939,972.000000</point>
				<point>845.634094,965.292725</point>
				<point>860.634094,953.292725</point>
				<point>865.999939,960.000000</point>
			</points>
		</object>
		<object>
			<coordinate>pixel</coordinate>
			<type>rectangle</type>
			<description>None</description>
			<possibleresult>
				<name>Van</name>
			</possibleresult>
			<points>
				<point>992.000122,867.000122</point>
				<point>977.955933,878.034790</point>
				<point>974.000122,873.000122</point>
				<point>988.044312,861.965454</point>
				<point>992.000122,867.000122</point>
			</points>
		</object>
		<object>
			<coordinate>pixel</coordinate>
			<type>rectangle</type>
			<description>None</description>
			<possibleresult>
				<name>Intersection</name>
			</possibleresult>
			<points>
				<point>409.999969,826.000061</point>
				<point>378.486420,860.445129</point>
				<point>331.486420,817.445129</point>
				<point>362.999969,783.000061</point>
				<point>409.999969,826.000061</point>
			</points>
		</object>
		<object>
			<coordinate>pixel</coordinate>
			<type>rectangle</type>
			<description>None</description>
			<possibleresult>
				<name>Small Car</name>
			</possibleresult>
			<points>
				<point>540.306824,685.715149</point>
				<point>525.999939,699.000061</point>
				<point>520.693054,693.284973</point>
				<point>534.999939,680.000061</point>
				<point>540.306824,685.715149</point>
			</points>
		</object>
		<object>
			<coordinate>pixel</coordinate>
			<type>rectangle</type>
			<description>None</description>
			<possibleresult>
				<name>Van</name>
			</possibleresult>
			<points>
				<point>581.441650,656.652954</point>
				<point>567.441650,667.652954</point>
				<point>563.000000,662.000000</point>
				<point>577.000000,651.000000</point>
				<point>581.441650,656.652954</point>
			</points>
		</object>
		<object>
			<coordinate>pixel</coordinate>
			<type>rectangle</type>
			<description>None</description>
			<possibleresult>
				<name>Van</name>
			</possibleresult>
			<points>
				<point>603.526978,642.337891</point>
				<point>589.526978,652.337891</point>
				<point>585.000000,646.000000</point>
				<point>599.000000,636.000000</point>
				<point>603.526978,642.337891</point>
			</points>
		</object>
		<object>
			<coordinate>pixel</coordinate>
			<type>rectangle</type>
			<description>None</description>
			<possibleresult>
				<name>Van</name>
			</possibleresult>
			<points>
				<point>679.000061,628.000061</point>
				<point>669.500061,637.500061</point>
				<point>664.500061,632.500061</point>
				<point>674.000061,623.000061</point>
				<point>679.000061,628.000061</point>
			</points>
		</object>
		<object>
			<coordinate>pixel</coordinate>
			<type>rectangle</type>
			<description>None</description>
			<possibleresult>
				<name>Small Car</name>
			</possibleresult>
			<points>
				<point>702.098328,609.918091</point>
				<point>690.098328,619.918091</point>
				<point>685.999939,615.000000</point>
				<point>697.999939,605.000000</point>
				<point>702.098328,609.918091</point>
			</points>
		</object>
		<object>
			<coordinate>pixel</coordinate>
			<type>rectangle</type>
			<description>None</description>
			<possibleresult>
				<name>Small Car</name>
			</possibleresult>
			<points>
				<point>783.000061,509.000000</point>
				<point>771.000061,517.000000</point>
				<point>766.692322,510.538452</point>
				<point>778.692322,502.538452</point>
				<point>783.000061,509.000000</point>
			</points>
		</object>
		<object>
			<coordinate>pixel</coordinate>
			<type>rectangle</type>
			<description>None</description>
			<possibleresult>
				<name>Van</name>
			</possibleresult>
			<points>
				<point>802.999878,496.000000</point>
				<point>787.999878,506.000000</point>
				<point>783.538330,499.307678</point>
				<point>798.538330,489.307678</point>
				<point>802.999878,496.000000</point>
			</points>
		</object>
		<object>
			<coordinate>pixel</coordinate>
			<type>rectangle</type>
			<description>None</description>
			<possibleresult>
				<name>Van</name>
			</possibleresult>
			<points>
				<point>828.487793,520.609741</point>
				<point>817.390259,529.487793</point>
				<point>812.902466,523.878052</point>
				<point>824.000000,515.000000</point>
				<point>828.487793,520.609741</point>
			</points>
		</object>
		<object>
			<coordinate>pixel</coordinate>
			<type>rectangle</type>
			<description>None</description>
			<possibleresult>
				<name>Dump Truck</name>
			</possibleresult>
			<points>
				<point>856.000000,503.000000</point>
				<point>841.898926,512.065002</point>
				<point>838.000000,506.000000</point>
				<point>852.101074,496.934998</point>
				<point>856.000000,503.000000</point>
			</points>
		</object>
		<object>
			<coordinate>pixel</coordinate>
			<type>rectangle</type>
			<description>None</description>
			<possibleresult>
				<name>other-vehicle</name>
			</possibleresult>
			<points>
				<point>879.491760,483.590149</point>
				<point>865.327820,495.393433</point>
				<point>859.835999,488.803284</point>
				<point>873.999939,477.000000</point>
				<point>879.491760,483.590149</point>
			</points>
		</object>
		<object>
			<coordinate>pixel</coordinate>
			<type>rectangle</type>
			<description>None</description>
			<possibleresult>
				<name>Van</name>
			</possibleresult>
			<points>
				<point>845.000061,464.000031</point>
				<point>833.762268,472.173004</point>
				<point>830.000061,467.000031</point>
				<point>841.237854,458.827057</point>
				<point>845.000061,464.000031</point>
			</points>
		</object>
		<object>
			<coordinate>pixel</coordinate>
			<type>rectangle</type>
			<description>None</description>
			<possibleresult>
				<name>Small Car</name>
			</possibleresult>
			<points>
				<point>867.754028,445.704834</point>
				<point>852.999878,457.999939</point>
				<point>847.999878,451.999939</point>
				<point>862.754028,439.704834</point>
				<point>867.754028,445.704834</point>
			</points>
		</object>
		<object>
			<coordinate>pixel</coordinate>
			<type>rectangle</type>
			<description>None</description>
			<possibleresult>
				<name>Small Car</name>
			</possibleresult>
			<points>
				<point>990.576477,476.494171</point>
				<point>985.000061,483.000031</point>
				<point>970.423645,470.505890</point>
				<point>976.000061,464.000031</point>
				<point>990.576477,476.494171</point>
			</points>
		</object>
		<object>
			<coordinate>pixel</coordinate>
			<type>rectangle</type>
			<description>None</description>
			<possibleresult>
				<name>Small Car</name>
			</possibleresult>
			<points>
				<point>971.000000,518.000000</point>
				<point>966.448242,523.379272</point>
				<point>953.000000,512.000000</point>
				<point>957.551758,506.620728</point>
				<point>971.000000,518.000000</point>
			</points>
		</object>
		<object>
			<coordinate>pixel</coordinate>
			<type>rectangle</type>
			<description>None</description>
			<possibleresult>
				<name>Intersection</name>
			</possibleresult>
			<points>
				<point>967.414795,443.779236</point>
				<point>905.000000,477.000000</point>
				<point>879.987427,430.006714</point>
				<point>942.402222,396.785950</point>
				<point>967.414795,443.779236</point>
			</points>
		</object>
		<object>
			<coordinate>pixel</coordinate>
			<type>rectangle</type>
			<description>None</description>
			<possibleresult>
				<name>Intersection</name>
			</possibleresult>
			<points>
				<point>934.000000,233.000000</point>
				<point>933.573853,256.010620</point>
				<point>879.000000,255.000000</point>
				<point>879.426147,231.989380</point>
				<point>934.000000,233.000000</point>
			</points>
		</object>
		<object>
			<coordinate>pixel</coordinate>
			<type>rectangle</type>
			<description>None</description>
			<possibleresult>
				<name>Small Car</name>
			</possibleresult>
			<points>
				<point>934.000122,217.000031</point>
				<point>932.960327,232.597382</point>
				<point>924.000122,232.000031</point>
				<point>925.039917,216.402679</point>
				<point>934.000122,217.000031</point>
			</points>
		</object>
		<object>
			<coordinate>pixel</coordinate>
			<type>rectangle</type>
			<description>None</description>
			<possibleresult>
				<name>Van</name>
			</possibleresult>
			<points>
				<point>939.000000,341.000000</point>
				<point>929.000000,341.000000</point>
				<point>929.000000,327.000000</point>
				<point>939.000000,327.000000</point>
				<point>939.000000,341.000000</point>
			</points>
		</object>
		<object>
			<coordinate>pixel</coordinate>
			<type>rectangle</type>
			<description>None</description>
			<possibleresult>
				<name>Small Car</name>
			</possibleresult>
			<points>
				<point>937.000000,320.000000</point>
				<point>928.000000,320.000000</point>
				<point>928.000000,305.000000</point>
				<point>937.000000,305.000000</point>
				<point>937.000000,320.000000</point>
			</points>
		</object>
		<object>
			<coordinate>pixel</coordinate>
			<type>rectangle</type>
			<description>None</description>
			<possibleresult>
				<name>Van</name>
			</possibleresult>
			<points>
				<point>885.999878,333.000000</point>
				<point>879.011475,334.075134</point>
				<point>876.999878,321.000000</point>
				<point>883.988281,319.924866</point>
				<point>885.999878,333.000000</point>
			</points>
		</object>
		<object>
			<coordinate>pixel</coordinate>
			<type>rectangle</type>
			<description>None</description>
			<possibleresult>
				<name>Small Car</name>
			</possibleresult>
			<points>
				<point>887.023315,317.373505</point>
				<point>877.000000,317.999969</point>
				<point>875.976685,301.626434</point>
				<point>886.000000,300.999969</point>
				<point>887.023315,317.373505</point>
			</points>
		</object>
		<object>
			<coordinate>pixel</coordinate>
			<type>rectangle</type>
			<description>None</description>
			<possibleresult>
				<name>Van</name>
			</possibleresult>
			<points>
				<point>886.000000,275.000000</point>
				<point>875.000000,275.000000</point>
				<point>875.000000,257.000000</point>
				<point>886.000000,257.000000</point>
				<point>886.000000,275.000000</point>
			</points>
		</object>
		<object>
			<coordinate>pixel</coordinate>
			<type>rectangle</type>
			<description>None</description>
			<possibleresult>
				<name>Small Car</name>
			</possibleresult>
			<points>
				<point>652.000061,281.000061</point>
				<point>643.015442,282.123108</point>
				<point>641.000061,266.000000</point>
				<point>649.984680,264.876953</point>
				<point>652.000061,281.000061</point>
			</points>
		</object>
		<object>
			<coordinate>pixel</coordinate>
			<type>rectangle</type>
			<description>None</description>
			<possibleresult>
				<name>Van</name>
			</possibleresult>
			<points>
				<point>357.575256,303.040497</point>
				<point>336.575256,305.040497</point>
				<point>336.000000,299.000031</point>
				<point>357.000000,297.000031</point>
				<point>357.575256,303.040497</point>
			</points>
		</object>
		<object>
			<coordinate>pixel</coordinate>
			<type>rectangle</type>
			<description>None</description>
			<possibleresult>
				<name>Van</name>
			</possibleresult>
			<points>
				<point>295.000000,307.000000</point>
				<point>278.000000,307.000000</point>
				<point>278.000000,301.000000</point>
				<point>295.000000,301.000000</point>
				<point>295.000000,307.000000</point>
			</points>
		</object>
		<object>
			<coordinate>pixel</coordinate>
			<type>rectangle</type>
			<description>None</description>
			<possibleresult>
				<name>Small Car</name>
			</possibleresult>
			<points>
				<point>100.000000,313.000000</point>
				<point>79.000000,313.000000</point>
				<point>79.000000,306.000000</point>
				<point>100.000000,306.000000</point>
				<point>100.000000,313.000000</point>
			</points>
		</object>
		<object>
			<coordinate>pixel</coordinate>
			<type>rectangle</type>
			<description>None</description>
			<possibleresult>
				<name>Van</name>
			</possibleresult>
			<points>
				<point>10.000000,70.000000</point>
				<point>-0.000000,70.000000</point>
				<point>0.000000,64.000000</point>
				<point>10.000000,64.000000</point>
				<point>10.000000,70.000000</point>
			</points>
		</object>
		<object>
			<coordinate>pixel</coordinate>
			<type>rectangle</type>
			<description>None</description>
			<possibleresult>
				<name>Small Car</name>
			</possibleresult>
			<points>
				<point>39.000000,103.000000</point>
				<point>21.000000,103.000000</point>
				<point>21.000000,97.000000</point>
				<point>39.000000,97.000000</point>
				<point>39.000000,103.000000</point>
			</points>
		</object>
		<object>
			<coordinate>pixel</coordinate>
			<type>rectangle</type>
			<description>None</description>
			<possibleresult>
				<name>Van</name>
			</possibleresult>
			<points>
				<point>59.000000,69.000000</point>
				<point>39.000000,69.000000</point>
				<point>39.000000,63.000000</point>
				<point>59.000000,63.000000</point>
				<point>59.000000,69.000000</point>
			</points>
		</object>
		<object>
			<coordinate>pixel</coordinate>
			<type>rectangle</type>
			<description>None</description>
			<possibleresult>
				<name>Small Car</name>
			</possibleresult>
			<points>
				<point>83.000000,69.000000</point>
				<point>63.000000,69.000000</point>
				<point>63.000000,62.000000</point>
				<point>83.000000,62.000000</point>
				<point>83.000000,69.000000</point>
			</points>
		</object>
		<object>
			<coordinate>pixel</coordinate>
			<type>rectangle</type>
			<description>None</description>
			<possibleresult>
				<name>Small Car</name>
			</possibleresult>
			<points>
				<point>147.000000,67.000000</point>
				<point>126.000000,67.000000</point>
				<point>126.000000,60.000000</point>
				<point>147.000000,60.000000</point>
				<point>147.000000,67.000000</point>
			</points>
		</object>
		<object>
			<coordinate>pixel</coordinate>
			<type>rectangle</type>
			<description>None</description>
			<possibleresult>
				<name>Van</name>
			</possibleresult>
			<points>
				<point>236.000000,96.000000</point>
				<point>213.000000,96.000000</point>
				<point>213.000000,89.000000</point>
				<point>236.000000,89.000000</point>
				<point>236.000000,96.000000</point>
			</points>
		</object>
		<object>
			<coordinate>pixel</coordinate>
			<type>rectangle</type>
			<description>None</description>
			<possibleresult>
				<name>Small Car</name>
			</possibleresult>
			<points>
				<point>260.000000,97.000000</point>
				<point>242.000000,97.000000</point>
				<point>242.000000,90.000000</point>
				<point>260.000000,90.000000</point>
				<point>260.000000,97.000000</point>
			</points>
		</object>
		<object>
			<coordinate>pixel</coordinate>
			<type>rectangle</type>
			<description>None</description>
			<possibleresult>
				<name>Van</name>
			</possibleresult>
			<points>
				<point>318.000000,63.000000</point>
				<point>297.000000,63.000000</point>
				<point>297.000000,56.000000</point>
				<point>318.000000,56.000000</point>
				<point>318.000000,63.000000</point>
			</points>
		</object>
		<object>
			<coordinate>pixel</coordinate>
			<type>rectangle</type>
			<description>None</description>
			<possibleresult>
				<name>Small Car</name>
			</possibleresult>
			<points>
				<point>328.000000,95.000000</point>
				<point>306.000000,95.000000</point>
				<point>306.000000,88.000000</point>
				<point>328.000000,88.000000</point>
				<point>328.000000,95.000000</point>
			</points>
		</object>
		<object>
			<coordinate>pixel</coordinate>
			<type>rectangle</type>
			<description>None</description>
			<possibleresult>
				<name>Van</name>
			</possibleresult>
			<points>
				<point>353.351654,94.032425</point>
				<point>333.351654,95.032425</point>
				<point>333.000031,88.000000</point>
				<point>353.000031,87.000000</point>
				<point>353.351654,94.032425</point>
			</points>
		</object>
		<object>
			<coordinate>pixel</coordinate>
			<type>rectangle</type>
			<description>None</description>
			<possibleresult>
				<name>Intersection</name>
			</possibleresult>
			<points>
				<point>411.000000,97.000000</point>
				<point>374.000000,97.000000</point>
				<point>374.000000,48.000000</point>
				<point>411.000000,48.000000</point>
				<point>411.000000,97.000000</point>
			</points>
		</object>
		<object>
			<coordinate>pixel</coordinate>
			<type>rectangle</type>
			<description>None</description>
			<possibleresult>
				<name>Small Car</name>
			</possibleresult>
			<points>
				<point>419.999969,83.999985</point>
				<point>409.999969,96.999985</point>
				<point>403.814117,92.241623</point>
				<point>413.814117,79.241623</point>
				<point>419.999969,83.999985</point>
			</points>
		</object>
		<object>
			<coordinate>pixel</coordinate>
			<type>rectangle</type>
			<description>None</description>
			<possibleresult>
				<name>Small Car</name>
			</possibleresult>
			<points>
				<point>506.000000,58.000000</point>
				<point>488.000000,58.000000</point>
				<point>488.000000,51.000000</point>
				<point>506.000000,51.000000</point>
				<point>506.000000,58.000000</point>
			</points>
		</object>
		<object>
			<coordinate>pixel</coordinate>
			<type>rectangle</type>
			<description>None</description>
			<possibleresult>
				<name>Small Car</name>
			</possibleresult>
			<points>
				<point>446.000000,94.000000</point>
				<point>424.000000,94.000000</point>
				<point>424.000000,86.000000</point>
				<point>446.000000,86.000000</point>
				<point>446.000000,94.000000</point>
			</points>
		</object>
		<object>
			<coordinate>pixel</coordinate>
			<type>rectangle</type>
			<description>None</description>
			<possibleresult>
				<name>Van</name>
			</possibleresult>
			<points>
				<point>470.000000,92.000000</point>
				<point>456.000000,92.000000</point>
				<point>456.000000,86.000000</point>
				<point>470.000000,86.000000</point>
				<point>470.000000,92.000000</point>
			</points>
		</object>
		<object>
			<coordinate>pixel</coordinate>
			<type>rectangle</type>
			<description>None</description>
			<possibleresult>
				<name>Small Car</name>
			</possibleresult>
			<points>
				<point>514.000000,90.000000</point>
				<point>499.000000,90.000000</point>
				<point>499.000000,83.000000</point>
				<point>514.000000,83.000000</point>
				<point>514.000000,90.000000</point>
			</points>
		</object>
		<object>
			<coordinate>pixel</coordinate>
			<type>rectangle</type>
			<description>None</description>
			<possibleresult>
				<name>Van</name>
			</possibleresult>
			<points>
				<point>528.000000,56.000000</point>
				<point>509.000000,56.000000</point>
				<point>509.000000,50.000000</point>
				<point>528.000000,50.000000</point>
				<point>528.000000,56.000000</point>
			</points>
		</object>
		<object>
			<coordinate>pixel</coordinate>
			<type>rectangle</type>
			<description>None</description>
			<possibleresult>
				<name>Van</name>
			</possibleresult>
			<points>
				<point>503.314911,74.983444</point>
				<point>483.999969,76.000015</point>
				<point>483.685028,70.016586</point>
				<point>502.999969,69.000015</point>
				<point>503.314911,74.983444</point>
			</points>
		</object>
		<object>
			<coordinate>pixel</coordinate>
			<type>rectangle</type>
			<description>None</description>
			<possibleresult>
				<name>Van</name>
			</possibleresult>
			<points>
				<point>575.000000,56.000008</point>
				<point>553.000000,57.000008</point>
				<point>552.680420,49.969078</point>
				<point>574.680420,48.969078</point>
				<point>575.000000,56.000008</point>
			</points>
		</object>
		<object>
			<coordinate>pixel</coordinate>
			<type>rectangle</type>
			<description>None</description>
			<possibleresult>
				<name>Small Car</name>
			</possibleresult>
			<points>
				<point>600.000061,53.999996</point>
				<point>579.000061,54.999996</point>
				<point>578.712708,48.966061</point>
				<point>599.712708,47.966061</point>
				<point>600.000061,53.999996</point>
			</points>
		</object>
		<object>
			<coordinate>pixel</coordinate>
			<type>rectangle</type>
			<description>None</description>
			<possibleresult>
				<name>Small Car</name>
			</possibleresult>
			<points>
				<point>625.000000,55.000000</point>
				<point>603.000000,55.000000</point>
				<point>603.000000,47.000000</point>
				<point>625.000000,47.000000</point>
				<point>625.000000,55.000000</point>
			</points>
		</object>
		<object>
			<coordinate>pixel</coordinate>
			<type>rectangle</type>
			<description>None</description>
			<possibleresult>
				<name>Small Car</name>
			</possibleresult>
			<points>
				<point>713.000000,85.000000</point>
				<point>694.000000,85.000000</point>
				<point>694.000000,79.000000</point>
				<point>713.000000,79.000000</point>
				<point>713.000000,85.000000</point>
			</points>
		</object>
		<object>
			<coordinate>pixel</coordinate>
			<type>rectangle</type>
			<description>None</description>
			<possibleresult>
				<name>Van</name>
			</possibleresult>
			<points>
				<point>749.000000,48.000000</point>
				<point>730.000000,48.000000</point>
				<point>730.000000,42.000000</point>
				<point>749.000000,42.000000</point>
				<point>749.000000,48.000000</point>
			</points>
		</object>
		<object>
			<coordinate>pixel</coordinate>
			<type>rectangle</type>
			<description>None</description>
			<possibleresult>
				<name>Small Car</name>
			</possibleresult>
			<points>
				<point>774.000000,48.000000</point>
				<point>757.000000,48.000000</point>
				<point>757.000000,41.000000</point>
				<point>774.000000,41.000000</point>
				<point>774.000000,48.000000</point>
			</points>
		</object>
		<object>
			<coordinate>pixel</coordinate>
			<type>rectangle</type>
			<description>None</description>
			<possibleresult>
				<name>Van</name>
			</possibleresult>
			<points>
				<point>828.332336,41.018463</point>
				<point>828.000061,47.000000</point>
				<point>809.667786,45.981537</point>
				<point>810.000061,40.000000</point>
				<point>828.332336,41.018463</point>
			</points>
		</object>
		<object>
			<coordinate>pixel</coordinate>
			<type>rectangle</type>
			<description>None</description>
			<possibleresult>
				<name>Van</name>
			</possibleresult>
			<points>
				<point>854.000000,45.000000</point>
				<point>833.000000,45.000000</point>
				<point>833.000000,40.000000</point>
				<point>854.000000,40.000000</point>
				<point>854.000000,45.000000</point>
			</points>
		</object>
		<object>
			<coordinate>pixel</coordinate>
			<type>rectangle</type>
			<description>None</description>
			<possibleresult>
				<name>Intersection</name>
			</possibleresult>
			<points>
				<point>910.000000,86.999985</point>
				<point>863.000000,86.999985</point>
				<point>863.000000,36.999996</point>
				<point>910.000000,37.000000</point>
				<point>910.000000,86.999985</point>
			</points>
		</object>
		<object>
			<coordinate>pixel</coordinate>
			<type>rectangle</type>
			<description>None</description>
			<possibleresult>
				<name>Van</name>
			</possibleresult>
			<points>
				<point>586.301025,738.809937</point>
				<point>567.000000,751.000000</point>
				<point>562.698975,744.190063</point>
				<point>582.000000,732.000000</point>
				<point>586.301025,738.809937</point>
			</points>
		</object>
		<object>
			<coordinate>pixel</coordinate>
			<type>rectangle</type>
			<description>None</description>
			<possibleresult>
				<name>Van</name>
			</possibleresult>
			<points>
				<point>194.000031,903.000122</point>
				<point>182.292725,912.365967</point>
				<point>178.292725,907.365967</point>
				<point>190.000031,898.000122</point>
				<point>194.000031,903.000122</point>
			</points>
		</object>
		<object>
			<coordinate>pixel</coordinate>
			<type>rectangle</type>
			<description>None</description>
			<possibleresult>
				<name>Van</name>
			</possibleresult>
			<points>
				<point>497.309143,690.242920</point>
				<point>492.000000,697.000000</point>
				<point>477.690857,685.757080</point>
				<point>483.000000,679.000000</point>
				<point>497.309143,690.242920</point>
			</points>
		</object>
		<object>
			<coordinate>pixel</coordinate>
			<type>rectangle</type>
			<description>None</description>
			<possibleresult>
				<name>Small Car</name>
			</possibleresult>
			<points>
				<point>431.000000,631.000000</point>
				<point>422.000000,631.000000</point>
				<point>422.000000,612.000000</point>
				<point>431.000000,612.000000</point>
				<point>431.000000,631.000000</point>
			</points>
		</object>
		<object>
			<coordinate>pixel</coordinate>
			<type>rectangle</type>
			<description>None</description>
			<possibleresult>
				<name>Small Car</name>
			</possibleresult>
			<points>
				<point>501.000031,590.000000</point>
				<point>485.783295,601.158936</point>
				<point>482.000031,596.000000</point>
				<point>497.216766,584.841064</point>
				<point>501.000031,590.000000</point>
			</points>
		</object>
		<object>
			<coordinate>pixel</coordinate>
			<type>rectangle</type>
			<description>None</description>
			<possibleresult>
				<name>Small Car</name>
			</possibleresult>
			<points>
				<point>510.000000,596.000061</point>
				<point>495.823364,607.138855</point>
				<point>491.000000,601.000061</point>
				<point>505.176636,589.861267</point>
				<point>510.000000,596.000061</point>
			</points>
		</object>
		<object>
			<coordinate>pixel</coordinate>
			<type>rectangle</type>
			<description>None</description>
			<possibleresult>
				<name>Small Car</name>
			</possibleresult>
			<points>
				<point>516.000000,602.000000</point>
				<point>502.000031,613.000000</point>
				<point>497.558380,607.347046</point>
				<point>511.558380,596.347046</point>
				<point>516.000000,602.000000</point>
			</points>
		</object>
		<object>
			<coordinate>pixel</coordinate>
			<type>rectangle</type>
			<description>None</description>
			<possibleresult>
				<name>Van</name>
			</possibleresult>
			<points>
				<point>453.000031,585.000000</point>
				<point>448.226471,590.207520</point>
				<point>436.000031,579.000000</point>
				<point>440.773590,573.792480</point>
				<point>453.000031,585.000000</point>
			</points>
		</object>
		<object>
			<coordinate>pixel</coordinate>
			<type>rectangle</type>
			<description>None</description>
			<possibleresult>
				<name>Van</name>
			</possibleresult>
			<points>
				<point>335.000061,646.000061</point>
				<point>330.178223,651.166321</point>
				<point>315.000061,637.000061</point>
				<point>319.821899,631.833801</point>
				<point>335.000061,646.000061</point>
			</points>
		</object>
		<object>
			<coordinate>pixel</coordinate>
			<type>rectangle</type>
			<description>None</description>
			<possibleresult>
				<name>Van</name>
			</possibleresult>
			<points>
				<point>170.104004,446.928009</point>
				<point>157.000000,456.000031</point>
				<point>152.895996,450.072052</point>
				<point>166.000000,441.000031</point>
				<point>170.104004,446.928009</point>
			</points>
		</object>
		<object>
			<coordinate>pixel</coordinate>
			<type>rectangle</type>
			<description>None</description>
			<possibleresult>
				<name>Small Car</name>
			</possibleresult>
			<points>
				<point>40.000000,367.000000</point>
				<point>34.000000,367.000000</point>
				<point>34.000000,354.000000</point>
				<point>40.000000,354.000000</point>
				<point>40.000000,367.000000</point>
			</points>
		</object>
		<object>
			<coordinate>pixel</coordinate>
			<type>rectangle</type>
			<description>None</description>
			<possibleresult>
				<name>Small Car</name>
			</possibleresult>
			<points>
				<point>296.000000,396.000000</point>
				<point>288.000000,396.000000</point>
				<point>288.000000,380.000000</point>
				<point>296.000000,380.000000</point>
				<point>296.000000,396.000000</point>
			</points>
		</object>
		<object>
			<coordinate>pixel</coordinate>
			<type>rectangle</type>
			<description>None</description>
			<possibleresult>
				<name>Small Car</name>
			</possibleresult>
			<points>
				<point>125.851318,848.391846</point>
				<point>111.851318,858.391846</point>
				<point>107.999969,853.000000</point>
				<point>121.999969,843.000000</point>
				<point>125.851318,848.391846</point>
			</points>
		</object>
		<object>
			<coordinate>pixel</coordinate>
			<type>rectangle</type>
			<description>None</description>
			<possibleresult>
				<name>Van</name>
			</possibleresult>
			<points>
				<point>560.984680,193.876923</point>
				<point>552.000061,195.000000</point>
				<point>550.000061,179.000000</point>
				<point>558.984680,177.876923</point>
				<point>560.984680,193.876923</point>
			</points>
		</object>
		<object>
			<coordinate>pixel</coordinate>
			<type>rectangle</type>
			<description>None</description>
			<possibleresult>
				<name>Van</name>
			</possibleresult>
			<points>
				<point>548.035461,192.530991</point>
				<point>541.000061,193.000015</point>
				<point>539.964661,177.469040</point>
				<point>547.000061,177.000015</point>
				<point>548.035461,192.530991</point>
			</points>
		</object>
		<object>
			<coordinate>pixel</coordinate>
			<type>rectangle</type>
			<description>None</description>
			<possibleresult>
				<name>Intersection</name>
			</possibleresult>
			<points>
				<point>425.000580,322.024353</point>
				<point>384.999969,323.000000</point>
				<point>382.999359,240.975632</point>
				<point>422.999969,240.000000</point>
				<point>425.000580,322.024353</point>
			</points>
		</object>
	</objects>
</annotation>