<?xml version="1.0" encoding="utf-8"?>
<annotation>
	<source>
		<filename>1152.tif</filename>
		<origin>GF2/GF3</origin>
	</source>
	<research>
		<version>1.0</version>
		<provider>FAIR1M</provider>
		<author>Cyber</author>
		<pluginname>FAIR1M</pluginname>
		<pluginclass>object detection</pluginclass>
		<time>2021-03</time>
	</research>
	<size>
		<width>1000</width>
		<height>1000</height>
		<depth>3</depth>
	</size>
	<objects>
		<object>
			<coordinate>pixel</coordinate>
			<type>rectangle</type>
			<description>None</description>
			<possibleresult>
				<name>other-airplane</name>
			</possibleresult>
			<points>
				<point>364.000000,823.000000</point>
				<point>317.000000,816.000000</point>
				<point>312.000000,847.000000</point>
				<point>359.000000,854.000000</point>
				<point>364.000000,823.000000</point>
			</points>
		</object>
		<object>
			<coordinate>pixel</coordinate>
			<type>rectangle</type>
			<description>None</description>
			<possibleresult>
				<name>A220</name>
			</possibleresult>
			<points>
				<point>223.000000,843.000000</point>
				<point>254.000000,807.000000</point>
				<point>221.000000,779.000000</point>
				<point>190.000000,815.000000</point>
				<point>223.000000,843.000000</point>
			</points>
		</object>
		<object>
			<coordinate>pixel</coordinate>
			<type>rectangle</type>
			<description>None</description>
			<possibleresult>
				<name>A321</name>
			</possibleresult>
			<points>
				<point>803.000000,854.000000</point>
				<point>844.000000,889.000000</point>
				<point>873.000000,855.000000</point>
				<point>832.000000,820.000000</point>
				<point>803.000000,854.000000</point>
			</points>
		</object>
		<object>
			<coordinate>pixel</coordinate>
			<type>rectangle</type>
			<description>None</description>
			<possibleresult>
				<name>Boeing737</name>
			</possibleresult>
			<points>
				<point>880.000000,758.000000</point>
				<point>909.000000,798.000000</point>
				<point>945.000000,772.000000</point>
				<point>916.000000,731.000000</point>
				<point>880.000000,758.000000</point>
			</points>
		</object>
	</objects>
</annotation>