<?xml version="1.0" encoding="utf-8"?>
<annotation>
	<source>
		<filename>1154.tif</filename>
		<origin>GF2/GF3</origin>
	</source>
	<research>
		<version>1.0</version>
		<provider>FAIR1M</provider>
		<author>Cyber</author>
		<pluginname>FAIR1M</pluginname>
		<pluginclass>object detection</pluginclass>
		<time>2021-03</time>
	</research>
	<size>
		<width>1000</width>
		<height>1000</height>
		<depth>3</depth>
	</size>
	<objects>
		<object>
			<coordinate>pixel</coordinate>
			<type>rectangle</type>
			<description>None</description>
			<possibleresult>
				<name>Small Car</name>
			</possibleresult>
			<points>
				<point>130.000000,42.999992</point>
				<point>127.975601,61.219505</point>
				<point>116.999992,59.999992</point>
				<point>119.024384,41.780479</point>
				<point>130.000000,42.999992</point>
			</points>
		</object>
		<object>
			<coordinate>pixel</coordinate>
			<type>rectangle</type>
			<description>None</description>
			<possibleresult>
				<name>Small Car</name>
			</possibleresult>
			<points>
				<point>27.000000,72.000000</point>
				<point>17.000000,72.000000</point>
				<point>17.000000,54.000000</point>
				<point>27.000000,54.000000</point>
				<point>27.000000,72.000000</point>
			</points>
		</object>
		<object>
			<coordinate>pixel</coordinate>
			<type>rectangle</type>
			<description>None</description>
			<possibleresult>
				<name>Small Car</name>
			</possibleresult>
			<points>
				<point>144.000000,71.000000</point>
				<point>134.000000,71.000000</point>
				<point>134.000000,54.000000</point>
				<point>144.000000,54.000000</point>
				<point>144.000000,71.000000</point>
			</points>
		</object>
		<object>
			<coordinate>pixel</coordinate>
			<type>rectangle</type>
			<description>None</description>
			<possibleresult>
				<name>Small Car</name>
			</possibleresult>
			<points>
				<point>255.000031,49.000008</point>
				<point>249.235321,72.058830</point>
				<point>237.235321,69.058830</point>
				<point>243.000031,46.000008</point>
				<point>255.000031,49.000008</point>
			</points>
		</object>
		<object>
			<coordinate>pixel</coordinate>
			<type>rectangle</type>
			<description>None</description>
			<possibleresult>
				<name>Van</name>
			</possibleresult>
			<points>
				<point>85.000000,107.000000</point>
				<point>75.000000,107.000000</point>
				<point>75.000000,90.000000</point>
				<point>85.000000,90.000000</point>
				<point>85.000000,107.000000</point>
			</points>
		</object>
		<object>
			<coordinate>pixel</coordinate>
			<type>rectangle</type>
			<description>None</description>
			<possibleresult>
				<name>Small Car</name>
			</possibleresult>
			<points>
				<point>194.000000,148.000000</point>
				<point>182.000000,148.000000</point>
				<point>182.000000,129.000000</point>
				<point>194.000000,129.000000</point>
				<point>194.000000,148.000000</point>
			</points>
		</object>
		<object>
			<coordinate>pixel</coordinate>
			<type>rectangle</type>
			<description>None</description>
			<possibleresult>
				<name>Dump Truck</name>
			</possibleresult>
			<points>
				<point>251.000015,274.000031</point>
				<point>239.027176,274.570160</point>
				<point>238.000015,253.000031</point>
				<point>249.972855,252.429901</point>
				<point>251.000015,274.000031</point>
			</points>
		</object>
		<object>
			<coordinate>pixel</coordinate>
			<type>rectangle</type>
			<description>None</description>
			<possibleresult>
				<name>Small Car</name>
			</possibleresult>
			<points>
				<point>308.000061,281.000031</point>
				<point>297.975098,281.501251</point>
				<point>296.975098,261.501251</point>
				<point>307.000061,261.000031</point>
				<point>308.000061,281.000031</point>
			</points>
		</object>
		<object>
			<coordinate>pixel</coordinate>
			<type>rectangle</type>
			<description>None</description>
			<possibleresult>
				<name>Van</name>
			</possibleresult>
			<points>
				<point>476.000031,292.000000</point>
				<point>474.969025,309.527588</point>
				<point>466.000031,309.000000</point>
				<point>467.031036,291.472412</point>
				<point>476.000031,292.000000</point>
			</points>
		</object>
		<object>
			<coordinate>pixel</coordinate>
			<type>rectangle</type>
			<description>None</description>
			<possibleresult>
				<name>Small Car</name>
			</possibleresult>
			<points>
				<point>25.000000,393.000000</point>
				<point>16.000000,393.000000</point>
				<point>16.000000,378.000000</point>
				<point>25.000000,378.000000</point>
				<point>25.000000,393.000000</point>
			</points>
		</object>
		<object>
			<coordinate>pixel</coordinate>
			<type>rectangle</type>
			<description>None</description>
			<possibleresult>
				<name>Van</name>
			</possibleresult>
			<points>
				<point>40.000000,393.000000</point>
				<point>29.000000,393.000000</point>
				<point>29.000000,377.000000</point>
				<point>40.000000,377.000000</point>
				<point>40.000000,393.000000</point>
			</points>
		</object>
		<object>
			<coordinate>pixel</coordinate>
			<type>rectangle</type>
			<description>None</description>
			<possibleresult>
				<name>Van</name>
			</possibleresult>
			<points>
				<point>474.000000,418.000000</point>
				<point>464.000000,418.000000</point>
				<point>464.000000,402.000000</point>
				<point>474.000000,402.000000</point>
				<point>474.000000,418.000000</point>
			</points>
		</object>
		<object>
			<coordinate>pixel</coordinate>
			<type>rectangle</type>
			<description>None</description>
			<possibleresult>
				<name>Van</name>
			</possibleresult>
			<points>
				<point>299.000000,453.999969</point>
				<point>297.000000,474.999969</point>
				<point>285.910095,473.943817</point>
				<point>287.910095,452.943817</point>
				<point>299.000000,453.999969</point>
			</points>
		</object>
		<object>
			<coordinate>pixel</coordinate>
			<type>rectangle</type>
			<description>None</description>
			<possibleresult>
				<name>Small Car</name>
			</possibleresult>
			<points>
				<point>414.000000,453.999969</point>
				<point>411.000000,473.999969</point>
				<point>400.926636,472.488983</point>
				<point>403.926636,452.488983</point>
				<point>414.000000,453.999969</point>
			</points>
		</object>
		<object>
			<coordinate>pixel</coordinate>
			<type>rectangle</type>
			<description>None</description>
			<possibleresult>
				<name>Van</name>
			</possibleresult>
			<points>
				<point>385.000000,542.999939</point>
				<point>375.073364,544.488953</point>
				<point>372.000000,523.999939</point>
				<point>381.926636,522.510925</point>
				<point>385.000000,542.999939</point>
			</points>
		</object>
		<object>
			<coordinate>pixel</coordinate>
			<type>rectangle</type>
			<description>None</description>
			<possibleresult>
				<name>Small Car</name>
			</possibleresult>
			<points>
				<point>363.024841,560.472412</point>
				<point>353.000000,561.000000</point>
				<point>351.975159,541.527588</point>
				<point>362.000000,541.000000</point>
				<point>363.024841,560.472412</point>
			</points>
		</object>
		<object>
			<coordinate>pixel</coordinate>
			<type>rectangle</type>
			<description>None</description>
			<possibleresult>
				<name>Small Car</name>
			</possibleresult>
			<points>
				<point>312.020721,573.648254</point>
				<point>311.000031,590.999939</point>
				<point>299.979340,590.351624</point>
				<point>301.000031,572.999939</point>
				<point>312.020721,573.648254</point>
			</points>
		</object>
		<object>
			<coordinate>pixel</coordinate>
			<type>rectangle</type>
			<description>None</description>
			<possibleresult>
				<name>Van</name>
			</possibleresult>
			<points>
				<point>81.000000,648.000000</point>
				<point>71.012192,649.109741</point>
				<point>69.000000,631.000000</point>
				<point>78.987808,629.890259</point>
				<point>81.000000,648.000000</point>
			</points>
		</object>
		<object>
			<coordinate>pixel</coordinate>
			<type>rectangle</type>
			<description>None</description>
			<possibleresult>
				<name>Small Car</name>
			</possibleresult>
			<points>
				<point>81.000000,729.999939</point>
				<point>71.030762,730.553772</point>
				<point>70.000000,711.999939</point>
				<point>79.969238,711.446106</point>
				<point>81.000000,729.999939</point>
			</points>
		</object>
		<object>
			<coordinate>pixel</coordinate>
			<type>rectangle</type>
			<description>None</description>
			<possibleresult>
				<name>Van</name>
			</possibleresult>
			<points>
				<point>289.000000,805.000000</point>
				<point>258.000000,805.000000</point>
				<point>258.000000,796.000000</point>
				<point>289.000000,796.000000</point>
				<point>289.000000,805.000000</point>
			</points>
		</object>
		<object>
			<coordinate>pixel</coordinate>
			<type>rectangle</type>
			<description>None</description>
			<possibleresult>
				<name>Small Car</name>
			</possibleresult>
			<points>
				<point>249.000031,802.999878</point>
				<point>248.000031,821.999878</point>
				<point>236.977936,821.419800</point>
				<point>237.977936,802.419800</point>
				<point>249.000031,802.999878</point>
			</points>
		</object>
		<object>
			<coordinate>pixel</coordinate>
			<type>rectangle</type>
			<description>None</description>
			<possibleresult>
				<name>Small Car</name>
			</possibleresult>
			<points>
				<point>379.586182,837.965637</point>
				<point>378.000000,857.000061</point>
				<point>366.000000,856.000061</point>
				<point>367.586182,836.965637</point>
				<point>379.586182,837.965637</point>
			</points>
		</object>
		<object>
			<coordinate>pixel</coordinate>
			<type>rectangle</type>
			<description>None</description>
			<possibleresult>
				<name>Dump Truck</name>
			</possibleresult>
			<points>
				<point>417.000000,935.000000</point>
				<point>405.000000,935.000000</point>
				<point>405.000000,914.000000</point>
				<point>417.000000,914.000000</point>
				<point>417.000000,935.000000</point>
			</points>
		</object>
		<object>
			<coordinate>pixel</coordinate>
			<type>rectangle</type>
			<description>None</description>
			<possibleresult>
				<name>Small Car</name>
			</possibleresult>
			<points>
				<point>418.027679,953.524902</point>
				<point>409.000031,954.000000</point>
				<point>408.000031,935.000000</point>
				<point>417.027679,934.524902</point>
				<point>418.027679,953.524902</point>
			</points>
		</object>
		<object>
			<coordinate>pixel</coordinate>
			<type>rectangle</type>
			<description>None</description>
			<possibleresult>
				<name>other-vehicle</name>
			</possibleresult>
			<points>
				<point>196.000000,961.000000</point>
				<point>186.000000,961.000000</point>
				<point>186.000000,941.000000</point>
				<point>196.000000,941.000000</point>
				<point>196.000000,961.000000</point>
			</points>
		</object>
		<object>
			<coordinate>pixel</coordinate>
			<type>rectangle</type>
			<description>None</description>
			<possibleresult>
				<name>Small Car</name>
			</possibleresult>
			<points>
				<point>40.000000,941.000000</point>
				<point>16.000000,941.000000</point>
				<point>16.000000,932.000000</point>
				<point>40.000000,932.000000</point>
				<point>40.000000,941.000000</point>
			</points>
		</object>
		<object>
			<coordinate>pixel</coordinate>
			<type>rectangle</type>
			<description>None</description>
			<possibleresult>
				<name>Small Car</name>
			</possibleresult>
			<points>
				<point>366.000031,940.000122</point>
				<point>355.000031,941.000122</point>
				<point>353.360687,922.967285</point>
				<point>364.360687,921.967285</point>
				<point>366.000031,940.000122</point>
			</points>
		</object>
		<object>
			<coordinate>pixel</coordinate>
			<type>rectangle</type>
			<description>None</description>
			<possibleresult>
				<name>Van</name>
			</possibleresult>
			<points>
				<point>253.000031,970.000183</point>
				<point>242.000031,971.000183</point>
				<point>240.360687,952.967346</point>
				<point>251.360687,951.967346</point>
				<point>253.000031,970.000183</point>
			</points>
		</object>
		<object>
			<coordinate>pixel</coordinate>
			<type>rectangle</type>
			<description>None</description>
			<possibleresult>
				<name>Small Car</name>
			</possibleresult>
			<points>
				<point>476.000061,962.999939</point>
				<point>474.972412,982.524841</point>
				<point>465.000061,981.999939</point>
				<point>466.027710,962.475037</point>
				<point>476.000061,962.999939</point>
			</points>
		</object>
		<object>
			<coordinate>pixel</coordinate>
			<type>rectangle</type>
			<description>None</description>
			<possibleresult>
				<name>Dump Truck</name>
			</possibleresult>
			<points>
				<point>530.000000,961.000000</point>
				<point>521.000000,961.000000</point>
				<point>521.000000,944.000000</point>
				<point>530.000000,944.000000</point>
				<point>530.000000,961.000000</point>
			</points>
		</object>
		<object>
			<coordinate>pixel</coordinate>
			<type>rectangle</type>
			<description>None</description>
			<possibleresult>
				<name>Small Car</name>
			</possibleresult>
			<points>
				<point>461.000000,820.000000</point>
				<point>452.000000,820.000000</point>
				<point>452.000000,801.000000</point>
				<point>461.000000,801.000000</point>
				<point>461.000000,820.000000</point>
			</points>
		</object>
		<object>
			<coordinate>pixel</coordinate>
			<type>rectangle</type>
			<description>None</description>
			<possibleresult>
				<name>Small Car</name>
			</possibleresult>
			<points>
				<point>533.000000,752.000000</point>
				<point>523.000000,752.000000</point>
				<point>523.000000,736.000000</point>
				<point>533.000000,736.000000</point>
				<point>533.000000,752.000000</point>
			</points>
		</object>
		<object>
			<coordinate>pixel</coordinate>
			<type>rectangle</type>
			<description>None</description>
			<possibleresult>
				<name>Small Car</name>
			</possibleresult>
			<points>
				<point>588.999939,778.000000</point>
				<point>579.058777,778.764648</point>
				<point>578.058777,765.764648</point>
				<point>587.999939,765.000000</point>
				<point>588.999939,778.000000</point>
			</points>
		</object>
		<object>
			<coordinate>pixel</coordinate>
			<type>rectangle</type>
			<description>None</description>
			<possibleresult>
				<name>Van</name>
			</possibleresult>
			<points>
				<point>643.999939,750.000061</point>
				<point>634.121887,751.097595</point>
				<point>632.121887,733.097595</point>
				<point>641.999939,732.000061</point>
				<point>643.999939,750.000061</point>
			</points>
		</object>
		<object>
			<coordinate>pixel</coordinate>
			<type>rectangle</type>
			<description>None</description>
			<possibleresult>
				<name>Small Car</name>
			</possibleresult>
			<points>
				<point>519.000000,530.999939</point>
				<point>518.000000,547.999939</point>
				<point>508.972412,547.468933</point>
				<point>509.972412,530.468933</point>
				<point>519.000000,530.999939</point>
			</points>
		</object>
		<object>
			<coordinate>pixel</coordinate>
			<type>rectangle</type>
			<description>None</description>
			<possibleresult>
				<name>Van</name>
			</possibleresult>
			<points>
				<point>592.024963,588.501282</point>
				<point>591.024963,608.501282</point>
				<point>581.000061,608.000061</point>
				<point>582.000061,588.000061</point>
				<point>592.024963,588.501282</point>
			</points>
		</object>
		<object>
			<coordinate>pixel</coordinate>
			<type>rectangle</type>
			<description>None</description>
			<possibleresult>
				<name>Van</name>
			</possibleresult>
			<points>
				<point>642.022644,598.524963</point>
				<point>641.000061,620.000061</point>
				<point>629.977478,619.475159</point>
				<point>631.000061,598.000061</point>
				<point>642.022644,598.524963</point>
			</points>
		</object>
		<object>
			<coordinate>pixel</coordinate>
			<type>rectangle</type>
			<description>None</description>
			<possibleresult>
				<name>Van</name>
			</possibleresult>
			<points>
				<point>590.000000,648.000000</point>
				<point>578.000000,648.000000</point>
				<point>578.000000,628.000000</point>
				<point>590.000000,628.000000</point>
				<point>590.000000,648.000000</point>
			</points>
		</object>
		<object>
			<coordinate>pixel</coordinate>
			<type>rectangle</type>
			<description>None</description>
			<possibleresult>
				<name>Van</name>
			</possibleresult>
			<points>
				<point>531.999939,413.000000</point>
				<point>521.033752,413.609253</point>
				<point>519.999939,395.000000</point>
				<point>530.966125,394.390747</point>
				<point>531.999939,413.000000</point>
			</points>
		</object>
		<object>
			<coordinate>pixel</coordinate>
			<type>rectangle</type>
			<description>None</description>
			<possibleresult>
				<name>Small Car</name>
			</possibleresult>
			<points>
				<point>642.027649,404.468964</point>
				<point>633.000061,404.999969</point>
				<point>631.972473,387.530975</point>
				<point>641.000061,386.999969</point>
				<point>642.027649,404.468964</point>
			</points>
		</object>
		<object>
			<coordinate>pixel</coordinate>
			<type>rectangle</type>
			<description>None</description>
			<possibleresult>
				<name>Small Car</name>
			</possibleresult>
			<points>
				<point>643.027588,426.524841</point>
				<point>634.000000,427.000000</point>
				<point>633.000000,408.000000</point>
				<point>642.027588,407.524841</point>
				<point>643.027588,426.524841</point>
			</points>
		</object>
		<object>
			<coordinate>pixel</coordinate>
			<type>rectangle</type>
			<description>None</description>
			<possibleresult>
				<name>Van</name>
			</possibleresult>
			<points>
				<point>530.000000,302.000031</point>
				<point>520.024902,302.498810</point>
				<point>519.000000,282.000031</point>
				<point>528.975098,281.501251</point>
				<point>530.000000,302.000031</point>
			</points>
		</object>
		<object>
			<coordinate>pixel</coordinate>
			<type>rectangle</type>
			<description>None</description>
			<possibleresult>
				<name>Van</name>
			</possibleresult>
			<points>
				<point>586.000000,347.000000</point>
				<point>573.000000,347.000000</point>
				<point>573.000000,336.000000</point>
				<point>586.000000,336.000000</point>
				<point>586.000000,347.000000</point>
			</points>
		</object>
		<object>
			<coordinate>pixel</coordinate>
			<type>rectangle</type>
			<description>None</description>
			<possibleresult>
				<name>Van</name>
			</possibleresult>
			<points>
				<point>623.020630,138.648270</point>
				<point>622.000000,155.999985</point>
				<point>610.979370,155.351700</point>
				<point>612.000000,137.999985</point>
				<point>623.020630,138.648270</point>
			</points>
		</object>
		<object>
			<coordinate>pixel</coordinate>
			<type>rectangle</type>
			<description>None</description>
			<possibleresult>
				<name>Small Car</name>
			</possibleresult>
			<points>
				<point>674.000000,141.999985</point>
				<point>662.494141,155.423508</point>
				<point>654.917725,148.929398</point>
				<point>666.423584,135.505875</point>
				<point>674.000000,141.999985</point>
			</points>
		</object>
		<object>
			<coordinate>pixel</coordinate>
			<type>rectangle</type>
			<description>None</description>
			<possibleresult>
				<name>Van</name>
			</possibleresult>
			<points>
				<point>688.000000,137.000000</point>
				<point>685.920044,151.559998</point>
				<point>675.000000,150.000000</point>
				<point>677.079956,135.440002</point>
				<point>688.000000,137.000000</point>
			</points>
		</object>
		<object>
			<coordinate>pixel</coordinate>
			<type>rectangle</type>
			<description>None</description>
			<possibleresult>
				<name>Small Car</name>
			</possibleresult>
			<points>
				<point>673.000000,30.000000</point>
				<point>653.000000,30.000000</point>
				<point>653.000000,20.000000</point>
				<point>673.000000,20.000000</point>
				<point>673.000000,30.000000</point>
			</points>
		</object>
		<object>
			<coordinate>pixel</coordinate>
			<type>rectangle</type>
			<description>None</description>
			<possibleresult>
				<name>Small Car</name>
			</possibleresult>
			<points>
				<point>760.000000,67.000000</point>
				<point>750.030762,67.553841</point>
				<point>749.000000,48.999996</point>
				<point>758.969238,48.446152</point>
				<point>760.000000,67.000000</point>
			</points>
		</object>
		<object>
			<coordinate>pixel</coordinate>
			<type>rectangle</type>
			<description>None</description>
			<possibleresult>
				<name>Van</name>
			</possibleresult>
			<points>
				<point>759.000000,83.000000</point>
				<point>749.000000,83.000000</point>
				<point>749.000000,67.000000</point>
				<point>759.000000,67.000000</point>
				<point>759.000000,83.000000</point>
			</points>
		</object>
		<object>
			<coordinate>pixel</coordinate>
			<type>rectangle</type>
			<description>None</description>
			<possibleresult>
				<name>Van</name>
			</possibleresult>
			<points>
				<point>759.999939,107.000000</point>
				<point>749.975037,107.501251</point>
				<point>748.975037,87.501251</point>
				<point>758.999939,87.000000</point>
				<point>759.999939,107.000000</point>
			</points>
		</object>
		<object>
			<coordinate>pixel</coordinate>
			<type>rectangle</type>
			<description>None</description>
			<possibleresult>
				<name>Small Car</name>
			</possibleresult>
			<points>
				<point>754.000000,136.000000</point>
				<point>744.000000,136.000000</point>
				<point>744.000000,118.000000</point>
				<point>754.000000,118.000000</point>
				<point>754.000000,136.000000</point>
			</points>
		</object>
		<object>
			<coordinate>pixel</coordinate>
			<type>rectangle</type>
			<description>None</description>
			<possibleresult>
				<name>Van</name>
			</possibleresult>
			<points>
				<point>868.000061,115.000000</point>
				<point>858.000061,116.000000</point>
				<point>856.297058,98.970291</point>
				<point>866.297058,97.970291</point>
				<point>868.000061,115.000000</point>
			</points>
		</object>
		<object>
			<coordinate>pixel</coordinate>
			<type>rectangle</type>
			<description>None</description>
			<possibleresult>
				<name>Van</name>
			</possibleresult>
			<points>
				<point>869.000122,129.000000</point>
				<point>861.000122,134.000000</point>
				<point>849.820312,116.112366</point>
				<point>857.820312,111.112366</point>
				<point>869.000122,129.000000</point>
			</points>
		</object>
		<object>
			<coordinate>pixel</coordinate>
			<type>rectangle</type>
			<description>None</description>
			<possibleresult>
				<name>Van</name>
			</possibleresult>
			<points>
				<point>812.000000,279.000000</point>
				<point>801.000000,279.000000</point>
				<point>801.000000,262.000000</point>
				<point>812.000000,262.000000</point>
				<point>812.000000,279.000000</point>
			</points>
		</object>
		<object>
			<coordinate>pixel</coordinate>
			<type>rectangle</type>
			<description>None</description>
			<possibleresult>
				<name>Van</name>
			</possibleresult>
			<points>
				<point>811.999939,289.000000</point>
				<point>810.999939,309.000000</point>
				<point>798.980042,308.398987</point>
				<point>799.980042,288.398987</point>
				<point>811.999939,289.000000</point>
			</points>
		</object>
		<object>
			<coordinate>pixel</coordinate>
			<type>rectangle</type>
			<description>None</description>
			<possibleresult>
				<name>Van</name>
			</possibleresult>
			<points>
				<point>847.427734,357.979645</point>
				<point>826.000122,359.000031</point>
				<point>825.572510,350.020416</point>
				<point>847.000122,349.000031</point>
				<point>847.427734,357.979645</point>
			</points>
		</object>
		<object>
			<coordinate>pixel</coordinate>
			<type>rectangle</type>
			<description>None</description>
			<possibleresult>
				<name>Van</name>
			</possibleresult>
			<points>
				<point>810.022095,401.580139</point>
				<point>809.022095,420.580139</point>
				<point>798.000000,420.000000</point>
				<point>799.000000,401.000000</point>
				<point>810.022095,401.580139</point>
			</points>
		</object>
		<object>
			<coordinate>pixel</coordinate>
			<type>rectangle</type>
			<description>None</description>
			<possibleresult>
				<name>Small Car</name>
			</possibleresult>
			<points>
				<point>867.000061,405.000000</point>
				<point>857.000061,407.000000</point>
				<point>853.000061,387.000000</point>
				<point>863.000061,385.000000</point>
				<point>867.000061,405.000000</point>
			</points>
		</object>
		<object>
			<coordinate>pixel</coordinate>
			<type>rectangle</type>
			<description>None</description>
			<possibleresult>
				<name>Van</name>
			</possibleresult>
			<points>
				<point>866.022156,419.331879</point>
				<point>856.000061,420.000031</point>
				<point>855.000061,405.000031</point>
				<point>865.022156,404.331879</point>
				<point>866.022156,419.331879</point>
			</points>
		</object>
		<object>
			<coordinate>pixel</coordinate>
			<type>rectangle</type>
			<description>None</description>
			<possibleresult>
				<name>Small Car</name>
			</possibleresult>
			<points>
				<point>799.022095,550.419861</point>
				<point>788.000000,550.999939</point>
				<point>786.977905,531.580017</point>
				<point>798.000000,530.999939</point>
				<point>799.022095,550.419861</point>
			</points>
		</object>
		<object>
			<coordinate>pixel</coordinate>
			<type>rectangle</type>
			<description>None</description>
			<possibleresult>
				<name>Van</name>
			</possibleresult>
			<points>
				<point>849.022095,556.419861</point>
				<point>838.000000,556.999939</point>
				<point>836.977905,537.580017</point>
				<point>848.000000,536.999939</point>
				<point>849.022095,556.419861</point>
			</points>
		</object>
		<object>
			<coordinate>pixel</coordinate>
			<type>rectangle</type>
			<description>None</description>
			<possibleresult>
				<name>Small Car</name>
			</possibleresult>
			<points>
				<point>856.000000,577.000000</point>
				<point>845.095337,578.635742</point>
				<point>842.000000,558.000000</point>
				<point>852.904663,556.364258</point>
				<point>856.000000,577.000000</point>
			</points>
		</object>
		<object>
			<coordinate>pixel</coordinate>
			<type>rectangle</type>
			<description>None</description>
			<possibleresult>
				<name>Van</name>
			</possibleresult>
			<points>
				<point>748.015869,783.945801</point>
				<point>743.000000,801.000000</point>
				<point>732.984131,798.054199</point>
				<point>738.000000,781.000000</point>
				<point>748.015869,783.945801</point>
			</points>
		</object>
		<object>
			<coordinate>pixel</coordinate>
			<type>rectangle</type>
			<description>None</description>
			<possibleresult>
				<name>Small Car</name>
			</possibleresult>
			<points>
				<point>866.000000,772.000000</point>
				<point>856.000000,772.000000</point>
				<point>856.000000,753.000000</point>
				<point>866.000000,753.000000</point>
				<point>866.000000,772.000000</point>
			</points>
		</object>
		<object>
			<coordinate>pixel</coordinate>
			<type>rectangle</type>
			<description>None</description>
			<possibleresult>
				<name>Van</name>
			</possibleresult>
			<points>
				<point>809.000000,791.000061</point>
				<point>807.955811,806.663757</point>
				<point>798.000122,806.000061</point>
				<point>799.044312,790.336365</point>
				<point>809.000000,791.000061</point>
			</points>
		</object>
		<object>
			<coordinate>pixel</coordinate>
			<type>rectangle</type>
			<description>None</description>
			<possibleresult>
				<name>Van</name>
			</possibleresult>
			<points>
				<point>920.000000,830.000000</point>
				<point>911.000000,830.000000</point>
				<point>911.000000,814.000000</point>
				<point>920.000000,814.000000</point>
				<point>920.000000,830.000000</point>
			</points>
		</object>
		<object>
			<coordinate>pixel</coordinate>
			<type>rectangle</type>
			<description>None</description>
			<possibleresult>
				<name>Small Car</name>
			</possibleresult>
			<points>
				<point>644.000000,964.000000</point>
				<point>633.000000,964.000000</point>
				<point>633.000000,945.000000</point>
				<point>644.000000,945.000000</point>
				<point>644.000000,964.000000</point>
			</points>
		</object>
		<object>
			<coordinate>pixel</coordinate>
			<type>rectangle</type>
			<description>None</description>
			<possibleresult>
				<name>Van</name>
			</possibleresult>
			<points>
				<point>702.000000,934.000000</point>
				<point>688.000000,934.000000</point>
				<point>688.000000,909.000000</point>
				<point>702.000000,909.000000</point>
				<point>702.000000,934.000000</point>
			</points>
		</object>
		<object>
			<coordinate>pixel</coordinate>
			<type>rectangle</type>
			<description>None</description>
			<possibleresult>
				<name>Small Car</name>
			</possibleresult>
			<points>
				<point>812.000000,959.000061</point>
				<point>810.962036,976.644836</point>
				<point>800.000000,976.000061</point>
				<point>801.037964,958.355286</point>
				<point>812.000000,959.000061</point>
			</points>
		</object>
		<object>
			<coordinate>pixel</coordinate>
			<type>rectangle</type>
			<description>None</description>
			<possibleresult>
				<name>Cargo Truck</name>
			</possibleresult>
			<points>
				<point>919.000000,934.000000</point>
				<point>910.000000,934.000000</point>
				<point>910.000000,913.000000</point>
				<point>919.000000,913.000000</point>
				<point>919.000000,934.000000</point>
			</points>
		</object>
		<object>
			<coordinate>pixel</coordinate>
			<type>rectangle</type>
			<description>None</description>
			<possibleresult>
				<name>Small Car</name>
			</possibleresult>
			<points>
				<point>923.000000,963.000000</point>
				<point>913.000000,963.000000</point>
				<point>913.000000,943.000000</point>
				<point>923.000000,943.000000</point>
				<point>923.000000,963.000000</point>
			</points>
		</object>
		<object>
			<coordinate>pixel</coordinate>
			<type>rectangle</type>
			<description>None</description>
			<possibleresult>
				<name>Small Car</name>
			</possibleresult>
			<points>
				<point>978.000000,984.000000</point>
				<point>968.000000,984.000000</point>
				<point>968.000000,965.000000</point>
				<point>978.000000,965.000000</point>
				<point>978.000000,984.000000</point>
			</points>
		</object>
		<object>
			<coordinate>pixel</coordinate>
			<type>rectangle</type>
			<description>None</description>
			<possibleresult>
				<name>Small Car</name>
			</possibleresult>
			<points>
				<point>1000.000000,472.142914</point>
				<point>994.000061,479.000000</point>
				<point>987.061951,472.929199</point>
				<point>1000.000000,458.142853</point>
				<point>1000.000000,472.142914</point>
			</points>
		</object>
		<object>
			<coordinate>pixel</coordinate>
			<type>rectangle</type>
			<description>None</description>
			<possibleresult>
				<name>Small Car</name>
			</possibleresult>
			<points>
				<point>972.019470,462.688751</point>
				<point>971.000061,479.000031</point>
				<point>959.980652,478.311310</point>
				<point>961.000061,462.000031</point>
				<point>972.019470,462.688751</point>
			</points>
		</object>
		<object>
			<coordinate>pixel</coordinate>
			<type>rectangle</type>
			<description>None</description>
			<possibleresult>
				<name>Small Car</name>
			</possibleresult>
			<points>
				<point>980.549316,397.959106</point>
				<point>979.000122,415.000061</point>
				<point>968.000122,414.000061</point>
				<point>969.549316,396.959106</point>
				<point>980.549316,397.959106</point>
			</points>
		</object>
		<object>
			<coordinate>pixel</coordinate>
			<type>rectangle</type>
			<description>None</description>
			<possibleresult>
				<name>Dump Truck</name>
			</possibleresult>
			<points>
				<point>1000.000000,358.517273</point>
				<point>985.000000,358.000061</point>
				<point>985.345581,347.977478</point>
				<point>1000.345581,348.494690</point>
				<point>1000.000000,358.517273</point>
			</points>
		</object>
		<object>
			<coordinate>pixel</coordinate>
			<type>rectangle</type>
			<description>None</description>
			<possibleresult>
				<name>Small Car</name>
			</possibleresult>
			<points>
				<point>980.024597,301.443054</point>
				<point>969.999939,302.000000</point>
				<point>968.999939,284.000000</point>
				<point>979.024597,283.443054</point>
				<point>980.024597,301.443054</point>
			</points>
		</object>
		<object>
			<coordinate>pixel</coordinate>
			<type>rectangle</type>
			<description>None</description>
			<possibleresult>
				<name>Van</name>
			</possibleresult>
			<points>
				<point>251.000015,292.999969</point>
				<point>240.975388,293.556915</point>
				<point>239.975388,275.556915</point>
				<point>250.000015,274.999969</point>
				<point>251.000015,292.999969</point>
			</points>
		</object>
	</objects>
</annotation>