<?xml version="1.0" encoding="utf-8"?>
<annotation>
	<source>
		<filename>1156.tif</filename>
		<origin>GF2/GF3</origin>
	</source>
	<research>
		<version>1.0</version>
		<provider>FAIR1M</provider>
		<author>Cyber</author>
		<pluginname>FAIR1M</pluginname>
		<pluginclass>object detection</pluginclass>
		<time>2021-03</time>
	</research>
	<size>
		<width>3000</width>
		<height>3000</height>
		<depth>3</depth>
	</size>
	<objects>
		<object>
			<coordinate>pixel</coordinate>
			<type>rectangle</type>
			<description>None</description>
			<possibleresult>
				<name>other-airplane</name>
			</possibleresult>
			<points>
				<point>2186.000000,685.000000</point>
				<point>2222.000000,677.000000</point>
				<point>2213.000000,637.000000</point>
				<point>2176.000000,645.000000</point>
				<point>2186.000000,685.000000</point>
			</points>
		</object>
	</objects>
</annotation>