<?xml version="1.0" encoding="utf-8"?>
<annotation>
	<source>
		<filename>116.tif</filename>
		<origin>GF2/GF3</origin>
	</source>
	<research>
		<version>1.0</version>
		<provider>FAIR1M</provider>
		<author>Cyber</author>
		<pluginname>FAIR1M</pluginname>
		<pluginclass>object detection</pluginclass>
		<time>2021-03</time>
	</research>
	<size>
		<width>1000</width>
		<height>1000</height>
		<depth>3</depth>
	</size>
	<objects>
		<object>
			<coordinate>pixel</coordinate>
			<type>rectangle</type>
			<description>None</description>
			<possibleresult>
				<name>Boeing737</name>
			</possibleresult>
			<points>
				<point>941.000000,322.000000</point>
				<point>916.000000,281.000000</point>
				<point>878.000000,305.000000</point>
				<point>902.000000,346.000000</point>
				<point>941.000000,322.000000</point>
			</points>
		</object>
		<object>
			<coordinate>pixel</coordinate>
			<type>rectangle</type>
			<description>None</description>
			<possibleresult>
				<name>other-airplane</name>
			</possibleresult>
			<points>
				<point>841.000000,203.000000</point>
				<point>890.000000,191.000000</point>
				<point>879.000000,147.000000</point>
				<point>831.000000,158.000000</point>
				<point>841.000000,203.000000</point>
			</points>
		</object>
		<object>
			<coordinate>pixel</coordinate>
			<type>rectangle</type>
			<description>None</description>
			<possibleresult>
				<name>Boeing737</name>
			</possibleresult>
			<points>
				<point>645.000000,296.000000</point>
				<point>665.000000,334.000000</point>
				<point>704.000000,313.000000</point>
				<point>683.000000,275.000000</point>
				<point>645.000000,296.000000</point>
			</points>
		</object>
	</objects>
</annotation>