<?xml version="1.0" encoding="utf-8"?>
<annotation>
	<source>
		<filename>1160.tif</filename>
		<origin>GF2/GF3</origin>
	</source>
	<research>
		<version>1.0</version>
		<provider>FAIR1M</provider>
		<author>Cyber</author>
		<pluginname>FAIR1M</pluginname>
		<pluginclass>object detection</pluginclass>
		<time>2021-03</time>
	</research>
	<size>
		<width>1000</width>
		<height>1000</height>
		<depth>3</depth>
	</size>
	<objects>
		<object>
			<coordinate>pixel</coordinate>
			<type>rectangle</type>
			<description>None</description>
			<possibleresult>
				<name>Tennis Court</name>
			</possibleresult>
			<points>
				<point>729.000000,309.000000</point>
				<point>680.000000,309.000000</point>
				<point>680.000000,227.000000</point>
				<point>729.000000,227.000000</point>
				<point>729.000000,309.000000</point>
			</points>
		</object>
		<object>
			<coordinate>pixel</coordinate>
			<type>rectangle</type>
			<description>None</description>
			<possibleresult>
				<name>Tennis Court</name>
			</possibleresult>
			<points>
				<point>667.004883,227.604980</point>
				<point>666.000000,309.000000</point>
				<point>616.995117,308.395020</point>
				<point>618.000000,227.000000</point>
				<point>667.004883,227.604980</point>
			</points>
		</object>
		<object>
			<coordinate>pixel</coordinate>
			<type>rectangle</type>
			<description>None</description>
			<possibleresult>
				<name>Tennis Court</name>
			</possibleresult>
			<points>
				<point>603.999939,309.000000</point>
				<point>554.999939,309.000000</point>
				<point>554.999939,227.000000</point>
				<point>603.999939,227.000000</point>
				<point>603.999939,309.000000</point>
			</points>
		</object>
		<object>
			<coordinate>pixel</coordinate>
			<type>rectangle</type>
			<description>None</description>
			<possibleresult>
				<name>Tennis Court</name>
			</possibleresult>
			<points>
				<point>540.000000,309.000000</point>
				<point>493.000000,309.000000</point>
				<point>493.000000,227.000000</point>
				<point>540.000000,227.000000</point>
				<point>540.000000,309.000000</point>
			</points>
		</object>
		<object>
			<coordinate>pixel</coordinate>
			<type>rectangle</type>
			<description>None</description>
			<possibleresult>
				<name>Tennis Court</name>
			</possibleresult>
			<points>
				<point>476.000000,309.000000</point>
				<point>426.000000,309.000000</point>
				<point>426.000000,227.000000</point>
				<point>476.000000,227.000000</point>
				<point>476.000000,309.000000</point>
			</points>
		</object>
		<object>
			<coordinate>pixel</coordinate>
			<type>rectangle</type>
			<description>None</description>
			<possibleresult>
				<name>Tennis Court</name>
			</possibleresult>
			<points>
				<point>410.999969,309.000000</point>
				<point>362.999969,309.000000</point>
				<point>362.999969,227.000000</point>
				<point>410.999969,227.000000</point>
				<point>410.999969,309.000000</point>
			</points>
		</object>
		<object>
			<coordinate>pixel</coordinate>
			<type>rectangle</type>
			<description>None</description>
			<possibleresult>
				<name>Tennis Court</name>
			</possibleresult>
			<points>
				<point>702.999939,182.000000</point>
				<point>652.999939,182.000000</point>
				<point>652.999939,100.000008</point>
				<point>702.999939,100.000000</point>
				<point>702.999939,182.000000</point>
			</points>
		</object>
		<object>
			<coordinate>pixel</coordinate>
			<type>rectangle</type>
			<description>None</description>
			<possibleresult>
				<name>Tennis Court</name>
			</possibleresult>
			<points>
				<point>634.999939,182.000000</point>
				<point>584.999939,182.000000</point>
				<point>584.999939,100.000000</point>
				<point>634.999939,100.000000</point>
				<point>634.999939,182.000000</point>
			</points>
		</object>
		<object>
			<coordinate>pixel</coordinate>
			<type>rectangle</type>
			<description>None</description>
			<possibleresult>
				<name>Tennis Court</name>
			</possibleresult>
			<points>
				<point>566.000000,182.000000</point>
				<point>517.000000,182.000000</point>
				<point>517.000000,100.000000</point>
				<point>566.000000,100.000000</point>
				<point>566.000000,182.000000</point>
			</points>
		</object>
		<object>
			<coordinate>pixel</coordinate>
			<type>rectangle</type>
			<description>None</description>
			<possibleresult>
				<name>Tennis Court</name>
			</possibleresult>
			<points>
				<point>475.000061,100.000000</point>
				<point>473.992798,182.597473</point>
				<point>425.000061,182.000000</point>
				<point>426.007324,99.402527</point>
				<point>475.000061,100.000000</point>
			</points>
		</object>
		<object>
			<coordinate>pixel</coordinate>
			<type>rectangle</type>
			<description>None</description>
			<possibleresult>
				<name>Tennis Court</name>
			</possibleresult>
			<points>
				<point>410.999969,182.000000</point>
				<point>362.999969,182.000000</point>
				<point>362.999969,100.000008</point>
				<point>410.999969,100.000000</point>
				<point>410.999969,182.000000</point>
			</points>
		</object>
		<object>
			<coordinate>pixel</coordinate>
			<type>rectangle</type>
			<description>None</description>
			<possibleresult>
				<name>Dump Truck</name>
			</possibleresult>
			<points>
				<point>30.000000,604.999939</point>
				<point>3.907692,608.261536</point>
				<point>2.907692,600.261536</point>
				<point>29.000000,596.999939</point>
				<point>30.000000,604.999939</point>
			</points>
		</object>
		<object>
			<coordinate>pixel</coordinate>
			<type>rectangle</type>
			<description>None</description>
			<possibleresult>
				<name>Van</name>
			</possibleresult>
			<points>
				<point>131.000000,597.999939</point>
				<point>109.764038,600.022400</point>
				<point>109.000000,591.999939</point>
				<point>130.235962,589.977478</point>
				<point>131.000000,597.999939</point>
			</points>
		</object>
		<object>
			<coordinate>pixel</coordinate>
			<type>rectangle</type>
			<description>None</description>
			<possibleresult>
				<name>Van</name>
			</possibleresult>
			<points>
				<point>130.000000,589.000000</point>
				<point>108.669662,591.031494</point>
				<point>108.000000,584.000000</point>
				<point>129.330338,581.968506</point>
				<point>130.000000,589.000000</point>
			</points>
		</object>
		<object>
			<coordinate>pixel</coordinate>
			<type>rectangle</type>
			<description>None</description>
			<possibleresult>
				<name>Small Car</name>
			</possibleresult>
			<points>
				<point>968.000122,245.000061</point>
				<point>954.000122,259.000061</point>
				<point>948.000122,253.000061</point>
				<point>962.000122,239.000061</point>
				<point>968.000122,245.000061</point>
			</points>
		</object>
		<object>
			<coordinate>pixel</coordinate>
			<type>rectangle</type>
			<description>None</description>
			<possibleresult>
				<name>Cargo Truck</name>
			</possibleresult>
			<points>
				<point>270.000031,328.000031</point>
				<point>266.393524,337.155060</point>
				<point>233.000031,324.000031</point>
				<point>236.606537,314.845001</point>
				<point>270.000031,328.000031</point>
			</points>
		</object>
		<object>
			<coordinate>pixel</coordinate>
			<type>rectangle</type>
			<description>None</description>
			<possibleresult>
				<name>Bus</name>
			</possibleresult>
			<points>
				<point>0.000000,509.923035</point>
				<point>0.000000,495.999939</point>
				<point>3.050567,495.999939</point>
				<point>3.050567,509.923035</point>
				<point>0.000000,509.923035</point>
			</points>
		</object>
		<object>
			<coordinate>pixel</coordinate>
			<type>rectangle</type>
			<description>None</description>
			<possibleresult>
				<name>Van</name>
			</possibleresult>
			<points>
				<point>612.000000,469.000000</point>
				<point>588.000000,469.000000</point>
				<point>588.000000,463.000000</point>
				<point>612.000000,463.000000</point>
				<point>612.000000,469.000000</point>
			</points>
		</object>
	</objects>
</annotation>