<?xml version="1.0" encoding="utf-8"?>
<annotation>
	<source>
		<filename>1163.tif</filename>
		<origin>GF2/GF3</origin>
	</source>
	<research>
		<version>1.0</version>
		<provider>FAIR1M</provider>
		<author>Cyber</author>
		<pluginname>FAIR1M</pluginname>
		<pluginclass>object detection</pluginclass>
		<time>2021-03</time>
	</research>
	<size>
		<width>1000</width>
		<height>1000</height>
		<depth>3</depth>
	</size>
	<objects>
		<object>
			<coordinate>pixel</coordinate>
			<type>rectangle</type>
			<description>None</description>
			<possibleresult>
				<name>Boeing737</name>
			</possibleresult>
			<points>
				<point>1006.000000,200.000000</point>
				<point>979.000000,158.000000</point>
				<point>943.000000,182.000000</point>
				<point>970.000000,223.000000</point>
				<point>1006.000000,200.000000</point>
			</points>
		</object>
		<object>
			<coordinate>pixel</coordinate>
			<type>rectangle</type>
			<description>None</description>
			<possibleresult>
				<name>Boeing737</name>
			</possibleresult>
			<points>
				<point>875.000000,291.000000</point>
				<point>848.000000,250.000000</point>
				<point>811.000000,274.000000</point>
				<point>839.000000,315.000000</point>
				<point>875.000000,291.000000</point>
			</points>
		</object>
		<object>
			<coordinate>pixel</coordinate>
			<type>rectangle</type>
			<description>None</description>
			<possibleresult>
				<name>Boeing737</name>
			</possibleresult>
			<points>
				<point>943.000000,453.000000</point>
				<point>968.000000,493.000000</point>
				<point>1004.000000,470.000000</point>
				<point>978.000000,430.000000</point>
				<point>943.000000,453.000000</point>
			</points>
		</object>
	</objects>
</annotation>