<?xml version="1.0" encoding="utf-8"?>
<annotation>
	<source>
		<filename>1164.tif</filename>
		<origin>GF2/GF3</origin>
	</source>
	<research>
		<version>1.0</version>
		<provider>FAIR1M</provider>
		<author>Cyber</author>
		<pluginname>FAIR1M</pluginname>
		<pluginclass>object detection</pluginclass>
		<time>2021-03</time>
	</research>
	<size>
		<width>1000</width>
		<height>1000</height>
		<depth>3</depth>
	</size>
	<objects>
		<object>
			<coordinate>pixel</coordinate>
			<type>rectangle</type>
			<description>None</description>
			<possibleresult>
				<name>Boeing737</name>
			</possibleresult>
			<points>
				<point>520.000000,837.000000</point>
				<point>482.000000,804.000000</point>
				<point>453.000000,836.000000</point>
				<point>491.000000,870.000000</point>
				<point>520.000000,837.000000</point>
			</points>
		</object>
		<object>
			<coordinate>pixel</coordinate>
			<type>rectangle</type>
			<description>None</description>
			<possibleresult>
				<name>A321</name>
			</possibleresult>
			<points>
				<point>827.000000,209.000000</point>
				<point>866.000000,165.000000</point>
				<point>832.000000,135.000000</point>
				<point>793.000000,179.000000</point>
				<point>827.000000,209.000000</point>
			</points>
		</object>
		<object>
			<coordinate>pixel</coordinate>
			<type>rectangle</type>
			<description>None</description>
			<possibleresult>
				<name>A321</name>
			</possibleresult>
			<points>
				<point>670.000000,72.000000</point>
				<point>636.000000,112.000000</point>
				<point>671.000000,141.000000</point>
				<point>705.000000,102.000000</point>
				<point>670.000000,72.000000</point>
			</points>
		</object>
		<object>
			<coordinate>pixel</coordinate>
			<type>rectangle</type>
			<description>None</description>
			<possibleresult>
				<name>A220</name>
			</possibleresult>
			<points>
				<point>812.000000,35.000000</point>
				<point>857.000000,31.000000</point>
				<point>853.000000,-16.000000</point>
				<point>808.000000,-12.000000</point>
				<point>812.000000,35.000000</point>
			</points>
		</object>
	</objects>
</annotation>