<?xml version="1.0" encoding="utf-8"?>
<annotation>
	<source>
		<filename>1167.tif</filename>
		<origin>GF2/GF3</origin>
	</source>
	<research>
		<version>1.0</version>
		<provider>FAIR1M</provider>
		<author>Cyber</author>
		<pluginname>FAIR1M</pluginname>
		<pluginclass>object detection</pluginclass>
		<time>2021-03</time>
	</research>
	<size>
		<width>1000</width>
		<height>1000</height>
		<depth>3</depth>
	</size>
	<objects>
		<object>
			<coordinate>pixel</coordinate>
			<type>rectangle</type>
			<description>None</description>
			<possibleresult>
				<name>Small Car</name>
			</possibleresult>
			<points>
				<point>356.026611,72.601784</point>
				<point>355.000061,88.000008</point>
				<point>345.973511,87.398232</point>
				<point>347.000061,72.000008</point>
				<point>356.026611,72.601784</point>
			</points>
		</object>
		<object>
			<coordinate>pixel</coordinate>
			<type>rectangle</type>
			<description>None</description>
			<possibleresult>
				<name>Small Car</name>
			</possibleresult>
			<points>
				<point>307.000031,65.000008</point>
				<point>304.984650,81.123085</point>
				<point>296.000031,80.000008</point>
				<point>298.015411,63.876930</point>
				<point>307.000031,65.000008</point>
			</points>
		</object>
		<object>
			<coordinate>pixel</coordinate>
			<type>rectangle</type>
			<description>None</description>
			<possibleresult>
				<name>Van</name>
			</possibleresult>
			<points>
				<point>293.000000,64.000008</point>
				<point>291.000000,79.000008</point>
				<point>283.008728,77.934502</point>
				<point>285.008728,62.934502</point>
				<point>293.000000,64.000008</point>
			</points>
		</object>
		<object>
			<coordinate>pixel</coordinate>
			<type>rectangle</type>
			<description>None</description>
			<possibleresult>
				<name>Van</name>
			</possibleresult>
			<points>
				<point>282.364685,63.858833</point>
				<point>279.000000,79.000008</point>
				<point>270.000000,77.000008</point>
				<point>273.364685,61.858833</point>
				<point>282.364685,63.858833</point>
			</points>
		</object>
		<object>
			<coordinate>pixel</coordinate>
			<type>rectangle</type>
			<description>None</description>
			<possibleresult>
				<name>Van</name>
			</possibleresult>
			<points>
				<point>270.056580,59.698120</point>
				<point>267.056580,75.698120</point>
				<point>258.000000,74.000015</point>
				<point>261.000000,58.000015</point>
				<point>270.056580,59.698120</point>
			</points>
		</object>
		<object>
			<coordinate>pixel</coordinate>
			<type>rectangle</type>
			<description>None</description>
			<possibleresult>
				<name>Van</name>
			</possibleresult>
			<points>
				<point>259.615417,56.923080</point>
				<point>256.000031,75.000000</point>
				<point>246.000015,73.000000</point>
				<point>249.615387,54.923080</point>
				<point>259.615417,56.923080</point>
			</points>
		</object>
		<object>
			<coordinate>pixel</coordinate>
			<type>rectangle</type>
			<description>None</description>
			<possibleresult>
				<name>Van</name>
			</possibleresult>
			<points>
				<point>244.999969,55.000000</point>
				<point>243.109741,72.012192</point>
				<point>233.231689,70.914635</point>
				<point>235.121918,53.902443</point>
				<point>244.999969,55.000000</point>
			</points>
		</object>
		<object>
			<coordinate>pixel</coordinate>
			<type>rectangle</type>
			<description>None</description>
			<possibleresult>
				<name>Van</name>
			</possibleresult>
			<points>
				<point>296.999969,0.000000</point>
				<point>294.965302,13.225430</point>
				<point>286.999969,11.999997</point>
				<point>288.846100,0.000000</point>
				<point>296.999969,0.000000</point>
			</points>
		</object>
		<object>
			<coordinate>pixel</coordinate>
			<type>rectangle</type>
			<description>None</description>
			<possibleresult>
				<name>Small Car</name>
			</possibleresult>
			<points>
				<point>321.999969,2.999994</point>
				<point>319.192291,17.038456</point>
				<point>309.192291,15.038456</point>
				<point>311.999969,0.999994</point>
				<point>321.999969,2.999994</point>
			</points>
		</object>
		<object>
			<coordinate>pixel</coordinate>
			<type>rectangle</type>
			<description>None</description>
			<possibleresult>
				<name>Small Car</name>
			</possibleresult>
			<points>
				<point>334.999969,4.999998</point>
				<point>331.846100,20.769230</point>
				<point>322.999969,19.000000</point>
				<point>326.153839,3.230768</point>
				<point>334.999969,4.999998</point>
			</points>
		</object>
		<object>
			<coordinate>pixel</coordinate>
			<type>rectangle</type>
			<description>None</description>
			<possibleresult>
				<name>Small Car</name>
			</possibleresult>
			<points>
				<point>348.192322,6.038458</point>
				<point>345.000000,21.999994</point>
				<point>335.000000,19.999994</point>
				<point>338.192322,4.038458</point>
				<point>348.192322,6.038458</point>
			</points>
		</object>
		<object>
			<coordinate>pixel</coordinate>
			<type>rectangle</type>
			<description>None</description>
			<possibleresult>
				<name>Small Car</name>
			</possibleresult>
			<points>
				<point>343.999969,25.000000</point>
				<point>340.999969,40.000000</point>
				<point>330.999969,38.000000</point>
				<point>333.999969,23.000000</point>
				<point>343.999969,25.000000</point>
			</points>
		</object>
		<object>
			<coordinate>pixel</coordinate>
			<type>rectangle</type>
			<description>None</description>
			<possibleresult>
				<name>Small Car</name>
			</possibleresult>
			<points>
				<point>329.000031,23.000000</point>
				<point>326.984650,39.123077</point>
				<point>318.000031,38.000000</point>
				<point>320.015411,21.876923</point>
				<point>329.000031,23.000000</point>
			</points>
		</object>
		<object>
			<coordinate>pixel</coordinate>
			<type>rectangle</type>
			<description>None</description>
			<possibleresult>
				<name>Small Car</name>
			</possibleresult>
			<points>
				<point>317.070496,19.600674</point>
				<point>314.000000,37.000004</point>
				<point>304.929504,35.399334</point>
				<point>308.000000,18.000004</point>
				<point>317.070496,19.600674</point>
			</points>
		</object>
		<object>
			<coordinate>pixel</coordinate>
			<type>rectangle</type>
			<description>None</description>
			<possibleresult>
				<name>Small Car</name>
			</possibleresult>
			<points>
				<point>306.056580,20.698112</point>
				<point>303.000000,37.000000</point>
				<point>293.943420,35.301888</point>
				<point>297.000000,19.000000</point>
				<point>306.056580,20.698112</point>
			</points>
		</object>
		<object>
			<coordinate>pixel</coordinate>
			<type>rectangle</type>
			<description>None</description>
			<possibleresult>
				<name>Small Car</name>
			</possibleresult>
			<points>
				<point>292.999969,16.000000</point>
				<point>289.999969,34.000000</point>
				<point>280.918915,32.486488</point>
				<point>283.918915,14.486488</point>
				<point>292.999969,16.000000</point>
			</points>
		</object>
		<object>
			<coordinate>pixel</coordinate>
			<type>rectangle</type>
			<description>None</description>
			<possibleresult>
				<name>Small Car</name>
			</possibleresult>
			<points>
				<point>281.038422,16.807695</point>
				<point>277.999969,32.000000</point>
				<point>268.961517,30.192308</point>
				<point>271.999969,15.000004</point>
				<point>281.038422,16.807695</point>
			</points>
		</object>
		<object>
			<coordinate>pixel</coordinate>
			<type>rectangle</type>
			<description>None</description>
			<possibleresult>
				<name>Small Car</name>
			</possibleresult>
			<points>
				<point>267.123047,15.015387</point>
				<point>265.000000,32.000000</point>
				<point>255.892319,30.861540</point>
				<point>258.015381,13.876926</point>
				<point>267.123047,15.015387</point>
			</points>
		</object>
		<object>
			<coordinate>pixel</coordinate>
			<type>rectangle</type>
			<description>None</description>
			<possibleresult>
				<name>Small Car</name>
			</possibleresult>
			<points>
				<point>256.026215,12.888521</point>
				<point>252.000000,29.999998</point>
				<point>243.973785,28.111475</point>
				<point>248.000000,10.999998</point>
				<point>256.026215,12.888521</point>
			</points>
		</object>
		<object>
			<coordinate>pixel</coordinate>
			<type>rectangle</type>
			<description>None</description>
			<possibleresult>
				<name>Van</name>
			</possibleresult>
			<points>
				<point>205.056625,2.698114</point>
				<point>202.000015,19.000002</point>
				<point>192.943405,17.301889</point>
				<point>196.000015,1.000002</point>
				<point>205.056625,2.698114</point>
			</points>
		</object>
		<object>
			<coordinate>pixel</coordinate>
			<type>rectangle</type>
			<description>None</description>
			<possibleresult>
				<name>Van</name>
			</possibleresult>
			<points>
				<point>191.000000,2.000000</point>
				<point>188.993164,19.058022</point>
				<point>180.000000,18.000000</point>
				<point>182.006836,0.941978</point>
				<point>191.000000,2.000000</point>
			</points>
		</object>
		<object>
			<coordinate>pixel</coordinate>
			<type>rectangle</type>
			<description>None</description>
			<possibleresult>
				<name>Small Car</name>
			</possibleresult>
			<points>
				<point>171.999985,-0.000001</point>
				<point>173.000000,0.000000</point>
				<point>180.000000,0.999997</point>
				<point>177.980011,15.139997</point>
				<point>171.999985,-0.000001</point>
			</points>
		</object>
		<object>
			<coordinate>pixel</coordinate>
			<type>rectangle</type>
			<description>None</description>
			<possibleresult>
				<name>Van</name>
			</possibleresult>
			<points>
				<point>157.812500,0.000000</point>
				<point>161.666656,0.000000</point>
				<point>167.000000,1.000000</point>
				<point>164.000000,16.999998</point>
				<point>157.812500,0.000000</point>
			</points>
		</object>
		<object>
			<coordinate>pixel</coordinate>
			<type>rectangle</type>
			<description>None</description>
			<possibleresult>
				<name>Van</name>
			</possibleresult>
			<points>
				<point>131.192307,36.038460</point>
				<point>127.000008,57.000000</point>
				<point>116.807693,54.961540</point>
				<point>120.999992,34.000000</point>
				<point>131.192307,36.038460</point>
			</points>
		</object>
		<object>
			<coordinate>pixel</coordinate>
			<type>rectangle</type>
			<description>None</description>
			<possibleresult>
				<name>Van</name>
			</possibleresult>
			<points>
				<point>103.999992,612.000061</point>
				<point>95.999992,628.000061</point>
				<point>88.799995,624.400085</point>
				<point>96.799995,608.400085</point>
				<point>103.999992,612.000061</point>
			</points>
		</object>
		<object>
			<coordinate>pixel</coordinate>
			<type>rectangle</type>
			<description>None</description>
			<possibleresult>
				<name>Small Car</name>
			</possibleresult>
			<points>
				<point>114.999985,617.000061</point>
				<point>108.844818,631.362122</point>
				<point>100.999985,628.000061</point>
				<point>107.155151,613.638000</point>
				<point>114.999985,617.000061</point>
			</points>
		</object>
		<object>
			<coordinate>pixel</coordinate>
			<type>rectangle</type>
			<description>None</description>
			<possibleresult>
				<name>Small Car</name>
			</possibleresult>
			<points>
				<point>142.000015,623.000061</point>
				<point>134.000015,639.000061</point>
				<point>126.000015,635.000061</point>
				<point>134.000015,619.000061</point>
				<point>142.000015,623.000061</point>
			</points>
		</object>
		<object>
			<coordinate>pixel</coordinate>
			<type>rectangle</type>
			<description>None</description>
			<possibleresult>
				<name>Small Car</name>
			</possibleresult>
			<points>
				<point>139.000000,673.000061</point>
				<point>133.000000,689.000061</point>
				<point>125.000000,686.000061</point>
				<point>131.000000,670.000061</point>
				<point>139.000000,673.000061</point>
			</points>
		</object>
		<object>
			<coordinate>pixel</coordinate>
			<type>rectangle</type>
			<description>None</description>
			<possibleresult>
				<name>Van</name>
			</possibleresult>
			<points>
				<point>117.275848,667.310303</point>
				<point>111.275848,682.310303</point>
				<point>102.999985,679.000000</point>
				<point>108.999985,664.000000</point>
				<point>117.275848,667.310303</point>
			</points>
		</object>
		<object>
			<coordinate>pixel</coordinate>
			<type>rectangle</type>
			<description>None</description>
			<possibleresult>
				<name>Small Car</name>
			</possibleresult>
			<points>
				<point>93.015915,656.945801</point>
				<point>87.999985,674.000000</point>
				<point>77.984070,671.054199</point>
				<point>83.000000,654.000000</point>
				<point>93.015915,656.945801</point>
			</points>
		</object>
		<object>
			<coordinate>pixel</coordinate>
			<type>rectangle</type>
			<description>None</description>
			<possibleresult>
				<name>Small Car</name>
			</possibleresult>
			<points>
				<point>80.751495,653.603516</point>
				<point>73.751495,670.603516</point>
				<point>65.000015,667.000000</point>
				<point>72.000015,650.000000</point>
				<point>80.751495,653.603516</point>
			</points>
		</object>
		<object>
			<coordinate>pixel</coordinate>
			<type>rectangle</type>
			<description>None</description>
			<possibleresult>
				<name>Small Car</name>
			</possibleresult>
			<points>
				<point>62.099972,649.699951</point>
				<point>56.999973,665.000000</point>
				<point>47.999973,662.000000</point>
				<point>53.099972,646.699951</point>
				<point>62.099972,649.699951</point>
			</points>
		</object>
		<object>
			<coordinate>pixel</coordinate>
			<type>rectangle</type>
			<description>None</description>
			<possibleresult>
				<name>Small Car</name>
			</possibleresult>
			<points>
				<point>50.000000,645.000000</point>
				<point>43.876709,661.328735</point>
				<point>35.000000,658.000000</point>
				<point>41.123291,641.671265</point>
				<point>50.000000,645.000000</point>
			</points>
		</object>
		<object>
			<coordinate>pixel</coordinate>
			<type>rectangle</type>
			<description>None</description>
			<possibleresult>
				<name>Small Car</name>
			</possibleresult>
			<points>
				<point>38.045265,642.873230</point>
				<point>32.932148,657.190002</point>
				<point>24.000021,653.999939</point>
				<point>29.113140,639.683167</point>
				<point>38.045265,642.873230</point>
			</points>
		</object>
		<object>
			<coordinate>pixel</coordinate>
			<type>rectangle</type>
			<description>None</description>
			<possibleresult>
				<name>Small Car</name>
			</possibleresult>
			<points>
				<point>26.000015,638.000000</point>
				<point>21.000015,653.000000</point>
				<point>12.000016,650.000000</point>
				<point>17.000015,635.000000</point>
				<point>26.000015,638.000000</point>
			</points>
		</object>
		<object>
			<coordinate>pixel</coordinate>
			<type>rectangle</type>
			<description>None</description>
			<possibleresult>
				<name>Van</name>
			</possibleresult>
			<points>
				<point>48.365852,804.292725</point>
				<point>43.000000,811.000000</point>
				<point>28.000000,799.000000</point>
				<point>33.365852,792.292725</point>
				<point>48.365852,804.292725</point>
			</points>
		</object>
		<object>
			<coordinate>pixel</coordinate>
			<type>rectangle</type>
			<description>None</description>
			<possibleresult>
				<name>Dump Truck</name>
			</possibleresult>
			<points>
				<point>609.078918,45.009476</point>
				<point>608.000061,54.000015</point>
				<point>582.881775,50.985817</point>
				<point>583.960632,41.995277</point>
				<point>609.078918,45.009476</point>
			</points>
		</object>
		<object>
			<coordinate>pixel</coordinate>
			<type>rectangle</type>
			<description>None</description>
			<possibleresult>
				<name>Van</name>
			</possibleresult>
			<points>
				<point>601.000000,54.000000</point>
				<point>600.235962,62.022476</point>
				<point>579.000000,60.000008</point>
				<point>579.764038,51.977531</point>
				<point>601.000000,54.000000</point>
			</points>
		</object>
		<object>
			<coordinate>pixel</coordinate>
			<type>rectangle</type>
			<description>None</description>
			<possibleresult>
				<name>Small Car</name>
			</possibleresult>
			<points>
				<point>601.000000,65.000000</point>
				<point>600.424683,71.040451</point>
				<point>579.000000,69.000000</point>
				<point>579.575317,62.959549</point>
				<point>601.000000,65.000000</point>
			</points>
		</object>
		<object>
			<coordinate>pixel</coordinate>
			<type>rectangle</type>
			<description>None</description>
			<possibleresult>
				<name>Small Car</name>
			</possibleresult>
			<points>
				<point>592.000000,82.999992</point>
				<point>591.213989,88.895195</point>
				<point>576.213989,86.895195</point>
				<point>577.000000,80.999992</point>
				<point>592.000000,82.999992</point>
			</points>
		</object>
		<object>
			<coordinate>pixel</coordinate>
			<type>rectangle</type>
			<description>None</description>
			<possibleresult>
				<name>Cargo Truck</name>
			</possibleresult>
			<points>
				<point>617.000061,81.000046</point>
				<point>600.000061,113.000046</point>
				<point>588.155457,106.707581</point>
				<point>605.155457,74.707581</point>
				<point>617.000061,81.000046</point>
			</points>
		</object>
		<object>
			<coordinate>pixel</coordinate>
			<type>rectangle</type>
			<description>None</description>
			<possibleresult>
				<name>Small Car</name>
			</possibleresult>
			<points>
				<point>648.594116,101.059402</point>
				<point>648.000000,107.000000</point>
				<point>627.405884,104.940598</point>
				<point>628.000000,99.000000</point>
				<point>648.594116,101.059402</point>
			</points>
		</object>
		<object>
			<coordinate>pixel</coordinate>
			<type>rectangle</type>
			<description>None</description>
			<possibleresult>
				<name>Van</name>
			</possibleresult>
			<points>
				<point>673.000000,103.000000</point>
				<point>672.664673,109.036926</point>
				<point>654.000000,108.000000</point>
				<point>654.335327,101.963074</point>
				<point>673.000000,103.000000</point>
			</points>
		</object>
		<object>
			<coordinate>pixel</coordinate>
			<type>rectangle</type>
			<description>None</description>
			<possibleresult>
				<name>Van</name>
			</possibleresult>
			<points>
				<point>674.642334,111.971375</point>
				<point>674.000000,120.000000</point>
				<point>649.000000,118.000000</point>
				<point>649.642334,109.971375</point>
				<point>674.642334,111.971375</point>
			</points>
		</object>
		<object>
			<coordinate>pixel</coordinate>
			<type>rectangle</type>
			<description>None</description>
			<possibleresult>
				<name>Small Car</name>
			</possibleresult>
			<points>
				<point>647.000061,109.000000</point>
				<point>646.260315,116.027405</point>
				<point>627.000061,114.000000</point>
				<point>627.739807,106.972595</point>
				<point>647.000061,109.000000</point>
			</points>
		</object>
		<object>
			<coordinate>pixel</coordinate>
			<type>rectangle</type>
			<description>None</description>
			<possibleresult>
				<name>Dump Truck</name>
			</possibleresult>
			<points>
				<point>647.000061,117.000015</point>
				<point>646.039490,125.004745</point>
				<point>621.000061,122.000015</point>
				<point>621.960632,113.995285</point>
				<point>647.000061,117.000015</point>
			</points>
		</object>
		<object>
			<coordinate>pixel</coordinate>
			<type>rectangle</type>
			<description>None</description>
			<possibleresult>
				<name>Small Car</name>
			</possibleresult>
			<points>
				<point>633.086731,21.063599</point>
				<point>628.000061,28.000015</point>
				<point>612.913391,16.936432</point>
				<point>618.000061,10.000015</point>
				<point>633.086731,21.063599</point>
			</points>
		</object>
		<object>
			<coordinate>pixel</coordinate>
			<type>rectangle</type>
			<description>None</description>
			<possibleresult>
				<name>Dump Truck</name>
			</possibleresult>
			<points>
				<point>653.000000,41.999989</point>
				<point>646.293579,48.311916</point>
				<point>630.293579,31.311916</point>
				<point>637.000000,24.999989</point>
				<point>653.000000,41.999989</point>
			</points>
		</object>
		<object>
			<coordinate>pixel</coordinate>
			<type>rectangle</type>
			<description>None</description>
			<possibleresult>
				<name>Small Car</name>
			</possibleresult>
			<points>
				<point>670.000061,57.000038</point>
				<point>664.000061,63.000038</point>
				<point>651.000061,50.000038</point>
				<point>657.000061,44.000038</point>
				<point>670.000061,57.000038</point>
			</points>
		</object>
		<object>
			<coordinate>pixel</coordinate>
			<type>rectangle</type>
			<description>None</description>
			<possibleresult>
				<name>Van</name>
			</possibleresult>
			<points>
				<point>712.000000,102.000000</point>
				<point>708.499023,111.190094</point>
				<point>687.499023,103.190094</point>
				<point>691.000000,94.000000</point>
				<point>712.000000,102.000000</point>
			</points>
		</object>
		<object>
			<coordinate>pixel</coordinate>
			<type>rectangle</type>
			<description>None</description>
			<possibleresult>
				<name>Van</name>
			</possibleresult>
			<points>
				<point>770.222473,84.062325</point>
				<point>767.999939,92.000008</point>
				<point>742.777405,84.937691</point>
				<point>744.999939,77.000008</point>
				<point>770.222473,84.062325</point>
			</points>
		</object>
		<object>
			<coordinate>pixel</coordinate>
			<type>rectangle</type>
			<description>None</description>
			<possibleresult>
				<name>Van</name>
			</possibleresult>
			<points>
				<point>763.000000,97.000015</point>
				<point>761.384644,105.076935</point>
				<point>736.000000,100.000015</point>
				<point>737.615356,91.923096</point>
				<point>763.000000,97.000015</point>
			</points>
		</object>
		<object>
			<coordinate>pixel</coordinate>
			<type>rectangle</type>
			<description>None</description>
			<possibleresult>
				<name>Small Car</name>
			</possibleresult>
			<points>
				<point>738.380127,111.018105</point>
				<point>738.000000,119.000008</point>
				<point>716.619873,117.981911</point>
				<point>717.000000,110.000008</point>
				<point>738.380127,111.018105</point>
			</points>
		</object>
		<object>
			<coordinate>pixel</coordinate>
			<type>rectangle</type>
			<description>None</description>
			<possibleresult>
				<name>Small Car</name>
			</possibleresult>
			<points>
				<point>765.703003,114.970291</point>
				<point>765.000000,122.000000</point>
				<point>745.000000,120.000000</point>
				<point>745.703003,112.970291</point>
				<point>765.703003,114.970291</point>
			</points>
		</object>
		<object>
			<coordinate>pixel</coordinate>
			<type>rectangle</type>
			<description>None</description>
			<possibleresult>
				<name>Small Car</name>
			</possibleresult>
			<points>
				<point>758.048950,125.007339</point>
				<point>757.000000,132.000015</point>
				<point>736.951050,128.992676</point>
				<point>738.000000,122.000000</point>
				<point>758.048950,125.007339</point>
			</points>
		</object>
		<object>
			<coordinate>pixel</coordinate>
			<type>rectangle</type>
			<description>None</description>
			<possibleresult>
				<name>Small Car</name>
			</possibleresult>
			<points>
				<point>757.102661,134.016220</point>
				<point>756.000000,141.000015</point>
				<point>736.897339,137.983810</point>
				<point>738.000000,131.000015</point>
				<point>757.102661,134.016220</point>
			</points>
		</object>
		<object>
			<coordinate>pixel</coordinate>
			<type>rectangle</type>
			<description>None</description>
			<possibleresult>
				<name>Van</name>
			</possibleresult>
			<points>
				<point>751.000000,144.000000</point>
				<point>750.395996,150.039612</point>
				<point>730.000000,148.000000</point>
				<point>730.604004,141.960388</point>
				<point>751.000000,144.000000</point>
			</points>
		</object>
		<object>
			<coordinate>pixel</coordinate>
			<type>rectangle</type>
			<description>None</description>
			<possibleresult>
				<name>Van</name>
			</possibleresult>
			<points>
				<point>734.999939,130.999985</point>
				<point>733.999939,137.999985</point>
				<point>712.999939,134.999985</point>
				<point>713.999939,127.999985</point>
				<point>734.999939,130.999985</point>
			</points>
		</object>
		<object>
			<coordinate>pixel</coordinate>
			<type>rectangle</type>
			<description>None</description>
			<possibleresult>
				<name>Van</name>
			</possibleresult>
			<points>
				<point>735.301880,122.056625</point>
				<point>734.000000,129.000015</point>
				<point>717.698120,125.943405</point>
				<point>719.000000,119.000015</point>
				<point>735.301880,122.056625</point>
			</points>
		</object>
		<object>
			<coordinate>pixel</coordinate>
			<type>rectangle</type>
			<description>None</description>
			<possibleresult>
				<name>Van</name>
			</possibleresult>
			<points>
				<point>320.000000,279.000000</point>
				<point>311.293579,283.560486</point>
				<point>300.000000,262.000000</point>
				<point>308.706421,257.439514</point>
				<point>320.000000,279.000000</point>
			</points>
		</object>
		<object>
			<coordinate>pixel</coordinate>
			<type>rectangle</type>
			<description>None</description>
			<possibleresult>
				<name>Small Car</name>
			</possibleresult>
			<points>
				<point>335.786346,311.620148</point>
				<point>327.999969,315.999969</point>
				<point>318.999969,299.999969</point>
				<point>326.786346,295.620148</point>
				<point>335.786346,311.620148</point>
			</points>
		</object>
		<object>
			<coordinate>pixel</coordinate>
			<type>rectangle</type>
			<description>None</description>
			<possibleresult>
				<name>Small Car</name>
			</possibleresult>
			<points>
				<point>879.000000,5.000031</point>
				<point>870.707275,15.365884</point>
				<point>864.000000,10.000031</point>
				<point>872.000061,0.000001</point>
				<point>879.000000,5.000031</point>
			</points>
		</object>
		<object>
			<coordinate>pixel</coordinate>
			<type>rectangle</type>
			<description>None</description>
			<possibleresult>
				<name>Small Car</name>
			</possibleresult>
			<points>
				<point>893.000061,6.000000</point>
				<point>879.901062,21.114212</point>
				<point>874.000061,16.000000</point>
				<point>887.099060,0.885788</point>
				<point>893.000061,6.000000</point>
			</points>
		</object>
		<object>
			<coordinate>pixel</coordinate>
			<type>rectangle</type>
			<description>None</description>
			<possibleresult>
				<name>Van</name>
			</possibleresult>
			<points>
				<point>900.569214,12.753820</point>
				<point>893.000000,25.999971</point>
				<point>886.000000,21.999971</point>
				<point>893.569214,8.753820</point>
				<point>900.569214,12.753820</point>
			</points>
		</object>
		<object>
			<coordinate>pixel</coordinate>
			<type>rectangle</type>
			<description>None</description>
			<possibleresult>
				<name>Dump Truck</name>
			</possibleresult>
			<points>
				<point>915.000061,15.000008</point>
				<point>901.000061,33.000008</point>
				<point>893.107727,26.861546</point>
				<point>907.107727,8.861546</point>
				<point>915.000061,15.000008</point>
			</points>
		</object>
		<object>
			<coordinate>pixel</coordinate>
			<type>rectangle</type>
			<description>None</description>
			<possibleresult>
				<name>Small Car</name>
			</possibleresult>
			<points>
				<point>942.000000,30.999977</point>
				<point>932.000000,42.999981</point>
				<point>925.409790,37.508179</point>
				<point>935.409790,25.508175</point>
				<point>942.000000,30.999977</point>
			</points>
		</object>
		<object>
			<coordinate>pixel</coordinate>
			<type>rectangle</type>
			<description>None</description>
			<possibleresult>
				<name>Van</name>
			</possibleresult>
			<points>
				<point>952.000000,34.000000</point>
				<point>942.000000,48.000000</point>
				<point>935.000000,43.000000</point>
				<point>945.000000,29.000000</point>
				<point>952.000000,34.000000</point>
			</points>
		</object>
		<object>
			<coordinate>pixel</coordinate>
			<type>rectangle</type>
			<description>None</description>
			<possibleresult>
				<name>Small Car</name>
			</possibleresult>
			<points>
				<point>962.640137,40.480034</point>
				<point>950.640137,56.480034</point>
				<point>942.000122,50.000031</point>
				<point>954.000122,34.000031</point>
				<point>962.640137,40.480034</point>
			</points>
		</object>
		<object>
			<coordinate>pixel</coordinate>
			<type>rectangle</type>
			<description>None</description>
			<possibleresult>
				<name>Van</name>
			</possibleresult>
			<points>
				<point>973.096313,44.821098</point>
				<point>965.871582,58.238533</point>
				<point>958.000000,54.000000</point>
				<point>965.224731,40.582565</point>
				<point>973.096313,44.821098</point>
			</points>
		</object>
		<object>
			<coordinate>pixel</coordinate>
			<type>rectangle</type>
			<description>None</description>
			<possibleresult>
				<name>Small Car</name>
			</possibleresult>
			<points>
				<point>993.000000,53.999985</point>
				<point>984.320801,69.622627</point>
				<point>975.320801,64.622627</point>
				<point>984.000000,48.999985</point>
				<point>993.000000,53.999985</point>
			</points>
		</object>
		<object>
			<coordinate>pixel</coordinate>
			<type>rectangle</type>
			<description>None</description>
			<possibleresult>
				<name>Dump Truck</name>
			</possibleresult>
			<points>
				<point>993.640137,79.249954</point>
				<point>993.640137,66.000107</point>
				<point>1000.000000,66.000107</point>
				<point>1000.000000,79.249954</point>
				<point>993.640137,79.249954</point>
			</points>
		</object>
		<object>
			<coordinate>pixel</coordinate>
			<type>rectangle</type>
			<description>None</description>
			<possibleresult>
				<name>Small Car</name>
			</possibleresult>
			<points>
				<point>992.000000,0.000000</point>
				<point>982.000000,14.000000</point>
				<point>975.000000,9.000000</point>
				<point>981.428589,0.000000</point>
				<point>992.000000,0.000000</point>
			</points>
		</object>
		<object>
			<coordinate>pixel</coordinate>
			<type>rectangle</type>
			<description>None</description>
			<possibleresult>
				<name>Small Car</name>
			</possibleresult>
			<points>
				<point>1000.000000,5.428539</point>
				<point>1000.000000,10.500032</point>
				<point>994.000061,20.999985</point>
				<point>985.815491,16.323063</point>
				<point>1000.000000,5.428539</point>
			</points>
		</object>
		<object>
			<coordinate>pixel</coordinate>
			<type>rectangle</type>
			<description>None</description>
			<possibleresult>
				<name>Small Car</name>
			</possibleresult>
			<points>
				<point>1000.000061,24.857113</point>
				<point>994.000061,20.999969</point>
				<point>1000.000061,11.666637</point>
				<point>1006.000061,15.523781</point>
				<point>1000.000061,24.857113</point>
			</points>
		</object>
		<object>
			<coordinate>pixel</coordinate>
			<type>rectangle</type>
			<description>None</description>
			<possibleresult>
				<name>Dump Truck</name>
			</possibleresult>
			<points>
				<point>753.323669,688.103943</point>
				<point>740.323669,690.103943</point>
				<point>735.999939,661.999939</point>
				<point>748.999939,659.999939</point>
				<point>753.323669,688.103943</point>
			</points>
		</object>
		<object>
			<coordinate>pixel</coordinate>
			<type>rectangle</type>
			<description>None</description>
			<possibleresult>
				<name>Van</name>
			</possibleresult>
			<points>
				<point>776.123901,664.858398</point>
				<point>769.123901,672.858398</point>
				<point>751.000000,657.000000</point>
				<point>758.000000,649.000000</point>
				<point>776.123901,664.858398</point>
			</points>
		</object>
		<object>
			<coordinate>pixel</coordinate>
			<type>rectangle</type>
			<description>None</description>
			<possibleresult>
				<name>Cargo Truck</name>
			</possibleresult>
			<points>
				<point>430.000000,76.000015</point>
				<point>420.902283,108.347519</point>
				<point>409.000000,105.000000</point>
				<point>418.097717,72.652496</point>
				<point>430.000000,76.000015</point>
			</points>
		</object>
		<object>
			<coordinate>pixel</coordinate>
			<type>rectangle</type>
			<description>None</description>
			<possibleresult>
				<name>Small Car</name>
			</possibleresult>
			<points>
				<point>244.022659,8.879246</point>
				<point>241.000015,25.000002</point>
				<point>230.977371,23.120758</point>
				<point>234.000015,7.000002</point>
				<point>244.022659,8.879246</point>
			</points>
		</object>
		<object>
			<coordinate>pixel</coordinate>
			<type>rectangle</type>
			<description>None</description>
			<possibleresult>
				<name>Small Car</name>
			</possibleresult>
			<points>
				<point>286.000000,3.999993</point>
				<point>281.257751,14.670097</point>
				<point>272.257751,10.670097</point>
				<point>277.000000,0.000000</point>
				<point>286.000000,3.999993</point>
			</points>
		</object>
		<object>
			<coordinate>pixel</coordinate>
			<type>rectangle</type>
			<description>None</description>
			<possibleresult>
				<name>Small Car</name>
			</possibleresult>
			<points>
				<point>271.910889,0.891088</point>
				<point>270.910889,10.891088</point>
				<point>262.000000,9.999998</point>
				<point>263.000000,0.000000</point>
				<point>271.910889,0.891088</point>
			</points>
		</object>
		<object>
			<coordinate>pixel</coordinate>
			<type>rectangle</type>
			<description>None</description>
			<possibleresult>
				<name>Small Car</name>
			</possibleresult>
			<points>
				<point>259.878052,1.097559</point>
				<point>259.000000,8.999998</point>
				<point>249.121948,7.902438</point>
				<point>250.000000,0.000000</point>
				<point>259.878052,1.097559</point>
			</points>
		</object>
		<object>
			<coordinate>pixel</coordinate>
			<type>rectangle</type>
			<description>None</description>
			<possibleresult>
				<name>Dump Truck</name>
			</possibleresult>
			<points>
				<point>662.061523,82.507698</point>
				<point>661.061523,90.507698</point>
				<point>625.000000,86.000008</point>
				<point>626.000000,78.000008</point>
				<point>662.061523,82.507698</point>
			</points>
		</object>
		<object>
			<coordinate>pixel</coordinate>
			<type>rectangle</type>
			<description>None</description>
			<possibleresult>
				<name>Dump Truck</name>
			</possibleresult>
			<points>
				<point>673.000000,92.000000</point>
				<point>672.180298,101.016388</point>
				<point>639.180298,98.016388</point>
				<point>640.000000,89.000000</point>
				<point>673.000000,92.000000</point>
			</points>
		</object>
		<object>
			<coordinate>pixel</coordinate>
			<type>rectangle</type>
			<description>None</description>
			<possibleresult>
				<name>Dump Truck</name>
			</possibleresult>
			<points>
				<point>725.000000,74.000000</point>
				<point>723.435303,83.075058</point>
				<point>694.000000,78.000000</point>
				<point>695.564697,68.924942</point>
				<point>725.000000,74.000000</point>
			</points>
		</object>
		<object>
			<coordinate>pixel</coordinate>
			<type>rectangle</type>
			<description>None</description>
			<possibleresult>
				<name>Small Car</name>
			</possibleresult>
			<points>
				<point>857.153809,0.000000</point>
				<point>868.699951,0.000000</point>
				<point>870.000000,1.000031</point>
				<point>859.553955,14.579956</point>
				<point>857.153809,0.000000</point>
			</points>
		</object>
		<object>
			<coordinate>pixel</coordinate>
			<type>rectangle</type>
			<description>None</description>
			<possibleresult>
				<name>Small Car</name>
			</possibleresult>
			<points>
				<point>978.999878,0.000000</point>
				<point>972.999878,11.000010</point>
				<point>965.923462,7.140136</point>
				<point>969.818054,-0.000000</point>
				<point>978.999878,0.000000</point>
			</points>
		</object>
		<object>
			<coordinate>pixel</coordinate>
			<type>rectangle</type>
			<description>None</description>
			<possibleresult>
				<name>Roundabout</name>
			</possibleresult>
			<points>
				<point>59.999969,894.000000</point>
				<point>-0.000000,894.000000</point>
				<point>0.000000,784.000000</point>
				<point>59.999969,784.000000</point>
				<point>59.999969,894.000000</point>
			</points>
		</object>
	</objects>
</annotation>