<?xml version="1.0" encoding="utf-8"?>
<annotation>
	<source>
		<filename>1169.tif</filename>
		<origin>GF2/GF3</origin>
	</source>
	<research>
		<version>1.0</version>
		<provider>FAIR1M</provider>
		<author>Cyber</author>
		<pluginname>FAIR1M</pluginname>
		<pluginclass>object detection</pluginclass>
		<time>2021-03</time>
	</research>
	<size>
		<width>1000</width>
		<height>1000</height>
		<depth>3</depth>
	</size>
	<objects>
		<object>
			<coordinate>pixel</coordinate>
			<type>rectangle</type>
			<description>None</description>
			<possibleresult>
				<name>Bridge</name>
			</possibleresult>
			<points>
				<point>372.999969,802.999878</point>
				<point>293.999969,869.999878</point>
				<point>253.587677,822.349609</point>
				<point>332.587677,755.349609</point>
				<point>372.999969,802.999878</point>
			</points>
		</object>
		<object>
			<coordinate>pixel</coordinate>
			<type>rectangle</type>
			<description>None</description>
			<possibleresult>
				<name>Cargo Truck</name>
			</possibleresult>
			<points>
				<point>35.000031,956.000000</point>
				<point>28.434515,963.386230</point>
				<point>10.000030,947.000000</point>
				<point>16.565546,939.613770</point>
				<point>35.000031,956.000000</point>
			</points>
		</object>
		<object>
			<coordinate>pixel</coordinate>
			<type>rectangle</type>
			<description>None</description>
			<possibleresult>
				<name>Van</name>
			</possibleresult>
			<points>
				<point>372.000031,963.000000</point>
				<point>357.588287,975.352905</point>
				<point>353.000031,970.000000</point>
				<point>367.411774,957.647095</point>
				<point>372.000031,963.000000</point>
			</points>
		</object>
		<object>
			<coordinate>pixel</coordinate>
			<type>rectangle</type>
			<description>None</description>
			<possibleresult>
				<name>Van</name>
			</possibleresult>
			<points>
				<point>383.000031,968.000000</point>
				<point>368.670624,980.282349</point>
				<point>365.000031,976.000000</point>
				<point>379.329437,963.717651</point>
				<point>383.000031,968.000000</point>
			</points>
		</object>
		<object>
			<coordinate>pixel</coordinate>
			<type>rectangle</type>
			<description>None</description>
			<possibleresult>
				<name>Van</name>
			</possibleresult>
			<points>
				<point>37.999969,800.999878</point>
				<point>25.999968,810.999878</point>
				<point>20.999968,804.999878</point>
				<point>32.999969,794.999878</point>
				<point>37.999969,800.999878</point>
			</points>
		</object>
		<object>
			<coordinate>pixel</coordinate>
			<type>rectangle</type>
			<description>None</description>
			<possibleresult>
				<name>other-vehicle</name>
			</possibleresult>
			<points>
				<point>20.999971,783.999939</point>
				<point>7.551694,795.379211</point>
				<point>2.999969,789.999939</point>
				<point>16.448246,778.620667</point>
				<point>20.999971,783.999939</point>
			</points>
		</object>
		<object>
			<coordinate>pixel</coordinate>
			<type>rectangle</type>
			<description>None</description>
			<possibleresult>
				<name>other-vehicle</name>
			</possibleresult>
			<points>
				<point>112.000000,857.000000</point>
				<point>96.268295,869.585327</point>
				<point>91.000000,863.000000</point>
				<point>106.731705,850.414673</point>
				<point>112.000000,857.000000</point>
			</points>
		</object>
		<object>
			<coordinate>pixel</coordinate>
			<type>rectangle</type>
			<description>None</description>
			<possibleresult>
				<name>Van</name>
			</possibleresult>
			<points>
				<point>132.672119,857.606445</point>
				<point>118.999985,868.999878</point>
				<point>113.999985,862.999878</point>
				<point>127.672119,851.606445</point>
				<point>132.672119,857.606445</point>
			</points>
		</object>
		<object>
			<coordinate>pixel</coordinate>
			<type>rectangle</type>
			<description>None</description>
			<possibleresult>
				<name>other-vehicle</name>
			</possibleresult>
			<points>
				<point>116.000015,982.000122</point>
				<point>105.000015,993.000122</point>
				<point>100.000015,988.000122</point>
				<point>111.000015,977.000122</point>
				<point>116.000015,982.000122</point>
			</points>
		</object>
		<object>
			<coordinate>pixel</coordinate>
			<type>rectangle</type>
			<description>None</description>
			<possibleresult>
				<name>other-vehicle</name>
			</possibleresult>
			<points>
				<point>145.505829,959.423584</point>
				<point>131.505829,971.423584</point>
				<point>125.999939,965.000000</point>
				<point>139.999939,953.000000</point>
				<point>145.505829,959.423584</point>
			</points>
		</object>
		<object>
			<coordinate>pixel</coordinate>
			<type>rectangle</type>
			<description>None</description>
			<possibleresult>
				<name>Van</name>
			</possibleresult>
			<points>
				<point>186.000000,926.999878</point>
				<point>173.773590,938.207397</point>
				<point>169.000000,932.999878</point>
				<point>181.226410,921.792358</point>
				<point>186.000000,926.999878</point>
			</points>
		</object>
		<object>
			<coordinate>pixel</coordinate>
			<type>rectangle</type>
			<description>None</description>
			<possibleresult>
				<name>Van</name>
			</possibleresult>
			<points>
				<point>221.000000,900.000000</point>
				<point>208.000000,911.000000</point>
				<point>203.372406,905.531006</point>
				<point>216.372406,894.531006</point>
				<point>221.000000,900.000000</point>
			</points>
		</object>
		<object>
			<coordinate>pixel</coordinate>
			<type>rectangle</type>
			<description>None</description>
			<possibleresult>
				<name>Van</name>
			</possibleresult>
			<points>
				<point>255.000031,869.999878</point>
				<point>242.000031,881.999878</point>
				<point>237.667755,877.306641</point>
				<point>250.667755,865.306641</point>
				<point>255.000031,869.999878</point>
			</points>
		</object>
		<object>
			<coordinate>pixel</coordinate>
			<type>rectangle</type>
			<description>None</description>
			<possibleresult>
				<name>Van</name>
			</possibleresult>
			<points>
				<point>280.298737,849.728516</point>
				<point>269.000092,860.000000</point>
				<point>264.701447,855.271484</point>
				<point>276.000092,845.000000</point>
				<point>280.298737,849.728516</point>
			</points>
		</object>
		<object>
			<coordinate>pixel</coordinate>
			<type>rectangle</type>
			<description>None</description>
			<possibleresult>
				<name>Van</name>
			</possibleresult>
			<points>
				<point>344.292694,802.365845</point>
				<point>331.000031,813.000000</point>
				<point>326.512238,807.390259</point>
				<point>339.804901,796.756104</point>
				<point>344.292694,802.365845</point>
			</points>
		</object>
		<object>
			<coordinate>pixel</coordinate>
			<type>rectangle</type>
			<description>None</description>
			<possibleresult>
				<name>Van</name>
			</possibleresult>
			<points>
				<point>316.000000,824.000000</point>
				<point>306.000000,832.000000</point>
				<point>302.000000,827.000000</point>
				<point>312.000000,819.000000</point>
				<point>316.000000,824.000000</point>
			</points>
		</object>
		<object>
			<coordinate>pixel</coordinate>
			<type>rectangle</type>
			<description>None</description>
			<possibleresult>
				<name>Small Car</name>
			</possibleresult>
			<points>
				<point>281.000061,891.000122</point>
				<point>277.000061,895.000122</point>
				<point>265.000061,883.000122</point>
				<point>269.000061,879.000122</point>
				<point>281.000061,891.000122</point>
			</points>
		</object>
		<object>
			<coordinate>pixel</coordinate>
			<type>rectangle</type>
			<description>None</description>
			<possibleresult>
				<name>Van</name>
			</possibleresult>
			<points>
				<point>289.000031,884.000122</point>
				<point>284.000031,889.000122</point>
				<point>272.500031,877.500122</point>
				<point>277.500031,872.500122</point>
				<point>289.000031,884.000122</point>
			</points>
		</object>
		<object>
			<coordinate>pixel</coordinate>
			<type>rectangle</type>
			<description>None</description>
			<possibleresult>
				<name>Van</name>
			</possibleresult>
			<points>
				<point>275.500031,962.500061</point>
				<point>270.000031,968.000061</point>
				<point>260.500031,958.500061</point>
				<point>266.000031,953.000061</point>
				<point>275.500031,962.500061</point>
			</points>
		</object>
		<object>
			<coordinate>pixel</coordinate>
			<type>rectangle</type>
			<description>None</description>
			<possibleresult>
				<name>Van</name>
			</possibleresult>
			<points>
				<point>252.999969,979.000122</point>
				<point>248.248840,984.226318</point>
				<point>237.248840,974.226318</point>
				<point>241.999969,969.000122</point>
				<point>252.999969,979.000122</point>
			</points>
		</object>
		<object>
			<coordinate>pixel</coordinate>
			<type>rectangle</type>
			<description>None</description>
			<possibleresult>
				<name>Van</name>
			</possibleresult>
			<points>
				<point>244.000031,985.000061</point>
				<point>239.000031,990.000061</point>
				<point>230.000031,981.000061</point>
				<point>235.000031,976.000061</point>
				<point>244.000031,985.000061</point>
			</points>
		</object>
		<object>
			<coordinate>pixel</coordinate>
			<type>rectangle</type>
			<description>None</description>
			<possibleresult>
				<name>Van</name>
			</possibleresult>
			<points>
				<point>266.723785,967.751465</point>
				<point>262.000031,973.000122</point>
				<point>252.000031,964.000122</point>
				<point>256.723785,958.751465</point>
				<point>266.723785,967.751465</point>
			</points>
		</object>
		<object>
			<coordinate>pixel</coordinate>
			<type>rectangle</type>
			<description>None</description>
			<possibleresult>
				<name>Van</name>
			</possibleresult>
			<points>
				<point>325.999969,906.000061</point>
				<point>320.999969,911.000061</point>
				<point>308.499969,898.500061</point>
				<point>313.499969,893.500061</point>
				<point>325.999969,906.000061</point>
			</points>
		</object>
		<object>
			<coordinate>pixel</coordinate>
			<type>rectangle</type>
			<description>None</description>
			<possibleresult>
				<name>Van</name>
			</possibleresult>
			<points>
				<point>319.290710,911.268311</point>
				<point>314.000000,917.000000</point>
				<point>301.000000,905.000000</point>
				<point>306.290710,899.268311</point>
				<point>319.290710,911.268311</point>
			</points>
		</object>
		<object>
			<coordinate>pixel</coordinate>
			<type>rectangle</type>
			<description>None</description>
			<possibleresult>
				<name>Van</name>
			</possibleresult>
			<points>
				<point>304.999939,922.000000</point>
				<point>300.248779,927.226196</point>
				<point>288.999939,917.000000</point>
				<point>293.751099,911.773804</point>
				<point>304.999939,922.000000</point>
			</points>
		</object>
		<object>
			<coordinate>pixel</coordinate>
			<type>rectangle</type>
			<description>None</description>
			<possibleresult>
				<name>Small Car</name>
			</possibleresult>
			<points>
				<point>297.000061,929.000122</point>
				<point>293.000061,933.000122</point>
				<point>281.000061,921.000122</point>
				<point>285.000061,917.000122</point>
				<point>297.000061,929.000122</point>
			</points>
		</object>
		<object>
			<coordinate>pixel</coordinate>
			<type>rectangle</type>
			<description>None</description>
			<possibleresult>
				<name>Small Car</name>
			</possibleresult>
			<points>
				<point>290.000061,935.000122</point>
				<point>285.000061,940.000122</point>
				<point>273.000061,928.000122</point>
				<point>278.000061,923.000122</point>
				<point>290.000061,935.000122</point>
			</points>
		</object>
		<object>
			<coordinate>pixel</coordinate>
			<type>rectangle</type>
			<description>None</description>
			<possibleresult>
				<name>Van</name>
			</possibleresult>
			<points>
				<point>402.000000,986.000000</point>
				<point>392.689636,994.275879</point>
				<point>388.000000,989.000000</point>
				<point>397.310364,980.724121</point>
				<point>402.000000,986.000000</point>
			</points>
		</object>
		<object>
			<coordinate>pixel</coordinate>
			<type>rectangle</type>
			<description>None</description>
			<possibleresult>
				<name>other-vehicle</name>
			</possibleresult>
			<points>
				<point>370.000031,950.999939</point>
				<point>356.641388,962.303406</point>
				<point>353.000031,957.999939</point>
				<point>366.358673,946.696472</point>
				<point>370.000031,950.999939</point>
			</points>
		</object>
		<object>
			<coordinate>pixel</coordinate>
			<type>rectangle</type>
			<description>None</description>
			<possibleresult>
				<name>Van</name>
			</possibleresult>
			<points>
				<point>782.000122,383.000061</point>
				<point>777.609863,388.487854</point>
				<point>763.707397,377.365906</point>
				<point>768.097656,371.878113</point>
				<point>782.000122,383.000061</point>
			</points>
		</object>
		<object>
			<coordinate>pixel</coordinate>
			<type>rectangle</type>
			<description>None</description>
			<possibleresult>
				<name>Van</name>
			</possibleresult>
			<points>
				<point>766.199036,360.180939</point>
				<point>759.999939,366.999969</point>
				<point>748.999939,356.999969</point>
				<point>755.199036,350.180939</point>
				<point>766.199036,360.180939</point>
			</points>
		</object>
		<object>
			<coordinate>pixel</coordinate>
			<type>rectangle</type>
			<description>None</description>
			<possibleresult>
				<name>Van</name>
			</possibleresult>
			<points>
				<point>692.044739,299.037903</point>
				<point>686.999939,305.000000</point>
				<point>673.955139,293.962097</point>
				<point>678.999939,288.000000</point>
				<point>692.044739,299.037903</point>
			</points>
		</object>
		<object>
			<coordinate>pixel</coordinate>
			<type>rectangle</type>
			<description>None</description>
			<possibleresult>
				<name>Van</name>
			</possibleresult>
			<points>
				<point>725.044739,329.037872</point>
				<point>719.999939,334.999969</point>
				<point>706.955139,323.962067</point>
				<point>711.999939,317.999969</point>
				<point>725.044739,329.037872</point>
			</points>
		</object>
		<object>
			<coordinate>pixel</coordinate>
			<type>rectangle</type>
			<description>None</description>
			<possibleresult>
				<name>Van</name>
			</possibleresult>
			<points>
				<point>988.544556,598.445618</point>
				<point>984.000000,604.000061</point>
				<point>972.455444,594.554504</point>
				<point>977.000000,589.000061</point>
				<point>988.544556,598.445618</point>
			</points>
		</object>
		<object>
			<coordinate>pixel</coordinate>
			<type>rectangle</type>
			<description>None</description>
			<possibleresult>
				<name>Cargo Truck</name>
			</possibleresult>
			<points>
				<point>1000.000000,573.000000</point>
				<point>1000.000000,573.000000</point>
				<point>1000.000000,573.000000</point>
				<point>1000.000000,573.000000</point>
				<point>1000.000000,573.000000</point>
			</points>
		</object>
		<object>
			<coordinate>pixel</coordinate>
			<type>rectangle</type>
			<description>None</description>
			<possibleresult>
				<name>Van</name>
			</possibleresult>
			<points>
				<point>1000.000061,556.833252</point>
				<point>998.000061,554.999878</point>
				<point>1000.000061,552.818115</point>
				<point>1002.000061,554.651489</point>
				<point>1000.000061,556.833252</point>
			</points>
		</object>
		<object>
			<coordinate>pixel</coordinate>
			<type>rectangle</type>
			<description>None</description>
			<possibleresult>
				<name>Van</name>
			</possibleresult>
			<points>
				<point>924.999878,541.999939</point>
				<point>920.372314,547.468933</point>
				<point>907.372314,536.468933</point>
				<point>911.999878,530.999939</point>
				<point>924.999878,541.999939</point>
			</points>
		</object>
		<object>
			<coordinate>pixel</coordinate>
			<type>rectangle</type>
			<description>None</description>
			<possibleresult>
				<name>Van</name>
			</possibleresult>
			<points>
				<point>962.000122,519.000061</point>
				<point>957.609863,524.487854</point>
				<point>947.609863,516.487854</point>
				<point>952.000122,511.000061</point>
				<point>962.000122,519.000061</point>
			</points>
		</object>
		<object>
			<coordinate>pixel</coordinate>
			<type>rectangle</type>
			<description>None</description>
			<possibleresult>
				<name>Van</name>
			</possibleresult>
			<points>
				<point>938.500122,497.500061</point>
				<point>932.500122,503.500061</point>
				<point>922.000122,493.000061</point>
				<point>928.000122,487.000061</point>
				<point>938.500122,497.500061</point>
			</points>
		</object>
		<object>
			<coordinate>pixel</coordinate>
			<type>rectangle</type>
			<description>None</description>
			<possibleresult>
				<name>Van</name>
			</possibleresult>
			<points>
				<point>916.999878,499.999939</point>
				<point>912.153687,503.230713</point>
				<point>901.999878,487.999939</point>
				<point>906.846069,484.769165</point>
				<point>916.999878,499.999939</point>
			</points>
		</object>
		<object>
			<coordinate>pixel</coordinate>
			<type>rectangle</type>
			<description>None</description>
			<possibleresult>
				<name>Van</name>
			</possibleresult>
			<points>
				<point>878.000122,443.000000</point>
				<point>872.298706,449.271484</point>
				<point>861.000122,439.000000</point>
				<point>866.701538,432.728516</point>
				<point>878.000122,443.000000</point>
			</points>
		</object>
		<object>
			<coordinate>pixel</coordinate>
			<type>rectangle</type>
			<description>None</description>
			<possibleresult>
				<name>Cargo Truck</name>
			</possibleresult>
			<points>
				<point>928.138306,456.179138</point>
				<point>918.000122,464.000000</point>
				<point>890.861938,428.820862</point>
				<point>901.000122,421.000000</point>
				<point>928.138306,456.179138</point>
			</points>
		</object>
		<object>
			<coordinate>pixel</coordinate>
			<type>rectangle</type>
			<description>None</description>
			<possibleresult>
				<name>Trailer</name>
			</possibleresult>
			<points>
				<point>1000.000122,639.749939</point>
				<point>982.000244,624.000061</point>
				<point>989.433838,615.504456</point>
				<point>1007.433716,631.254333</point>
				<point>1000.000122,639.749939</point>
			</points>
		</object>
		<object>
			<coordinate>pixel</coordinate>
			<type>rectangle</type>
			<description>None</description>
			<possibleresult>
				<name>Small Car</name>
			</possibleresult>
			<points>
				<point>780.316956,481.290558</point>
				<point>775.999939,485.999969</point>
				<point>763.999939,474.999969</point>
				<point>768.316956,470.290558</point>
				<point>780.316956,481.290558</point>
			</points>
		</object>
		<object>
			<coordinate>pixel</coordinate>
			<type>rectangle</type>
			<description>None</description>
			<possibleresult>
				<name>Small Car</name>
			</possibleresult>
			<points>
				<point>587.320679,282.299316</point>
				<point>582.000000,288.000000</point>
				<point>566.679321,273.700684</point>
				<point>572.000000,268.000000</point>
				<point>587.320679,282.299316</point>
			</points>
		</object>
		<object>
			<coordinate>pixel</coordinate>
			<type>rectangle</type>
			<description>None</description>
			<possibleresult>
				<name>Tractor</name>
			</possibleresult>
			<points>
				<point>602.000000,311.000000</point>
				<point>595.000000,319.000000</point>
				<point>559.814209,288.212402</point>
				<point>566.814209,280.212402</point>
				<point>602.000000,311.000000</point>
			</points>
		</object>
		<object>
			<coordinate>pixel</coordinate>
			<type>rectangle</type>
			<description>None</description>
			<possibleresult>
				<name>Van</name>
			</possibleresult>
			<points>
				<point>657.773560,362.792480</point>
				<point>653.000000,368.000000</point>
				<point>641.000000,357.000000</point>
				<point>645.773560,351.792480</point>
				<point>657.773560,362.792480</point>
			</points>
		</object>
		<object>
			<coordinate>pixel</coordinate>
			<type>rectangle</type>
			<description>None</description>
			<possibleresult>
				<name>Tractor</name>
			</possibleresult>
			<points>
				<point>497.000000,272.999969</point>
				<point>489.051270,282.045074</point>
				<point>455.999939,252.999969</point>
				<point>463.948669,243.954865</point>
				<point>497.000000,272.999969</point>
			</points>
		</object>
		<object>
			<coordinate>pixel</coordinate>
			<type>rectangle</type>
			<description>None</description>
			<possibleresult>
				<name>Van</name>
			</possibleresult>
			<points>
				<point>505.999969,297.000000</point>
				<point>500.494110,303.423523</point>
				<point>486.494110,291.423523</point>
				<point>491.999969,285.000000</point>
				<point>505.999969,297.000000</point>
			</points>
		</object>
		<object>
			<coordinate>pixel</coordinate>
			<type>rectangle</type>
			<description>None</description>
			<possibleresult>
				<name>Van</name>
			</possibleresult>
			<points>
				<point>418.082367,216.070572</point>
				<point>413.000031,221.999985</point>
				<point>398.917694,209.929398</point>
				<point>404.000031,203.999985</point>
				<point>418.082367,216.070572</point>
			</points>
		</object>
		<object>
			<coordinate>pixel</coordinate>
			<type>rectangle</type>
			<description>None</description>
			<possibleresult>
				<name>Van</name>
			</possibleresult>
			<points>
				<point>556.999939,339.999969</point>
				<point>551.537903,346.455170</point>
				<point>538.537903,335.455170</point>
				<point>543.999939,328.999969</point>
				<point>556.999939,339.999969</point>
			</points>
		</object>
		<object>
			<coordinate>pixel</coordinate>
			<type>rectangle</type>
			<description>None</description>
			<possibleresult>
				<name>Trailer</name>
			</possibleresult>
			<points>
				<point>780.495605,513.433716</point>
				<point>773.000000,522.000061</point>
				<point>735.690308,489.354034</point>
				<point>743.185913,480.787659</point>
				<point>780.495605,513.433716</point>
			</points>
		</object>
		<object>
			<coordinate>pixel</coordinate>
			<type>rectangle</type>
			<description>None</description>
			<possibleresult>
				<name>Van</name>
			</possibleresult>
			<points>
				<point>735.588257,494.647034</point>
				<point>731.000000,500.000000</point>
				<point>717.000000,488.000000</point>
				<point>721.588257,482.647034</point>
				<point>735.588257,494.647034</point>
			</points>
		</object>
		<object>
			<coordinate>pixel</coordinate>
			<type>rectangle</type>
			<description>None</description>
			<possibleresult>
				<name>Van</name>
			</possibleresult>
			<points>
				<point>771.000000,524.000000</point>
				<point>766.448242,529.379272</point>
				<point>753.000000,518.000000</point>
				<point>757.551758,512.620728</point>
				<point>771.000000,524.000000</point>
			</points>
		</object>
		<object>
			<coordinate>pixel</coordinate>
			<type>rectangle</type>
			<description>None</description>
			<possibleresult>
				<name>Bus</name>
			</possibleresult>
			<points>
				<point>802.999939,548.000000</point>
				<point>795.999939,556.000000</point>
				<point>766.690247,530.354004</point>
				<point>773.690247,522.354004</point>
				<point>802.999939,548.000000</point>
			</points>
		</object>
		<object>
			<coordinate>pixel</coordinate>
			<type>rectangle</type>
			<description>None</description>
			<possibleresult>
				<name>Van</name>
			</possibleresult>
			<points>
				<point>844.298584,585.271545</point>
				<point>840.000000,590.000061</point>
				<point>829.000000,580.000061</point>
				<point>833.298584,575.271545</point>
				<point>844.298584,585.271545</point>
			</points>
		</object>
		<object>
			<coordinate>pixel</coordinate>
			<type>rectangle</type>
			<description>None</description>
			<possibleresult>
				<name>other-vehicle</name>
			</possibleresult>
			<points>
				<point>912.000061,635.000000</point>
				<point>908.000061,640.000000</point>
				<point>897.512268,631.609741</point>
				<point>901.512268,626.609741</point>
				<point>912.000061,635.000000</point>
			</points>
		</object>
		<object>
			<coordinate>pixel</coordinate>
			<type>rectangle</type>
			<description>None</description>
			<possibleresult>
				<name>Trailer</name>
			</possibleresult>
			<points>
				<point>1000.000061,713.947449</point>
				<point>987.461975,703.388977</point>
				<point>992.000061,697.999939</point>
				<point>1004.538147,708.558411</point>
				<point>1000.000061,713.947449</point>
			</points>
		</object>
		<object>
			<coordinate>pixel</coordinate>
			<type>rectangle</type>
			<description>None</description>
			<possibleresult>
				<name>Engineering Ship</name>
			</possibleresult>
			<points>
				<point>990.000000,409.836761</point>
				<point>990.000000,389.551727</point>
				<point>1000.000000,389.551727</point>
				<point>1000.000000,409.836761</point>
				<point>990.000000,409.836761</point>
			</points>
		</object>
		<object>
			<coordinate>pixel</coordinate>
			<type>rectangle</type>
			<description>None</description>
			<possibleresult>
				<name>Cargo Truck</name>
			</possibleresult>
			<points>
				<point>926.000061,326.000000</point>
				<point>907.155823,349.126953</point>
				<point>799.155823,261.126953</point>
				<point>818.000061,238.000000</point>
				<point>926.000061,326.000000</point>
			</points>
		</object>
		<object>
			<coordinate>pixel</coordinate>
			<type>rectangle</type>
			<description>None</description>
			<possibleresult>
				<name>Cargo Truck</name>
			</possibleresult>
			<points>
				<point>949.000061,298.000000</point>
				<point>932.137024,321.099976</point>
				<point>832.000061,248.000000</point>
				<point>848.863098,224.900024</point>
				<point>949.000061,298.000000</point>
			</points>
		</object>
		<object>
			<coordinate>pixel</coordinate>
			<type>rectangle</type>
			<description>None</description>
			<possibleresult>
				<name>Cargo Truck</name>
			</possibleresult>
			<points>
				<point>975.149658,280.109100</point>
				<point>957.000000,305.000000</point>
				<point>860.850342,234.890900</point>
				<point>879.000000,210.000000</point>
				<point>975.149658,280.109100</point>
			</points>
		</object>
		<object>
			<coordinate>pixel</coordinate>
			<type>rectangle</type>
			<description>None</description>
			<possibleresult>
				<name>Cargo Truck</name>
			</possibleresult>
			<points>
				<point>1000.000000,259.550415</point>
				<point>1000.000000,264.303833</point>
				<point>985.000000,284.999969</point>
				<point>875.741333,205.812531</point>
				<point>1000.000000,259.550415</point>
			</points>
		</object>
		<object>
			<coordinate>pixel</coordinate>
			<type>rectangle</type>
			<description>None</description>
			<possibleresult>
				<name>Cargo Truck</name>
			</possibleresult>
			<points>
				<point>1000.000000,259.432495</point>
				<point>897.541382,184.665405</point>
				<point>916.999878,158.000000</point>
				<point>1000.000000,218.567657</point>
				<point>1000.000000,259.432495</point>
			</points>
		</object>
		<object>
			<coordinate>pixel</coordinate>
			<type>rectangle</type>
			<description>None</description>
			<possibleresult>
				<name>Cargo Truck</name>
			</possibleresult>
			<points>
				<point>1000.000000,215.189148</point>
				<point>922.664917,158.755447</point>
				<point>940.000000,134.999954</point>
				<point>1000.000000,178.783722</point>
				<point>1000.000000,215.189148</point>
			</points>
		</object>
		<object>
			<coordinate>pixel</coordinate>
			<type>rectangle</type>
			<description>None</description>
			<possibleresult>
				<name>Cargo Truck</name>
			</possibleresult>
			<points>
				<point>1000.000061,173.277740</point>
				<point>947.000061,134.999924</point>
				<point>962.452454,113.604370</point>
				<point>1015.452454,151.882187</point>
				<point>1000.000061,173.277740</point>
			</points>
		</object>
		<object>
			<coordinate>pixel</coordinate>
			<type>rectangle</type>
			<description>None</description>
			<possibleresult>
				<name>Cargo Truck</name>
			</possibleresult>
			<points>
				<point>794.999939,218.999985</point>
				<point>775.394348,239.379440</point>
				<point>695.999939,162.999985</point>
				<point>715.605530,142.620529</point>
				<point>794.999939,218.999985</point>
			</points>
		</object>
		<object>
			<coordinate>pixel</coordinate>
			<type>rectangle</type>
			<description>None</description>
			<possibleresult>
				<name>Cargo Truck</name>
			</possibleresult>
			<points>
				<point>854.133301,193.128983</point>
				<point>832.000000,216.000015</point>
				<point>738.866699,125.871048</point>
				<point>761.000000,103.000015</point>
				<point>854.133301,193.128983</point>
			</points>
		</object>
		<object>
			<coordinate>pixel</coordinate>
			<type>rectangle</type>
			<description>None</description>
			<possibleresult>
				<name>Cargo Truck</name>
			</possibleresult>
			<points>
				<point>821.270935,207.264633</point>
				<point>801.999939,227.000015</point>
				<point>716.999939,144.000015</point>
				<point>736.270935,124.264633</point>
				<point>821.270935,207.264633</point>
			</points>
		</object>
		<object>
			<coordinate>pixel</coordinate>
			<type>rectangle</type>
			<description>None</description>
			<possibleresult>
				<name>Cargo Truck</name>
			</possibleresult>
			<points>
				<point>687.435181,123.528297</point>
				<point>667.000000,148.000000</point>
				<point>570.000000,66.999992</point>
				<point>590.435181,42.528290</point>
				<point>687.435181,123.528297</point>
			</points>
		</object>
		<object>
			<coordinate>pixel</coordinate>
			<type>rectangle</type>
			<description>None</description>
			<possibleresult>
				<name>Cargo Truck</name>
			</possibleresult>
			<points>
				<point>716.000000,103.000000</point>
				<point>696.425171,126.356331</point>
				<point>591.000000,37.999996</point>
				<point>610.574829,14.643669</point>
				<point>716.000000,103.000000</point>
			</points>
		</object>
		<object>
			<coordinate>pixel</coordinate>
			<type>rectangle</type>
			<description>None</description>
			<possibleresult>
				<name>Cargo Truck</name>
			</possibleresult>
			<points>
				<point>634.057678,0.000000</point>
				<point>646.172485,0.000000</point>
				<point>743.045288,81.037827</point>
				<point>723.000000,104.999962</point>
				<point>634.057678,0.000000</point>
			</points>
		</object>
		<object>
			<coordinate>pixel</coordinate>
			<type>rectangle</type>
			<description>None</description>
			<possibleresult>
				<name>Van</name>
			</possibleresult>
			<points>
				<point>706.000061,186.999985</point>
				<point>701.683044,191.709427</point>
				<point>689.683044,180.709427</point>
				<point>694.000061,175.999985</point>
				<point>706.000061,186.999985</point>
			</points>
		</object>
		<object>
			<coordinate>pixel</coordinate>
			<type>rectangle</type>
			<description>None</description>
			<possibleresult>
				<name>Van</name>
			</possibleresult>
			<points>
				<point>738.163330,214.133698</point>
				<point>735.000000,218.000031</point>
				<point>723.836670,208.866364</point>
				<point>727.000000,205.000031</point>
				<point>738.163330,214.133698</point>
			</points>
		</object>
		<object>
			<coordinate>pixel</coordinate>
			<type>rectangle</type>
			<description>None</description>
			<possibleresult>
				<name>Van</name>
			</possibleresult>
			<points>
				<point>781.000061,250.000000</point>
				<point>775.500061,255.500000</point>
				<point>766.500061,246.500000</point>
				<point>772.000061,241.000000</point>
				<point>781.000061,250.000000</point>
			</points>
		</object>
		<object>
			<coordinate>pixel</coordinate>
			<type>rectangle</type>
			<description>None</description>
			<possibleresult>
				<name>Van</name>
			</possibleresult>
			<points>
				<point>948.000000,387.999969</point>
				<point>943.248901,393.226227</point>
				<point>932.248901,383.226227</point>
				<point>937.000000,377.999969</point>
				<point>948.000000,387.999969</point>
			</points>
		</object>
		<object>
			<coordinate>pixel</coordinate>
			<type>rectangle</type>
			<description>None</description>
			<possibleresult>
				<name>Van</name>
			</possibleresult>
			<points>
				<point>967.000000,405.000031</point>
				<point>962.044556,409.054474</point>
				<point>953.000000,398.000031</point>
				<point>957.955444,393.945587</point>
				<point>967.000000,405.000031</point>
			</points>
		</object>
		<object>
			<coordinate>pixel</coordinate>
			<type>rectangle</type>
			<description>None</description>
			<possibleresult>
				<name>Van</name>
			</possibleresult>
			<points>
				<point>767.098450,598.918091</point>
				<point>755.000061,609.000000</point>
				<point>750.901672,604.081909</point>
				<point>763.000061,594.000000</point>
				<point>767.098450,598.918091</point>
			</points>
		</object>
		<object>
			<coordinate>pixel</coordinate>
			<type>rectangle</type>
			<description>None</description>
			<possibleresult>
				<name>Van</name>
			</possibleresult>
			<points>
				<point>504.000000,805.000061</point>
				<point>492.000000,815.000061</point>
				<point>486.508179,808.409851</point>
				<point>498.508179,798.409851</point>
				<point>504.000000,805.000061</point>
			</points>
		</object>
		<object>
			<coordinate>pixel</coordinate>
			<type>rectangle</type>
			<description>None</description>
			<possibleresult>
				<name>Van</name>
			</possibleresult>
			<points>
				<point>496.564362,797.356506</point>
				<point>485.564362,806.356506</point>
				<point>482.000031,802.000061</point>
				<point>493.000031,793.000061</point>
				<point>496.564362,797.356506</point>
			</points>
		</object>
		<object>
			<coordinate>pixel</coordinate>
			<type>rectangle</type>
			<description>None</description>
			<possibleresult>
				<name>Van</name>
			</possibleresult>
			<points>
				<point>490.758362,792.185913</point>
				<point>477.758362,802.185913</point>
				<point>473.000000,796.000000</point>
				<point>486.000000,786.000000</point>
				<point>490.758362,792.185913</point>
			</points>
		</object>
		<object>
			<coordinate>pixel</coordinate>
			<type>rectangle</type>
			<description>None</description>
			<possibleresult>
				<name>Van</name>
			</possibleresult>
			<points>
				<point>480.121979,786.902527</point>
				<point>470.000031,795.000061</point>
				<point>466.878082,791.097595</point>
				<point>477.000031,783.000061</point>
				<point>480.121979,786.902527</point>
			</points>
		</object>
		<object>
			<coordinate>pixel</coordinate>
			<type>rectangle</type>
			<description>None</description>
			<possibleresult>
				<name>Dump Truck</name>
			</possibleresult>
			<points>
				<point>478.195160,779.243958</point>
				<point>465.390289,789.487854</point>
				<point>461.000031,784.000061</point>
				<point>473.804901,773.756165</point>
				<point>478.195160,779.243958</point>
			</points>
		</object>
		<object>
			<coordinate>pixel</coordinate>
			<type>rectangle</type>
			<description>None</description>
			<possibleresult>
				<name>Van</name>
			</possibleresult>
			<points>
				<point>469.000031,774.000061</point>
				<point>453.878082,786.097595</point>
				<point>449.000031,780.000061</point>
				<point>464.121979,767.902527</point>
				<point>469.000031,774.000061</point>
			</points>
		</object>
		<object>
			<coordinate>pixel</coordinate>
			<type>rectangle</type>
			<description>None</description>
			<possibleresult>
				<name>Small Car</name>
			</possibleresult>
			<points>
				<point>651.390320,625.487854</point>
				<point>636.390320,637.487854</point>
				<point>632.000061,632.000061</point>
				<point>647.000061,620.000061</point>
				<point>651.390320,625.487854</point>
			</points>
		</object>
		<object>
			<coordinate>pixel</coordinate>
			<type>rectangle</type>
			<description>None</description>
			<possibleresult>
				<name>Van</name>
			</possibleresult>
			<points>
				<point>533.000061,783.000000</point>
				<point>528.207703,788.191650</point>
				<point>515.000061,776.000000</point>
				<point>519.792419,770.808350</point>
				<point>533.000061,783.000000</point>
			</points>
		</object>
		<object>
			<coordinate>pixel</coordinate>
			<type>rectangle</type>
			<description>None</description>
			<possibleresult>
				<name>Van</name>
			</possibleresult>
			<points>
				<point>540.000000,777.000000</point>
				<point>535.207642,782.191650</point>
				<point>522.000000,770.000000</point>
				<point>526.792358,764.808350</point>
				<point>540.000000,777.000000</point>
			</points>
		</object>
		<object>
			<coordinate>pixel</coordinate>
			<type>rectangle</type>
			<description>None</description>
			<possibleresult>
				<name>Van</name>
			</possibleresult>
			<points>
				<point>548.000000,771.000000</point>
				<point>543.248901,776.226196</point>
				<point>532.000000,766.000000</point>
				<point>536.751099,760.773804</point>
				<point>548.000000,771.000000</point>
			</points>
		</object>
		<object>
			<coordinate>pixel</coordinate>
			<type>rectangle</type>
			<description>None</description>
			<possibleresult>
				<name>Van</name>
			</possibleresult>
			<points>
				<point>557.000061,763.000061</point>
				<point>552.500061,767.500061</point>
				<point>541.500061,756.500061</point>
				<point>546.000061,752.000061</point>
				<point>557.000061,763.000061</point>
			</points>
		</object>
		<object>
			<coordinate>pixel</coordinate>
			<type>rectangle</type>
			<description>None</description>
			<possibleresult>
				<name>Van</name>
			</possibleresult>
			<points>
				<point>566.000061,756.000061</point>
				<point>560.500061,761.500061</point>
				<point>549.000061,750.000061</point>
				<point>554.500061,744.500061</point>
				<point>566.000061,756.000061</point>
			</points>
		</object>
		<object>
			<coordinate>pixel</coordinate>
			<type>rectangle</type>
			<description>None</description>
			<possibleresult>
				<name>Small Car</name>
			</possibleresult>
			<points>
				<point>581.332214,744.306763</point>
				<point>576.999939,749.000000</point>
				<point>563.667664,736.693237</point>
				<point>567.999939,732.000000</point>
				<point>581.332214,744.306763</point>
			</points>
		</object>
		<object>
			<coordinate>pixel</coordinate>
			<type>rectangle</type>
			<description>None</description>
			<possibleresult>
				<name>Van</name>
			</possibleresult>
			<points>
				<point>572.000000,749.000000</point>
				<point>567.276245,754.248657</point>
				<point>557.276245,745.248657</point>
				<point>562.000000,740.000000</point>
				<point>572.000000,749.000000</point>
			</points>
		</object>
		<object>
			<coordinate>pixel</coordinate>
			<type>rectangle</type>
			<description>None</description>
			<possibleresult>
				<name>Van</name>
			</possibleresult>
			<points>
				<point>588.000000,739.999939</point>
				<point>584.199097,744.180969</point>
				<point>573.199097,734.180969</point>
				<point>577.000000,729.999939</point>
				<point>588.000000,739.999939</point>
			</points>
		</object>
		<object>
			<coordinate>pixel</coordinate>
			<type>rectangle</type>
			<description>None</description>
			<possibleresult>
				<name>Van</name>
			</possibleresult>
			<points>
				<point>488.000000,745.000000</point>
				<point>484.500000,748.500000</point>
				<point>474.500000,738.500000</point>
				<point>478.000000,735.000000</point>
				<point>488.000000,745.000000</point>
			</points>
		</object>
		<object>
			<coordinate>pixel</coordinate>
			<type>rectangle</type>
			<description>None</description>
			<possibleresult>
				<name>Van</name>
			</possibleresult>
			<points>
				<point>495.000061,738.000061</point>
				<point>490.500061,742.500061</point>
				<point>479.500061,731.500061</point>
				<point>484.000061,727.000061</point>
				<point>495.000061,738.000061</point>
			</points>
		</object>
		<object>
			<coordinate>pixel</coordinate>
			<type>rectangle</type>
			<description>None</description>
			<possibleresult>
				<name>Van</name>
			</possibleresult>
			<points>
				<point>504.000031,733.000000</point>
				<point>499.207672,738.191650</point>
				<point>486.000031,726.000000</point>
				<point>490.792389,720.808350</point>
				<point>504.000031,733.000000</point>
			</points>
		</object>
		<object>
			<coordinate>pixel</coordinate>
			<type>rectangle</type>
			<description>None</description>
			<possibleresult>
				<name>Van</name>
			</possibleresult>
			<points>
				<point>510.751160,724.773804</point>
				<point>506.000000,730.000000</point>
				<point>495.000000,720.000000</point>
				<point>499.751160,714.773804</point>
				<point>510.751160,724.773804</point>
			</points>
		</object>
		<object>
			<coordinate>pixel</coordinate>
			<type>rectangle</type>
			<description>None</description>
			<possibleresult>
				<name>Van</name>
			</possibleresult>
			<points>
				<point>525.000061,714.000061</point>
				<point>520.000061,719.000061</point>
				<point>510.000061,709.000061</point>
				<point>515.000061,704.000061</point>
				<point>525.000061,714.000061</point>
			</points>
		</object>
		<object>
			<coordinate>pixel</coordinate>
			<type>rectangle</type>
			<description>None</description>
			<possibleresult>
				<name>Van</name>
			</possibleresult>
			<points>
				<point>533.000061,710.000061</point>
				<point>528.500061,714.500061</point>
				<point>515.500061,701.500061</point>
				<point>520.000061,697.000061</point>
				<point>533.000061,710.000061</point>
			</points>
		</object>
		<object>
			<coordinate>pixel</coordinate>
			<type>rectangle</type>
			<description>None</description>
			<possibleresult>
				<name>Van</name>
			</possibleresult>
			<points>
				<point>516.723755,718.751404</point>
				<point>512.000000,724.000061</point>
				<point>502.000000,715.000061</point>
				<point>506.723755,709.751404</point>
				<point>516.723755,718.751404</point>
			</points>
		</object>
		<object>
			<coordinate>pixel</coordinate>
			<type>rectangle</type>
			<description>None</description>
			<possibleresult>
				<name>Van</name>
			</possibleresult>
			<points>
				<point>601.500061,727.500061</point>
				<point>597.000061,732.000061</point>
				<point>586.000061,721.000061</point>
				<point>590.500061,716.500061</point>
				<point>601.500061,727.500061</point>
			</points>
		</object>
		<object>
			<coordinate>pixel</coordinate>
			<type>rectangle</type>
			<description>None</description>
			<possibleresult>
				<name>Van</name>
			</possibleresult>
			<points>
				<point>548.000000,698.000000</point>
				<point>543.000000,703.000000</point>
				<point>532.000000,692.000000</point>
				<point>537.000000,687.000000</point>
				<point>548.000000,698.000000</point>
			</points>
		</object>
		<object>
			<coordinate>pixel</coordinate>
			<type>rectangle</type>
			<description>None</description>
			<possibleresult>
				<name>Van</name>
			</possibleresult>
			<points>
				<point>561.999939,685.000000</point>
				<point>558.181091,689.166016</point>
				<point>545.999939,678.000000</point>
				<point>549.818787,673.833984</point>
				<point>561.999939,685.000000</point>
			</points>
		</object>
		<object>
			<coordinate>pixel</coordinate>
			<type>rectangle</type>
			<description>None</description>
			<possibleresult>
				<name>Small Car</name>
			</possibleresult>
			<points>
				<point>572.000061,681.000000</point>
				<point>567.207703,686.191650</point>
				<point>554.000061,674.000000</point>
				<point>558.792419,668.808350</point>
				<point>572.000061,681.000000</point>
			</points>
		</object>
		<object>
			<coordinate>pixel</coordinate>
			<type>rectangle</type>
			<description>None</description>
			<possibleresult>
				<name>Van</name>
			</possibleresult>
			<points>
				<point>593.290710,663.268311</point>
				<point>587.999939,669.000000</point>
				<point>574.709167,656.731689</point>
				<point>579.999939,651.000000</point>
				<point>593.290710,663.268311</point>
			</points>
		</object>
		<object>
			<coordinate>pixel</coordinate>
			<type>rectangle</type>
			<description>None</description>
			<possibleresult>
				<name>Van</name>
			</possibleresult>
			<points>
				<point>598.999939,657.000061</point>
				<point>594.248840,662.226257</point>
				<point>583.248840,652.226257</point>
				<point>587.999939,647.000061</point>
				<point>598.999939,657.000061</point>
			</points>
		</object>
		<object>
			<coordinate>pixel</coordinate>
			<type>rectangle</type>
			<description>None</description>
			<possibleresult>
				<name>Van</name>
			</possibleresult>
			<points>
				<point>616.248901,714.226196</point>
				<point>611.000000,720.000000</point>
				<point>599.751099,709.773804</point>
				<point>605.000000,704.000000</point>
				<point>616.248901,714.226196</point>
			</points>
		</object>
		<object>
			<coordinate>pixel</coordinate>
			<type>rectangle</type>
			<description>None</description>
			<possibleresult>
				<name>Van</name>
			</possibleresult>
			<points>
				<point>608.276367,720.248657</point>
				<point>604.000122,725.000000</point>
				<point>593.723877,715.751343</point>
				<point>598.000122,711.000000</point>
				<point>608.276367,720.248657</point>
			</points>
		</object>
		<object>
			<coordinate>pixel</coordinate>
			<type>rectangle</type>
			<description>None</description>
			<possibleresult>
				<name>Van</name>
			</possibleresult>
			<points>
				<point>593.000000,734.000000</point>
				<point>589.500000,737.500000</point>
				<point>580.000000,728.000000</point>
				<point>583.500000,724.500000</point>
				<point>593.000000,734.000000</point>
			</points>
		</object>
		<object>
			<coordinate>pixel</coordinate>
			<type>rectangle</type>
			<description>None</description>
			<possibleresult>
				<name>Van</name>
			</possibleresult>
			<points>
				<point>626.000000,712.000061</point>
				<point>621.191772,717.178162</point>
				<point>607.000000,704.000061</point>
				<point>611.808228,698.821960</point>
				<point>626.000000,712.000061</point>
			</points>
		</object>
		<object>
			<coordinate>pixel</coordinate>
			<type>rectangle</type>
			<description>None</description>
			<possibleresult>
				<name>Van</name>
			</possibleresult>
			<points>
				<point>631.000000,705.000000</point>
				<point>626.000000,710.000000</point>
				<point>614.000000,698.000000</point>
				<point>619.000000,693.000000</point>
				<point>631.000000,705.000000</point>
			</points>
		</object>
		<object>
			<coordinate>pixel</coordinate>
			<type>rectangle</type>
			<description>None</description>
			<possibleresult>
				<name>Van</name>
			</possibleresult>
			<points>
				<point>638.345276,698.320618</point>
				<point>634.000061,703.000061</point>
				<point>620.000061,690.000061</point>
				<point>624.345276,685.320618</point>
				<point>638.345276,698.320618</point>
			</points>
		</object>
		<object>
			<coordinate>pixel</coordinate>
			<type>rectangle</type>
			<description>None</description>
			<possibleresult>
				<name>Van</name>
			</possibleresult>
			<points>
				<point>645.000000,693.000061</point>
				<point>641.166138,697.153381</point>
				<point>628.000000,685.000061</point>
				<point>631.833862,680.846741</point>
				<point>645.000000,693.000061</point>
			</points>
		</object>
		<object>
			<coordinate>pixel</coordinate>
			<type>rectangle</type>
			<description>None</description>
			<possibleresult>
				<name>Van</name>
			</possibleresult>
			<points>
				<point>654.306946,686.284973</point>
				<point>649.000061,692.000061</point>
				<point>635.000061,679.000061</point>
				<point>640.306946,673.284973</point>
				<point>654.306946,686.284973</point>
			</points>
		</object>
		<object>
			<coordinate>pixel</coordinate>
			<type>rectangle</type>
			<description>None</description>
			<possibleresult>
				<name>Van</name>
			</possibleresult>
			<points>
				<point>622.500000,638.500000</point>
				<point>617.000000,644.000000</point>
				<point>605.000000,632.000000</point>
				<point>610.500000,626.500000</point>
				<point>622.500000,638.500000</point>
			</points>
		</object>
		<object>
			<coordinate>pixel</coordinate>
			<type>rectangle</type>
			<description>None</description>
			<possibleresult>
				<name>Van</name>
			</possibleresult>
			<points>
				<point>703.000000,652.000000</point>
				<point>698.000000,656.000000</point>
				<point>689.512207,645.390259</point>
				<point>694.512207,641.390259</point>
				<point>703.000000,652.000000</point>
			</points>
		</object>
		<object>
			<coordinate>pixel</coordinate>
			<type>rectangle</type>
			<description>None</description>
			<possibleresult>
				<name>Van</name>
			</possibleresult>
			<points>
				<point>676.000000,622.000061</point>
				<point>672.220947,626.198914</point>
				<point>662.000000,617.000061</point>
				<point>665.779053,612.801208</point>
				<point>676.000000,622.000061</point>
			</points>
		</object>
		<object>
			<coordinate>pixel</coordinate>
			<type>rectangle</type>
			<description>None</description>
			<possibleresult>
				<name>Van</name>
			</possibleresult>
			<points>
				<point>635.019958,598.139954</point>
				<point>628.999939,598.999939</point>
				<point>626.979919,584.859924</point>
				<point>632.999939,583.999939</point>
				<point>635.019958,598.139954</point>
			</points>
		</object>
		<object>
			<coordinate>pixel</coordinate>
			<type>rectangle</type>
			<description>None</description>
			<possibleresult>
				<name>Small Car</name>
			</possibleresult>
			<points>
				<point>468.044769,762.037842</point>
				<point>462.999969,767.999878</point>
				<point>449.955170,756.961914</point>
				<point>454.999969,750.999878</point>
				<point>468.044769,762.037842</point>
			</points>
		</object>
		<object>
			<coordinate>pixel</coordinate>
			<type>rectangle</type>
			<description>None</description>
			<possibleresult>
				<name>Van</name>
			</possibleresult>
			<points>
				<point>476.685272,756.593872</point>
				<point>471.999969,762.000000</point>
				<point>456.999969,749.000000</point>
				<point>461.685272,743.593872</point>
				<point>476.685272,756.593872</point>
			</points>
		</object>
		<object>
			<coordinate>pixel</coordinate>
			<type>rectangle</type>
			<description>None</description>
			<possibleresult>
				<name>Van</name>
			</possibleresult>
			<points>
				<point>481.290710,749.268311</point>
				<point>476.000000,755.000000</point>
				<point>463.000000,743.000000</point>
				<point>468.290710,737.268311</point>
				<point>481.290710,749.268311</point>
			</points>
		</object>
		<object>
			<coordinate>pixel</coordinate>
			<type>rectangle</type>
			<description>None</description>
			<possibleresult>
				<name>Van</name>
			</possibleresult>
			<points>
				<point>513.000000,768.000000</point>
				<point>507.500000,773.500000</point>
				<point>498.500000,764.500000</point>
				<point>504.000000,759.000000</point>
				<point>513.000000,768.000000</point>
			</points>
		</object>
		<object>
			<coordinate>pixel</coordinate>
			<type>rectangle</type>
			<description>None</description>
			<possibleresult>
				<name>Van</name>
			</possibleresult>
			<points>
				<point>522.500061,760.500061</point>
				<point>517.000061,766.000061</point>
				<point>509.000061,758.000061</point>
				<point>514.500061,752.500061</point>
				<point>522.500061,760.500061</point>
			</points>
		</object>
		<object>
			<coordinate>pixel</coordinate>
			<type>rectangle</type>
			<description>None</description>
			<possibleresult>
				<name>Van</name>
			</possibleresult>
			<points>
				<point>542.999939,750.000061</point>
				<point>537.955139,755.962097</point>
				<point>524.955139,744.962097</point>
				<point>529.999939,739.000061</point>
				<point>542.999939,750.000061</point>
			</points>
		</object>
		<object>
			<coordinate>pixel</coordinate>
			<type>rectangle</type>
			<description>None</description>
			<possibleresult>
				<name>Van</name>
			</possibleresult>
			<points>
				<point>550.000000,742.999939</point>
				<point>545.448242,748.379211</point>
				<point>532.000000,736.999939</point>
				<point>536.551758,731.620667</point>
				<point>550.000000,742.999939</point>
			</points>
		</object>
		<object>
			<coordinate>pixel</coordinate>
			<type>rectangle</type>
			<description>None</description>
			<possibleresult>
				<name>Van</name>
			</possibleresult>
			<points>
				<point>555.999939,736.000000</point>
				<point>551.701355,740.728516</point>
				<point>540.701355,730.728516</point>
				<point>544.999939,726.000000</point>
				<point>555.999939,736.000000</point>
			</points>
		</object>
		<object>
			<coordinate>pixel</coordinate>
			<type>rectangle</type>
			<description>None</description>
			<possibleresult>
				<name>Van</name>
			</possibleresult>
			<points>
				<point>563.196777,731.163940</point>
				<point>560.000000,735.000000</point>
				<point>547.803223,724.836060</point>
				<point>551.000000,721.000000</point>
				<point>563.196777,731.163940</point>
			</points>
		</object>
		<object>
			<coordinate>pixel</coordinate>
			<type>rectangle</type>
			<description>None</description>
			<possibleresult>
				<name>Van</name>
			</possibleresult>
			<points>
				<point>608.500061,694.500061</point>
				<point>603.000061,700.000061</point>
				<point>593.000061,690.000061</point>
				<point>598.500061,684.500061</point>
				<point>608.500061,694.500061</point>
			</points>
		</object>
		<object>
			<coordinate>pixel</coordinate>
			<type>rectangle</type>
			<description>None</description>
			<possibleresult>
				<name>Van</name>
			</possibleresult>
			<points>
				<point>594.290771,707.268372</point>
				<point>589.000000,713.000061</point>
				<point>575.709229,700.731750</point>
				<point>581.000000,695.000061</point>
				<point>594.290771,707.268372</point>
			</points>
		</object>
		<object>
			<coordinate>pixel</coordinate>
			<type>rectangle</type>
			<description>None</description>
			<possibleresult>
				<name>Van</name>
			</possibleresult>
			<points>
				<point>586.298523,714.271423</point>
				<point>581.999939,718.999939</point>
				<point>570.701355,708.728455</point>
				<point>574.999939,703.999939</point>
				<point>586.298523,714.271423</point>
			</points>
		</object>
		<object>
			<coordinate>pixel</coordinate>
			<type>rectangle</type>
			<description>None</description>
			<possibleresult>
				<name>Van</name>
			</possibleresult>
			<points>
				<point>579.000061,720.000000</point>
				<point>574.683044,724.709473</point>
				<point>562.683044,713.709473</point>
				<point>567.000061,709.000000</point>
				<point>579.000061,720.000000</point>
			</points>
		</object>
		<object>
			<coordinate>pixel</coordinate>
			<type>rectangle</type>
			<description>None</description>
			<possibleresult>
				<name>Van</name>
			</possibleresult>
			<points>
				<point>593.000000,843.999878</point>
				<point>586.750854,850.769897</point>
				<point>573.750854,838.769897</point>
				<point>580.000000,831.999878</point>
				<point>593.000000,843.999878</point>
			</points>
		</object>
		<object>
			<coordinate>pixel</coordinate>
			<type>rectangle</type>
			<description>None</description>
			<possibleresult>
				<name>Van</name>
			</possibleresult>
			<points>
				<point>439.685364,786.593872</point>
				<point>435.000061,792.000000</point>
				<point>420.000061,779.000000</point>
				<point>424.685364,773.593872</point>
				<point>439.685364,786.593872</point>
			</points>
		</object>
		<object>
			<coordinate>pixel</coordinate>
			<type>rectangle</type>
			<description>None</description>
			<possibleresult>
				<name>Van</name>
			</possibleresult>
			<points>
				<point>458.000031,806.000000</point>
				<point>454.487823,810.390259</point>
				<point>444.487823,802.390259</point>
				<point>448.000031,798.000000</point>
				<point>458.000031,806.000000</point>
			</points>
		</object>
		<object>
			<coordinate>pixel</coordinate>
			<type>rectangle</type>
			<description>None</description>
			<possibleresult>
				<name>Van</name>
			</possibleresult>
			<points>
				<point>486.098328,827.081848</point>
				<point>481.999939,831.999939</point>
				<point>469.901550,821.918030</point>
				<point>473.999939,816.999939</point>
				<point>486.098328,827.081848</point>
			</points>
		</object>
		<object>
			<coordinate>pixel</coordinate>
			<type>rectangle</type>
			<description>None</description>
			<possibleresult>
				<name>Van</name>
			</possibleresult>
			<points>
				<point>509.000061,838.000061</point>
				<point>506.600037,845.200012</point>
				<point>488.600037,839.200012</point>
				<point>491.000061,832.000061</point>
				<point>509.000061,838.000061</point>
			</points>
		</object>
		<object>
			<coordinate>pixel</coordinate>
			<type>rectangle</type>
			<description>None</description>
			<possibleresult>
				<name>Van</name>
			</possibleresult>
			<points>
				<point>411.000031,764.000000</point>
				<point>408.172455,771.068970</point>
				<point>393.000031,765.000000</point>
				<point>395.827606,757.931030</point>
				<point>411.000031,764.000000</point>
			</points>
		</object>
		<object>
			<coordinate>pixel</coordinate>
			<type>rectangle</type>
			<description>None</description>
			<possibleresult>
				<name>Van</name>
			</possibleresult>
			<points>
				<point>556.441711,832.653076</point>
				<point>542.000061,844.000122</point>
				<point>537.558411,838.347168</point>
				<point>552.000061,827.000122</point>
				<point>556.441711,832.653076</point>
			</points>
		</object>
		<object>
			<coordinate>pixel</coordinate>
			<type>rectangle</type>
			<description>None</description>
			<possibleresult>
				<name>Van</name>
			</possibleresult>
			<points>
				<point>579.000061,813.000000</point>
				<point>563.000061,826.000000</point>
				<point>558.472961,820.428223</point>
				<point>574.472961,807.428223</point>
				<point>579.000061,813.000000</point>
			</points>
		</object>
		<object>
			<coordinate>pixel</coordinate>
			<type>rectangle</type>
			<description>None</description>
			<possibleresult>
				<name>Van</name>
			</possibleresult>
			<points>
				<point>600.000061,797.000061</point>
				<point>584.878113,809.097595</point>
				<point>580.000061,803.000061</point>
				<point>595.122009,790.902527</point>
				<point>600.000061,797.000061</point>
			</points>
		</object>
		<object>
			<coordinate>pixel</coordinate>
			<type>rectangle</type>
			<description>None</description>
			<possibleresult>
				<name>other-vehicle</name>
			</possibleresult>
			<points>
				<point>633.435730,769.643677</point>
				<point>611.435730,787.643677</point>
				<point>606.000061,781.000122</point>
				<point>628.000061,763.000122</point>
				<point>633.435730,769.643677</point>
			</points>
		</object>
		<object>
			<coordinate>pixel</coordinate>
			<type>rectangle</type>
			<description>None</description>
			<possibleresult>
				<name>other-vehicle</name>
			</possibleresult>
			<points>
				<point>534.000000,846.000000</point>
				<point>516.000000,850.000000</point>
				<point>514.258789,842.164673</point>
				<point>532.258789,838.164673</point>
				<point>534.000000,846.000000</point>
			</points>
		</object>
		<object>
			<coordinate>pixel</coordinate>
			<type>rectangle</type>
			<description>None</description>
			<possibleresult>
				<name>other-vehicle</name>
			</possibleresult>
			<points>
				<point>626.000061,726.000061</point>
				<point>611.000061,738.000061</point>
				<point>607.000061,733.000061</point>
				<point>622.000061,721.000061</point>
				<point>626.000061,726.000061</point>
			</points>
		</object>
		<object>
			<coordinate>pixel</coordinate>
			<type>rectangle</type>
			<description>None</description>
			<possibleresult>
				<name>other-vehicle</name>
			</possibleresult>
			<points>
				<point>665.441650,695.652893</point>
				<point>651.000000,706.999939</point>
				<point>646.558350,701.346985</point>
				<point>661.000000,689.999939</point>
				<point>665.441650,695.652893</point>
			</points>
		</object>
		<object>
			<coordinate>pixel</coordinate>
			<type>rectangle</type>
			<description>None</description>
			<possibleresult>
				<name>Small Car</name>
			</possibleresult>
			<points>
				<point>673.000061,739.999939</point>
				<point>655.000061,753.999939</point>
				<point>650.207703,747.838440</point>
				<point>668.207703,733.838440</point>
				<point>673.000061,739.999939</point>
			</points>
		</object>
		<object>
			<coordinate>pixel</coordinate>
			<type>rectangle</type>
			<description>None</description>
			<possibleresult>
				<name>Van</name>
			</possibleresult>
			<points>
				<point>699.999939,719.000000</point>
				<point>688.292664,728.365845</point>
				<point>683.902405,722.878052</point>
				<point>695.609680,713.512207</point>
				<point>699.999939,719.000000</point>
			</points>
		</object>
		<object>
			<coordinate>pixel</coordinate>
			<type>rectangle</type>
			<description>None</description>
			<possibleresult>
				<name>other-vehicle</name>
			</possibleresult>
			<points>
				<point>424.999969,739.000000</point>
				<point>414.999969,747.000000</point>
				<point>410.999969,742.000000</point>
				<point>420.999969,734.000000</point>
				<point>424.999969,739.000000</point>
			</points>
		</object>
		<object>
			<coordinate>pixel</coordinate>
			<type>rectangle</type>
			<description>None</description>
			<possibleresult>
				<name>other-vehicle</name>
			</possibleresult>
			<points>
				<point>457.999969,714.000000</point>
				<point>443.245880,726.295044</point>
				<point>438.245880,720.295044</point>
				<point>452.999969,708.000000</point>
				<point>457.999969,714.000000</point>
			</points>
		</object>
		<object>
			<coordinate>pixel</coordinate>
			<type>rectangle</type>
			<description>None</description>
			<possibleresult>
				<name>Van</name>
			</possibleresult>
			<points>
				<point>596.000061,606.000061</point>
				<point>583.680115,615.240051</point>
				<point>579.000061,609.000061</point>
				<point>591.320007,599.760071</point>
				<point>596.000061,606.000061</point>
			</points>
		</object>
		<object>
			<coordinate>pixel</coordinate>
			<type>rectangle</type>
			<description>None</description>
			<possibleresult>
				<name>Van</name>
			</possibleresult>
			<points>
				<point>651.097534,560.121948</point>
				<point>640.000000,569.000000</point>
				<point>635.512207,563.390259</point>
				<point>646.609741,554.512207</point>
				<point>651.097534,560.121948</point>
			</points>
		</object>
		<object>
			<coordinate>pixel</coordinate>
			<type>rectangle</type>
			<description>None</description>
			<possibleresult>
				<name>Van</name>
			</possibleresult>
			<points>
				<point>708.000000,514.000000</point>
				<point>694.000000,525.000000</point>
				<point>689.176636,518.861206</point>
				<point>703.176636,507.861206</point>
				<point>708.000000,514.000000</point>
			</points>
		</object>
		<object>
			<coordinate>pixel</coordinate>
			<type>rectangle</type>
			<description>None</description>
			<possibleresult>
				<name>Van</name>
			</possibleresult>
			<points>
				<point>586.048340,411.962830</point>
				<point>573.000000,422.000000</point>
				<point>569.951660,418.037170</point>
				<point>583.000000,408.000000</point>
				<point>586.048340,411.962830</point>
			</points>
		</object>
		<object>
			<coordinate>pixel</coordinate>
			<type>rectangle</type>
			<description>None</description>
			<possibleresult>
				<name>Van</name>
			</possibleresult>
			<points>
				<point>599.000000,425.000000</point>
				<point>588.000000,434.000000</point>
				<point>583.945557,429.044556</point>
				<point>594.945557,420.044556</point>
				<point>599.000000,425.000000</point>
			</points>
		</object>
		<object>
			<coordinate>pixel</coordinate>
			<type>rectangle</type>
			<description>None</description>
			<possibleresult>
				<name>Small Car</name>
			</possibleresult>
			<points>
				<point>614.134521,435.886261</point>
				<point>601.000000,447.000031</point>
				<point>596.865479,442.113800</point>
				<point>610.000000,431.000031</point>
				<point>614.134521,435.886261</point>
			</points>
		</object>
		<object>
			<coordinate>pixel</coordinate>
			<type>rectangle</type>
			<description>None</description>
			<possibleresult>
				<name>Van</name>
			</possibleresult>
			<points>
				<point>622.487854,444.609772</point>
				<point>609.195129,455.243927</point>
				<point>604.707336,449.634186</point>
				<point>618.000061,439.000031</point>
				<point>622.487854,444.609772</point>
			</points>
		</object>
		<object>
			<coordinate>pixel</coordinate>
			<type>rectangle</type>
			<description>None</description>
			<possibleresult>
				<name>other-vehicle</name>
			</possibleresult>
			<points>
				<point>529.539307,412.662933</point>
				<point>513.000000,423.000031</point>
				<point>509.460693,417.337128</point>
				<point>526.000000,407.000031</point>
				<point>529.539307,412.662933</point>
			</points>
		</object>
		<object>
			<coordinate>pixel</coordinate>
			<type>rectangle</type>
			<description>None</description>
			<possibleresult>
				<name>Van</name>
			</possibleresult>
			<points>
				<point>541.405823,426.408478</point>
				<point>525.405823,437.408478</point>
				<point>520.999939,430.999969</point>
				<point>536.999939,419.999969</point>
				<point>541.405823,426.408478</point>
			</points>
		</object>
		<object>
			<coordinate>pixel</coordinate>
			<type>rectangle</type>
			<description>None</description>
			<possibleresult>
				<name>Van</name>
			</possibleresult>
			<points>
				<point>344.000031,341.000031</point>
				<point>328.847076,353.988251</point>
				<point>322.847076,346.988251</point>
				<point>338.000031,334.000031</point>
				<point>344.000031,341.000031</point>
			</points>
		</object>
		<object>
			<coordinate>pixel</coordinate>
			<type>rectangle</type>
			<description>None</description>
			<possibleresult>
				<name>Van</name>
			</possibleresult>
			<points>
				<point>380.301178,309.755310</point>
				<point>364.301178,322.755310</point>
				<point>358.000031,315.000000</point>
				<point>374.000031,302.000000</point>
				<point>380.301178,309.755310</point>
			</points>
		</object>
		<object>
			<coordinate>pixel</coordinate>
			<type>rectangle</type>
			<description>None</description>
			<possibleresult>
				<name>Van</name>
			</possibleresult>
			<points>
				<point>360.097565,361.121979</point>
				<point>348.390228,370.487823</point>
				<point>343.999969,365.000031</point>
				<point>355.707306,355.634186</point>
				<point>360.097565,361.121979</point>
			</points>
		</object>
		<object>
			<coordinate>pixel</coordinate>
			<type>rectangle</type>
			<description>None</description>
			<possibleresult>
				<name>Van</name>
			</possibleresult>
			<points>
				<point>414.414154,338.663544</point>
				<point>398.414154,351.663544</point>
				<point>393.000031,345.000031</point>
				<point>409.000031,332.000031</point>
				<point>414.414154,338.663544</point>
			</points>
		</object>
		<object>
			<coordinate>pixel</coordinate>
			<type>rectangle</type>
			<description>None</description>
			<possibleresult>
				<name>Van</name>
			</possibleresult>
			<points>
				<point>427.487823,350.609741</point>
				<point>411.390289,363.487793</point>
				<point>406.902496,357.878052</point>
				<point>423.000031,345.000000</point>
				<point>427.487823,350.609741</point>
			</points>
		</object>
		<object>
			<coordinate>pixel</coordinate>
			<type>rectangle</type>
			<description>None</description>
			<possibleresult>
				<name>Van</name>
			</possibleresult>
			<points>
				<point>437.000000,366.999969</point>
				<point>426.000000,374.999969</point>
				<point>420.594604,367.567535</point>
				<point>431.594604,359.567535</point>
				<point>437.000000,366.999969</point>
			</points>
		</object>
		<object>
			<coordinate>pixel</coordinate>
			<type>rectangle</type>
			<description>None</description>
			<possibleresult>
				<name>Van</name>
			</possibleresult>
			<points>
				<point>448.000000,371.000000</point>
				<point>434.903320,381.074341</point>
				<point>431.000000,376.000000</point>
				<point>444.096680,365.925659</point>
				<point>448.000000,371.000000</point>
			</points>
		</object>
		<object>
			<coordinate>pixel</coordinate>
			<type>rectangle</type>
			<description>None</description>
			<possibleresult>
				<name>Van</name>
			</possibleresult>
			<points>
				<point>463.160004,381.880066</point>
				<point>447.000031,394.000061</point>
				<point>441.840057,387.120056</point>
				<point>458.000031,375.000061</point>
				<point>463.160004,381.880066</point>
			</points>
		</object>
		<object>
			<coordinate>pixel</coordinate>
			<type>rectangle</type>
			<description>None</description>
			<possibleresult>
				<name>Small Car</name>
			</possibleresult>
			<points>
				<point>344.196686,349.836029</point>
				<point>331.999969,359.999969</point>
				<point>328.803253,356.163910</point>
				<point>340.999969,345.999969</point>
				<point>344.196686,349.836029</point>
			</points>
		</object>
		<object>
			<coordinate>pixel</coordinate>
			<type>rectangle</type>
			<description>None</description>
			<possibleresult>
				<name>Van</name>
			</possibleresult>
			<points>
				<point>377.000031,372.000031</point>
				<point>361.878082,384.097565</point>
				<point>357.000031,378.000031</point>
				<point>372.121979,365.902496</point>
				<point>377.000031,372.000031</point>
			</points>
		</object>
		<object>
			<coordinate>pixel</coordinate>
			<type>rectangle</type>
			<description>None</description>
			<possibleresult>
				<name>Van</name>
			</possibleresult>
			<points>
				<point>365.283203,367.752167</point>
				<point>357.000000,374.999969</point>
				<point>353.716797,371.247772</point>
				<point>362.000000,363.999969</point>
				<point>365.283203,367.752167</point>
			</points>
		</object>
		<object>
			<coordinate>pixel</coordinate>
			<type>rectangle</type>
			<description>None</description>
			<possibleresult>
				<name>Van</name>
			</possibleresult>
			<points>
				<point>237.088318,423.930603</point>
				<point>223.000000,435.000000</point>
				<point>219.911682,431.069397</point>
				<point>234.000000,420.000000</point>
				<point>237.088318,423.930603</point>
			</points>
		</object>
		<object>
			<coordinate>pixel</coordinate>
			<type>rectangle</type>
			<description>None</description>
			<possibleresult>
				<name>Van</name>
			</possibleresult>
			<points>
				<point>206.639999,472.479980</point>
				<point>190.639999,485.479980</point>
				<point>187.000015,481.000000</point>
				<point>203.000015,468.000000</point>
				<point>206.639999,472.479980</point>
			</points>
		</object>
		<object>
			<coordinate>pixel</coordinate>
			<type>rectangle</type>
			<description>None</description>
			<possibleresult>
				<name>Van</name>
			</possibleresult>
			<points>
				<point>72.999992,305.000000</point>
				<point>58.955830,316.034729</point>
				<point>54.999992,311.000000</point>
				<point>69.044159,299.965271</point>
				<point>72.999992,305.000000</point>
			</points>
		</object>
		<object>
			<coordinate>pixel</coordinate>
			<type>rectangle</type>
			<description>None</description>
			<possibleresult>
				<name>Van</name>
			</possibleresult>
			<points>
				<point>109.999977,336.000000</point>
				<point>91.999977,350.000000</point>
				<point>86.346138,342.730774</point>
				<point>104.346138,328.730774</point>
				<point>109.999977,336.000000</point>
			</points>
		</object>
		<object>
			<coordinate>pixel</coordinate>
			<type>rectangle</type>
			<description>None</description>
			<possibleresult>
				<name>Van</name>
			</possibleresult>
			<points>
				<point>123.999977,352.999969</point>
				<point>111.901619,363.081940</point>
				<point>105.999977,355.999969</point>
				<point>118.098335,345.917999</point>
				<point>123.999977,352.999969</point>
			</points>
		</object>
		<object>
			<coordinate>pixel</coordinate>
			<type>rectangle</type>
			<description>None</description>
			<possibleresult>
				<name>Van</name>
			</possibleresult>
			<points>
				<point>333.248840,479.773743</point>
				<point>322.000000,490.000000</point>
				<point>316.751160,484.226257</point>
				<point>328.000000,474.000000</point>
				<point>333.248840,479.773743</point>
			</points>
		</object>
		<object>
			<coordinate>pixel</coordinate>
			<type>rectangle</type>
			<description>None</description>
			<possibleresult>
				<name>Van</name>
			</possibleresult>
			<points>
				<point>262.000000,524.999939</point>
				<point>249.000000,535.999939</point>
				<point>243.955170,530.037903</point>
				<point>256.955170,519.037903</point>
				<point>262.000000,524.999939</point>
			</points>
		</object>
		<object>
			<coordinate>pixel</coordinate>
			<type>rectangle</type>
			<description>None</description>
			<possibleresult>
				<name>Small Car</name>
			</possibleresult>
			<points>
				<point>232.248886,499.773773</point>
				<point>221.000015,510.000031</point>
				<point>215.751144,504.226288</point>
				<point>227.000015,494.000031</point>
				<point>232.248886,499.773773</point>
			</points>
		</object>
		<object>
			<coordinate>pixel</coordinate>
			<type>rectangle</type>
			<description>None</description>
			<possibleresult>
				<name>Van</name>
			</possibleresult>
			<points>
				<point>219.537933,488.544769</point>
				<point>206.000000,499.999969</point>
				<point>200.462067,493.455170</point>
				<point>214.000000,481.999969</point>
				<point>219.537933,488.544769</point>
			</points>
		</object>
		<object>
			<coordinate>pixel</coordinate>
			<type>rectangle</type>
			<description>None</description>
			<possibleresult>
				<name>Van</name>
			</possibleresult>
			<points>
				<point>312.000000,461.000000</point>
				<point>299.000000,473.000000</point>
				<point>294.667725,468.306702</point>
				<point>307.667725,456.306702</point>
				<point>312.000000,461.000000</point>
			</points>
		</object>
		<object>
			<coordinate>pixel</coordinate>
			<type>rectangle</type>
			<description>None</description>
			<possibleresult>
				<name>Van</name>
			</possibleresult>
			<points>
				<point>317.999969,469.999939</point>
				<point>305.999969,479.999939</point>
				<point>300.999969,473.999939</point>
				<point>312.999969,463.999939</point>
				<point>317.999969,469.999939</point>
			</points>
		</object>
		<object>
			<coordinate>pixel</coordinate>
			<type>rectangle</type>
			<description>None</description>
			<possibleresult>
				<name>Van</name>
			</possibleresult>
			<points>
				<point>304.298615,455.728516</point>
				<point>293.298615,465.728516</point>
				<point>288.999969,461.000000</point>
				<point>299.999969,451.000000</point>
				<point>304.298615,455.728516</point>
			</points>
		</object>
		<object>
			<coordinate>pixel</coordinate>
			<type>rectangle</type>
			<description>None</description>
			<possibleresult>
				<name>Dump Truck</name>
			</possibleresult>
			<points>
				<point>294.054443,450.955414</point>
				<point>283.000000,459.999969</point>
				<point>278.945557,455.044525</point>
				<point>290.000000,445.999969</point>
				<point>294.054443,450.955414</point>
			</points>
		</object>
		<object>
			<coordinate>pixel</coordinate>
			<type>rectangle</type>
			<description>None</description>
			<possibleresult>
				<name>Van</name>
			</possibleresult>
			<points>
				<point>281.331482,437.701691</point>
				<point>271.331482,446.701691</point>
				<point>268.000000,443.000031</point>
				<point>278.000000,434.000031</point>
				<point>281.331482,437.701691</point>
			</points>
		</object>
		<object>
			<coordinate>pixel</coordinate>
			<type>rectangle</type>
			<description>None</description>
			<possibleresult>
				<name>Van</name>
			</possibleresult>
			<points>
				<point>274.000000,433.000061</point>
				<point>263.000000,442.000061</point>
				<point>258.945557,437.044617</point>
				<point>269.945557,428.044617</point>
				<point>274.000000,433.000061</point>
			</points>
		</object>
		<object>
			<coordinate>pixel</coordinate>
			<type>rectangle</type>
			<description>None</description>
			<possibleresult>
				<name>Van</name>
			</possibleresult>
			<points>
				<point>268.000000,426.000000</point>
				<point>256.455444,435.445557</point>
				<point>252.000000,430.000000</point>
				<point>263.544556,420.554443</point>
				<point>268.000000,426.000000</point>
			</points>
		</object>
		<object>
			<coordinate>pixel</coordinate>
			<type>rectangle</type>
			<description>None</description>
			<possibleresult>
				<name>Van</name>
			</possibleresult>
			<points>
				<point>260.276306,419.751465</point>
				<point>250.000046,429.000061</point>
				<point>245.723801,424.248657</point>
				<point>256.000061,415.000061</point>
				<point>260.276306,419.751465</point>
			</points>
		</object>
		<object>
			<coordinate>pixel</coordinate>
			<type>rectangle</type>
			<description>None</description>
			<possibleresult>
				<name>Van</name>
			</possibleresult>
			<points>
				<point>256.088318,411.930603</point>
				<point>242.000015,423.000000</point>
				<point>238.911697,419.069397</point>
				<point>253.000015,408.000000</point>
				<point>256.088318,411.930603</point>
			</points>
		</object>
		<object>
			<coordinate>pixel</coordinate>
			<type>rectangle</type>
			<description>None</description>
			<possibleresult>
				<name>Small Car</name>
			</possibleresult>
			<points>
				<point>246.298645,406.728546</point>
				<point>235.000000,417.000031</point>
				<point>230.701355,412.271515</point>
				<point>242.000000,402.000031</point>
				<point>246.298645,406.728546</point>
			</points>
		</object>
		<object>
			<coordinate>pixel</coordinate>
			<type>rectangle</type>
			<description>None</description>
			<possibleresult>
				<name>Van</name>
			</possibleresult>
			<points>
				<point>238.512207,403.390289</point>
				<point>228.512207,411.390289</point>
				<point>225.000000,407.000031</point>
				<point>235.000000,399.000031</point>
				<point>238.512207,403.390289</point>
			</points>
		</object>
		<object>
			<coordinate>pixel</coordinate>
			<type>rectangle</type>
			<description>None</description>
			<possibleresult>
				<name>Van</name>
			</possibleresult>
			<points>
				<point>230.000000,398.000000</point>
				<point>220.000000,406.000000</point>
				<point>216.000000,401.000000</point>
				<point>226.000000,393.000000</point>
				<point>230.000000,398.000000</point>
			</points>
		</object>
		<object>
			<coordinate>pixel</coordinate>
			<type>rectangle</type>
			<description>None</description>
			<possibleresult>
				<name>Small Car</name>
			</possibleresult>
			<points>
				<point>225.134460,388.886200</point>
				<point>211.999969,399.999969</point>
				<point>207.865479,395.113739</point>
				<point>220.999969,383.999969</point>
				<point>225.134460,388.886200</point>
			</points>
		</object>
		<object>
			<coordinate>pixel</coordinate>
			<type>rectangle</type>
			<description>None</description>
			<possibleresult>
				<name>Van</name>
			</possibleresult>
			<points>
				<point>213.000000,375.000000</point>
				<point>199.000000,387.000000</point>
				<point>194.835297,382.141174</point>
				<point>208.835297,370.141174</point>
				<point>213.000000,375.000000</point>
			</points>
		</object>
		<object>
			<coordinate>pixel</coordinate>
			<type>rectangle</type>
			<description>None</description>
			<possibleresult>
				<name>Small Car</name>
			</possibleresult>
			<points>
				<point>158.000031,406.000000</point>
				<point>145.000031,418.000000</point>
				<point>139.709290,412.268372</point>
				<point>152.709290,400.268372</point>
				<point>158.000031,406.000000</point>
			</points>
		</object>
		<object>
			<coordinate>pixel</coordinate>
			<type>rectangle</type>
			<description>None</description>
			<possibleresult>
				<name>Van</name>
			</possibleresult>
			<points>
				<point>119.999985,453.000000</point>
				<point>109.512177,461.390259</point>
				<point>105.512177,456.390259</point>
				<point>115.999985,448.000000</point>
				<point>119.999985,453.000000</point>
			</points>
		</object>
		<object>
			<coordinate>pixel</coordinate>
			<type>rectangle</type>
			<description>None</description>
			<possibleresult>
				<name>Van</name>
			</possibleresult>
			<points>
				<point>78.000031,521.000000</point>
				<point>63.690876,532.242920</point>
				<point>58.000019,525.000000</point>
				<point>72.309174,513.757080</point>
				<point>78.000031,521.000000</point>
			</points>
		</object>
		<object>
			<coordinate>pixel</coordinate>
			<type>rectangle</type>
			<description>None</description>
			<possibleresult>
				<name>Small Car</name>
			</possibleresult>
			<points>
				<point>66.390259,514.487793</point>
				<point>51.390259,526.487793</point>
				<point>47.000015,521.000000</point>
				<point>62.000015,509.000000</point>
				<point>66.390259,514.487793</point>
			</points>
		</object>
		<object>
			<coordinate>pixel</coordinate>
			<type>rectangle</type>
			<description>None</description>
			<possibleresult>
				<name>Van</name>
			</possibleresult>
			<points>
				<point>43.114227,492.901001</point>
				<point>28.114227,505.901001</point>
				<point>23.000015,500.000000</point>
				<point>38.000015,487.000000</point>
				<point>43.114227,492.901001</point>
			</points>
		</object>
		<object>
			<coordinate>pixel</coordinate>
			<type>rectangle</type>
			<description>None</description>
			<possibleresult>
				<name>Small Car</name>
			</possibleresult>
			<points>
				<point>29.000000,488.000000</point>
				<point>18.512196,496.390259</point>
				<point>14.999999,492.000000</point>
				<point>25.487804,483.609741</point>
				<point>29.000000,488.000000</point>
			</points>
		</object>
		<object>
			<coordinate>pixel</coordinate>
			<type>rectangle</type>
			<description>None</description>
			<possibleresult>
				<name>Van</name>
			</possibleresult>
			<points>
				<point>72.290741,351.731628</point>
				<point>59.000011,364.000000</point>
				<point>53.709274,358.268372</point>
				<point>67.000000,346.000000</point>
				<point>72.290741,351.731628</point>
			</points>
		</object>
		<object>
			<coordinate>pixel</coordinate>
			<type>rectangle</type>
			<description>None</description>
			<possibleresult>
				<name>Van</name>
			</possibleresult>
			<points>
				<point>51.000000,335.000000</point>
				<point>36.823349,346.138794</point>
				<point>32.000008,340.000000</point>
				<point>46.176659,328.861206</point>
				<point>51.000000,335.000000</point>
			</points>
		</object>
		<object>
			<coordinate>pixel</coordinate>
			<type>rectangle</type>
			<description>None</description>
			<possibleresult>
				<name>other-vehicle</name>
			</possibleresult>
			<points>
				<point>54.298630,386.728516</point>
				<point>43.298630,396.728516</point>
				<point>38.999985,392.000000</point>
				<point>49.999985,382.000000</point>
				<point>54.298630,386.728516</point>
			</points>
		</object>
		<object>
			<coordinate>pixel</coordinate>
			<type>rectangle</type>
			<description>None</description>
			<possibleresult>
				<name>Small Car</name>
			</possibleresult>
			<points>
				<point>48.224152,379.810333</point>
				<point>35.000015,390.999969</point>
				<point>31.775879,387.189606</point>
				<point>45.000015,375.999969</point>
				<point>48.224152,379.810333</point>
			</points>
		</object>
		<object>
			<coordinate>pixel</coordinate>
			<type>rectangle</type>
			<description>None</description>
			<possibleresult>
				<name>Van</name>
			</possibleresult>
			<points>
				<point>20.999998,355.999969</point>
				<point>4.924706,369.061127</point>
				<point>0.000000,362.999969</point>
				<point>16.075293,349.938812</point>
				<point>20.999998,355.999969</point>
			</points>
		</object>
		<object>
			<coordinate>pixel</coordinate>
			<type>rectangle</type>
			<description>None</description>
			<possibleresult>
				<name>Small Car</name>
			</possibleresult>
			<points>
				<point>0.000000,358.777771</point>
				<point>0.000000,352.545441</point>
				<point>7.999995,346.000000</point>
				<point>12.054450,350.955444</point>
				<point>0.000000,358.777771</point>
			</points>
		</object>
		<object>
			<coordinate>pixel</coordinate>
			<type>rectangle</type>
			<description>None</description>
			<possibleresult>
				<name>other-vehicle</name>
			</possibleresult>
			<points>
				<point>91.000008,417.000061</point>
				<point>84.500008,423.500061</point>
				<point>71.500008,410.500061</point>
				<point>78.000008,404.000061</point>
				<point>91.000008,417.000061</point>
			</points>
		</object>
		<object>
			<coordinate>pixel</coordinate>
			<type>rectangle</type>
			<description>None</description>
			<possibleresult>
				<name>Van</name>
			</possibleresult>
			<points>
				<point>95.999992,410.000061</point>
				<point>90.999992,415.000061</point>
				<point>78.499992,402.500061</point>
				<point>83.499992,397.500061</point>
				<point>95.999992,410.000061</point>
			</points>
		</object>
		<object>
			<coordinate>pixel</coordinate>
			<type>rectangle</type>
			<description>None</description>
			<possibleresult>
				<name>Van</name>
			</possibleresult>
			<points>
				<point>102.166023,404.181122</point>
				<point>97.999992,407.999969</point>
				<point>86.833961,395.818817</point>
				<point>90.999992,391.999969</point>
				<point>102.166023,404.181122</point>
			</points>
		</object>
		<object>
			<coordinate>pixel</coordinate>
			<type>rectangle</type>
			<description>None</description>
			<possibleresult>
				<name>Van</name>
			</possibleresult>
			<points>
				<point>109.999992,398.000061</point>
				<point>105.499992,402.500061</point>
				<point>95.999992,393.000061</point>
				<point>100.499992,388.500061</point>
				<point>109.999992,398.000061</point>
			</points>
		</object>
		<object>
			<coordinate>pixel</coordinate>
			<type>rectangle</type>
			<description>None</description>
			<possibleresult>
				<name>Van</name>
			</possibleresult>
			<points>
				<point>118.000000,392.000061</point>
				<point>114.000000,396.000061</point>
				<point>104.000000,386.000061</point>
				<point>108.000000,382.000061</point>
				<point>118.000000,392.000061</point>
			</points>
		</object>
		<object>
			<coordinate>pixel</coordinate>
			<type>rectangle</type>
			<description>None</description>
			<possibleresult>
				<name>Van</name>
			</possibleresult>
			<points>
				<point>124.723755,384.751434</point>
				<point>120.000000,390.000031</point>
				<point>110.000000,381.000031</point>
				<point>114.723755,375.751434</point>
				<point>124.723755,384.751434</point>
			</points>
		</object>
		<object>
			<coordinate>pixel</coordinate>
			<type>rectangle</type>
			<description>None</description>
			<possibleresult>
				<name>Van</name>
			</possibleresult>
			<points>
				<point>134.000015,381.000031</point>
				<point>129.500015,385.500031</point>
				<point>118.000015,374.000031</point>
				<point>122.500015,369.500031</point>
				<point>134.000015,381.000031</point>
			</points>
		</object>
		<object>
			<coordinate>pixel</coordinate>
			<type>rectangle</type>
			<description>None</description>
			<possibleresult>
				<name>Van</name>
			</possibleresult>
			<points>
				<point>140.000015,374.000000</point>
				<point>136.000015,378.000000</point>
				<point>127.000015,369.000000</point>
				<point>131.000015,365.000000</point>
				<point>140.000015,374.000000</point>
			</points>
		</object>
		<object>
			<coordinate>pixel</coordinate>
			<type>rectangle</type>
			<description>None</description>
			<possibleresult>
				<name>Van</name>
			</possibleresult>
			<points>
				<point>148.000015,369.000031</point>
				<point>144.000015,373.000031</point>
				<point>134.000015,363.000031</point>
				<point>138.000015,359.000031</point>
				<point>148.000015,369.000031</point>
			</points>
		</object>
		<object>
			<coordinate>pixel</coordinate>
			<type>rectangle</type>
			<description>None</description>
			<possibleresult>
				<name>Van</name>
			</possibleresult>
			<points>
				<point>153.149185,363.165771</point>
				<point>150.000015,366.000000</point>
				<point>140.850845,355.834229</point>
				<point>144.000015,353.000000</point>
				<point>153.149185,363.165771</point>
			</points>
		</object>
		<object>
			<coordinate>pixel</coordinate>
			<type>rectangle</type>
			<description>None</description>
			<possibleresult>
				<name>Van</name>
			</possibleresult>
			<points>
				<point>161.999985,355.000031</point>
				<point>156.999985,360.000031</point>
				<point>146.999985,350.000031</point>
				<point>151.999985,345.000031</point>
				<point>161.999985,355.000031</point>
			</points>
		</object>
		<object>
			<coordinate>pixel</coordinate>
			<type>rectangle</type>
			<description>None</description>
			<possibleresult>
				<name>Van</name>
			</possibleresult>
			<points>
				<point>169.500015,350.500031</point>
				<point>166.000015,354.000031</point>
				<point>156.000015,344.000031</point>
				<point>159.500015,340.500031</point>
				<point>169.500015,350.500031</point>
			</points>
		</object>
		<object>
			<coordinate>pixel</coordinate>
			<type>rectangle</type>
			<description>None</description>
			<possibleresult>
				<name>Van</name>
			</possibleresult>
			<points>
				<point>178.000000,346.000031</point>
				<point>174.000000,350.000031</point>
				<point>163.000000,339.000031</point>
				<point>167.000000,335.000031</point>
				<point>178.000000,346.000031</point>
			</points>
		</object>
		<object>
			<coordinate>pixel</coordinate>
			<type>rectangle</type>
			<description>None</description>
			<possibleresult>
				<name>Small Car</name>
			</possibleresult>
			<points>
				<point>193.499985,334.500031</point>
				<point>188.999985,339.000031</point>
				<point>174.999985,325.000031</point>
				<point>179.499985,320.500031</point>
				<point>193.499985,334.500031</point>
			</points>
		</object>
		<object>
			<coordinate>pixel</coordinate>
			<type>rectangle</type>
			<description>None</description>
			<possibleresult>
				<name>Van</name>
			</possibleresult>
			<points>
				<point>208.000015,322.000000</point>
				<point>203.000015,327.000000</point>
				<point>190.000015,314.000000</point>
				<point>195.000015,309.000000</point>
				<point>208.000015,322.000000</point>
			</points>
		</object>
		<object>
			<coordinate>pixel</coordinate>
			<type>rectangle</type>
			<description>None</description>
			<possibleresult>
				<name>Van</name>
			</possibleresult>
			<points>
				<point>223.000015,310.000000</point>
				<point>218.000015,315.000000</point>
				<point>207.000015,304.000000</point>
				<point>212.000015,299.000000</point>
				<point>223.000015,310.000000</point>
			</points>
		</object>
		<object>
			<coordinate>pixel</coordinate>
			<type>rectangle</type>
			<description>None</description>
			<possibleresult>
				<name>Van</name>
			</possibleresult>
			<points>
				<point>323.000031,418.000061</point>
				<point>318.500031,422.500061</point>
				<point>306.000031,410.000061</point>
				<point>310.500031,405.500061</point>
				<point>323.000031,418.000061</point>
			</points>
		</object>
		<object>
			<coordinate>pixel</coordinate>
			<type>rectangle</type>
			<description>None</description>
			<possibleresult>
				<name>Van</name>
			</possibleresult>
			<points>
				<point>298.000031,372.000031</point>
				<point>293.000031,377.000031</point>
				<point>280.000031,364.000031</point>
				<point>285.000031,359.000031</point>
				<point>298.000031,372.000031</point>
			</points>
		</object>
		<object>
			<coordinate>pixel</coordinate>
			<type>rectangle</type>
			<description>None</description>
			<possibleresult>
				<name>Small Car</name>
			</possibleresult>
			<points>
				<point>240.000015,482.000000</point>
				<point>233.500015,488.500000</point>
				<point>221.500015,476.500000</point>
				<point>228.000015,470.000000</point>
				<point>240.000015,482.000000</point>
			</points>
		</object>
		<object>
			<coordinate>pixel</coordinate>
			<type>rectangle</type>
			<description>None</description>
			<possibleresult>
				<name>Van</name>
			</possibleresult>
			<points>
				<point>224.000000,469.000000</point>
				<point>218.230133,475.213684</point>
				<point>204.000000,462.000000</point>
				<point>209.769867,455.786316</point>
				<point>224.000000,469.000000</point>
			</points>
		</object>
		<object>
			<coordinate>pixel</coordinate>
			<type>rectangle</type>
			<description>None</description>
			<possibleresult>
				<name>Van</name>
			</possibleresult>
			<points>
				<point>178.500015,81.500008</point>
				<point>172.500015,87.500008</point>
				<point>162.000015,77.000008</point>
				<point>168.000015,71.000008</point>
				<point>178.500015,81.500008</point>
			</points>
		</object>
		<object>
			<coordinate>pixel</coordinate>
			<type>rectangle</type>
			<description>None</description>
			<possibleresult>
				<name>Van</name>
			</possibleresult>
			<points>
				<point>190.000000,71.000008</point>
				<point>185.191772,76.178093</point>
				<point>171.000000,63.000008</point>
				<point>175.808228,57.821922</point>
				<point>190.000000,71.000008</point>
			</points>
		</object>
		<object>
			<coordinate>pixel</coordinate>
			<type>rectangle</type>
			<description>None</description>
			<possibleresult>
				<name>Van</name>
			</possibleresult>
			<points>
				<point>197.000015,65.000015</point>
				<point>191.000015,71.000015</point>
				<point>178.500015,58.500015</point>
				<point>184.500015,52.500015</point>
				<point>197.000015,65.000015</point>
			</points>
		</object>
		<object>
			<coordinate>pixel</coordinate>
			<type>rectangle</type>
			<description>None</description>
			<possibleresult>
				<name>Van</name>
			</possibleresult>
			<points>
				<point>183.792328,75.808304</point>
				<point>179.000000,81.000000</point>
				<point>166.000000,69.000000</point>
				<point>170.792328,63.808304</point>
				<point>183.792328,75.808304</point>
			</points>
		</object>
		<object>
			<coordinate>pixel</coordinate>
			<type>rectangle</type>
			<description>None</description>
			<possibleresult>
				<name>Van</name>
			</possibleresult>
			<points>
				<point>23.184610,59.676926</point>
				<point>19.184610,66.676926</point>
				<point>3.999998,58.000008</point>
				<point>7.999998,51.000008</point>
				<point>23.184610,59.676926</point>
			</points>
		</object>
		<object>
			<coordinate>pixel</coordinate>
			<type>rectangle</type>
			<description>None</description>
			<possibleresult>
				<name>Van</name>
			</possibleresult>
			<points>
				<point>69.198898,79.220993</point>
				<point>65.000000,83.000000</point>
				<point>55.801109,72.779007</point>
				<point>60.000008,69.000000</point>
				<point>69.198898,79.220993</point>
			</points>
		</object>
		<object>
			<coordinate>pixel</coordinate>
			<type>rectangle</type>
			<description>None</description>
			<possibleresult>
				<name>Van</name>
			</possibleresult>
			<points>
				<point>75.500000,18.499996</point>
				<point>70.000000,23.999996</point>
				<point>60.000000,13.999996</point>
				<point>65.500000,8.499996</point>
				<point>75.500000,18.499996</point>
			</points>
		</object>
	</objects>
</annotation>