<?xml version="1.0" encoding="utf-8"?>
<annotation>
	<source>
		<filename>1170.tif</filename>
		<origin>GF2/GF3</origin>
	</source>
	<research>
		<version>1.0</version>
		<provider>FAIR1M</provider>
		<author>Cyber</author>
		<pluginname>FAIR1M</pluginname>
		<pluginclass>object detection</pluginclass>
		<time>2021-03</time>
	</research>
	<size>
		<width>1000</width>
		<height>1000</height>
		<depth>3</depth>
	</size>
	<objects>
		<object>
			<coordinate>pixel</coordinate>
			<type>rectangle</type>
			<description>None</description>
			<possibleresult>
				<name>Small Car</name>
			</possibleresult>
			<points>
				<point>234.000000,792.000000</point>
				<point>225.000000,792.000000</point>
				<point>225.000000,777.000000</point>
				<point>234.000000,777.000000</point>
				<point>234.000000,792.000000</point>
			</points>
		</object>
		<object>
			<coordinate>pixel</coordinate>
			<type>rectangle</type>
			<description>None</description>
			<possibleresult>
				<name>Small Car</name>
			</possibleresult>
			<points>
				<point>265.000000,542.000000</point>
				<point>255.000000,542.000000</point>
				<point>255.000000,525.000000</point>
				<point>265.000000,525.000000</point>
				<point>265.000000,542.000000</point>
			</points>
		</object>
		<object>
			<coordinate>pixel</coordinate>
			<type>rectangle</type>
			<description>None</description>
			<possibleresult>
				<name>Small Car</name>
			</possibleresult>
			<points>
				<point>88.755066,370.071930</point>
				<point>88.000015,378.000031</point>
				<point>66.244949,375.928131</point>
				<point>67.000000,368.000031</point>
				<point>88.755066,370.071930</point>
			</points>
		</object>
		<object>
			<coordinate>pixel</coordinate>
			<type>rectangle</type>
			<description>None</description>
			<possibleresult>
				<name>Van</name>
			</possibleresult>
			<points>
				<point>236.000000,283.000000</point>
				<point>225.000000,283.000000</point>
				<point>225.000000,266.000000</point>
				<point>236.000000,266.000000</point>
				<point>236.000000,283.000000</point>
			</points>
		</object>
		<object>
			<coordinate>pixel</coordinate>
			<type>rectangle</type>
			<description>None</description>
			<possibleresult>
				<name>Dump Truck</name>
			</possibleresult>
			<points>
				<point>266.000000,235.000000</point>
				<point>256.000000,235.000000</point>
				<point>256.000000,214.000000</point>
				<point>266.000000,214.000000</point>
				<point>266.000000,235.000000</point>
			</points>
		</object>
		<object>
			<coordinate>pixel</coordinate>
			<type>rectangle</type>
			<description>None</description>
			<possibleresult>
				<name>Small Car</name>
			</possibleresult>
			<points>
				<point>366.000000,377.000031</point>
				<point>343.000000,378.000031</point>
				<point>342.650940,369.971710</point>
				<point>365.650940,368.971710</point>
				<point>366.000000,377.000031</point>
			</points>
		</object>
		<object>
			<coordinate>pixel</coordinate>
			<type>rectangle</type>
			<description>None</description>
			<possibleresult>
				<name>Small Car</name>
			</possibleresult>
			<points>
				<point>446.000000,378.000000</point>
				<point>424.000000,378.000000</point>
				<point>424.000000,370.000000</point>
				<point>446.000000,370.000000</point>
				<point>446.000000,378.000000</point>
			</points>
		</object>
		<object>
			<coordinate>pixel</coordinate>
			<type>rectangle</type>
			<description>None</description>
			<possibleresult>
				<name>Van</name>
			</possibleresult>
			<points>
				<point>468.000000,378.000000</point>
				<point>447.000000,378.000000</point>
				<point>447.000000,369.000000</point>
				<point>468.000000,369.000000</point>
				<point>468.000000,378.000000</point>
			</points>
		</object>
		<object>
			<coordinate>pixel</coordinate>
			<type>rectangle</type>
			<description>None</description>
			<possibleresult>
				<name>Small Car</name>
			</possibleresult>
			<points>
				<point>460.000000,57.000000</point>
				<point>435.000000,57.000000</point>
				<point>435.000000,47.000000</point>
				<point>460.000000,47.000000</point>
				<point>460.000000,57.000000</point>
			</points>
		</object>
		<object>
			<coordinate>pixel</coordinate>
			<type>rectangle</type>
			<description>None</description>
			<possibleresult>
				<name>Van</name>
			</possibleresult>
			<points>
				<point>625.000000,379.000000</point>
				<point>607.000000,379.000000</point>
				<point>607.000000,372.000000</point>
				<point>625.000000,372.000000</point>
				<point>625.000000,379.000000</point>
			</points>
		</object>
		<object>
			<coordinate>pixel</coordinate>
			<type>rectangle</type>
			<description>None</description>
			<possibleresult>
				<name>Van</name>
			</possibleresult>
			<points>
				<point>694.000061,378.000031</point>
				<point>672.000061,379.000031</point>
				<point>671.680481,371.969086</point>
				<point>693.680481,370.969086</point>
				<point>694.000061,378.000031</point>
			</points>
		</object>
		<object>
			<coordinate>pixel</coordinate>
			<type>rectangle</type>
			<description>None</description>
			<possibleresult>
				<name>Van</name>
			</possibleresult>
			<points>
				<point>936.000000,378.000000</point>
				<point>916.000000,378.000000</point>
				<point>916.000000,371.000000</point>
				<point>936.000000,371.000000</point>
				<point>936.000000,378.000000</point>
			</points>
		</object>
		<object>
			<coordinate>pixel</coordinate>
			<type>rectangle</type>
			<description>None</description>
			<possibleresult>
				<name>Van</name>
			</possibleresult>
			<points>
				<point>978.000000,378.000000</point>
				<point>961.000000,378.000000</point>
				<point>961.000000,371.000000</point>
				<point>978.000000,371.000000</point>
				<point>978.000000,378.000000</point>
			</points>
		</object>
		<object>
			<coordinate>pixel</coordinate>
			<type>rectangle</type>
			<description>None</description>
			<possibleresult>
				<name>Small Car</name>
			</possibleresult>
			<points>
				<point>764.000000,976.000000</point>
				<point>755.000000,976.000000</point>
				<point>755.000000,959.000000</point>
				<point>764.000000,959.000000</point>
				<point>764.000000,976.000000</point>
			</points>
		</object>
		<object>
			<coordinate>pixel</coordinate>
			<type>rectangle</type>
			<description>None</description>
			<possibleresult>
				<name>Small Car</name>
			</possibleresult>
			<points>
				<point>794.000000,853.000000</point>
				<point>785.045654,853.639648</point>
				<point>784.000000,839.000000</point>
				<point>792.954346,838.360352</point>
				<point>794.000000,853.000000</point>
			</points>
		</object>
		<object>
			<coordinate>pixel</coordinate>
			<type>rectangle</type>
			<description>None</description>
			<possibleresult>
				<name>Van</name>
			</possibleresult>
			<points>
				<point>1000.000000,826.238159</point>
				<point>983.382324,827.029480</point>
				<point>983.000000,819.000061</point>
				<point>1000.000000,818.190552</point>
				<point>1000.000000,826.238159</point>
			</points>
		</object>
		<object>
			<coordinate>pixel</coordinate>
			<type>rectangle</type>
			<description>None</description>
			<possibleresult>
				<name>Small Car</name>
			</possibleresult>
			<points>
				<point>1000.000000,740.000061</point>
				<point>1000.000000,740.000061</point>
				<point>1000.000000,740.000061</point>
				<point>1000.000000,740.000061</point>
				<point>1000.000000,740.000061</point>
			</points>
		</object>
		<object>
			<coordinate>pixel</coordinate>
			<type>rectangle</type>
			<description>None</description>
			<possibleresult>
				<name>Small Car</name>
			</possibleresult>
			<points>
				<point>954.000000,206.000000</point>
				<point>945.000000,206.000000</point>
				<point>945.000000,189.000000</point>
				<point>954.000000,189.000000</point>
				<point>954.000000,206.000000</point>
			</points>
		</object>
	</objects>
</annotation>