<?xml version="1.0" encoding="utf-8"?>
<annotation>
	<source>
		<filename>1172.tif</filename>
		<origin>GF2/GF3</origin>
	</source>
	<research>
		<version>1.0</version>
		<provider>FAIR1M</provider>
		<author>Cyber</author>
		<pluginname>FAIR1M</pluginname>
		<pluginclass>object detection</pluginclass>
		<time>2021-03</time>
	</research>
	<size>
		<width>1000</width>
		<height>1000</height>
		<depth>3</depth>
	</size>
	<objects>
		<object>
			<coordinate>pixel</coordinate>
			<type>rectangle</type>
			<description>None</description>
			<possibleresult>
				<name>Small Car</name>
			</possibleresult>
			<points>
				<point>999.000000,202.000000</point>
				<point>987.000000,215.000000</point>
				<point>981.808350,210.207672</point>
				<point>993.808350,197.207672</point>
				<point>999.000000,202.000000</point>
			</points>
		</object>
		<object>
			<coordinate>pixel</coordinate>
			<type>rectangle</type>
			<description>None</description>
			<possibleresult>
				<name>Van</name>
			</possibleresult>
			<points>
				<point>1000.000000,825.142822</point>
				<point>986.859863,827.019958</point>
				<point>985.999878,820.999939</point>
				<point>1000.000000,818.999939</point>
				<point>1000.000000,825.142822</point>
			</points>
		</object>
		<object>
			<coordinate>pixel</coordinate>
			<type>rectangle</type>
			<description>None</description>
			<possibleresult>
				<name>Van</name>
			</possibleresult>
			<points>
				<point>988.000000,774.999939</point>
				<point>976.911987,777.015930</point>
				<point>976.000000,771.999939</point>
				<point>987.088013,769.983948</point>
				<point>988.000000,774.999939</point>
			</points>
		</object>
		<object>
			<coordinate>pixel</coordinate>
			<type>rectangle</type>
			<description>None</description>
			<possibleresult>
				<name>Van</name>
			</possibleresult>
			<points>
				<point>949.162170,823.972961</point>
				<point>931.000061,826.999939</point>
				<point>929.837952,820.026917</point>
				<point>948.000061,816.999939</point>
				<point>949.162170,823.972961</point>
			</points>
		</object>
		<object>
			<coordinate>pixel</coordinate>
			<type>rectangle</type>
			<description>None</description>
			<possibleresult>
				<name>Van</name>
			</possibleresult>
			<points>
				<point>928.999878,828.999939</point>
				<point>907.999878,831.999939</point>
				<point>906.999878,824.999939</point>
				<point>927.999878,821.999939</point>
				<point>928.999878,828.999939</point>
			</points>
		</object>
		<object>
			<coordinate>pixel</coordinate>
			<type>rectangle</type>
			<description>None</description>
			<possibleresult>
				<name>Van</name>
			</possibleresult>
			<points>
				<point>928.023010,880.052612</point>
				<point>919.000061,884.000122</point>
				<point>911.977112,867.947632</point>
				<point>921.000061,864.000122</point>
				<point>928.023010,880.052612</point>
			</points>
		</object>
		<object>
			<coordinate>pixel</coordinate>
			<type>rectangle</type>
			<description>None</description>
			<possibleresult>
				<name>Dump Truck</name>
			</possibleresult>
			<points>
				<point>878.017517,849.092102</point>
				<point>868.000061,851.000183</point>
				<point>863.982605,829.908264</point>
				<point>874.000061,828.000183</point>
				<point>878.017517,849.092102</point>
			</points>
		</object>
		<object>
			<coordinate>pixel</coordinate>
			<type>rectangle</type>
			<description>None</description>
			<possibleresult>
				<name>Small Car</name>
			</possibleresult>
			<points>
				<point>894.000122,858.000122</point>
				<point>873.000122,862.000122</point>
				<point>871.459595,853.912598</point>
				<point>892.459595,849.912598</point>
				<point>894.000122,858.000122</point>
			</points>
		</object>
		<object>
			<coordinate>pixel</coordinate>
			<type>rectangle</type>
			<description>None</description>
			<possibleresult>
				<name>Small Car</name>
			</possibleresult>
			<points>
				<point>897.999878,763.000061</point>
				<point>883.999878,766.000061</point>
				<point>882.682861,759.853699</point>
				<point>896.682861,756.853699</point>
				<point>897.999878,763.000061</point>
			</points>
		</object>
		<object>
			<coordinate>pixel</coordinate>
			<type>rectangle</type>
			<description>None</description>
			<possibleresult>
				<name>Van</name>
			</possibleresult>
			<points>
				<point>901.999878,722.999939</point>
				<point>888.774414,725.034607</point>
				<point>887.999878,719.999939</point>
				<point>901.225342,717.965271</point>
				<point>901.999878,722.999939</point>
			</points>
		</object>
		<object>
			<coordinate>pixel</coordinate>
			<type>rectangle</type>
			<description>None</description>
			<possibleresult>
				<name>Baseball Field</name>
			</possibleresult>
			<points>
				<point>209.898422,1042.000122</point>
				<point>194.841782,1000.000000</point>
				<point>311.999939,957.999878</point>
				<point>327.056580,1000.000000</point>
				<point>209.898422,1042.000122</point>
			</points>
		</object>
		<object>
			<coordinate>pixel</coordinate>
			<type>rectangle</type>
			<description>None</description>
			<possibleresult>
				<name>Tennis Court</name>
			</possibleresult>
			<points>
				<point>552.000000,904.999939</point>
				<point>506.957520,921.215271</point>
				<point>477.000000,837.999939</point>
				<point>522.042480,821.784607</point>
				<point>552.000000,904.999939</point>
			</points>
		</object>
		<object>
			<coordinate>pixel</coordinate>
			<type>rectangle</type>
			<description>None</description>
			<possibleresult>
				<name>Tennis Court</name>
			</possibleresult>
			<points>
				<point>617.000000,892.999939</point>
				<point>572.277344,909.262756</point>
				<point>542.000000,825.999939</point>
				<point>586.722656,809.737122</point>
				<point>617.000000,892.999939</point>
			</points>
		</object>
		<object>
			<coordinate>pixel</coordinate>
			<type>rectangle</type>
			<description>None</description>
			<possibleresult>
				<name>Tennis Court</name>
			</possibleresult>
			<points>
				<point>683.000061,879.000122</point>
				<point>636.426697,895.121704</point>
				<point>608.000061,813.000122</point>
				<point>654.573425,796.878540</point>
				<point>683.000061,879.000122</point>
			</points>
		</object>
		<object>
			<coordinate>pixel</coordinate>
			<type>rectangle</type>
			<description>None</description>
			<possibleresult>
				<name>Tennis Court</name>
			</possibleresult>
			<points>
				<point>752.000000,866.000061</point>
				<point>703.744507,883.547546</point>
				<point>673.000000,799.000061</point>
				<point>721.255493,781.452576</point>
				<point>752.000000,866.000061</point>
			</points>
		</object>
		<object>
			<coordinate>pixel</coordinate>
			<type>rectangle</type>
			<description>None</description>
			<possibleresult>
				<name>Tennis Court</name>
			</possibleresult>
			<points>
				<point>655.684204,1000.000000</point>
				<point>605.000000,1000.000000</point>
				<point>584.000000,943.000000</point>
				<point>628.626831,926.558594</point>
				<point>655.684204,1000.000000</point>
			</points>
		</object>
		<object>
			<coordinate>pixel</coordinate>
			<type>rectangle</type>
			<description>None</description>
			<possibleresult>
				<name>Tennis Court</name>
			</possibleresult>
			<points>
				<point>677.128174,1000.000000</point>
				<point>652.000000,929.999939</point>
				<point>698.018677,913.480408</point>
				<point>728.000000,996.999939</point>
				<point>677.128174,1000.000000</point>
			</points>
		</object>
		<object>
			<coordinate>pixel</coordinate>
			<type>rectangle</type>
			<description>None</description>
			<possibleresult>
				<name>Tennis Court</name>
			</possibleresult>
			<points>
				<point>586.743530,1000.000000</point>
				<point>534.794800,1000.000000</point>
				<point>518.999939,956.000000</point>
				<point>565.018616,939.480469</point>
				<point>586.743530,1000.000000</point>
			</points>
		</object>
		<object>
			<coordinate>pixel</coordinate>
			<type>rectangle</type>
			<description>None</description>
			<possibleresult>
				<name>Tennis Court</name>
			</possibleresult>
			<points>
				<point>746.259705,1000.000000</point>
				<point>715.000000,917.000000</point>
				<point>762.087158,899.265869</point>
				<point>794.000000,984.000000</point>
				<point>746.259705,1000.000000</point>
			</points>
		</object>
		<object>
			<coordinate>pixel</coordinate>
			<type>rectangle</type>
			<description>None</description>
			<possibleresult>
				<name>Van</name>
			</possibleresult>
			<points>
				<point>845.000000,736.000000</point>
				<point>831.774536,738.034668</point>
				<point>831.000000,733.000000</point>
				<point>844.225464,730.965332</point>
				<point>845.000000,736.000000</point>
			</points>
		</object>
		<object>
			<coordinate>pixel</coordinate>
			<type>rectangle</type>
			<description>None</description>
			<possibleresult>
				<name>Van</name>
			</possibleresult>
			<points>
				<point>996.384521,1000.000000</point>
				<point>969.769165,1000.000000</point>
				<point>968.999939,995.000000</point>
				<point>994.999939,991.000000</point>
				<point>996.384521,1000.000000</point>
			</points>
		</object>
		<object>
			<coordinate>pixel</coordinate>
			<type>rectangle</type>
			<description>None</description>
			<possibleresult>
				<name>Van</name>
			</possibleresult>
			<points>
				<point>995.483398,219.899994</point>
				<point>995.483398,210.285889</point>
				<point>1000.000000,210.285889</point>
				<point>1000.000000,219.899994</point>
				<point>995.483398,219.899994</point>
			</points>
		</object>
	</objects>
</annotation>