<?xml version="1.0" encoding="utf-8"?>
<annotation>
	<source>
		<filename>1174.tif</filename>
		<origin>GF2/GF3</origin>
	</source>
	<research>
		<version>1.0</version>
		<provider>FAIR1M</provider>
		<author>Cyber</author>
		<pluginname>FAIR1M</pluginname>
		<pluginclass>object detection</pluginclass>
		<time>2021-03</time>
	</research>
	<size>
		<width>1000</width>
		<height>1000</height>
		<depth>3</depth>
	</size>
	<objects>
		<object>
			<coordinate>pixel</coordinate>
			<type>rectangle</type>
			<description>None</description>
			<possibleresult>
				<name>Small Car</name>
			</possibleresult>
			<points>
				<point>992.999939,81.999985</point>
				<point>988.921204,99.334412</point>
				<point>978.999939,96.999985</point>
				<point>983.078674,79.665558</point>
				<point>992.999939,81.999985</point>
			</points>
		</object>
		<object>
			<coordinate>pixel</coordinate>
			<type>rectangle</type>
			<description>None</description>
			<possibleresult>
				<name>Small Car</name>
			</possibleresult>
			<points>
				<point>1000.000000,66.066620</point>
				<point>1000.000000,71.285973</point>
				<point>994.744629,82.547447</point>
				<point>985.000122,78.000008</point>
				<point>1000.000000,66.066620</point>
			</points>
		</object>
		<object>
			<coordinate>pixel</coordinate>
			<type>rectangle</type>
			<description>None</description>
			<possibleresult>
				<name>Small Car</name>
			</possibleresult>
			<points>
				<point>1000.000000,64.117638</point>
				<point>995.909424,62.192665</point>
				<point>1000.000000,53.500191</point>
				<point>1004.090576,55.425163</point>
				<point>1000.000000,64.117638</point>
			</points>
		</object>
		<object>
			<coordinate>pixel</coordinate>
			<type>rectangle</type>
			<description>None</description>
			<possibleresult>
				<name>Small Car</name>
			</possibleresult>
			<points>
				<point>844.000122,261.000000</point>
				<point>836.000122,262.000000</point>
				<point>834.000122,246.000000</point>
				<point>842.000122,245.000000</point>
				<point>844.000122,261.000000</point>
			</points>
		</object>
		<object>
			<coordinate>pixel</coordinate>
			<type>rectangle</type>
			<description>None</description>
			<possibleresult>
				<name>Van</name>
			</possibleresult>
			<points>
				<point>771.000000,221.000015</point>
				<point>755.934448,223.008743</point>
				<point>755.000000,216.000015</point>
				<point>770.065552,213.991287</point>
				<point>771.000000,221.000015</point>
			</points>
		</object>
		<object>
			<coordinate>pixel</coordinate>
			<type>rectangle</type>
			<description>None</description>
			<possibleresult>
				<name>Small Car</name>
			</possibleresult>
			<points>
				<point>797.419861,218.939987</point>
				<point>775.999817,221.999985</point>
				<point>774.579773,212.059982</point>
				<point>795.999817,208.999985</point>
				<point>797.419861,218.939987</point>
			</points>
		</object>
		<object>
			<coordinate>pixel</coordinate>
			<type>rectangle</type>
			<description>None</description>
			<possibleresult>
				<name>Small Car</name>
			</possibleresult>
			<points>
				<point>901.999939,200.999969</point>
				<point>887.726746,204.058502</point>
				<point>885.999939,195.999969</point>
				<point>900.273132,192.941437</point>
				<point>901.999939,200.999969</point>
			</points>
		</object>
		<object>
			<coordinate>pixel</coordinate>
			<type>rectangle</type>
			<description>None</description>
			<possibleresult>
				<name>Small Car</name>
			</possibleresult>
			<points>
				<point>938.324341,169.945969</point>
				<point>920.000000,173.000015</point>
				<point>918.675659,165.054062</point>
				<point>937.000000,162.000015</point>
				<point>938.324341,169.945969</point>
			</points>
		</object>
		<object>
			<coordinate>pixel</coordinate>
			<type>rectangle</type>
			<description>None</description>
			<possibleresult>
				<name>Small Car</name>
			</possibleresult>
			<points>
				<point>861.717957,79.941933</point>
				<point>854.000061,82.000023</point>
				<point>850.000061,67.000023</point>
				<point>857.717957,64.941933</point>
				<point>861.717957,79.941933</point>
			</points>
		</object>
		<object>
			<coordinate>pixel</coordinate>
			<type>rectangle</type>
			<description>None</description>
			<possibleresult>
				<name>Small Car</name>
			</possibleresult>
			<points>
				<point>873.026245,60.111469</point>
				<point>865.000000,61.999996</point>
				<point>860.973755,44.888523</point>
				<point>869.000000,42.999996</point>
				<point>873.026245,60.111469</point>
			</points>
		</object>
		<object>
			<coordinate>pixel</coordinate>
			<type>rectangle</type>
			<description>None</description>
			<possibleresult>
				<name>Van</name>
			</possibleresult>
			<points>
				<point>791.000000,191.000015</point>
				<point>763.950806,193.459030</point>
				<point>762.950806,182.459030</point>
				<point>790.000000,180.000015</point>
				<point>791.000000,191.000015</point>
			</points>
		</object>
		<object>
			<coordinate>pixel</coordinate>
			<type>rectangle</type>
			<description>None</description>
			<possibleresult>
				<name>Small Car</name>
			</possibleresult>
			<points>
				<point>772.056641,46.301880</point>
				<point>763.000000,47.999992</point>
				<point>759.943359,31.698105</point>
				<point>769.000000,29.999992</point>
				<point>772.056641,46.301880</point>
			</points>
		</object>
		<object>
			<coordinate>pixel</coordinate>
			<type>rectangle</type>
			<description>None</description>
			<possibleresult>
				<name>Small Car</name>
			</possibleresult>
			<points>
				<point>761.000000,47.000004</point>
				<point>752.015381,48.123081</point>
				<point>750.000000,32.000004</point>
				<point>758.984619,30.876926</point>
				<point>761.000000,47.000004</point>
			</points>
		</object>
		<object>
			<coordinate>pixel</coordinate>
			<type>rectangle</type>
			<description>None</description>
			<possibleresult>
				<name>Van</name>
			</possibleresult>
			<points>
				<point>751.000000,47.000000</point>
				<point>743.090576,48.483017</point>
				<point>740.000000,32.000000</point>
				<point>747.909424,30.516983</point>
				<point>751.000000,47.000000</point>
			</points>
		</object>
		<object>
			<coordinate>pixel</coordinate>
			<type>rectangle</type>
			<description>None</description>
			<possibleresult>
				<name>Small Car</name>
			</possibleresult>
			<points>
				<point>725.000000,75.000015</point>
				<point>715.929565,76.600685</point>
				<point>712.929565,59.600681</point>
				<point>722.000000,58.000008</point>
				<point>725.000000,75.000015</point>
			</points>
		</object>
		<object>
			<coordinate>pixel</coordinate>
			<type>rectangle</type>
			<description>None</description>
			<possibleresult>
				<name>Van</name>
			</possibleresult>
			<points>
				<point>907.026611,444.398315</point>
				<point>898.000122,445.000061</point>
				<point>896.973633,429.601807</point>
				<point>906.000122,429.000061</point>
				<point>907.026611,444.398315</point>
			</points>
		</object>
		<object>
			<coordinate>pixel</coordinate>
			<type>rectangle</type>
			<description>None</description>
			<possibleresult>
				<name>Van</name>
			</possibleresult>
			<points>
				<point>910.000000,466.000000</point>
				<point>901.000000,466.000000</point>
				<point>901.000000,447.000000</point>
				<point>910.000000,447.000000</point>
				<point>910.000000,466.000000</point>
			</points>
		</object>
		<object>
			<coordinate>pixel</coordinate>
			<type>rectangle</type>
			<description>None</description>
			<possibleresult>
				<name>Small Car</name>
			</possibleresult>
			<points>
				<point>895.000000,486.000000</point>
				<point>885.045288,489.143555</point>
				<point>879.045288,470.143555</point>
				<point>889.000000,467.000000</point>
				<point>895.000000,486.000000</point>
			</points>
		</object>
		<object>
			<coordinate>pixel</coordinate>
			<type>rectangle</type>
			<description>None</description>
			<possibleresult>
				<name>Small Car</name>
			</possibleresult>
			<points>
				<point>889.000000,462.000061</point>
				<point>879.000000,464.000061</point>
				<point>875.000000,444.000061</point>
				<point>885.000000,442.000061</point>
				<point>889.000000,462.000061</point>
			</points>
		</object>
		<object>
			<coordinate>pixel</coordinate>
			<type>rectangle</type>
			<description>None</description>
			<possibleresult>
				<name>Small Car</name>
			</possibleresult>
			<points>
				<point>867.891113,445.910858</point>
				<point>857.891113,446.910858</point>
				<point>856.000000,427.999969</point>
				<point>866.000000,426.999969</point>
				<point>867.891113,445.910858</point>
			</points>
		</object>
		<object>
			<coordinate>pixel</coordinate>
			<type>rectangle</type>
			<description>None</description>
			<possibleresult>
				<name>Van</name>
			</possibleresult>
			<points>
				<point>883.999939,441.000031</point>
				<point>874.918884,442.513519</point>
				<point>871.918884,424.513519</point>
				<point>880.999939,423.000031</point>
				<point>883.999939,441.000031</point>
			</points>
		</object>
		<object>
			<coordinate>pixel</coordinate>
			<type>rectangle</type>
			<description>None</description>
			<possibleresult>
				<name>Van</name>
			</possibleresult>
			<points>
				<point>880.031189,421.498047</point>
				<point>872.000061,422.000000</point>
				<point>871.000061,406.000000</point>
				<point>879.031189,405.498047</point>
				<point>880.031189,421.498047</point>
			</points>
		</object>
		<object>
			<coordinate>pixel</coordinate>
			<type>rectangle</type>
			<description>None</description>
			<possibleresult>
				<name>Van</name>
			</possibleresult>
			<points>
				<point>864.023499,425.305878</point>
				<point>854.999939,425.999969</point>
				<point>853.976379,412.694061</point>
				<point>862.999939,411.999969</point>
				<point>864.023499,425.305878</point>
			</points>
		</object>
		<object>
			<coordinate>pixel</coordinate>
			<type>rectangle</type>
			<description>None</description>
			<possibleresult>
				<name>Small Car</name>
			</possibleresult>
			<points>
				<point>872.000000,383.000031</point>
				<point>865.812866,388.800446</point>
				<point>850.812866,372.800446</point>
				<point>857.000000,367.000031</point>
				<point>872.000000,383.000031</point>
			</points>
		</object>
		<object>
			<coordinate>pixel</coordinate>
			<type>rectangle</type>
			<description>None</description>
			<possibleresult>
				<name>Van</name>
			</possibleresult>
			<points>
				<point>778.109253,430.928345</point>
				<point>769.000000,432.000000</point>
				<point>767.000000,415.000000</point>
				<point>776.109253,413.928345</point>
				<point>778.109253,430.928345</point>
			</points>
		</object>
		<object>
			<coordinate>pixel</coordinate>
			<type>rectangle</type>
			<description>None</description>
			<possibleresult>
				<name>Small Car</name>
			</possibleresult>
			<points>
				<point>781.000061,391.000000</point>
				<point>772.015442,392.123047</point>
				<point>770.000061,376.000000</point>
				<point>778.984680,374.876953</point>
				<point>781.000061,391.000000</point>
			</points>
		</object>
		<object>
			<coordinate>pixel</coordinate>
			<type>rectangle</type>
			<description>None</description>
			<possibleresult>
				<name>Van</name>
			</possibleresult>
			<points>
				<point>661.999878,339.999969</point>
				<point>654.185303,341.803314</point>
				<point>650.999878,327.999969</point>
				<point>658.814453,326.196625</point>
				<point>661.999878,339.999969</point>
			</points>
		</object>
		<object>
			<coordinate>pixel</coordinate>
			<type>rectangle</type>
			<description>None</description>
			<possibleresult>
				<name>Small Car</name>
			</possibleresult>
			<points>
				<point>718.999939,199.000000</point>
				<point>699.999939,200.000000</point>
				<point>699.629822,192.966858</point>
				<point>718.629822,191.966858</point>
				<point>718.999939,199.000000</point>
			</points>
		</object>
		<object>
			<coordinate>pixel</coordinate>
			<type>rectangle</type>
			<description>None</description>
			<possibleresult>
				<name>Van</name>
			</possibleresult>
			<points>
				<point>696.000000,201.000031</point>
				<point>679.876953,203.015411</point>
				<point>679.000000,196.000031</point>
				<point>695.123047,193.984650</point>
				<point>696.000000,201.000031</point>
			</points>
		</object>
		<object>
			<coordinate>pixel</coordinate>
			<type>rectangle</type>
			<description>None</description>
			<possibleresult>
				<name>Small Car</name>
			</possibleresult>
			<points>
				<point>647.000061,208.000000</point>
				<point>627.843933,210.016449</point>
				<point>627.000061,202.000000</point>
				<point>646.156189,199.983551</point>
				<point>647.000061,208.000000</point>
			</points>
		</object>
		<object>
			<coordinate>pixel</coordinate>
			<type>rectangle</type>
			<description>None</description>
			<possibleresult>
				<name>Small Car</name>
			</possibleresult>
			<points>
				<point>671.281128,205.113525</point>
				<point>652.281128,208.113525</point>
				<point>651.000000,200.000000</point>
				<point>670.000000,197.000000</point>
				<point>671.281128,205.113525</point>
			</points>
		</object>
		<object>
			<coordinate>pixel</coordinate>
			<type>rectangle</type>
			<description>None</description>
			<possibleresult>
				<name>Van</name>
			</possibleresult>
			<points>
				<point>663.000000,237.000000</point>
				<point>646.698120,240.056610</point>
				<point>645.000000,231.000000</point>
				<point>661.301880,227.943390</point>
				<point>663.000000,237.000000</point>
			</points>
		</object>
		<object>
			<coordinate>pixel</coordinate>
			<type>rectangle</type>
			<description>None</description>
			<possibleresult>
				<name>Van</name>
			</possibleresult>
			<points>
				<point>635.075195,238.988403</point>
				<point>622.000000,240.999969</point>
				<point>620.924805,234.011536</point>
				<point>634.000000,231.999969</point>
				<point>635.075195,238.988403</point>
			</points>
		</object>
		<object>
			<coordinate>pixel</coordinate>
			<type>rectangle</type>
			<description>None</description>
			<possibleresult>
				<name>Small Car</name>
			</possibleresult>
			<points>
				<point>611.446106,244.030746</point>
				<point>593.446106,245.030746</point>
				<point>592.999939,236.999985</point>
				<point>610.999939,235.999985</point>
				<point>611.446106,244.030746</point>
			</points>
		</object>
		<object>
			<coordinate>pixel</coordinate>
			<type>rectangle</type>
			<description>None</description>
			<possibleresult>
				<name>Van</name>
			</possibleresult>
			<points>
				<point>589.469116,246.035431</point>
				<point>574.469116,247.035431</point>
				<point>574.000122,240.000031</point>
				<point>589.000122,239.000031</point>
				<point>589.469116,246.035431</point>
			</points>
		</object>
		<object>
			<coordinate>pixel</coordinate>
			<type>rectangle</type>
			<description>None</description>
			<possibleresult>
				<name>Van</name>
			</possibleresult>
			<points>
				<point>569.000061,248.000015</point>
				<point>552.877014,250.015396</point>
				<point>552.000061,243.000015</point>
				<point>568.123108,240.984634</point>
				<point>569.000061,248.000015</point>
			</points>
		</object>
		<object>
			<coordinate>pixel</coordinate>
			<type>rectangle</type>
			<description>None</description>
			<possibleresult>
				<name>Small Car</name>
			</possibleresult>
			<points>
				<point>549.693115,248.930695</point>
				<point>529.000000,251.000000</point>
				<point>528.306885,244.069305</point>
				<point>549.000000,242.000000</point>
				<point>549.693115,248.930695</point>
			</points>
		</object>
		<object>
			<coordinate>pixel</coordinate>
			<type>rectangle</type>
			<description>None</description>
			<possibleresult>
				<name>Van</name>
			</possibleresult>
			<points>
				<point>601.000000,213.000031</point>
				<point>584.876953,215.015411</point>
				<point>584.000000,208.000031</point>
				<point>600.123047,205.984650</point>
				<point>601.000000,213.000031</point>
			</points>
		</object>
		<object>
			<coordinate>pixel</coordinate>
			<type>rectangle</type>
			<description>None</description>
			<possibleresult>
				<name>Small Car</name>
			</possibleresult>
			<points>
				<point>572.399048,218.980057</point>
				<point>552.000000,220.000015</point>
				<point>551.600952,212.019974</point>
				<point>572.000000,211.000015</point>
				<point>572.399048,218.980057</point>
			</points>
		</object>
		<object>
			<coordinate>pixel</coordinate>
			<type>rectangle</type>
			<description>None</description>
			<possibleresult>
				<name>Van</name>
			</possibleresult>
			<points>
				<point>538.000061,222.000000</point>
				<point>518.000061,224.000000</point>
				<point>517.198059,215.980194</point>
				<point>537.198059,213.980194</point>
				<point>538.000061,222.000000</point>
			</points>
		</object>
		<object>
			<coordinate>pixel</coordinate>
			<type>rectangle</type>
			<description>None</description>
			<possibleresult>
				<name>Small Car</name>
			</possibleresult>
			<points>
				<point>477.000061,161.000015</point>
				<point>465.500061,172.500015</point>
				<point>458.500061,165.500015</point>
				<point>470.000061,154.000015</point>
				<point>477.000061,161.000015</point>
			</points>
		</object>
		<object>
			<coordinate>pixel</coordinate>
			<type>rectangle</type>
			<description>None</description>
			<possibleresult>
				<name>Small Car</name>
			</possibleresult>
			<points>
				<point>472.000000,150.000000</point>
				<point>461.500000,160.500000</point>
				<point>456.000000,155.000000</point>
				<point>466.500000,144.500000</point>
				<point>472.000000,150.000000</point>
			</points>
		</object>
		<object>
			<coordinate>pixel</coordinate>
			<type>rectangle</type>
			<description>None</description>
			<possibleresult>
				<name>Small Car</name>
			</possibleresult>
			<points>
				<point>446.000061,126.000015</point>
				<point>438.000061,127.000015</point>
				<point>436.000061,111.000015</point>
				<point>444.000061,110.000015</point>
				<point>446.000061,126.000015</point>
			</points>
		</object>
		<object>
			<coordinate>pixel</coordinate>
			<type>rectangle</type>
			<description>None</description>
			<possibleresult>
				<name>Small Car</name>
			</possibleresult>
			<points>
				<point>471.000061,127.000015</point>
				<point>458.000061,140.000015</point>
				<point>452.000061,134.000015</point>
				<point>465.000061,121.000015</point>
				<point>471.000061,127.000015</point>
			</points>
		</object>
		<object>
			<coordinate>pixel</coordinate>
			<type>rectangle</type>
			<description>None</description>
			<possibleresult>
				<name>Van</name>
			</possibleresult>
			<points>
				<point>470.500061,113.500031</point>
				<point>458.000061,126.000031</point>
				<point>452.500061,120.500031</point>
				<point>465.000061,108.000031</point>
				<point>470.500061,113.500031</point>
			</points>
		</object>
		<object>
			<coordinate>pixel</coordinate>
			<type>rectangle</type>
			<description>None</description>
			<possibleresult>
				<name>Dump Truck</name>
			</possibleresult>
			<points>
				<point>468.306854,102.715065</point>
				<point>454.000031,115.999992</point>
				<point>448.693207,110.284920</point>
				<point>463.000031,96.999992</point>
				<point>468.306854,102.715065</point>
			</points>
		</object>
		<object>
			<coordinate>pixel</coordinate>
			<type>rectangle</type>
			<description>None</description>
			<possibleresult>
				<name>Small Car</name>
			</possibleresult>
			<points>
				<point>466.500000,90.500008</point>
				<point>456.000000,101.000008</point>
				<point>450.500000,95.500008</point>
				<point>461.000000,85.000008</point>
				<point>466.500000,90.500008</point>
			</points>
		</object>
		<object>
			<coordinate>pixel</coordinate>
			<type>rectangle</type>
			<description>None</description>
			<possibleresult>
				<name>Van</name>
			</possibleresult>
			<points>
				<point>465.000000,81.000008</point>
				<point>453.000000,91.000008</point>
				<point>448.409851,85.491814</point>
				<point>460.409851,75.491814</point>
				<point>465.000000,81.000008</point>
			</points>
		</object>
		<object>
			<coordinate>pixel</coordinate>
			<type>rectangle</type>
			<description>None</description>
			<possibleresult>
				<name>Small Car</name>
			</possibleresult>
			<points>
				<point>465.044769,69.962090</point>
				<point>451.999969,81.000023</point>
				<point>446.955170,75.037956</point>
				<point>459.999969,64.000023</point>
				<point>465.044769,69.962090</point>
			</points>
		</object>
		<object>
			<coordinate>pixel</coordinate>
			<type>rectangle</type>
			<description>None</description>
			<possibleresult>
				<name>Small Car</name>
			</possibleresult>
			<points>
				<point>461.000000,56.999977</point>
				<point>451.000000,66.999977</point>
				<point>446.000000,61.999977</point>
				<point>456.000000,51.999977</point>
				<point>461.000000,56.999977</point>
			</points>
		</object>
		<object>
			<coordinate>pixel</coordinate>
			<type>rectangle</type>
			<description>None</description>
			<possibleresult>
				<name>Small Car</name>
			</possibleresult>
			<points>
				<point>461.191681,43.792324</point>
				<point>448.999969,56.999989</point>
				<point>443.808258,52.207653</point>
				<point>455.999969,38.999989</point>
				<point>461.191681,43.792324</point>
			</points>
		</object>
		<object>
			<coordinate>pixel</coordinate>
			<type>rectangle</type>
			<description>None</description>
			<possibleresult>
				<name>Small Car</name>
			</possibleresult>
			<points>
				<point>460.000000,35.000015</point>
				<point>447.135132,44.189209</point>
				<point>441.797302,36.716232</point>
				<point>454.662170,27.527039</point>
				<point>460.000000,35.000015</point>
			</points>
		</object>
		<object>
			<coordinate>pixel</coordinate>
			<type>rectangle</type>
			<description>None</description>
			<possibleresult>
				<name>Van</name>
			</possibleresult>
			<points>
				<point>459.054474,21.955435</point>
				<point>447.945587,31.044542</point>
				<point>443.000031,24.999987</point>
				<point>454.108917,15.910879</point>
				<point>459.054474,21.955435</point>
			</points>
		</object>
		<object>
			<coordinate>pixel</coordinate>
			<type>rectangle</type>
			<description>None</description>
			<possibleresult>
				<name>Small Car</name>
			</possibleresult>
			<points>
				<point>458.000061,11.000002</point>
				<point>447.000061,22.000002</point>
				<point>441.500061,16.500002</point>
				<point>452.500061,5.500002</point>
				<point>458.000061,11.000002</point>
			</points>
		</object>
		<object>
			<coordinate>pixel</coordinate>
			<type>rectangle</type>
			<description>None</description>
			<possibleresult>
				<name>Small Car</name>
			</possibleresult>
			<points>
				<point>400.025391,76.355331</point>
				<point>391.000000,77.000000</point>
				<point>389.974609,62.644669</point>
				<point>399.000000,62.000000</point>
				<point>400.025391,76.355331</point>
			</points>
		</object>
		<object>
			<coordinate>pixel</coordinate>
			<type>rectangle</type>
			<description>None</description>
			<possibleresult>
				<name>Small Car</name>
			</possibleresult>
			<points>
				<point>409.000000,54.000000</point>
				<point>403.000000,54.000000</point>
				<point>403.000000,46.000000</point>
				<point>409.000000,46.000000</point>
				<point>409.000000,54.000000</point>
			</points>
		</object>
		<object>
			<coordinate>pixel</coordinate>
			<type>rectangle</type>
			<description>None</description>
			<possibleresult>
				<name>Van</name>
			</possibleresult>
			<points>
				<point>398.999969,53.000008</point>
				<point>390.969513,53.573608</point>
				<point>389.969513,39.573608</point>
				<point>397.999969,39.000008</point>
				<point>398.999969,53.000008</point>
			</points>
		</object>
		<object>
			<coordinate>pixel</coordinate>
			<type>rectangle</type>
			<description>None</description>
			<possibleresult>
				<name>Small Car</name>
			</possibleresult>
			<points>
				<point>410.000000,31.000000</point>
				<point>402.000000,31.000000</point>
				<point>402.000000,18.000000</point>
				<point>410.000000,18.000000</point>
				<point>410.000000,31.000000</point>
			</points>
		</object>
		<object>
			<coordinate>pixel</coordinate>
			<type>rectangle</type>
			<description>None</description>
			<possibleresult>
				<name>Small Car</name>
			</possibleresult>
			<points>
				<point>409.000000,11.000000</point>
				<point>402.000000,11.000000</point>
				<point>402.000000,1.000000</point>
				<point>409.000000,1.000000</point>
				<point>409.000000,11.000000</point>
			</points>
		</object>
		<object>
			<coordinate>pixel</coordinate>
			<type>rectangle</type>
			<description>None</description>
			<possibleresult>
				<name>Small Car</name>
			</possibleresult>
			<points>
				<point>396.000000,30.000000</point>
				<point>388.000000,30.000000</point>
				<point>388.000000,16.000000</point>
				<point>396.000000,16.000000</point>
				<point>396.000000,30.000000</point>
			</points>
		</object>
		<object>
			<coordinate>pixel</coordinate>
			<type>rectangle</type>
			<description>None</description>
			<possibleresult>
				<name>Small Car</name>
			</possibleresult>
			<points>
				<point>396.000000,12.000000</point>
				<point>389.000000,12.000000</point>
				<point>389.000000,2.000000</point>
				<point>396.000000,2.000000</point>
				<point>396.000000,12.000000</point>
			</points>
		</object>
		<object>
			<coordinate>pixel</coordinate>
			<type>rectangle</type>
			<description>None</description>
			<possibleresult>
				<name>Van</name>
			</possibleresult>
			<points>
				<point>310.086761,11.936417</point>
				<point>295.000031,23.000000</point>
				<point>289.913300,16.063583</point>
				<point>305.000031,5.000000</point>
				<point>310.086761,11.936417</point>
			</points>
		</object>
		<object>
			<coordinate>pixel</coordinate>
			<type>rectangle</type>
			<description>None</description>
			<possibleresult>
				<name>Van</name>
			</possibleresult>
			<points>
				<point>310.000000,22.999989</point>
				<point>295.823364,34.138790</point>
				<point>291.000000,27.999989</point>
				<point>305.176636,16.861187</point>
				<point>310.000000,22.999989</point>
			</points>
		</object>
		<object>
			<coordinate>pixel</coordinate>
			<type>rectangle</type>
			<description>None</description>
			<possibleresult>
				<name>Van</name>
			</possibleresult>
			<points>
				<point>311.000000,35.000004</point>
				<point>297.000000,46.000004</point>
				<point>291.690857,39.242908</point>
				<point>305.690857,28.242908</point>
				<point>311.000000,35.000004</point>
			</points>
		</object>
		<object>
			<coordinate>pixel</coordinate>
			<type>rectangle</type>
			<description>None</description>
			<possibleresult>
				<name>Small Car</name>
			</possibleresult>
			<points>
				<point>309.320038,49.760006</point>
				<point>297.000031,59.000004</point>
				<point>292.680023,53.240002</point>
				<point>305.000031,44.000004</point>
				<point>309.320038,49.760006</point>
			</points>
		</object>
		<object>
			<coordinate>pixel</coordinate>
			<type>rectangle</type>
			<description>None</description>
			<possibleresult>
				<name>Van</name>
			</possibleresult>
			<points>
				<point>315.500031,57.500015</point>
				<point>301.500031,71.500015</point>
				<point>295.000031,65.000015</point>
				<point>309.000031,51.000015</point>
				<point>315.500031,57.500015</point>
			</points>
		</object>
		<object>
			<coordinate>pixel</coordinate>
			<type>rectangle</type>
			<description>None</description>
			<possibleresult>
				<name>Small Car</name>
			</possibleresult>
			<points>
				<point>312.000031,87.000008</point>
				<point>302.000031,97.000008</point>
				<point>296.000031,91.000008</point>
				<point>306.000031,81.000008</point>
				<point>312.000031,87.000008</point>
			</points>
		</object>
		<object>
			<coordinate>pixel</coordinate>
			<type>rectangle</type>
			<description>None</description>
			<possibleresult>
				<name>Small Car</name>
			</possibleresult>
			<points>
				<point>316.000000,99.999992</point>
				<point>301.898926,109.064980</point>
				<point>298.000000,102.999992</point>
				<point>312.101074,93.935005</point>
				<point>316.000000,99.999992</point>
			</points>
		</object>
		<object>
			<coordinate>pixel</coordinate>
			<type>rectangle</type>
			<description>None</description>
			<possibleresult>
				<name>Small Car</name>
			</possibleresult>
			<points>
				<point>317.044800,110.962051</point>
				<point>304.000000,121.999985</point>
				<point>298.955200,116.037918</point>
				<point>312.000000,104.999985</point>
				<point>317.044800,110.962051</point>
			</points>
		</object>
		<object>
			<coordinate>pixel</coordinate>
			<type>rectangle</type>
			<description>None</description>
			<possibleresult>
				<name>Small Car</name>
			</possibleresult>
			<points>
				<point>318.044800,123.962067</point>
				<point>305.000000,135.000000</point>
				<point>299.955200,129.037933</point>
				<point>313.000000,118.000000</point>
				<point>318.044800,123.962067</point>
			</points>
		</object>
		<object>
			<coordinate>pixel</coordinate>
			<type>rectangle</type>
			<description>None</description>
			<possibleresult>
				<name>Small Car</name>
			</possibleresult>
			<points>
				<point>322.999969,135.000015</point>
				<point>307.999969,145.000015</point>
				<point>303.999969,139.000015</point>
				<point>318.999969,129.000015</point>
				<point>322.999969,135.000015</point>
			</points>
		</object>
		<object>
			<coordinate>pixel</coordinate>
			<type>rectangle</type>
			<description>None</description>
			<possibleresult>
				<name>Van</name>
			</possibleresult>
			<points>
				<point>324.082397,146.929413</point>
				<point>310.000061,159.000000</point>
				<point>304.917725,153.070587</point>
				<point>319.000061,141.000000</point>
				<point>324.082397,146.929413</point>
			</points>
		</object>
		<object>
			<coordinate>pixel</coordinate>
			<type>rectangle</type>
			<description>None</description>
			<possibleresult>
				<name>Small Car</name>
			</possibleresult>
			<points>
				<point>324.999969,159.000015</point>
				<point>310.245880,171.295090</point>
				<point>305.245880,165.295090</point>
				<point>319.999969,153.000015</point>
				<point>324.999969,159.000015</point>
			</points>
		</object>
		<object>
			<coordinate>pixel</coordinate>
			<type>rectangle</type>
			<description>None</description>
			<possibleresult>
				<name>Van</name>
			</possibleresult>
			<points>
				<point>324.000000,172.000015</point>
				<point>313.000000,183.000015</point>
				<point>308.000000,178.000015</point>
				<point>319.000000,167.000015</point>
				<point>324.000000,172.000015</point>
			</points>
		</object>
		<object>
			<coordinate>pixel</coordinate>
			<type>rectangle</type>
			<description>None</description>
			<possibleresult>
				<name>Van</name>
			</possibleresult>
			<points>
				<point>327.000000,183.999985</point>
				<point>312.000000,196.999985</point>
				<point>306.456848,190.604050</point>
				<point>321.456848,177.604050</point>
				<point>327.000000,183.999985</point>
			</points>
		</object>
		<object>
			<coordinate>pixel</coordinate>
			<type>rectangle</type>
			<description>None</description>
			<possibleresult>
				<name>Small Car</name>
			</possibleresult>
			<points>
				<point>327.000031,198.000031</point>
				<point>316.500031,208.500031</point>
				<point>310.500031,202.500031</point>
				<point>321.000031,192.000031</point>
				<point>327.000031,198.000031</point>
			</points>
		</object>
		<object>
			<coordinate>pixel</coordinate>
			<type>rectangle</type>
			<description>None</description>
			<possibleresult>
				<name>Intersection</name>
			</possibleresult>
			<points>
				<point>463.279175,270.949646</point>
				<point>351.999939,290.999969</point>
				<point>343.720703,245.050293</point>
				<point>454.999939,224.999969</point>
				<point>463.279175,270.949646</point>
			</points>
		</object>
		<object>
			<coordinate>pixel</coordinate>
			<type>rectangle</type>
			<description>None</description>
			<possibleresult>
				<name>Small Car</name>
			</possibleresult>
			<points>
				<point>491.000000,362.000000</point>
				<point>477.462097,373.455200</point>
				<point>472.000000,367.000000</point>
				<point>485.537903,355.544800</point>
				<point>491.000000,362.000000</point>
			</points>
		</object>
		<object>
			<coordinate>pixel</coordinate>
			<type>rectangle</type>
			<description>None</description>
			<possibleresult>
				<name>Small Car</name>
			</possibleresult>
			<points>
				<point>494.999939,372.999969</point>
				<point>482.999939,382.999969</point>
				<point>477.999939,376.999969</point>
				<point>489.999939,366.999969</point>
				<point>494.999939,372.999969</point>
			</points>
		</object>
		<object>
			<coordinate>pixel</coordinate>
			<type>rectangle</type>
			<description>None</description>
			<possibleresult>
				<name>Small Car</name>
			</possibleresult>
			<points>
				<point>388.000031,289.000000</point>
				<point>385.987823,307.109741</point>
				<point>376.000031,306.000000</point>
				<point>378.012238,287.890259</point>
				<point>388.000031,289.000000</point>
			</points>
		</object>
		<object>
			<coordinate>pixel</coordinate>
			<type>rectangle</type>
			<description>None</description>
			<possibleresult>
				<name>Small Car</name>
			</possibleresult>
			<points>
				<point>354.000000,412.000000</point>
				<point>348.550537,420.719116</point>
				<point>341.000000,416.000000</point>
				<point>346.449463,407.280884</point>
				<point>354.000000,412.000000</point>
			</points>
		</object>
		<object>
			<coordinate>pixel</coordinate>
			<type>rectangle</type>
			<description>None</description>
			<possibleresult>
				<name>Small Car</name>
			</possibleresult>
			<points>
				<point>390.000000,432.000031</point>
				<point>381.899353,433.429535</point>
				<point>378.899353,416.429535</point>
				<point>387.000000,415.000031</point>
				<point>390.000000,432.000031</point>
			</points>
		</object>
		<object>
			<coordinate>pixel</coordinate>
			<type>rectangle</type>
			<description>None</description>
			<possibleresult>
				<name>Intersection</name>
			</possibleresult>
			<points>
				<point>494.000061,607.000061</point>
				<point>393.986023,617.871155</point>
				<point>388.986023,571.871155</point>
				<point>489.000061,561.000061</point>
				<point>494.000061,607.000061</point>
			</points>
		</object>
		<object>
			<coordinate>pixel</coordinate>
			<type>rectangle</type>
			<description>None</description>
			<possibleresult>
				<name>Van</name>
			</possibleresult>
			<points>
				<point>616.000000,587.000000</point>
				<point>597.890259,589.012207</point>
				<point>597.000000,581.000000</point>
				<point>615.109741,578.987793</point>
				<point>616.000000,587.000000</point>
			</points>
		</object>
		<object>
			<coordinate>pixel</coordinate>
			<type>rectangle</type>
			<description>None</description>
			<possibleresult>
				<name>Small Car</name>
			</possibleresult>
			<points>
				<point>643.999939,549.000000</point>
				<point>623.914612,551.231689</point>
				<point>622.914612,542.231689</point>
				<point>642.999939,540.000000</point>
				<point>643.999939,549.000000</point>
			</points>
		</object>
		<object>
			<coordinate>pixel</coordinate>
			<type>rectangle</type>
			<description>None</description>
			<possibleresult>
				<name>Van</name>
			</possibleresult>
			<points>
				<point>617.999939,552.000061</point>
				<point>598.061462,554.492371</point>
				<point>596.923035,545.384705</point>
				<point>616.861511,542.892395</point>
				<point>617.999939,552.000061</point>
			</points>
		</object>
		<object>
			<coordinate>pixel</coordinate>
			<type>rectangle</type>
			<description>None</description>
			<possibleresult>
				<name>Small Car</name>
			</possibleresult>
			<points>
				<point>592.000061,590.000000</point>
				<point>572.923157,592.384644</point>
				<point>571.923157,584.384644</point>
				<point>591.000061,582.000000</point>
				<point>592.000061,590.000000</point>
			</points>
		</object>
		<object>
			<coordinate>pixel</coordinate>
			<type>rectangle</type>
			<description>None</description>
			<possibleresult>
				<name>Small Car</name>
			</possibleresult>
			<points>
				<point>571.000000,560.000000</point>
				<point>551.000000,560.000000</point>
				<point>551.000000,551.000000</point>
				<point>571.000000,551.000000</point>
				<point>571.000000,560.000000</point>
			</points>
		</object>
		<object>
			<coordinate>pixel</coordinate>
			<type>rectangle</type>
			<description>None</description>
			<possibleresult>
				<name>Van</name>
			</possibleresult>
			<points>
				<point>483.270325,557.621582</point>
				<point>477.932495,565.094604</point>
				<point>461.000061,553.000000</point>
				<point>466.337891,545.526978</point>
				<point>483.270325,557.621582</point>
			</points>
		</object>
		<object>
			<coordinate>pixel</coordinate>
			<type>rectangle</type>
			<description>None</description>
			<possibleresult>
				<name>Small Car</name>
			</possibleresult>
			<points>
				<point>521.999939,652.000000</point>
				<point>511.999939,656.000000</point>
				<point>508.827576,648.068970</point>
				<point>518.827576,644.068970</point>
				<point>521.999939,652.000000</point>
			</points>
		</object>
		<object>
			<coordinate>pixel</coordinate>
			<type>rectangle</type>
			<description>None</description>
			<possibleresult>
				<name>Small Car</name>
			</possibleresult>
			<points>
				<point>527.249023,658.728333</point>
				<point>516.000000,671.000061</point>
				<point>509.750946,665.271790</point>
				<point>521.000000,653.000061</point>
				<point>527.249023,658.728333</point>
			</points>
		</object>
		<object>
			<coordinate>pixel</coordinate>
			<type>rectangle</type>
			<description>None</description>
			<possibleresult>
				<name>Van</name>
			</possibleresult>
			<points>
				<point>532.756104,707.195068</point>
				<point>522.756104,715.195068</point>
				<point>517.000000,708.000000</point>
				<point>527.000000,700.000000</point>
				<point>532.756104,707.195068</point>
			</points>
		</object>
		<object>
			<coordinate>pixel</coordinate>
			<type>rectangle</type>
			<description>None</description>
			<possibleresult>
				<name>Small Car</name>
			</possibleresult>
			<points>
				<point>536.000000,716.000000</point>
				<point>521.898926,725.064941</point>
				<point>518.000000,719.000000</point>
				<point>532.101074,709.935059</point>
				<point>536.000000,716.000000</point>
			</points>
		</object>
		<object>
			<coordinate>pixel</coordinate>
			<type>rectangle</type>
			<description>None</description>
			<possibleresult>
				<name>Small Car</name>
			</possibleresult>
			<points>
				<point>536.000000,728.999939</point>
				<point>524.945557,738.044495</point>
				<point>520.000000,731.999939</point>
				<point>531.054443,722.955383</point>
				<point>536.000000,728.999939</point>
			</points>
		</object>
		<object>
			<coordinate>pixel</coordinate>
			<type>rectangle</type>
			<description>None</description>
			<possibleresult>
				<name>Small Car</name>
			</possibleresult>
			<points>
				<point>536.435303,776.658813</point>
				<point>530.435303,783.658813</point>
				<point>525.000000,779.000000</point>
				<point>531.000000,772.000000</point>
				<point>536.435303,776.658813</point>
			</points>
		</object>
		<object>
			<coordinate>pixel</coordinate>
			<type>rectangle</type>
			<description>None</description>
			<possibleresult>
				<name>Small Car</name>
			</possibleresult>
			<points>
				<point>541.000000,788.999878</point>
				<point>531.689697,797.275757</point>
				<point>527.000000,791.999878</point>
				<point>536.310303,783.723999</point>
				<point>541.000000,788.999878</point>
			</points>
		</object>
		<object>
			<coordinate>pixel</coordinate>
			<type>rectangle</type>
			<description>None</description>
			<possibleresult>
				<name>Small Car</name>
			</possibleresult>
			<points>
				<point>545.491821,798.590088</point>
				<point>533.000000,808.999878</point>
				<point>527.508179,802.409668</point>
				<point>540.000000,791.999878</point>
				<point>545.491821,798.590088</point>
			</points>
		</object>
		<object>
			<coordinate>pixel</coordinate>
			<type>rectangle</type>
			<description>None</description>
			<possibleresult>
				<name>Small Car</name>
			</possibleresult>
			<points>
				<point>549.000061,820.000122</point>
				<point>537.500061,831.500122</point>
				<point>530.500061,824.500122</point>
				<point>542.000061,813.000122</point>
				<point>549.000061,820.000122</point>
			</points>
		</object>
		<object>
			<coordinate>pixel</coordinate>
			<type>rectangle</type>
			<description>None</description>
			<possibleresult>
				<name>Small Car</name>
			</possibleresult>
			<points>
				<point>549.000000,833.000061</point>
				<point>539.000000,843.000061</point>
				<point>534.000000,838.000061</point>
				<point>544.000000,828.000061</point>
				<point>549.000000,833.000061</point>
			</points>
		</object>
		<object>
			<coordinate>pixel</coordinate>
			<type>rectangle</type>
			<description>None</description>
			<possibleresult>
				<name>Small Car</name>
			</possibleresult>
			<points>
				<point>476.000000,625.000061</point>
				<point>466.972778,625.564270</point>
				<point>465.972778,609.564270</point>
				<point>475.000000,609.000061</point>
				<point>476.000000,625.000061</point>
			</points>
		</object>
		<object>
			<coordinate>pixel</coordinate>
			<type>rectangle</type>
			<description>None</description>
			<possibleresult>
				<name>Small Car</name>
			</possibleresult>
			<points>
				<point>464.027710,623.498413</point>
				<point>455.000000,624.000000</point>
				<point>453.972290,605.501587</point>
				<point>463.000000,605.000000</point>
				<point>464.027710,623.498413</point>
			</points>
		</object>
		<object>
			<coordinate>pixel</coordinate>
			<type>rectangle</type>
			<description>None</description>
			<possibleresult>
				<name>Small Car</name>
			</possibleresult>
			<points>
				<point>466.000031,660.000000</point>
				<point>457.035065,660.560303</point>
				<point>456.000031,644.000000</point>
				<point>464.964996,643.439697</point>
				<point>466.000031,660.000000</point>
			</points>
		</object>
		<object>
			<coordinate>pixel</coordinate>
			<type>rectangle</type>
			<description>None</description>
			<possibleresult>
				<name>Small Car</name>
			</possibleresult>
			<points>
				<point>471.984650,695.876953</point>
				<point>463.000031,697.000000</point>
				<point>461.000031,681.000000</point>
				<point>469.984650,679.876953</point>
				<point>471.984650,695.876953</point>
			</points>
		</object>
		<object>
			<coordinate>pixel</coordinate>
			<type>rectangle</type>
			<description>None</description>
			<possibleresult>
				<name>Small Car</name>
			</possibleresult>
			<points>
				<point>380.189178,675.864807</point>
				<point>372.716217,681.202698</point>
				<point>368.527008,675.337830</point>
				<point>375.999969,669.999939</point>
				<point>380.189178,675.864807</point>
			</points>
		</object>
		<object>
			<coordinate>pixel</coordinate>
			<type>rectangle</type>
			<description>None</description>
			<possibleresult>
				<name>Small Car</name>
			</possibleresult>
			<points>
				<point>383.999969,683.000000</point>
				<point>375.999969,691.000000</point>
				<point>370.499969,685.500000</point>
				<point>378.499969,677.500000</point>
				<point>383.999969,683.000000</point>
			</points>
		</object>
		<object>
			<coordinate>pixel</coordinate>
			<type>rectangle</type>
			<description>None</description>
			<possibleresult>
				<name>Van</name>
			</possibleresult>
			<points>
				<point>382.527039,699.337891</point>
				<point>368.527039,709.337891</point>
				<point>364.000000,703.000000</point>
				<point>378.000000,693.000000</point>
				<point>382.527039,699.337891</point>
			</points>
		</object>
		<object>
			<coordinate>pixel</coordinate>
			<type>rectangle</type>
			<description>None</description>
			<possibleresult>
				<name>Small Car</name>
			</possibleresult>
			<points>
				<point>385.999969,706.000000</point>
				<point>375.773712,717.248901</point>
				<point>369.999969,712.000000</point>
				<point>380.226227,700.751099</point>
				<point>385.999969,706.000000</point>
			</points>
		</object>
		<object>
			<coordinate>pixel</coordinate>
			<type>rectangle</type>
			<description>None</description>
			<possibleresult>
				<name>Van</name>
			</possibleresult>
			<points>
				<point>396.000000,791.000061</point>
				<point>383.000000,803.000061</point>
				<point>376.750793,796.230042</point>
				<point>389.750793,784.230042</point>
				<point>396.000000,791.000061</point>
			</points>
		</object>
		<object>
			<coordinate>pixel</coordinate>
			<type>rectangle</type>
			<description>None</description>
			<possibleresult>
				<name>Small Car</name>
			</possibleresult>
			<points>
				<point>393.999939,804.999939</point>
				<point>380.758301,815.185852</point>
				<point>375.999939,808.999939</point>
				<point>389.241577,798.814026</point>
				<point>393.999939,804.999939</point>
			</points>
		</object>
		<object>
			<coordinate>pixel</coordinate>
			<type>rectangle</type>
			<description>None</description>
			<possibleresult>
				<name>Van</name>
			</possibleresult>
			<points>
				<point>397.999969,825.000061</point>
				<point>387.999969,835.000061</point>
				<point>381.999969,829.000061</point>
				<point>391.999969,819.000061</point>
				<point>397.999969,825.000061</point>
			</points>
		</object>
		<object>
			<coordinate>pixel</coordinate>
			<type>rectangle</type>
			<description>None</description>
			<possibleresult>
				<name>Small Car</name>
			</possibleresult>
			<points>
				<point>568.500000,996.500061</point>
				<point>565.000061,1000.000000</point>
				<point>554.000061,1000.000000</point>
				<point>563.000000,991.000061</point>
				<point>568.500000,996.500061</point>
			</points>
		</object>
		<object>
			<coordinate>pixel</coordinate>
			<type>rectangle</type>
			<description>None</description>
			<possibleresult>
				<name>Intersection</name>
			</possibleresult>
			<points>
				<point>529.582642,951.942871</point>
				<point>427.000000,962.000000</point>
				<point>421.417358,905.057129</point>
				<point>524.000000,895.000000</point>
				<point>529.582642,951.942871</point>
			</points>
		</object>
		<object>
			<coordinate>pixel</coordinate>
			<type>rectangle</type>
			<description>None</description>
			<possibleresult>
				<name>Small Car</name>
			</possibleresult>
			<points>
				<point>0.000000,290.999969</point>
				<point>0.000000,288.999939</point>
				<point>20.999996,285.999969</point>
				<point>22.279999,294.959991</point>
				<point>0.000000,290.999969</point>
			</points>
		</object>
		<object>
			<coordinate>pixel</coordinate>
			<type>rectangle</type>
			<description>None</description>
			<possibleresult>
				<name>Van</name>
			</possibleresult>
			<points>
				<point>164.301880,306.943420</point>
				<point>148.000000,310.000000</point>
				<point>146.698120,303.056580</point>
				<point>163.000000,300.000000</point>
				<point>164.301880,306.943420</point>
			</points>
		</object>
		<object>
			<coordinate>pixel</coordinate>
			<type>rectangle</type>
			<description>None</description>
			<possibleresult>
				<name>Small Car</name>
			</possibleresult>
			<points>
				<point>173.999985,273.999969</point>
				<point>159.999985,277.999969</point>
				<point>157.924515,270.735809</point>
				<point>171.924515,266.735809</point>
				<point>173.999985,273.999969</point>
			</points>
		</object>
		<object>
			<coordinate>pixel</coordinate>
			<type>rectangle</type>
			<description>None</description>
			<possibleresult>
				<name>Van</name>
			</possibleresult>
			<points>
				<point>202.089264,271.987854</point>
				<point>180.000000,275.000000</point>
				<point>178.910736,267.012146</point>
				<point>201.000000,264.000000</point>
				<point>202.089264,271.987854</point>
			</points>
		</object>
		<object>
			<coordinate>pixel</coordinate>
			<type>rectangle</type>
			<description>None</description>
			<possibleresult>
				<name>Small Car</name>
			</possibleresult>
			<points>
				<point>189.000015,306.000031</point>
				<point>173.000015,308.000031</point>
				<point>172.000015,300.000031</point>
				<point>188.000015,298.000031</point>
				<point>189.000015,306.000031</point>
			</points>
		</object>
		<object>
			<coordinate>pixel</coordinate>
			<type>rectangle</type>
			<description>None</description>
			<possibleresult>
				<name>Small Car</name>
			</possibleresult>
			<points>
				<point>215.000015,302.000000</point>
				<point>198.876938,304.015381</point>
				<point>198.000015,297.000000</point>
				<point>214.123093,294.984619</point>
				<point>215.000015,302.000000</point>
			</points>
		</object>
		<object>
			<coordinate>pixel</coordinate>
			<type>rectangle</type>
			<description>None</description>
			<possibleresult>
				<name>Small Car</name>
			</possibleresult>
			<points>
				<point>241.000015,299.999969</point>
				<point>221.000015,300.999969</point>
				<point>220.648392,293.967560</point>
				<point>240.648392,292.967560</point>
				<point>241.000015,299.999969</point>
			</points>
		</object>
		<object>
			<coordinate>pixel</coordinate>
			<type>rectangle</type>
			<description>None</description>
			<possibleresult>
				<name>Van</name>
			</possibleresult>
			<points>
				<point>274.000000,293.999969</point>
				<point>254.000000,295.999969</point>
				<point>253.207947,288.079193</point>
				<point>273.207947,286.079193</point>
				<point>274.000000,293.999969</point>
			</points>
		</object>
		<object>
			<coordinate>pixel</coordinate>
			<type>rectangle</type>
			<description>None</description>
			<possibleresult>
				<name>Small Car</name>
			</possibleresult>
			<points>
				<point>44.876926,661.015442</point>
				<point>28.876926,663.015442</point>
				<point>28.000004,656.000061</point>
				<point>44.000004,654.000061</point>
				<point>44.876926,661.015442</point>
			</points>
		</object>
		<object>
			<coordinate>pixel</coordinate>
			<type>rectangle</type>
			<description>None</description>
			<possibleresult>
				<name>Van</name>
			</possibleresult>
			<points>
				<point>67.000000,658.000061</point>
				<point>51.934498,660.008850</point>
				<point>51.000004,653.000061</point>
				<point>66.065506,650.991272</point>
				<point>67.000000,658.000061</point>
			</points>
		</object>
		<object>
			<coordinate>pixel</coordinate>
			<type>rectangle</type>
			<description>None</description>
			<possibleresult>
				<name>Van</name>
			</possibleresult>
			<points>
				<point>100.764046,654.022461</point>
				<point>79.764046,656.022461</point>
				<point>79.000008,648.000000</point>
				<point>100.000008,646.000000</point>
				<point>100.764046,654.022461</point>
			</points>
		</object>
		<object>
			<coordinate>pixel</coordinate>
			<type>rectangle</type>
			<description>None</description>
			<possibleresult>
				<name>Small Car</name>
			</possibleresult>
			<points>
				<point>0.000000,612.388916</point>
				<point>0.000000,593.000000</point>
				<point>4.999997,593.000000</point>
				<point>4.999997,612.388916</point>
				<point>0.000000,612.388916</point>
			</points>
		</object>
		<object>
			<coordinate>pixel</coordinate>
			<type>rectangle</type>
			<description>None</description>
			<possibleresult>
				<name>Dump Truck</name>
			</possibleresult>
			<points>
				<point>21.999996,607.000000</point>
				<point>13.015381,608.123047</point>
				<point>10.999996,592.000000</point>
				<point>19.984612,590.876953</point>
				<point>21.999996,607.000000</point>
			</points>
		</object>
		<object>
			<coordinate>pixel</coordinate>
			<type>rectangle</type>
			<description>None</description>
			<possibleresult>
				<name>Van</name>
			</possibleresult>
			<points>
				<point>47.021225,603.100891</point>
				<point>38.000008,605.000061</point>
				<point>33.978790,585.899231</point>
				<point>43.000008,584.000061</point>
				<point>47.021225,603.100891</point>
			</points>
		</object>
		<object>
			<coordinate>pixel</coordinate>
			<type>rectangle</type>
			<description>None</description>
			<possibleresult>
				<name>Van</name>
			</possibleresult>
			<points>
				<point>-0.000003,703.052734</point>
				<point>-1.899201,694.031494</point>
				<point>3.100810,692.978882</point>
				<point>5.000008,702.000122</point>
				<point>-0.000003,703.052734</point>
			</points>
		</object>
		<object>
			<coordinate>pixel</coordinate>
			<type>rectangle</type>
			<description>None</description>
			<possibleresult>
				<name>Small Car</name>
			</possibleresult>
			<points>
				<point>-0.000000,779.666626</point>
				<point>0.000000,776.999939</point>
				<point>19.000000,774.000000</point>
				<point>20.410810,782.935181</point>
				<point>-0.000000,779.666626</point>
			</points>
		</object>
		<object>
			<coordinate>pixel</coordinate>
			<type>rectangle</type>
			<description>None</description>
			<possibleresult>
				<name>Small Car</name>
			</possibleresult>
			<points>
				<point>26.999998,916.999939</point>
				<point>21.951216,917.560974</point>
				<point>20.951216,908.560974</point>
				<point>25.999998,907.999939</point>
				<point>26.999998,916.999939</point>
			</points>
		</object>
		<object>
			<coordinate>pixel</coordinate>
			<type>rectangle</type>
			<description>None</description>
			<possibleresult>
				<name>Small Car</name>
			</possibleresult>
			<points>
				<point>238.999969,911.999939</point>
				<point>231.999969,912.999939</point>
				<point>229.999969,898.999939</point>
				<point>236.999969,897.999939</point>
				<point>238.999969,911.999939</point>
			</points>
		</object>
		<object>
			<coordinate>pixel</coordinate>
			<type>rectangle</type>
			<description>None</description>
			<possibleresult>
				<name>Van</name>
			</possibleresult>
			<points>
				<point>279.000000,976.000000</point>
				<point>266.189209,978.135132</point>
				<point>265.000000,971.000000</point>
				<point>277.810791,968.864868</point>
				<point>279.000000,976.000000</point>
			</points>
		</object>
		<object>
			<coordinate>pixel</coordinate>
			<type>rectangle</type>
			<description>None</description>
			<possibleresult>
				<name>Small Car</name>
			</possibleresult>
			<points>
				<point>317.000000,971.000061</point>
				<point>306.615356,973.076965</point>
				<point>305.000000,965.000061</point>
				<point>315.384644,962.923157</point>
				<point>317.000000,971.000061</point>
			</points>
		</object>
		<object>
			<coordinate>pixel</coordinate>
			<type>rectangle</type>
			<description>None</description>
			<possibleresult>
				<name>Small Car</name>
			</possibleresult>
			<points>
				<point>288.999969,934.999939</point>
				<point>270.999969,937.999939</point>
				<point>269.486481,928.918884</point>
				<point>287.486481,925.918884</point>
				<point>288.999969,934.999939</point>
			</points>
		</object>
		<object>
			<coordinate>pixel</coordinate>
			<type>rectangle</type>
			<description>None</description>
			<possibleresult>
				<name>Small Car</name>
			</possibleresult>
			<points>
				<point>314.000000,929.999939</point>
				<point>296.000000,933.999939</point>
				<point>294.047058,925.211731</point>
				<point>312.047058,921.211731</point>
				<point>314.000000,929.999939</point>
			</points>
		</object>
		<object>
			<coordinate>pixel</coordinate>
			<type>rectangle</type>
			<description>None</description>
			<possibleresult>
				<name>Small Car</name>
			</possibleresult>
			<points>
				<point>344.570496,926.899353</point>
				<point>327.000000,930.000061</point>
				<point>325.429504,921.100769</point>
				<point>343.000000,918.000061</point>
				<point>344.570496,926.899353</point>
			</points>
		</object>
		<object>
			<coordinate>pixel</coordinate>
			<type>rectangle</type>
			<description>None</description>
			<possibleresult>
				<name>Van</name>
			</possibleresult>
			<points>
				<point>229.000031,856.000122</point>
				<point>219.222839,858.058472</point>
				<point>215.222839,839.058472</point>
				<point>225.000031,837.000122</point>
				<point>229.000031,856.000122</point>
			</points>
		</object>
		<object>
			<coordinate>pixel</coordinate>
			<type>rectangle</type>
			<description>None</description>
			<possibleresult>
				<name>Small Car</name>
			</possibleresult>
			<points>
				<point>221.000000,819.000000</point>
				<point>212.026215,821.111450</point>
				<point>208.000000,804.000000</point>
				<point>216.973785,801.888550</point>
				<point>221.000000,819.000000</point>
			</points>
		</object>
		<object>
			<coordinate>pixel</coordinate>
			<type>rectangle</type>
			<description>None</description>
			<possibleresult>
				<name>Small Car</name>
			</possibleresult>
			<points>
				<point>241.119965,817.839905</point>
				<point>232.999969,818.999939</point>
				<point>230.999969,804.999939</point>
				<point>239.119965,803.839905</point>
				<point>241.119965,817.839905</point>
			</points>
		</object>
		<object>
			<coordinate>pixel</coordinate>
			<type>rectangle</type>
			<description>None</description>
			<possibleresult>
				<name>Small Car</name>
			</possibleresult>
			<points>
				<point>208.000015,764.000000</point>
				<point>200.008743,765.065552</point>
				<point>197.991287,749.934570</point>
				<point>205.982559,748.869019</point>
				<point>208.000015,764.000000</point>
			</points>
		</object>
		<object>
			<coordinate>pixel</coordinate>
			<type>rectangle</type>
			<description>None</description>
			<possibleresult>
				<name>Small Car</name>
			</possibleresult>
			<points>
				<point>198.999985,711.000000</point>
				<point>191.095535,713.324829</point>
				<point>185.999985,696.000000</point>
				<point>193.904434,693.675171</point>
				<point>198.999985,711.000000</point>
			</points>
		</object>
		<object>
			<coordinate>pixel</coordinate>
			<type>rectangle</type>
			<description>None</description>
			<possibleresult>
				<name>Van</name>
			</possibleresult>
			<points>
				<point>127.999992,650.000000</point>
				<point>109.999992,652.000000</point>
				<point>109.219505,644.975586</point>
				<point>127.219505,642.975586</point>
				<point>127.999992,650.000000</point>
			</points>
		</object>
		<object>
			<coordinate>pixel</coordinate>
			<type>rectangle</type>
			<description>None</description>
			<possibleresult>
				<name>Small Car</name>
			</possibleresult>
			<points>
				<point>141.000015,614.000000</point>
				<point>125.000015,616.000000</point>
				<point>124.000015,608.000000</point>
				<point>140.000015,606.000000</point>
				<point>141.000015,614.000000</point>
			</points>
		</object>
		<object>
			<coordinate>pixel</coordinate>
			<type>rectangle</type>
			<description>None</description>
			<possibleresult>
				<name>Van</name>
			</possibleresult>
			<points>
				<point>155.139984,647.979919</point>
				<point>133.999969,650.999939</point>
				<point>132.859955,643.019958</point>
				<point>153.999969,639.999939</point>
				<point>155.139984,647.979919</point>
			</points>
		</object>
		<object>
			<coordinate>pixel</coordinate>
			<type>rectangle</type>
			<description>None</description>
			<possibleresult>
				<name>Dump Truck</name>
			</possibleresult>
			<points>
				<point>172.548599,610.904480</point>
				<point>149.548599,614.904480</point>
				<point>147.999985,605.999939</point>
				<point>170.999985,601.999939</point>
				<point>172.548599,610.904480</point>
			</points>
		</object>
		<object>
			<coordinate>pixel</coordinate>
			<type>rectangle</type>
			<description>None</description>
			<possibleresult>
				<name>Small Car</name>
			</possibleresult>
			<points>
				<point>194.000015,608.000061</point>
				<point>176.892319,610.138489</point>
				<point>175.892319,602.138489</point>
				<point>193.000015,600.000061</point>
				<point>194.000015,608.000061</point>
			</points>
		</object>
		<object>
			<coordinate>pixel</coordinate>
			<type>rectangle</type>
			<description>None</description>
			<possibleresult>
				<name>Small Car</name>
			</possibleresult>
			<points>
				<point>97.281075,620.113525</point>
				<point>78.281075,623.113525</point>
				<point>76.999992,615.000000</point>
				<point>95.999992,612.000000</point>
				<point>97.281075,620.113525</point>
			</points>
		</object>
		<object>
			<coordinate>pixel</coordinate>
			<type>rectangle</type>
			<description>None</description>
			<possibleresult>
				<name>Small Car</name>
			</possibleresult>
			<points>
				<point>116.059479,615.956909</point>
				<point>105.000015,624.000122</point>
				<point>99.940552,617.043335</point>
				<point>111.000015,609.000122</point>
				<point>116.059479,615.956909</point>
			</points>
		</object>
		<object>
			<coordinate>pixel</coordinate>
			<type>rectangle</type>
			<description>None</description>
			<possibleresult>
				<name>Cargo Truck</name>
			</possibleresult>
			<points>
				<point>246.299255,601.960938</point>
				<point>223.000000,605.000000</point>
				<point>221.700745,595.039062</point>
				<point>245.000000,592.000000</point>
				<point>246.299255,601.960938</point>
			</points>
		</object>
		<object>
			<coordinate>pixel</coordinate>
			<type>rectangle</type>
			<description>None</description>
			<possibleresult>
				<name>Van</name>
			</possibleresult>
			<points>
				<point>272.513489,632.081116</point>
				<point>254.513489,635.081116</point>
				<point>253.000000,626.000061</point>
				<point>271.000000,623.000061</point>
				<point>272.513489,632.081116</point>
			</points>
		</object>
		<object>
			<coordinate>pixel</coordinate>
			<type>rectangle</type>
			<description>None</description>
			<possibleresult>
				<name>Van</name>
			</possibleresult>
			<points>
				<point>323.999969,625.000000</point>
				<point>304.923065,627.384644</point>
				<point>303.923065,619.384644</point>
				<point>322.999969,617.000000</point>
				<point>323.999969,625.000000</point>
			</points>
		</object>
		<object>
			<coordinate>pixel</coordinate>
			<type>rectangle</type>
			<description>None</description>
			<possibleresult>
				<name>Small Car</name>
			</possibleresult>
			<points>
				<point>367.000031,526.000000</point>
				<point>356.756134,534.195068</point>
				<point>351.000031,527.000000</point>
				<point>361.243927,518.804932</point>
				<point>367.000031,526.000000</point>
			</points>
		</object>
		<object>
			<coordinate>pixel</coordinate>
			<type>rectangle</type>
			<description>None</description>
			<possibleresult>
				<name>Small Car</name>
			</possibleresult>
			<points>
				<point>364.000031,511.000061</point>
				<point>348.878082,523.097595</point>
				<point>344.000031,517.000061</point>
				<point>359.121979,504.902527</point>
				<point>364.000031,511.000061</point>
			</points>
		</object>
		<object>
			<coordinate>pixel</coordinate>
			<type>rectangle</type>
			<description>None</description>
			<possibleresult>
				<name>Small Car</name>
			</possibleresult>
			<points>
				<point>957.196838,316.836029</point>
				<point>948.000061,318.999969</point>
				<point>943.803284,301.163910</point>
				<point>953.000061,298.999969</point>
				<point>957.196838,316.836029</point>
			</points>
		</object>
		<object>
			<coordinate>pixel</coordinate>
			<type>rectangle</type>
			<description>None</description>
			<possibleresult>
				<name>Van</name>
			</possibleresult>
			<points>
				<point>842.000000,284.000000</point>
				<point>832.000000,284.000000</point>
				<point>832.000000,268.000000</point>
				<point>842.000000,268.000000</point>
				<point>842.000000,284.000000</point>
			</points>
		</object>
		<object>
			<coordinate>pixel</coordinate>
			<type>rectangle</type>
			<description>None</description>
			<possibleresult>
				<name>Van</name>
			</possibleresult>
			<points>
				<point>846.000000,307.000061</point>
				<point>834.000000,308.000061</point>
				<point>832.579346,290.951782</point>
				<point>844.579346,289.951782</point>
				<point>846.000000,307.000061</point>
			</points>
		</object>
		<object>
			<coordinate>pixel</coordinate>
			<type>rectangle</type>
			<description>None</description>
			<possibleresult>
				<name>Small Car</name>
			</possibleresult>
			<points>
				<point>849.000061,329.000031</point>
				<point>840.026306,330.196564</point>
				<point>838.000061,315.000031</point>
				<point>846.973816,313.803497</point>
				<point>849.000061,329.000031</point>
			</points>
		</object>
		<object>
			<coordinate>pixel</coordinate>
			<type>rectangle</type>
			<description>None</description>
			<possibleresult>
				<name>Small Car</name>
			</possibleresult>
			<points>
				<point>907.035522,294.497437</point>
				<point>900.000000,295.000000</point>
				<point>899.000000,281.000000</point>
				<point>906.035522,280.497437</point>
				<point>907.035522,294.497437</point>
			</points>
		</object>
		<object>
			<coordinate>pixel</coordinate>
			<type>rectangle</type>
			<description>None</description>
			<possibleresult>
				<name>Small Car</name>
			</possibleresult>
			<points>
				<point>913.023499,319.305878</point>
				<point>903.999939,319.999969</point>
				<point>902.976379,306.694061</point>
				<point>911.999939,305.999969</point>
				<point>913.023499,319.305878</point>
			</points>
		</object>
		<object>
			<coordinate>pixel</coordinate>
			<type>rectangle</type>
			<description>None</description>
			<possibleresult>
				<name>Cargo Truck</name>
			</possibleresult>
			<points>
				<point>929.029358,318.382294</point>
				<point>920.999939,318.999969</point>
				<point>919.970520,305.617645</point>
				<point>927.999939,304.999969</point>
				<point>929.029358,318.382294</point>
			</points>
		</object>
		<object>
			<coordinate>pixel</coordinate>
			<type>rectangle</type>
			<description>None</description>
			<possibleresult>
				<name>Small Car</name>
			</possibleresult>
			<points>
				<point>943.000061,319.000000</point>
				<point>935.000061,320.000000</point>
				<point>933.000061,304.000000</point>
				<point>941.000061,303.000000</point>
				<point>943.000061,319.000000</point>
			</points>
		</object>
		<object>
			<coordinate>pixel</coordinate>
			<type>rectangle</type>
			<description>None</description>
			<possibleresult>
				<name>Van</name>
			</possibleresult>
			<points>
				<point>1000.000000,279.333344</point>
				<point>1000.000000,282.375000</point>
				<point>993.000000,285.000000</point>
				<point>987.000000,269.000000</point>
				<point>1000.000000,279.333344</point>
			</points>
		</object>
		<object>
			<coordinate>pixel</coordinate>
			<type>rectangle</type>
			<description>None</description>
			<possibleresult>
				<name>Small Car</name>
			</possibleresult>
			<points>
				<point>668.000061,545.000000</point>
				<point>651.000061,548.000000</point>
				<point>649.399353,538.929565</point>
				<point>666.399353,535.929565</point>
				<point>668.000061,545.000000</point>
			</points>
		</object>
		<object>
			<coordinate>pixel</coordinate>
			<type>rectangle</type>
			<description>None</description>
			<possibleresult>
				<name>Van</name>
			</possibleresult>
			<points>
				<point>768.000000,533.000000</point>
				<point>748.843872,535.016479</point>
				<point>748.000000,527.000000</point>
				<point>767.156128,524.983521</point>
				<point>768.000000,533.000000</point>
			</points>
		</object>
		<object>
			<coordinate>pixel</coordinate>
			<type>rectangle</type>
			<description>None</description>
			<possibleresult>
				<name>Van</name>
			</possibleresult>
			<points>
				<point>700.999939,549.000061</point>
				<point>685.999939,552.000061</point>
				<point>684.423035,544.115417</point>
				<point>699.423035,541.115417</point>
				<point>700.999939,549.000061</point>
			</points>
		</object>
		<object>
			<coordinate>pixel</coordinate>
			<type>rectangle</type>
			<description>None</description>
			<possibleresult>
				<name>Small Car</name>
			</possibleresult>
			<points>
				<point>683.000000,577.000000</point>
				<point>663.739746,579.027344</point>
				<point>663.000000,572.000000</point>
				<point>682.260254,569.972656</point>
				<point>683.000000,577.000000</point>
			</points>
		</object>
		<object>
			<coordinate>pixel</coordinate>
			<type>rectangle</type>
			<description>None</description>
			<possibleresult>
				<name>Small Car</name>
			</possibleresult>
			<points>
				<point>761.195496,566.970642</point>
				<point>740.999939,569.999939</point>
				<point>739.804382,562.029236</point>
				<point>759.999939,558.999939</point>
				<point>761.195496,566.970642</point>
			</points>
		</object>
		<object>
			<coordinate>pixel</coordinate>
			<type>rectangle</type>
			<description>None</description>
			<possibleresult>
				<name>Small Car</name>
			</possibleresult>
			<points>
				<point>791.111389,527.973755</point>
				<point>773.999939,532.000000</point>
				<point>771.888489,523.026245</point>
				<point>788.999939,519.000000</point>
				<point>791.111389,527.973755</point>
			</points>
		</object>
		<object>
			<coordinate>pixel</coordinate>
			<type>rectangle</type>
			<description>None</description>
			<possibleresult>
				<name>Small Car</name>
			</possibleresult>
			<points>
				<point>681.000061,599.000061</point>
				<point>666.000061,600.000061</point>
				<point>665.531067,592.964661</point>
				<point>680.531067,591.964661</point>
				<point>681.000061,599.000061</point>
			</points>
		</object>
		<object>
			<coordinate>pixel</coordinate>
			<type>rectangle</type>
			<description>None</description>
			<possibleresult>
				<name>Van</name>
			</possibleresult>
			<points>
				<point>686.000000,608.000061</point>
				<point>667.890259,610.012268</point>
				<point>667.000000,602.000061</point>
				<point>685.109741,599.987854</point>
				<point>686.000000,608.000061</point>
			</points>
		</object>
		<object>
			<coordinate>pixel</coordinate>
			<type>rectangle</type>
			<description>None</description>
			<possibleresult>
				<name>Small Car</name>
			</possibleresult>
			<points>
				<point>689.000000,616.000000</point>
				<point>669.739746,618.027344</point>
				<point>669.000000,611.000000</point>
				<point>688.260254,608.972656</point>
				<point>689.000000,616.000000</point>
			</points>
		</object>
		<object>
			<coordinate>pixel</coordinate>
			<type>rectangle</type>
			<description>None</description>
			<possibleresult>
				<name>Small Car</name>
			</possibleresult>
			<points>
				<point>691.162109,623.972961</point>
				<point>673.000000,626.999939</point>
				<point>671.837891,620.026917</point>
				<point>690.000000,616.999939</point>
				<point>691.162109,623.972961</point>
			</points>
		</object>
		<object>
			<coordinate>pixel</coordinate>
			<type>rectangle</type>
			<description>None</description>
			<possibleresult>
				<name>Van</name>
			</possibleresult>
			<points>
				<point>692.000000,635.000061</point>
				<point>671.901001,637.009949</point>
				<point>671.000000,628.000061</point>
				<point>691.098999,625.990173</point>
				<point>692.000000,635.000061</point>
			</points>
		</object>
		<object>
			<coordinate>pixel</coordinate>
			<type>rectangle</type>
			<description>None</description>
			<possibleresult>
				<name>Van</name>
			</possibleresult>
			<points>
				<point>726.339417,659.766541</point>
				<point>710.339417,670.766541</point>
				<point>704.999939,662.999939</point>
				<point>720.999939,651.999939</point>
				<point>726.339417,659.766541</point>
			</points>
		</object>
		<object>
			<coordinate>pixel</coordinate>
			<type>rectangle</type>
			<description>None</description>
			<possibleresult>
				<name>Small Car</name>
			</possibleresult>
			<points>
				<point>943.000061,510.000061</point>
				<point>921.724304,514.052551</point>
				<point>920.000061,505.000061</point>
				<point>941.275818,500.947571</point>
				<point>943.000061,510.000061</point>
			</points>
		</object>
		<object>
			<coordinate>pixel</coordinate>
			<type>rectangle</type>
			<description>None</description>
			<possibleresult>
				<name>Small Car</name>
			</possibleresult>
			<points>
				<point>965.000000,505.999969</point>
				<point>946.780518,508.024384</point>
				<point>946.000000,500.999969</point>
				<point>964.219482,498.975555</point>
				<point>965.000000,505.999969</point>
			</points>
		</object>
		<object>
			<coordinate>pixel</coordinate>
			<type>rectangle</type>
			<description>None</description>
			<possibleresult>
				<name>Van</name>
			</possibleresult>
			<points>
				<point>989.000000,503.000000</point>
				<point>971.825928,505.020508</point>
				<point>971.000000,498.000000</point>
				<point>988.174072,495.979492</point>
				<point>989.000000,503.000000</point>
			</points>
		</object>
		<object>
			<coordinate>pixel</coordinate>
			<type>rectangle</type>
			<description>None</description>
			<possibleresult>
				<name>Small Car</name>
			</possibleresult>
			<points>
				<point>995.000000,584.999939</point>
				<point>987.020020,586.139954</point>
				<point>985.000000,571.999939</point>
				<point>992.979980,570.859924</point>
				<point>995.000000,584.999939</point>
			</points>
		</object>
		<object>
			<coordinate>pixel</coordinate>
			<type>rectangle</type>
			<description>None</description>
			<possibleresult>
				<name>Van</name>
			</possibleresult>
			<points>
				<point>998.000061,618.000183</point>
				<point>994.000183,602.000183</point>
				<point>1000.000061,600.500183</point>
				<point>1003.999939,616.500183</point>
				<point>998.000061,618.000183</point>
			</points>
		</object>
		<object>
			<coordinate>pixel</coordinate>
			<type>rectangle</type>
			<description>None</description>
			<possibleresult>
				<name>Small Car</name>
			</possibleresult>
			<points>
				<point>999.999939,625.999695</point>
				<point>998.764832,621.058899</point>
				<point>1000.000061,620.750183</point>
				<point>1001.235168,625.690979</point>
				<point>999.999939,625.999695</point>
			</points>
		</object>
		<object>
			<coordinate>pixel</coordinate>
			<type>rectangle</type>
			<description>None</description>
			<possibleresult>
				<name>Small Car</name>
			</possibleresult>
			<points>
				<point>636.000061,883.000122</point>
				<point>616.899231,887.021362</point>
				<point>615.000061,878.000122</point>
				<point>634.100891,873.978882</point>
				<point>636.000061,883.000122</point>
			</points>
		</object>
		<object>
			<coordinate>pixel</coordinate>
			<type>rectangle</type>
			<description>None</description>
			<possibleresult>
				<name>Small Car</name>
			</possibleresult>
			<points>
				<point>660.501953,881.031189</point>
				<point>644.501953,882.031189</point>
				<point>644.000000,874.000061</point>
				<point>660.000000,873.000061</point>
				<point>660.501953,881.031189</point>
			</points>
		</object>
		<object>
			<coordinate>pixel</coordinate>
			<type>rectangle</type>
			<description>None</description>
			<possibleresult>
				<name>Small Car</name>
			</possibleresult>
			<points>
				<point>686.000000,877.000061</point>
				<point>665.802002,879.019836</point>
				<point>665.000000,871.000061</point>
				<point>685.197998,868.980286</point>
				<point>686.000000,877.000061</point>
			</points>
		</object>
		<object>
			<coordinate>pixel</coordinate>
			<type>rectangle</type>
			<description>None</description>
			<possibleresult>
				<name>Small Car</name>
			</possibleresult>
			<points>
				<point>712.000000,874.000061</point>
				<point>694.000000,877.000061</point>
				<point>692.648682,868.891907</point>
				<point>710.648682,865.891907</point>
				<point>712.000000,874.000061</point>
			</points>
		</object>
		<object>
			<coordinate>pixel</coordinate>
			<type>rectangle</type>
			<description>None</description>
			<possibleresult>
				<name>Van</name>
			</possibleresult>
			<points>
				<point>713.154663,895.158508</point>
				<point>697.154663,898.158508</point>
				<point>696.000000,892.000061</point>
				<point>712.000000,889.000061</point>
				<point>713.154663,895.158508</point>
			</points>
		</object>
		<object>
			<coordinate>pixel</coordinate>
			<type>rectangle</type>
			<description>None</description>
			<possibleresult>
				<name>Van</name>
			</possibleresult>
			<points>
				<point>675.349060,925.028320</point>
				<point>652.349060,926.028320</point>
				<point>652.000061,918.000000</point>
				<point>675.000061,917.000000</point>
				<point>675.349060,925.028320</point>
			</points>
		</object>
		<object>
			<coordinate>pixel</coordinate>
			<type>rectangle</type>
			<description>None</description>
			<possibleresult>
				<name>Small Car</name>
			</possibleresult>
			<points>
				<point>787.000000,911.000000</point>
				<point>765.764038,913.022461</point>
				<point>765.000000,905.000000</point>
				<point>786.235962,902.977539</point>
				<point>787.000000,911.000000</point>
			</points>
		</object>
		<object>
			<coordinate>pixel</coordinate>
			<type>rectangle</type>
			<description>None</description>
			<possibleresult>
				<name>Small Car</name>
			</possibleresult>
			<points>
				<point>818.000061,864.000061</point>
				<point>798.843933,866.016541</point>
				<point>798.000061,858.000061</point>
				<point>817.156189,855.983582</point>
				<point>818.000061,864.000061</point>
			</points>
		</object>
		<object>
			<coordinate>pixel</coordinate>
			<type>rectangle</type>
			<description>None</description>
			<possibleresult>
				<name>Small Car</name>
			</possibleresult>
			<points>
				<point>841.000061,862.000061</point>
				<point>821.948059,864.005554</point>
				<point>821.000061,855.000061</point>
				<point>840.052063,852.994568</point>
				<point>841.000061,862.000061</point>
			</points>
		</object>
		<object>
			<coordinate>pixel</coordinate>
			<type>rectangle</type>
			<description>None</description>
			<possibleresult>
				<name>Van</name>
			</possibleresult>
			<points>
				<point>876.000061,857.000000</point>
				<point>851.000061,860.000000</point>
				<point>849.921204,851.009521</point>
				<point>874.921204,848.009521</point>
				<point>876.000061,857.000000</point>
			</points>
		</object>
		<object>
			<coordinate>pixel</coordinate>
			<type>rectangle</type>
			<description>None</description>
			<possibleresult>
				<name>Small Car</name>
			</possibleresult>
			<points>
				<point>901.443115,854.975403</point>
				<point>883.000000,856.000061</point>
				<point>882.556885,848.024719</point>
				<point>901.000000,847.000061</point>
				<point>901.443115,854.975403</point>
			</points>
		</object>
		<object>
			<coordinate>pixel</coordinate>
			<type>rectangle</type>
			<description>None</description>
			<possibleresult>
				<name>Small Car</name>
			</possibleresult>
			<points>
				<point>856.999878,901.999878</point>
				<point>849.999878,902.999878</point>
				<point>848.999878,895.999878</point>
				<point>855.999878,894.999878</point>
				<point>856.999878,901.999878</point>
			</points>
		</object>
		<object>
			<coordinate>pixel</coordinate>
			<type>rectangle</type>
			<description>None</description>
			<possibleresult>
				<name>Small Car</name>
			</possibleresult>
			<points>
				<point>960.000061,941.999939</point>
				<point>940.435242,945.089172</point>
				<point>939.000061,935.999939</point>
				<point>958.564880,932.910706</point>
				<point>960.000061,941.999939</point>
			</points>
		</object>
		<object>
			<coordinate>pixel</coordinate>
			<type>rectangle</type>
			<description>None</description>
			<possibleresult>
				<name>Van</name>
			</possibleresult>
			<points>
				<point>962.000000,967.000000</point>
				<point>944.825928,969.020508</point>
				<point>944.000000,962.000000</point>
				<point>961.174072,959.979492</point>
				<point>962.000000,967.000000</point>
			</points>
		</object>
		<object>
			<coordinate>pixel</coordinate>
			<type>rectangle</type>
			<description>None</description>
			<possibleresult>
				<name>Van</name>
			</possibleresult>
			<points>
				<point>965.000122,984.000122</point>
				<point>944.938599,986.507812</point>
				<point>943.938599,978.507812</point>
				<point>964.000122,976.000122</point>
				<point>965.000122,984.000122</point>
			</points>
		</object>
	</objects>
</annotation>