<?xml version="1.0" encoding="utf-8"?>
<annotation>
	<source>
		<filename>1176.tif</filename>
		<origin>GF2/GF3</origin>
	</source>
	<research>
		<version>1.0</version>
		<provider>FAIR1M</provider>
		<author>Cyber</author>
		<pluginname>FAIR1M</pluginname>
		<pluginclass>object detection</pluginclass>
		<time>2021-03</time>
	</research>
	<size>
		<width>1000</width>
		<height>1000</height>
		<depth>3</depth>
	</size>
	<objects>
		<object>
			<coordinate>pixel</coordinate>
			<type>rectangle</type>
			<description>None</description>
			<possibleresult>
				<name>other-airplane</name>
			</possibleresult>
			<points>
				<point>617.000000,381.000000</point>
				<point>558.000000,411.000000</point>
				<point>582.000000,456.000000</point>
				<point>640.000000,426.000000</point>
				<point>617.000000,381.000000</point>
			</points>
		</object>
		<object>
			<coordinate>pixel</coordinate>
			<type>rectangle</type>
			<description>None</description>
			<possibleresult>
				<name>other-airplane</name>
			</possibleresult>
			<points>
				<point>896.000000,759.000000</point>
				<point>839.000000,791.000000</point>
				<point>870.000000,847.000000</point>
				<point>927.000000,815.000000</point>
				<point>896.000000,759.000000</point>
			</points>
		</object>
		<object>
			<coordinate>pixel</coordinate>
			<type>rectangle</type>
			<description>None</description>
			<possibleresult>
				<name>Boeing737</name>
			</possibleresult>
			<points>
				<point>348.000000,664.000000</point>
				<point>312.000000,601.000000</point>
				<point>249.000000,637.000000</point>
				<point>285.000000,700.000000</point>
				<point>348.000000,664.000000</point>
			</points>
		</object>
	</objects>
</annotation>