<?xml version="1.0" encoding="utf-8"?>
<annotation>
	<source>
		<filename>1179.tif</filename>
		<origin>GF2/GF3</origin>
	</source>
	<research>
		<version>1.0</version>
		<provider>FAIR1M</provider>
		<author>Cyber</author>
		<pluginname>FAIR1M</pluginname>
		<pluginclass>object detection</pluginclass>
		<time>2021-03</time>
	</research>
	<size>
		<width>1000</width>
		<height>1000</height>
		<depth>3</depth>
	</size>
	<objects>
		<object>
			<coordinate>pixel</coordinate>
			<type>rectangle</type>
			<description>None</description>
			<possibleresult>
				<name>Dump Truck</name>
			</possibleresult>
			<points>
				<point>0.000000,103.000015</point>
				<point>0.000000,93.000015</point>
				<point>1.000003,92.000015</point>
				<point>17.000000,108.000015</point>
				<point>0.000000,103.000015</point>
			</points>
		</object>
		<object>
			<coordinate>pixel</coordinate>
			<type>rectangle</type>
			<description>None</description>
			<possibleresult>
				<name>Van</name>
			</possibleresult>
			<points>
				<point>33.030975,149.464600</point>
				<point>25.000004,150.000000</point>
				<point>23.969032,134.535400</point>
				<point>32.000004,134.000000</point>
				<point>33.030975,149.464600</point>
			</points>
		</object>
		<object>
			<coordinate>pixel</coordinate>
			<type>rectangle</type>
			<description>None</description>
			<possibleresult>
				<name>Small Car</name>
			</possibleresult>
			<points>
				<point>17.074358,297.903320</point>
				<point>7.000010,311.000000</point>
				<point>1.925660,307.096680</point>
				<point>12.000008,294.000000</point>
				<point>17.074358,297.903320</point>
			</points>
		</object>
		<object>
			<coordinate>pixel</coordinate>
			<type>rectangle</type>
			<description>None</description>
			<possibleresult>
				<name>Van</name>
			</possibleresult>
			<points>
				<point>63.000004,401.999969</point>
				<point>55.964474,402.502533</point>
				<point>54.964474,388.502533</point>
				<point>62.000004,387.999969</point>
				<point>63.000004,401.999969</point>
			</points>
		</object>
		<object>
			<coordinate>pixel</coordinate>
			<type>rectangle</type>
			<description>None</description>
			<possibleresult>
				<name>Small Car</name>
			</possibleresult>
			<points>
				<point>39.027588,561.469055</point>
				<point>30.000000,562.000061</point>
				<point>29.000000,545.000061</point>
				<point>38.027588,544.469055</point>
				<point>39.027588,561.469055</point>
			</points>
		</object>
		<object>
			<coordinate>pixel</coordinate>
			<type>rectangle</type>
			<description>None</description>
			<possibleresult>
				<name>Small Car</name>
			</possibleresult>
			<points>
				<point>54.000000,602.000000</point>
				<point>45.000000,602.000000</point>
				<point>45.000000,586.000000</point>
				<point>54.000000,586.000000</point>
				<point>54.000000,602.000000</point>
			</points>
		</object>
		<object>
			<coordinate>pixel</coordinate>
			<type>rectangle</type>
			<description>None</description>
			<possibleresult>
				<name>Small Car</name>
			</possibleresult>
			<points>
				<point>154.000015,563.000061</point>
				<point>145.968979,563.472473</point>
				<point>144.968979,546.472473</point>
				<point>153.000015,546.000061</point>
				<point>154.000015,563.000061</point>
			</points>
		</object>
		<object>
			<coordinate>pixel</coordinate>
			<type>rectangle</type>
			<description>None</description>
			<possibleresult>
				<name>Van</name>
			</possibleresult>
			<points>
				<point>155.000000,790.000000</point>
				<point>147.000000,790.000000</point>
				<point>147.000000,774.000000</point>
				<point>155.000000,774.000000</point>
				<point>155.000000,790.000000</point>
			</points>
		</object>
		<object>
			<coordinate>pixel</coordinate>
			<type>rectangle</type>
			<description>None</description>
			<possibleresult>
				<name>Small Car</name>
			</possibleresult>
			<points>
				<point>77.000000,915.000000</point>
				<point>48.000000,915.000000</point>
				<point>48.000000,906.000000</point>
				<point>77.000000,906.000000</point>
				<point>77.000000,915.000000</point>
			</points>
		</object>
		<object>
			<coordinate>pixel</coordinate>
			<type>rectangle</type>
			<description>None</description>
			<possibleresult>
				<name>Van</name>
			</possibleresult>
			<points>
				<point>153.000000,276.000000</point>
				<point>145.000000,276.000000</point>
				<point>145.000000,262.000000</point>
				<point>153.000000,262.000000</point>
				<point>153.000000,276.000000</point>
			</points>
		</object>
		<object>
			<coordinate>pixel</coordinate>
			<type>rectangle</type>
			<description>None</description>
			<possibleresult>
				<name>Small Car</name>
			</possibleresult>
			<points>
				<point>153.000015,293.000000</point>
				<point>145.000015,294.000000</point>
				<point>143.000015,278.000000</point>
				<point>151.000015,277.000000</point>
				<point>153.000015,293.000000</point>
			</points>
		</object>
		<object>
			<coordinate>pixel</coordinate>
			<type>rectangle</type>
			<description>None</description>
			<possibleresult>
				<name>Small Car</name>
			</possibleresult>
			<points>
				<point>216.000015,43.000000</point>
				<point>209.030991,43.464603</point>
				<point>208.000015,28.000006</point>
				<point>214.969040,27.535404</point>
				<point>216.000015,43.000000</point>
			</points>
		</object>
		<object>
			<coordinate>pixel</coordinate>
			<type>rectangle</type>
			<description>None</description>
			<possibleresult>
				<name>Small Car</name>
			</possibleresult>
			<points>
				<point>254.000000,42.000000</point>
				<point>245.000000,42.000000</point>
				<point>245.000000,27.000000</point>
				<point>254.000000,27.000000</point>
				<point>254.000000,42.000000</point>
			</points>
		</object>
		<object>
			<coordinate>pixel</coordinate>
			<type>rectangle</type>
			<description>None</description>
			<possibleresult>
				<name>Small Car</name>
			</possibleresult>
			<points>
				<point>288.000000,44.000000</point>
				<point>281.000000,44.000000</point>
				<point>281.000000,29.000000</point>
				<point>288.000000,29.000000</point>
				<point>288.000000,44.000000</point>
			</points>
		</object>
		<object>
			<coordinate>pixel</coordinate>
			<type>rectangle</type>
			<description>None</description>
			<possibleresult>
				<name>Small Car</name>
			</possibleresult>
			<points>
				<point>340.123108,37.984612</point>
				<point>332.000061,39.000000</point>
				<point>330.000061,22.999998</point>
				<point>338.123108,21.984612</point>
				<point>340.123108,37.984612</point>
			</points>
		</object>
		<object>
			<coordinate>pixel</coordinate>
			<type>rectangle</type>
			<description>None</description>
			<possibleresult>
				<name>Small Car</name>
			</possibleresult>
			<points>
				<point>296.000000,193.000000</point>
				<point>295.665527,201.027740</point>
				<point>271.665527,200.027740</point>
				<point>272.000000,192.000000</point>
				<point>296.000000,193.000000</point>
			</points>
		</object>
		<object>
			<coordinate>pixel</coordinate>
			<type>rectangle</type>
			<description>None</description>
			<possibleresult>
				<name>Van</name>
			</possibleresult>
			<points>
				<point>377.000000,200.000000</point>
				<point>356.000000,200.000000</point>
				<point>356.000000,192.000000</point>
				<point>377.000000,192.000000</point>
				<point>377.000000,200.000000</point>
			</points>
		</object>
		<object>
			<coordinate>pixel</coordinate>
			<type>rectangle</type>
			<description>None</description>
			<possibleresult>
				<name>Small Car</name>
			</possibleresult>
			<points>
				<point>407.000000,199.000000</point>
				<point>385.000000,199.000000</point>
				<point>385.000000,191.000000</point>
				<point>407.000000,191.000000</point>
				<point>407.000000,199.000000</point>
			</points>
		</object>
		<object>
			<coordinate>pixel</coordinate>
			<type>rectangle</type>
			<description>None</description>
			<possibleresult>
				<name>Van</name>
			</possibleresult>
			<points>
				<point>437.000000,199.000000</point>
				<point>416.000000,199.000000</point>
				<point>416.000000,191.000000</point>
				<point>437.000000,191.000000</point>
				<point>437.000000,199.000000</point>
			</points>
		</object>
		<object>
			<coordinate>pixel</coordinate>
			<type>rectangle</type>
			<description>None</description>
			<possibleresult>
				<name>Small Car</name>
			</possibleresult>
			<points>
				<point>466.349121,192.017471</point>
				<point>466.000000,199.000015</point>
				<point>445.650879,197.982559</point>
				<point>446.000000,191.000015</point>
				<point>466.349121,192.017471</point>
			</points>
		</object>
		<object>
			<coordinate>pixel</coordinate>
			<type>rectangle</type>
			<description>None</description>
			<possibleresult>
				<name>Van</name>
			</possibleresult>
			<points>
				<point>268.000000,265.000000</point>
				<point>260.000000,265.000000</point>
				<point>260.000000,251.000000</point>
				<point>268.000000,251.000000</point>
				<point>268.000000,265.000000</point>
			</points>
		</object>
		<object>
			<coordinate>pixel</coordinate>
			<type>rectangle</type>
			<description>None</description>
			<possibleresult>
				<name>Small Car</name>
			</possibleresult>
			<points>
				<point>302.000000,268.000000</point>
				<point>294.000000,268.000000</point>
				<point>294.000000,253.000000</point>
				<point>302.000000,253.000000</point>
				<point>302.000000,268.000000</point>
			</points>
		</object>
		<object>
			<coordinate>pixel</coordinate>
			<type>rectangle</type>
			<description>None</description>
			<possibleresult>
				<name>Small Car</name>
			</possibleresult>
			<points>
				<point>255.000000,295.000000</point>
				<point>231.000000,295.000000</point>
				<point>231.000000,288.000000</point>
				<point>255.000000,288.000000</point>
				<point>255.000000,295.000000</point>
			</points>
		</object>
		<object>
			<coordinate>pixel</coordinate>
			<type>rectangle</type>
			<description>None</description>
			<possibleresult>
				<name>Small Car</name>
			</possibleresult>
			<points>
				<point>461.000000,531.000000</point>
				<point>453.000000,531.000000</point>
				<point>453.000000,520.000000</point>
				<point>461.000000,520.000000</point>
				<point>461.000000,531.000000</point>
			</points>
		</object>
		<object>
			<coordinate>pixel</coordinate>
			<type>rectangle</type>
			<description>None</description>
			<possibleresult>
				<name>Small Car</name>
			</possibleresult>
			<points>
				<point>473.000000,531.000000</point>
				<point>464.000000,531.000000</point>
				<point>464.000000,516.000000</point>
				<point>473.000000,516.000000</point>
				<point>473.000000,531.000000</point>
			</points>
		</object>
		<object>
			<coordinate>pixel</coordinate>
			<type>rectangle</type>
			<description>None</description>
			<possibleresult>
				<name>Small Car</name>
			</possibleresult>
			<points>
				<point>416.000000,623.000000</point>
				<point>397.000000,623.000000</point>
				<point>397.000000,615.000000</point>
				<point>416.000000,615.000000</point>
				<point>416.000000,623.000000</point>
			</points>
		</object>
		<object>
			<coordinate>pixel</coordinate>
			<type>rectangle</type>
			<description>None</description>
			<possibleresult>
				<name>Dump Truck</name>
			</possibleresult>
			<points>
				<point>477.000000,614.000000</point>
				<point>451.000000,614.000000</point>
				<point>451.000000,605.000000</point>
				<point>477.000000,605.000000</point>
				<point>477.000000,614.000000</point>
			</points>
		</object>
		<object>
			<coordinate>pixel</coordinate>
			<type>rectangle</type>
			<description>None</description>
			<possibleresult>
				<name>Small Car</name>
			</possibleresult>
			<points>
				<point>478.000000,623.000000</point>
				<point>455.000000,623.000000</point>
				<point>455.000000,615.000000</point>
				<point>478.000000,615.000000</point>
				<point>478.000000,623.000000</point>
			</points>
		</object>
		<object>
			<coordinate>pixel</coordinate>
			<type>rectangle</type>
			<description>None</description>
			<possibleresult>
				<name>Van</name>
			</possibleresult>
			<points>
				<point>65.285072,953.986572</point>
				<point>44.000000,955.000122</point>
				<point>43.714935,949.013672</point>
				<point>65.000008,948.000122</point>
				<point>65.285072,953.986572</point>
			</points>
		</object>
		<object>
			<coordinate>pixel</coordinate>
			<type>rectangle</type>
			<description>None</description>
			<possibleresult>
				<name>Van</name>
			</possibleresult>
			<points>
				<point>300.000000,691.000000</point>
				<point>274.000000,691.000000</point>
				<point>274.000000,684.000000</point>
				<point>300.000000,684.000000</point>
				<point>300.000000,691.000000</point>
			</points>
		</object>
		<object>
			<coordinate>pixel</coordinate>
			<type>rectangle</type>
			<description>None</description>
			<possibleresult>
				<name>Small Car</name>
			</possibleresult>
			<points>
				<point>323.000000,726.000000</point>
				<point>321.969604,745.577393</point>
				<point>311.000000,745.000000</point>
				<point>312.030396,725.422607</point>
				<point>323.000000,726.000000</point>
			</points>
		</object>
		<object>
			<coordinate>pixel</coordinate>
			<type>rectangle</type>
			<description>None</description>
			<possibleresult>
				<name>Small Car</name>
			</possibleresult>
			<points>
				<point>409.000031,700.000000</point>
				<point>406.991302,715.065552</point>
				<point>399.000031,714.000000</point>
				<point>401.008759,698.934448</point>
				<point>409.000031,700.000000</point>
			</points>
		</object>
		<object>
			<coordinate>pixel</coordinate>
			<type>rectangle</type>
			<description>None</description>
			<possibleresult>
				<name>Van</name>
			</possibleresult>
			<points>
				<point>422.000031,713.000061</point>
				<point>414.035431,713.531067</point>
				<point>413.000031,698.000061</point>
				<point>420.964630,697.469055</point>
				<point>422.000031,713.000061</point>
			</points>
		</object>
		<object>
			<coordinate>pixel</coordinate>
			<type>rectangle</type>
			<description>None</description>
			<possibleresult>
				<name>Small Car</name>
			</possibleresult>
			<points>
				<point>422.000000,733.000000</point>
				<point>414.000000,733.000000</point>
				<point>414.000000,718.000000</point>
				<point>422.000000,718.000000</point>
				<point>422.000000,733.000000</point>
			</points>
		</object>
		<object>
			<coordinate>pixel</coordinate>
			<type>rectangle</type>
			<description>None</description>
			<possibleresult>
				<name>Small Car</name>
			</possibleresult>
			<points>
				<point>436.000000,734.000000</point>
				<point>428.000000,734.000000</point>
				<point>428.000000,719.000000</point>
				<point>436.000000,719.000000</point>
				<point>436.000000,734.000000</point>
			</points>
		</object>
		<object>
			<coordinate>pixel</coordinate>
			<type>rectangle</type>
			<description>None</description>
			<possibleresult>
				<name>Small Car</name>
			</possibleresult>
			<points>
				<point>377.000031,763.000061</point>
				<point>369.000031,779.000061</point>
				<point>361.800018,775.400085</point>
				<point>369.800018,759.400085</point>
				<point>377.000031,763.000061</point>
			</points>
		</object>
		<object>
			<coordinate>pixel</coordinate>
			<type>rectangle</type>
			<description>None</description>
			<possibleresult>
				<name>Small Car</name>
			</possibleresult>
			<points>
				<point>388.000000,798.000000</point>
				<point>379.000000,798.000000</point>
				<point>379.000000,783.000000</point>
				<point>388.000000,783.000000</point>
				<point>388.000000,798.000000</point>
			</points>
		</object>
		<object>
			<coordinate>pixel</coordinate>
			<type>rectangle</type>
			<description>None</description>
			<possibleresult>
				<name>Small Car</name>
			</possibleresult>
			<points>
				<point>531.272217,826.987610</point>
				<point>509.000031,827.999939</point>
				<point>508.727814,822.012268</point>
				<point>531.000000,820.999939</point>
				<point>531.272217,826.987610</point>
			</points>
		</object>
		<object>
			<coordinate>pixel</coordinate>
			<type>rectangle</type>
			<description>None</description>
			<possibleresult>
				<name>Small Car</name>
			</possibleresult>
			<points>
				<point>465.999969,884.000000</point>
				<point>458.027557,884.468994</point>
				<point>456.999969,867.000000</point>
				<point>464.972382,866.531006</point>
				<point>465.999969,884.000000</point>
			</points>
		</object>
		<object>
			<coordinate>pixel</coordinate>
			<type>rectangle</type>
			<description>None</description>
			<possibleresult>
				<name>Van</name>
			</possibleresult>
			<points>
				<point>417.317474,917.014404</point>
				<point>416.999969,924.000000</point>
				<point>394.682465,922.985596</point>
				<point>394.999969,916.000000</point>
				<point>417.317474,917.014404</point>
			</points>
		</object>
		<object>
			<coordinate>pixel</coordinate>
			<type>rectangle</type>
			<description>None</description>
			<possibleresult>
				<name>Small Car</name>
			</possibleresult>
			<points>
				<point>418.000000,934.000000</point>
				<point>405.000000,934.000000</point>
				<point>405.000000,927.000000</point>
				<point>418.000000,927.000000</point>
				<point>418.000000,934.000000</point>
			</points>
		</object>
		<object>
			<coordinate>pixel</coordinate>
			<type>rectangle</type>
			<description>None</description>
			<possibleresult>
				<name>Small Car</name>
			</possibleresult>
			<points>
				<point>417.317657,944.035889</point>
				<point>398.317657,945.035889</point>
				<point>397.999969,939.000000</point>
				<point>416.999969,938.000000</point>
				<point>417.317657,944.035889</point>
			</points>
		</object>
		<object>
			<coordinate>pixel</coordinate>
			<type>rectangle</type>
			<description>None</description>
			<possibleresult>
				<name>Small Car</name>
			</possibleresult>
			<points>
				<point>421.000000,954.000000</point>
				<point>396.000000,954.000000</point>
				<point>396.000000,946.000000</point>
				<point>421.000000,946.000000</point>
				<point>421.000000,954.000000</point>
			</points>
		</object>
		<object>
			<coordinate>pixel</coordinate>
			<type>rectangle</type>
			<description>None</description>
			<possibleresult>
				<name>Small Car</name>
			</possibleresult>
			<points>
				<point>421.279510,956.011230</point>
				<point>420.999969,963.000000</point>
				<point>395.720428,961.988770</point>
				<point>395.999969,955.000000</point>
				<point>421.279510,956.011230</point>
			</points>
		</object>
		<object>
			<coordinate>pixel</coordinate>
			<type>rectangle</type>
			<description>None</description>
			<possibleresult>
				<name>Small Car</name>
			</possibleresult>
			<points>
				<point>469.000000,929.000000</point>
				<point>451.000000,929.000000</point>
				<point>451.000000,922.000000</point>
				<point>469.000000,922.000000</point>
				<point>469.000000,929.000000</point>
			</points>
		</object>
		<object>
			<coordinate>pixel</coordinate>
			<type>rectangle</type>
			<description>None</description>
			<possibleresult>
				<name>Small Car</name>
			</possibleresult>
			<points>
				<point>470.000000,956.000000</point>
				<point>451.000000,956.000000</point>
				<point>451.000000,949.000000</point>
				<point>470.000000,949.000000</point>
				<point>470.000000,956.000000</point>
			</points>
		</object>
		<object>
			<coordinate>pixel</coordinate>
			<type>rectangle</type>
			<description>None</description>
			<possibleresult>
				<name>Van</name>
			</possibleresult>
			<points>
				<point>348.249390,966.987610</point>
				<point>328.000000,968.000061</point>
				<point>327.750610,963.012512</point>
				<point>348.000000,962.000061</point>
				<point>348.249390,966.987610</point>
			</points>
		</object>
		<object>
			<coordinate>pixel</coordinate>
			<type>rectangle</type>
			<description>None</description>
			<possibleresult>
				<name>Small Car</name>
			</possibleresult>
			<points>
				<point>331.000000,997.000000</point>
				<point>312.000000,997.000000</point>
				<point>312.000000,990.000000</point>
				<point>331.000000,990.000000</point>
				<point>331.000000,997.000000</point>
			</points>
		</object>
		<object>
			<coordinate>pixel</coordinate>
			<type>rectangle</type>
			<description>None</description>
			<possibleresult>
				<name>Small Car</name>
			</possibleresult>
			<points>
				<point>303.334869,988.968384</point>
				<point>303.000031,996.000000</point>
				<point>282.000031,995.000000</point>
				<point>282.334869,987.968384</point>
				<point>303.334869,988.968384</point>
			</points>
		</object>
		<object>
			<coordinate>pixel</coordinate>
			<type>rectangle</type>
			<description>None</description>
			<possibleresult>
				<name>Small Car</name>
			</possibleresult>
			<points>
				<point>434.444489,1001.000000</point>
				<point>425.444489,1000.000000</point>
				<point>426.000031,995.000000</point>
				<point>435.000031,996.000000</point>
				<point>434.444489,1001.000000</point>
			</points>
		</object>
		<object>
			<coordinate>pixel</coordinate>
			<type>rectangle</type>
			<description>None</description>
			<possibleresult>
				<name>Small Car</name>
			</possibleresult>
			<points>
				<point>606.000000,121.000000</point>
				<point>598.000000,121.000000</point>
				<point>598.000000,106.000000</point>
				<point>606.000000,106.000000</point>
				<point>606.000000,121.000000</point>
			</points>
		</object>
		<object>
			<coordinate>pixel</coordinate>
			<type>rectangle</type>
			<description>None</description>
			<possibleresult>
				<name>Small Car</name>
			</possibleresult>
			<points>
				<point>605.000061,149.000000</point>
				<point>596.972473,149.668976</point>
				<point>595.972473,137.668976</point>
				<point>604.000061,137.000000</point>
				<point>605.000061,149.000000</point>
			</points>
		</object>
		<object>
			<coordinate>pixel</coordinate>
			<type>rectangle</type>
			<description>None</description>
			<possibleresult>
				<name>Small Car</name>
			</possibleresult>
			<points>
				<point>640.023315,317.626526</point>
				<point>639.000000,334.000061</point>
				<point>628.976685,333.373596</point>
				<point>630.000000,317.000061</point>
				<point>640.023315,317.626526</point>
			</points>
		</object>
		<object>
			<coordinate>pixel</coordinate>
			<type>rectangle</type>
			<description>None</description>
			<possibleresult>
				<name>Small Car</name>
			</possibleresult>
			<points>
				<point>639.000000,427.000000</point>
				<point>629.000000,427.000000</point>
				<point>629.000000,408.000000</point>
				<point>639.000000,408.000000</point>
				<point>639.000000,427.000000</point>
			</points>
		</object>
		<object>
			<coordinate>pixel</coordinate>
			<type>rectangle</type>
			<description>None</description>
			<possibleresult>
				<name>Van</name>
			</possibleresult>
			<points>
				<point>641.000000,795.000000</point>
				<point>631.000000,795.000000</point>
				<point>631.000000,779.000000</point>
				<point>641.000000,779.000000</point>
				<point>641.000000,795.000000</point>
			</points>
		</object>
		<object>
			<coordinate>pixel</coordinate>
			<type>rectangle</type>
			<description>None</description>
			<possibleresult>
				<name>Small Car</name>
			</possibleresult>
			<points>
				<point>644.000061,913.000000</point>
				<point>635.968933,913.501953</point>
				<point>634.968933,897.501953</point>
				<point>643.000061,897.000000</point>
				<point>644.000061,913.000000</point>
			</points>
		</object>
		<object>
			<coordinate>pixel</coordinate>
			<type>rectangle</type>
			<description>None</description>
			<possibleresult>
				<name>Van</name>
			</possibleresult>
			<points>
				<point>606.000000,981.000000</point>
				<point>598.000000,981.000000</point>
				<point>598.000000,967.000000</point>
				<point>606.000000,967.000000</point>
				<point>606.000000,981.000000</point>
			</points>
		</object>
		<object>
			<coordinate>pixel</coordinate>
			<type>rectangle</type>
			<description>None</description>
			<possibleresult>
				<name>Van</name>
			</possibleresult>
			<points>
				<point>622.000000,985.000000</point>
				<point>613.000000,985.000000</point>
				<point>613.000000,969.000000</point>
				<point>622.000000,969.000000</point>
				<point>622.000000,985.000000</point>
			</points>
		</object>
		<object>
			<coordinate>pixel</coordinate>
			<type>rectangle</type>
			<description>None</description>
			<possibleresult>
				<name>Small Car</name>
			</possibleresult>
			<points>
				<point>838.000000,9.000000</point>
				<point>819.000000,9.000000</point>
				<point>819.000000,3.000000</point>
				<point>838.000000,3.000000</point>
				<point>838.000000,9.000000</point>
			</points>
		</object>
		<object>
			<coordinate>pixel</coordinate>
			<type>rectangle</type>
			<description>None</description>
			<possibleresult>
				<name>Small Car</name>
			</possibleresult>
			<points>
				<point>893.000000,10.000000</point>
				<point>870.000000,10.000000</point>
				<point>870.000000,3.000000</point>
				<point>893.000000,3.000000</point>
				<point>893.000000,10.000000</point>
			</points>
		</object>
		<object>
			<coordinate>pixel</coordinate>
			<type>rectangle</type>
			<description>None</description>
			<possibleresult>
				<name>Small Car</name>
			</possibleresult>
			<points>
				<point>1000.000000,37.000000</point>
				<point>996.000000,37.000000</point>
				<point>996.000000,23.000000</point>
				<point>1000.000000,23.000000</point>
				<point>1000.000000,37.000000</point>
			</points>
		</object>
		<object>
			<coordinate>pixel</coordinate>
			<type>rectangle</type>
			<description>None</description>
			<possibleresult>
				<name>Small Car</name>
			</possibleresult>
			<points>
				<point>996.000000,338.000061</point>
				<point>995.000000,322.000061</point>
				<point>1000.000000,321.687561</point>
				<point>1001.000000,337.687561</point>
				<point>996.000000,338.000061</point>
			</points>
		</object>
		<object>
			<coordinate>pixel</coordinate>
			<type>rectangle</type>
			<description>None</description>
			<possibleresult>
				<name>Small Car</name>
			</possibleresult>
			<points>
				<point>704.000000,433.000061</point>
				<point>698.389893,436.606567</point>
				<point>689.389893,422.606567</point>
				<point>695.000000,419.000061</point>
				<point>704.000000,433.000061</point>
			</points>
		</object>
		<object>
			<coordinate>pixel</coordinate>
			<type>rectangle</type>
			<description>None</description>
			<possibleresult>
				<name>Small Car</name>
			</possibleresult>
			<points>
				<point>734.094421,420.169800</point>
				<point>729.000061,423.000000</point>
				<point>723.905701,413.830200</point>
				<point>729.000061,411.000000</point>
				<point>734.094421,420.169800</point>
			</points>
		</object>
		<object>
			<coordinate>pixel</coordinate>
			<type>rectangle</type>
			<description>None</description>
			<possibleresult>
				<name>Small Car</name>
			</possibleresult>
			<points>
				<point>728.246094,536.430847</point>
				<point>722.000000,540.000061</point>
				<point>713.753906,525.569275</point>
				<point>720.000000,522.000061</point>
				<point>728.246094,536.430847</point>
			</points>
		</object>
		<object>
			<coordinate>pixel</coordinate>
			<type>rectangle</type>
			<description>None</description>
			<possibleresult>
				<name>Small Car</name>
			</possibleresult>
			<points>
				<point>727.000000,573.000122</point>
				<point>719.768677,575.259888</point>
				<point>714.768677,559.259888</point>
				<point>722.000000,557.000122</point>
				<point>727.000000,573.000122</point>
			</points>
		</object>
		<object>
			<coordinate>pixel</coordinate>
			<type>rectangle</type>
			<description>None</description>
			<possibleresult>
				<name>Dump Truck</name>
			</possibleresult>
			<points>
				<point>748.321289,573.525879</point>
				<point>741.000000,578.000000</point>
				<point>730.000000,560.000000</point>
				<point>737.321289,555.525879</point>
				<point>748.321289,573.525879</point>
			</points>
		</object>
		<object>
			<coordinate>pixel</coordinate>
			<type>rectangle</type>
			<description>None</description>
			<possibleresult>
				<name>Van</name>
			</possibleresult>
			<points>
				<point>884.000122,484.000061</point>
				<point>875.076782,488.164307</point>
				<point>868.000122,473.000061</point>
				<point>876.923462,468.835815</point>
				<point>884.000122,484.000061</point>
			</points>
		</object>
		<object>
			<coordinate>pixel</coordinate>
			<type>rectangle</type>
			<description>None</description>
			<possibleresult>
				<name>Small Car</name>
			</possibleresult>
			<points>
				<point>888.000000,494.000031</point>
				<point>880.000000,498.000031</point>
				<point>875.800049,489.600006</point>
				<point>883.800049,485.600006</point>
				<point>888.000000,494.000031</point>
			</points>
		</object>
		<object>
			<coordinate>pixel</coordinate>
			<type>rectangle</type>
			<description>None</description>
			<possibleresult>
				<name>Small Car</name>
			</possibleresult>
			<points>
				<point>900.400208,554.800110</point>
				<point>894.000183,558.000061</point>
				<point>886.600159,543.200012</point>
				<point>893.000183,540.000061</point>
				<point>900.400208,554.800110</point>
			</points>
		</object>
		<object>
			<coordinate>pixel</coordinate>
			<type>rectangle</type>
			<description>None</description>
			<possibleresult>
				<name>Small Car</name>
			</possibleresult>
			<points>
				<point>968.000061,436.000000</point>
				<point>962.184631,439.323059</point>
				<point>954.000061,425.000000</point>
				<point>959.815491,421.676941</point>
				<point>968.000061,436.000000</point>
			</points>
		</object>
		<object>
			<coordinate>pixel</coordinate>
			<type>rectangle</type>
			<description>None</description>
			<possibleresult>
				<name>Small Car</name>
			</possibleresult>
			<points>
				<point>990.064941,655.101074</point>
				<point>984.000000,659.000000</point>
				<point>974.935059,644.898926</point>
				<point>981.000000,641.000000</point>
				<point>990.064941,655.101074</point>
			</points>
		</object>
		<object>
			<coordinate>pixel</coordinate>
			<type>rectangle</type>
			<description>None</description>
			<possibleresult>
				<name>Small Car</name>
			</possibleresult>
			<points>
				<point>978.400146,639.800049</point>
				<point>972.000122,643.000000</point>
				<point>964.600098,628.199951</point>
				<point>971.000122,625.000000</point>
				<point>978.400146,639.800049</point>
			</points>
		</object>
		<object>
			<coordinate>pixel</coordinate>
			<type>rectangle</type>
			<description>None</description>
			<possibleresult>
				<name>Van</name>
			</possibleresult>
			<points>
				<point>945.294128,718.823425</point>
				<point>939.558777,722.264587</point>
				<point>930.999939,707.999939</point>
				<point>936.735291,704.558777</point>
				<point>945.294128,718.823425</point>
			</points>
		</object>
		<object>
			<coordinate>pixel</coordinate>
			<type>rectangle</type>
			<description>None</description>
			<possibleresult>
				<name>Small Car</name>
			</possibleresult>
			<points>
				<point>929.000061,716.000061</point>
				<point>923.096375,719.179016</point>
				<point>916.000061,706.000061</point>
				<point>921.903748,702.821106</point>
				<point>929.000061,716.000061</point>
			</points>
		</object>
		<object>
			<coordinate>pixel</coordinate>
			<type>rectangle</type>
			<description>None</description>
			<possibleresult>
				<name>Small Car</name>
			</possibleresult>
			<points>
				<point>892.000000,710.000000</point>
				<point>890.095703,716.030273</point>
				<point>871.000000,710.000000</point>
				<point>872.904297,703.969727</point>
				<point>892.000000,710.000000</point>
			</points>
		</object>
		<object>
			<coordinate>pixel</coordinate>
			<type>rectangle</type>
			<description>None</description>
			<possibleresult>
				<name>Small Car</name>
			</possibleresult>
			<points>
				<point>854.000061,743.000061</point>
				<point>846.097351,747.183899</point>
				<point>837.097351,730.183899</point>
				<point>845.000061,726.000061</point>
				<point>854.000061,743.000061</point>
			</points>
		</object>
		<object>
			<coordinate>pixel</coordinate>
			<type>rectangle</type>
			<description>None</description>
			<possibleresult>
				<name>Dump Truck</name>
			</possibleresult>
			<points>
				<point>932.081360,604.978760</point>
				<point>908.999939,611.000000</point>
				<point>906.918518,603.021240</point>
				<point>929.999939,597.000000</point>
				<point>932.081360,604.978760</point>
			</points>
		</object>
		<object>
			<coordinate>pixel</coordinate>
			<type>rectangle</type>
			<description>None</description>
			<possibleresult>
				<name>Small Car</name>
			</possibleresult>
			<points>
				<point>697.000122,719.000061</point>
				<point>675.000122,721.000061</point>
				<point>674.360718,713.967224</point>
				<point>696.360718,711.967224</point>
				<point>697.000122,719.000061</point>
			</points>
		</object>
		<object>
			<coordinate>pixel</coordinate>
			<type>rectangle</type>
			<description>None</description>
			<possibleresult>
				<name>Small Car</name>
			</possibleresult>
			<points>
				<point>698.999939,737.999939</point>
				<point>674.999939,738.999939</point>
				<point>674.707092,731.970520</point>
				<point>698.707092,730.970520</point>
				<point>698.999939,737.999939</point>
			</points>
		</object>
		<object>
			<coordinate>pixel</coordinate>
			<type>rectangle</type>
			<description>None</description>
			<possibleresult>
				<name>Van</name>
			</possibleresult>
			<points>
				<point>696.000000,758.999939</point>
				<point>695.598511,767.029846</point>
				<point>675.000000,765.999939</point>
				<point>675.401489,757.970032</point>
				<point>696.000000,758.999939</point>
			</points>
		</object>
		<object>
			<coordinate>pixel</coordinate>
			<type>rectangle</type>
			<description>None</description>
			<possibleresult>
				<name>Small Car</name>
			</possibleresult>
			<points>
				<point>757.384766,741.923157</point>
				<point>737.000122,746.000061</point>
				<point>735.615479,739.076965</point>
				<point>756.000122,735.000061</point>
				<point>757.384766,741.923157</point>
			</points>
		</object>
		<object>
			<coordinate>pixel</coordinate>
			<type>rectangle</type>
			<description>None</description>
			<possibleresult>
				<name>Van</name>
			</possibleresult>
			<points>
				<point>758.000000,764.000000</point>
				<point>737.000000,764.000000</point>
				<point>737.000000,757.000000</point>
				<point>758.000000,757.000000</point>
				<point>758.000000,764.000000</point>
			</points>
		</object>
		<object>
			<coordinate>pixel</coordinate>
			<type>rectangle</type>
			<description>None</description>
			<possibleresult>
				<name>Van</name>
			</possibleresult>
			<points>
				<point>759.000000,801.000000</point>
				<point>739.000000,801.000000</point>
				<point>739.000000,794.000000</point>
				<point>759.000000,794.000000</point>
				<point>759.000000,801.000000</point>
			</points>
		</object>
		<object>
			<coordinate>pixel</coordinate>
			<type>rectangle</type>
			<description>None</description>
			<possibleresult>
				<name>Small Car</name>
			</possibleresult>
			<points>
				<point>736.031067,840.464722</point>
				<point>728.000061,841.000122</point>
				<point>726.969055,825.535522</point>
				<point>735.000061,825.000122</point>
				<point>736.031067,840.464722</point>
			</points>
		</object>
		<object>
			<coordinate>pixel</coordinate>
			<type>rectangle</type>
			<description>None</description>
			<possibleresult>
				<name>Van</name>
			</possibleresult>
			<points>
				<point>760.000000,843.000000</point>
				<point>752.000000,843.000000</point>
				<point>752.000000,826.000000</point>
				<point>760.000000,826.000000</point>
				<point>760.000000,843.000000</point>
			</points>
		</object>
		<object>
			<coordinate>pixel</coordinate>
			<type>rectangle</type>
			<description>None</description>
			<possibleresult>
				<name>Dump Truck</name>
			</possibleresult>
			<points>
				<point>796.999939,842.000000</point>
				<point>788.968933,842.472412</point>
				<point>787.968933,825.472412</point>
				<point>795.999939,825.000000</point>
				<point>796.999939,842.000000</point>
			</points>
		</object>
		<object>
			<coordinate>pixel</coordinate>
			<type>rectangle</type>
			<description>None</description>
			<possibleresult>
				<name>Small Car</name>
			</possibleresult>
			<points>
				<point>810.000000,845.000000</point>
				<point>801.000000,845.000000</point>
				<point>801.000000,826.000000</point>
				<point>810.000000,826.000000</point>
				<point>810.000000,845.000000</point>
			</points>
		</object>
		<object>
			<coordinate>pixel</coordinate>
			<type>rectangle</type>
			<description>None</description>
			<possibleresult>
				<name>Small Car</name>
			</possibleresult>
			<points>
				<point>735.000000,887.000000</point>
				<point>726.000000,887.000000</point>
				<point>726.000000,868.000000</point>
				<point>735.000000,868.000000</point>
				<point>735.000000,887.000000</point>
			</points>
		</object>
		<object>
			<coordinate>pixel</coordinate>
			<type>rectangle</type>
			<description>None</description>
			<possibleresult>
				<name>Small Car</name>
			</possibleresult>
			<points>
				<point>758.000000,887.000000</point>
				<point>749.000000,887.000000</point>
				<point>749.000000,872.000000</point>
				<point>758.000000,872.000000</point>
				<point>758.000000,887.000000</point>
			</points>
		</object>
		<object>
			<coordinate>pixel</coordinate>
			<type>rectangle</type>
			<description>None</description>
			<possibleresult>
				<name>Van</name>
			</possibleresult>
			<points>
				<point>771.026611,872.601807</point>
				<point>770.000122,888.000000</point>
				<point>760.973633,887.398193</point>
				<point>762.000122,872.000000</point>
				<point>771.026611,872.601807</point>
			</points>
		</object>
		<object>
			<coordinate>pixel</coordinate>
			<type>rectangle</type>
			<description>None</description>
			<possibleresult>
				<name>Small Car</name>
			</possibleresult>
			<points>
				<point>784.000000,887.000000</point>
				<point>775.000000,887.000000</point>
				<point>775.000000,871.000000</point>
				<point>784.000000,871.000000</point>
				<point>784.000000,887.000000</point>
			</points>
		</object>
		<object>
			<coordinate>pixel</coordinate>
			<type>rectangle</type>
			<description>None</description>
			<possibleresult>
				<name>Van</name>
			</possibleresult>
			<points>
				<point>795.027649,887.524902</point>
				<point>786.000061,888.000000</point>
				<point>784.972473,868.475098</point>
				<point>794.000061,868.000000</point>
				<point>795.027649,887.524902</point>
			</points>
		</object>
		<object>
			<coordinate>pixel</coordinate>
			<type>rectangle</type>
			<description>None</description>
			<possibleresult>
				<name>Small Car</name>
			</possibleresult>
			<points>
				<point>807.000122,872.000122</point>
				<point>805.960327,887.597412</point>
				<point>797.000122,887.000122</point>
				<point>798.039917,871.402832</point>
				<point>807.000122,872.000122</point>
			</points>
		</object>
		<object>
			<coordinate>pixel</coordinate>
			<type>rectangle</type>
			<description>None</description>
			<possibleresult>
				<name>Small Car</name>
			</possibleresult>
			<points>
				<point>836.027283,840.435852</point>
				<point>827.000061,841.000061</point>
				<point>825.972839,824.564270</point>
				<point>835.000061,824.000061</point>
				<point>836.027283,840.435852</point>
			</points>
		</object>
		<object>
			<coordinate>pixel</coordinate>
			<type>rectangle</type>
			<description>None</description>
			<possibleresult>
				<name>Small Car</name>
			</possibleresult>
			<points>
				<point>848.000000,840.000122</point>
				<point>840.035400,840.531128</point>
				<point>839.000000,825.000122</point>
				<point>846.964600,824.469116</point>
				<point>848.000000,840.000122</point>
			</points>
		</object>
		<object>
			<coordinate>pixel</coordinate>
			<type>rectangle</type>
			<description>None</description>
			<possibleresult>
				<name>Van</name>
			</possibleresult>
			<points>
				<point>860.000000,842.000000</point>
				<point>851.000000,842.000000</point>
				<point>851.000000,825.000000</point>
				<point>860.000000,825.000000</point>
				<point>860.000000,842.000000</point>
			</points>
		</object>
		<object>
			<coordinate>pixel</coordinate>
			<type>rectangle</type>
			<description>None</description>
			<possibleresult>
				<name>Small Car</name>
			</possibleresult>
			<points>
				<point>871.000000,841.000000</point>
				<point>862.000000,841.000000</point>
				<point>862.000000,826.000000</point>
				<point>871.000000,826.000000</point>
				<point>871.000000,841.000000</point>
			</points>
		</object>
		<object>
			<coordinate>pixel</coordinate>
			<type>rectangle</type>
			<description>None</description>
			<possibleresult>
				<name>Van</name>
			</possibleresult>
			<points>
				<point>885.000000,842.000000</point>
				<point>875.000000,842.000000</point>
				<point>875.000000,825.000000</point>
				<point>885.000000,825.000000</point>
				<point>885.000000,842.000000</point>
			</points>
		</object>
		<object>
			<coordinate>pixel</coordinate>
			<type>rectangle</type>
			<description>None</description>
			<possibleresult>
				<name>Van</name>
			</possibleresult>
			<points>
				<point>897.027710,841.498413</point>
				<point>888.000000,842.000000</point>
				<point>887.000000,824.000000</point>
				<point>896.027710,823.498413</point>
				<point>897.027710,841.498413</point>
			</points>
		</object>
		<object>
			<coordinate>pixel</coordinate>
			<type>rectangle</type>
			<description>None</description>
			<possibleresult>
				<name>Van</name>
			</possibleresult>
			<points>
				<point>910.027710,840.469055</point>
				<point>901.000122,841.000061</point>
				<point>899.972534,823.531067</point>
				<point>909.000122,823.000061</point>
				<point>910.027710,840.469055</point>
			</points>
		</object>
		<object>
			<coordinate>pixel</coordinate>
			<type>rectangle</type>
			<description>None</description>
			<possibleresult>
				<name>Van</name>
			</possibleresult>
			<points>
				<point>933.000000,841.000000</point>
				<point>926.000000,841.000000</point>
				<point>926.000000,826.000000</point>
				<point>933.000000,826.000000</point>
				<point>933.000000,841.000000</point>
			</points>
		</object>
		<object>
			<coordinate>pixel</coordinate>
			<type>rectangle</type>
			<description>None</description>
			<possibleresult>
				<name>Small Car</name>
			</possibleresult>
			<points>
				<point>845.400879,894.140320</point>
				<point>843.000000,901.000061</point>
				<point>822.599121,893.859802</point>
				<point>825.000000,887.000061</point>
				<point>845.400879,894.140320</point>
			</points>
		</object>
		<object>
			<coordinate>pixel</coordinate>
			<type>rectangle</type>
			<description>None</description>
			<possibleresult>
				<name>Small Car</name>
			</possibleresult>
			<points>
				<point>824.089111,936.031189</point>
				<point>822.000000,942.000061</point>
				<point>801.910889,934.968933</point>
				<point>804.000000,929.000061</point>
				<point>824.089111,936.031189</point>
			</points>
		</object>
		<object>
			<coordinate>pixel</coordinate>
			<type>rectangle</type>
			<description>None</description>
			<possibleresult>
				<name>Van</name>
			</possibleresult>
			<points>
				<point>813.000000,942.000061</point>
				<point>811.235352,949.058899</point>
				<point>791.235352,944.058899</point>
				<point>793.000000,937.000061</point>
				<point>813.000000,942.000061</point>
			</points>
		</object>
		<object>
			<coordinate>pixel</coordinate>
			<type>rectangle</type>
			<description>None</description>
			<possibleresult>
				<name>Small Car</name>
			</possibleresult>
			<points>
				<point>811.089172,953.031189</point>
				<point>809.000061,959.000061</point>
				<point>788.910950,951.968933</point>
				<point>791.000061,946.000061</point>
				<point>811.089172,953.031189</point>
			</points>
		</object>
		<object>
			<coordinate>pixel</coordinate>
			<type>rectangle</type>
			<description>None</description>
			<possibleresult>
				<name>Small Car</name>
			</possibleresult>
			<points>
				<point>803.170898,959.053345</point>
				<point>801.000122,966.000000</point>
				<point>784.715454,960.911011</point>
				<point>786.886230,953.964355</point>
				<point>803.170898,959.053345</point>
			</points>
		</object>
		<object>
			<coordinate>pixel</coordinate>
			<type>rectangle</type>
			<description>None</description>
			<possibleresult>
				<name>Small Car</name>
			</possibleresult>
			<points>
				<point>801.000000,968.000000</point>
				<point>799.000000,975.000000</point>
				<point>778.000000,969.000000</point>
				<point>780.000000,962.000000</point>
				<point>801.000000,968.000000</point>
			</points>
		</object>
		<object>
			<coordinate>pixel</coordinate>
			<type>rectangle</type>
			<description>None</description>
			<possibleresult>
				<name>Small Car</name>
			</possibleresult>
			<points>
				<point>797.684631,975.924927</point>
				<point>796.000061,983.000000</point>
				<point>775.000061,978.000000</point>
				<point>776.684631,970.924927</point>
				<point>797.684631,975.924927</point>
			</points>
		</object>
		<object>
			<coordinate>pixel</coordinate>
			<type>rectangle</type>
			<description>None</description>
			<possibleresult>
				<name>Small Car</name>
			</possibleresult>
			<points>
				<point>994.390320,838.512207</point>
				<point>990.390320,843.512207</point>
				<point>976.000061,832.000000</point>
				<point>980.000061,827.000000</point>
				<point>994.390320,838.512207</point>
			</points>
		</object>
		<object>
			<coordinate>pixel</coordinate>
			<type>rectangle</type>
			<description>None</description>
			<possibleresult>
				<name>Small Car</name>
			</possibleresult>
			<points>
				<point>1000.000000,829.066589</point>
				<point>1000.000000,837.454834</point>
				<point>999.390320,838.286194</point>
				<point>984.390320,827.286194</point>
				<point>1000.000000,829.066589</point>
			</points>
		</object>
		<object>
			<coordinate>pixel</coordinate>
			<type>rectangle</type>
			<description>None</description>
			<possibleresult>
				<name>Van</name>
			</possibleresult>
			<points>
				<point>919.000122,881.000122</point>
				<point>916.412842,889.131470</point>
				<point>894.412842,882.131470</point>
				<point>897.000122,874.000122</point>
				<point>919.000122,881.000122</point>
			</points>
		</object>
		<object>
			<coordinate>pixel</coordinate>
			<type>rectangle</type>
			<description>None</description>
			<possibleresult>
				<name>Small Car</name>
			</possibleresult>
			<points>
				<point>914.000000,891.000122</point>
				<point>912.000000,897.000122</point>
				<point>891.000000,890.000122</point>
				<point>893.000000,884.000122</point>
				<point>914.000000,891.000122</point>
			</points>
		</object>
		<object>
			<coordinate>pixel</coordinate>
			<type>rectangle</type>
			<description>None</description>
			<possibleresult>
				<name>Small Car</name>
			</possibleresult>
			<points>
				<point>903.547974,897.205444</point>
				<point>901.000000,904.000000</point>
				<point>885.000000,898.000000</point>
				<point>887.547974,891.205444</point>
				<point>903.547974,897.205444</point>
			</points>
		</object>
		<object>
			<coordinate>pixel</coordinate>
			<type>rectangle</type>
			<description>None</description>
			<possibleresult>
				<name>Dump Truck</name>
			</possibleresult>
			<points>
				<point>905.000000,907.000122</point>
				<point>902.399170,915.127808</point>
				<point>877.399170,907.127808</point>
				<point>880.000000,899.000122</point>
				<point>905.000000,907.000122</point>
			</points>
		</object>
		<object>
			<coordinate>pixel</coordinate>
			<type>rectangle</type>
			<description>None</description>
			<possibleresult>
				<name>Small Car</name>
			</possibleresult>
			<points>
				<point>900.000000,916.000000</point>
				<point>898.095703,922.030273</point>
				<point>879.000000,916.000000</point>
				<point>880.904297,909.969727</point>
				<point>900.000000,916.000000</point>
			</points>
		</object>
		<object>
			<coordinate>pixel</coordinate>
			<type>rectangle</type>
			<description>None</description>
			<possibleresult>
				<name>Small Car</name>
			</possibleresult>
			<points>
				<point>894.000122,923.000061</point>
				<point>892.000122,930.000061</point>
				<point>873.773682,924.792542</point>
				<point>875.773682,917.792542</point>
				<point>894.000122,923.000061</point>
			</points>
		</object>
		<object>
			<coordinate>pixel</coordinate>
			<type>rectangle</type>
			<description>None</description>
			<possibleresult>
				<name>Van</name>
			</possibleresult>
			<points>
				<point>887.000122,936.000061</point>
				<point>884.600098,943.200012</point>
				<point>863.900146,936.299988</point>
				<point>866.300171,929.100037</point>
				<point>887.000122,936.000061</point>
			</points>
		</object>
		<object>
			<coordinate>pixel</coordinate>
			<type>rectangle</type>
			<description>None</description>
			<possibleresult>
				<name>Small Car</name>
			</possibleresult>
			<points>
				<point>882.000122,945.000000</point>
				<point>879.000122,953.000000</point>
				<point>860.917969,946.219238</point>
				<point>863.917969,938.219238</point>
				<point>882.000122,945.000000</point>
			</points>
		</object>
		<object>
			<coordinate>pixel</coordinate>
			<type>rectangle</type>
			<description>None</description>
			<possibleresult>
				<name>Small Car</name>
			</possibleresult>
			<points>
				<point>878.366943,953.110168</point>
				<point>876.000000,961.000061</point>
				<point>855.633057,954.889954</point>
				<point>858.000000,947.000061</point>
				<point>878.366943,953.110168</point>
			</points>
		</object>
		<object>
			<coordinate>pixel</coordinate>
			<type>rectangle</type>
			<description>None</description>
			<possibleresult>
				<name>Dump Truck</name>
			</possibleresult>
			<points>
				<point>872.089111,962.031128</point>
				<point>870.000000,968.000000</point>
				<point>849.910889,960.968872</point>
				<point>852.000000,955.000000</point>
				<point>872.089111,962.031128</point>
			</points>
		</object>
		<object>
			<coordinate>pixel</coordinate>
			<type>rectangle</type>
			<description>None</description>
			<possibleresult>
				<name>Small Car</name>
			</possibleresult>
			<points>
				<point>867.509827,970.187744</point>
				<point>865.000061,977.000000</point>
				<point>846.000061,970.000000</point>
				<point>848.509827,963.187744</point>
				<point>867.509827,970.187744</point>
			</points>
		</object>
		<object>
			<coordinate>pixel</coordinate>
			<type>rectangle</type>
			<description>None</description>
			<possibleresult>
				<name>Small Car</name>
			</possibleresult>
			<points>
				<point>862.708862,978.889160</point>
				<point>860.000000,986.000000</point>
				<point>839.000000,978.000000</point>
				<point>841.708862,970.889160</point>
				<point>862.708862,978.889160</point>
			</points>
		</object>
		<object>
			<coordinate>pixel</coordinate>
			<type>rectangle</type>
			<description>None</description>
			<possibleresult>
				<name>Van</name>
			</possibleresult>
			<points>
				<point>855.000000,986.000000</point>
				<point>852.046387,994.017090</point>
				<point>833.000000,987.000000</point>
				<point>835.953613,978.982910</point>
				<point>855.000000,986.000000</point>
			</points>
		</object>
		<object>
			<coordinate>pixel</coordinate>
			<type>rectangle</type>
			<description>None</description>
			<possibleresult>
				<name>Small Car</name>
			</possibleresult>
			<points>
				<point>828.142822,1000.000000</point>
				<point>828.142822,997.924561</point>
				<point>836.000000,997.924561</point>
				<point>836.000000,1000.000000</point>
				<point>828.142822,1000.000000</point>
			</points>
		</object>
		<object>
			<coordinate>pixel</coordinate>
			<type>rectangle</type>
			<description>None</description>
			<possibleresult>
				<name>Small Car</name>
			</possibleresult>
			<points>
				<point>943.000122,889.000000</point>
				<point>940.504761,896.842407</point>
				<point>918.504761,889.842407</point>
				<point>921.000122,882.000000</point>
				<point>943.000122,889.000000</point>
			</points>
		</object>
		<object>
			<coordinate>pixel</coordinate>
			<type>rectangle</type>
			<description>None</description>
			<possibleresult>
				<name>Small Car</name>
			</possibleresult>
			<points>
				<point>935.509766,897.187683</point>
				<point>933.000000,903.999939</point>
				<point>913.490234,896.812195</point>
				<point>916.000000,889.999939</point>
				<point>935.509766,897.187683</point>
			</points>
		</object>
		<object>
			<coordinate>pixel</coordinate>
			<type>rectangle</type>
			<description>None</description>
			<possibleresult>
				<name>Van</name>
			</possibleresult>
			<points>
				<point>932.000122,907.000122</point>
				<point>929.000122,913.000122</point>
				<point>911.000122,904.000122</point>
				<point>914.000122,898.000122</point>
				<point>932.000122,907.000122</point>
			</points>
		</object>
		<object>
			<coordinate>pixel</coordinate>
			<type>rectangle</type>
			<description>None</description>
			<possibleresult>
				<name>Small Car</name>
			</possibleresult>
			<points>
				<point>927.000000,914.000000</point>
				<point>925.183472,920.055054</point>
				<point>905.000000,914.000000</point>
				<point>906.816528,907.944946</point>
				<point>927.000000,914.000000</point>
			</points>
		</object>
		<object>
			<coordinate>pixel</coordinate>
			<type>rectangle</type>
			<description>None</description>
			<possibleresult>
				<name>Small Car</name>
			</possibleresult>
			<points>
				<point>923.089233,923.031189</point>
				<point>921.000122,929.000061</point>
				<point>900.911011,921.968933</point>
				<point>903.000122,916.000061</point>
				<point>923.089233,923.031189</point>
			</points>
		</object>
		<object>
			<coordinate>pixel</coordinate>
			<type>rectangle</type>
			<description>None</description>
			<possibleresult>
				<name>Van</name>
			</possibleresult>
			<points>
				<point>914.418579,929.147766</point>
				<point>912.000122,936.000061</point>
				<point>894.581665,929.852356</point>
				<point>897.000122,923.000061</point>
				<point>914.418579,929.147766</point>
			</points>
		</object>
		<object>
			<coordinate>pixel</coordinate>
			<type>rectangle</type>
			<description>None</description>
			<possibleresult>
				<name>Dump Truck</name>
			</possibleresult>
			<points>
				<point>912.000000,943.000000</point>
				<point>908.547974,952.205444</point>
				<point>884.547974,943.205444</point>
				<point>888.000000,934.000000</point>
				<point>912.000000,943.000000</point>
			</points>
		</object>
		<object>
			<coordinate>pixel</coordinate>
			<type>rectangle</type>
			<description>None</description>
			<possibleresult>
				<name>Dump Truck</name>
			</possibleresult>
			<points>
				<point>905.400146,951.800171</point>
				<point>903.000122,959.000122</point>
				<point>882.000122,952.000122</point>
				<point>884.400146,944.800171</point>
				<point>905.400146,951.800171</point>
			</points>
		</object>
		<object>
			<coordinate>pixel</coordinate>
			<type>rectangle</type>
			<description>None</description>
			<possibleresult>
				<name>Small Car</name>
			</possibleresult>
			<points>
				<point>901.160461,962.058411</point>
				<point>898.999939,968.000061</point>
				<point>876.839417,959.941711</point>
				<point>878.999939,954.000061</point>
				<point>901.160461,962.058411</point>
			</points>
		</object>
		<object>
			<coordinate>pixel</coordinate>
			<type>rectangle</type>
			<description>None</description>
			<possibleresult>
				<name>Van</name>
			</possibleresult>
			<points>
				<point>896.000061,970.000122</point>
				<point>893.801819,976.280762</point>
				<point>873.000061,969.000122</point>
				<point>875.198303,962.719482</point>
				<point>896.000061,970.000122</point>
			</points>
		</object>
		<object>
			<coordinate>pixel</coordinate>
			<type>rectangle</type>
			<description>None</description>
			<possibleresult>
				<name>Small Car</name>
			</possibleresult>
			<points>
				<point>891.000122,978.000000</point>
				<point>889.183594,984.055054</point>
				<point>869.000122,978.000000</point>
				<point>870.816650,971.944946</point>
				<point>891.000122,978.000000</point>
			</points>
		</object>
		<object>
			<coordinate>pixel</coordinate>
			<type>rectangle</type>
			<description>None</description>
			<possibleresult>
				<name>Van</name>
			</possibleresult>
			<points>
				<point>884.089111,986.031067</point>
				<point>882.000000,991.999939</point>
				<point>861.910889,984.968811</point>
				<point>864.000000,978.999939</point>
				<point>884.089111,986.031067</point>
			</points>
		</object>
		<object>
			<coordinate>pixel</coordinate>
			<type>rectangle</type>
			<description>None</description>
			<possibleresult>
				<name>Van</name>
			</possibleresult>
			<points>
				<point>902.636353,1000.000000</point>
				<point>902.636353,1000.000000</point>
				<point>902.636353,1000.000000</point>
				<point>902.636353,1000.000000</point>
				<point>902.636353,1000.000000</point>
			</points>
		</object>
		<object>
			<coordinate>pixel</coordinate>
			<type>rectangle</type>
			<description>None</description>
			<possibleresult>
				<name>Intersection</name>
			</possibleresult>
			<points>
				<point>182.000000,653.000061</point>
				<point>181.136292,691.003113</point>
				<point>137.000000,690.000061</point>
				<point>137.863708,651.997009</point>
				<point>182.000000,653.000061</point>
			</points>
		</object>
		<object>
			<coordinate>pixel</coordinate>
			<type>rectangle</type>
			<description>None</description>
			<possibleresult>
				<name>Intersection</name>
			</possibleresult>
			<points>
				<point>654.999939,686.999939</point>
				<point>593.999939,686.999939</point>
				<point>593.999939,634.999939</point>
				<point>654.999939,634.999939</point>
				<point>654.999939,686.999939</point>
			</points>
		</object>
		<object>
			<coordinate>pixel</coordinate>
			<type>rectangle</type>
			<description>None</description>
			<possibleresult>
				<name>Bus</name>
			</possibleresult>
			<points>
				<point>918.000061,765.000000</point>
				<point>873.824036,773.031982</point>
				<point>872.000061,763.000000</point>
				<point>916.176086,754.968018</point>
				<point>918.000061,765.000000</point>
			</points>
		</object>
		<object>
			<coordinate>pixel</coordinate>
			<type>rectangle</type>
			<description>None</description>
			<possibleresult>
				<name>Van</name>
			</possibleresult>
			<points>
				<point>311.041595,833.015991</point>
				<point>308.000031,841.000122</point>
				<point>286.958466,832.984253</point>
				<point>290.000031,825.000122</point>
				<point>311.041595,833.015991</point>
			</points>
		</object>
		<object>
			<coordinate>pixel</coordinate>
			<type>rectangle</type>
			<description>None</description>
			<possibleresult>
				<name>Intersection</name>
			</possibleresult>
			<points>
				<point>194.272797,195.992630</point>
				<point>194.000015,222.999985</point>
				<point>94.999992,221.999985</point>
				<point>95.272781,194.992630</point>
				<point>194.272797,195.992630</point>
			</points>
		</object>
		<object>
			<coordinate>pixel</coordinate>
			<type>rectangle</type>
			<description>None</description>
			<possibleresult>
				<name>Van</name>
			</possibleresult>
			<points>
				<point>55.000000,218.000000</point>
				<point>42.000000,218.000000</point>
				<point>42.000000,211.000000</point>
				<point>55.000000,211.000000</point>
				<point>55.000000,218.000000</point>
			</points>
		</object>
	</objects>
</annotation>