<?xml version="1.0" encoding="utf-8"?>
<annotation>
	<source>
		<filename>1185.tif</filename>
		<origin>GF2/GF3</origin>
	</source>
	<research>
		<version>1.0</version>
		<provider>FAIR1M</provider>
		<author>Cyber</author>
		<pluginname>FAIR1M</pluginname>
		<pluginclass>object detection</pluginclass>
		<time>2021-03</time>
	</research>
	<size>
		<width>1000</width>
		<height>1000</height>
		<depth>3</depth>
	</size>
	<objects>
		<object>
			<coordinate>pixel</coordinate>
			<type>rectangle</type>
			<description>None</description>
			<possibleresult>
				<name>Intersection</name>
			</possibleresult>
			<points>
				<point>211.000000,56.000000</point>
				<point>185.512726,98.308868</point>
				<point>102.512726,48.308876</point>
				<point>128.000000,6.000008</point>
				<point>211.000000,56.000000</point>
			</points>
		</object>
		<object>
			<coordinate>pixel</coordinate>
			<type>rectangle</type>
			<description>None</description>
			<possibleresult>
				<name>Intersection</name>
			</possibleresult>
			<points>
				<point>125.269669,204.168549</point>
				<point>91.000008,259.000000</point>
				<point>10.550566,208.719086</point>
				<point>44.820229,153.887634</point>
				<point>125.269669,204.168549</point>
			</points>
		</object>
		<object>
			<coordinate>pixel</coordinate>
			<type>rectangle</type>
			<description>None</description>
			<possibleresult>
				<name>Intersection</name>
			</possibleresult>
			<points>
				<point>745.127014,625.016357</point>
				<point>743.063538,641.008179</point>
				<point>711.936584,636.991821</point>
				<point>714.000061,621.000000</point>
				<point>745.127014,625.016357</point>
			</points>
		</object>
		<object>
			<coordinate>pixel</coordinate>
			<type>rectangle</type>
			<description>None</description>
			<possibleresult>
				<name>Intersection</name>
			</possibleresult>
			<points>
				<point>718.999939,455.000000</point>
				<point>695.994202,458.966492</point>
				<point>690.994202,429.966492</point>
				<point>713.999939,426.000000</point>
				<point>718.999939,455.000000</point>
			</points>
		</object>
		<object>
			<coordinate>pixel</coordinate>
			<type>rectangle</type>
			<description>None</description>
			<possibleresult>
				<name>Intersection</name>
			</possibleresult>
			<points>
				<point>718.020264,839.874390</point>
				<point>713.000000,871.000122</point>
				<point>688.979736,867.125854</point>
				<point>694.000000,836.000122</point>
				<point>718.020264,839.874390</point>
			</points>
		</object>
		<object>
			<coordinate>pixel</coordinate>
			<type>rectangle</type>
			<description>None</description>
			<possibleresult>
				<name>Van</name>
			</possibleresult>
			<points>
				<point>14.812286,40.095562</point>
				<point>14.000000,46.999996</point>
				<point>0.000000,45.352936</point>
				<point>0.000000,38.352940</point>
				<point>14.812286,40.095562</point>
			</points>
		</object>
		<object>
			<coordinate>pixel</coordinate>
			<type>rectangle</type>
			<description>None</description>
			<possibleresult>
				<name>Small Car</name>
			</possibleresult>
			<points>
				<point>42.000000,74.000015</point>
				<point>26.000004,81.000015</point>
				<point>23.314756,74.862305</point>
				<point>39.314754,67.862305</point>
				<point>42.000000,74.000015</point>
			</points>
		</object>
		<object>
			<coordinate>pixel</coordinate>
			<type>rectangle</type>
			<description>None</description>
			<possibleresult>
				<name>Small Car</name>
			</possibleresult>
			<points>
				<point>45.721649,62.123711</point>
				<point>27.721649,70.123711</point>
				<point>25.000000,64.000000</point>
				<point>43.000000,56.000000</point>
				<point>45.721649,62.123711</point>
			</points>
		</object>
		<object>
			<coordinate>pixel</coordinate>
			<type>rectangle</type>
			<description>None</description>
			<possibleresult>
				<name>Small Car</name>
			</possibleresult>
			<points>
				<point>104.999992,281.000031</point>
				<point>104.065498,288.008759</point>
				<point>88.999992,286.000031</point>
				<point>89.934486,278.991302</point>
				<point>104.999992,281.000031</point>
			</points>
		</object>
		<object>
			<coordinate>pixel</coordinate>
			<type>rectangle</type>
			<description>None</description>
			<possibleresult>
				<name>Van</name>
			</possibleresult>
			<points>
				<point>108.351738,273.020691</point>
				<point>108.000008,279.000000</point>
				<point>90.648277,277.979309</point>
				<point>91.000008,272.000000</point>
				<point>108.351738,273.020691</point>
			</points>
		</object>
		<object>
			<coordinate>pixel</coordinate>
			<type>rectangle</type>
			<description>None</description>
			<possibleresult>
				<name>Van</name>
			</possibleresult>
			<points>
				<point>108.000000,260.000000</point>
				<point>102.000000,260.000000</point>
				<point>102.000000,249.000000</point>
				<point>108.000000,249.000000</point>
				<point>108.000000,260.000000</point>
			</points>
		</object>
		<object>
			<coordinate>pixel</coordinate>
			<type>rectangle</type>
			<description>None</description>
			<possibleresult>
				<name>Small Car</name>
			</possibleresult>
			<points>
				<point>142.000000,256.000000</point>
				<point>121.000000,257.000000</point>
				<point>120.665161,249.968338</point>
				<point>141.665161,248.968353</point>
				<point>142.000000,256.000000</point>
			</points>
		</object>
		<object>
			<coordinate>pixel</coordinate>
			<type>rectangle</type>
			<description>None</description>
			<possibleresult>
				<name>Van</name>
			</possibleresult>
			<points>
				<point>140.367401,246.980667</point>
				<point>121.000000,248.000015</point>
				<point>120.632599,241.019363</point>
				<point>140.000000,240.000015</point>
				<point>140.367401,246.980667</point>
			</points>
		</object>
		<object>
			<coordinate>pixel</coordinate>
			<type>rectangle</type>
			<description>None</description>
			<possibleresult>
				<name>Van</name>
			</possibleresult>
			<points>
				<point>73.036278,192.937836</point>
				<point>66.000008,205.000000</point>
				<point>60.963737,202.062164</point>
				<point>68.000008,190.000000</point>
				<point>73.036278,192.937836</point>
			</points>
		</object>
		<object>
			<coordinate>pixel</coordinate>
			<type>rectangle</type>
			<description>None</description>
			<possibleresult>
				<name>Small Car</name>
			</possibleresult>
			<points>
				<point>83.000008,173.999985</point>
				<point>75.000008,186.999985</point>
				<point>69.309013,183.497849</point>
				<point>77.309013,170.497849</point>
				<point>83.000008,173.999985</point>
			</points>
		</object>
		<object>
			<coordinate>pixel</coordinate>
			<type>rectangle</type>
			<description>None</description>
			<possibleresult>
				<name>Small Car</name>
			</possibleresult>
			<points>
				<point>97.353851,148.630783</point>
				<point>88.000000,165.000015</point>
				<point>81.000000,161.000015</point>
				<point>90.353851,144.630783</point>
				<point>97.353851,148.630783</point>
			</points>
		</object>
		<object>
			<coordinate>pixel</coordinate>
			<type>rectangle</type>
			<description>None</description>
			<possibleresult>
				<name>Small Car</name>
			</possibleresult>
			<points>
				<point>238.033859,201.609222</point>
				<point>231.000015,202.000000</point>
				<point>230.000015,184.000000</point>
				<point>237.033859,183.609222</point>
				<point>238.033859,201.609222</point>
			</points>
		</object>
		<object>
			<coordinate>pixel</coordinate>
			<type>rectangle</type>
			<description>None</description>
			<possibleresult>
				<name>Small Car</name>
			</possibleresult>
			<points>
				<point>228.034119,201.290100</point>
				<point>222.000000,202.000000</point>
				<point>220.000000,185.000000</point>
				<point>226.034119,184.290100</point>
				<point>228.034119,201.290100</point>
			</points>
		</object>
		<object>
			<coordinate>pixel</coordinate>
			<type>rectangle</type>
			<description>None</description>
			<possibleresult>
				<name>Small Car</name>
			</possibleresult>
			<points>
				<point>104.431458,100.930336</point>
				<point>93.431458,118.930336</point>
				<point>87.000000,114.999992</point>
				<point>98.000000,96.999992</point>
				<point>104.431458,100.930336</point>
			</points>
		</object>
		<object>
			<coordinate>pixel</coordinate>
			<type>rectangle</type>
			<description>None</description>
			<possibleresult>
				<name>Small Car</name>
			</possibleresult>
			<points>
				<point>113.000008,103.000000</point>
				<point>104.753853,117.430771</point>
				<point>97.753853,113.430771</point>
				<point>106.000008,99.000000</point>
				<point>113.000008,103.000000</point>
			</points>
		</object>
		<object>
			<coordinate>pixel</coordinate>
			<type>rectangle</type>
			<description>None</description>
			<possibleresult>
				<name>Van</name>
			</possibleresult>
			<points>
				<point>109.471489,127.191711</point>
				<point>101.999992,140.000000</point>
				<point>96.528496,136.808289</point>
				<point>103.999992,124.000000</point>
				<point>109.471489,127.191711</point>
			</points>
		</object>
		<object>
			<coordinate>pixel</coordinate>
			<type>rectangle</type>
			<description>None</description>
			<possibleresult>
				<name>Small Car</name>
			</possibleresult>
			<points>
				<point>121.026703,107.952515</point>
				<point>112.000000,124.000000</point>
				<point>104.973297,120.047485</point>
				<point>114.000000,104.000000</point>
				<point>121.026703,107.952515</point>
			</points>
		</object>
		<object>
			<coordinate>pixel</coordinate>
			<type>rectangle</type>
			<description>None</description>
			<possibleresult>
				<name>Small Car</name>
			</possibleresult>
			<points>
				<point>134.137329,88.776810</point>
				<point>125.999992,101.999985</point>
				<point>119.862648,98.223160</point>
				<point>127.999992,84.999985</point>
				<point>134.137329,88.776810</point>
			</points>
		</object>
		<object>
			<coordinate>pixel</coordinate>
			<type>rectangle</type>
			<description>None</description>
			<possibleresult>
				<name>Van</name>
			</possibleresult>
			<points>
				<point>328.969055,144.464615</point>
				<point>327.969055,159.464615</point>
				<point>321.000000,159.000015</point>
				<point>322.000000,144.000015</point>
				<point>328.969055,144.464615</point>
			</points>
		</object>
		<object>
			<coordinate>pixel</coordinate>
			<type>rectangle</type>
			<description>None</description>
			<possibleresult>
				<name>Small Car</name>
			</possibleresult>
			<points>
				<point>339.000000,142.000000</point>
				<point>337.964722,155.458832</point>
				<point>332.000000,155.000000</point>
				<point>333.035278,141.541168</point>
				<point>339.000000,142.000000</point>
			</points>
		</object>
		<object>
			<coordinate>pixel</coordinate>
			<type>rectangle</type>
			<description>None</description>
			<possibleresult>
				<name>Small Car</name>
			</possibleresult>
			<points>
				<point>348.000000,155.000000</point>
				<point>343.000000,155.000000</point>
				<point>343.000000,142.000000</point>
				<point>348.000000,142.000000</point>
				<point>348.000000,155.000000</point>
			</points>
		</object>
		<object>
			<coordinate>pixel</coordinate>
			<type>rectangle</type>
			<description>None</description>
			<possibleresult>
				<name>Small Car</name>
			</possibleresult>
			<points>
				<point>181.250000,4.000008</point>
				<point>172.000000,4.000008</point>
				<point>172.000000,0.000000</point>
				<point>181.250000,0.000000</point>
				<point>181.250000,4.000008</point>
			</points>
		</object>
		<object>
			<coordinate>pixel</coordinate>
			<type>rectangle</type>
			<description>None</description>
			<possibleresult>
				<name>Dump Truck</name>
			</possibleresult>
			<points>
				<point>201.000000,5.999996</point>
				<point>191.000000,23.000000</point>
				<point>183.614380,18.655525</point>
				<point>193.614380,1.655521</point>
				<point>201.000000,5.999996</point>
			</points>
		</object>
		<object>
			<coordinate>pixel</coordinate>
			<type>rectangle</type>
			<description>None</description>
			<possibleresult>
				<name>Van</name>
			</possibleresult>
			<points>
				<point>287.000000,981.000000</point>
				<point>279.000000,981.000000</point>
				<point>279.000000,967.000000</point>
				<point>287.000000,967.000000</point>
				<point>287.000000,981.000000</point>
			</points>
		</object>
		<object>
			<coordinate>pixel</coordinate>
			<type>rectangle</type>
			<description>None</description>
			<possibleresult>
				<name>Van</name>
			</possibleresult>
			<points>
				<point>333.102753,944.016235</point>
				<point>332.000031,951.000000</point>
				<point>312.897308,947.983765</point>
				<point>314.000031,941.000000</point>
				<point>333.102753,944.016235</point>
			</points>
		</object>
		<object>
			<coordinate>pixel</coordinate>
			<type>rectangle</type>
			<description>None</description>
			<possibleresult>
				<name>Small Car</name>
			</possibleresult>
			<points>
				<point>334.370148,934.966797</point>
				<point>333.999969,942.000000</point>
				<point>314.999969,941.000000</point>
				<point>315.370148,933.966797</point>
				<point>334.370148,934.966797</point>
			</points>
		</object>
		<object>
			<coordinate>pixel</coordinate>
			<type>rectangle</type>
			<description>None</description>
			<possibleresult>
				<name>Van</name>
			</possibleresult>
			<points>
				<point>264.000000,745.000000</point>
				<point>256.000000,745.000000</point>
				<point>256.000000,730.000000</point>
				<point>264.000000,730.000000</point>
				<point>264.000000,745.000000</point>
			</points>
		</object>
		<object>
			<coordinate>pixel</coordinate>
			<type>rectangle</type>
			<description>None</description>
			<possibleresult>
				<name>Van</name>
			</possibleresult>
			<points>
				<point>254.000000,729.000000</point>
				<point>252.000000,743.000000</point>
				<point>245.000000,742.000000</point>
				<point>247.000000,728.000000</point>
				<point>254.000000,729.000000</point>
			</points>
		</object>
		<object>
			<coordinate>pixel</coordinate>
			<type>rectangle</type>
			<description>None</description>
			<possibleresult>
				<name>Small Car</name>
			</possibleresult>
			<points>
				<point>246.139984,725.019958</point>
				<point>243.999969,739.999939</point>
				<point>235.879974,738.839905</point>
				<point>238.019989,723.859924</point>
				<point>246.139984,725.019958</point>
			</points>
		</object>
		<object>
			<coordinate>pixel</coordinate>
			<type>rectangle</type>
			<description>None</description>
			<possibleresult>
				<name>Van</name>
			</possibleresult>
			<points>
				<point>240.034515,786.586182</point>
				<point>239.000031,799.000000</point>
				<point>231.965546,798.413818</point>
				<point>233.000031,786.000000</point>
				<point>240.034515,786.586182</point>
			</points>
		</object>
		<object>
			<coordinate>pixel</coordinate>
			<type>rectangle</type>
			<description>None</description>
			<possibleresult>
				<name>Van</name>
			</possibleresult>
			<points>
				<point>574.000000,748.000000</point>
				<point>555.000000,748.000000</point>
				<point>555.000000,742.000000</point>
				<point>574.000000,742.000000</point>
				<point>574.000000,748.000000</point>
			</points>
		</object>
		<object>
			<coordinate>pixel</coordinate>
			<type>rectangle</type>
			<description>None</description>
			<possibleresult>
				<name>Small Car</name>
			</possibleresult>
			<points>
				<point>577.000000,740.000000</point>
				<point>558.000000,740.000000</point>
				<point>558.000000,733.000000</point>
				<point>577.000000,733.000000</point>
				<point>577.000000,740.000000</point>
			</points>
		</object>
		<object>
			<coordinate>pixel</coordinate>
			<type>rectangle</type>
			<description>None</description>
			<possibleresult>
				<name>Small Car</name>
			</possibleresult>
			<points>
				<point>575.000000,731.000000</point>
				<point>559.000000,731.000000</point>
				<point>559.000000,726.000000</point>
				<point>575.000000,726.000000</point>
				<point>575.000000,731.000000</point>
			</points>
		</object>
		<object>
			<coordinate>pixel</coordinate>
			<type>rectangle</type>
			<description>None</description>
			<possibleresult>
				<name>Small Car</name>
			</possibleresult>
			<points>
				<point>577.419983,717.022095</point>
				<point>577.000061,725.000000</point>
				<point>558.000061,724.000000</point>
				<point>558.419983,716.022095</point>
				<point>577.419983,717.022095</point>
			</points>
		</object>
		<object>
			<coordinate>pixel</coordinate>
			<type>rectangle</type>
			<description>None</description>
			<possibleresult>
				<name>Small Car</name>
			</possibleresult>
			<points>
				<point>576.000000,716.000000</point>
				<point>559.000000,716.000000</point>
				<point>559.000000,710.000000</point>
				<point>576.000000,710.000000</point>
				<point>576.000000,716.000000</point>
			</points>
		</object>
		<object>
			<coordinate>pixel</coordinate>
			<type>rectangle</type>
			<description>None</description>
			<possibleresult>
				<name>Van</name>
			</possibleresult>
			<points>
				<point>576.000000,708.000000</point>
				<point>558.000000,708.000000</point>
				<point>558.000000,701.000000</point>
				<point>576.000000,701.000000</point>
				<point>576.000000,708.000000</point>
			</points>
		</object>
		<object>
			<coordinate>pixel</coordinate>
			<type>rectangle</type>
			<description>None</description>
			<possibleresult>
				<name>Van</name>
			</possibleresult>
			<points>
				<point>576.387695,694.021484</point>
				<point>576.000000,701.000000</point>
				<point>557.612305,699.978516</point>
				<point>558.000000,693.000000</point>
				<point>576.387695,694.021484</point>
			</points>
		</object>
		<object>
			<coordinate>pixel</coordinate>
			<type>rectangle</type>
			<description>None</description>
			<possibleresult>
				<name>Van</name>
			</possibleresult>
			<points>
				<point>577.000000,684.000000</point>
				<point>559.000000,684.000000</point>
				<point>559.000000,677.000000</point>
				<point>577.000000,677.000000</point>
				<point>577.000000,684.000000</point>
			</points>
		</object>
		<object>
			<coordinate>pixel</coordinate>
			<type>rectangle</type>
			<description>None</description>
			<possibleresult>
				<name>Van</name>
			</possibleresult>
			<points>
				<point>576.373535,662.023438</point>
				<point>576.000000,668.000122</point>
				<point>559.626465,666.976807</point>
				<point>560.000000,661.000122</point>
				<point>576.373535,662.023438</point>
			</points>
		</object>
		<object>
			<coordinate>pixel</coordinate>
			<type>rectangle</type>
			<description>None</description>
			<possibleresult>
				<name>Van</name>
			</possibleresult>
			<points>
				<point>576.000000,660.000000</point>
				<point>560.000000,660.000000</point>
				<point>560.000000,653.000000</point>
				<point>576.000000,653.000000</point>
				<point>576.000000,660.000000</point>
			</points>
		</object>
		<object>
			<coordinate>pixel</coordinate>
			<type>rectangle</type>
			<description>None</description>
			<possibleresult>
				<name>Van</name>
			</possibleresult>
			<points>
				<point>577.000000,651.000000</point>
				<point>559.000000,651.000000</point>
				<point>559.000000,645.000000</point>
				<point>577.000000,645.000000</point>
				<point>577.000000,651.000000</point>
			</points>
		</object>
		<object>
			<coordinate>pixel</coordinate>
			<type>rectangle</type>
			<description>None</description>
			<possibleresult>
				<name>Small Car</name>
			</possibleresult>
			<points>
				<point>454.000031,595.000061</point>
				<point>452.969086,610.464661</point>
				<point>446.000031,610.000061</point>
				<point>447.030975,594.535461</point>
				<point>454.000031,595.000061</point>
			</points>
		</object>
		<object>
			<coordinate>pixel</coordinate>
			<type>rectangle</type>
			<description>None</description>
			<possibleresult>
				<name>Small Car</name>
			</possibleresult>
			<points>
				<point>446.000000,610.000000</point>
				<point>439.000000,610.000000</point>
				<point>439.000000,596.000000</point>
				<point>446.000000,596.000000</point>
				<point>446.000000,610.000000</point>
			</points>
		</object>
		<object>
			<coordinate>pixel</coordinate>
			<type>rectangle</type>
			<description>None</description>
			<possibleresult>
				<name>Small Car</name>
			</possibleresult>
			<points>
				<point>435.000000,609.000000</point>
				<point>428.000000,609.000000</point>
				<point>428.000000,593.000000</point>
				<point>435.000000,593.000000</point>
				<point>435.000000,609.000000</point>
			</points>
		</object>
		<object>
			<coordinate>pixel</coordinate>
			<type>rectangle</type>
			<description>None</description>
			<possibleresult>
				<name>Van</name>
			</possibleresult>
			<points>
				<point>187.000000,547.000000</point>
				<point>172.000000,547.000000</point>
				<point>172.000000,542.000000</point>
				<point>187.000000,542.000000</point>
				<point>187.000000,547.000000</point>
			</points>
		</object>
		<object>
			<coordinate>pixel</coordinate>
			<type>rectangle</type>
			<description>None</description>
			<possibleresult>
				<name>Cargo Truck</name>
			</possibleresult>
			<points>
				<point>435.000000,477.999939</point>
				<point>429.015991,479.087952</point>
				<point>427.000000,467.999939</point>
				<point>432.984009,466.911926</point>
				<point>435.000000,477.999939</point>
			</points>
		</object>
		<object>
			<coordinate>pixel</coordinate>
			<type>rectangle</type>
			<description>None</description>
			<possibleresult>
				<name>Van</name>
			</possibleresult>
			<points>
				<point>444.041412,471.496613</point>
				<point>438.000031,472.000031</point>
				<point>437.000031,460.000031</point>
				<point>443.041412,459.496613</point>
				<point>444.041412,471.496613</point>
			</points>
		</object>
		<object>
			<coordinate>pixel</coordinate>
			<type>rectangle</type>
			<description>None</description>
			<possibleresult>
				<name>Van</name>
			</possibleresult>
			<points>
				<point>478.031128,431.498077</point>
				<point>470.000000,432.000031</point>
				<point>469.000000,416.000031</point>
				<point>477.031128,415.498077</point>
				<point>478.031128,431.498077</point>
			</points>
		</object>
		<object>
			<coordinate>pixel</coordinate>
			<type>rectangle</type>
			<description>None</description>
			<possibleresult>
				<name>Van</name>
			</possibleresult>
			<points>
				<point>493.027588,431.468994</point>
				<point>484.000000,432.000000</point>
				<point>482.972412,414.531006</point>
				<point>492.000000,414.000000</point>
				<point>493.027588,431.468994</point>
			</points>
		</object>
		<object>
			<coordinate>pixel</coordinate>
			<type>rectangle</type>
			<description>None</description>
			<possibleresult>
				<name>Small Car</name>
			</possibleresult>
			<points>
				<point>517.635681,423.038330</point>
				<point>498.635681,425.038330</point>
				<point>498.000061,419.000000</point>
				<point>517.000061,417.000000</point>
				<point>517.635681,423.038330</point>
			</points>
		</object>
		<object>
			<coordinate>pixel</coordinate>
			<type>rectangle</type>
			<description>None</description>
			<possibleresult>
				<name>Small Car</name>
			</possibleresult>
			<points>
				<point>515.000000,414.000031</point>
				<point>497.000000,415.000031</point>
				<point>496.609253,407.966156</point>
				<point>514.609253,406.966156</point>
				<point>515.000000,414.000031</point>
			</points>
		</object>
		<object>
			<coordinate>pixel</coordinate>
			<type>rectangle</type>
			<description>None</description>
			<possibleresult>
				<name>Small Car</name>
			</possibleresult>
			<points>
				<point>513.000000,406.000000</point>
				<point>494.335388,407.036926</point>
				<point>494.000000,401.000000</point>
				<point>512.664612,399.963074</point>
				<point>513.000000,406.000000</point>
			</points>
		</object>
		<object>
			<coordinate>pixel</coordinate>
			<type>rectangle</type>
			<description>None</description>
			<possibleresult>
				<name>Small Car</name>
			</possibleresult>
			<points>
				<point>510.446136,399.030762</point>
				<point>492.446136,400.030762</point>
				<point>491.999969,392.000000</point>
				<point>509.999969,391.000000</point>
				<point>510.446136,399.030762</point>
			</points>
		</object>
		<object>
			<coordinate>pixel</coordinate>
			<type>rectangle</type>
			<description>None</description>
			<possibleresult>
				<name>Small Car</name>
			</possibleresult>
			<points>
				<point>509.000000,389.000000</point>
				<point>490.670715,391.036560</point>
				<point>490.000000,385.000000</point>
				<point>508.329285,382.963440</point>
				<point>509.000000,389.000000</point>
			</points>
		</object>
		<object>
			<coordinate>pixel</coordinate>
			<type>rectangle</type>
			<description>None</description>
			<possibleresult>
				<name>Van</name>
			</possibleresult>
			<points>
				<point>507.000000,382.000000</point>
				<point>487.947937,384.005493</point>
				<point>487.000000,375.000000</point>
				<point>506.052063,372.994507</point>
				<point>507.000000,382.000000</point>
			</points>
		</object>
		<object>
			<coordinate>pixel</coordinate>
			<type>rectangle</type>
			<description>None</description>
			<possibleresult>
				<name>Small Car</name>
			</possibleresult>
			<points>
				<point>490.035065,365.560364</point>
				<point>483.000031,366.000061</point>
				<point>482.000031,350.000061</point>
				<point>489.035065,349.560364</point>
				<point>490.035065,365.560364</point>
			</points>
		</object>
		<object>
			<coordinate>pixel</coordinate>
			<type>rectangle</type>
			<description>None</description>
			<possibleresult>
				<name>Small Car</name>
			</possibleresult>
			<points>
				<point>483.041443,338.496613</point>
				<point>477.000061,339.000031</point>
				<point>475.958679,326.503448</point>
				<point>482.000061,326.000031</point>
				<point>483.041443,338.496613</point>
			</points>
		</object>
		<object>
			<coordinate>pixel</coordinate>
			<type>rectangle</type>
			<description>None</description>
			<possibleresult>
				<name>Small Car</name>
			</possibleresult>
			<points>
				<point>477.058533,314.273193</point>
				<point>469.000000,316.000000</point>
				<point>465.941467,301.726807</point>
				<point>474.000000,300.000000</point>
				<point>477.058533,314.273193</point>
			</points>
		</object>
		<object>
			<coordinate>pixel</coordinate>
			<type>rectangle</type>
			<description>None</description>
			<possibleresult>
				<name>Van</name>
			</possibleresult>
			<points>
				<point>554.000061,416.000061</point>
				<point>537.877014,418.015442</point>
				<point>537.000061,411.000061</point>
				<point>553.123108,408.984680</point>
				<point>554.000061,416.000061</point>
			</points>
		</object>
		<object>
			<coordinate>pixel</coordinate>
			<type>rectangle</type>
			<description>None</description>
			<possibleresult>
				<name>Small Car</name>
			</possibleresult>
			<points>
				<point>554.162170,406.972961</point>
				<point>536.000061,410.000000</point>
				<point>534.837952,403.027039</point>
				<point>553.000061,400.000000</point>
				<point>554.162170,406.972961</point>
			</points>
		</object>
		<object>
			<coordinate>pixel</coordinate>
			<type>rectangle</type>
			<description>None</description>
			<possibleresult>
				<name>Van</name>
			</possibleresult>
			<points>
				<point>552.102661,398.983826</point>
				<point>533.102661,401.983826</point>
				<point>532.000000,395.000061</point>
				<point>551.000000,392.000061</point>
				<point>552.102661,398.983826</point>
			</points>
		</object>
		<object>
			<coordinate>pixel</coordinate>
			<type>rectangle</type>
			<description>None</description>
			<possibleresult>
				<name>Van</name>
			</possibleresult>
			<points>
				<point>549.351562,383.032410</point>
				<point>529.351562,384.032410</point>
				<point>529.000000,377.000000</point>
				<point>549.000000,376.000000</point>
				<point>549.351562,383.032410</point>
			</points>
		</object>
		<object>
			<coordinate>pixel</coordinate>
			<type>rectangle</type>
			<description>None</description>
			<possibleresult>
				<name>Van</name>
			</possibleresult>
			<points>
				<point>547.755005,374.928101</point>
				<point>526.755005,376.928101</point>
				<point>526.000000,369.000000</point>
				<point>547.000000,367.000000</point>
				<point>547.755005,374.928101</point>
			</points>
		</object>
		<object>
			<coordinate>pixel</coordinate>
			<type>rectangle</type>
			<description>None</description>
			<possibleresult>
				<name>Van</name>
			</possibleresult>
			<points>
				<point>532.999939,359.000000</point>
				<point>513.999939,360.000000</point>
				<point>513.577332,351.969604</point>
				<point>532.577332,350.969604</point>
				<point>532.999939,359.000000</point>
			</points>
		</object>
		<object>
			<coordinate>pixel</coordinate>
			<type>rectangle</type>
			<description>None</description>
			<possibleresult>
				<name>Van</name>
			</possibleresult>
			<points>
				<point>531.000000,350.000000</point>
				<point>511.739746,352.027405</point>
				<point>511.000000,345.000000</point>
				<point>530.260254,342.972595</point>
				<point>531.000000,350.000000</point>
			</points>
		</object>
		<object>
			<coordinate>pixel</coordinate>
			<type>rectangle</type>
			<description>None</description>
			<possibleresult>
				<name>Van</name>
			</possibleresult>
			<points>
				<point>527.000000,343.000031</point>
				<point>511.469086,344.035431</point>
				<point>511.000092,337.000031</point>
				<point>526.531006,335.964630</point>
				<point>527.000000,343.000031</point>
			</points>
		</object>
		<object>
			<coordinate>pixel</coordinate>
			<type>rectangle</type>
			<description>None</description>
			<possibleresult>
				<name>Van</name>
			</possibleresult>
			<points>
				<point>523.000000,317.000000</point>
				<point>504.780487,319.024414</point>
				<point>503.999969,312.000000</point>
				<point>522.219482,309.975586</point>
				<point>523.000000,317.000000</point>
			</points>
		</object>
		<object>
			<coordinate>pixel</coordinate>
			<type>rectangle</type>
			<description>None</description>
			<possibleresult>
				<name>Van</name>
			</possibleresult>
			<points>
				<point>507.999969,309.000000</point>
				<point>501.011505,310.075134</point>
				<point>498.988373,296.924866</point>
				<point>505.976837,295.849731</point>
				<point>507.999969,309.000000</point>
			</points>
		</object>
		<object>
			<coordinate>pixel</coordinate>
			<type>rectangle</type>
			<description>None</description>
			<possibleresult>
				<name>Van</name>
			</possibleresult>
			<points>
				<point>483.861542,285.892365</point>
				<point>467.000031,288.000031</point>
				<point>466.138519,281.107697</point>
				<point>483.000031,279.000031</point>
				<point>483.861542,285.892365</point>
			</points>
		</object>
		<object>
			<coordinate>pixel</coordinate>
			<type>rectangle</type>
			<description>None</description>
			<possibleresult>
				<name>Cargo Truck</name>
			</possibleresult>
			<points>
				<point>564.000000,272.000000</point>
				<point>549.431519,273.040588</point>
				<point>549.000000,267.000000</point>
				<point>563.568481,265.959412</point>
				<point>564.000000,272.000000</point>
			</points>
		</object>
		<object>
			<coordinate>pixel</coordinate>
			<type>rectangle</type>
			<description>None</description>
			<possibleresult>
				<name>Cargo Truck</name>
			</possibleresult>
			<points>
				<point>737.000061,576.000061</point>
				<point>729.035461,576.531067</point>
				<point>728.000061,561.000061</point>
				<point>735.964661,560.469055</point>
				<point>737.000061,576.000061</point>
			</points>
		</object>
		<object>
			<coordinate>pixel</coordinate>
			<type>rectangle</type>
			<description>None</description>
			<possibleresult>
				<name>Van</name>
			</possibleresult>
			<points>
				<point>731.000061,400.000061</point>
				<point>716.000061,401.000061</point>
				<point>715.531067,393.964661</point>
				<point>730.531067,392.964661</point>
				<point>731.000061,400.000061</point>
			</points>
		</object>
		<object>
			<coordinate>pixel</coordinate>
			<type>rectangle</type>
			<description>None</description>
			<possibleresult>
				<name>Van</name>
			</possibleresult>
			<points>
				<point>734.000000,389.000000</point>
				<point>714.739746,391.027405</point>
				<point>714.000000,384.000000</point>
				<point>733.260254,381.972595</point>
				<point>734.000000,389.000000</point>
			</points>
		</object>
		<object>
			<coordinate>pixel</coordinate>
			<type>rectangle</type>
			<description>None</description>
			<possibleresult>
				<name>Van</name>
			</possibleresult>
			<points>
				<point>644.999939,480.000000</point>
				<point>637.159973,481.119995</point>
				<point>635.159973,467.119995</point>
				<point>642.999939,466.000000</point>
				<point>644.999939,480.000000</point>
			</points>
		</object>
		<object>
			<coordinate>pixel</coordinate>
			<type>rectangle</type>
			<description>None</description>
			<possibleresult>
				<name>Small Car</name>
			</possibleresult>
			<points>
				<point>815.041138,317.535278</point>
				<point>809.000000,318.000000</point>
				<point>807.958862,304.464722</point>
				<point>814.000000,304.000000</point>
				<point>815.041138,317.535278</point>
			</points>
		</object>
		<object>
			<coordinate>pixel</coordinate>
			<type>rectangle</type>
			<description>None</description>
			<possibleresult>
				<name>Small Car</name>
			</possibleresult>
			<points>
				<point>881.000000,234.000000</point>
				<point>860.902222,237.014679</point>
				<point>860.000000,231.000000</point>
				<point>880.097778,227.985321</point>
				<point>881.000000,234.000000</point>
			</points>
		</object>
		<object>
			<coordinate>pixel</coordinate>
			<type>rectangle</type>
			<description>None</description>
			<possibleresult>
				<name>Van</name>
			</possibleresult>
			<points>
				<point>915.000000,167.000015</point>
				<point>894.604004,169.039627</point>
				<point>894.000000,163.000015</point>
				<point>914.395996,160.960403</point>
				<point>915.000000,167.000015</point>
			</points>
		</object>
		<object>
			<coordinate>pixel</coordinate>
			<type>rectangle</type>
			<description>None</description>
			<possibleresult>
				<name>Van</name>
			</possibleresult>
			<points>
				<point>904.000061,129.000000</point>
				<point>888.803528,131.026215</point>
				<point>888.000061,125.000000</point>
				<point>903.196594,122.973785</point>
				<point>904.000061,129.000000</point>
			</points>
		</object>
	</objects>
</annotation>