<?xml version="1.0" encoding="utf-8"?>
<annotation>
	<source>
		<filename>1186.tif</filename>
		<origin>GF2/GF3</origin>
	</source>
	<research>
		<version>1.0</version>
		<provider>FAIR1M</provider>
		<author>Cyber</author>
		<pluginname>FAIR1M</pluginname>
		<pluginclass>object detection</pluginclass>
		<time>2021-03</time>
	</research>
	<size>
		<width>1500</width>
		<height>1500</height>
		<depth>3</depth>
	</size>
	<objects>
		<object>
			<coordinate>pixel</coordinate>
			<type>rectangle</type>
			<description>None</description>
			<possibleresult>
				<name>Dry Cargo Ship</name>
			</possibleresult>
			<points>
				<point>257.000000,151.000000</point>
				<point>352.000000,50.000000</point>
				<point>337.000000,36.000000</point>
				<point>242.000000,137.000000</point>
				<point>257.000000,151.000000</point>
			</points>
		</object>
		<object>
			<coordinate>pixel</coordinate>
			<type>rectangle</type>
			<description>None</description>
			<possibleresult>
				<name>Dry Cargo Ship</name>
			</possibleresult>
			<points>
				<point>344.000000,60.000000</point>
				<point>260.000000,149.000000</point>
				<point>276.000000,164.000000</point>
				<point>359.000000,75.000000</point>
				<point>344.000000,60.000000</point>
			</points>
		</object>
		<object>
			<coordinate>pixel</coordinate>
			<type>rectangle</type>
			<description>None</description>
			<possibleresult>
				<name>Dry Cargo Ship</name>
			</possibleresult>
			<points>
				<point>294.000000,179.000000</point>
				<point>389.000000,79.000000</point>
				<point>372.000000,63.000000</point>
				<point>278.000000,163.000000</point>
				<point>294.000000,179.000000</point>
			</points>
		</object>
		<object>
			<coordinate>pixel</coordinate>
			<type>rectangle</type>
			<description>None</description>
			<possibleresult>
				<name>Dry Cargo Ship</name>
			</possibleresult>
			<points>
				<point>320.000000,193.000000</point>
				<point>408.000000,95.000000</point>
				<point>391.000000,80.000000</point>
				<point>303.000000,178.000000</point>
				<point>320.000000,193.000000</point>
			</points>
		</object>
		<object>
			<coordinate>pixel</coordinate>
			<type>rectangle</type>
			<description>None</description>
			<possibleresult>
				<name>Dry Cargo Ship</name>
			</possibleresult>
			<points>
				<point>334.000000,209.000000</point>
				<point>450.000000,77.000000</point>
				<point>436.000000,65.000000</point>
				<point>320.000000,196.000000</point>
				<point>334.000000,209.000000</point>
			</points>
		</object>
		<object>
			<coordinate>pixel</coordinate>
			<type>rectangle</type>
			<description>None</description>
			<possibleresult>
				<name>Dry Cargo Ship</name>
			</possibleresult>
			<points>
				<point>471.000000,251.000000</point>
				<point>378.000000,362.000000</point>
				<point>396.000000,377.000000</point>
				<point>489.000000,266.000000</point>
				<point>471.000000,251.000000</point>
			</points>
		</object>
		<object>
			<coordinate>pixel</coordinate>
			<type>rectangle</type>
			<description>None</description>
			<possibleresult>
				<name>Dry Cargo Ship</name>
			</possibleresult>
			<points>
				<point>418.000000,380.000000</point>
				<point>502.000000,283.000000</point>
				<point>487.000000,270.000000</point>
				<point>403.000000,367.000000</point>
				<point>418.000000,380.000000</point>
			</points>
		</object>
		<object>
			<coordinate>pixel</coordinate>
			<type>rectangle</type>
			<description>None</description>
			<possibleresult>
				<name>Dry Cargo Ship</name>
			</possibleresult>
			<points>
				<point>459.000000,361.000000</point>
				<point>506.000000,307.000000</point>
				<point>492.000000,295.000000</point>
				<point>445.000000,349.000000</point>
				<point>459.000000,361.000000</point>
			</points>
		</object>
		<object>
			<coordinate>pixel</coordinate>
			<type>rectangle</type>
			<description>None</description>
			<possibleresult>
				<name>Liquid Cargo Ship</name>
			</possibleresult>
			<points>
				<point>1044.000000,268.000000</point>
				<point>898.000000,163.000000</point>
				<point>887.000000,177.000000</point>
				<point>1033.000000,283.000000</point>
				<point>1044.000000,268.000000</point>
			</points>
		</object>
		<object>
			<coordinate>pixel</coordinate>
			<type>rectangle</type>
			<description>None</description>
			<possibleresult>
				<name>Dry Cargo Ship</name>
			</possibleresult>
			<points>
				<point>738.000000,718.000000</point>
				<point>811.000000,858.000000</point>
				<point>837.000000,844.000000</point>
				<point>764.000000,705.000000</point>
				<point>738.000000,718.000000</point>
			</points>
		</object>
		<object>
			<coordinate>pixel</coordinate>
			<type>rectangle</type>
			<description>None</description>
			<possibleresult>
				<name>Dry Cargo Ship</name>
			</possibleresult>
			<points>
				<point>1389.000000,1013.000000</point>
				<point>1321.000000,882.000000</point>
				<point>1301.000000,893.000000</point>
				<point>1369.000000,1024.000000</point>
				<point>1389.000000,1013.000000</point>
			</points>
		</object>
		<object>
			<coordinate>pixel</coordinate>
			<type>rectangle</type>
			<description>None</description>
			<possibleresult>
				<name>Tugboat</name>
			</possibleresult>
			<points>
				<point>363.000000,8.000000</point>
				<point>337.000000,34.000000</point>
				<point>352.000000,50.000000</point>
				<point>378.000000,23.000000</point>
				<point>363.000000,8.000000</point>
			</points>
		</object>
		<object>
			<coordinate>pixel</coordinate>
			<type>rectangle</type>
			<description>None</description>
			<possibleresult>
				<name>Tugboat</name>
			</possibleresult>
			<points>
				<point>397.000000,37.000000</point>
				<point>372.000000,65.000000</point>
				<point>389.000000,80.000000</point>
				<point>414.000000,52.000000</point>
				<point>397.000000,37.000000</point>
			</points>
		</object>
		<object>
			<coordinate>pixel</coordinate>
			<type>rectangle</type>
			<description>None</description>
			<possibleresult>
				<name>Tugboat</name>
			</possibleresult>
			<points>
				<point>422.000000,48.000000</point>
				<point>392.000000,80.000000</point>
				<point>407.000000,94.000000</point>
				<point>437.000000,62.000000</point>
				<point>422.000000,48.000000</point>
			</points>
		</object>
	</objects>
</annotation>