<?xml version="1.0" encoding="utf-8"?>
<annotation>
	<source>
		<filename>1189.tif</filename>
		<origin>GF2/GF3</origin>
	</source>
	<research>
		<version>1.0</version>
		<provider>FAIR1M</provider>
		<author>Cyber</author>
		<pluginname>FAIR1M</pluginname>
		<pluginclass>object detection</pluginclass>
		<time>2021-03</time>
	</research>
	<size>
		<width>1500</width>
		<height>1500</height>
		<depth>3</depth>
	</size>
	<objects>
		<object>
			<coordinate>pixel</coordinate>
			<type>rectangle</type>
			<description>None</description>
			<possibleresult>
				<name>other-ship</name>
			</possibleresult>
			<points>
				<point>568.000000,960.000000</point>
				<point>572.000000,944.000000</point>
				<point>566.000000,942.000000</point>
				<point>562.000000,959.000000</point>
				<point>568.000000,960.000000</point>
			</points>
		</object>
		<object>
			<coordinate>pixel</coordinate>
			<type>rectangle</type>
			<description>None</description>
			<possibleresult>
				<name>other-ship</name>
			</possibleresult>
			<points>
				<point>602.000000,1107.000000</point>
				<point>561.000000,1128.000000</point>
				<point>564.000000,1135.000000</point>
				<point>606.000000,1115.000000</point>
				<point>602.000000,1107.000000</point>
			</points>
		</object>
		<object>
			<coordinate>pixel</coordinate>
			<type>rectangle</type>
			<description>None</description>
			<possibleresult>
				<name>other-ship</name>
			</possibleresult>
			<points>
				<point>559.000000,1024.000000</point>
				<point>528.000000,1036.000000</point>
				<point>530.000000,1042.000000</point>
				<point>561.000000,1030.000000</point>
				<point>559.000000,1024.000000</point>
			</points>
		</object>
		<object>
			<coordinate>pixel</coordinate>
			<type>rectangle</type>
			<description>None</description>
			<possibleresult>
				<name>other-ship</name>
			</possibleresult>
			<points>
				<point>597.000000,1102.000000</point>
				<point>571.000000,1115.000000</point>
				<point>574.000000,1121.000000</point>
				<point>600.000000,1109.000000</point>
				<point>597.000000,1102.000000</point>
			</points>
		</object>
		<object>
			<coordinate>pixel</coordinate>
			<type>rectangle</type>
			<description>None</description>
			<possibleresult>
				<name>Fishing Boat</name>
			</possibleresult>
			<points>
				<point>574.000000,152.000000</point>
				<point>604.000000,169.000000</point>
				<point>609.000000,162.000000</point>
				<point>578.000000,144.000000</point>
				<point>574.000000,152.000000</point>
			</points>
		</object>
		<object>
			<coordinate>pixel</coordinate>
			<type>rectangle</type>
			<description>None</description>
			<possibleresult>
				<name>Dry Cargo Ship</name>
			</possibleresult>
			<points>
				<point>607.000000,164.000000</point>
				<point>658.000000,187.000000</point>
				<point>663.000000,177.000000</point>
				<point>611.000000,154.000000</point>
				<point>607.000000,164.000000</point>
			</points>
		</object>
		<object>
			<coordinate>pixel</coordinate>
			<type>rectangle</type>
			<description>None</description>
			<possibleresult>
				<name>Dry Cargo Ship</name>
			</possibleresult>
			<points>
				<point>602.000000,174.000000</point>
				<point>655.000000,196.000000</point>
				<point>659.000000,186.000000</point>
				<point>606.000000,164.000000</point>
				<point>602.000000,174.000000</point>
			</points>
		</object>
		<object>
			<coordinate>pixel</coordinate>
			<type>rectangle</type>
			<description>None</description>
			<possibleresult>
				<name>Dry Cargo Ship</name>
			</possibleresult>
			<points>
				<point>676.000000,219.000000</point>
				<point>719.000000,248.000000</point>
				<point>724.000000,240.000000</point>
				<point>681.000000,211.000000</point>
				<point>676.000000,219.000000</point>
			</points>
		</object>
		<object>
			<coordinate>pixel</coordinate>
			<type>rectangle</type>
			<description>None</description>
			<possibleresult>
				<name>Dry Cargo Ship</name>
			</possibleresult>
			<points>
				<point>686.000000,215.000000</point>
				<point>721.000000,238.000000</point>
				<point>726.000000,230.000000</point>
				<point>691.000000,207.000000</point>
				<point>686.000000,215.000000</point>
			</points>
		</object>
		<object>
			<coordinate>pixel</coordinate>
			<type>rectangle</type>
			<description>None</description>
			<possibleresult>
				<name>Dry Cargo Ship</name>
			</possibleresult>
			<points>
				<point>781.000000,268.000000</point>
				<point>731.000000,247.000000</point>
				<point>727.000000,255.000000</point>
				<point>777.000000,277.000000</point>
				<point>781.000000,268.000000</point>
			</points>
		</object>
		<object>
			<coordinate>pixel</coordinate>
			<type>rectangle</type>
			<description>None</description>
			<possibleresult>
				<name>Motorboat</name>
			</possibleresult>
			<points>
				<point>656.000000,207.000000</point>
				<point>671.000000,218.000000</point>
				<point>675.000000,212.000000</point>
				<point>660.000000,201.000000</point>
				<point>656.000000,207.000000</point>
			</points>
		</object>
		<object>
			<coordinate>pixel</coordinate>
			<type>rectangle</type>
			<description>None</description>
			<possibleresult>
				<name>other-ship</name>
			</possibleresult>
			<points>
				<point>604.000000,170.000000</point>
				<point>577.000000,155.000000</point>
				<point>574.000000,161.000000</point>
				<point>600.000000,176.000000</point>
				<point>604.000000,170.000000</point>
			</points>
		</object>
		<object>
			<coordinate>pixel</coordinate>
			<type>rectangle</type>
			<description>None</description>
			<possibleresult>
				<name>Dry Cargo Ship</name>
			</possibleresult>
			<points>
				<point>783.000000,280.000000</point>
				<point>843.000000,305.000000</point>
				<point>847.000000,294.000000</point>
				<point>787.000000,269.000000</point>
				<point>783.000000,280.000000</point>
			</points>
		</object>
		<object>
			<coordinate>pixel</coordinate>
			<type>rectangle</type>
			<description>None</description>
			<possibleresult>
				<name>Dry Cargo Ship</name>
			</possibleresult>
			<points>
				<point>772.000000,298.000000</point>
				<point>820.000000,321.000000</point>
				<point>826.000000,310.000000</point>
				<point>777.000000,287.000000</point>
				<point>772.000000,298.000000</point>
			</points>
		</object>
		<object>
			<coordinate>pixel</coordinate>
			<type>rectangle</type>
			<description>None</description>
			<possibleresult>
				<name>other-ship</name>
			</possibleresult>
			<points>
				<point>773.000000,307.000000</point>
				<point>803.000000,322.000000</point>
				<point>807.000000,315.000000</point>
				<point>777.000000,300.000000</point>
				<point>773.000000,307.000000</point>
			</points>
		</object>
		<object>
			<coordinate>pixel</coordinate>
			<type>rectangle</type>
			<description>None</description>
			<possibleresult>
				<name>Dry Cargo Ship</name>
			</possibleresult>
			<points>
				<point>778.000000,288.000000</point>
				<point>832.000000,313.000000</point>
				<point>836.000000,303.000000</point>
				<point>782.000000,278.000000</point>
				<point>778.000000,288.000000</point>
			</points>
		</object>
		<object>
			<coordinate>pixel</coordinate>
			<type>rectangle</type>
			<description>None</description>
			<possibleresult>
				<name>Dry Cargo Ship</name>
			</possibleresult>
			<points>
				<point>616.000000,321.000000</point>
				<point>664.000000,351.000000</point>
				<point>671.000000,340.000000</point>
				<point>624.000000,309.000000</point>
				<point>616.000000,321.000000</point>
			</points>
		</object>
		<object>
			<coordinate>pixel</coordinate>
			<type>rectangle</type>
			<description>None</description>
			<possibleresult>
				<name>other-ship</name>
			</possibleresult>
			<points>
				<point>645.000000,324.000000</point>
				<point>670.000000,340.000000</point>
				<point>676.000000,331.000000</point>
				<point>651.000000,315.000000</point>
				<point>645.000000,324.000000</point>
			</points>
		</object>
		<object>
			<coordinate>pixel</coordinate>
			<type>rectangle</type>
			<description>None</description>
			<possibleresult>
				<name>other-ship</name>
			</possibleresult>
			<points>
				<point>612.000000,182.000000</point>
				<point>639.000000,197.000000</point>
				<point>642.000000,192.000000</point>
				<point>615.000000,177.000000</point>
				<point>612.000000,182.000000</point>
			</points>
		</object>
		<object>
			<coordinate>pixel</coordinate>
			<type>rectangle</type>
			<description>None</description>
			<possibleresult>
				<name>Motorboat</name>
			</possibleresult>
			<points>
				<point>578.000000,451.000000</point>
				<point>596.000000,459.000000</point>
				<point>599.000000,452.000000</point>
				<point>581.000000,445.000000</point>
				<point>578.000000,451.000000</point>
			</points>
		</object>
		<object>
			<coordinate>pixel</coordinate>
			<type>rectangle</type>
			<description>None</description>
			<possibleresult>
				<name>Dry Cargo Ship</name>
			</possibleresult>
			<points>
				<point>661.000000,472.000000</point>
				<point>707.000000,493.000000</point>
				<point>711.000000,483.000000</point>
				<point>665.000000,462.000000</point>
				<point>661.000000,472.000000</point>
			</points>
		</object>
		<object>
			<coordinate>pixel</coordinate>
			<type>rectangle</type>
			<description>None</description>
			<possibleresult>
				<name>Dry Cargo Ship</name>
			</possibleresult>
			<points>
				<point>716.000000,498.000000</point>
				<point>715.000000,564.000000</point>
				<point>729.000000,564.000000</point>
				<point>730.000000,498.000000</point>
				<point>716.000000,498.000000</point>
			</points>
		</object>
		<object>
			<coordinate>pixel</coordinate>
			<type>rectangle</type>
			<description>None</description>
			<possibleresult>
				<name>other-ship</name>
			</possibleresult>
			<points>
				<point>426.000000,946.000000</point>
				<point>426.000000,965.000000</point>
				<point>434.000000,964.000000</point>
				<point>434.000000,945.000000</point>
				<point>426.000000,946.000000</point>
			</points>
		</object>
		<object>
			<coordinate>pixel</coordinate>
			<type>rectangle</type>
			<description>None</description>
			<possibleresult>
				<name>other-ship</name>
			</possibleresult>
			<points>
				<point>488.000000,759.000000</point>
				<point>476.000000,771.000000</point>
				<point>482.000000,777.000000</point>
				<point>494.000000,766.000000</point>
				<point>488.000000,759.000000</point>
			</points>
		</object>
		<object>
			<coordinate>pixel</coordinate>
			<type>rectangle</type>
			<description>None</description>
			<possibleresult>
				<name>other-ship</name>
			</possibleresult>
			<points>
				<point>532.000000,912.000000</point>
				<point>544.000000,915.000000</point>
				<point>546.000000,910.000000</point>
				<point>533.000000,906.000000</point>
				<point>532.000000,912.000000</point>
			</points>
		</object>
		<object>
			<coordinate>pixel</coordinate>
			<type>rectangle</type>
			<description>None</description>
			<possibleresult>
				<name>other-ship</name>
			</possibleresult>
			<points>
				<point>561.000000,960.000000</point>
				<point>566.000000,944.000000</point>
				<point>559.000000,942.000000</point>
				<point>555.000000,958.000000</point>
				<point>561.000000,960.000000</point>
			</points>
		</object>
		<object>
			<coordinate>pixel</coordinate>
			<type>rectangle</type>
			<description>None</description>
			<possibleresult>
				<name>Dry Cargo Ship</name>
			</possibleresult>
			<points>
				<point>582.000000,1025.000000</point>
				<point>527.000000,1042.000000</point>
				<point>531.000000,1054.000000</point>
				<point>585.000000,1037.000000</point>
				<point>582.000000,1025.000000</point>
			</points>
		</object>
		<object>
			<coordinate>pixel</coordinate>
			<type>rectangle</type>
			<description>None</description>
			<possibleresult>
				<name>Liquid Cargo Ship</name>
			</possibleresult>
			<points>
				<point>581.000000,1037.000000</point>
				<point>518.000000,1056.000000</point>
				<point>522.000000,1072.000000</point>
				<point>586.000000,1052.000000</point>
				<point>581.000000,1037.000000</point>
			</points>
		</object>
		<object>
			<coordinate>pixel</coordinate>
			<type>rectangle</type>
			<description>None</description>
			<possibleresult>
				<name>other-ship</name>
			</possibleresult>
			<points>
				<point>333.000000,1102.000000</point>
				<point>334.000000,1126.000000</point>
				<point>341.000000,1125.000000</point>
				<point>340.000000,1101.000000</point>
				<point>333.000000,1102.000000</point>
			</points>
		</object>
		<object>
			<coordinate>pixel</coordinate>
			<type>rectangle</type>
			<description>None</description>
			<possibleresult>
				<name>other-ship</name>
			</possibleresult>
			<points>
				<point>341.000000,1086.000000</point>
				<point>349.000000,1042.000000</point>
				<point>341.000000,1041.000000</point>
				<point>333.000000,1084.000000</point>
				<point>341.000000,1086.000000</point>
			</points>
		</object>
		<object>
			<coordinate>pixel</coordinate>
			<type>rectangle</type>
			<description>None</description>
			<possibleresult>
				<name>Fishing Boat</name>
			</possibleresult>
			<points>
				<point>345.000000,1184.000000</point>
				<point>343.000000,1216.000000</point>
				<point>354.000000,1217.000000</point>
				<point>356.000000,1185.000000</point>
				<point>345.000000,1184.000000</point>
			</points>
		</object>
		<object>
			<coordinate>pixel</coordinate>
			<type>rectangle</type>
			<description>None</description>
			<possibleresult>
				<name>other-ship</name>
			</possibleresult>
			<points>
				<point>335.000000,1138.000000</point>
				<point>343.000000,1172.000000</point>
				<point>354.000000,1169.000000</point>
				<point>347.000000,1136.000000</point>
				<point>335.000000,1138.000000</point>
			</points>
		</object>
		<object>
			<coordinate>pixel</coordinate>
			<type>rectangle</type>
			<description>None</description>
			<possibleresult>
				<name>other-ship</name>
			</possibleresult>
			<points>
				<point>351.000000,1142.000000</point>
				<point>347.000000,1093.000000</point>
				<point>340.000000,1094.000000</point>
				<point>343.000000,1143.000000</point>
				<point>351.000000,1142.000000</point>
			</points>
		</object>
		<object>
			<coordinate>pixel</coordinate>
			<type>rectangle</type>
			<description>None</description>
			<possibleresult>
				<name>other-ship</name>
			</possibleresult>
			<points>
				<point>346.000000,1100.000000</point>
				<point>350.000000,1141.000000</point>
				<point>364.000000,1140.000000</point>
				<point>360.000000,1099.000000</point>
				<point>346.000000,1100.000000</point>
			</points>
		</object>
		<object>
			<coordinate>pixel</coordinate>
			<type>rectangle</type>
			<description>None</description>
			<possibleresult>
				<name>Dry Cargo Ship</name>
			</possibleresult>
			<points>
				<point>381.000000,1329.000000</point>
				<point>372.000000,1260.000000</point>
				<point>360.000000,1262.000000</point>
				<point>368.000000,1331.000000</point>
				<point>381.000000,1329.000000</point>
			</points>
		</object>
		<object>
			<coordinate>pixel</coordinate>
			<type>rectangle</type>
			<description>None</description>
			<possibleresult>
				<name>Dry Cargo Ship</name>
			</possibleresult>
			<points>
				<point>370.000000,1339.000000</point>
				<point>361.000000,1254.000000</point>
				<point>347.000000,1255.000000</point>
				<point>356.000000,1341.000000</point>
				<point>370.000000,1339.000000</point>
			</points>
		</object>
		<object>
			<coordinate>pixel</coordinate>
			<type>rectangle</type>
			<description>None</description>
			<possibleresult>
				<name>Dry Cargo Ship</name>
			</possibleresult>
			<points>
				<point>415.000000,1298.000000</point>
				<point>409.000000,1252.000000</point>
				<point>399.000000,1253.000000</point>
				<point>406.000000,1300.000000</point>
				<point>415.000000,1298.000000</point>
			</points>
		</object>
		<object>
			<coordinate>pixel</coordinate>
			<type>rectangle</type>
			<description>None</description>
			<possibleresult>
				<name>Dry Cargo Ship</name>
			</possibleresult>
			<points>
				<point>408.000000,1317.000000</point>
				<point>400.000000,1246.000000</point>
				<point>385.000000,1248.000000</point>
				<point>394.000000,1318.000000</point>
				<point>408.000000,1317.000000</point>
			</points>
		</object>
		<object>
			<coordinate>pixel</coordinate>
			<type>rectangle</type>
			<description>None</description>
			<possibleresult>
				<name>Dry Cargo Ship</name>
			</possibleresult>
			<points>
				<point>396.000000,1330.000000</point>
				<point>384.000000,1240.000000</point>
				<point>369.000000,1242.000000</point>
				<point>380.000000,1332.000000</point>
				<point>396.000000,1330.000000</point>
			</points>
		</object>
		<object>
			<coordinate>pixel</coordinate>
			<type>rectangle</type>
			<description>None</description>
			<possibleresult>
				<name>Dry Cargo Ship</name>
			</possibleresult>
			<points>
				<point>359.000000,1347.000000</point>
				<point>389.000000,1342.000000</point>
				<point>388.000000,1334.000000</point>
				<point>357.000000,1339.000000</point>
				<point>359.000000,1347.000000</point>
			</points>
		</object>
		<object>
			<coordinate>pixel</coordinate>
			<type>rectangle</type>
			<description>None</description>
			<possibleresult>
				<name>other-ship</name>
			</possibleresult>
			<points>
				<point>365.000000,1458.000000</point>
				<point>367.000000,1486.000000</point>
				<point>374.000000,1486.000000</point>
				<point>372.000000,1457.000000</point>
				<point>365.000000,1458.000000</point>
			</points>
		</object>
		<object>
			<coordinate>pixel</coordinate>
			<type>rectangle</type>
			<description>None</description>
			<possibleresult>
				<name>Dry Cargo Ship</name>
			</possibleresult>
			<points>
				<point>355.000000,1369.000000</point>
				<point>362.000000,1437.000000</point>
				<point>375.000000,1436.000000</point>
				<point>368.000000,1368.000000</point>
				<point>355.000000,1369.000000</point>
			</points>
		</object>
		<object>
			<coordinate>pixel</coordinate>
			<type>rectangle</type>
			<description>None</description>
			<possibleresult>
				<name>Dry Cargo Ship</name>
			</possibleresult>
			<points>
				<point>369.000000,1367.000000</point>
				<point>376.000000,1434.000000</point>
				<point>389.000000,1433.000000</point>
				<point>383.000000,1366.000000</point>
				<point>369.000000,1367.000000</point>
			</points>
		</object>
		<object>
			<coordinate>pixel</coordinate>
			<type>rectangle</type>
			<description>None</description>
			<possibleresult>
				<name>other-ship</name>
			</possibleresult>
			<points>
				<point>594.000000,1382.000000</point>
				<point>627.000000,1384.000000</point>
				<point>628.000000,1376.000000</point>
				<point>595.000000,1374.000000</point>
				<point>594.000000,1382.000000</point>
			</points>
		</object>
		<object>
			<coordinate>pixel</coordinate>
			<type>rectangle</type>
			<description>None</description>
			<possibleresult>
				<name>Motorboat</name>
			</possibleresult>
			<points>
				<point>597.000000,1388.000000</point>
				<point>616.000000,1389.000000</point>
				<point>616.000000,1382.000000</point>
				<point>597.000000,1382.000000</point>
				<point>597.000000,1388.000000</point>
			</points>
		</object>
		<object>
			<coordinate>pixel</coordinate>
			<type>rectangle</type>
			<description>None</description>
			<possibleresult>
				<name>Dry Cargo Ship</name>
			</possibleresult>
			<points>
				<point>630.000000,1367.000000</point>
				<point>599.000000,1365.000000</point>
				<point>598.000000,1375.000000</point>
				<point>630.000000,1376.000000</point>
				<point>630.000000,1367.000000</point>
			</points>
		</object>
		<object>
			<coordinate>pixel</coordinate>
			<type>rectangle</type>
			<description>None</description>
			<possibleresult>
				<name>Dry Cargo Ship</name>
			</possibleresult>
			<points>
				<point>633.000000,1358.000000</point>
				<point>601.000000,1356.000000</point>
				<point>601.000000,1365.000000</point>
				<point>632.000000,1368.000000</point>
				<point>633.000000,1358.000000</point>
			</points>
		</object>
		<object>
			<coordinate>pixel</coordinate>
			<type>rectangle</type>
			<description>None</description>
			<possibleresult>
				<name>Dry Cargo Ship</name>
			</possibleresult>
			<points>
				<point>639.000000,1290.000000</point>
				<point>611.000000,1294.000000</point>
				<point>612.000000,1302.000000</point>
				<point>640.000000,1298.000000</point>
				<point>639.000000,1290.000000</point>
			</points>
		</object>
		<object>
			<coordinate>pixel</coordinate>
			<type>rectangle</type>
			<description>None</description>
			<possibleresult>
				<name>Dry Cargo Ship</name>
			</possibleresult>
			<points>
				<point>650.000000,1349.000000</point>
				<point>602.000000,1346.000000</point>
				<point>601.000000,1355.000000</point>
				<point>650.000000,1359.000000</point>
				<point>650.000000,1349.000000</point>
			</points>
		</object>
		<object>
			<coordinate>pixel</coordinate>
			<type>rectangle</type>
			<description>None</description>
			<possibleresult>
				<name>other-ship</name>
			</possibleresult>
			<points>
				<point>631.000000,1342.000000</point>
				<point>601.000000,1341.000000</point>
				<point>601.000000,1347.000000</point>
				<point>631.000000,1348.000000</point>
				<point>631.000000,1342.000000</point>
			</points>
		</object>
		<object>
			<coordinate>pixel</coordinate>
			<type>rectangle</type>
			<description>None</description>
			<possibleresult>
				<name>other-ship</name>
			</possibleresult>
			<points>
				<point>641.000000,1245.000000</point>
				<point>602.000000,1243.000000</point>
				<point>602.000000,1251.000000</point>
				<point>640.000000,1254.000000</point>
				<point>641.000000,1245.000000</point>
			</points>
		</object>
		<object>
			<coordinate>pixel</coordinate>
			<type>rectangle</type>
			<description>None</description>
			<possibleresult>
				<name>other-ship</name>
			</possibleresult>
			<points>
				<point>557.000000,1016.000000</point>
				<point>520.000000,1030.000000</point>
				<point>523.000000,1036.000000</point>
				<point>560.000000,1022.000000</point>
				<point>557.000000,1016.000000</point>
			</points>
		</object>
		<object>
			<coordinate>pixel</coordinate>
			<type>rectangle</type>
			<description>None</description>
			<possibleresult>
				<name>other-ship</name>
			</possibleresult>
			<points>
				<point>594.000000,1095.000000</point>
				<point>557.000000,1112.000000</point>
				<point>560.000000,1119.000000</point>
				<point>598.000000,1102.000000</point>
				<point>594.000000,1095.000000</point>
			</points>
		</object>
		<object>
			<coordinate>pixel</coordinate>
			<type>rectangle</type>
			<description>None</description>
			<possibleresult>
				<name>Dry Cargo Ship</name>
			</possibleresult>
			<points>
				<point>592.000000,1087.000000</point>
				<point>548.000000,1107.000000</point>
				<point>551.000000,1114.000000</point>
				<point>595.000000,1094.000000</point>
				<point>592.000000,1087.000000</point>
			</points>
		</object>
		<object>
			<coordinate>pixel</coordinate>
			<type>rectangle</type>
			<description>None</description>
			<possibleresult>
				<name>Dry Cargo Ship</name>
			</possibleresult>
			<points>
				<point>363.000000,1044.000000</point>
				<point>353.000000,1088.000000</point>
				<point>367.000000,1091.000000</point>
				<point>377.000000,1047.000000</point>
				<point>363.000000,1044.000000</point>
			</points>
		</object>
		<object>
			<coordinate>pixel</coordinate>
			<type>rectangle</type>
			<description>None</description>
			<possibleresult>
				<name>Dry Cargo Ship</name>
			</possibleresult>
			<points>
				<point>352.000000,1092.000000</point>
				<point>362.000000,1043.000000</point>
				<point>350.000000,1040.000000</point>
				<point>339.000000,1089.000000</point>
				<point>352.000000,1092.000000</point>
			</points>
		</object>
		<object>
			<coordinate>pixel</coordinate>
			<type>rectangle</type>
			<description>None</description>
			<possibleresult>
				<name>other-ship</name>
			</possibleresult>
			<points>
				<point>372.000000,1046.000000</point>
				<point>376.000000,1022.000000</point>
				<point>370.000000,1021.000000</point>
				<point>367.000000,1045.000000</point>
				<point>372.000000,1046.000000</point>
			</points>
		</object>
		<object>
			<coordinate>pixel</coordinate>
			<type>rectangle</type>
			<description>None</description>
			<possibleresult>
				<name>other-ship</name>
			</possibleresult>
			<points>
				<point>584.000000,1078.000000</point>
				<point>539.000000,1098.000000</point>
				<point>544.000000,1109.000000</point>
				<point>589.000000,1089.000000</point>
				<point>584.000000,1078.000000</point>
			</points>
		</object>
		<object>
			<coordinate>pixel</coordinate>
			<type>rectangle</type>
			<description>None</description>
			<possibleresult>
				<name>other-ship</name>
			</possibleresult>
			<points>
				<point>359.000000,1042.000000</point>
				<point>361.000000,1026.000000</point>
				<point>354.000000,1025.000000</point>
				<point>352.000000,1041.000000</point>
				<point>359.000000,1042.000000</point>
			</points>
		</object>
		<object>
			<coordinate>pixel</coordinate>
			<type>rectangle</type>
			<description>None</description>
			<possibleresult>
				<name>other-ship</name>
			</possibleresult>
			<points>
				<point>582.000000,1052.000000</point>
				<point>527.000000,1069.000000</point>
				<point>530.000000,1079.000000</point>
				<point>585.000000,1062.000000</point>
				<point>582.000000,1052.000000</point>
			</points>
		</object>
		<object>
			<coordinate>pixel</coordinate>
			<type>rectangle</type>
			<description>None</description>
			<possibleresult>
				<name>other-ship</name>
			</possibleresult>
			<points>
				<point>353.000000,1012.000000</point>
				<point>349.000000,1003.000000</point>
				<point>345.000000,1005.000000</point>
				<point>349.000000,1014.000000</point>
				<point>353.000000,1012.000000</point>
			</points>
		</object>
		<object>
			<coordinate>pixel</coordinate>
			<type>rectangle</type>
			<description>None</description>
			<possibleresult>
				<name>other-ship</name>
			</possibleresult>
			<points>
				<point>721.000000,604.000000</point>
				<point>722.000000,565.000000</point>
				<point>714.000000,565.000000</point>
				<point>713.000000,604.000000</point>
				<point>721.000000,604.000000</point>
			</points>
		</object>
		<object>
			<coordinate>pixel</coordinate>
			<type>rectangle</type>
			<description>None</description>
			<possibleresult>
				<name>Dry Cargo Ship</name>
			</possibleresult>
			<points>
				<point>799.000000,571.000000</point>
				<point>779.000000,619.000000</point>
				<point>799.000000,627.000000</point>
				<point>819.000000,579.000000</point>
				<point>799.000000,571.000000</point>
			</points>
		</object>
		<object>
			<coordinate>pixel</coordinate>
			<type>rectangle</type>
			<description>None</description>
			<possibleresult>
				<name>Dry Cargo Ship</name>
			</possibleresult>
			<points>
				<point>861.000000,581.000000</point>
				<point>902.000000,489.000000</point>
				<point>875.000000,476.000000</point>
				<point>834.000000,569.000000</point>
				<point>861.000000,581.000000</point>
			</points>
		</object>
		<object>
			<coordinate>pixel</coordinate>
			<type>rectangle</type>
			<description>None</description>
			<possibleresult>
				<name>Dry Cargo Ship</name>
			</possibleresult>
			<points>
				<point>997.000000,515.000000</point>
				<point>946.000000,619.000000</point>
				<point>983.000000,637.000000</point>
				<point>1035.000000,533.000000</point>
				<point>997.000000,515.000000</point>
			</points>
		</object>
		<object>
			<coordinate>pixel</coordinate>
			<type>rectangle</type>
			<description>None</description>
			<possibleresult>
				<name>Dry Cargo Ship</name>
			</possibleresult>
			<points>
				<point>1083.000000,484.000000</point>
				<point>1007.000000,648.000000</point>
				<point>1052.000000,668.000000</point>
				<point>1128.000000,505.000000</point>
				<point>1083.000000,484.000000</point>
			</points>
		</object>
		<object>
			<coordinate>pixel</coordinate>
			<type>rectangle</type>
			<description>None</description>
			<possibleresult>
				<name>Dry Cargo Ship</name>
			</possibleresult>
			<points>
				<point>1396.000000,451.000000</point>
				<point>1305.000000,478.000000</point>
				<point>1312.000000,500.000000</point>
				<point>1402.000000,474.000000</point>
				<point>1396.000000,451.000000</point>
			</points>
		</object>
		<object>
			<coordinate>pixel</coordinate>
			<type>rectangle</type>
			<description>None</description>
			<possibleresult>
				<name>Engineering Ship</name>
			</possibleresult>
			<points>
				<point>1191.000000,695.000000</point>
				<point>1128.000000,827.000000</point>
				<point>1155.000000,840.000000</point>
				<point>1218.000000,708.000000</point>
				<point>1191.000000,695.000000</point>
			</points>
		</object>
		<object>
			<coordinate>pixel</coordinate>
			<type>rectangle</type>
			<description>None</description>
			<possibleresult>
				<name>Dry Cargo Ship</name>
			</possibleresult>
			<points>
				<point>1286.000000,796.000000</point>
				<point>1250.000000,881.000000</point>
				<point>1271.000000,890.000000</point>
				<point>1308.000000,805.000000</point>
				<point>1286.000000,796.000000</point>
			</points>
		</object>
		<object>
			<coordinate>pixel</coordinate>
			<type>rectangle</type>
			<description>None</description>
			<possibleresult>
				<name>Dry Cargo Ship</name>
			</possibleresult>
			<points>
				<point>1308.000000,808.000000</point>
				<point>1272.000000,889.000000</point>
				<point>1290.000000,897.000000</point>
				<point>1326.000000,816.000000</point>
				<point>1308.000000,808.000000</point>
			</points>
		</object>
		<object>
			<coordinate>pixel</coordinate>
			<type>rectangle</type>
			<description>None</description>
			<possibleresult>
				<name>Dry Cargo Ship</name>
			</possibleresult>
			<points>
				<point>1243.000000,774.000000</point>
				<point>1205.000000,859.000000</point>
				<point>1228.000000,869.000000</point>
				<point>1265.000000,784.000000</point>
				<point>1243.000000,774.000000</point>
			</points>
		</object>
		<object>
			<coordinate>pixel</coordinate>
			<type>rectangle</type>
			<description>None</description>
			<possibleresult>
				<name>Dry Cargo Ship</name>
			</possibleresult>
			<points>
				<point>1264.000000,789.000000</point>
				<point>1230.000000,872.000000</point>
				<point>1250.000000,880.000000</point>
				<point>1284.000000,797.000000</point>
				<point>1264.000000,789.000000</point>
			</points>
		</object>
		<object>
			<coordinate>pixel</coordinate>
			<type>rectangle</type>
			<description>None</description>
			<possibleresult>
				<name>Dry Cargo Ship</name>
			</possibleresult>
			<points>
				<point>1325.000000,819.000000</point>
				<point>1289.000000,898.000000</point>
				<point>1309.000000,907.000000</point>
				<point>1345.000000,828.000000</point>
				<point>1325.000000,819.000000</point>
			</points>
		</object>
		<object>
			<coordinate>pixel</coordinate>
			<type>rectangle</type>
			<description>None</description>
			<possibleresult>
				<name>Dry Cargo Ship</name>
			</possibleresult>
			<points>
				<point>1341.000000,840.000000</point>
				<point>1312.000000,909.000000</point>
				<point>1331.000000,917.000000</point>
				<point>1359.000000,848.000000</point>
				<point>1341.000000,840.000000</point>
			</points>
		</object>
		<object>
			<coordinate>pixel</coordinate>
			<type>rectangle</type>
			<description>None</description>
			<possibleresult>
				<name>Dry Cargo Ship</name>
			</possibleresult>
			<points>
				<point>1364.000000,838.000000</point>
				<point>1331.000000,918.000000</point>
				<point>1348.000000,925.000000</point>
				<point>1381.000000,845.000000</point>
				<point>1364.000000,838.000000</point>
			</points>
		</object>
		<object>
			<coordinate>pixel</coordinate>
			<type>rectangle</type>
			<description>None</description>
			<possibleresult>
				<name>Dry Cargo Ship</name>
			</possibleresult>
			<points>
				<point>1383.000000,841.000000</point>
				<point>1345.000000,922.000000</point>
				<point>1366.000000,932.000000</point>
				<point>1404.000000,851.000000</point>
				<point>1383.000000,841.000000</point>
			</points>
		</object>
		<object>
			<coordinate>pixel</coordinate>
			<type>rectangle</type>
			<description>None</description>
			<possibleresult>
				<name>Dry Cargo Ship</name>
			</possibleresult>
			<points>
				<point>1393.000000,869.000000</point>
				<point>1365.000000,931.000000</point>
				<point>1382.000000,938.000000</point>
				<point>1410.000000,876.000000</point>
				<point>1393.000000,869.000000</point>
			</points>
		</object>
		<object>
			<coordinate>pixel</coordinate>
			<type>rectangle</type>
			<description>None</description>
			<possibleresult>
				<name>Dry Cargo Ship</name>
			</possibleresult>
			<points>
				<point>1475.000000,962.000000</point>
				<point>1401.000000,930.000000</point>
				<point>1393.000000,948.000000</point>
				<point>1467.000000,981.000000</point>
				<point>1475.000000,962.000000</point>
			</points>
		</object>
		<object>
			<coordinate>pixel</coordinate>
			<type>rectangle</type>
			<description>None</description>
			<possibleresult>
				<name>Engineering Ship</name>
			</possibleresult>
			<points>
				<point>1084.000000,802.000000</point>
				<point>1126.000000,823.000000</point>
				<point>1182.000000,709.000000</point>
				<point>1139.000000,688.000000</point>
				<point>1084.000000,802.000000</point>
			</points>
		</object>
	</objects>
</annotation>