<?xml version="1.0" encoding="utf-8"?>
<annotation>
	<source>
		<filename>1193.tif</filename>
		<origin>GF2/GF3</origin>
	</source>
	<research>
		<version>1.0</version>
		<provider>FAIR1M</provider>
		<author>Cyber</author>
		<pluginname>FAIR1M</pluginname>
		<pluginclass>object detection</pluginclass>
		<time>2021-03</time>
	</research>
	<size>
		<width>1000</width>
		<height>1000</height>
		<depth>3</depth>
	</size>
	<objects>
		<object>
			<coordinate>pixel</coordinate>
			<type>rectangle</type>
			<description>None</description>
			<possibleresult>
				<name>Trailer</name>
			</possibleresult>
			<points>
				<point>445.000000,597.000000</point>
				<point>407.958618,644.052490</point>
				<point>399.000000,637.000000</point>
				<point>436.041382,589.947510</point>
				<point>445.000000,597.000000</point>
			</points>
		</object>
		<object>
			<coordinate>pixel</coordinate>
			<type>rectangle</type>
			<description>None</description>
			<possibleresult>
				<name>Van</name>
			</possibleresult>
			<points>
				<point>334.688538,656.573669</point>
				<point>326.000000,666.999939</point>
				<point>320.000000,661.999939</point>
				<point>328.688538,651.573669</point>
				<point>334.688538,656.573669</point>
			</points>
		</object>
		<object>
			<coordinate>pixel</coordinate>
			<type>rectangle</type>
			<description>None</description>
			<possibleresult>
				<name>Cargo Truck</name>
			</possibleresult>
			<points>
				<point>320.465332,672.653503</point>
				<point>311.465332,683.653503</point>
				<point>307.000000,680.000061</point>
				<point>316.000000,669.000061</point>
				<point>320.465332,672.653503</point>
			</points>
		</object>
		<object>
			<coordinate>pixel</coordinate>
			<type>rectangle</type>
			<description>None</description>
			<possibleresult>
				<name>Small Car</name>
			</possibleresult>
			<points>
				<point>307.000092,692.000000</point>
				<point>297.955536,703.054443</point>
				<point>293.000092,699.000000</point>
				<point>302.044647,687.945557</point>
				<point>307.000092,692.000000</point>
			</points>
		</object>
		<object>
			<coordinate>pixel</coordinate>
			<type>rectangle</type>
			<description>None</description>
			<possibleresult>
				<name>Cargo Truck</name>
			</possibleresult>
			<points>
				<point>283.041382,730.496582</point>
				<point>277.000000,731.000000</point>
				<point>276.000000,719.000000</point>
				<point>282.041382,718.496582</point>
				<point>283.041382,730.496582</point>
			</points>
		</object>
		<object>
			<coordinate>pixel</coordinate>
			<type>rectangle</type>
			<description>None</description>
			<possibleresult>
				<name>Warship</name>
			</possibleresult>
			<points>
				<point>258.000061,921.000000</point>
				<point>195.487061,1000.000000</point>
				<point>141.913193,1000.000000</point>
				<point>225.055054,894.930542</point>
				<point>258.000061,921.000000</point>
			</points>
		</object>
		<object>
			<coordinate>pixel</coordinate>
			<type>rectangle</type>
			<description>None</description>
			<possibleresult>
				<name>Warship</name>
			</possibleresult>
			<points>
				<point>347.000031,798.000061</point>
				<point>270.000031,896.000061</point>
				<point>242.618317,874.485901</point>
				<point>319.618317,776.485901</point>
				<point>347.000031,798.000061</point>
			</points>
		</object>
		<object>
			<coordinate>pixel</coordinate>
			<type>rectangle</type>
			<description>None</description>
			<possibleresult>
				<name>Warship</name>
			</possibleresult>
			<points>
				<point>456.251495,663.683960</point>
				<point>382.000031,757.000000</point>
				<point>354.748566,735.316040</point>
				<point>429.000031,642.000000</point>
				<point>456.251495,663.683960</point>
			</points>
		</object>
		<object>
			<coordinate>pixel</coordinate>
			<type>rectangle</type>
			<description>None</description>
			<possibleresult>
				<name>Trailer</name>
			</possibleresult>
			<points>
				<point>198.215439,908.723022</point>
				<point>170.215439,944.723022</point>
				<point>159.000046,936.000000</point>
				<point>187.000046,900.000000</point>
				<point>198.215439,908.723022</point>
			</points>
		</object>
		<object>
			<coordinate>pixel</coordinate>
			<type>rectangle</type>
			<description>None</description>
			<possibleresult>
				<name>Trailer</name>
			</possibleresult>
			<points>
				<point>235.215408,866.723145</point>
				<point>207.000015,903.000000</point>
				<point>195.784622,894.276978</point>
				<point>224.000015,858.000122</point>
				<point>235.215408,866.723145</point>
			</points>
		</object>
		<object>
			<coordinate>pixel</coordinate>
			<type>rectangle</type>
			<description>None</description>
			<possibleresult>
				<name>Van</name>
			</possibleresult>
			<points>
				<point>102.000008,907.000000</point>
				<point>99.314766,913.137695</point>
				<point>83.314766,906.137695</point>
				<point>86.000008,900.000000</point>
				<point>102.000008,907.000000</point>
			</points>
		</object>
		<object>
			<coordinate>pixel</coordinate>
			<type>rectangle</type>
			<description>None</description>
			<possibleresult>
				<name>Van</name>
			</possibleresult>
			<points>
				<point>117.335602,917.234924</point>
				<point>114.000031,922.000061</point>
				<point>103.664459,914.765198</point>
				<point>107.000031,910.000061</point>
				<point>117.335602,917.234924</point>
			</points>
		</object>
		<object>
			<coordinate>pixel</coordinate>
			<type>rectangle</type>
			<description>None</description>
			<possibleresult>
				<name>Trailer</name>
			</possibleresult>
			<points>
				<point>10.999996,867.000061</point>
				<point>-5.502320,858.547668</point>
				<point>0.000022,847.804993</point>
				<point>16.502338,856.257385</point>
				<point>10.999996,867.000061</point>
			</points>
		</object>
		<object>
			<coordinate>pixel</coordinate>
			<type>rectangle</type>
			<description>None</description>
			<possibleresult>
				<name>Trailer</name>
			</possibleresult>
			<points>
				<point>4.400002,881.000122</point>
				<point>-0.000000,881.000122</point>
				<point>0.000000,870.000122</point>
				<point>4.400002,870.000122</point>
				<point>4.400002,881.000122</point>
			</points>
		</object>
		<object>
			<coordinate>pixel</coordinate>
			<type>rectangle</type>
			<description>None</description>
			<possibleresult>
				<name>Warship</name>
			</possibleresult>
			<points>
				<point>507.099915,392.053955</point>
				<point>492.000061,420.000000</point>
				<point>367.900146,352.946045</point>
				<point>383.000000,325.000000</point>
				<point>507.099915,392.053955</point>
			</points>
		</object>
		<object>
			<coordinate>pixel</coordinate>
			<type>rectangle</type>
			<description>None</description>
			<possibleresult>
				<name>Excavator</name>
			</possibleresult>
			<points>
				<point>97.390228,553.512207</point>
				<point>80.999985,574.000000</point>
				<point>71.609741,566.487793</point>
				<point>87.999985,546.000000</point>
				<point>97.390228,553.512207</point>
			</points>
		</object>
		<object>
			<coordinate>pixel</coordinate>
			<type>rectangle</type>
			<description>None</description>
			<possibleresult>
				<name>Warship</name>
			</possibleresult>
			<points>
				<point>852.945801,1000.000000</point>
				<point>763.000061,948.000122</point>
				<point>779.824402,918.898560</point>
				<point>908.000061,993.000122</point>
				<point>852.945801,1000.000000</point>
			</points>
		</object>
		<object>
			<coordinate>pixel</coordinate>
			<type>rectangle</type>
			<description>None</description>
			<possibleresult>
				<name>Warship</name>
			</possibleresult>
			<points>
				<point>719.387939,1000.000000</point>
				<point>719.387939,986.112305</point>
				<point>754.424316,986.112305</point>
				<point>754.424316,1000.000000</point>
				<point>719.387939,1000.000000</point>
			</points>
		</object>
	</objects>
</annotation>