<?xml version="1.0" encoding="utf-8"?>
<annotation>
	<source>
		<filename>1194.tif</filename>
		<origin>GF2/GF3</origin>
	</source>
	<research>
		<version>1.0</version>
		<provider>FAIR1M</provider>
		<author>Cyber</author>
		<pluginname>FAIR1M</pluginname>
		<pluginclass>object detection</pluginclass>
		<time>2021-03</time>
	</research>
	<size>
		<width>1500</width>
		<height>1500</height>
		<depth>3</depth>
	</size>
	<objects>
		<object>
			<coordinate>pixel</coordinate>
			<type>rectangle</type>
			<description>None</description>
			<possibleresult>
				<name>Dry Cargo Ship</name>
			</possibleresult>
			<points>
				<point>389.000000,686.000000</point>
				<point>-66.000000,806.000000</point>
				<point>-48.000000,875.000000</point>
				<point>408.000000,755.000000</point>
				<point>389.000000,686.000000</point>
			</points>
		</object>
		<object>
			<coordinate>pixel</coordinate>
			<type>rectangle</type>
			<description>None</description>
			<possibleresult>
				<name>Liquid Cargo Ship</name>
			</possibleresult>
			<points>
				<point>795.000000,630.000000</point>
				<point>639.000000,677.000000</point>
				<point>647.000000,704.000000</point>
				<point>803.000000,657.000000</point>
				<point>795.000000,630.000000</point>
			</points>
		</object>
	</objects>
</annotation>