<?xml version="1.0" encoding="utf-8"?>
<annotation>
	<source>
		<filename>1199.tif</filename>
		<origin>GF2/GF3</origin>
	</source>
	<research>
		<version>1.0</version>
		<provider>FAIR1M</provider>
		<author>Cyber</author>
		<pluginname>FAIR1M</pluginname>
		<pluginclass>object detection</pluginclass>
		<time>2021-03</time>
	</research>
	<size>
		<width>1500</width>
		<height>1500</height>
		<depth>3</depth>
	</size>
	<objects>
		<object>
			<coordinate>pixel</coordinate>
			<type>rectangle</type>
			<description>None</description>
			<possibleresult>
				<name>Liquid Cargo Ship</name>
			</possibleresult>
			<points>
				<point>804.000000,630.000000</point>
				<point>936.000000,688.000000</point>
				<point>949.000000,658.000000</point>
				<point>817.000000,600.000000</point>
				<point>804.000000,630.000000</point>
			</points>
		</object>
		<object>
			<coordinate>pixel</coordinate>
			<type>rectangle</type>
			<description>None</description>
			<possibleresult>
				<name>Liquid Cargo Ship</name>
			</possibleresult>
			<points>
				<point>931.000000,760.000000</point>
				<point>982.000000,703.000000</point>
				<point>967.000000,690.000000</point>
				<point>916.000000,747.000000</point>
				<point>931.000000,760.000000</point>
			</points>
		</object>
		<object>
			<coordinate>pixel</coordinate>
			<type>rectangle</type>
			<description>None</description>
			<possibleresult>
				<name>Dry Cargo Ship</name>
			</possibleresult>
			<points>
				<point>1046.000000,832.000000</point>
				<point>1065.000000,769.000000</point>
				<point>1052.000000,765.000000</point>
				<point>1033.000000,828.000000</point>
				<point>1046.000000,832.000000</point>
			</points>
		</object>
		<object>
			<coordinate>pixel</coordinate>
			<type>rectangle</type>
			<description>None</description>
			<possibleresult>
				<name>Fishing Boat</name>
			</possibleresult>
			<points>
				<point>509.000000,557.000000</point>
				<point>572.000000,584.000000</point>
				<point>580.000000,567.000000</point>
				<point>517.000000,540.000000</point>
				<point>509.000000,557.000000</point>
			</points>
		</object>
		<object>
			<coordinate>pixel</coordinate>
			<type>rectangle</type>
			<description>None</description>
			<possibleresult>
				<name>Passenger Ship</name>
			</possibleresult>
			<points>
				<point>462.000000,522.000000</point>
				<point>524.000000,451.000000</point>
				<point>511.000000,439.000000</point>
				<point>449.000000,510.000000</point>
				<point>462.000000,522.000000</point>
			</points>
		</object>
		<object>
			<coordinate>pixel</coordinate>
			<type>rectangle</type>
			<description>None</description>
			<possibleresult>
				<name>Passenger Ship</name>
			</possibleresult>
			<points>
				<point>444.000000,515.000000</point>
				<point>510.000000,440.000000</point>
				<point>496.000000,428.000000</point>
				<point>430.000000,503.000000</point>
				<point>444.000000,515.000000</point>
			</points>
		</object>
		<object>
			<coordinate>pixel</coordinate>
			<type>rectangle</type>
			<description>None</description>
			<possibleresult>
				<name>Passenger Ship</name>
			</possibleresult>
			<points>
				<point>428.000000,459.000000</point>
				<point>475.000000,401.000000</point>
				<point>466.000000,394.000000</point>
				<point>420.000000,452.000000</point>
				<point>428.000000,459.000000</point>
			</points>
		</object>
		<object>
			<coordinate>pixel</coordinate>
			<type>rectangle</type>
			<description>None</description>
			<possibleresult>
				<name>Passenger Ship</name>
			</possibleresult>
			<points>
				<point>436.000000,483.000000</point>
				<point>496.000000,408.000000</point>
				<point>481.000000,395.000000</point>
				<point>420.000000,470.000000</point>
				<point>436.000000,483.000000</point>
			</points>
		</object>
		<object>
			<coordinate>pixel</coordinate>
			<type>rectangle</type>
			<description>None</description>
			<possibleresult>
				<name>Motorboat</name>
			</possibleresult>
			<points>
				<point>397.000000,504.000000</point>
				<point>420.000000,480.000000</point>
				<point>412.000000,472.000000</point>
				<point>389.000000,496.000000</point>
				<point>397.000000,504.000000</point>
			</points>
		</object>
		<object>
			<coordinate>pixel</coordinate>
			<type>rectangle</type>
			<description>None</description>
			<possibleresult>
				<name>Passenger Ship</name>
			</possibleresult>
			<points>
				<point>394.000000,530.000000</point>
				<point>432.000000,486.000000</point>
				<point>423.000000,477.000000</point>
				<point>385.000000,522.000000</point>
				<point>394.000000,530.000000</point>
			</points>
		</object>
		<object>
			<coordinate>pixel</coordinate>
			<type>rectangle</type>
			<description>None</description>
			<possibleresult>
				<name>Fishing Boat</name>
			</possibleresult>
			<points>
				<point>240.000000,628.000000</point>
				<point>174.000000,600.000000</point>
				<point>168.000000,616.000000</point>
				<point>233.000000,643.000000</point>
				<point>240.000000,628.000000</point>
			</points>
		</object>
		<object>
			<coordinate>pixel</coordinate>
			<type>rectangle</type>
			<description>None</description>
			<possibleresult>
				<name>Fishing Boat</name>
			</possibleresult>
			<points>
				<point>233.000000,645.000000</point>
				<point>171.000000,618.000000</point>
				<point>166.000000,631.000000</point>
				<point>228.000000,657.000000</point>
				<point>233.000000,645.000000</point>
			</points>
		</object>
		<object>
			<coordinate>pixel</coordinate>
			<type>rectangle</type>
			<description>None</description>
			<possibleresult>
				<name>Fishing Boat</name>
			</possibleresult>
			<points>
				<point>298.000000,562.000000</point>
				<point>322.000000,503.000000</point>
				<point>309.000000,498.000000</point>
				<point>285.000000,557.000000</point>
				<point>298.000000,562.000000</point>
			</points>
		</object>
		<object>
			<coordinate>pixel</coordinate>
			<type>rectangle</type>
			<description>None</description>
			<possibleresult>
				<name>Fishing Boat</name>
			</possibleresult>
			<points>
				<point>311.000000,562.000000</point>
				<point>331.000000,515.000000</point>
				<point>320.000000,511.000000</point>
				<point>301.000000,557.000000</point>
				<point>311.000000,562.000000</point>
			</points>
		</object>
		<object>
			<coordinate>pixel</coordinate>
			<type>rectangle</type>
			<description>None</description>
			<possibleresult>
				<name>Fishing Boat</name>
			</possibleresult>
			<points>
				<point>247.000000,675.000000</point>
				<point>268.000000,630.000000</point>
				<point>258.000000,625.000000</point>
				<point>236.000000,670.000000</point>
				<point>247.000000,675.000000</point>
			</points>
		</object>
		<object>
			<coordinate>pixel</coordinate>
			<type>rectangle</type>
			<description>None</description>
			<possibleresult>
				<name>Fishing Boat</name>
			</possibleresult>
			<points>
				<point>256.000000,678.000000</point>
				<point>276.000000,636.000000</point>
				<point>268.000000,632.000000</point>
				<point>248.000000,674.000000</point>
				<point>256.000000,678.000000</point>
			</points>
		</object>
		<object>
			<coordinate>pixel</coordinate>
			<type>rectangle</type>
			<description>None</description>
			<possibleresult>
				<name>Passenger Ship</name>
			</possibleresult>
			<points>
				<point>39.000000,585.000000</point>
				<point>124.000000,624.000000</point>
				<point>135.000000,601.000000</point>
				<point>49.000000,562.000000</point>
				<point>39.000000,585.000000</point>
			</points>
		</object>
		<object>
			<coordinate>pixel</coordinate>
			<type>rectangle</type>
			<description>None</description>
			<possibleresult>
				<name>Passenger Ship</name>
			</possibleresult>
			<points>
				<point>136.000000,383.000000</point>
				<point>61.000000,351.000000</point>
				<point>53.000000,370.000000</point>
				<point>128.000000,402.000000</point>
				<point>136.000000,383.000000</point>
			</points>
		</object>
		<object>
			<coordinate>pixel</coordinate>
			<type>rectangle</type>
			<description>None</description>
			<possibleresult>
				<name>Fishing Boat</name>
			</possibleresult>
			<points>
				<point>-17.000000,331.000000</point>
				<point>48.000000,359.000000</point>
				<point>54.000000,346.000000</point>
				<point>-12.000000,318.000000</point>
				<point>-17.000000,331.000000</point>
			</points>
		</object>
		<object>
			<coordinate>pixel</coordinate>
			<type>rectangle</type>
			<description>None</description>
			<possibleresult>
				<name>Passenger Ship</name>
			</possibleresult>
			<points>
				<point>144.000000,314.000000</point>
				<point>65.000000,280.000000</point>
				<point>55.000000,303.000000</point>
				<point>134.000000,337.000000</point>
				<point>144.000000,314.000000</point>
			</points>
		</object>
		<object>
			<coordinate>pixel</coordinate>
			<type>rectangle</type>
			<description>None</description>
			<possibleresult>
				<name>Fishing Boat</name>
			</possibleresult>
			<points>
				<point>224.000000,655.000000</point>
				<point>174.000000,634.000000</point>
				<point>169.000000,646.000000</point>
				<point>218.000000,668.000000</point>
				<point>224.000000,655.000000</point>
			</points>
		</object>
	</objects>
</annotation>