<?xml version="1.0" encoding="utf-8"?>
<annotation>
	<source>
		<filename>12.tif</filename>
		<origin>GF2/GF3</origin>
	</source>
	<research>
		<version>1.0</version>
		<provider>FAIR1M</provider>
		<author>Cyber</author>
		<pluginname>FAIR1M</pluginname>
		<pluginclass>object detection</pluginclass>
		<time>2021-03</time>
	</research>
	<size>
		<width>1500</width>
		<height>1500</height>
		<depth>3</depth>
	</size>
	<objects>
		<object>
			<coordinate>pixel</coordinate>
			<type>rectangle</type>
			<description>None</description>
			<possibleresult>
				<name>Dry Cargo Ship</name>
			</possibleresult>
			<points>
				<point>851.000000,777.000000</point>
				<point>653.000000,669.000000</point>
				<point>627.000000,718.000000</point>
				<point>825.000000,826.000000</point>
				<point>851.000000,777.000000</point>
			</points>
		</object>
		<object>
			<coordinate>pixel</coordinate>
			<type>rectangle</type>
			<description>None</description>
			<possibleresult>
				<name>Passenger Ship</name>
			</possibleresult>
			<points>
				<point>1190.000000,416.000000</point>
				<point>1405.000000,533.000000</point>
				<point>1430.000000,487.000000</point>
				<point>1215.000000,370.000000</point>
				<point>1190.000000,416.000000</point>
			</points>
		</object>
		<object>
			<coordinate>pixel</coordinate>
			<type>rectangle</type>
			<description>None</description>
			<possibleresult>
				<name>Dry Cargo Ship</name>
			</possibleresult>
			<points>
				<point>622.000000,361.000000</point>
				<point>732.000000,420.000000</point>
				<point>747.000000,391.000000</point>
				<point>637.000000,332.000000</point>
				<point>622.000000,361.000000</point>
			</points>
		</object>
		<object>
			<coordinate>pixel</coordinate>
			<type>rectangle</type>
			<description>None</description>
			<possibleresult>
				<name>Dry Cargo Ship</name>
			</possibleresult>
			<points>
				<point>541.000000,524.000000</point>
				<point>612.000000,389.000000</point>
				<point>584.000000,374.000000</point>
				<point>513.000000,510.000000</point>
				<point>541.000000,524.000000</point>
			</points>
		</object>
		<object>
			<coordinate>pixel</coordinate>
			<type>rectangle</type>
			<description>None</description>
			<possibleresult>
				<name>Dry Cargo Ship</name>
			</possibleresult>
			<points>
				<point>1437.000000,1081.000000</point>
				<point>1313.000000,1015.000000</point>
				<point>1296.000000,1048.000000</point>
				<point>1420.000000,1114.000000</point>
				<point>1437.000000,1081.000000</point>
			</points>
		</object>
		<object>
			<coordinate>pixel</coordinate>
			<type>rectangle</type>
			<description>None</description>
			<possibleresult>
				<name>Dry Cargo Ship</name>
			</possibleresult>
			<points>
				<point>1085.000000,1293.000000</point>
				<point>1144.000000,1176.000000</point>
				<point>1121.000000,1164.000000</point>
				<point>1062.000000,1282.000000</point>
				<point>1085.000000,1293.000000</point>
			</points>
		</object>
		<object>
			<coordinate>pixel</coordinate>
			<type>rectangle</type>
			<description>None</description>
			<possibleresult>
				<name>Dry Cargo Ship</name>
			</possibleresult>
			<points>
				<point>882.000000,1440.000000</point>
				<point>665.000000,1320.000000</point>
				<point>642.000000,1361.000000</point>
				<point>859.000000,1481.000000</point>
				<point>882.000000,1440.000000</point>
			</points>
		</object>
		<object>
			<coordinate>pixel</coordinate>
			<type>rectangle</type>
			<description>None</description>
			<possibleresult>
				<name>Dry Cargo Ship</name>
			</possibleresult>
			<points>
				<point>629.000000,1320.000000</point>
				<point>394.000000,1205.000000</point>
				<point>379.000000,1235.000000</point>
				<point>615.000000,1350.000000</point>
				<point>629.000000,1320.000000</point>
			</points>
		</object>
		<object>
			<coordinate>pixel</coordinate>
			<type>rectangle</type>
			<description>None</description>
			<possibleresult>
				<name>Dry Cargo Ship</name>
			</possibleresult>
			<points>
				<point>236.000000,1136.000000</point>
				<point>18.000000,1194.000000</point>
				<point>28.000000,1231.000000</point>
				<point>246.000000,1173.000000</point>
				<point>236.000000,1136.000000</point>
			</points>
		</object>
		<object>
			<coordinate>pixel</coordinate>
			<type>rectangle</type>
			<description>None</description>
			<possibleresult>
				<name>Fishing Boat</name>
			</possibleresult>
			<points>
				<point>402.000000,1207.000000</point>
				<point>475.000000,1241.000000</point>
				<point>481.000000,1227.000000</point>
				<point>408.000000,1193.000000</point>
				<point>402.000000,1207.000000</point>
			</points>
		</object>
		<object>
			<coordinate>pixel</coordinate>
			<type>rectangle</type>
			<description>None</description>
			<possibleresult>
				<name>Fishing Boat</name>
			</possibleresult>
			<points>
				<point>1431.000000,666.000000</point>
				<point>1461.000000,699.000000</point>
				<point>1470.000000,690.000000</point>
				<point>1441.000000,658.000000</point>
				<point>1431.000000,666.000000</point>
			</points>
		</object>
	</objects>
</annotation>