<?xml version="1.0" encoding="utf-8"?>
<annotation>
	<source>
		<filename>120.tif</filename>
		<origin>GF2/GF3</origin>
	</source>
	<research>
		<version>1.0</version>
		<provider>FAIR1M</provider>
		<author>Cyber</author>
		<pluginname>FAIR1M</pluginname>
		<pluginclass>object detection</pluginclass>
		<time>2021-03</time>
	</research>
	<size>
		<width>1500</width>
		<height>1500</height>
		<depth>3</depth>
	</size>
	<objects>
		<object>
			<coordinate>pixel</coordinate>
			<type>rectangle</type>
			<description>None</description>
			<possibleresult>
				<name>Liquid Cargo Ship</name>
			</possibleresult>
			<points>
				<point>106.000000,253.000000</point>
				<point>242.000000,285.000000</point>
				<point>249.000000,255.000000</point>
				<point>113.000000,223.000000</point>
				<point>106.000000,253.000000</point>
			</points>
		</object>
		<object>
			<coordinate>pixel</coordinate>
			<type>rectangle</type>
			<description>None</description>
			<possibleresult>
				<name>Liquid Cargo Ship</name>
			</possibleresult>
			<points>
				<point>1268.000000,723.000000</point>
				<point>1114.000000,683.000000</point>
				<point>1105.000000,716.000000</point>
				<point>1259.000000,756.000000</point>
				<point>1268.000000,723.000000</point>
			</points>
		</object>
		<object>
			<coordinate>pixel</coordinate>
			<type>rectangle</type>
			<description>None</description>
			<possibleresult>
				<name>other-ship</name>
			</possibleresult>
			<points>
				<point>142.000000,669.000000</point>
				<point>174.000000,682.000000</point>
				<point>180.000000,666.000000</point>
				<point>148.000000,653.000000</point>
				<point>142.000000,669.000000</point>
			</points>
		</object>
		<object>
			<coordinate>pixel</coordinate>
			<type>rectangle</type>
			<description>None</description>
			<possibleresult>
				<name>other-ship</name>
			</possibleresult>
			<points>
				<point>321.000000,623.000000</point>
				<point>357.000000,631.000000</point>
				<point>361.000000,615.000000</point>
				<point>325.000000,607.000000</point>
				<point>321.000000,623.000000</point>
			</points>
		</object>
		<object>
			<coordinate>pixel</coordinate>
			<type>rectangle</type>
			<description>None</description>
			<possibleresult>
				<name>other-ship</name>
			</possibleresult>
			<points>
				<point>701.000000,809.000000</point>
				<point>750.000000,829.000000</point>
				<point>756.000000,815.000000</point>
				<point>707.000000,796.000000</point>
				<point>701.000000,809.000000</point>
			</points>
		</object>
	</objects>
</annotation>