<?xml version="1.0" encoding="utf-8"?>
<annotation>
	<source>
		<filename>1203.tif</filename>
		<origin>GF2/GF3</origin>
	</source>
	<research>
		<version>1.0</version>
		<provider>FAIR1M</provider>
		<author>Cyber</author>
		<pluginname>FAIR1M</pluginname>
		<pluginclass>object detection</pluginclass>
		<time>2021-03</time>
	</research>
	<size>
		<width>1500</width>
		<height>1500</height>
		<depth>3</depth>
	</size>
	<objects>
		<object>
			<coordinate>pixel</coordinate>
			<type>rectangle</type>
			<description>None</description>
			<possibleresult>
				<name>Warship</name>
			</possibleresult>
			<points>
				<point>1349.000000,157.000000</point>
				<point>1478.000000,313.000000</point>
				<point>1503.000000,293.000000</point>
				<point>1374.000000,137.000000</point>
				<point>1349.000000,157.000000</point>
			</points>
		</object>
		<object>
			<coordinate>pixel</coordinate>
			<type>rectangle</type>
			<description>None</description>
			<possibleresult>
				<name>Tugboat</name>
			</possibleresult>
			<points>
				<point>1409.000000,244.000000</point>
				<point>1429.000000,269.000000</point>
				<point>1436.000000,263.000000</point>
				<point>1416.000000,238.000000</point>
				<point>1409.000000,244.000000</point>
			</points>
		</object>
		<object>
			<coordinate>pixel</coordinate>
			<type>rectangle</type>
			<description>None</description>
			<possibleresult>
				<name>Fishing Boat</name>
			</possibleresult>
			<points>
				<point>1445.000000,510.000000</point>
				<point>1445.000000,469.000000</point>
				<point>1436.000000,469.000000</point>
				<point>1435.000000,509.000000</point>
				<point>1445.000000,510.000000</point>
			</points>
		</object>
		<object>
			<coordinate>pixel</coordinate>
			<type>rectangle</type>
			<description>None</description>
			<possibleresult>
				<name>Fishing Boat</name>
			</possibleresult>
			<points>
				<point>1429.000000,401.000000</point>
				<point>1392.000000,398.000000</point>
				<point>1391.000000,411.000000</point>
				<point>1428.000000,413.000000</point>
				<point>1429.000000,401.000000</point>
			</points>
		</object>
		<object>
			<coordinate>pixel</coordinate>
			<type>rectangle</type>
			<description>None</description>
			<possibleresult>
				<name>Fishing Boat</name>
			</possibleresult>
			<points>
				<point>1393.000000,396.000000</point>
				<point>1424.000000,399.000000</point>
				<point>1424.000000,392.000000</point>
				<point>1394.000000,390.000000</point>
				<point>1393.000000,396.000000</point>
			</points>
		</object>
		<object>
			<coordinate>pixel</coordinate>
			<type>rectangle</type>
			<description>None</description>
			<possibleresult>
				<name>Fishing Boat</name>
			</possibleresult>
			<points>
				<point>1396.000000,388.000000</point>
				<point>1425.000000,390.000000</point>
				<point>1426.000000,385.000000</point>
				<point>1396.000000,383.000000</point>
				<point>1396.000000,388.000000</point>
			</points>
		</object>
		<object>
			<coordinate>pixel</coordinate>
			<type>rectangle</type>
			<description>None</description>
			<possibleresult>
				<name>Fishing Boat</name>
			</possibleresult>
			<points>
				<point>1397.000000,454.000000</point>
				<point>1399.000000,416.000000</point>
				<point>1390.000000,416.000000</point>
				<point>1388.000000,454.000000</point>
				<point>1397.000000,454.000000</point>
			</points>
		</object>
		<object>
			<coordinate>pixel</coordinate>
			<type>rectangle</type>
			<description>None</description>
			<possibleresult>
				<name>Motorboat</name>
			</possibleresult>
			<points>
				<point>1398.000000,550.000000</point>
				<point>1399.000000,526.000000</point>
				<point>1393.000000,526.000000</point>
				<point>1393.000000,550.000000</point>
				<point>1398.000000,550.000000</point>
			</points>
		</object>
		<object>
			<coordinate>pixel</coordinate>
			<type>rectangle</type>
			<description>None</description>
			<possibleresult>
				<name>Motorboat</name>
			</possibleresult>
			<points>
				<point>1391.000000,549.000000</point>
				<point>1393.000000,526.000000</point>
				<point>1387.000000,526.000000</point>
				<point>1386.000000,549.000000</point>
				<point>1391.000000,549.000000</point>
			</points>
		</object>
		<object>
			<coordinate>pixel</coordinate>
			<type>rectangle</type>
			<description>None</description>
			<possibleresult>
				<name>Motorboat</name>
			</possibleresult>
			<points>
				<point>1385.000000,546.000000</point>
				<point>1385.000000,526.000000</point>
				<point>1380.000000,526.000000</point>
				<point>1380.000000,546.000000</point>
				<point>1385.000000,546.000000</point>
			</points>
		</object>
		<object>
			<coordinate>pixel</coordinate>
			<type>rectangle</type>
			<description>None</description>
			<possibleresult>
				<name>Motorboat</name>
			</possibleresult>
			<points>
				<point>1336.000000,563.000000</point>
				<point>1334.000000,540.000000</point>
				<point>1330.000000,540.000000</point>
				<point>1332.000000,563.000000</point>
				<point>1336.000000,563.000000</point>
			</points>
		</object>
		<object>
			<coordinate>pixel</coordinate>
			<type>rectangle</type>
			<description>None</description>
			<possibleresult>
				<name>Motorboat</name>
			</possibleresult>
			<points>
				<point>1328.000000,565.000000</point>
				<point>1329.000000,541.000000</point>
				<point>1324.000000,541.000000</point>
				<point>1323.000000,565.000000</point>
				<point>1328.000000,565.000000</point>
			</points>
		</object>
		<object>
			<coordinate>pixel</coordinate>
			<type>rectangle</type>
			<description>None</description>
			<possibleresult>
				<name>Motorboat</name>
			</possibleresult>
			<points>
				<point>1321.000000,566.000000</point>
				<point>1322.000000,538.000000</point>
				<point>1317.000000,537.000000</point>
				<point>1316.000000,565.000000</point>
				<point>1321.000000,566.000000</point>
			</points>
		</object>
		<object>
			<coordinate>pixel</coordinate>
			<type>rectangle</type>
			<description>None</description>
			<possibleresult>
				<name>Motorboat</name>
			</possibleresult>
			<points>
				<point>1315.000000,564.000000</point>
				<point>1317.000000,537.000000</point>
				<point>1311.000000,537.000000</point>
				<point>1310.000000,564.000000</point>
				<point>1315.000000,564.000000</point>
			</points>
		</object>
		<object>
			<coordinate>pixel</coordinate>
			<type>rectangle</type>
			<description>None</description>
			<possibleresult>
				<name>Motorboat</name>
			</possibleresult>
			<points>
				<point>1310.000000,561.000000</point>
				<point>1310.000000,538.000000</point>
				<point>1306.000000,538.000000</point>
				<point>1306.000000,561.000000</point>
				<point>1310.000000,561.000000</point>
			</points>
		</object>
		<object>
			<coordinate>pixel</coordinate>
			<type>rectangle</type>
			<description>None</description>
			<possibleresult>
				<name>Motorboat</name>
			</possibleresult>
			<points>
				<point>1319.000000,516.000000</point>
				<point>1319.000000,535.000000</point>
				<point>1323.000000,535.000000</point>
				<point>1323.000000,516.000000</point>
				<point>1319.000000,516.000000</point>
			</points>
		</object>
		<object>
			<coordinate>pixel</coordinate>
			<type>rectangle</type>
			<description>None</description>
			<possibleresult>
				<name>Motorboat</name>
			</possibleresult>
			<points>
				<point>1313.000000,512.000000</point>
				<point>1313.000000,536.000000</point>
				<point>1317.000000,536.000000</point>
				<point>1318.000000,512.000000</point>
				<point>1313.000000,512.000000</point>
			</points>
		</object>
		<object>
			<coordinate>pixel</coordinate>
			<type>rectangle</type>
			<description>None</description>
			<possibleresult>
				<name>Motorboat</name>
			</possibleresult>
			<points>
				<point>1307.000000,513.000000</point>
				<point>1307.000000,535.000000</point>
				<point>1312.000000,535.000000</point>
				<point>1311.000000,513.000000</point>
				<point>1307.000000,513.000000</point>
			</points>
		</object>
		<object>
			<coordinate>pixel</coordinate>
			<type>rectangle</type>
			<description>None</description>
			<possibleresult>
				<name>Fishing Boat</name>
			</possibleresult>
			<points>
				<point>1268.000000,555.000000</point>
				<point>1268.000000,518.000000</point>
				<point>1257.000000,518.000000</point>
				<point>1257.000000,555.000000</point>
				<point>1268.000000,555.000000</point>
			</points>
		</object>
		<object>
			<coordinate>pixel</coordinate>
			<type>rectangle</type>
			<description>None</description>
			<possibleresult>
				<name>Fishing Boat</name>
			</possibleresult>
			<points>
				<point>1245.000000,513.000000</point>
				<point>1246.000000,550.000000</point>
				<point>1257.000000,550.000000</point>
				<point>1256.000000,512.000000</point>
				<point>1245.000000,513.000000</point>
			</points>
		</object>
		<object>
			<coordinate>pixel</coordinate>
			<type>rectangle</type>
			<description>None</description>
			<possibleresult>
				<name>Fishing Boat</name>
			</possibleresult>
			<points>
				<point>1309.000000,465.000000</point>
				<point>1307.000000,504.000000</point>
				<point>1318.000000,504.000000</point>
				<point>1320.000000,465.000000</point>
				<point>1309.000000,465.000000</point>
			</points>
		</object>
		<object>
			<coordinate>pixel</coordinate>
			<type>rectangle</type>
			<description>None</description>
			<possibleresult>
				<name>Fishing Boat</name>
			</possibleresult>
			<points>
				<point>1313.000000,416.000000</point>
				<point>1310.000000,454.000000</point>
				<point>1322.000000,455.000000</point>
				<point>1325.000000,417.000000</point>
				<point>1313.000000,416.000000</point>
			</points>
		</object>
		<object>
			<coordinate>pixel</coordinate>
			<type>rectangle</type>
			<description>None</description>
			<possibleresult>
				<name>Fishing Boat</name>
			</possibleresult>
			<points>
				<point>1278.000000,413.000000</point>
				<point>1277.000000,452.000000</point>
				<point>1290.000000,452.000000</point>
				<point>1292.000000,414.000000</point>
				<point>1278.000000,413.000000</point>
			</points>
		</object>
		<object>
			<coordinate>pixel</coordinate>
			<type>rectangle</type>
			<description>None</description>
			<possibleresult>
				<name>Fishing Boat</name>
			</possibleresult>
			<points>
				<point>1327.000000,364.000000</point>
				<point>1326.000000,403.000000</point>
				<point>1338.000000,404.000000</point>
				<point>1339.000000,364.000000</point>
				<point>1327.000000,364.000000</point>
			</points>
		</object>
		<object>
			<coordinate>pixel</coordinate>
			<type>rectangle</type>
			<description>None</description>
			<possibleresult>
				<name>Fishing Boat</name>
			</possibleresult>
			<points>
				<point>1313.000000,362.000000</point>
				<point>1312.000000,402.000000</point>
				<point>1325.000000,403.000000</point>
				<point>1326.000000,362.000000</point>
				<point>1313.000000,362.000000</point>
			</points>
		</object>
		<object>
			<coordinate>pixel</coordinate>
			<type>rectangle</type>
			<description>None</description>
			<possibleresult>
				<name>Fishing Boat</name>
			</possibleresult>
			<points>
				<point>1316.000000,309.000000</point>
				<point>1313.000000,356.000000</point>
				<point>1326.000000,356.000000</point>
				<point>1328.000000,310.000000</point>
				<point>1316.000000,309.000000</point>
			</points>
		</object>
		<object>
			<coordinate>pixel</coordinate>
			<type>rectangle</type>
			<description>None</description>
			<possibleresult>
				<name>Fishing Boat</name>
			</possibleresult>
			<points>
				<point>1282.000000,358.000000</point>
				<point>1279.000000,404.000000</point>
				<point>1292.000000,405.000000</point>
				<point>1295.000000,359.000000</point>
				<point>1282.000000,358.000000</point>
			</points>
		</object>
		<object>
			<coordinate>pixel</coordinate>
			<type>rectangle</type>
			<description>None</description>
			<possibleresult>
				<name>Fishing Boat</name>
			</possibleresult>
			<points>
				<point>1267.000000,356.000000</point>
				<point>1264.000000,404.000000</point>
				<point>1278.000000,405.000000</point>
				<point>1281.000000,357.000000</point>
				<point>1267.000000,356.000000</point>
			</points>
		</object>
		<object>
			<coordinate>pixel</coordinate>
			<type>rectangle</type>
			<description>None</description>
			<possibleresult>
				<name>Fishing Boat</name>
			</possibleresult>
			<points>
				<point>1284.000000,307.000000</point>
				<point>1280.000000,356.000000</point>
				<point>1292.000000,356.000000</point>
				<point>1296.000000,308.000000</point>
				<point>1284.000000,307.000000</point>
			</points>
		</object>
		<object>
			<coordinate>pixel</coordinate>
			<type>rectangle</type>
			<description>None</description>
			<possibleresult>
				<name>Fishing Boat</name>
			</possibleresult>
			<points>
				<point>1326.000000,287.000000</point>
				<point>1288.000000,284.000000</point>
				<point>1287.000000,294.000000</point>
				<point>1325.000000,296.000000</point>
				<point>1326.000000,287.000000</point>
			</points>
		</object>
		<object>
			<coordinate>pixel</coordinate>
			<type>rectangle</type>
			<description>None</description>
			<possibleresult>
				<name>Fishing Boat</name>
			</possibleresult>
			<points>
				<point>1326.000000,299.000000</point>
				<point>1287.000000,296.000000</point>
				<point>1286.000000,305.000000</point>
				<point>1325.000000,308.000000</point>
				<point>1326.000000,299.000000</point>
			</points>
		</object>
		<object>
			<coordinate>pixel</coordinate>
			<type>rectangle</type>
			<description>None</description>
			<possibleresult>
				<name>Fishing Boat</name>
			</possibleresult>
			<points>
				<point>1207.000000,129.000000</point>
				<point>1255.000000,147.000000</point>
				<point>1259.000000,135.000000</point>
				<point>1211.000000,117.000000</point>
				<point>1207.000000,129.000000</point>
			</points>
		</object>
		<object>
			<coordinate>pixel</coordinate>
			<type>rectangle</type>
			<description>None</description>
			<possibleresult>
				<name>Fishing Boat</name>
			</possibleresult>
			<points>
				<point>1210.000000,141.000000</point>
				<point>1248.000000,156.000000</point>
				<point>1252.000000,147.000000</point>
				<point>1214.000000,132.000000</point>
				<point>1210.000000,141.000000</point>
			</points>
		</object>
		<object>
			<coordinate>pixel</coordinate>
			<type>rectangle</type>
			<description>None</description>
			<possibleresult>
				<name>Fishing Boat</name>
			</possibleresult>
			<points>
				<point>1210.000000,156.000000</point>
				<point>1243.000000,167.000000</point>
				<point>1247.000000,156.000000</point>
				<point>1214.000000,145.000000</point>
				<point>1210.000000,156.000000</point>
			</points>
		</object>
		<object>
			<coordinate>pixel</coordinate>
			<type>rectangle</type>
			<description>None</description>
			<possibleresult>
				<name>Fishing Boat</name>
			</possibleresult>
			<points>
				<point>1196.000000,170.000000</point>
				<point>1248.000000,181.000000</point>
				<point>1250.000000,169.000000</point>
				<point>1198.000000,159.000000</point>
				<point>1196.000000,170.000000</point>
			</points>
		</object>
		<object>
			<coordinate>pixel</coordinate>
			<type>rectangle</type>
			<description>None</description>
			<possibleresult>
				<name>Fishing Boat</name>
			</possibleresult>
			<points>
				<point>1197.000000,183.000000</point>
				<point>1232.000000,190.000000</point>
				<point>1233.000000,180.000000</point>
				<point>1199.000000,173.000000</point>
				<point>1197.000000,183.000000</point>
			</points>
		</object>
		<object>
			<coordinate>pixel</coordinate>
			<type>rectangle</type>
			<description>None</description>
			<possibleresult>
				<name>Fishing Boat</name>
			</possibleresult>
			<points>
				<point>1193.000000,196.000000</point>
				<point>1231.000000,202.000000</point>
				<point>1232.000000,191.000000</point>
				<point>1195.000000,185.000000</point>
				<point>1193.000000,196.000000</point>
			</points>
		</object>
		<object>
			<coordinate>pixel</coordinate>
			<type>rectangle</type>
			<description>None</description>
			<possibleresult>
				<name>Fishing Boat</name>
			</possibleresult>
			<points>
				<point>1189.000000,209.000000</point>
				<point>1228.000000,215.000000</point>
				<point>1229.000000,203.000000</point>
				<point>1191.000000,198.000000</point>
				<point>1189.000000,209.000000</point>
			</points>
		</object>
		<object>
			<coordinate>pixel</coordinate>
			<type>rectangle</type>
			<description>None</description>
			<possibleresult>
				<name>Fishing Boat</name>
			</possibleresult>
			<points>
				<point>1278.000000,279.000000</point>
				<point>1285.000000,233.000000</point>
				<point>1270.000000,231.000000</point>
				<point>1263.000000,277.000000</point>
				<point>1278.000000,279.000000</point>
			</points>
		</object>
		<object>
			<coordinate>pixel</coordinate>
			<type>rectangle</type>
			<description>None</description>
			<possibleresult>
				<name>Fishing Boat</name>
			</possibleresult>
			<points>
				<point>1219.000000,257.000000</point>
				<point>1222.000000,217.000000</point>
				<point>1216.000000,216.000000</point>
				<point>1213.000000,256.000000</point>
				<point>1219.000000,257.000000</point>
			</points>
		</object>
		<object>
			<coordinate>pixel</coordinate>
			<type>rectangle</type>
			<description>None</description>
			<possibleresult>
				<name>Fishing Boat</name>
			</possibleresult>
			<points>
				<point>1228.000000,259.000000</point>
				<point>1232.000000,218.000000</point>
				<point>1224.000000,217.000000</point>
				<point>1220.000000,258.000000</point>
				<point>1228.000000,259.000000</point>
			</points>
		</object>
		<object>
			<coordinate>pixel</coordinate>
			<type>rectangle</type>
			<description>None</description>
			<possibleresult>
				<name>Fishing Boat</name>
			</possibleresult>
			<points>
				<point>1235.000000,258.000000</point>
				<point>1240.000000,217.000000</point>
				<point>1234.000000,216.000000</point>
				<point>1230.000000,257.000000</point>
				<point>1235.000000,258.000000</point>
			</points>
		</object>
		<object>
			<coordinate>pixel</coordinate>
			<type>rectangle</type>
			<description>None</description>
			<possibleresult>
				<name>Fishing Boat</name>
			</possibleresult>
			<points>
				<point>1245.000000,259.000000</point>
				<point>1249.000000,214.000000</point>
				<point>1241.000000,213.000000</point>
				<point>1236.000000,258.000000</point>
				<point>1245.000000,259.000000</point>
			</points>
		</object>
		<object>
			<coordinate>pixel</coordinate>
			<type>rectangle</type>
			<description>None</description>
			<possibleresult>
				<name>Fishing Boat</name>
			</possibleresult>
			<points>
				<point>1212.000000,261.000000</point>
				<point>1209.000000,297.000000</point>
				<point>1215.000000,297.000000</point>
				<point>1218.000000,262.000000</point>
				<point>1212.000000,261.000000</point>
			</points>
		</object>
		<object>
			<coordinate>pixel</coordinate>
			<type>rectangle</type>
			<description>None</description>
			<possibleresult>
				<name>Fishing Boat</name>
			</possibleresult>
			<points>
				<point>1219.000000,261.000000</point>
				<point>1218.000000,300.000000</point>
				<point>1229.000000,301.000000</point>
				<point>1230.000000,262.000000</point>
				<point>1219.000000,261.000000</point>
			</points>
		</object>
		<object>
			<coordinate>pixel</coordinate>
			<type>rectangle</type>
			<description>None</description>
			<possibleresult>
				<name>Fishing Boat</name>
			</possibleresult>
			<points>
				<point>1232.000000,263.000000</point>
				<point>1230.000000,305.000000</point>
				<point>1241.000000,306.000000</point>
				<point>1243.000000,264.000000</point>
				<point>1232.000000,263.000000</point>
			</points>
		</object>
		<object>
			<coordinate>pixel</coordinate>
			<type>rectangle</type>
			<description>None</description>
			<possibleresult>
				<name>Fishing Boat</name>
			</possibleresult>
			<points>
				<point>1243.000000,268.000000</point>
				<point>1242.000000,298.000000</point>
				<point>1251.000000,299.000000</point>
				<point>1252.000000,269.000000</point>
				<point>1243.000000,268.000000</point>
			</points>
		</object>
		<object>
			<coordinate>pixel</coordinate>
			<type>rectangle</type>
			<description>None</description>
			<possibleresult>
				<name>Fishing Boat</name>
			</possibleresult>
			<points>
				<point>1222.000000,345.000000</point>
				<point>1224.000000,302.000000</point>
				<point>1213.000000,301.000000</point>
				<point>1211.000000,345.000000</point>
				<point>1222.000000,345.000000</point>
			</points>
		</object>
		<object>
			<coordinate>pixel</coordinate>
			<type>rectangle</type>
			<description>None</description>
			<possibleresult>
				<name>Fishing Boat</name>
			</possibleresult>
			<points>
				<point>1234.000000,339.000000</point>
				<point>1235.000000,308.000000</point>
				<point>1225.000000,308.000000</point>
				<point>1224.000000,339.000000</point>
				<point>1234.000000,339.000000</point>
			</points>
		</object>
		<object>
			<coordinate>pixel</coordinate>
			<type>rectangle</type>
			<description>None</description>
			<possibleresult>
				<name>Fishing Boat</name>
			</possibleresult>
			<points>
				<point>1210.000000,346.000000</point>
				<point>1210.000000,379.000000</point>
				<point>1221.000000,380.000000</point>
				<point>1221.000000,346.000000</point>
				<point>1210.000000,346.000000</point>
			</points>
		</object>
		<object>
			<coordinate>pixel</coordinate>
			<type>rectangle</type>
			<description>None</description>
			<possibleresult>
				<name>Fishing Boat</name>
			</possibleresult>
			<points>
				<point>1222.000000,344.000000</point>
				<point>1221.000000,378.000000</point>
				<point>1231.000000,379.000000</point>
				<point>1232.000000,345.000000</point>
				<point>1222.000000,344.000000</point>
			</points>
		</object>
		<object>
			<coordinate>pixel</coordinate>
			<type>rectangle</type>
			<description>None</description>
			<possibleresult>
				<name>Fishing Boat</name>
			</possibleresult>
			<points>
				<point>1210.000000,382.000000</point>
				<point>1211.000000,418.000000</point>
				<point>1223.000000,418.000000</point>
				<point>1222.000000,382.000000</point>
				<point>1210.000000,382.000000</point>
			</points>
		</object>
		<object>
			<coordinate>pixel</coordinate>
			<type>rectangle</type>
			<description>None</description>
			<possibleresult>
				<name>Fishing Boat</name>
			</possibleresult>
			<points>
				<point>1233.000000,417.000000</point>
				<point>1232.000000,383.000000</point>
				<point>1223.000000,384.000000</point>
				<point>1224.000000,417.000000</point>
				<point>1233.000000,417.000000</point>
			</points>
		</object>
		<object>
			<coordinate>pixel</coordinate>
			<type>rectangle</type>
			<description>None</description>
			<possibleresult>
				<name>Fishing Boat</name>
			</possibleresult>
			<points>
				<point>1179.000000,366.000000</point>
				<point>1179.000000,324.000000</point>
				<point>1168.000000,324.000000</point>
				<point>1168.000000,367.000000</point>
				<point>1179.000000,366.000000</point>
			</points>
		</object>
		<object>
			<coordinate>pixel</coordinate>
			<type>rectangle</type>
			<description>None</description>
			<possibleresult>
				<name>Fishing Boat</name>
			</possibleresult>
			<points>
				<point>1171.000000,270.000000</point>
				<point>1171.000000,307.000000</point>
				<point>1181.000000,307.000000</point>
				<point>1181.000000,270.000000</point>
				<point>1171.000000,270.000000</point>
			</points>
		</object>
		<object>
			<coordinate>pixel</coordinate>
			<type>rectangle</type>
			<description>None</description>
			<possibleresult>
				<name>Fishing Boat</name>
			</possibleresult>
			<points>
				<point>1182.000000,269.000000</point>
				<point>1182.000000,307.000000</point>
				<point>1191.000000,307.000000</point>
				<point>1191.000000,269.000000</point>
				<point>1182.000000,269.000000</point>
			</points>
		</object>
		<object>
			<coordinate>pixel</coordinate>
			<type>rectangle</type>
			<description>None</description>
			<possibleresult>
				<name>Motorboat</name>
			</possibleresult>
			<points>
				<point>1195.000000,235.000000</point>
				<point>1195.000000,215.000000</point>
				<point>1191.000000,215.000000</point>
				<point>1191.000000,235.000000</point>
				<point>1195.000000,235.000000</point>
			</points>
		</object>
		<object>
			<coordinate>pixel</coordinate>
			<type>rectangle</type>
			<description>None</description>
			<possibleresult>
				<name>Motorboat</name>
			</possibleresult>
			<points>
				<point>1190.000000,234.000000</point>
				<point>1190.000000,215.000000</point>
				<point>1186.000000,215.000000</point>
				<point>1186.000000,234.000000</point>
				<point>1190.000000,234.000000</point>
			</points>
		</object>
		<object>
			<coordinate>pixel</coordinate>
			<type>rectangle</type>
			<description>None</description>
			<possibleresult>
				<name>Motorboat</name>
			</possibleresult>
			<points>
				<point>1184.000000,235.000000</point>
				<point>1186.000000,215.000000</point>
				<point>1180.000000,215.000000</point>
				<point>1178.000000,235.000000</point>
				<point>1184.000000,235.000000</point>
			</points>
		</object>
	</objects>
</annotation>