<?xml version="1.0" encoding="utf-8"?>
<annotation>
	<source>
		<filename>1209.tif</filename>
		<origin>GF2/GF3</origin>
	</source>
	<research>
		<version>1.0</version>
		<provider>FAIR1M</provider>
		<author>Cyber</author>
		<pluginname>FAIR1M</pluginname>
		<pluginclass>object detection</pluginclass>
		<time>2021-03</time>
	</research>
	<size>
		<width>1000</width>
		<height>1000</height>
		<depth>3</depth>
	</size>
	<objects>
		<object>
			<coordinate>pixel</coordinate>
			<type>rectangle</type>
			<description>None</description>
			<possibleresult>
				<name>Intersection</name>
			</possibleresult>
			<points>
				<point>639.000061,60.999935</point>
				<point>541.882263,14.944103</point>
				<point>570.809998,-46.055840</point>
				<point>667.927795,-0.000008</point>
				<point>639.000061,60.999935</point>
			</points>
		</object>
		<object>
			<coordinate>pixel</coordinate>
			<type>rectangle</type>
			<description>None</description>
			<possibleresult>
				<name>Intersection</name>
			</possibleresult>
			<points>
				<point>483.999969,242.000000</point>
				<point>460.486298,298.203461</point>
				<point>362.486298,257.203461</point>
				<point>385.999969,201.000000</point>
				<point>483.999969,242.000000</point>
			</points>
		</object>
		<object>
			<coordinate>pixel</coordinate>
			<type>rectangle</type>
			<description>None</description>
			<possibleresult>
				<name>Intersection</name>
			</possibleresult>
			<points>
				<point>305.836090,494.427124</point>
				<point>279.999969,545.000000</point>
				<point>187.999969,498.000000</point>
				<point>213.836090,447.427124</point>
				<point>305.836090,494.427124</point>
			</points>
		</object>
		<object>
			<coordinate>pixel</coordinate>
			<type>rectangle</type>
			<description>None</description>
			<possibleresult>
				<name>Intersection</name>
			</possibleresult>
			<points>
				<point>127.074753,732.039185</point>
				<point>103.000015,778.000000</point>
				<point>18.588991,733.784668</point>
				<point>42.663727,687.823853</point>
				<point>127.074753,732.039185</point>
			</points>
		</object>
		<object>
			<coordinate>pixel</coordinate>
			<type>rectangle</type>
			<description>None</description>
			<possibleresult>
				<name>Small Car</name>
			</possibleresult>
			<points>
				<point>351.120667,861.051758</point>
				<point>349.000000,866.000000</point>
				<point>341.879333,862.948242</point>
				<point>344.000000,858.000000</point>
				<point>351.120667,861.051758</point>
			</points>
		</object>
		<object>
			<coordinate>pixel</coordinate>
			<type>rectangle</type>
			<description>None</description>
			<possibleresult>
				<name>Van</name>
			</possibleresult>
			<points>
				<point>372.000031,869.000000</point>
				<point>369.402374,875.169434</point>
				<point>350.000031,867.000000</point>
				<point>352.597687,860.830566</point>
				<point>372.000031,869.000000</point>
			</points>
		</object>
		<object>
			<coordinate>pixel</coordinate>
			<type>rectangle</type>
			<description>None</description>
			<possibleresult>
				<name>Small Car</name>
			</possibleresult>
			<points>
				<point>420.362091,862.155212</point>
				<point>418.241425,867.103455</point>
				<point>410.879364,863.948303</point>
				<point>413.000031,859.000061</point>
				<point>420.362091,862.155212</point>
			</points>
		</object>
		<object>
			<coordinate>pixel</coordinate>
			<type>rectangle</type>
			<description>None</description>
			<possibleresult>
				<name>Cargo Truck</name>
			</possibleresult>
			<points>
				<point>396.000000,876.000000</point>
				<point>392.344849,885.137939</point>
				<point>372.344849,877.137939</point>
				<point>376.000000,868.000000</point>
				<point>396.000000,876.000000</point>
			</points>
		</object>
		<object>
			<coordinate>pixel</coordinate>
			<type>rectangle</type>
			<description>None</description>
			<possibleresult>
				<name>Van</name>
			</possibleresult>
			<points>
				<point>443.000061,872.000061</point>
				<point>440.144531,878.068054</point>
				<point>423.000061,870.000061</point>
				<point>425.855591,863.932068</point>
				<point>443.000061,872.000061</point>
			</points>
		</object>
		<object>
			<coordinate>pixel</coordinate>
			<type>rectangle</type>
			<description>None</description>
			<possibleresult>
				<name>Van</name>
			</possibleresult>
			<points>
				<point>461.000031,880.000122</point>
				<point>458.400055,885.200073</point>
				<point>444.000031,878.000122</point>
				<point>446.600006,872.800171</point>
				<point>461.000031,880.000122</point>
			</points>
		</object>
		<object>
			<coordinate>pixel</coordinate>
			<type>rectangle</type>
			<description>None</description>
			<possibleresult>
				<name>Van</name>
			</possibleresult>
			<points>
				<point>482.000000,889.000000</point>
				<point>479.402344,895.169434</point>
				<point>460.000000,887.000000</point>
				<point>462.597656,880.830566</point>
				<point>482.000000,889.000000</point>
			</points>
		</object>
		<object>
			<coordinate>pixel</coordinate>
			<type>rectangle</type>
			<description>None</description>
			<possibleresult>
				<name>Dump Truck</name>
			</possibleresult>
			<points>
				<point>453.000031,901.999878</point>
				<point>449.140167,909.076294</point>
				<point>427.000031,896.999878</point>
				<point>430.859894,889.923462</point>
				<point>453.000031,901.999878</point>
			</points>
		</object>
		<object>
			<coordinate>pixel</coordinate>
			<type>rectangle</type>
			<description>None</description>
			<possibleresult>
				<name>Small Car</name>
			</possibleresult>
			<points>
				<point>478.000031,913.000061</point>
				<point>475.000031,920.000061</point>
				<point>454.000031,911.000061</point>
				<point>457.000031,904.000061</point>
				<point>478.000031,913.000061</point>
			</points>
		</object>
		<object>
			<coordinate>pixel</coordinate>
			<type>rectangle</type>
			<description>None</description>
			<possibleresult>
				<name>Small Car</name>
			</possibleresult>
			<points>
				<point>520.443420,903.158386</point>
				<point>518.000000,910.000061</point>
				<point>503.556580,904.841736</point>
				<point>506.000000,898.000061</point>
				<point>520.443420,903.158386</point>
			</points>
		</object>
		<object>
			<coordinate>pixel</coordinate>
			<type>rectangle</type>
			<description>None</description>
			<possibleresult>
				<name>Small Car</name>
			</possibleresult>
			<points>
				<point>505.000031,898.000000</point>
				<point>502.044708,905.018799</point>
				<point>483.000031,897.000000</point>
				<point>485.955353,889.981201</point>
				<point>505.000031,898.000000</point>
			</points>
		</object>
		<object>
			<coordinate>pixel</coordinate>
			<type>rectangle</type>
			<description>None</description>
			<possibleresult>
				<name>Van</name>
			</possibleresult>
			<points>
				<point>507.149536,926.078308</point>
				<point>503.000061,934.000061</point>
				<point>481.850586,922.921814</point>
				<point>486.000061,915.000061</point>
				<point>507.149536,926.078308</point>
			</points>
		</object>
		<object>
			<coordinate>pixel</coordinate>
			<type>rectangle</type>
			<description>None</description>
			<possibleresult>
				<name>Van</name>
			</possibleresult>
			<points>
				<point>554.000000,945.000000</point>
				<point>550.400024,952.199951</point>
				<point>540.000000,947.000000</point>
				<point>543.599976,939.800049</point>
				<point>554.000000,945.000000</point>
			</points>
		</object>
		<object>
			<coordinate>pixel</coordinate>
			<type>rectangle</type>
			<description>None</description>
			<possibleresult>
				<name>Small Car</name>
			</possibleresult>
			<points>
				<point>579.000061,929.000122</point>
				<point>575.800110,935.400146</point>
				<point>563.000061,929.000122</point>
				<point>566.200012,922.600098</point>
				<point>579.000061,929.000122</point>
			</points>
		</object>
		<object>
			<coordinate>pixel</coordinate>
			<type>rectangle</type>
			<description>None</description>
			<possibleresult>
				<name>Van</name>
			</possibleresult>
			<points>
				<point>1000.000000,822.588196</point>
				<point>1000.000000,825.428467</point>
				<point>998.452637,829.186340</point>
				<point>981.452637,822.186340</point>
				<point>1000.000000,822.588196</point>
			</points>
		</object>
		<object>
			<coordinate>pixel</coordinate>
			<type>rectangle</type>
			<description>None</description>
			<possibleresult>
				<name>Small Car</name>
			</possibleresult>
			<points>
				<point>950.999939,801.000000</point>
				<point>947.706848,808.318115</point>
				<point>927.706848,799.318115</point>
				<point>930.999939,792.000000</point>
				<point>950.999939,801.000000</point>
			</points>
		</object>
		<object>
			<coordinate>pixel</coordinate>
			<type>rectangle</type>
			<description>None</description>
			<possibleresult>
				<name>Small Car</name>
			</possibleresult>
			<points>
				<point>900.000061,780.000122</point>
				<point>897.000061,786.000122</point>
				<point>883.000061,779.000122</point>
				<point>886.000061,773.000122</point>
				<point>900.000061,780.000122</point>
			</points>
		</object>
		<object>
			<coordinate>pixel</coordinate>
			<type>rectangle</type>
			<description>None</description>
			<possibleresult>
				<name>Small Car</name>
			</possibleresult>
			<points>
				<point>881.190186,771.087646</point>
				<point>878.000000,777.999878</point>
				<point>865.000000,771.999878</point>
				<point>868.190186,765.087646</point>
				<point>881.190186,771.087646</point>
			</points>
		</object>
		<object>
			<coordinate>pixel</coordinate>
			<type>rectangle</type>
			<description>None</description>
			<possibleresult>
				<name>Van</name>
			</possibleresult>
			<points>
				<point>871.076904,741.615295</point>
				<point>868.000000,746.999939</point>
				<point>854.000000,738.999939</point>
				<point>857.076904,733.615295</point>
				<point>871.076904,741.615295</point>
			</points>
		</object>
		<object>
			<coordinate>pixel</coordinate>
			<type>rectangle</type>
			<description>None</description>
			<possibleresult>
				<name>Van</name>
			</possibleresult>
			<points>
				<point>855.000000,734.000000</point>
				<point>852.144531,740.067993</point>
				<point>835.000000,732.000000</point>
				<point>837.855469,725.932007</point>
				<point>855.000000,734.000000</point>
			</points>
		</object>
		<object>
			<coordinate>pixel</coordinate>
			<type>rectangle</type>
			<description>None</description>
			<possibleresult>
				<name>Small Car</name>
			</possibleresult>
			<points>
				<point>833.644836,723.305481</point>
				<point>830.000061,731.000061</point>
				<point>811.000061,722.000061</point>
				<point>814.644836,714.305481</point>
				<point>833.644836,723.305481</point>
			</points>
		</object>
		<object>
			<coordinate>pixel</coordinate>
			<type>rectangle</type>
			<description>None</description>
			<possibleresult>
				<name>Small Car</name>
			</possibleresult>
			<points>
				<point>714.092834,673.041260</point>
				<point>711.000061,680.000000</point>
				<point>692.907288,671.958740</point>
				<point>696.000061,665.000000</point>
				<point>714.092834,673.041260</point>
			</points>
		</object>
		<object>
			<coordinate>pixel</coordinate>
			<type>rectangle</type>
			<description>None</description>
			<possibleresult>
				<name>Small Car</name>
			</possibleresult>
			<points>
				<point>687.000000,662.000061</point>
				<point>684.314697,668.137756</point>
				<point>668.000000,661.000061</point>
				<point>670.685303,654.862366</point>
				<point>687.000000,662.000061</point>
			</points>
		</object>
		<object>
			<coordinate>pixel</coordinate>
			<type>rectangle</type>
			<description>None</description>
			<possibleresult>
				<name>Small Car</name>
			</possibleresult>
			<points>
				<point>661.000061,652.000061</point>
				<point>658.000061,658.000061</point>
				<point>650.000061,654.000061</point>
				<point>653.000061,648.000061</point>
				<point>661.000061,652.000061</point>
			</points>
		</object>
		<object>
			<coordinate>pixel</coordinate>
			<type>rectangle</type>
			<description>None</description>
			<possibleresult>
				<name>Small Car</name>
			</possibleresult>
			<points>
				<point>419.092773,577.041260</point>
				<point>416.000000,584.000000</point>
				<point>406.628845,579.835083</point>
				<point>409.721619,572.876343</point>
				<point>419.092773,577.041260</point>
			</points>
		</object>
		<object>
			<coordinate>pixel</coordinate>
			<type>rectangle</type>
			<description>None</description>
			<possibleresult>
				<name>Small Car</name>
			</possibleresult>
			<points>
				<point>440.092773,586.041260</point>
				<point>437.000000,593.000000</point>
				<point>419.000000,585.000000</point>
				<point>422.092773,578.041260</point>
				<point>440.092773,586.041260</point>
			</points>
		</object>
		<object>
			<coordinate>pixel</coordinate>
			<type>rectangle</type>
			<description>None</description>
			<possibleresult>
				<name>Small Car</name>
			</possibleresult>
			<points>
				<point>420.164795,564.086792</point>
				<point>415.999939,572.000000</point>
				<point>396.835083,561.913208</point>
				<point>400.999939,554.000000</point>
				<point>420.164795,564.086792</point>
			</points>
		</object>
		<object>
			<coordinate>pixel</coordinate>
			<type>rectangle</type>
			<description>None</description>
			<possibleresult>
				<name>Cargo Truck</name>
			</possibleresult>
			<points>
				<point>533.287720,299.232849</point>
				<point>529.958984,308.109558</point>
				<point>502.671265,297.876709</point>
				<point>506.000000,289.000000</point>
				<point>533.287720,299.232849</point>
			</points>
		</object>
		<object>
			<coordinate>pixel</coordinate>
			<type>rectangle</type>
			<description>None</description>
			<possibleresult>
				<name>Cargo Truck</name>
			</possibleresult>
			<points>
				<point>535.046448,283.018829</point>
				<point>531.000000,293.000031</point>
				<point>493.953552,277.981232</point>
				<point>498.000000,268.000031</point>
				<point>535.046448,283.018829</point>
			</points>
		</object>
		<object>
			<coordinate>pixel</coordinate>
			<type>rectangle</type>
			<description>None</description>
			<possibleresult>
				<name>Small Car</name>
			</possibleresult>
			<points>
				<point>554.835815,293.923340</point>
				<point>552.000000,300.000000</point>
				<point>537.000000,293.000000</point>
				<point>539.835815,286.923340</point>
				<point>554.835815,293.923340</point>
			</points>
		</object>
		<object>
			<coordinate>pixel</coordinate>
			<type>rectangle</type>
			<description>None</description>
			<possibleresult>
				<name>Small Car</name>
			</possibleresult>
			<points>
				<point>573.646118,303.369202</point>
				<point>571.000000,308.000000</point>
				<point>556.353882,299.630798</point>
				<point>559.000000,295.000000</point>
				<point>573.646118,303.369202</point>
			</points>
		</object>
		<object>
			<coordinate>pixel</coordinate>
			<type>rectangle</type>
			<description>None</description>
			<possibleresult>
				<name>Small Car</name>
			</possibleresult>
			<points>
				<point>595.000000,320.000000</point>
				<point>592.172363,327.068970</point>
				<point>572.000000,319.000000</point>
				<point>574.827637,311.931030</point>
				<point>595.000000,320.000000</point>
			</points>
		</object>
		<object>
			<coordinate>pixel</coordinate>
			<type>rectangle</type>
			<description>None</description>
			<possibleresult>
				<name>Small Car</name>
			</possibleresult>
			<points>
				<point>604.000000,334.000000</point>
				<point>585.000000,334.000000</point>
				<point>585.000000,327.000000</point>
				<point>604.000000,327.000000</point>
				<point>604.000000,334.000000</point>
			</points>
		</object>
		<object>
			<coordinate>pixel</coordinate>
			<type>rectangle</type>
			<description>None</description>
			<possibleresult>
				<name>Van</name>
			</possibleresult>
			<points>
				<point>646.000061,362.000031</point>
				<point>643.172424,369.069000</point>
				<point>618.000061,359.000031</point>
				<point>620.827698,351.931061</point>
				<point>646.000061,362.000031</point>
			</points>
		</object>
		<object>
			<coordinate>pixel</coordinate>
			<type>rectangle</type>
			<description>None</description>
			<possibleresult>
				<name>Small Car</name>
			</possibleresult>
			<points>
				<point>645.400085,350.200073</point>
				<point>642.000061,357.000061</point>
				<point>623.600037,347.800049</point>
				<point>627.000061,341.000061</point>
				<point>645.400085,350.200073</point>
			</points>
		</object>
		<object>
			<coordinate>pixel</coordinate>
			<type>rectangle</type>
			<description>None</description>
			<possibleresult>
				<name>Small Car</name>
			</possibleresult>
			<points>
				<point>666.000000,343.000000</point>
				<point>662.599976,349.799988</point>
				<point>644.599976,340.799988</point>
				<point>648.000000,334.000000</point>
				<point>666.000000,343.000000</point>
			</points>
		</object>
		<object>
			<coordinate>pixel</coordinate>
			<type>rectangle</type>
			<description>None</description>
			<possibleresult>
				<name>Van</name>
			</possibleresult>
			<points>
				<point>669.000000,360.000000</point>
				<point>665.577881,367.271973</point>
				<point>648.577881,359.271973</point>
				<point>652.000000,352.000000</point>
				<point>669.000000,360.000000</point>
			</points>
		</object>
		<object>
			<coordinate>pixel</coordinate>
			<type>rectangle</type>
			<description>None</description>
			<possibleresult>
				<name>Small Car</name>
			</possibleresult>
			<points>
				<point>689.000000,379.000000</point>
				<point>686.106201,387.038269</point>
				<point>661.000000,378.000000</point>
				<point>663.893799,369.961731</point>
				<point>689.000000,379.000000</point>
			</points>
		</object>
		<object>
			<coordinate>pixel</coordinate>
			<type>rectangle</type>
			<description>None</description>
			<possibleresult>
				<name>Cargo Truck</name>
			</possibleresult>
			<points>
				<point>722.124878,363.051788</point>
				<point>718.000000,373.000031</point>
				<point>676.875122,355.948273</point>
				<point>681.000000,346.000031</point>
				<point>722.124878,363.051788</point>
			</points>
		</object>
		<object>
			<coordinate>pixel</coordinate>
			<type>rectangle</type>
			<description>None</description>
			<possibleresult>
				<name>Small Car</name>
			</possibleresult>
			<points>
				<point>736.000061,386.999969</point>
				<point>734.090149,395.021454</point>
				<point>713.090149,390.021454</point>
				<point>715.000061,381.999969</point>
				<point>736.000061,386.999969</point>
			</points>
		</object>
		<object>
			<coordinate>pixel</coordinate>
			<type>rectangle</type>
			<description>None</description>
			<possibleresult>
				<name>Van</name>
			</possibleresult>
			<points>
				<point>752.655151,378.862091</point>
				<point>749.000000,388.000031</point>
				<point>724.000000,378.000031</point>
				<point>727.655151,368.862091</point>
				<point>752.655151,378.862091</point>
			</points>
		</object>
		<object>
			<coordinate>pixel</coordinate>
			<type>rectangle</type>
			<description>None</description>
			<possibleresult>
				<name>Small Car</name>
			</possibleresult>
			<points>
				<point>786.067078,407.025787</point>
				<point>783.000061,415.000031</point>
				<point>769.933044,409.974274</point>
				<point>773.000061,402.000031</point>
				<point>786.067078,407.025787</point>
			</points>
		</object>
		<object>
			<coordinate>pixel</coordinate>
			<type>rectangle</type>
			<description>None</description>
			<possibleresult>
				<name>Van</name>
			</possibleresult>
			<points>
				<point>818.000000,403.000000</point>
				<point>814.332642,411.149658</point>
				<point>794.000000,402.000000</point>
				<point>797.667358,393.850342</point>
				<point>818.000000,403.000000</point>
			</points>
		</object>
		<object>
			<coordinate>pixel</coordinate>
			<type>rectangle</type>
			<description>None</description>
			<possibleresult>
				<name>Cargo Truck</name>
			</possibleresult>
			<points>
				<point>844.482056,430.220947</point>
				<point>840.000000,440.000000</point>
				<point>815.517944,428.779053</point>
				<point>820.000000,419.000000</point>
				<point>844.482056,430.220947</point>
			</points>
		</object>
		<object>
			<coordinate>pixel</coordinate>
			<type>rectangle</type>
			<description>None</description>
			<possibleresult>
				<name>Small Car</name>
			</possibleresult>
			<points>
				<point>870.000122,427.000031</point>
				<point>867.000122,433.000031</point>
				<point>849.800171,424.400055</point>
				<point>852.800171,418.400055</point>
				<point>870.000122,427.000031</point>
			</points>
		</object>
		<object>
			<coordinate>pixel</coordinate>
			<type>rectangle</type>
			<description>None</description>
			<possibleresult>
				<name>Small Car</name>
			</possibleresult>
			<points>
				<point>896.000061,437.000000</point>
				<point>893.172424,444.068970</point>
				<point>873.172424,436.068970</point>
				<point>876.000061,429.000000</point>
				<point>896.000061,437.000000</point>
			</points>
		</object>
		<object>
			<coordinate>pixel</coordinate>
			<type>rectangle</type>
			<description>None</description>
			<possibleresult>
				<name>Van</name>
			</possibleresult>
			<points>
				<point>928.036621,450.015869</point>
				<point>925.000000,457.000000</point>
				<point>901.963379,446.984070</point>
				<point>905.000000,439.999939</point>
				<point>928.036621,450.015869</point>
			</points>
		</object>
		<object>
			<coordinate>pixel</coordinate>
			<type>rectangle</type>
			<description>None</description>
			<possibleresult>
				<name>Small Car</name>
			</possibleresult>
			<points>
				<point>980.000122,472.000000</point>
				<point>977.172485,479.068970</point>
				<point>957.172485,471.068970</point>
				<point>960.000122,464.000000</point>
				<point>980.000122,472.000000</point>
			</points>
		</object>
		<object>
			<coordinate>pixel</coordinate>
			<type>rectangle</type>
			<description>None</description>
			<possibleresult>
				<name>Small Car</name>
			</possibleresult>
			<points>
				<point>1000.000061,195.111115</point>
				<point>992.000061,192.000000</point>
				<point>994.758728,184.906158</point>
				<point>1002.758728,188.017273</point>
				<point>1000.000061,195.111115</point>
			</points>
		</object>
		<object>
			<coordinate>pixel</coordinate>
			<type>rectangle</type>
			<description>None</description>
			<possibleresult>
				<name>Van</name>
			</possibleresult>
			<points>
				<point>1000.000000,186.000000</point>
				<point>985.000000,180.000031</point>
				<point>988.310303,171.724182</point>
				<point>1000.000000,176.400040</point>
				<point>1000.000000,186.000000</point>
			</points>
		</object>
		<object>
			<coordinate>pixel</coordinate>
			<type>rectangle</type>
			<description>None</description>
			<possibleresult>
				<name>Van</name>
			</possibleresult>
			<points>
				<point>999.999939,142.714233</point>
				<point>988.999939,137.999969</point>
				<point>991.999939,130.999969</point>
				<point>1002.999939,135.714233</point>
				<point>999.999939,142.714233</point>
			</points>
		</object>
		<object>
			<coordinate>pixel</coordinate>
			<type>rectangle</type>
			<description>None</description>
			<possibleresult>
				<name>Van</name>
			</possibleresult>
			<points>
				<point>985.000000,128.000000</point>
				<point>982.044678,135.018829</point>
				<point>963.000000,127.000000</point>
				<point>965.955322,119.981171</point>
				<point>985.000000,128.000000</point>
			</points>
		</object>
		<object>
			<coordinate>pixel</coordinate>
			<type>rectangle</type>
			<description>None</description>
			<possibleresult>
				<name>Van</name>
			</possibleresult>
			<points>
				<point>967.000122,153.000015</point>
				<point>964.000122,159.000015</point>
				<point>946.000122,150.000015</point>
				<point>949.000122,144.000015</point>
				<point>967.000122,153.000015</point>
			</points>
		</object>
		<object>
			<coordinate>pixel</coordinate>
			<type>rectangle</type>
			<description>None</description>
			<possibleresult>
				<name>Van</name>
			</possibleresult>
			<points>
				<point>923.000122,144.000015</point>
				<point>920.000122,150.000015</point>
				<point>908.000122,144.000015</point>
				<point>911.000122,138.000015</point>
				<point>923.000122,144.000015</point>
			</points>
		</object>
		<object>
			<coordinate>pixel</coordinate>
			<type>rectangle</type>
			<description>None</description>
			<possibleresult>
				<name>Cargo Truck</name>
			</possibleresult>
			<points>
				<point>918.000000,151.000015</point>
				<point>914.000000,160.000015</point>
				<point>878.835083,144.371140</point>
				<point>882.835083,135.371140</point>
				<point>918.000000,151.000015</point>
			</points>
		</object>
		<object>
			<coordinate>pixel</coordinate>
			<type>rectangle</type>
			<description>None</description>
			<possibleresult>
				<name>Dump Truck</name>
			</possibleresult>
			<points>
				<point>865.478149,128.779175</point>
				<point>862.000122,137.000000</point>
				<point>836.000122,126.000000</point>
				<point>839.478149,117.779175</point>
				<point>865.478149,128.779175</point>
			</points>
		</object>
		<object>
			<coordinate>pixel</coordinate>
			<type>rectangle</type>
			<description>None</description>
			<possibleresult>
				<name>Small Car</name>
			</possibleresult>
			<points>
				<point>958.721741,117.876297</point>
				<point>956.000061,124.000015</point>
				<point>938.000061,116.000015</point>
				<point>940.721741,109.876297</point>
				<point>958.721741,117.876297</point>
			</points>
		</object>
		<object>
			<coordinate>pixel</coordinate>
			<type>rectangle</type>
			<description>None</description>
			<possibleresult>
				<name>Van</name>
			</possibleresult>
			<points>
				<point>937.283997,108.118370</point>
				<point>933.999939,116.000023</point>
				<point>909.715881,105.881676</point>
				<point>912.999939,98.000023</point>
				<point>937.283997,108.118370</point>
			</points>
		</object>
		<object>
			<coordinate>pixel</coordinate>
			<type>rectangle</type>
			<description>None</description>
			<possibleresult>
				<name>Van</name>
			</possibleresult>
			<points>
				<point>902.200073,124.599983</point>
				<point>898.800049,131.399979</point>
				<point>881.600098,122.799995</point>
				<point>885.000122,116.000000</point>
				<point>902.200073,124.599983</point>
			</points>
		</object>
		<object>
			<coordinate>pixel</coordinate>
			<type>rectangle</type>
			<description>None</description>
			<possibleresult>
				<name>Dump Truck</name>
			</possibleresult>
			<points>
				<point>875.000122,111.000000</point>
				<point>871.400146,118.199997</point>
				<point>853.000122,109.000000</point>
				<point>856.600098,101.800003</point>
				<point>875.000122,111.000000</point>
			</points>
		</object>
		<object>
			<coordinate>pixel</coordinate>
			<type>rectangle</type>
			<description>None</description>
			<possibleresult>
				<name>Cargo Truck</name>
			</possibleresult>
			<points>
				<point>861.053528,116.024200</point>
				<point>856.999939,125.000000</point>
				<point>825.946350,110.975800</point>
				<point>829.999939,102.000000</point>
				<point>861.053528,116.024200</point>
			</points>
		</object>
		<object>
			<coordinate>pixel</coordinate>
			<type>rectangle</type>
			<description>None</description>
			<possibleresult>
				<name>Van</name>
			</possibleresult>
			<points>
				<point>817.000000,109.000000</point>
				<point>814.362061,115.155167</point>
				<point>793.000000,106.000000</point>
				<point>795.637939,99.844833</point>
				<point>817.000000,109.000000</point>
			</points>
		</object>
		<object>
			<coordinate>pixel</coordinate>
			<type>rectangle</type>
			<description>None</description>
			<possibleresult>
				<name>Van</name>
			</possibleresult>
			<points>
				<point>849.000000,99.999969</point>
				<point>846.862061,105.344803</point>
				<point>831.862061,99.344803</point>
				<point>834.000000,93.999969</point>
				<point>849.000000,99.999969</point>
			</points>
		</object>
		<object>
			<coordinate>pixel</coordinate>
			<type>rectangle</type>
			<description>None</description>
			<possibleresult>
				<name>Small Car</name>
			</possibleresult>
			<points>
				<point>891.271790,89.129387</point>
				<point>888.000061,95.999992</point>
				<point>866.728333,85.870598</point>
				<point>870.000061,78.999992</point>
				<point>891.271790,89.129387</point>
			</points>
		</object>
		<object>
			<coordinate>pixel</coordinate>
			<type>rectangle</type>
			<description>None</description>
			<possibleresult>
				<name>Small Car</name>
			</possibleresult>
			<points>
				<point>867.000000,78.000000</point>
				<point>864.172363,85.068970</point>
				<point>844.000000,77.000000</point>
				<point>846.827637,69.931030</point>
				<point>867.000000,78.000000</point>
			</points>
		</object>
		<object>
			<coordinate>pixel</coordinate>
			<type>rectangle</type>
			<description>None</description>
			<possibleresult>
				<name>Small Car</name>
			</possibleresult>
			<points>
				<point>845.674194,70.317268</point>
				<point>843.000000,75.999992</point>
				<point>825.325806,67.682716</point>
				<point>828.000000,61.999992</point>
				<point>845.674194,70.317268</point>
			</points>
		</object>
		<object>
			<coordinate>pixel</coordinate>
			<type>rectangle</type>
			<description>None</description>
			<possibleresult>
				<name>Dump Truck</name>
			</possibleresult>
			<points>
				<point>819.000000,58.000008</point>
				<point>816.172363,65.068977</point>
				<point>791.000000,55.000008</point>
				<point>793.827637,47.931038</point>
				<point>819.000000,58.000008</point>
			</points>
		</object>
		<object>
			<coordinate>pixel</coordinate>
			<type>rectangle</type>
			<description>None</description>
			<possibleresult>
				<name>Dump Truck</name>
			</possibleresult>
			<points>
				<point>775.000000,37.000000</point>
				<point>771.000000,47.000000</point>
				<point>736.000000,33.000000</point>
				<point>740.000000,23.000000</point>
				<point>775.000000,37.000000</point>
			</points>
		</object>
		<object>
			<coordinate>pixel</coordinate>
			<type>rectangle</type>
			<description>None</description>
			<possibleresult>
				<name>Cargo Truck</name>
			</possibleresult>
			<points>
				<point>739.095581,37.044449</point>
				<point>734.000000,47.999985</point>
				<point>690.904419,27.955521</point>
				<point>696.000000,16.999985</point>
				<point>739.095581,37.044449</point>
			</points>
		</object>
		<object>
			<coordinate>pixel</coordinate>
			<type>rectangle</type>
			<description>None</description>
			<possibleresult>
				<name>Van</name>
			</possibleresult>
			<points>
				<point>177.124710,473.056122</point>
				<point>173.999985,479.999969</point>
				<point>153.875229,470.943817</point>
				<point>156.999954,463.999969</point>
				<point>177.124710,473.056122</point>
			</points>
		</object>
		<object>
			<coordinate>pixel</coordinate>
			<type>rectangle</type>
			<description>None</description>
			<possibleresult>
				<name>Small Car</name>
			</possibleresult>
			<points>
				<point>189.104630,451.036957</point>
				<point>187.000015,457.000031</point>
				<point>169.895401,450.963104</point>
				<point>172.000015,445.000031</point>
				<point>189.104630,451.036957</point>
			</points>
		</object>
		<object>
			<coordinate>pixel</coordinate>
			<type>rectangle</type>
			<description>None</description>
			<possibleresult>
				<name>Small Car</name>
			</possibleresult>
			<points>
				<point>170.999985,444.000000</point>
				<point>168.238510,449.128418</point>
				<point>154.999985,442.000000</point>
				<point>157.761459,436.871582</point>
				<point>170.999985,444.000000</point>
			</points>
		</object>
		<object>
			<coordinate>pixel</coordinate>
			<type>rectangle</type>
			<description>None</description>
			<possibleresult>
				<name>Van</name>
			</possibleresult>
			<points>
				<point>159.157394,456.068878</point>
				<point>157.000015,461.000031</point>
				<point>140.842636,453.931183</point>
				<point>143.000015,449.000031</point>
				<point>159.157394,456.068878</point>
			</points>
		</object>
		<object>
			<coordinate>pixel</coordinate>
			<type>rectangle</type>
			<description>None</description>
			<possibleresult>
				<name>Small Car</name>
			</possibleresult>
			<points>
				<point>151.685257,434.862335</point>
				<point>149.000015,441.000031</point>
				<point>133.000015,434.000031</point>
				<point>135.685257,427.862335</point>
				<point>151.685257,434.862335</point>
			</points>
		</object>
		<object>
			<coordinate>pixel</coordinate>
			<type>rectangle</type>
			<description>None</description>
			<possibleresult>
				<name>Small Car</name>
			</possibleresult>
			<points>
				<point>131.402374,427.165710</point>
				<point>129.000000,433.000000</point>
				<point>111.597649,425.834290</point>
				<point>114.000015,420.000000</point>
				<point>131.402374,427.165710</point>
			</points>
		</object>
		<object>
			<coordinate>pixel</coordinate>
			<type>rectangle</type>
			<description>None</description>
			<possibleresult>
				<name>Small Car</name>
			</possibleresult>
			<points>
				<point>48.999989,423.000061</point>
				<point>45.999989,429.000061</point>
				<point>33.999989,423.000061</point>
				<point>36.999989,417.000061</point>
				<point>48.999989,423.000061</point>
			</points>
		</object>
		<object>
			<coordinate>pixel</coordinate>
			<type>rectangle</type>
			<description>None</description>
			<possibleresult>
				<name>Small Car</name>
			</possibleresult>
			<points>
				<point>112.447052,428.188232</point>
				<point>110.000000,434.000000</point>
				<point>90.552933,425.811768</point>
				<point>92.999985,420.000000</point>
				<point>112.447052,428.188232</point>
			</points>
		</object>
		<object>
			<coordinate>pixel</coordinate>
			<type>rectangle</type>
			<description>None</description>
			<possibleresult>
				<name>Small Car</name>
			</possibleresult>
			<points>
				<point>110.402336,417.165710</point>
				<point>107.999977,423.000000</point>
				<point>90.597618,415.834290</point>
				<point>92.999977,410.000000</point>
				<point>110.402336,417.165710</point>
			</points>
		</object>
		<object>
			<coordinate>pixel</coordinate>
			<type>rectangle</type>
			<description>None</description>
			<possibleresult>
				<name>Van</name>
			</possibleresult>
			<points>
				<point>90.000000,410.000000</point>
				<point>86.577911,417.271973</point>
				<point>69.000000,409.000000</point>
				<point>72.422089,401.728027</point>
				<point>90.000000,410.000000</point>
			</points>
		</object>
		<object>
			<coordinate>pixel</coordinate>
			<type>rectangle</type>
			<description>None</description>
			<possibleresult>
				<name>Small Car</name>
			</possibleresult>
			<points>
				<point>70.999992,402.000031</point>
				<point>67.229721,409.121674</point>
				<point>49.862152,399.927094</point>
				<point>53.632423,392.805450</point>
				<point>70.999992,402.000031</point>
			</points>
		</object>
		<object>
			<coordinate>pixel</coordinate>
			<type>rectangle</type>
			<description>None</description>
			<possibleresult>
				<name>Van</name>
			</possibleresult>
			<points>
				<point>52.000011,393.000061</point>
				<point>48.600010,399.800049</point>
				<point>32.600010,391.800049</point>
				<point>36.000011,385.000061</point>
				<point>52.000011,393.000061</point>
			</points>
		</object>
		<object>
			<coordinate>pixel</coordinate>
			<type>rectangle</type>
			<description>None</description>
			<possibleresult>
				<name>Small Car</name>
			</possibleresult>
			<points>
				<point>0.000000,377.875000</point>
				<point>-0.000000,371.199982</point>
				<point>0.820210,369.887634</point>
				<point>8.999985,375.000000</point>
				<point>0.000000,377.875000</point>
			</points>
		</object>
		<object>
			<coordinate>pixel</coordinate>
			<type>rectangle</type>
			<description>None</description>
			<possibleresult>
				<name>Van</name>
			</possibleresult>
			<points>
				<point>356.574005,240.822479</point>
				<point>354.000031,247.000000</point>
				<point>342.000031,242.000000</point>
				<point>344.574005,235.822479</point>
				<point>356.574005,240.822479</point>
			</points>
		</object>
		<object>
			<coordinate>pixel</coordinate>
			<type>rectangle</type>
			<description>None</description>
			<possibleresult>
				<name>Van</name>
			</possibleresult>
			<points>
				<point>345.000031,218.000031</point>
				<point>341.800018,224.400024</point>
				<point>323.000031,215.000031</point>
				<point>326.200043,208.600037</point>
				<point>345.000031,218.000031</point>
			</points>
		</object>
		<object>
			<coordinate>pixel</coordinate>
			<type>rectangle</type>
			<description>None</description>
			<possibleresult>
				<name>Small Car</name>
			</possibleresult>
			<points>
				<point>256.400024,181.200012</point>
				<point>253.000031,188.000000</point>
				<point>237.800018,180.399994</point>
				<point>241.200012,173.600006</point>
				<point>256.400024,181.200012</point>
			</points>
		</object>
		<object>
			<coordinate>pixel</coordinate>
			<type>rectangle</type>
			<description>None</description>
			<possibleresult>
				<name>Small Car</name>
			</possibleresult>
			<points>
				<point>75.000015,119.000015</point>
				<point>71.580338,126.816406</point>
				<point>55.580341,119.816406</point>
				<point>59.000015,112.000015</point>
				<point>75.000015,119.000015</point>
			</points>
		</object>
		<object>
			<coordinate>pixel</coordinate>
			<type>rectangle</type>
			<description>None</description>
			<possibleresult>
				<name>Small Car</name>
			</possibleresult>
			<points>
				<point>55.000008,111.000000</point>
				<point>51.558830,118.264709</point>
				<point>32.000000,109.000000</point>
				<point>35.441177,101.735291</point>
				<point>55.000008,111.000000</point>
			</points>
		</object>
		<object>
			<coordinate>pixel</coordinate>
			<type>rectangle</type>
			<description>None</description>
			<possibleresult>
				<name>Bus</name>
			</possibleresult>
			<points>
				<point>92.000000,98.000000</point>
				<point>88.000000,108.000000</point>
				<point>53.000000,94.000000</point>
				<point>57.000000,84.000000</point>
				<point>92.000000,98.000000</point>
			</points>
		</object>
		<object>
			<coordinate>pixel</coordinate>
			<type>rectangle</type>
			<description>None</description>
			<possibleresult>
				<name>Van</name>
			</possibleresult>
			<points>
				<point>31.000000,101.000015</point>
				<point>27.482758,109.206909</point>
				<point>6.000000,100.000015</point>
				<point>9.517242,91.793121</point>
				<point>31.000000,101.000015</point>
			</points>
		</object>
		<object>
			<coordinate>pixel</coordinate>
			<type>rectangle</type>
			<description>None</description>
			<possibleresult>
				<name>Dump Truck</name>
			</possibleresult>
			<points>
				<point>511.444458,7.318088</point>
				<point>511.444458,0.000000</point>
				<point>531.000000,0.000000</point>
				<point>531.000000,7.318088</point>
				<point>511.444458,7.318088</point>
			</points>
		</object>
		<object>
			<coordinate>pixel</coordinate>
			<type>rectangle</type>
			<description>None</description>
			<possibleresult>
				<name>Small Car</name>
			</possibleresult>
			<points>
				<point>628.636475,2.488266</point>
				<point>623.142822,2.488266</point>
				<point>623.142822,0.000000</point>
				<point>628.636475,0.000001</point>
				<point>628.636475,2.488266</point>
			</points>
		</object>
		<object>
			<coordinate>pixel</coordinate>
			<type>rectangle</type>
			<description>None</description>
			<possibleresult>
				<name>Van</name>
			</possibleresult>
			<points>
				<point>570.000000,14.999985</point>
				<point>563.793091,30.517227</point>
				<point>555.000000,26.999985</point>
				<point>561.206909,11.482742</point>
				<point>570.000000,14.999985</point>
			</points>
		</object>
		<object>
			<coordinate>pixel</coordinate>
			<type>rectangle</type>
			<description>None</description>
			<possibleresult>
				<name>Van</name>
			</possibleresult>
			<points>
				<point>594.692200,22.461535</point>
				<point>586.692200,34.461533</point>
				<point>579.999939,29.999998</point>
				<point>587.999939,18.000000</point>
				<point>594.692200,22.461535</point>
			</points>
		</object>
		<object>
			<coordinate>pixel</coordinate>
			<type>rectangle</type>
			<description>None</description>
			<possibleresult>
				<name>Van</name>
			</possibleresult>
			<points>
				<point>567.000061,42.000031</point>
				<point>558.692322,54.461571</point>
				<point>552.692322,50.461571</point>
				<point>561.000061,38.000031</point>
				<point>567.000061,42.000031</point>
			</points>
		</object>
		<object>
			<coordinate>pixel</coordinate>
			<type>rectangle</type>
			<description>None</description>
			<possibleresult>
				<name>Small Car</name>
			</possibleresult>
			<points>
				<point>602.999878,35.000004</point>
				<point>594.999878,48.000004</point>
				<point>587.690918,43.502148</point>
				<point>595.690918,30.502148</point>
				<point>602.999878,35.000004</point>
			</points>
		</object>
		<object>
			<coordinate>pixel</coordinate>
			<type>rectangle</type>
			<description>None</description>
			<possibleresult>
				<name>Van</name>
			</possibleresult>
			<points>
				<point>629.000061,33.999981</point>
				<point>611.000061,47.999981</point>
				<point>605.723083,41.215366</point>
				<point>623.723083,27.215366</point>
				<point>629.000061,33.999981</point>
			</points>
		</object>
		<object>
			<coordinate>pixel</coordinate>
			<type>rectangle</type>
			<description>None</description>
			<possibleresult>
				<name>Van</name>
			</possibleresult>
			<points>
				<point>605.000000,55.000015</point>
				<point>591.829712,72.222725</point>
				<point>585.000000,67.000015</point>
				<point>598.170288,49.777306</point>
				<point>605.000000,55.000015</point>
			</points>
		</object>
		<object>
			<coordinate>pixel</coordinate>
			<type>rectangle</type>
			<description>None</description>
			<possibleresult>
				<name>Van</name>
			</possibleresult>
			<points>
				<point>549.472961,84.337860</point>
				<point>536.094543,103.067596</point>
				<point>528.621521,97.729752</point>
				<point>541.999939,79.000015</point>
				<point>549.472961,84.337860</point>
			</points>
		</object>
		<object>
			<coordinate>pixel</coordinate>
			<type>rectangle</type>
			<description>None</description>
			<possibleresult>
				<name>Cargo Truck</name>
			</possibleresult>
			<points>
				<point>503.000000,106.000015</point>
				<point>483.982544,133.024780</point>
				<point>474.000000,126.000015</point>
				<point>493.017456,98.975250</point>
				<point>503.000000,106.000015</point>
			</points>
		</object>
		<object>
			<coordinate>pixel</coordinate>
			<type>rectangle</type>
			<description>None</description>
			<possibleresult>
				<name>Small Car</name>
			</possibleresult>
			<points>
				<point>539.000000,80.000008</point>
				<point>529.000000,95.000008</point>
				<point>520.692261,89.461540</point>
				<point>530.692261,74.461540</point>
				<point>539.000000,80.000008</point>
			</points>
		</object>
		<object>
			<coordinate>pixel</coordinate>
			<type>rectangle</type>
			<description>None</description>
			<possibleresult>
				<name>Small Car</name>
			</possibleresult>
			<points>
				<point>568.999939,80.999977</point>
				<point>559.461487,95.307671</point>
				<point>552.769226,90.846138</point>
				<point>562.307678,76.538445</point>
				<point>568.999939,80.999977</point>
			</points>
		</object>
		<object>
			<coordinate>pixel</coordinate>
			<type>rectangle</type>
			<description>None</description>
			<possibleresult>
				<name>Van</name>
			</possibleresult>
			<points>
				<point>586.000000,98.000000</point>
				<point>575.269653,115.168549</point>
				<point>567.269653,110.168549</point>
				<point>578.000000,93.000000</point>
				<point>586.000000,98.000000</point>
			</points>
		</object>
		<object>
			<coordinate>pixel</coordinate>
			<type>rectangle</type>
			<description>None</description>
			<possibleresult>
				<name>Van</name>
			</possibleresult>
			<points>
				<point>537.137329,121.776825</point>
				<point>529.000000,135.000000</point>
				<point>522.862671,131.223175</point>
				<point>531.000000,118.000000</point>
				<point>537.137329,121.776825</point>
			</points>
		</object>
		<object>
			<coordinate>pixel</coordinate>
			<type>rectangle</type>
			<description>None</description>
			<possibleresult>
				<name>Small Car</name>
			</possibleresult>
			<points>
				<point>513.999939,130.000000</point>
				<point>504.999939,146.000000</point>
				<point>496.786316,141.379822</point>
				<point>505.786316,125.379822</point>
				<point>513.999939,130.000000</point>
			</points>
		</object>
		<object>
			<coordinate>pixel</coordinate>
			<type>rectangle</type>
			<description>None</description>
			<possibleresult>
				<name>Small Car</name>
			</possibleresult>
			<points>
				<point>513.000000,157.000000</point>
				<point>503.760010,169.320007</point>
				<point>498.000000,165.000000</point>
				<point>507.239990,152.679993</point>
				<point>513.000000,157.000000</point>
			</points>
		</object>
		<object>
			<coordinate>pixel</coordinate>
			<type>rectangle</type>
			<description>None</description>
			<possibleresult>
				<name>Van</name>
			</possibleresult>
			<points>
				<point>496.999969,136.999969</point>
				<point>485.196686,151.163910</point>
				<point>478.606537,145.672119</point>
				<point>490.409821,131.508179</point>
				<point>496.999969,136.999969</point>
			</points>
		</object>
		<object>
			<coordinate>pixel</coordinate>
			<type>rectangle</type>
			<description>None</description>
			<possibleresult>
				<name>Dump Truck</name>
			</possibleresult>
			<points>
				<point>556.000061,138.000015</point>
				<point>546.000061,152.000015</point>
				<point>539.662170,147.472977</point>
				<point>549.662170,133.472977</point>
				<point>556.000061,138.000015</point>
			</points>
		</object>
		<object>
			<coordinate>pixel</coordinate>
			<type>rectangle</type>
			<description>None</description>
			<possibleresult>
				<name>Cargo Truck</name>
			</possibleresult>
			<points>
				<point>545.000000,153.999985</point>
				<point>530.000000,175.999985</point>
				<point>520.598022,169.589554</point>
				<point>535.598022,147.589554</point>
				<point>545.000000,153.999985</point>
			</points>
		</object>
		<object>
			<coordinate>pixel</coordinate>
			<type>rectangle</type>
			<description>None</description>
			<possibleresult>
				<name>Small Car</name>
			</possibleresult>
			<points>
				<point>526.064941,177.898911</point>
				<point>517.000000,191.999985</point>
				<point>510.935028,188.101059</point>
				<point>520.000000,173.999985</point>
				<point>526.064941,177.898911</point>
			</points>
		</object>
		<object>
			<coordinate>pixel</coordinate>
			<type>rectangle</type>
			<description>None</description>
			<possibleresult>
				<name>Small Car</name>
			</possibleresult>
			<points>
				<point>491.000000,184.000031</point>
				<point>482.815369,198.323120</point>
				<point>477.000000,195.000031</point>
				<point>485.184631,180.676941</point>
				<point>491.000000,184.000031</point>
			</points>
		</object>
		<object>
			<coordinate>pixel</coordinate>
			<type>rectangle</type>
			<description>None</description>
			<possibleresult>
				<name>Small Car</name>
			</possibleresult>
			<points>
				<point>512.000000,197.000031</point>
				<point>503.753876,211.430786</point>
				<point>496.753876,207.430786</point>
				<point>505.000031,193.000031</point>
				<point>512.000000,197.000031</point>
			</points>
		</object>
		<object>
			<coordinate>pixel</coordinate>
			<type>rectangle</type>
			<description>None</description>
			<possibleresult>
				<name>Van</name>
			</possibleresult>
			<points>
				<point>444.000000,189.000000</point>
				<point>434.000000,205.000000</point>
				<point>426.000000,200.000000</point>
				<point>436.000000,184.000000</point>
				<point>444.000000,189.000000</point>
			</points>
		</object>
		<object>
			<coordinate>pixel</coordinate>
			<type>rectangle</type>
			<description>None</description>
			<possibleresult>
				<name>Van</name>
			</possibleresult>
			<points>
				<point>463.072052,200.896011</point>
				<point>454.072052,213.896011</point>
				<point>447.000031,209.000015</point>
				<point>456.000031,196.000015</point>
				<point>463.072052,200.896011</point>
			</points>
		</object>
		<object>
			<coordinate>pixel</coordinate>
			<type>rectangle</type>
			<description>None</description>
			<possibleresult>
				<name>Van</name>
			</possibleresult>
			<points>
				<point>457.538452,232.692307</point>
				<point>450.000000,244.000015</point>
				<point>444.000000,240.000015</point>
				<point>451.538452,228.692307</point>
				<point>457.538452,232.692307</point>
			</points>
		</object>
		<object>
			<coordinate>pixel</coordinate>
			<type>rectangle</type>
			<description>None</description>
			<possibleresult>
				<name>Small Car</name>
			</possibleresult>
			<points>
				<point>432.102722,259.773987</point>
				<point>427.000000,271.000000</point>
				<point>420.897278,268.226013</point>
				<point>426.000000,257.000000</point>
				<point>432.102722,259.773987</point>
			</points>
		</object>
		<object>
			<coordinate>pixel</coordinate>
			<type>rectangle</type>
			<description>None</description>
			<possibleresult>
				<name>Small Car</name>
			</possibleresult>
			<points>
				<point>380.000031,263.000000</point>
				<point>373.931061,278.172424</point>
				<point>366.000031,275.000000</point>
				<point>372.069000,259.827576</point>
				<point>380.000031,263.000000</point>
			</points>
		</object>
		<object>
			<coordinate>pixel</coordinate>
			<type>rectangle</type>
			<description>None</description>
			<possibleresult>
				<name>Small Car</name>
			</possibleresult>
			<points>
				<point>366.753876,290.430786</point>
				<point>359.000031,304.000000</point>
				<point>352.000031,300.000000</point>
				<point>359.753876,286.430786</point>
				<point>366.753876,290.430786</point>
			</points>
		</object>
		<object>
			<coordinate>pixel</coordinate>
			<type>rectangle</type>
			<description>None</description>
			<possibleresult>
				<name>Van</name>
			</possibleresult>
			<points>
				<point>376.095367,305.364319</point>
				<point>373.000031,326.000000</point>
				<point>363.904694,324.635681</point>
				<point>367.000031,304.000000</point>
				<point>376.095367,305.364319</point>
			</points>
		</object>
		<object>
			<coordinate>pixel</coordinate>
			<type>rectangle</type>
			<description>None</description>
			<possibleresult>
				<name>Small Car</name>
			</possibleresult>
			<points>
				<point>372.240021,350.679993</point>
				<point>363.000031,363.000000</point>
				<point>356.760040,358.320007</point>
				<point>366.000031,346.000000</point>
				<point>372.240021,350.679993</point>
			</points>
		</object>
		<object>
			<coordinate>pixel</coordinate>
			<type>rectangle</type>
			<description>None</description>
			<possibleresult>
				<name>Small Car</name>
			</possibleresult>
			<points>
				<point>360.000000,346.000000</point>
				<point>351.000000,360.000000</point>
				<point>343.772583,355.353760</point>
				<point>352.772583,341.353760</point>
				<point>360.000000,346.000000</point>
			</points>
		</object>
		<object>
			<coordinate>pixel</coordinate>
			<type>rectangle</type>
			<description>None</description>
			<possibleresult>
				<name>Van</name>
			</possibleresult>
			<points>
				<point>344.000031,335.000031</point>
				<point>336.400055,350.200043</point>
				<point>329.600067,346.800018</point>
				<point>337.200043,331.600006</point>
				<point>344.000031,335.000031</point>
			</points>
		</object>
		<object>
			<coordinate>pixel</coordinate>
			<type>rectangle</type>
			<description>None</description>
			<possibleresult>
				<name>Small Car</name>
			</possibleresult>
			<points>
				<point>264.631165,482.057404</point>
				<point>264.000031,489.000031</point>
				<point>241.368896,486.942657</point>
				<point>242.000031,480.000031</point>
				<point>264.631165,482.057404</point>
			</points>
		</object>
		<object>
			<coordinate>pixel</coordinate>
			<type>rectangle</type>
			<description>None</description>
			<possibleresult>
				<name>Van</name>
			</possibleresult>
			<points>
				<point>147.487778,699.390381</point>
				<point>138.121933,711.097656</point>
				<point>132.634140,706.707397</point>
				<point>141.999985,695.000122</point>
				<point>147.487778,699.390381</point>
			</points>
		</object>
		<object>
			<coordinate>pixel</coordinate>
			<type>rectangle</type>
			<description>None</description>
			<possibleresult>
				<name>Van</name>
			</possibleresult>
			<points>
				<point>167.000031,675.000061</point>
				<point>155.378418,691.270325</point>
				<point>147.716248,685.797302</point>
				<point>159.337860,669.527039</point>
				<point>167.000031,675.000061</point>
			</points>
		</object>
		<object>
			<coordinate>pixel</coordinate>
			<type>rectangle</type>
			<description>None</description>
			<possibleresult>
				<name>Van</name>
			</possibleresult>
			<points>
				<point>178.461548,657.307739</point>
				<point>170.000000,670.000000</point>
				<point>163.538452,665.692261</point>
				<point>172.000000,653.000000</point>
				<point>178.461548,657.307739</point>
			</points>
		</object>
		<object>
			<coordinate>pixel</coordinate>
			<type>rectangle</type>
			<description>None</description>
			<possibleresult>
				<name>Van</name>
			</possibleresult>
			<points>
				<point>191.000000,638.000000</point>
				<point>181.000000,652.000000</point>
				<point>175.135132,647.810791</point>
				<point>185.135132,633.810791</point>
				<point>191.000000,638.000000</point>
			</points>
		</object>
		<object>
			<coordinate>pixel</coordinate>
			<type>rectangle</type>
			<description>None</description>
			<possibleresult>
				<name>Van</name>
			</possibleresult>
			<points>
				<point>207.128555,617.781494</point>
				<point>197.128555,634.781494</point>
				<point>189.000015,630.000000</point>
				<point>199.000015,613.000000</point>
				<point>207.128555,617.781494</point>
			</points>
		</object>
		<object>
			<coordinate>pixel</coordinate>
			<type>rectangle</type>
			<description>None</description>
			<possibleresult>
				<name>Van</name>
			</possibleresult>
			<points>
				<point>245.000000,544.000061</point>
				<point>233.000000,560.000061</point>
				<point>225.000000,554.000061</point>
				<point>237.000000,538.000061</point>
				<point>245.000000,544.000061</point>
			</points>
		</object>
		<object>
			<coordinate>pixel</coordinate>
			<type>rectangle</type>
			<description>None</description>
			<possibleresult>
				<name>Small Car</name>
			</possibleresult>
			<points>
				<point>206.227448,537.646240</point>
				<point>197.227448,551.646240</point>
				<point>190.000000,547.000000</point>
				<point>199.000000,533.000000</point>
				<point>206.227448,537.646240</point>
			</points>
		</object>
		<object>
			<coordinate>pixel</coordinate>
			<type>rectangle</type>
			<description>None</description>
			<possibleresult>
				<name>Van</name>
			</possibleresult>
			<points>
				<point>196.153839,530.769226</point>
				<point>186.153839,545.769226</point>
				<point>179.000000,540.999939</point>
				<point>189.000000,525.999939</point>
				<point>196.153839,530.769226</point>
			</points>
		</object>
		<object>
			<coordinate>pixel</coordinate>
			<type>rectangle</type>
			<description>None</description>
			<possibleresult>
				<name>Van</name>
			</possibleresult>
			<points>
				<point>181.307678,548.538391</point>
				<point>171.307678,563.538391</point>
				<point>163.000000,557.999939</point>
				<point>173.000000,542.999939</point>
				<point>181.307678,548.538391</point>
			</points>
		</object>
		<object>
			<coordinate>pixel</coordinate>
			<type>rectangle</type>
			<description>None</description>
			<possibleresult>
				<name>Van</name>
			</possibleresult>
			<points>
				<point>165.000015,570.000061</point>
				<point>153.378403,586.270325</point>
				<point>145.716232,580.797302</point>
				<point>157.337845,564.527039</point>
				<point>165.000015,570.000061</point>
			</points>
		</object>
		<object>
			<coordinate>pixel</coordinate>
			<type>rectangle</type>
			<description>None</description>
			<possibleresult>
				<name>Van</name>
			</possibleresult>
			<points>
				<point>151.000031,592.000000</point>
				<point>141.000031,606.000000</point>
				<point>133.337860,600.526978</point>
				<point>143.337860,586.526978</point>
				<point>151.000031,592.000000</point>
			</points>
		</object>
		<object>
			<coordinate>pixel</coordinate>
			<type>rectangle</type>
			<description>None</description>
			<possibleresult>
				<name>Van</name>
			</possibleresult>
			<points>
				<point>136.000015,611.999939</point>
				<point>126.473000,625.337830</point>
				<point>119.472992,620.337830</point>
				<point>129.000000,606.999939</point>
				<point>136.000015,611.999939</point>
			</points>
		</object>
		<object>
			<coordinate>pixel</coordinate>
			<type>rectangle</type>
			<description>None</description>
			<possibleresult>
				<name>Van</name>
			</possibleresult>
			<points>
				<point>117.999985,633.000000</point>
				<point>107.999985,648.000000</point>
				<point>100.846146,643.230713</point>
				<point>110.846146,628.230713</point>
				<point>117.999985,633.000000</point>
			</points>
		</object>
		<object>
			<coordinate>pixel</coordinate>
			<type>rectangle</type>
			<description>None</description>
			<possibleresult>
				<name>Van</name>
			</possibleresult>
			<points>
				<point>115.000000,658.000000</point>
				<point>107.800003,672.400024</point>
				<point>101.000000,669.000000</point>
				<point>108.199997,654.599976</point>
				<point>115.000000,658.000000</point>
			</points>
		</object>
		<object>
			<coordinate>pixel</coordinate>
			<type>rectangle</type>
			<description>None</description>
			<possibleresult>
				<name>Small Car</name>
			</possibleresult>
			<points>
				<point>95.046967,665.932861</point>
				<point>87.999985,676.000000</point>
				<point>80.953003,671.067139</point>
				<point>87.999985,661.000000</point>
				<point>95.046967,665.932861</point>
			</points>
		</object>
		<object>
			<coordinate>pixel</coordinate>
			<type>rectangle</type>
			<description>None</description>
			<possibleresult>
				<name>Van</name>
			</possibleresult>
			<points>
				<point>87.999992,772.999939</point>
				<point>79.999992,784.999939</point>
				<point>73.999992,780.999939</point>
				<point>81.999992,768.999939</point>
				<point>87.999992,772.999939</point>
			</points>
		</object>
		<object>
			<coordinate>pixel</coordinate>
			<type>rectangle</type>
			<description>None</description>
			<possibleresult>
				<name>Small Car</name>
			</possibleresult>
			<points>
				<point>64.000000,776.000000</point>
				<point>54.911766,791.147095</point>
				<point>48.000000,787.000000</point>
				<point>57.088234,771.852905</point>
				<point>64.000000,776.000000</point>
			</points>
		</object>
		<object>
			<coordinate>pixel</coordinate>
			<type>rectangle</type>
			<description>None</description>
			<possibleresult>
				<name>Cargo Truck</name>
			</possibleresult>
			<points>
				<point>-0.000010,796.333252</point>
				<point>-10.441101,790.068604</point>
				<point>0.999993,770.999878</point>
				<point>11.441084,777.264526</point>
				<point>-0.000010,796.333252</point>
			</points>
		</object>
		<object>
			<coordinate>pixel</coordinate>
			<type>rectangle</type>
			<description>None</description>
			<possibleresult>
				<name>Cargo Truck</name>
			</possibleresult>
			<points>
				<point>79.000038,796.000000</point>
				<point>63.936565,818.093140</point>
				<point>55.000038,812.000000</point>
				<point>70.063507,789.906860</point>
				<point>79.000038,796.000000</point>
			</points>
		</object>
		<object>
			<coordinate>pixel</coordinate>
			<type>rectangle</type>
			<description>None</description>
			<possibleresult>
				<name>Van</name>
			</possibleresult>
			<points>
				<point>44.352943,839.411743</point>
				<point>35.352943,854.411743</point>
				<point>28.000000,850.000000</point>
				<point>37.000000,835.000000</point>
				<point>44.352943,839.411743</point>
			</points>
		</object>
		<object>
			<coordinate>pixel</coordinate>
			<type>rectangle</type>
			<description>None</description>
			<possibleresult>
				<name>Van</name>
			</possibleresult>
			<points>
				<point>0.000000,908.153992</point>
				<point>0.000000,907.000183</point>
				<point>9.000021,894.000122</point>
				<point>16.540020,899.220093</point>
				<point>0.000000,908.153992</point>
			</points>
		</object>
	</objects>
</annotation>