<?xml version="1.0" encoding="utf-8"?>
<annotation>
	<source>
		<filename>1214.tif</filename>
		<origin>GF2/GF3</origin>
	</source>
	<research>
		<version>1.0</version>
		<provider>FAIR1M</provider>
		<author>Cyber</author>
		<pluginname>FAIR1M</pluginname>
		<pluginclass>object detection</pluginclass>
		<time>2021-03</time>
	</research>
	<size>
		<width>1500</width>
		<height>1500</height>
		<depth>3</depth>
	</size>
	<objects>
		<object>
			<coordinate>pixel</coordinate>
			<type>rectangle</type>
			<description>None</description>
			<possibleresult>
				<name>Dry Cargo Ship</name>
			</possibleresult>
			<points>
				<point>1136.000000,73.000000</point>
				<point>1382.000000,163.000000</point>
				<point>1396.000000,124.000000</point>
				<point>1150.000000,35.000000</point>
				<point>1136.000000,73.000000</point>
			</points>
		</object>
		<object>
			<coordinate>pixel</coordinate>
			<type>rectangle</type>
			<description>None</description>
			<possibleresult>
				<name>Dry Cargo Ship</name>
			</possibleresult>
			<points>
				<point>649.000000,871.000000</point>
				<point>842.000000,909.000000</point>
				<point>848.000000,881.000000</point>
				<point>654.000000,842.000000</point>
				<point>649.000000,871.000000</point>
			</points>
		</object>
		<object>
			<coordinate>pixel</coordinate>
			<type>rectangle</type>
			<description>None</description>
			<possibleresult>
				<name>Dry Cargo Ship</name>
			</possibleresult>
			<points>
				<point>941.000000,931.000000</point>
				<point>1170.000000,979.000000</point>
				<point>1180.000000,933.000000</point>
				<point>951.000000,885.000000</point>
				<point>941.000000,931.000000</point>
			</points>
		</object>
		<object>
			<coordinate>pixel</coordinate>
			<type>rectangle</type>
			<description>None</description>
			<possibleresult>
				<name>Dry Cargo Ship</name>
			</possibleresult>
			<points>
				<point>1147.000000,473.000000</point>
				<point>1431.000000,539.000000</point>
				<point>1441.000000,493.000000</point>
				<point>1157.000000,427.000000</point>
				<point>1147.000000,473.000000</point>
			</points>
		</object>
		<object>
			<coordinate>pixel</coordinate>
			<type>rectangle</type>
			<description>None</description>
			<possibleresult>
				<name>Tugboat</name>
			</possibleresult>
			<points>
				<point>1189.000000,432.000000</point>
				<point>1225.000000,442.000000</point>
				<point>1229.000000,428.000000</point>
				<point>1193.000000,417.000000</point>
				<point>1189.000000,432.000000</point>
			</points>
		</object>
		<object>
			<coordinate>pixel</coordinate>
			<type>rectangle</type>
			<description>None</description>
			<possibleresult>
				<name>Tugboat</name>
			</possibleresult>
			<points>
				<point>1426.000000,500.000000</point>
				<point>1467.000000,500.000000</point>
				<point>1467.000000,484.000000</point>
				<point>1426.000000,484.000000</point>
				<point>1426.000000,500.000000</point>
			</points>
		</object>
	</objects>
</annotation>