<?xml version="1.0" encoding="utf-8"?>
<annotation>
	<source>
		<filename>1221.tif</filename>
		<origin>GF2/GF3</origin>
	</source>
	<research>
		<version>1.0</version>
		<provider>FAIR1M</provider>
		<author>Cyber</author>
		<pluginname>FAIR1M</pluginname>
		<pluginclass>object detection</pluginclass>
		<time>2021-03</time>
	</research>
	<size>
		<width>1000</width>
		<height>1000</height>
		<depth>3</depth>
	</size>
	<objects>
		<object>
			<coordinate>pixel</coordinate>
			<type>rectangle</type>
			<description>None</description>
			<possibleresult>
				<name>Small Car</name>
			</possibleresult>
			<points>
				<point>620.000061,545.000061</point>
				<point>619.236023,553.022522</point>
				<point>598.000061,551.000061</point>
				<point>598.764099,542.977600</point>
				<point>620.000061,545.000061</point>
			</points>
		</object>
		<object>
			<coordinate>pixel</coordinate>
			<type>rectangle</type>
			<description>None</description>
			<possibleresult>
				<name>Small Car</name>
			</possibleresult>
			<points>
				<point>796.250000,0.000000</point>
				<point>804.333435,0.000000</point>
				<point>811.000061,14.999969</point>
				<point>802.000061,18.999969</point>
				<point>796.250000,0.000000</point>
			</points>
		</object>
		<object>
			<coordinate>pixel</coordinate>
			<type>rectangle</type>
			<description>None</description>
			<possibleresult>
				<name>Small Car</name>
			</possibleresult>
			<points>
				<point>671.000000,43.000019</point>
				<point>662.090698,45.344578</point>
				<point>657.000000,26.000019</point>
				<point>665.909302,23.655460</point>
				<point>671.000000,43.000019</point>
			</points>
		</object>
		<object>
			<coordinate>pixel</coordinate>
			<type>rectangle</type>
			<description>None</description>
			<possibleresult>
				<name>Van</name>
			</possibleresult>
			<points>
				<point>711.076965,154.384613</point>
				<point>710.076965,162.384613</point>
				<point>699.000061,161.000000</point>
				<point>700.000061,153.000000</point>
				<point>711.076965,154.384613</point>
			</points>
		</object>
		<object>
			<coordinate>pixel</coordinate>
			<type>rectangle</type>
			<description>None</description>
			<possibleresult>
				<name>Small Car</name>
			</possibleresult>
			<points>
				<point>705.000061,220.000031</point>
				<point>703.643372,227.122559</point>
				<point>682.643372,223.122559</point>
				<point>684.000061,216.000031</point>
				<point>705.000061,220.000031</point>
			</points>
		</object>
		<object>
			<coordinate>pixel</coordinate>
			<type>rectangle</type>
			<description>None</description>
			<possibleresult>
				<name>Van</name>
			</possibleresult>
			<points>
				<point>403.000031,244.999985</point>
				<point>401.000031,253.999985</point>
				<point>381.835297,249.741165</point>
				<point>383.835297,240.741165</point>
				<point>403.000031,244.999985</point>
			</points>
		</object>
		<object>
			<coordinate>pixel</coordinate>
			<type>rectangle</type>
			<description>None</description>
			<possibleresult>
				<name>Van</name>
			</possibleresult>
			<points>
				<point>508.999969,72.999992</point>
				<point>497.085907,76.309448</point>
				<point>491.999969,57.999992</point>
				<point>503.914032,54.690536</point>
				<point>508.999969,72.999992</point>
			</points>
		</object>
		<object>
			<coordinate>pixel</coordinate>
			<type>rectangle</type>
			<description>None</description>
			<possibleresult>
				<name>Small Car</name>
			</possibleresult>
			<points>
				<point>487.000000,77.000015</point>
				<point>477.871033,79.535828</point>
				<point>472.871033,61.535831</point>
				<point>482.000000,59.000015</point>
				<point>487.000000,77.000015</point>
			</points>
		</object>
		<object>
			<coordinate>pixel</coordinate>
			<type>rectangle</type>
			<description>None</description>
			<possibleresult>
				<name>Baseball Field</name>
			</possibleresult>
			<points>
				<point>16.999969,833.000122</point>
				<point>-82.582802,747.780273</point>
				<point>-0.000015,651.279053</point>
				<point>99.582756,736.498901</point>
				<point>16.999969,833.000122</point>
			</points>
		</object>
		<object>
			<coordinate>pixel</coordinate>
			<type>rectangle</type>
			<description>None</description>
			<possibleresult>
				<name>Van</name>
			</possibleresult>
			<points>
				<point>895.000000,579.000000</point>
				<point>886.000000,579.000000</point>
				<point>886.000000,563.000000</point>
				<point>895.000000,563.000000</point>
				<point>895.000000,579.000000</point>
			</points>
		</object>
		<object>
			<coordinate>pixel</coordinate>
			<type>rectangle</type>
			<description>None</description>
			<possibleresult>
				<name>Dump Truck</name>
			</possibleresult>
			<points>
				<point>830.000000,579.000000</point>
				<point>822.079224,579.792114</point>
				<point>821.079224,569.792114</point>
				<point>829.000000,569.000000</point>
				<point>830.000000,579.000000</point>
			</points>
		</object>
		<object>
			<coordinate>pixel</coordinate>
			<type>rectangle</type>
			<description>None</description>
			<possibleresult>
				<name>Van</name>
			</possibleresult>
			<points>
				<point>873.000000,537.000000</point>
				<point>865.000000,537.000000</point>
				<point>865.000000,521.000000</point>
				<point>873.000000,521.000000</point>
				<point>873.000000,537.000000</point>
			</points>
		</object>
		<object>
			<coordinate>pixel</coordinate>
			<type>rectangle</type>
			<description>None</description>
			<possibleresult>
				<name>Van</name>
			</possibleresult>
			<points>
				<point>864.000000,540.000000</point>
				<point>854.000000,540.000000</point>
				<point>854.000000,522.000000</point>
				<point>864.000000,522.000000</point>
				<point>864.000000,540.000000</point>
			</points>
		</object>
		<object>
			<coordinate>pixel</coordinate>
			<type>rectangle</type>
			<description>None</description>
			<possibleresult>
				<name>Dump Truck</name>
			</possibleresult>
			<points>
				<point>842.000000,540.000000</point>
				<point>831.000000,540.000000</point>
				<point>831.000000,522.000000</point>
				<point>842.000000,522.000000</point>
				<point>842.000000,540.000000</point>
			</points>
		</object>
		<object>
			<coordinate>pixel</coordinate>
			<type>rectangle</type>
			<description>None</description>
			<possibleresult>
				<name>Van</name>
			</possibleresult>
			<points>
				<point>673.000000,540.000000</point>
				<point>663.000000,540.000000</point>
				<point>663.000000,523.000000</point>
				<point>673.000000,523.000000</point>
				<point>673.000000,540.000000</point>
			</points>
		</object>
		<object>
			<coordinate>pixel</coordinate>
			<type>rectangle</type>
			<description>None</description>
			<possibleresult>
				<name>Van</name>
			</possibleresult>
			<points>
				<point>669.000000,580.000000</point>
				<point>658.000000,580.000000</point>
				<point>658.000000,564.000000</point>
				<point>669.000000,564.000000</point>
				<point>669.000000,580.000000</point>
			</points>
		</object>
		<object>
			<coordinate>pixel</coordinate>
			<type>rectangle</type>
			<description>None</description>
			<possibleresult>
				<name>Dump Truck</name>
			</possibleresult>
			<points>
				<point>638.000000,580.000000</point>
				<point>629.000000,580.000000</point>
				<point>629.000000,568.000000</point>
				<point>638.000000,568.000000</point>
				<point>638.000000,580.000000</point>
			</points>
		</object>
		<object>
			<coordinate>pixel</coordinate>
			<type>rectangle</type>
			<description>None</description>
			<possibleresult>
				<name>Dump Truck</name>
			</possibleresult>
			<points>
				<point>627.000061,579.000061</point>
				<point>618.035095,579.560364</point>
				<point>617.000061,563.000061</point>
				<point>625.965027,562.439758</point>
				<point>627.000061,579.000061</point>
			</points>
		</object>
		<object>
			<coordinate>pixel</coordinate>
			<type>rectangle</type>
			<description>None</description>
			<possibleresult>
				<name>Van</name>
			</possibleresult>
			<points>
				<point>628.000000,536.000000</point>
				<point>619.000000,536.000000</point>
				<point>619.000000,519.000000</point>
				<point>628.000000,519.000000</point>
				<point>628.000000,536.000000</point>
			</points>
		</object>
		<object>
			<coordinate>pixel</coordinate>
			<type>rectangle</type>
			<description>None</description>
			<possibleresult>
				<name>Small Car</name>
			</possibleresult>
			<points>
				<point>604.000000,539.000000</point>
				<point>596.000000,539.000000</point>
				<point>596.000000,522.000000</point>
				<point>604.000000,522.000000</point>
				<point>604.000000,539.000000</point>
			</points>
		</object>
		<object>
			<coordinate>pixel</coordinate>
			<type>rectangle</type>
			<description>None</description>
			<possibleresult>
				<name>Van</name>
			</possibleresult>
			<points>
				<point>550.000000,537.000000</point>
				<point>541.000000,537.000000</point>
				<point>541.000000,518.000000</point>
				<point>550.000000,518.000000</point>
				<point>550.000000,537.000000</point>
			</points>
		</object>
		<object>
			<coordinate>pixel</coordinate>
			<type>rectangle</type>
			<description>None</description>
			<possibleresult>
				<name>Small Car</name>
			</possibleresult>
			<points>
				<point>485.027618,537.468994</point>
				<point>476.000031,538.000000</point>
				<point>474.972443,520.531006</point>
				<point>484.000031,520.000000</point>
				<point>485.027618,537.468994</point>
			</points>
		</object>
		<object>
			<coordinate>pixel</coordinate>
			<type>rectangle</type>
			<description>None</description>
			<possibleresult>
				<name>Dump Truck</name>
			</possibleresult>
			<points>
				<point>508.000000,579.000000</point>
				<point>497.000000,579.000000</point>
				<point>497.000000,564.000000</point>
				<point>508.000000,564.000000</point>
				<point>508.000000,579.000000</point>
			</points>
		</object>
		<object>
			<coordinate>pixel</coordinate>
			<type>rectangle</type>
			<description>None</description>
			<possibleresult>
				<name>Van</name>
			</possibleresult>
			<points>
				<point>547.000061,579.000000</point>
				<point>536.975403,579.556885</point>
				<point>535.975403,561.556885</point>
				<point>546.000061,561.000000</point>
				<point>547.000061,579.000000</point>
			</points>
		</object>
		<object>
			<coordinate>pixel</coordinate>
			<type>rectangle</type>
			<description>None</description>
			<possibleresult>
				<name>Van</name>
			</possibleresult>
			<points>
				<point>428.000000,553.000000</point>
				<point>405.000000,553.000000</point>
				<point>405.000000,545.000000</point>
				<point>428.000000,545.000000</point>
				<point>428.000000,553.000000</point>
			</points>
		</object>
		<object>
			<coordinate>pixel</coordinate>
			<type>rectangle</type>
			<description>None</description>
			<possibleresult>
				<name>Van</name>
			</possibleresult>
			<points>
				<point>378.000031,540.000000</point>
				<point>373.438141,546.316406</point>
				<point>355.438141,533.316406</point>
				<point>360.000031,527.000000</point>
				<point>378.000031,540.000000</point>
			</points>
		</object>
		<object>
			<coordinate>pixel</coordinate>
			<type>rectangle</type>
			<description>None</description>
			<possibleresult>
				<name>Van</name>
			</possibleresult>
			<points>
				<point>377.347198,488.015106</point>
				<point>377.000031,496.000031</point>
				<point>353.652863,494.984955</point>
				<point>354.000031,487.000031</point>
				<point>377.347198,488.015106</point>
			</points>
		</object>
		<object>
			<coordinate>pixel</coordinate>
			<type>rectangle</type>
			<description>None</description>
			<possibleresult>
				<name>Van</name>
			</possibleresult>
			<points>
				<point>499.000000,448.000000</point>
				<point>476.000000,448.000000</point>
				<point>476.000000,440.000000</point>
				<point>499.000000,440.000000</point>
				<point>499.000000,448.000000</point>
			</points>
		</object>
		<object>
			<coordinate>pixel</coordinate>
			<type>rectangle</type>
			<description>None</description>
			<possibleresult>
				<name>Small Car</name>
			</possibleresult>
			<points>
				<point>809.235413,69.941185</point>
				<point>801.235413,71.941185</point>
				<point>797.000061,55.000008</point>
				<point>805.000061,53.000008</point>
				<point>809.235413,69.941185</point>
			</points>
		</object>
		<object>
			<coordinate>pixel</coordinate>
			<type>rectangle</type>
			<description>None</description>
			<possibleresult>
				<name>Van</name>
			</possibleresult>
			<points>
				<point>819.199951,12.599999</point>
				<point>812.000000,14.999999</point>
				<point>807.000000,0.000000</point>
				<point>814.999939,0.000000</point>
				<point>819.199951,12.599999</point>
			</points>
		</object>
		<object>
			<coordinate>pixel</coordinate>
			<type>rectangle</type>
			<description>None</description>
			<possibleresult>
				<name>Van</name>
			</possibleresult>
			<points>
				<point>782.999939,109.999992</point>
				<point>782.664612,116.036919</point>
				<point>764.664612,115.036919</point>
				<point>764.999939,108.999992</point>
				<point>782.999939,109.999992</point>
			</points>
		</object>
		<object>
			<coordinate>pixel</coordinate>
			<type>rectangle</type>
			<description>None</description>
			<possibleresult>
				<name>Van</name>
			</possibleresult>
			<points>
				<point>780.669678,125.968536</point>
				<point>780.000000,133.000000</point>
				<point>759.000000,131.000000</point>
				<point>759.669678,123.968536</point>
				<point>780.669678,125.968536</point>
			</points>
		</object>
		<object>
			<coordinate>pixel</coordinate>
			<type>rectangle</type>
			<description>None</description>
			<possibleresult>
				<name>Dump Truck</name>
			</possibleresult>
			<points>
				<point>773.594116,151.059418</point>
				<point>773.000000,157.000000</point>
				<point>752.405884,154.940582</point>
				<point>753.000000,149.000000</point>
				<point>773.594116,151.059418</point>
			</points>
		</object>
		<object>
			<coordinate>pixel</coordinate>
			<type>rectangle</type>
			<description>None</description>
			<possibleresult>
				<name>Van</name>
			</possibleresult>
			<points>
				<point>770.413818,165.965515</point>
				<point>770.000000,173.000000</point>
				<point>753.000000,172.000000</point>
				<point>753.413818,164.965515</point>
				<point>770.413818,165.965515</point>
			</points>
		</object>
		<object>
			<coordinate>pixel</coordinate>
			<type>rectangle</type>
			<description>None</description>
			<possibleresult>
				<name>Van</name>
			</possibleresult>
			<points>
				<point>766.000000,195.000000</point>
				<point>752.000000,195.000000</point>
				<point>752.000000,189.000000</point>
				<point>766.000000,189.000000</point>
				<point>766.000000,195.000000</point>
			</points>
		</object>
		<object>
			<coordinate>pixel</coordinate>
			<type>rectangle</type>
			<description>None</description>
			<possibleresult>
				<name>Van</name>
			</possibleresult>
			<points>
				<point>763.040039,201.720001</point>
				<point>762.040039,208.720001</point>
				<point>750.000000,207.000000</point>
				<point>751.000000,200.000000</point>
				<point>763.040039,201.720001</point>
			</points>
		</object>
		<object>
			<coordinate>pixel</coordinate>
			<type>rectangle</type>
			<description>None</description>
			<possibleresult>
				<name>Van</name>
			</possibleresult>
			<points>
				<point>749.660645,314.062958</point>
				<point>749.000000,321.000031</point>
				<point>727.339355,318.937103</point>
				<point>728.000000,312.000031</point>
				<point>749.660645,314.062958</point>
			</points>
		</object>
		<object>
			<coordinate>pixel</coordinate>
			<type>rectangle</type>
			<description>None</description>
			<possibleresult>
				<name>Van</name>
			</possibleresult>
			<points>
				<point>748.635620,304.961670</point>
				<point>748.000000,311.000000</point>
				<point>729.000000,309.000000</point>
				<point>729.635620,302.961670</point>
				<point>748.635620,304.961670</point>
			</points>
		</object>
		<object>
			<coordinate>pixel</coordinate>
			<type>rectangle</type>
			<description>None</description>
			<possibleresult>
				<name>Van</name>
			</possibleresult>
			<points>
				<point>754.459229,297.871216</point>
				<point>753.000000,304.000000</point>
				<point>732.000000,299.000000</point>
				<point>733.459229,292.871216</point>
				<point>754.459229,297.871216</point>
			</points>
		</object>
		<object>
			<coordinate>pixel</coordinate>
			<type>rectangle</type>
			<description>None</description>
			<possibleresult>
				<name>Small Car</name>
			</possibleresult>
			<points>
				<point>761.000061,254.000000</point>
				<point>759.973083,260.162170</point>
				<point>741.000061,257.000000</point>
				<point>742.027039,250.837830</point>
				<point>761.000061,254.000000</point>
			</points>
		</object>
		<object>
			<coordinate>pixel</coordinate>
			<type>rectangle</type>
			<description>None</description>
			<possibleresult>
				<name>Small Car</name>
			</possibleresult>
			<points>
				<point>763.049011,246.007324</point>
				<point>762.000061,253.000000</point>
				<point>741.951111,249.992676</point>
				<point>743.000061,243.000000</point>
				<point>763.049011,246.007324</point>
			</points>
		</object>
		<object>
			<coordinate>pixel</coordinate>
			<type>rectangle</type>
			<description>None</description>
			<possibleresult>
				<name>Van</name>
			</possibleresult>
			<points>
				<point>696.036255,281.005371</point>
				<point>695.000000,288.000000</point>
				<point>667.963745,283.994629</point>
				<point>669.000000,277.000000</point>
				<point>696.036255,281.005371</point>
			</points>
		</object>
		<object>
			<coordinate>pixel</coordinate>
			<type>rectangle</type>
			<description>None</description>
			<possibleresult>
				<name>Small Car</name>
			</possibleresult>
			<points>
				<point>693.802002,269.980225</point>
				<point>693.000000,278.000000</point>
				<point>673.000000,276.000000</point>
				<point>673.802002,267.980225</point>
				<point>693.802002,269.980225</point>
			</points>
		</object>
		<object>
			<coordinate>pixel</coordinate>
			<type>rectangle</type>
			<description>None</description>
			<possibleresult>
				<name>Van</name>
			</possibleresult>
			<points>
				<point>697.349121,259.017456</point>
				<point>697.000000,266.000000</point>
				<point>676.650879,264.982544</point>
				<point>677.000000,258.000000</point>
				<point>697.349121,259.017456</point>
			</points>
		</object>
		<object>
			<coordinate>pixel</coordinate>
			<type>rectangle</type>
			<description>None</description>
			<possibleresult>
				<name>Van</name>
			</possibleresult>
			<points>
				<point>704.000000,211.000015</point>
				<point>703.364380,217.038376</point>
				<point>684.000000,215.000015</point>
				<point>684.635620,208.961655</point>
				<point>704.000000,211.000015</point>
			</points>
		</object>
		<object>
			<coordinate>pixel</coordinate>
			<type>rectangle</type>
			<description>None</description>
			<possibleresult>
				<name>Van</name>
			</possibleresult>
			<points>
				<point>708.000000,178.000000</point>
				<point>698.000000,178.000000</point>
				<point>698.000000,172.000000</point>
				<point>708.000000,172.000000</point>
				<point>708.000000,178.000000</point>
			</points>
		</object>
		<object>
			<coordinate>pixel</coordinate>
			<type>rectangle</type>
			<description>None</description>
			<possibleresult>
				<name>Van</name>
			</possibleresult>
			<points>
				<point>710.000000,169.000000</point>
				<point>702.000000,169.000000</point>
				<point>702.000000,162.000000</point>
				<point>710.000000,162.000000</point>
				<point>710.000000,169.000000</point>
			</points>
		</object>
		<object>
			<coordinate>pixel</coordinate>
			<type>rectangle</type>
			<description>None</description>
			<possibleresult>
				<name>Small Car</name>
			</possibleresult>
			<points>
				<point>719.000000,102.999992</point>
				<point>718.000000,109.999992</point>
				<point>697.000000,106.999992</point>
				<point>698.000000,99.999992</point>
				<point>719.000000,102.999992</point>
			</points>
		</object>
		<object>
			<coordinate>pixel</coordinate>
			<type>rectangle</type>
			<description>None</description>
			<possibleresult>
				<name>Dump Truck</name>
			</possibleresult>
			<points>
				<point>691.899353,90.429543</point>
				<point>683.000061,92.000008</point>
				<point>680.000061,75.000008</point>
				<point>688.899353,73.429543</point>
				<point>691.899353,90.429543</point>
			</points>
		</object>
		<object>
			<coordinate>pixel</coordinate>
			<type>rectangle</type>
			<description>None</description>
			<possibleresult>
				<name>Van</name>
			</possibleresult>
			<points>
				<point>681.000000,92.999992</point>
				<point>672.081055,94.486473</point>
				<point>669.000000,75.999992</point>
				<point>677.918945,74.513512</point>
				<point>681.000000,92.999992</point>
			</points>
		</object>
		<object>
			<coordinate>pixel</coordinate>
			<type>rectangle</type>
			<description>None</description>
			<possibleresult>
				<name>Dump Truck</name>
			</possibleresult>
			<points>
				<point>662.000000,94.000008</point>
				<point>655.102173,97.218987</point>
				<point>648.000000,82.000008</point>
				<point>654.897827,78.781029</point>
				<point>662.000000,94.000008</point>
			</points>
		</object>
		<object>
			<coordinate>pixel</coordinate>
			<type>rectangle</type>
			<description>None</description>
			<possibleresult>
				<name>Van</name>
			</possibleresult>
			<points>
				<point>688.000061,55.000000</point>
				<point>667.703064,57.029701</point>
				<point>667.000061,50.000000</point>
				<point>687.297058,47.970299</point>
				<point>688.000061,55.000000</point>
			</points>
		</object>
		<object>
			<coordinate>pixel</coordinate>
			<type>rectangle</type>
			<description>None</description>
			<possibleresult>
				<name>Van</name>
			</possibleresult>
			<points>
				<point>661.053406,43.170815</point>
				<point>652.000061,45.999996</point>
				<point>646.946716,29.829176</point>
				<point>656.000061,26.999996</point>
				<point>661.053406,43.170815</point>
			</points>
		</object>
		<object>
			<coordinate>pixel</coordinate>
			<type>rectangle</type>
			<description>None</description>
			<possibleresult>
				<name>Van</name>
			</possibleresult>
			<points>
				<point>650.068970,44.172417</point>
				<point>642.137939,47.344830</point>
				<point>636.000000,32.000000</point>
				<point>643.931030,28.827587</point>
				<point>650.068970,44.172417</point>
			</points>
		</object>
		<object>
			<coordinate>pixel</coordinate>
			<type>rectangle</type>
			<description>None</description>
			<possibleresult>
				<name>Van</name>
			</possibleresult>
			<points>
				<point>639.000000,46.000000</point>
				<point>631.000000,49.000000</point>
				<point>625.328735,33.876709</point>
				<point>633.328735,30.876709</point>
				<point>639.000000,46.000000</point>
			</points>
		</object>
		<object>
			<coordinate>pixel</coordinate>
			<type>rectangle</type>
			<description>None</description>
			<possibleresult>
				<name>Small Car</name>
			</possibleresult>
			<points>
				<point>475.155487,80.590668</point>
				<point>466.000031,83.000000</point>
				<point>461.000031,63.999996</point>
				<point>470.155487,61.590668</point>
				<point>475.155487,80.590668</point>
			</points>
		</object>
		<object>
			<coordinate>pixel</coordinate>
			<type>rectangle</type>
			<description>None</description>
			<possibleresult>
				<name>Small Car</name>
			</possibleresult>
			<points>
				<point>463.142334,79.455536</point>
				<point>455.000000,82.000015</point>
				<point>450.000000,66.000015</point>
				<point>458.142334,63.455536</point>
				<point>463.142334,79.455536</point>
			</points>
		</object>
		<object>
			<coordinate>pixel</coordinate>
			<type>rectangle</type>
			<description>None</description>
			<possibleresult>
				<name>Small Car</name>
			</possibleresult>
			<points>
				<point>481.000000,174.000015</point>
				<point>480.109741,182.012222</point>
				<point>462.000000,180.000015</point>
				<point>462.890259,171.987808</point>
				<point>481.000000,174.000015</point>
			</points>
		</object>
		<object>
			<coordinate>pixel</coordinate>
			<type>rectangle</type>
			<description>None</description>
			<possibleresult>
				<name>Van</name>
			</possibleresult>
			<points>
				<point>481.693054,183.069290</point>
				<point>481.000000,189.999985</point>
				<point>460.306946,187.930679</point>
				<point>461.000000,180.999985</point>
				<point>481.693054,183.069290</point>
			</points>
		</object>
		<object>
			<coordinate>pixel</coordinate>
			<type>rectangle</type>
			<description>None</description>
			<possibleresult>
				<name>Van</name>
			</possibleresult>
			<points>
				<point>481.305664,189.969803</point>
				<point>481.000000,196.999985</point>
				<point>458.000000,195.999985</point>
				<point>458.305664,188.969803</point>
				<point>481.305664,189.969803</point>
			</points>
		</object>
		<object>
			<coordinate>pixel</coordinate>
			<type>rectangle</type>
			<description>None</description>
			<possibleresult>
				<name>Van</name>
			</possibleresult>
			<points>
				<point>480.000000,199.000015</point>
				<point>479.197998,207.019821</point>
				<point>459.000000,205.000015</point>
				<point>459.802002,196.980209</point>
				<point>480.000000,199.000015</point>
			</points>
		</object>
		<object>
			<coordinate>pixel</coordinate>
			<type>rectangle</type>
			<description>None</description>
			<possibleresult>
				<name>Dump Truck</name>
			</possibleresult>
			<points>
				<point>476.273010,225.043686</point>
				<point>475.000000,233.000015</point>
				<point>449.726990,228.956345</point>
				<point>451.000000,221.000015</point>
				<point>476.273010,225.043686</point>
			</points>
		</object>
		<object>
			<coordinate>pixel</coordinate>
			<type>rectangle</type>
			<description>None</description>
			<possibleresult>
				<name>Van</name>
			</possibleresult>
			<points>
				<point>476.999939,215.999985</point>
				<point>475.999939,222.999985</point>
				<point>453.879944,219.839981</point>
				<point>454.879944,212.839981</point>
				<point>476.999939,215.999985</point>
			</points>
		</object>
		<object>
			<coordinate>pixel</coordinate>
			<type>rectangle</type>
			<description>None</description>
			<possibleresult>
				<name>Van</name>
			</possibleresult>
			<points>
				<point>460.443085,256.024597</point>
				<point>460.000031,264.000000</point>
				<point>441.556976,262.975403</point>
				<point>442.000031,255.000000</point>
				<point>460.443085,256.024597</point>
			</points>
		</object>
		<object>
			<coordinate>pixel</coordinate>
			<type>rectangle</type>
			<description>None</description>
			<possibleresult>
				<name>Van</name>
			</possibleresult>
			<points>
				<point>465.059967,273.579987</point>
				<point>464.059967,280.579987</point>
				<point>445.999969,277.999969</point>
				<point>446.999969,270.999969</point>
				<point>465.059967,273.579987</point>
			</points>
		</object>
		<object>
			<coordinate>pixel</coordinate>
			<type>rectangle</type>
			<description>None</description>
			<possibleresult>
				<name>Small Car</name>
			</possibleresult>
			<points>
				<point>397.999969,286.000000</point>
				<point>396.951080,292.992676</point>
				<point>376.951080,289.992676</point>
				<point>377.999969,283.000000</point>
				<point>397.999969,286.000000</point>
			</points>
		</object>
		<object>
			<coordinate>pixel</coordinate>
			<type>rectangle</type>
			<description>None</description>
			<possibleresult>
				<name>Small Car</name>
			</possibleresult>
			<points>
				<point>401.859985,269.979980</point>
				<point>401.000000,276.000000</point>
				<point>380.000000,273.000000</point>
				<point>380.859985,266.979980</point>
				<point>401.859985,269.979980</point>
			</points>
		</object>
		<object>
			<coordinate>pixel</coordinate>
			<type>rectangle</type>
			<description>None</description>
			<possibleresult>
				<name>Van</name>
			</possibleresult>
			<points>
				<point>412.000031,222.000000</point>
				<point>411.196564,228.026215</point>
				<point>396.000031,226.000000</point>
				<point>396.803497,219.973785</point>
				<point>412.000031,222.000000</point>
			</points>
		</object>
		<object>
			<coordinate>pixel</coordinate>
			<type>rectangle</type>
			<description>None</description>
			<possibleresult>
				<name>Van</name>
			</possibleresult>
			<points>
				<point>414.379791,213.066040</point>
				<point>412.999969,221.000000</point>
				<point>389.620148,216.933929</point>
				<point>390.999969,208.999969</point>
				<point>414.379791,213.066040</point>
			</points>
		</object>
		<object>
			<coordinate>pixel</coordinate>
			<type>rectangle</type>
			<description>None</description>
			<possibleresult>
				<name>Small Car</name>
			</possibleresult>
			<points>
				<point>416.999939,187.999985</point>
				<point>415.999939,194.999985</point>
				<point>394.999939,191.999985</point>
				<point>395.999939,184.999985</point>
				<point>416.999939,187.999985</point>
			</points>
		</object>
	</objects>
</annotation>