<?xml version="1.0" encoding="utf-8"?>
<annotation>
	<source>
		<filename>1229.tif</filename>
		<origin>GF2/GF3</origin>
	</source>
	<research>
		<version>1.0</version>
		<provider>FAIR1M</provider>
		<author>Cyber</author>
		<pluginname>FAIR1M</pluginname>
		<pluginclass>object detection</pluginclass>
		<time>2021-03</time>
	</research>
	<size>
		<width>1000</width>
		<height>1000</height>
		<depth>3</depth>
	</size>
	<objects>
		<object>
			<coordinate>pixel</coordinate>
			<type>rectangle</type>
			<description>None</description>
			<possibleresult>
				<name>Cargo Truck</name>
			</possibleresult>
			<points>
				<point>403.168823,399.147095</point>
				<point>385.000000,420.000000</point>
				<point>283.831177,331.852905</point>
				<point>302.000000,311.000000</point>
				<point>403.168823,399.147095</point>
			</points>
		</object>
		<object>
			<coordinate>pixel</coordinate>
			<type>rectangle</type>
			<description>None</description>
			<possibleresult>
				<name>Cargo Truck</name>
			</possibleresult>
			<points>
				<point>371.999969,412.000000</point>
				<point>352.441742,434.385925</point>
				<point>257.441742,351.385925</point>
				<point>276.999969,329.000000</point>
				<point>371.999969,412.000000</point>
			</points>
		</object>
		<object>
			<coordinate>pixel</coordinate>
			<type>rectangle</type>
			<description>None</description>
			<possibleresult>
				<name>Cargo Truck</name>
			</possibleresult>
			<points>
				<point>521.000000,499.999969</point>
				<point>502.307770,521.270447</point>
				<point>403.000031,433.999969</point>
				<point>421.692230,412.729492</point>
				<point>521.000000,499.999969</point>
			</points>
		</object>
		<object>
			<coordinate>pixel</coordinate>
			<type>rectangle</type>
			<description>None</description>
			<possibleresult>
				<name>Cargo Truck</name>
			</possibleresult>
			<points>
				<point>476.999969,502.000000</point>
				<point>459.450775,522.388062</point>
				<point>379.999969,454.000000</point>
				<point>397.549164,433.611938</point>
				<point>476.999969,502.000000</point>
			</points>
		</object>
		<object>
			<coordinate>pixel</coordinate>
			<type>rectangle</type>
			<description>None</description>
			<possibleresult>
				<name>Cargo Truck</name>
			</possibleresult>
			<points>
				<point>659.999939,617.999878</point>
				<point>641.456848,639.395874</point>
				<point>536.456848,548.395874</point>
				<point>554.999939,526.999878</point>
				<point>659.999939,617.999878</point>
			</points>
		</object>
		<object>
			<coordinate>pixel</coordinate>
			<type>rectangle</type>
			<description>None</description>
			<possibleresult>
				<name>Cargo Truck</name>
			</possibleresult>
			<points>
				<point>636.000061,637.999939</point>
				<point>617.709656,658.743958</point>
				<point>524.709656,576.743958</point>
				<point>543.000061,555.999939</point>
				<point>636.000061,637.999939</point>
			</points>
		</object>
		<object>
			<coordinate>pixel</coordinate>
			<type>rectangle</type>
			<description>None</description>
			<possibleresult>
				<name>Cargo Truck</name>
			</possibleresult>
			<points>
				<point>607.181274,651.158081</point>
				<point>589.000061,672.000000</point>
				<point>494.818848,589.841919</point>
				<point>513.000061,569.000000</point>
				<point>607.181274,651.158081</point>
			</points>
		</object>
		<object>
			<coordinate>pixel</coordinate>
			<type>rectangle</type>
			<description>None</description>
			<possibleresult>
				<name>Cargo Truck</name>
			</possibleresult>
			<points>
				<point>579.232544,667.206482</point>
				<point>559.000000,690.000061</point>
				<point>469.767456,610.793640</point>
				<point>490.000000,588.000061</point>
				<point>579.232544,667.206482</point>
			</points>
		</object>
		<object>
			<coordinate>pixel</coordinate>
			<type>rectangle</type>
			<description>None</description>
			<possibleresult>
				<name>Passenger Ship</name>
			</possibleresult>
			<points>
				<point>543.000000,448.000000</point>
				<point>529.447144,463.517090</point>
				<point>450.447113,394.517090</point>
				<point>464.000000,379.000000</point>
				<point>543.000000,448.000000</point>
			</points>
		</object>
		<object>
			<coordinate>pixel</coordinate>
			<type>rectangle</type>
			<description>None</description>
			<possibleresult>
				<name>Passenger Ship</name>
			</possibleresult>
			<points>
				<point>613.628357,536.675659</point>
				<point>601.999939,549.999939</point>
				<point>546.999939,501.999969</point>
				<point>558.628357,488.675720</point>
				<point>613.628357,536.675659</point>
			</points>
		</object>
		<object>
			<coordinate>pixel</coordinate>
			<type>rectangle</type>
			<description>None</description>
			<possibleresult>
				<name>Passenger Ship</name>
			</possibleresult>
			<points>
				<point>626.014648,527.013428</point>
				<point>615.000000,539.000000</point>
				<point>577.985352,504.986542</point>
				<point>589.000000,493.000000</point>
				<point>626.014648,527.013428</point>
			</points>
		</object>
		<object>
			<coordinate>pixel</coordinate>
			<type>rectangle</type>
			<description>None</description>
			<possibleresult>
				<name>Motorboat</name>
			</possibleresult>
			<points>
				<point>273.000000,171.000000</point>
				<point>237.000015,186.000000</point>
				<point>232.000015,174.000000</point>
				<point>268.000000,159.000000</point>
				<point>273.000000,171.000000</point>
			</points>
		</object>
		<object>
			<coordinate>pixel</coordinate>
			<type>rectangle</type>
			<description>None</description>
			<possibleresult>
				<name>Fishing Boat</name>
			</possibleresult>
			<points>
				<point>470.000000,96.000000</point>
				<point>418.785095,118.092712</point>
				<point>414.000000,107.000000</point>
				<point>465.214905,84.907288</point>
				<point>470.000000,96.000000</point>
			</points>
		</object>
		<object>
			<coordinate>pixel</coordinate>
			<type>rectangle</type>
			<description>None</description>
			<possibleresult>
				<name>Fishing Boat</name>
			</possibleresult>
			<points>
				<point>461.416260,85.827408</point>
				<point>420.000000,103.000000</point>
				<point>417.583740,97.172592</point>
				<point>459.000000,80.000000</point>
				<point>461.416260,85.827408</point>
			</points>
		</object>
		<object>
			<coordinate>pixel</coordinate>
			<type>rectangle</type>
			<description>None</description>
			<possibleresult>
				<name>Passenger Ship</name>
			</possibleresult>
			<points>
				<point>665.000000,264.000061</point>
				<point>654.835327,275.858856</point>
				<point>612.835327,239.858871</point>
				<point>623.000000,228.000061</point>
				<point>665.000000,264.000061</point>
			</points>
		</object>
		<object>
			<coordinate>pixel</coordinate>
			<type>rectangle</type>
			<description>None</description>
			<possibleresult>
				<name>Motorboat</name>
			</possibleresult>
			<points>
				<point>909.523499,433.440826</point>
				<point>903.999939,439.999969</point>
				<point>884.476379,423.559113</point>
				<point>889.999939,416.999969</point>
				<point>909.523499,433.440826</point>
			</points>
		</object>
		<object>
			<coordinate>pixel</coordinate>
			<type>rectangle</type>
			<description>None</description>
			<possibleresult>
				<name>Passenger Ship</name>
			</possibleresult>
			<points>
				<point>945.999939,503.999969</point>
				<point>938.087341,513.076172</point>
				<point>899.087341,479.076202</point>
				<point>906.999939,470.000000</point>
				<point>945.999939,503.999969</point>
			</points>
		</object>
		<object>
			<coordinate>pixel</coordinate>
			<type>rectangle</type>
			<description>None</description>
			<possibleresult>
				<name>Motorboat</name>
			</possibleresult>
			<points>
				<point>999.433594,607.504395</point>
				<point>992.433594,615.504395</point>
				<point>969.000000,595.000000</point>
				<point>976.000000,587.000000</point>
				<point>999.433594,607.504395</point>
			</points>
		</object>
		<object>
			<coordinate>pixel</coordinate>
			<type>rectangle</type>
			<description>None</description>
			<possibleresult>
				<name>Motorboat</name>
			</possibleresult>
			<points>
				<point>1000.000000,656.923035</point>
				<point>981.956909,640.961731</point>
				<point>989.000122,632.999939</point>
				<point>1007.043213,648.961243</point>
				<point>1000.000000,656.923035</point>
			</points>
		</object>
		<object>
			<coordinate>pixel</coordinate>
			<type>rectangle</type>
			<description>None</description>
			<possibleresult>
				<name>Motorboat</name>
			</possibleresult>
			<points>
				<point>916.022522,675.019958</point>
				<point>908.999939,683.000061</point>
				<point>883.977356,660.980164</point>
				<point>890.999939,653.000061</point>
				<point>916.022522,675.019958</point>
			</points>
		</object>
		<object>
			<coordinate>pixel</coordinate>
			<type>rectangle</type>
			<description>None</description>
			<possibleresult>
				<name>Motorboat</name>
			</possibleresult>
			<points>
				<point>937.110291,716.875854</point>
				<point>928.668884,726.372437</point>
				<point>898.999939,700.000000</point>
				<point>907.441345,690.503418</point>
				<point>937.110291,716.875854</point>
			</points>
		</object>
		<object>
			<coordinate>pixel</coordinate>
			<type>rectangle</type>
			<description>None</description>
			<possibleresult>
				<name>Motorboat</name>
			</possibleresult>
			<points>
				<point>948.999939,700.000000</point>
				<point>944.191833,708.113647</point>
				<point>917.191833,692.113647</point>
				<point>921.999939,684.000000</point>
				<point>948.999939,700.000000</point>
			</points>
		</object>
		<object>
			<coordinate>pixel</coordinate>
			<type>rectangle</type>
			<description>None</description>
			<possibleresult>
				<name>Motorboat</name>
			</possibleresult>
			<points>
				<point>897.000061,714.000061</point>
				<point>890.319275,721.384094</point>
				<point>869.319275,702.384094</point>
				<point>876.000061,695.000061</point>
				<point>897.000061,714.000061</point>
			</points>
		</object>
		<object>
			<coordinate>pixel</coordinate>
			<type>rectangle</type>
			<description>None</description>
			<possibleresult>
				<name>Motorboat</name>
			</possibleresult>
			<points>
				<point>743.000000,695.000000</point>
				<point>735.091675,704.079834</point>
				<point>704.000000,677.000000</point>
				<point>711.908325,667.920166</point>
				<point>743.000000,695.000000</point>
			</points>
		</object>
		<object>
			<coordinate>pixel</coordinate>
			<type>rectangle</type>
			<description>None</description>
			<possibleresult>
				<name>Motorboat</name>
			</possibleresult>
			<points>
				<point>724.000000,704.000000</point>
				<point>715.808228,712.821899</point>
				<point>687.808228,686.821899</point>
				<point>696.000000,678.000000</point>
				<point>724.000000,704.000000</point>
			</points>
		</object>
		<object>
			<coordinate>pixel</coordinate>
			<type>rectangle</type>
			<description>None</description>
			<possibleresult>
				<name>Motorboat</name>
			</possibleresult>
			<points>
				<point>772.043091,743.038147</point>
				<point>764.999878,750.999939</point>
				<point>738.956787,727.961731</point>
				<point>746.000000,719.999939</point>
				<point>772.043091,743.038147</point>
			</points>
		</object>
		<object>
			<coordinate>pixel</coordinate>
			<type>rectangle</type>
			<description>None</description>
			<possibleresult>
				<name>Motorboat</name>
			</possibleresult>
			<points>
				<point>703.999939,711.000000</point>
				<point>696.566345,719.495605</point>
				<point>670.938049,697.070801</point>
				<point>678.371643,688.575195</point>
				<point>703.999939,711.000000</point>
			</points>
		</object>
		<object>
			<coordinate>pixel</coordinate>
			<type>rectangle</type>
			<description>None</description>
			<possibleresult>
				<name>Motorboat</name>
			</possibleresult>
			<points>
				<point>764.131042,761.118469</point>
				<point>757.000061,769.000061</point>
				<point>735.869080,749.881653</point>
				<point>743.000061,742.000061</point>
				<point>764.131042,761.118469</point>
			</points>
		</object>
		<object>
			<coordinate>pixel</coordinate>
			<type>rectangle</type>
			<description>None</description>
			<possibleresult>
				<name>Motorboat</name>
			</possibleresult>
			<points>
				<point>806.165894,780.149353</point>
				<point>800.000122,787.000183</point>
				<point>779.834351,768.851013</point>
				<point>786.000122,762.000183</point>
				<point>806.165894,780.149353</point>
			</points>
		</object>
		<object>
			<coordinate>pixel</coordinate>
			<type>rectangle</type>
			<description>None</description>
			<possibleresult>
				<name>Motorboat</name>
			</possibleresult>
			<points>
				<point>796.040466,793.051208</point>
				<point>785.999939,800.999939</point>
				<point>766.959412,776.948669</point>
				<point>776.999939,768.999939</point>
				<point>796.040466,793.051208</point>
			</points>
		</object>
		<object>
			<coordinate>pixel</coordinate>
			<type>rectangle</type>
			<description>None</description>
			<possibleresult>
				<name>Motorboat</name>
			</possibleresult>
			<points>
				<point>693.999939,722.000000</point>
				<point>688.214050,731.135620</point>
				<point>658.214050,712.135620</point>
				<point>663.999939,703.000000</point>
				<point>693.999939,722.000000</point>
			</points>
		</object>
		<object>
			<coordinate>pixel</coordinate>
			<type>rectangle</type>
			<description>None</description>
			<possibleresult>
				<name>Motorboat</name>
			</possibleresult>
			<points>
				<point>681.999939,767.000000</point>
				<point>676.769226,774.846191</point>
				<point>649.769226,756.846191</point>
				<point>654.999939,749.000000</point>
				<point>681.999939,767.000000</point>
			</points>
		</object>
		<object>
			<coordinate>pixel</coordinate>
			<type>rectangle</type>
			<description>None</description>
			<possibleresult>
				<name>Motorboat</name>
			</possibleresult>
			<points>
				<point>742.181335,829.058105</point>
				<point>738.999939,839.000000</point>
				<point>713.818542,830.941895</point>
				<point>716.999939,821.000000</point>
				<point>742.181335,829.058105</point>
			</points>
		</object>
		<object>
			<coordinate>pixel</coordinate>
			<type>rectangle</type>
			<description>None</description>
			<possibleresult>
				<name>other-vehicle</name>
			</possibleresult>
			<points>
				<point>530.999939,662.000000</point>
				<point>523.757263,673.851685</point>
				<point>469.757263,640.851685</point>
				<point>476.999939,629.000000</point>
				<point>530.999939,662.000000</point>
			</points>
		</object>
		<object>
			<coordinate>pixel</coordinate>
			<type>rectangle</type>
			<description>None</description>
			<possibleresult>
				<name>Fishing Boat</name>
			</possibleresult>
			<points>
				<point>489.375214,820.723511</point>
				<point>431.999969,863.000000</point>
				<point>422.624725,850.276489</point>
				<point>479.999969,808.000000</point>
				<point>489.375214,820.723511</point>
			</points>
		</object>
		<object>
			<coordinate>pixel</coordinate>
			<type>rectangle</type>
			<description>None</description>
			<possibleresult>
				<name>Motorboat</name>
			</possibleresult>
			<points>
				<point>561.195129,794.243896</point>
				<point>528.390198,820.487793</point>
				<point>519.999939,810.000000</point>
				<point>552.804871,783.756104</point>
				<point>561.195129,794.243896</point>
			</points>
		</object>
		<object>
			<coordinate>pixel</coordinate>
			<type>rectangle</type>
			<description>None</description>
			<possibleresult>
				<name>Motorboat</name>
			</possibleresult>
			<points>
				<point>615.000000,763.000061</point>
				<point>578.723145,791.215393</point>
				<point>570.000122,780.000061</point>
				<point>606.276978,751.784729</point>
				<point>615.000000,763.000061</point>
			</points>
		</object>
		<object>
			<coordinate>pixel</coordinate>
			<type>rectangle</type>
			<description>None</description>
			<possibleresult>
				<name>Motorboat</name>
			</possibleresult>
			<points>
				<point>555.000000,850.000122</point>
				<point>533.683594,867.256226</point>
				<point>527.000000,859.000122</point>
				<point>548.316406,841.744019</point>
				<point>555.000000,850.000122</point>
			</points>
		</object>
		<object>
			<coordinate>pixel</coordinate>
			<type>rectangle</type>
			<description>None</description>
			<possibleresult>
				<name>Motorboat</name>
			</possibleresult>
			<points>
				<point>587.113892,821.912048</point>
				<point>565.000000,839.000061</point>
				<point>558.886108,831.088074</point>
				<point>581.000000,814.000061</point>
				<point>587.113892,821.912048</point>
			</points>
		</object>
		<object>
			<coordinate>pixel</coordinate>
			<type>rectangle</type>
			<description>None</description>
			<possibleresult>
				<name>Motorboat</name>
			</possibleresult>
			<points>
				<point>611.000000,800.000000</point>
				<point>588.119995,817.160034</point>
				<point>581.760010,808.680054</point>
				<point>604.640015,791.520020</point>
				<point>611.000000,800.000000</point>
			</points>
		</object>
		<object>
			<coordinate>pixel</coordinate>
			<type>rectangle</type>
			<description>None</description>
			<possibleresult>
				<name>Motorboat</name>
			</possibleresult>
			<points>
				<point>638.000061,777.000122</point>
				<point>616.538513,793.692383</point>
				<point>609.538513,784.692383</point>
				<point>631.000061,768.000122</point>
				<point>638.000061,777.000122</point>
			</points>
		</object>
		<object>
			<coordinate>pixel</coordinate>
			<type>rectangle</type>
			<description>None</description>
			<possibleresult>
				<name>Motorboat</name>
			</possibleresult>
			<points>
				<point>526.000000,871.000000</point>
				<point>499.951660,891.037231</point>
				<point>493.000000,882.000000</point>
				<point>519.048340,861.962769</point>
				<point>526.000000,871.000000</point>
			</points>
		</object>
		<object>
			<coordinate>pixel</coordinate>
			<type>rectangle</type>
			<description>None</description>
			<possibleresult>
				<name>Motorboat</name>
			</possibleresult>
			<points>
				<point>513.000000,909.999939</point>
				<point>476.706360,944.277283</point>
				<point>467.000000,933.999939</point>
				<point>503.293640,899.722595</point>
				<point>513.000000,909.999939</point>
			</points>
		</object>
		<object>
			<coordinate>pixel</coordinate>
			<type>rectangle</type>
			<description>None</description>
			<possibleresult>
				<name>Motorboat</name>
			</possibleresult>
			<points>
				<point>647.512329,865.390320</point>
				<point>618.000122,889.000061</point>
				<point>610.000122,879.000061</point>
				<point>639.512329,855.390320</point>
				<point>647.512329,865.390320</point>
			</points>
		</object>
		<object>
			<coordinate>pixel</coordinate>
			<type>rectangle</type>
			<description>None</description>
			<possibleresult>
				<name>Passenger Ship</name>
			</possibleresult>
			<points>
				<point>804.535278,628.584961</point>
				<point>755.000000,667.000000</point>
				<point>744.464722,653.415039</point>
				<point>794.000000,615.000000</point>
				<point>804.535278,628.584961</point>
			</points>
		</object>
		<object>
			<coordinate>pixel</coordinate>
			<type>rectangle</type>
			<description>None</description>
			<possibleresult>
				<name>Passenger Ship</name>
			</possibleresult>
			<points>
				<point>812.000000,642.999939</point>
				<point>768.813965,677.147034</point>
				<point>760.000000,665.999939</point>
				<point>803.186035,631.852844</point>
				<point>812.000000,642.999939</point>
			</points>
		</object>
		<object>
			<coordinate>pixel</coordinate>
			<type>rectangle</type>
			<description>None</description>
			<possibleresult>
				<name>Passenger Ship</name>
			</possibleresult>
			<points>
				<point>879.048340,581.962769</point>
				<point>827.000000,622.000000</point>
				<point>813.951660,605.037231</point>
				<point>866.000000,565.000000</point>
				<point>879.048340,581.962769</point>
			</points>
		</object>
		<object>
			<coordinate>pixel</coordinate>
			<type>rectangle</type>
			<description>None</description>
			<possibleresult>
				<name>Motorboat</name>
			</possibleresult>
			<points>
				<point>674.640076,820.520020</point>
				<point>650.000061,839.000000</point>
				<point>644.360046,831.479980</point>
				<point>669.000061,813.000000</point>
				<point>674.640076,820.520020</point>
			</points>
		</object>
		<object>
			<coordinate>pixel</coordinate>
			<type>rectangle</type>
			<description>None</description>
			<possibleresult>
				<name>Motorboat</name>
			</possibleresult>
			<points>
				<point>641.113831,848.911987</point>
				<point>618.999939,866.000000</point>
				<point>612.886047,858.088013</point>
				<point>634.999939,841.000000</point>
				<point>641.113831,848.911987</point>
			</points>
		</object>
		<object>
			<coordinate>pixel</coordinate>
			<type>rectangle</type>
			<description>None</description>
			<possibleresult>
				<name>Motorboat</name>
			</possibleresult>
			<points>
				<point>592.999939,888.999939</point>
				<point>561.929626,908.043030</point>
				<point>556.999939,899.999939</point>
				<point>588.070251,880.956848</point>
				<point>592.999939,888.999939</point>
			</points>
		</object>
		<object>
			<coordinate>pixel</coordinate>
			<type>rectangle</type>
			<description>None</description>
			<possibleresult>
				<name>Motorboat</name>
			</possibleresult>
			<points>
				<point>594.000000,910.000000</point>
				<point>562.354614,934.499634</point>
				<point>555.000000,925.000000</point>
				<point>586.645386,900.500366</point>
				<point>594.000000,910.000000</point>
			</points>
		</object>
		<object>
			<coordinate>pixel</coordinate>
			<type>rectangle</type>
			<description>None</description>
			<possibleresult>
				<name>Motorboat</name>
			</possibleresult>
			<points>
				<point>665.000000,780.000061</point>
				<point>638.000000,801.000061</point>
				<point>631.000000,792.000061</point>
				<point>658.000000,771.000061</point>
				<point>665.000000,780.000061</point>
			</points>
		</object>
		<object>
			<coordinate>pixel</coordinate>
			<type>rectangle</type>
			<description>None</description>
			<possibleresult>
				<name>Motorboat</name>
			</possibleresult>
			<points>
				<point>605.000061,829.000061</point>
				<point>578.000061,850.000061</point>
				<point>571.000061,841.000061</point>
				<point>598.000061,820.000061</point>
				<point>605.000061,829.000061</point>
			</points>
		</object>
		<object>
			<coordinate>pixel</coordinate>
			<type>rectangle</type>
			<description>None</description>
			<possibleresult>
				<name>Motorboat</name>
			</possibleresult>
			<points>
				<point>556.692993,867.472046</point>
				<point>535.000000,884.000000</point>
				<point>529.307007,876.527954</point>
				<point>551.000000,860.000000</point>
				<point>556.692993,867.472046</point>
			</points>
		</object>
		<object>
			<coordinate>pixel</coordinate>
			<type>rectangle</type>
			<description>None</description>
			<possibleresult>
				<name>Cargo Truck</name>
			</possibleresult>
			<points>
				<point>528.999939,750.999939</point>
				<point>474.999939,792.999939</point>
				<point>466.169189,781.646057</point>
				<point>520.169189,739.646057</point>
				<point>528.999939,750.999939</point>
			</points>
		</object>
		<object>
			<coordinate>pixel</coordinate>
			<type>rectangle</type>
			<description>None</description>
			<possibleresult>
				<name>Motorboat</name>
			</possibleresult>
			<points>
				<point>836.413025,867.685669</point>
				<point>789.999939,903.000000</point>
				<point>779.586853,889.314331</point>
				<point>825.999939,854.000000</point>
				<point>836.413025,867.685669</point>
			</points>
		</object>
		<object>
			<coordinate>pixel</coordinate>
			<type>rectangle</type>
			<description>None</description>
			<possibleresult>
				<name>Motorboat</name>
			</possibleresult>
			<points>
				<point>716.015076,958.988037</point>
				<point>674.999939,990.999878</point>
				<point>667.984802,982.011719</point>
				<point>708.999939,949.999878</point>
				<point>716.015076,958.988037</point>
			</points>
		</object>
		<object>
			<coordinate>pixel</coordinate>
			<type>rectangle</type>
			<description>None</description>
			<possibleresult>
				<name>Motorboat</name>
			</possibleresult>
			<points>
				<point>742.999939,861.999939</point>
				<point>715.441345,886.496521</point>
				<point>707.441345,877.496521</point>
				<point>734.999939,852.999939</point>
				<point>742.999939,861.999939</point>
			</points>
		</object>
		<object>
			<coordinate>pixel</coordinate>
			<type>rectangle</type>
			<description>None</description>
			<possibleresult>
				<name>Passenger Ship</name>
			</possibleresult>
			<points>
				<point>698.000000,900.000000</point>
				<point>669.423584,924.494141</point>
				<point>663.423584,917.494141</point>
				<point>692.000000,893.000000</point>
				<point>698.000000,900.000000</point>
			</points>
		</object>
		<object>
			<coordinate>pixel</coordinate>
			<type>rectangle</type>
			<description>None</description>
			<possibleresult>
				<name>Passenger Ship</name>
			</possibleresult>
			<points>
				<point>990.000000,733.000061</point>
				<point>983.756104,725.195129</point>
				<point>1000.000000,712.200012</point>
				<point>1006.243896,720.004944</point>
				<point>990.000000,733.000061</point>
			</points>
		</object>
		<object>
			<coordinate>pixel</coordinate>
			<type>rectangle</type>
			<description>None</description>
			<possibleresult>
				<name>Passenger Ship</name>
			</possibleresult>
			<points>
				<point>988.000000,734.000122</point>
				<point>957.000000,758.000122</point>
				<point>950.504272,749.609741</point>
				<point>981.504272,725.609741</point>
				<point>988.000000,734.000122</point>
			</points>
		</object>
		<object>
			<coordinate>pixel</coordinate>
			<type>rectangle</type>
			<description>None</description>
			<possibleresult>
				<name>Passenger Ship</name>
			</possibleresult>
			<points>
				<point>973.000061,731.000000</point>
				<point>947.878113,751.097534</point>
				<point>943.000061,745.000000</point>
				<point>968.122009,724.902466</point>
				<point>973.000061,731.000000</point>
			</points>
		</object>
		<object>
			<coordinate>pixel</coordinate>
			<type>rectangle</type>
			<description>None</description>
			<possibleresult>
				<name>Passenger Ship</name>
			</possibleresult>
			<points>
				<point>951.333069,762.651550</point>
				<point>908.000061,808.000061</point>
				<point>892.667053,793.348572</point>
				<point>936.000061,748.000061</point>
				<point>951.333069,762.651550</point>
			</points>
		</object>
		<object>
			<coordinate>pixel</coordinate>
			<type>rectangle</type>
			<description>None</description>
			<possibleresult>
				<name>Passenger Ship</name>
			</possibleresult>
			<points>
				<point>889.313660,817.667236</point>
				<point>855.999939,853.000000</point>
				<point>844.686218,842.332764</point>
				<point>877.999939,807.000000</point>
				<point>889.313660,817.667236</point>
			</points>
		</object>
		<object>
			<coordinate>pixel</coordinate>
			<type>rectangle</type>
			<description>None</description>
			<possibleresult>
				<name>Motorboat</name>
			</possibleresult>
			<points>
				<point>540.000000,954.000000</point>
				<point>508.833649,987.177124</point>
				<point>498.000031,977.000000</point>
				<point>529.166382,943.822876</point>
				<point>540.000000,954.000000</point>
			</points>
		</object>
		<object>
			<coordinate>pixel</coordinate>
			<type>rectangle</type>
			<description>None</description>
			<possibleresult>
				<name>Motorboat</name>
			</possibleresult>
			<points>
				<point>724.000061,751.000000</point>
				<point>717.272278,759.222778</point>
				<point>695.272278,741.222778</point>
				<point>702.000061,733.000000</point>
				<point>724.000061,751.000000</point>
			</points>
		</object>
		<object>
			<coordinate>pixel</coordinate>
			<type>rectangle</type>
			<description>None</description>
			<possibleresult>
				<name>Motorboat</name>
			</possibleresult>
			<points>
				<point>767.000000,812.000000</point>
				<point>760.316406,820.256104</point>
				<point>739.000000,803.000000</point>
				<point>745.683594,794.743896</point>
				<point>767.000000,812.000000</point>
			</points>
		</object>
		<object>
			<coordinate>pixel</coordinate>
			<type>rectangle</type>
			<description>None</description>
			<possibleresult>
				<name>Motorboat</name>
			</possibleresult>
			<points>
				<point>731.999939,784.000061</point>
				<point>726.163269,791.133728</point>
				<point>703.999939,773.000061</point>
				<point>709.836609,765.866394</point>
				<point>731.999939,784.000061</point>
			</points>
		</object>
		<object>
			<coordinate>pixel</coordinate>
			<type>rectangle</type>
			<description>None</description>
			<possibleresult>
				<name>Motorboat</name>
			</possibleresult>
			<points>
				<point>702.287720,755.232910</point>
				<point>696.000000,763.000000</point>
				<point>674.712280,745.767090</point>
				<point>681.000000,738.000000</point>
				<point>702.287720,755.232910</point>
			</points>
		</object>
		<object>
			<coordinate>pixel</coordinate>
			<type>rectangle</type>
			<description>None</description>
			<possibleresult>
				<name>Motorboat</name>
			</possibleresult>
			<points>
				<point>780.000000,802.000061</point>
				<point>773.000000,810.000061</point>
				<point>752.681396,792.221252</point>
				<point>759.681396,784.221252</point>
				<point>780.000000,802.000061</point>
			</points>
		</object>
		<object>
			<coordinate>pixel</coordinate>
			<type>rectangle</type>
			<description>None</description>
			<possibleresult>
				<name>Motorboat</name>
			</possibleresult>
			<points>
				<point>647.200012,745.600037</point>
				<point>643.799988,752.400085</point>
				<point>622.600037,741.800110</point>
				<point>626.000061,735.000061</point>
				<point>647.200012,745.600037</point>
			</points>
		</object>
		<object>
			<coordinate>pixel</coordinate>
			<type>rectangle</type>
			<description>None</description>
			<possibleresult>
				<name>Motorboat</name>
			</possibleresult>
			<points>
				<point>675.000061,728.000061</point>
				<point>669.000061,740.000061</point>
				<point>638.200012,724.600037</point>
				<point>644.200012,712.600037</point>
				<point>675.000061,728.000061</point>
			</points>
		</object>
		<object>
			<coordinate>pixel</coordinate>
			<type>rectangle</type>
			<description>None</description>
			<possibleresult>
				<name>Motorboat</name>
			</possibleresult>
			<points>
				<point>847.000000,686.000000</point>
				<point>842.130737,696.063232</point>
				<point>811.000000,681.000000</point>
				<point>815.869263,670.936768</point>
				<point>847.000000,686.000000</point>
			</points>
		</object>
		<object>
			<coordinate>pixel</coordinate>
			<type>rectangle</type>
			<description>None</description>
			<possibleresult>
				<name>Motorboat</name>
			</possibleresult>
			<points>
				<point>845.999878,670.000000</point>
				<point>842.171875,678.081421</point>
				<point>823.171875,669.081421</point>
				<point>826.999878,661.000000</point>
				<point>845.999878,670.000000</point>
			</points>
		</object>
		<object>
			<coordinate>pixel</coordinate>
			<type>rectangle</type>
			<description>None</description>
			<possibleresult>
				<name>Motorboat</name>
			</possibleresult>
			<points>
				<point>866.279846,661.135071</point>
				<point>862.000183,670.000061</point>
				<point>832.720520,655.865051</point>
				<point>837.000183,647.000061</point>
				<point>866.279846,661.135071</point>
			</points>
		</object>
		<object>
			<coordinate>pixel</coordinate>
			<type>rectangle</type>
			<description>None</description>
			<possibleresult>
				<name>Motorboat</name>
			</possibleresult>
			<points>
				<point>879.999939,649.999939</point>
				<point>874.461487,658.307678</point>
				<point>850.461487,642.307678</point>
				<point>855.999939,633.999939</point>
				<point>879.999939,649.999939</point>
			</points>
		</object>
		<object>
			<coordinate>pixel</coordinate>
			<type>rectangle</type>
			<description>None</description>
			<possibleresult>
				<name>Motorboat</name>
			</possibleresult>
			<points>
				<point>964.000061,680.000061</point>
				<point>960.000061,688.000061</point>
				<point>934.000061,675.000061</point>
				<point>938.000061,667.000061</point>
				<point>964.000061,680.000061</point>
			</points>
		</object>
		<object>
			<coordinate>pixel</coordinate>
			<type>rectangle</type>
			<description>None</description>
			<possibleresult>
				<name>Motorboat</name>
			</possibleresult>
			<points>
				<point>970.999939,634.000000</point>
				<point>965.999939,644.000000</point>
				<point>934.799988,628.400024</point>
				<point>939.799988,618.400024</point>
				<point>970.999939,634.000000</point>
			</points>
		</object>
		<object>
			<coordinate>pixel</coordinate>
			<type>rectangle</type>
			<description>None</description>
			<possibleresult>
				<name>Motorboat</name>
			</possibleresult>
			<points>
				<point>945.000061,600.000061</point>
				<point>939.800110,610.400085</point>
				<point>909.000061,595.000061</point>
				<point>914.200012,584.600037</point>
				<point>945.000061,600.000061</point>
			</points>
		</object>
		<object>
			<coordinate>pixel</coordinate>
			<type>rectangle</type>
			<description>None</description>
			<possibleresult>
				<name>Motorboat</name>
			</possibleresult>
			<points>
				<point>971.000061,582.000122</point>
				<point>966.122742,592.059570</point>
				<point>933.000061,576.000122</point>
				<point>937.877380,565.940674</point>
				<point>971.000061,582.000122</point>
			</points>
		</object>
		<object>
			<coordinate>pixel</coordinate>
			<type>rectangle</type>
			<description>None</description>
			<possibleresult>
				<name>Motorboat</name>
			</possibleresult>
			<points>
				<point>985.400146,571.200012</point>
				<point>981.000122,580.000061</point>
				<point>946.600098,562.800110</point>
				<point>951.000122,554.000061</point>
				<point>985.400146,571.200012</point>
			</points>
		</object>
		<object>
			<coordinate>pixel</coordinate>
			<type>rectangle</type>
			<description>None</description>
			<possibleresult>
				<name>Motorboat</name>
			</possibleresult>
			<points>
				<point>1000.000000,564.000000</point>
				<point>976.000183,552.000061</point>
				<point>980.800232,542.400085</point>
				<point>1000.000000,552.000000</point>
				<point>1000.000000,564.000000</point>
			</points>
		</object>
		<object>
			<coordinate>pixel</coordinate>
			<type>rectangle</type>
			<description>None</description>
			<possibleresult>
				<name>Motorboat</name>
			</possibleresult>
			<points>
				<point>994.799805,629.000122</point>
				<point>994.799805,615.999756</point>
				<point>1000.000000,615.999756</point>
				<point>1000.000000,629.000122</point>
				<point>994.799805,629.000122</point>
			</points>
		</object>
		<object>
			<coordinate>pixel</coordinate>
			<type>rectangle</type>
			<description>None</description>
			<possibleresult>
				<name>Motorboat</name>
			</possibleresult>
			<points>
				<point>1000.000000,600.249939</point>
				<point>986.804993,583.756104</point>
				<point>994.000061,578.000000</point>
				<point>1000.000000,585.499939</point>
				<point>1000.000000,600.249939</point>
			</points>
		</object>
		<object>
			<coordinate>pixel</coordinate>
			<type>rectangle</type>
			<description>None</description>
			<possibleresult>
				<name>Motorboat</name>
			</possibleresult>
			<points>
				<point>1000.000000,550.333313</point>
				<point>979.484619,534.376892</point>
				<point>986.000000,525.999939</point>
				<point>1000.000000,536.888855</point>
				<point>1000.000000,550.333313</point>
			</points>
		</object>
		<object>
			<coordinate>pixel</coordinate>
			<type>rectangle</type>
			<description>None</description>
			<possibleresult>
				<name>Motorboat</name>
			</possibleresult>
			<points>
				<point>972.000000,619.999939</point>
				<point>966.369995,627.285828</point>
				<point>944.000000,609.999939</point>
				<point>949.630005,602.714050</point>
				<point>972.000000,619.999939</point>
			</points>
		</object>
		<object>
			<coordinate>pixel</coordinate>
			<type>rectangle</type>
			<description>None</description>
			<possibleresult>
				<name>Motorboat</name>
			</possibleresult>
			<points>
				<point>911.000122,621.000000</point>
				<point>905.421875,628.321411</point>
				<point>884.421875,612.321411</point>
				<point>890.000122,605.000000</point>
				<point>911.000122,621.000000</point>
			</points>
		</object>
		<object>
			<coordinate>pixel</coordinate>
			<type>rectangle</type>
			<description>None</description>
			<possibleresult>
				<name>Motorboat</name>
			</possibleresult>
			<points>
				<point>925.000061,610.000061</point>
				<point>919.323669,617.253235</point>
				<point>896.000061,599.000061</point>
				<point>901.676453,591.746887</point>
				<point>925.000061,610.000061</point>
			</points>
		</object>
		<object>
			<coordinate>pixel</coordinate>
			<type>rectangle</type>
			<description>None</description>
			<possibleresult>
				<name>Motorboat</name>
			</possibleresult>
			<points>
				<point>979.000061,680.000061</point>
				<point>973.675476,685.637878</point>
				<point>955.000061,668.000061</point>
				<point>960.324646,662.362244</point>
				<point>979.000061,680.000061</point>
			</points>
		</object>
		<object>
			<coordinate>pixel</coordinate>
			<type>rectangle</type>
			<description>None</description>
			<possibleresult>
				<name>Motorboat</name>
			</possibleresult>
			<points>
				<point>887.287720,643.232910</point>
				<point>881.000000,651.000000</point>
				<point>860.000000,634.000000</point>
				<point>866.287720,626.232910</point>
				<point>887.287720,643.232910</point>
			</points>
		</object>
		<object>
			<coordinate>pixel</coordinate>
			<type>rectangle</type>
			<description>None</description>
			<possibleresult>
				<name>Motorboat</name>
			</possibleresult>
			<points>
				<point>877.999939,724.000061</point>
				<point>868.186951,731.253113</point>
				<point>850.999939,708.000061</point>
				<point>860.812927,700.747009</point>
				<point>877.999939,724.000061</point>
			</points>
		</object>
		<object>
			<coordinate>pixel</coordinate>
			<type>rectangle</type>
			<description>None</description>
			<possibleresult>
				<name>Motorboat</name>
			</possibleresult>
			<points>
				<point>798.210938,720.160645</point>
				<point>793.000000,727.000000</point>
				<point>771.789062,710.839355</point>
				<point>777.000000,704.000000</point>
				<point>798.210938,720.160645</point>
			</points>
		</object>
		<object>
			<coordinate>pixel</coordinate>
			<type>rectangle</type>
			<description>None</description>
			<possibleresult>
				<name>Motorboat</name>
			</possibleresult>
			<points>
				<point>839.999939,745.999878</point>
				<point>832.580017,755.677979</point>
				<point>802.580017,732.677979</point>
				<point>809.999939,722.999878</point>
				<point>839.999939,745.999878</point>
			</points>
		</object>
		<object>
			<coordinate>pixel</coordinate>
			<type>rectangle</type>
			<description>None</description>
			<possibleresult>
				<name>Motorboat</name>
			</possibleresult>
			<points>
				<point>556.449585,767.637512</point>
				<point>494.000000,818.000061</point>
				<point>476.550415,796.362610</point>
				<point>539.000000,746.000061</point>
				<point>556.449585,767.637512</point>
			</points>
		</object>
		<object>
			<coordinate>pixel</coordinate>
			<type>rectangle</type>
			<description>None</description>
			<possibleresult>
				<name>Cargo Truck</name>
			</possibleresult>
			<points>
				<point>980.000000,555.999939</point>
				<point>977.301880,563.757141</point>
				<point>954.301880,555.757141</point>
				<point>957.000000,547.999939</point>
				<point>980.000000,555.999939</point>
			</points>
		</object>
		<object>
			<coordinate>pixel</coordinate>
			<type>rectangle</type>
			<description>None</description>
			<possibleresult>
				<name>Motorboat</name>
			</possibleresult>
			<points>
				<point>961.000061,529.000000</point>
				<point>919.735168,559.010864</point>
				<point>911.735168,548.010864</point>
				<point>953.000061,518.000000</point>
				<point>961.000061,529.000000</point>
			</points>
		</object>
		<object>
			<coordinate>pixel</coordinate>
			<type>rectangle</type>
			<description>None</description>
			<possibleresult>
				<name>Passenger Ship</name>
			</possibleresult>
			<points>
				<point>951.000000,518.000061</point>
				<point>907.000000,550.000061</point>
				<point>899.000000,539.000061</point>
				<point>943.000000,507.000061</point>
				<point>951.000000,518.000061</point>
			</points>
		</object>
		<object>
			<coordinate>pixel</coordinate>
			<type>rectangle</type>
			<description>None</description>
			<possibleresult>
				<name>Small Car</name>
			</possibleresult>
			<points>
				<point>1000.000000,930.230774</point>
				<point>997.000000,926.999939</point>
				<point>1000.000000,924.214172</point>
				<point>1003.000000,927.445007</point>
				<point>1000.000000,930.230774</point>
			</points>
		</object>
		<object>
			<coordinate>pixel</coordinate>
			<type>rectangle</type>
			<description>None</description>
			<possibleresult>
				<name>Van</name>
			</possibleresult>
			<points>
				<point>987.000061,957.000061</point>
				<point>976.120056,965.160095</point>
				<point>972.760071,960.680115</point>
				<point>983.640076,952.520081</point>
				<point>987.000061,957.000061</point>
			</points>
		</object>
		<object>
			<coordinate>pixel</coordinate>
			<type>rectangle</type>
			<description>None</description>
			<possibleresult>
				<name>Van</name>
			</possibleresult>
			<points>
				<point>1000.000000,988.999878</point>
				<point>1000.000000,988.999878</point>
				<point>1000.000000,990.199951</point>
				<point>1000.000000,990.199951</point>
				<point>1000.000000,988.999878</point>
			</points>
		</object>
		<object>
			<coordinate>pixel</coordinate>
			<type>rectangle</type>
			<description>None</description>
			<possibleresult>
				<name>Van</name>
			</possibleresult>
			<points>
				<point>1000.000000,979.799988</point>
				<point>995.512207,983.390259</point>
				<point>991.512207,978.390259</point>
				<point>1000.000000,971.599976</point>
				<point>1000.000000,979.799988</point>
			</points>
		</object>
		<object>
			<coordinate>pixel</coordinate>
			<type>rectangle</type>
			<description>None</description>
			<possibleresult>
				<name>Van</name>
			</possibleresult>
			<points>
				<point>1000.000000,964.384705</point>
				<point>986.000000,978.000122</point>
				<point>980.693115,972.285034</point>
				<point>995.000000,959.000122</point>
				<point>1000.000000,964.384705</point>
			</points>
		</object>
		<object>
			<coordinate>pixel</coordinate>
			<type>rectangle</type>
			<description>None</description>
			<possibleresult>
				<name>Van</name>
			</possibleresult>
			<points>
				<point>995.000000,901.999939</point>
				<point>985.751709,910.220642</point>
				<point>982.000000,905.999939</point>
				<point>991.248291,897.779236</point>
				<point>995.000000,901.999939</point>
			</points>
		</object>
		<object>
			<coordinate>pixel</coordinate>
			<type>rectangle</type>
			<description>None</description>
			<possibleresult>
				<name>Van</name>
			</possibleresult>
			<points>
				<point>910.000061,930.000061</point>
				<point>899.000061,941.000061</point>
				<point>894.000061,936.000061</point>
				<point>905.000061,925.000061</point>
				<point>910.000061,930.000061</point>
			</points>
		</object>
		<object>
			<coordinate>pixel</coordinate>
			<type>rectangle</type>
			<description>None</description>
			<possibleresult>
				<name>Small Car</name>
			</possibleresult>
			<points>
				<point>925.000061,943.000061</point>
				<point>914.500061,953.500061</point>
				<point>910.000061,949.000061</point>
				<point>920.500061,938.500061</point>
				<point>925.000061,943.000061</point>
			</points>
		</object>
		<object>
			<coordinate>pixel</coordinate>
			<type>rectangle</type>
			<description>None</description>
			<possibleresult>
				<name>Small Car</name>
			</possibleresult>
			<points>
				<point>933.508057,950.409729</point>
				<point>921.508057,960.409729</point>
				<point>916.999878,954.999939</point>
				<point>928.999878,944.999939</point>
				<point>933.508057,950.409729</point>
			</points>
		</object>
		<object>
			<coordinate>pixel</coordinate>
			<type>rectangle</type>
			<description>None</description>
			<possibleresult>
				<name>Small Car</name>
			</possibleresult>
			<points>
				<point>955.500061,960.500061</point>
				<point>941.500061,974.500061</point>
				<point>936.000061,969.000061</point>
				<point>950.000061,955.000061</point>
				<point>955.500061,960.500061</point>
			</points>
		</object>
		<object>
			<coordinate>pixel</coordinate>
			<type>rectangle</type>
			<description>None</description>
			<possibleresult>
				<name>Small Car</name>
			</possibleresult>
			<points>
				<point>881.680115,904.240112</point>
				<point>865.680115,916.240112</point>
				<point>861.000061,910.000122</point>
				<point>877.000061,898.000122</point>
				<point>881.680115,904.240112</point>
			</points>
		</object>
		<object>
			<coordinate>pixel</coordinate>
			<type>rectangle</type>
			<description>None</description>
			<possibleresult>
				<name>Small Car</name>
			</possibleresult>
			<points>
				<point>894.000061,877.000000</point>
				<point>884.000061,885.000000</point>
				<point>880.000061,880.000000</point>
				<point>890.000061,872.000000</point>
				<point>894.000061,877.000000</point>
			</points>
		</object>
		<object>
			<coordinate>pixel</coordinate>
			<type>rectangle</type>
			<description>None</description>
			<possibleresult>
				<name>Van</name>
			</possibleresult>
			<points>
				<point>880.276428,888.751526</point>
				<point>870.000183,898.000183</point>
				<point>865.723938,893.248840</point>
				<point>876.000183,884.000183</point>
				<point>880.276428,888.751526</point>
			</points>
		</object>
		<object>
			<coordinate>pixel</coordinate>
			<type>rectangle</type>
			<description>None</description>
			<possibleresult>
				<name>Van</name>
			</possibleresult>
			<points>
				<point>953.609802,828.512207</point>
				<point>943.000061,837.000000</point>
				<point>939.390320,832.487793</point>
				<point>950.000061,824.000000</point>
				<point>953.609802,828.512207</point>
			</points>
		</object>
		<object>
			<coordinate>pixel</coordinate>
			<type>rectangle</type>
			<description>None</description>
			<possibleresult>
				<name>Van</name>
			</possibleresult>
			<points>
				<point>941.000000,838.000122</point>
				<point>929.564331,847.356567</point>
				<point>926.000000,843.000122</point>
				<point>937.435669,833.643677</point>
				<point>941.000000,838.000122</point>
			</points>
		</object>
		<object>
			<coordinate>pixel</coordinate>
			<type>rectangle</type>
			<description>None</description>
			<possibleresult>
				<name>Van</name>
			</possibleresult>
			<points>
				<point>852.707214,911.634094</point>
				<point>840.999939,920.999939</point>
				<point>836.999939,915.999939</point>
				<point>848.707214,906.634094</point>
				<point>852.707214,911.634094</point>
			</points>
		</object>
		<object>
			<coordinate>pixel</coordinate>
			<type>rectangle</type>
			<description>None</description>
			<possibleresult>
				<name>Van</name>
			</possibleresult>
			<points>
				<point>829.097473,929.121948</point>
				<point>817.999939,938.000000</point>
				<point>813.512146,932.390259</point>
				<point>824.609680,923.512207</point>
				<point>829.097473,929.121948</point>
			</points>
		</object>
		<object>
			<coordinate>pixel</coordinate>
			<type>rectangle</type>
			<description>None</description>
			<possibleresult>
				<name>Van</name>
			</possibleresult>
			<points>
				<point>983.000000,806.000000</point>
				<point>972.512207,814.390259</point>
				<point>969.000000,810.000000</point>
				<point>979.487793,801.609741</point>
				<point>983.000000,806.000000</point>
			</points>
		</object>
		<object>
			<coordinate>pixel</coordinate>
			<type>rectangle</type>
			<description>None</description>
			<possibleresult>
				<name>Van</name>
			</possibleresult>
			<points>
				<point>998.682983,788.727295</point>
				<point>998.682983,786.083252</point>
				<point>1000.000000,786.083252</point>
				<point>1000.000000,788.727295</point>
				<point>998.682983,788.727295</point>
			</points>
		</object>
		<object>
			<coordinate>pixel</coordinate>
			<type>rectangle</type>
			<description>None</description>
			<possibleresult>
				<name>Van</name>
			</possibleresult>
			<points>
				<point>967.701294,819.271484</point>
				<point>956.701294,829.271484</point>
				<point>950.999878,823.000000</point>
				<point>961.999878,813.000000</point>
				<point>967.701294,819.271484</point>
			</points>
		</object>
		<object>
			<coordinate>pixel</coordinate>
			<type>rectangle</type>
			<description>None</description>
			<possibleresult>
				<name>Van</name>
			</possibleresult>
			<points>
				<point>868.097473,901.121948</point>
				<point>856.999939,910.000000</point>
				<point>852.512146,904.390259</point>
				<point>863.609680,895.512207</point>
				<point>868.097473,901.121948</point>
			</points>
		</object>
		<object>
			<coordinate>pixel</coordinate>
			<type>rectangle</type>
			<description>None</description>
			<possibleresult>
				<name>Dump Truck</name>
			</possibleresult>
			<points>
				<point>810.000000,943.000122</point>
				<point>798.292725,952.365967</point>
				<point>794.292725,947.365967</point>
				<point>806.000000,938.000122</point>
				<point>810.000000,943.000122</point>
			</points>
		</object>
		<object>
			<coordinate>pixel</coordinate>
			<type>rectangle</type>
			<description>None</description>
			<possibleresult>
				<name>Van</name>
			</possibleresult>
			<points>
				<point>787.783203,962.158936</point>
				<point>772.783203,973.158936</point>
				<point>769.000000,968.000000</point>
				<point>784.000000,957.000000</point>
				<point>787.783203,962.158936</point>
			</points>
		</object>
		<object>
			<coordinate>pixel</coordinate>
			<type>rectangle</type>
			<description>None</description>
			<possibleresult>
				<name>Van</name>
			</possibleresult>
			<points>
				<point>768.487732,977.609741</point>
				<point>753.487732,989.609741</point>
				<point>748.999939,984.000000</point>
				<point>763.999939,972.000000</point>
				<point>768.487732,977.609741</point>
			</points>
		</object>
		<object>
			<coordinate>pixel</coordinate>
			<type>rectangle</type>
			<description>None</description>
			<possibleresult>
				<name>Van</name>
			</possibleresult>
			<points>
				<point>820.000061,978.000000</point>
				<point>803.840027,990.119995</point>
				<point>800.000061,985.000000</point>
				<point>816.160095,972.880005</point>
				<point>820.000061,978.000000</point>
			</points>
		</object>
		<object>
			<coordinate>pixel</coordinate>
			<type>rectangle</type>
			<description>None</description>
			<possibleresult>
				<name>Van</name>
			</possibleresult>
			<points>
				<point>848.000061,975.000061</point>
				<point>844.500061,978.500061</point>
				<point>836.000061,970.000061</point>
				<point>839.500061,966.500061</point>
				<point>848.000061,975.000061</point>
			</points>
		</object>
	</objects>
</annotation>