<?xml version="1.0" encoding="utf-8"?>
<annotation>
	<source>
		<filename>1230.tif</filename>
		<origin>GF2/GF3</origin>
	</source>
	<research>
		<version>1.0</version>
		<provider>FAIR1M</provider>
		<author>Cyber</author>
		<pluginname>FAIR1M</pluginname>
		<pluginclass>object detection</pluginclass>
		<time>2021-03</time>
	</research>
	<size>
		<width>1000</width>
		<height>1000</height>
		<depth>3</depth>
	</size>
	<objects>
		<object>
			<coordinate>pixel</coordinate>
			<type>rectangle</type>
			<description>None</description>
			<possibleresult>
				<name>A321</name>
			</possibleresult>
			<points>
				<point>3.000000,99.000000</point>
				<point>44.000000,134.000000</point>
				<point>73.000000,100.000000</point>
				<point>32.000000,65.000000</point>
				<point>3.000000,99.000000</point>
			</points>
		</object>
		<object>
			<coordinate>pixel</coordinate>
			<type>rectangle</type>
			<description>None</description>
			<possibleresult>
				<name>Boeing737</name>
			</possibleresult>
			<points>
				<point>80.000000,3.000000</point>
				<point>109.000000,43.000000</point>
				<point>145.000000,17.000000</point>
				<point>116.000000,-24.000000</point>
				<point>80.000000,3.000000</point>
			</points>
		</object>
		<object>
			<coordinate>pixel</coordinate>
			<type>rectangle</type>
			<description>None</description>
			<possibleresult>
				<name>A220</name>
			</possibleresult>
			<points>
				<point>189.000000,323.000000</point>
				<point>233.000000,309.000000</point>
				<point>220.000000,267.000000</point>
				<point>176.000000,281.000000</point>
				<point>189.000000,323.000000</point>
			</points>
		</object>
	</objects>
</annotation>