<?xml version="1.0" encoding="utf-8"?>
<annotation>
	<source>
		<filename>1231.tif</filename>
		<origin>GF2/GF3</origin>
	</source>
	<research>
		<version>1.0</version>
		<provider>FAIR1M</provider>
		<author>Cyber</author>
		<pluginname>FAIR1M</pluginname>
		<pluginclass>object detection</pluginclass>
		<time>2021-03</time>
	</research>
	<size>
		<width>1000</width>
		<height>1000</height>
		<depth>3</depth>
	</size>
	<objects>
		<object>
			<coordinate>pixel</coordinate>
			<type>rectangle</type>
			<description>None</description>
			<possibleresult>
				<name>Intersection</name>
			</possibleresult>
			<points>
				<point>552.000000,249.000000</point>
				<point>495.111816,284.180847</point>
				<point>448.111847,208.180847</point>
				<point>505.000061,173.000000</point>
				<point>552.000000,249.000000</point>
			</points>
		</object>
		<object>
			<coordinate>pixel</coordinate>
			<type>rectangle</type>
			<description>None</description>
			<possibleresult>
				<name>Trailer</name>
			</possibleresult>
			<points>
				<point>88.000000,500.000000</point>
				<point>42.233582,516.642334</point>
				<point>37.795624,504.437927</point>
				<point>83.562042,487.795593</point>
				<point>88.000000,500.000000</point>
			</points>
		</object>
		<object>
			<coordinate>pixel</coordinate>
			<type>rectangle</type>
			<description>None</description>
			<possibleresult>
				<name>Trailer</name>
			</possibleresult>
			<points>
				<point>128.000000,385.000031</point>
				<point>84.909584,408.048370</point>
				<point>78.999992,397.000031</point>
				<point>122.090416,373.951691</point>
				<point>128.000000,385.000031</point>
			</points>
		</object>
		<object>
			<coordinate>pixel</coordinate>
			<type>rectangle</type>
			<description>None</description>
			<possibleresult>
				<name>Trailer</name>
			</possibleresult>
			<points>
				<point>227.092163,337.952850</point>
				<point>184.000000,360.000031</point>
				<point>178.907837,350.047150</point>
				<point>222.000000,327.999969</point>
				<point>227.092163,337.952850</point>
			</points>
		</object>
		<object>
			<coordinate>pixel</coordinate>
			<type>rectangle</type>
			<description>None</description>
			<possibleresult>
				<name>Cargo Truck</name>
			</possibleresult>
			<points>
				<point>657.999939,129.000015</point>
				<point>624.999939,146.000015</point>
				<point>618.449158,133.283768</point>
				<point>651.449158,116.283768</point>
				<point>657.999939,129.000015</point>
			</points>
		</object>
		<object>
			<coordinate>pixel</coordinate>
			<type>rectangle</type>
			<description>None</description>
			<possibleresult>
				<name>Van</name>
			</possibleresult>
			<points>
				<point>879.000122,20.000002</point>
				<point>863.000122,28.000002</point>
				<point>860.000122,22.000002</point>
				<point>876.000122,14.000002</point>
				<point>879.000122,20.000002</point>
			</points>
		</object>
		<object>
			<coordinate>pixel</coordinate>
			<type>rectangle</type>
			<description>None</description>
			<possibleresult>
				<name>Cargo Truck</name>
			</possibleresult>
			<points>
				<point>739.312256,139.354996</point>
				<point>708.312256,155.354996</point>
				<point>704.000000,147.000015</point>
				<point>735.000000,131.000015</point>
				<point>739.312256,139.354996</point>
			</points>
		</object>
		<object>
			<coordinate>pixel</coordinate>
			<type>rectangle</type>
			<description>None</description>
			<possibleresult>
				<name>Van</name>
			</possibleresult>
			<points>
				<point>633.000000,193.000031</point>
				<point>619.821045,200.096375</point>
				<point>616.000000,193.000031</point>
				<point>629.178955,185.903687</point>
				<point>633.000000,193.000031</point>
			</points>
		</object>
		<object>
			<coordinate>pixel</coordinate>
			<type>rectangle</type>
			<description>None</description>
			<possibleresult>
				<name>Cargo Truck</name>
			</possibleresult>
			<points>
				<point>239.000000,370.000031</point>
				<point>207.745270,386.131500</point>
				<point>202.000000,375.000031</point>
				<point>233.254730,358.868561</point>
				<point>239.000000,370.000031</point>
			</points>
		</object>
		<object>
			<coordinate>pixel</coordinate>
			<type>rectangle</type>
			<description>None</description>
			<possibleresult>
				<name>Dump Truck</name>
			</possibleresult>
			<points>
				<point>156.322128,424.825531</point>
				<point>131.999985,438.000031</point>
				<point>126.677841,428.174530</point>
				<point>150.999985,415.000031</point>
				<point>156.322128,424.825531</point>
			</points>
		</object>
		<object>
			<coordinate>pixel</coordinate>
			<type>rectangle</type>
			<description>None</description>
			<possibleresult>
				<name>Van</name>
			</possibleresult>
			<points>
				<point>651.110718,224.207611</point>
				<point>644.000000,228.000000</point>
				<point>635.889282,212.792389</point>
				<point>643.000000,209.000000</point>
				<point>651.110718,224.207611</point>
			</points>
		</object>
		<object>
			<coordinate>pixel</coordinate>
			<type>rectangle</type>
			<description>None</description>
			<possibleresult>
				<name>Van</name>
			</possibleresult>
			<points>
				<point>752.000061,179.999954</point>
				<point>745.000061,183.999954</point>
				<point>736.569275,169.246109</point>
				<point>743.569275,165.246109</point>
				<point>752.000061,179.999954</point>
			</points>
		</object>
		<object>
			<coordinate>pixel</coordinate>
			<type>rectangle</type>
			<description>None</description>
			<possibleresult>
				<name>Van</name>
			</possibleresult>
			<points>
				<point>768.199951,173.400040</point>
				<point>761.000000,177.000046</point>
				<point>754.800049,164.600052</point>
				<point>762.000000,161.000046</point>
				<point>768.199951,173.400040</point>
			</points>
		</object>
		<object>
			<coordinate>pixel</coordinate>
			<type>rectangle</type>
			<description>None</description>
			<possibleresult>
				<name>Van</name>
			</possibleresult>
			<points>
				<point>777.128479,170.238495</point>
				<point>772.000061,172.999969</point>
				<point>764.871643,159.761444</point>
				<point>770.000061,156.999969</point>
				<point>777.128479,170.238495</point>
			</points>
		</object>
		<object>
			<coordinate>pixel</coordinate>
			<type>rectangle</type>
			<description>None</description>
			<possibleresult>
				<name>Van</name>
			</possibleresult>
			<points>
				<point>787.000000,166.000046</point>
				<point>781.217651,169.373093</point>
				<point>774.000000,157.000046</point>
				<point>779.782349,153.626999</point>
				<point>787.000000,166.000046</point>
			</points>
		</object>
		<object>
			<coordinate>pixel</coordinate>
			<type>rectangle</type>
			<description>None</description>
			<possibleresult>
				<name>Van</name>
			</possibleresult>
			<points>
				<point>806.110718,159.207642</point>
				<point>799.000000,163.000031</point>
				<point>790.889282,147.792419</point>
				<point>798.000000,144.000031</point>
				<point>806.110718,159.207642</point>
			</points>
		</object>
		<object>
			<coordinate>pixel</coordinate>
			<type>rectangle</type>
			<description>None</description>
			<possibleresult>
				<name>Van</name>
			</possibleresult>
			<points>
				<point>816.000122,155.000046</point>
				<point>809.000122,159.000046</point>
				<point>800.569336,144.246201</point>
				<point>807.569336,140.246201</point>
				<point>816.000122,155.000046</point>
			</points>
		</object>
		<object>
			<coordinate>pixel</coordinate>
			<type>rectangle</type>
			<description>None</description>
			<possibleresult>
				<name>Van</name>
			</possibleresult>
			<points>
				<point>825.000000,151.000061</point>
				<point>819.264648,154.441223</point>
				<point>811.411743,141.352997</point>
				<point>817.147095,137.911835</point>
				<point>825.000000,151.000061</point>
			</points>
		</object>
		<object>
			<coordinate>pixel</coordinate>
			<type>rectangle</type>
			<description>None</description>
			<possibleresult>
				<name>Van</name>
			</possibleresult>
			<points>
				<point>834.200073,148.400009</point>
				<point>827.000122,152.000015</point>
				<point>818.800171,135.600021</point>
				<point>826.000122,132.000015</point>
				<point>834.200073,148.400009</point>
			</points>
		</object>
		<object>
			<coordinate>pixel</coordinate>
			<type>rectangle</type>
			<description>None</description>
			<possibleresult>
				<name>Van</name>
			</possibleresult>
			<points>
				<point>844.000122,144.000046</point>
				<point>837.200073,147.400040</point>
				<point>830.000122,133.000046</point>
				<point>836.800171,129.600052</point>
				<point>844.000122,144.000046</point>
			</points>
		</object>
		<object>
			<coordinate>pixel</coordinate>
			<type>rectangle</type>
			<description>None</description>
			<possibleresult>
				<name>Van</name>
			</possibleresult>
			<points>
				<point>915.708130,117.448715</point>
				<point>909.000000,121.000061</point>
				<point>900.000000,104.000061</point>
				<point>906.708130,100.448715</point>
				<point>915.708130,117.448715</point>
			</points>
		</object>
		<object>
			<coordinate>pixel</coordinate>
			<type>rectangle</type>
			<description>None</description>
			<possibleresult>
				<name>Small Car</name>
			</possibleresult>
			<points>
				<point>924.000061,110.000015</point>
				<point>917.200012,113.400009</point>
				<point>910.000061,99.000015</point>
				<point>916.800110,95.600021</point>
				<point>924.000061,110.000015</point>
			</points>
		</object>
		<object>
			<coordinate>pixel</coordinate>
			<type>rectangle</type>
			<description>None</description>
			<possibleresult>
				<name>Small Car</name>
			</possibleresult>
			<points>
				<point>934.000061,108.000031</point>
				<point>928.083069,111.155746</point>
				<point>920.000061,96.000031</point>
				<point>925.917053,92.844315</point>
				<point>934.000061,108.000031</point>
			</points>
		</object>
		<object>
			<coordinate>pixel</coordinate>
			<type>rectangle</type>
			<description>None</description>
			<possibleresult>
				<name>Cargo Truck</name>
			</possibleresult>
			<points>
				<point>990.999878,52.600323</point>
				<point>990.999878,31.807705</point>
				<point>1000.000000,31.807705</point>
				<point>1000.000000,52.600323</point>
				<point>990.999878,52.600323</point>
			</points>
		</object>
		<object>
			<coordinate>pixel</coordinate>
			<type>rectangle</type>
			<description>None</description>
			<possibleresult>
				<name>Trailer</name>
			</possibleresult>
			<points>
				<point>0.000000,802.513550</point>
				<point>0.000000,784.130493</point>
				<point>8.242378,784.130493</point>
				<point>8.242378,802.513550</point>
				<point>0.000000,802.513550</point>
			</points>
		</object>
		<object>
			<coordinate>pixel</coordinate>
			<type>rectangle</type>
			<description>None</description>
			<possibleresult>
				<name>Cargo Truck</name>
			</possibleresult>
			<points>
				<point>255.579102,428.774811</point>
				<point>219.000000,443.000031</point>
				<point>214.420898,431.225250</point>
				<point>251.000000,417.000031</point>
				<point>255.579102,428.774811</point>
			</points>
		</object>
		<object>
			<coordinate>pixel</coordinate>
			<type>rectangle</type>
			<description>None</description>
			<possibleresult>
				<name>Cargo Truck</name>
			</possibleresult>
			<points>
				<point>192.999969,453.999969</point>
				<point>157.999969,467.999969</point>
				<point>153.999969,457.999969</point>
				<point>188.999969,443.999969</point>
				<point>192.999969,453.999969</point>
			</points>
		</object>
		<object>
			<coordinate>pixel</coordinate>
			<type>rectangle</type>
			<description>None</description>
			<possibleresult>
				<name>Bus</name>
			</possibleresult>
			<points>
				<point>309.000000,406.000031</point>
				<point>281.000000,417.000031</point>
				<point>277.402222,407.842010</point>
				<point>305.402222,396.842010</point>
				<point>309.000000,406.000031</point>
			</points>
		</object>
		<object>
			<coordinate>pixel</coordinate>
			<type>rectangle</type>
			<description>None</description>
			<possibleresult>
				<name>Van</name>
			</possibleresult>
			<points>
				<point>339.074341,396.903351</point>
				<point>329.000000,410.000031</point>
				<point>323.925659,406.096710</point>
				<point>334.000000,393.000031</point>
				<point>339.074341,396.903351</point>
			</points>
		</object>
		<object>
			<coordinate>pixel</coordinate>
			<type>rectangle</type>
			<description>None</description>
			<possibleresult>
				<name>Cargo Truck</name>
			</possibleresult>
			<points>
				<point>350.000061,366.000031</point>
				<point>339.600037,371.200043</point>
				<point>323.600037,339.200043</point>
				<point>334.000061,334.000031</point>
				<point>350.000061,366.000031</point>
			</points>
		</object>
		<object>
			<coordinate>pixel</coordinate>
			<type>rectangle</type>
			<description>None</description>
			<possibleresult>
				<name>Trailer</name>
			</possibleresult>
			<points>
				<point>683.000000,457.000000</point>
				<point>672.427734,463.677246</point>
				<point>648.000000,425.000000</point>
				<point>658.572266,418.322754</point>
				<point>683.000000,457.000000</point>
			</points>
		</object>
		<object>
			<coordinate>pixel</coordinate>
			<type>rectangle</type>
			<description>None</description>
			<possibleresult>
				<name>Cargo Truck</name>
			</possibleresult>
			<points>
				<point>629.000000,369.000000</point>
				<point>619.762329,374.608582</point>
				<point>602.762329,346.608582</point>
				<point>612.000000,341.000000</point>
				<point>629.000000,369.000000</point>
			</points>
		</object>
		<object>
			<coordinate>pixel</coordinate>
			<type>rectangle</type>
			<description>None</description>
			<possibleresult>
				<name>Cargo Truck</name>
			</possibleresult>
			<points>
				<point>770.000122,619.999939</point>
				<point>751.000122,661.999939</point>
				<point>739.161011,656.644226</point>
				<point>758.161011,614.644226</point>
				<point>770.000122,619.999939</point>
			</points>
		</object>
		<object>
			<coordinate>pixel</coordinate>
			<type>rectangle</type>
			<description>None</description>
			<possibleresult>
				<name>Cargo Truck</name>
			</possibleresult>
			<points>
				<point>787.000000,650.000122</point>
				<point>769.000000,692.000122</point>
				<point>757.896606,687.241455</point>
				<point>775.896606,645.241455</point>
				<point>787.000000,650.000122</point>
			</points>
		</object>
		<object>
			<coordinate>pixel</coordinate>
			<type>rectangle</type>
			<description>None</description>
			<possibleresult>
				<name>Van</name>
			</possibleresult>
			<points>
				<point>741.753967,564.969238</point>
				<point>740.000061,579.000000</point>
				<point>732.000061,578.000000</point>
				<point>733.753967,563.969238</point>
				<point>741.753967,564.969238</point>
			</points>
		</object>
		<object>
			<coordinate>pixel</coordinate>
			<type>rectangle</type>
			<description>None</description>
			<possibleresult>
				<name>Cargo Truck</name>
			</possibleresult>
			<points>
				<point>849.000122,758.000061</point>
				<point>836.000122,786.000061</point>
				<point>825.041016,780.911926</point>
				<point>838.041016,752.911926</point>
				<point>849.000122,758.000061</point>
			</points>
		</object>
		<object>
			<coordinate>pixel</coordinate>
			<type>rectangle</type>
			<description>None</description>
			<possibleresult>
				<name>Cargo Truck</name>
			</possibleresult>
			<points>
				<point>858.243164,772.438721</point>
				<point>845.000000,803.000000</point>
				<point>834.756836,798.561279</point>
				<point>848.000000,768.000000</point>
				<point>858.243164,772.438721</point>
			</points>
		</object>
		<object>
			<coordinate>pixel</coordinate>
			<type>rectangle</type>
			<description>None</description>
			<possibleresult>
				<name>Cargo Truck</name>
			</possibleresult>
			<points>
				<point>865.085144,793.803650</point>
				<point>852.000061,824.000061</point>
				<point>840.914978,819.196472</point>
				<point>854.000061,789.000061</point>
				<point>865.085144,793.803650</point>
			</points>
		</object>
		<object>
			<coordinate>pixel</coordinate>
			<type>rectangle</type>
			<description>None</description>
			<possibleresult>
				<name>Cargo Truck</name>
			</possibleresult>
			<points>
				<point>876.000000,807.999878</point>
				<point>862.000000,838.999878</point>
				<point>850.157349,833.651611</point>
				<point>864.157349,802.651611</point>
				<point>876.000000,807.999878</point>
			</points>
		</object>
		<object>
			<coordinate>pixel</coordinate>
			<type>rectangle</type>
			<description>None</description>
			<possibleresult>
				<name>Cargo Truck</name>
			</possibleresult>
			<points>
				<point>887.085083,815.803589</point>
				<point>874.000000,846.000000</point>
				<point>862.914917,841.196411</point>
				<point>876.000000,811.000000</point>
				<point>887.085083,815.803589</point>
			</points>
		</object>
		<object>
			<coordinate>pixel</coordinate>
			<type>rectangle</type>
			<description>None</description>
			<possibleresult>
				<name>Van</name>
			</possibleresult>
			<points>
				<point>702.052429,650.977051</point>
				<point>685.999939,658.000000</point>
				<point>682.947449,651.022949</point>
				<point>698.999939,644.000000</point>
				<point>702.052429,650.977051</point>
			</points>
		</object>
		<object>
			<coordinate>pixel</coordinate>
			<type>rectangle</type>
			<description>None</description>
			<possibleresult>
				<name>Van</name>
			</possibleresult>
			<points>
				<point>707.200012,658.400146</point>
				<point>690.000061,667.000122</point>
				<point>686.600037,660.200073</point>
				<point>703.799988,651.600098</point>
				<point>707.200012,658.400146</point>
			</points>
		</object>
		<object>
			<coordinate>pixel</coordinate>
			<type>rectangle</type>
			<description>None</description>
			<possibleresult>
				<name>Small Car</name>
			</possibleresult>
			<points>
				<point>723.096497,686.962585</point>
				<point>704.999939,694.000061</point>
				<point>701.903381,686.037537</point>
				<point>719.999939,679.000061</point>
				<point>723.096497,686.962585</point>
			</points>
		</object>
		<object>
			<coordinate>pixel</coordinate>
			<type>rectangle</type>
			<description>None</description>
			<possibleresult>
				<name>Van</name>
			</possibleresult>
			<points>
				<point>715.096497,672.962585</point>
				<point>696.999939,680.000061</point>
				<point>693.903381,672.037537</point>
				<point>711.999939,665.000061</point>
				<point>715.096497,672.962585</point>
			</points>
		</object>
		<object>
			<coordinate>pixel</coordinate>
			<type>rectangle</type>
			<description>None</description>
			<possibleresult>
				<name>Small Car</name>
			</possibleresult>
			<points>
				<point>735.200012,708.599976</point>
				<point>718.399963,714.199951</point>
				<point>715.999939,707.000000</point>
				<point>732.799988,701.400024</point>
				<point>735.200012,708.599976</point>
			</points>
		</object>
		<object>
			<coordinate>pixel</coordinate>
			<type>rectangle</type>
			<description>None</description>
			<possibleresult>
				<name>Van</name>
			</possibleresult>
			<points>
				<point>757.000000,739.999939</point>
				<point>739.000000,747.999939</point>
				<point>736.278320,741.876282</point>
				<point>754.278320,733.876282</point>
				<point>757.000000,739.999939</point>
			</points>
		</object>
		<object>
			<coordinate>pixel</coordinate>
			<type>rectangle</type>
			<description>None</description>
			<possibleresult>
				<name>Van</name>
			</possibleresult>
			<points>
				<point>763.400085,754.800049</point>
				<point>749.000061,762.000000</point>
				<point>746.600037,757.199951</point>
				<point>761.000061,750.000000</point>
				<point>763.400085,754.800049</point>
			</points>
		</object>
		<object>
			<coordinate>pixel</coordinate>
			<type>rectangle</type>
			<description>None</description>
			<possibleresult>
				<name>Small Car</name>
			</possibleresult>
			<points>
				<point>776.000000,767.999878</point>
				<point>756.752686,778.130005</point>
				<point>753.000000,770.999878</point>
				<point>772.247314,760.869751</point>
				<point>776.000000,767.999878</point>
			</points>
		</object>
		<object>
			<coordinate>pixel</coordinate>
			<type>rectangle</type>
			<description>None</description>
			<possibleresult>
				<name>Van</name>
			</possibleresult>
			<points>
				<point>761.000061,749.000061</point>
				<point>743.807434,757.090759</point>
				<point>740.000061,749.000061</point>
				<point>757.192688,740.909363</point>
				<point>761.000061,749.000061</point>
			</points>
		</object>
		<object>
			<coordinate>pixel</coordinate>
			<type>rectangle</type>
			<description>None</description>
			<possibleresult>
				<name>Van</name>
			</possibleresult>
			<points>
				<point>768.400085,762.800049</point>
				<point>752.400085,770.800049</point>
				<point>749.000061,764.000000</point>
				<point>765.000061,756.000000</point>
				<point>768.400085,762.800049</point>
			</points>
		</object>
		<object>
			<coordinate>pixel</coordinate>
			<type>rectangle</type>
			<description>None</description>
			<possibleresult>
				<name>Van</name>
			</possibleresult>
			<points>
				<point>779.000061,776.000000</point>
				<point>760.721741,784.123657</point>
				<point>758.000061,778.000000</point>
				<point>776.278381,769.876343</point>
				<point>779.000061,776.000000</point>
			</points>
		</object>
		<object>
			<coordinate>pixel</coordinate>
			<type>rectangle</type>
			<description>None</description>
			<possibleresult>
				<name>Van</name>
			</possibleresult>
			<points>
				<point>798.400146,810.800171</point>
				<point>782.000122,819.000122</point>
				<point>778.600098,812.200073</point>
				<point>795.000122,804.000122</point>
				<point>798.400146,810.800171</point>
			</points>
		</object>
		<object>
			<coordinate>pixel</coordinate>
			<type>rectangle</type>
			<description>None</description>
			<possibleresult>
				<name>Van</name>
			</possibleresult>
			<points>
				<point>802.999878,817.000000</point>
				<point>789.429199,823.263428</point>
				<point>786.999878,818.000000</point>
				<point>800.570557,811.736572</point>
				<point>802.999878,817.000000</point>
			</points>
		</object>
		<object>
			<coordinate>pixel</coordinate>
			<type>rectangle</type>
			<description>None</description>
			<possibleresult>
				<name>Small Car</name>
			</possibleresult>
			<points>
				<point>814.400146,830.800110</point>
				<point>796.000122,840.000061</point>
				<point>792.600098,833.200012</point>
				<point>811.000122,824.000061</point>
				<point>814.400146,830.800110</point>
			</points>
		</object>
		<object>
			<coordinate>pixel</coordinate>
			<type>rectangle</type>
			<description>None</description>
			<possibleresult>
				<name>Cargo Truck</name>
			</possibleresult>
			<points>
				<point>652.396606,973.258667</point>
				<point>617.396606,988.258667</point>
				<point>613.000000,978.000000</point>
				<point>648.000000,963.000000</point>
				<point>652.396606,973.258667</point>
			</points>
		</object>
		<object>
			<coordinate>pixel</coordinate>
			<type>rectangle</type>
			<description>None</description>
			<possibleresult>
				<name>Trailer</name>
			</possibleresult>
			<points>
				<point>811.000061,909.999939</point>
				<point>748.362122,936.844788</point>
				<point>742.362122,922.844788</point>
				<point>805.000061,895.999939</point>
				<point>811.000061,909.999939</point>
			</points>
		</object>
		<object>
			<coordinate>pixel</coordinate>
			<type>rectangle</type>
			<description>None</description>
			<possibleresult>
				<name>Dump Truck</name>
			</possibleresult>
			<points>
				<point>634.811279,949.660400</point>
				<point>627.000000,954.000000</point>
				<point>617.000000,936.000000</point>
				<point>624.811279,931.660400</point>
				<point>634.811279,949.660400</point>
			</points>
		</object>
		<object>
			<coordinate>pixel</coordinate>
			<type>rectangle</type>
			<description>None</description>
			<possibleresult>
				<name>Dump Truck</name>
			</possibleresult>
			<points>
				<point>643.121643,946.229797</point>
				<point>636.000061,950.000061</point>
				<point>626.878479,932.770325</point>
				<point>634.000061,929.000061</point>
				<point>643.121643,946.229797</point>
			</points>
		</object>
		<object>
			<coordinate>pixel</coordinate>
			<type>rectangle</type>
			<description>None</description>
			<possibleresult>
				<name>Dump Truck</name>
			</possibleresult>
			<points>
				<point>652.000000,941.000000</point>
				<point>644.213623,945.379883</point>
				<point>635.000000,929.000000</point>
				<point>642.786377,924.620117</point>
				<point>652.000000,941.000000</point>
			</points>
		</object>
		<object>
			<coordinate>pixel</coordinate>
			<type>rectangle</type>
			<description>None</description>
			<possibleresult>
				<name>Van</name>
			</possibleresult>
			<points>
				<point>741.000061,907.000183</point>
				<point>734.600037,910.200134</point>
				<point>727.600037,896.200134</point>
				<point>734.000061,893.000183</point>
				<point>741.000061,907.000183</point>
			</points>
		</object>
		<object>
			<coordinate>pixel</coordinate>
			<type>rectangle</type>
			<description>None</description>
			<possibleresult>
				<name>Cargo Truck</name>
			</possibleresult>
			<points>
				<point>751.110718,901.207703</point>
				<point>744.000000,905.000061</point>
				<point>735.889282,889.792419</point>
				<point>743.000000,886.000061</point>
				<point>751.110718,901.207703</point>
			</points>
		</object>
		<object>
			<coordinate>pixel</coordinate>
			<type>rectangle</type>
			<description>None</description>
			<possibleresult>
				<name>Van</name>
			</possibleresult>
			<points>
				<point>998.000061,754.000122</point>
				<point>990.800110,757.600098</point>
				<point>984.800110,745.600098</point>
				<point>992.000061,742.000122</point>
				<point>998.000061,754.000122</point>
			</points>
		</object>
		<object>
			<coordinate>pixel</coordinate>
			<type>rectangle</type>
			<description>None</description>
			<possibleresult>
				<name>other-vehicle</name>
			</possibleresult>
			<points>
				<point>994.000000,752.500000</point>
				<point>994.000000,738.571289</point>
				<point>1000.000000,738.571289</point>
				<point>1000.000000,752.500000</point>
				<point>994.000000,752.500000</point>
			</points>
		</object>
		<object>
			<coordinate>pixel</coordinate>
			<type>rectangle</type>
			<description>None</description>
			<possibleresult>
				<name>Small Car</name>
			</possibleresult>
			<points>
				<point>1000.000000,789.636536</point>
				<point>1000.000000,791.733215</point>
				<point>994.063477,796.086670</point>
				<point>983.063477,781.086670</point>
				<point>1000.000000,789.636536</point>
			</points>
		</object>
		<object>
			<coordinate>pixel</coordinate>
			<type>rectangle</type>
			<description>None</description>
			<possibleresult>
				<name>Van</name>
			</possibleresult>
			<points>
				<point>956.096313,809.178955</point>
				<point>949.000000,813.000000</point>
				<point>941.903687,799.821045</point>
				<point>949.000000,796.000000</point>
				<point>956.096313,809.178955</point>
			</points>
		</object>
		<object>
			<coordinate>pixel</coordinate>
			<type>rectangle</type>
			<description>None</description>
			<possibleresult>
				<name>Van</name>
			</possibleresult>
			<points>
				<point>964.102722,804.226013</point>
				<point>957.999939,806.999939</point>
				<point>952.897156,795.773865</point>
				<point>958.999939,792.999939</point>
				<point>964.102722,804.226013</point>
			</points>
		</object>
		<object>
			<coordinate>pixel</coordinate>
			<type>rectangle</type>
			<description>None</description>
			<possibleresult>
				<name>Van</name>
			</possibleresult>
			<points>
				<point>988.999878,796.000000</point>
				<point>982.999878,800.000000</point>
				<point>973.461426,785.692261</point>
				<point>979.461426,781.692261</point>
				<point>988.999878,796.000000</point>
			</points>
		</object>
		<object>
			<coordinate>pixel</coordinate>
			<type>rectangle</type>
			<description>None</description>
			<possibleresult>
				<name>Cargo Truck</name>
			</possibleresult>
			<points>
				<point>1000.000000,472.588226</point>
				<point>981.999939,480.000031</point>
				<point>977.547302,469.186432</point>
				<point>1000.000000,459.941193</point>
				<point>1000.000000,472.588226</point>
			</points>
		</object>
		<object>
			<coordinate>pixel</coordinate>
			<type>rectangle</type>
			<description>None</description>
			<possibleresult>
				<name>Cargo Truck</name>
			</possibleresult>
			<points>
				<point>974.376709,483.828827</point>
				<point>941.376709,498.828827</point>
				<point>936.000000,487.000031</point>
				<point>969.000000,472.000031</point>
				<point>974.376709,483.828827</point>
			</points>
		</object>
		<object>
			<coordinate>pixel</coordinate>
			<type>rectangle</type>
			<description>None</description>
			<possibleresult>
				<name>Cargo Truck</name>
			</possibleresult>
			<points>
				<point>1000.000000,459.032257</point>
				<point>980.670776,467.138062</point>
				<point>976.000000,456.000000</point>
				<point>1000.000000,445.935486</point>
				<point>1000.000000,459.032257</point>
			</points>
		</object>
		<object>
			<coordinate>pixel</coordinate>
			<type>rectangle</type>
			<description>None</description>
			<possibleresult>
				<name>Cargo Truck</name>
			</possibleresult>
			<points>
				<point>969.000061,469.000061</point>
				<point>944.000061,480.000061</point>
				<point>940.402161,471.823120</point>
				<point>965.402161,460.823120</point>
				<point>969.000061,469.000061</point>
			</points>
		</object>
		<object>
			<coordinate>pixel</coordinate>
			<type>rectangle</type>
			<description>None</description>
			<possibleresult>
				<name>Cargo Truck</name>
			</possibleresult>
			<points>
				<point>928.000122,501.000000</point>
				<point>895.947632,515.022949</point>
				<point>892.000122,506.000000</point>
				<point>924.052612,491.977051</point>
				<point>928.000122,501.000000</point>
			</points>
		</object>
		<object>
			<coordinate>pixel</coordinate>
			<type>rectangle</type>
			<description>None</description>
			<possibleresult>
				<name>Cargo Truck</name>
			</possibleresult>
			<points>
				<point>928.371094,488.835052</point>
				<point>897.288574,502.649506</point>
				<point>892.917480,492.814484</point>
				<point>924.000000,479.000031</point>
				<point>928.371094,488.835052</point>
			</points>
		</object>
		<object>
			<coordinate>pixel</coordinate>
			<type>rectangle</type>
			<description>None</description>
			<possibleresult>
				<name>Cargo Truck</name>
			</possibleresult>
			<points>
				<point>888.133911,515.939453</point>
				<point>857.000000,530.000000</point>
				<point>853.866089,523.060547</point>
				<point>885.000000,509.000000</point>
				<point>888.133911,515.939453</point>
			</points>
		</object>
		<object>
			<coordinate>pixel</coordinate>
			<type>rectangle</type>
			<description>None</description>
			<possibleresult>
				<name>Cargo Truck</name>
			</possibleresult>
			<points>
				<point>869.053589,512.975830</point>
				<point>838.053589,526.975830</point>
				<point>834.000000,518.000000</point>
				<point>865.000000,504.000000</point>
				<point>869.053589,512.975830</point>
			</points>
		</object>
		<object>
			<coordinate>pixel</coordinate>
			<type>rectangle</type>
			<description>None</description>
			<possibleresult>
				<name>Cargo Truck</name>
			</possibleresult>
			<points>
				<point>933.295959,283.883118</point>
				<point>894.999939,298.999939</point>
				<point>890.703918,288.116760</point>
				<point>928.999939,272.999939</point>
				<point>933.295959,283.883118</point>
			</points>
		</object>
		<object>
			<coordinate>pixel</coordinate>
			<type>rectangle</type>
			<description>None</description>
			<possibleresult>
				<name>Cargo Truck</name>
			</possibleresult>
			<points>
				<point>918.000000,260.999969</point>
				<point>878.000000,276.999969</point>
				<point>874.000000,266.999969</point>
				<point>914.000000,250.999969</point>
				<point>918.000000,260.999969</point>
			</points>
		</object>
		<object>
			<coordinate>pixel</coordinate>
			<type>rectangle</type>
			<description>None</description>
			<possibleresult>
				<name>Trailer</name>
			</possibleresult>
			<points>
				<point>923.000000,244.000000</point>
				<point>869.967407,265.012909</point>
				<point>866.000000,255.000000</point>
				<point>919.032593,233.987091</point>
				<point>923.000000,244.000000</point>
			</points>
		</object>
		<object>
			<coordinate>pixel</coordinate>
			<type>rectangle</type>
			<description>None</description>
			<possibleresult>
				<name>Cargo Truck</name>
			</possibleresult>
			<points>
				<point>896.579163,227.774857</point>
				<point>860.000061,242.000046</point>
				<point>855.420959,230.225235</point>
				<point>892.000061,216.000046</point>
				<point>896.579163,227.774857</point>
			</points>
		</object>
		<object>
			<coordinate>pixel</coordinate>
			<type>rectangle</type>
			<description>None</description>
			<possibleresult>
				<name>Cargo Truck</name>
			</possibleresult>
			<points>
				<point>876.866028,221.051529</point>
				<point>850.866028,231.051529</point>
				<point>847.000061,220.999985</point>
				<point>873.000061,210.999985</point>
				<point>876.866028,221.051529</point>
			</points>
		</object>
		<object>
			<coordinate>pixel</coordinate>
			<type>rectangle</type>
			<description>None</description>
			<possibleresult>
				<name>Cargo Truck</name>
			</possibleresult>
			<points>
				<point>882.396484,246.248505</point>
				<point>865.396484,253.248505</point>
				<point>862.000000,245.000000</point>
				<point>879.000000,238.000000</point>
				<point>882.396484,246.248505</point>
			</points>
		</object>
		<object>
			<coordinate>pixel</coordinate>
			<type>rectangle</type>
			<description>None</description>
			<possibleresult>
				<name>Van</name>
			</possibleresult>
			<points>
				<point>27.137348,346.223206</point>
				<point>21.000008,350.000000</point>
				<point>12.862667,336.776794</point>
				<point>19.000008,333.000000</point>
				<point>27.137348,346.223206</point>
			</points>
		</object>
		<object>
			<coordinate>pixel</coordinate>
			<type>rectangle</type>
			<description>None</description>
			<possibleresult>
				<name>Van</name>
			</possibleresult>
			<points>
				<point>38.000000,343.000000</point>
				<point>32.389893,346.606506</point>
				<point>23.000000,332.000000</point>
				<point>28.610107,328.393494</point>
				<point>38.000000,343.000000</point>
			</points>
		</object>
		<object>
			<coordinate>pixel</coordinate>
			<type>rectangle</type>
			<description>None</description>
			<possibleresult>
				<name>Van</name>
			</possibleresult>
			<points>
				<point>53.999992,333.000000</point>
				<point>49.097466,336.151611</point>
				<point>39.999992,322.000000</point>
				<point>44.902519,318.848389</point>
				<point>53.999992,333.000000</point>
			</points>
		</object>
		<object>
			<coordinate>pixel</coordinate>
			<type>rectangle</type>
			<description>None</description>
			<possibleresult>
				<name>Van</name>
			</possibleresult>
			<points>
				<point>64.000000,327.000000</point>
				<point>57.000000,331.000000</point>
				<point>48.753845,316.569214</point>
				<point>55.753845,312.569214</point>
				<point>64.000000,327.000000</point>
			</points>
		</object>
		<object>
			<coordinate>pixel</coordinate>
			<type>rectangle</type>
			<description>None</description>
			<possibleresult>
				<name>Van</name>
			</possibleresult>
			<points>
				<point>96.999992,309.999969</point>
				<point>92.082344,313.129364</point>
				<point>84.999992,301.999969</point>
				<point>89.917641,298.870575</point>
				<point>96.999992,309.999969</point>
			</points>
		</object>
		<object>
			<coordinate>pixel</coordinate>
			<type>rectangle</type>
			<description>None</description>
			<possibleresult>
				<name>Small Car</name>
			</possibleresult>
			<points>
				<point>116.441185,303.735291</point>
				<point>111.000008,307.000000</point>
				<point>102.000008,292.000000</point>
				<point>107.441185,288.735291</point>
				<point>116.441185,303.735291</point>
			</points>
		</object>
		<object>
			<coordinate>pixel</coordinate>
			<type>rectangle</type>
			<description>None</description>
			<possibleresult>
				<name>Van</name>
			</possibleresult>
			<points>
				<point>134.065002,294.101074</point>
				<point>128.000015,298.000000</point>
				<point>118.837547,283.747314</point>
				<point>124.902527,279.848389</point>
				<point>134.065002,294.101074</point>
			</points>
		</object>
		<object>
			<coordinate>pixel</coordinate>
			<type>rectangle</type>
			<description>None</description>
			<possibleresult>
				<name>Van</name>
			</possibleresult>
			<points>
				<point>144.064987,290.101074</point>
				<point>138.000015,294.000000</point>
				<point>128.935043,279.898926</point>
				<point>135.000015,276.000000</point>
				<point>144.064987,290.101074</point>
			</points>
		</object>
		<object>
			<coordinate>pixel</coordinate>
			<type>rectangle</type>
			<description>None</description>
			<possibleresult>
				<name>Van</name>
			</possibleresult>
			<points>
				<point>205.064972,259.101074</point>
				<point>199.000000,263.000031</point>
				<point>189.935028,248.898941</point>
				<point>196.000000,245.000000</point>
				<point>205.064972,259.101074</point>
			</points>
		</object>
		<object>
			<coordinate>pixel</coordinate>
			<type>rectangle</type>
			<description>None</description>
			<possibleresult>
				<name>Van</name>
			</possibleresult>
			<points>
				<point>222.064972,252.101089</point>
				<point>216.000000,256.000000</point>
				<point>206.935028,241.898941</point>
				<point>213.000000,238.000031</point>
				<point>222.064972,252.101089</point>
			</points>
		</object>
		<object>
			<coordinate>pixel</coordinate>
			<type>rectangle</type>
			<description>None</description>
			<possibleresult>
				<name>Small Car</name>
			</possibleresult>
			<points>
				<point>241.267059,243.474762</point>
				<point>235.000000,246.999969</point>
				<point>225.732941,230.525208</point>
				<point>232.000000,227.000000</point>
				<point>241.267059,243.474762</point>
			</points>
		</object>
		<object>
			<coordinate>pixel</coordinate>
			<type>rectangle</type>
			<description>None</description>
			<possibleresult>
				<name>Van</name>
			</possibleresult>
			<points>
				<point>251.000015,239.000015</point>
				<point>244.168564,243.269669</point>
				<point>234.000015,227.000015</point>
				<point>240.831467,222.730362</point>
				<point>251.000015,239.000015</point>
			</points>
		</object>
		<object>
			<coordinate>pixel</coordinate>
			<type>rectangle</type>
			<description>None</description>
			<possibleresult>
				<name>Van</name>
			</possibleresult>
			<points>
				<point>258.692291,233.538422</point>
				<point>251.999969,237.999969</point>
				<point>241.999969,222.999969</point>
				<point>248.692291,218.538422</point>
				<point>258.692291,233.538422</point>
			</points>
		</object>
		<object>
			<coordinate>pixel</coordinate>
			<type>rectangle</type>
			<description>None</description>
			<possibleresult>
				<name>Van</name>
			</possibleresult>
			<points>
				<point>274.000000,225.000015</point>
				<point>267.088257,229.147079</point>
				<point>258.000000,214.000015</point>
				<point>264.911743,209.852951</point>
				<point>274.000000,225.000015</point>
			</points>
		</object>
		<object>
			<coordinate>pixel</coordinate>
			<type>rectangle</type>
			<description>None</description>
			<possibleresult>
				<name>Van</name>
			</possibleresult>
			<points>
				<point>285.176483,222.294144</point>
				<point>279.000031,226.000015</point>
				<point>269.823578,210.705887</point>
				<point>276.000031,207.000015</point>
				<point>285.176483,222.294144</point>
			</points>
		</object>
		<object>
			<coordinate>pixel</coordinate>
			<type>rectangle</type>
			<description>None</description>
			<possibleresult>
				<name>Van</name>
			</possibleresult>
			<points>
				<point>303.692291,213.538422</point>
				<point>296.999969,217.999969</point>
				<point>286.999969,202.999969</point>
				<point>293.692291,198.538422</point>
				<point>303.692291,213.538422</point>
			</points>
		</object>
		<object>
			<coordinate>pixel</coordinate>
			<type>rectangle</type>
			<description>None</description>
			<possibleresult>
				<name>Small Car</name>
			</possibleresult>
			<points>
				<point>311.000031,210.000015</point>
				<point>306.056183,213.089890</point>
				<point>296.000031,197.000015</point>
				<point>300.943878,193.910141</point>
				<point>311.000031,210.000015</point>
			</points>
		</object>
		<object>
			<coordinate>pixel</coordinate>
			<type>rectangle</type>
			<description>None</description>
			<possibleresult>
				<name>Van</name>
			</possibleresult>
			<points>
				<point>329.000000,199.999985</point>
				<point>322.088257,204.147049</point>
				<point>313.000000,188.999985</point>
				<point>319.911743,184.852921</point>
				<point>329.000000,199.999985</point>
			</points>
		</object>
		<object>
			<coordinate>pixel</coordinate>
			<type>rectangle</type>
			<description>None</description>
			<possibleresult>
				<name>Van</name>
			</possibleresult>
			<points>
				<point>345.000000,188.999985</point>
				<point>338.307678,193.461533</point>
				<point>328.307678,178.461533</point>
				<point>335.000000,173.999985</point>
				<point>345.000000,188.999985</point>
			</points>
		</object>
		<object>
			<coordinate>pixel</coordinate>
			<type>rectangle</type>
			<description>None</description>
			<possibleresult>
				<name>Small Car</name>
			</possibleresult>
			<points>
				<point>353.000000,183.000000</point>
				<point>346.241455,187.373169</point>
				<point>335.241455,170.373169</point>
				<point>342.000000,166.000000</point>
				<point>353.000000,183.000000</point>
			</points>
		</object>
		<object>
			<coordinate>pixel</coordinate>
			<type>rectangle</type>
			<description>None</description>
			<possibleresult>
				<name>Van</name>
			</possibleresult>
			<points>
				<point>374.000000,164.000000</point>
				<point>368.402466,167.621948</point>
				<point>357.000000,150.000000</point>
				<point>362.597534,146.378052</point>
				<point>374.000000,164.000000</point>
			</points>
		</object>
		<object>
			<coordinate>pixel</coordinate>
			<type>rectangle</type>
			<description>None</description>
			<possibleresult>
				<name>Van</name>
			</possibleresult>
			<points>
				<point>379.691010,155.497879</point>
				<point>374.000031,159.000015</point>
				<point>366.000031,146.000015</point>
				<point>371.691010,142.497879</point>
				<point>379.691010,155.497879</point>
			</points>
		</object>
		<object>
			<coordinate>pixel</coordinate>
			<type>rectangle</type>
			<description>None</description>
			<possibleresult>
				<name>Van</name>
			</possibleresult>
			<points>
				<point>387.000000,150.000015</point>
				<point>380.823547,153.705887</point>
				<point>371.823547,138.705887</point>
				<point>378.000000,135.000015</point>
				<point>387.000000,150.000015</point>
			</points>
		</object>
		<object>
			<coordinate>pixel</coordinate>
			<type>rectangle</type>
			<description>None</description>
			<possibleresult>
				<name>Cargo Truck</name>
			</possibleresult>
			<points>
				<point>406.378265,138.640167</point>
				<point>399.000031,143.000031</point>
				<point>386.000031,121.000038</point>
				<point>393.378265,116.640167</point>
				<point>406.378265,138.640167</point>
			</points>
		</object>
		<object>
			<coordinate>pixel</coordinate>
			<type>rectangle</type>
			<description>None</description>
			<possibleresult>
				<name>Cargo Truck</name>
			</possibleresult>
			<points>
				<point>320.000031,9.000004</point>
				<point>314.333344,0.000000</point>
				<point>323.483612,-5.761302</point>
				<point>329.150299,3.238702</point>
				<point>320.000031,9.000004</point>
			</points>
		</object>
		<object>
			<coordinate>pixel</coordinate>
			<type>rectangle</type>
			<description>None</description>
			<possibleresult>
				<name>Small Car</name>
			</possibleresult>
			<points>
				<point>339.352966,20.588251</point>
				<point>332.000000,25.000017</point>
				<point>323.000000,10.000015</point>
				<point>330.352966,5.588249</point>
				<point>339.352966,20.588251</point>
			</points>
		</object>
		<object>
			<coordinate>pixel</coordinate>
			<type>rectangle</type>
			<description>None</description>
			<possibleresult>
				<name>Van</name>
			</possibleresult>
			<points>
				<point>80.312485,1.339524</point>
				<point>80.312485,0.000000</point>
				<point>83.181793,-0.000000</point>
				<point>83.181793,1.339524</point>
				<point>80.312485,1.339524</point>
			</points>
		</object>
		<object>
			<coordinate>pixel</coordinate>
			<type>rectangle</type>
			<description>None</description>
			<possibleresult>
				<name>Trailer</name>
			</possibleresult>
			<points>
				<point>395.468781,0.000000</point>
				<point>397.653046,-0.000000</point>
				<point>429.056030,48.085838</point>
				<point>420.000000,54.000000</point>
				<point>395.468781,0.000000</point>
			</points>
		</object>
		<object>
			<coordinate>pixel</coordinate>
			<type>rectangle</type>
			<description>None</description>
			<possibleresult>
				<name>Van</name>
			</possibleresult>
			<points>
				<point>423.999939,22.999998</point>
				<point>417.999939,26.999998</point>
				<point>407.999939,11.999998</point>
				<point>413.999939,7.999998</point>
				<point>423.999939,22.999998</point>
			</points>
		</object>
		<object>
			<coordinate>pixel</coordinate>
			<type>rectangle</type>
			<description>None</description>
			<possibleresult>
				<name>Trailer</name>
			</possibleresult>
			<points>
				<point>478.000000,5.999991</point>
				<point>473.894775,-0.000000</point>
				<point>481.208008,-5.003786</point>
				<point>485.313232,0.996206</point>
				<point>478.000000,5.999991</point>
			</points>
		</object>
		<object>
			<coordinate>pixel</coordinate>
			<type>rectangle</type>
			<description>None</description>
			<possibleresult>
				<name>Van</name>
			</possibleresult>
			<points>
				<point>472.999939,61.000000</point>
				<point>467.999939,67.000000</point>
				<point>454.327820,55.606560</point>
				<point>459.327820,49.606560</point>
				<point>472.999939,61.000000</point>
			</points>
		</object>
		<object>
			<coordinate>pixel</coordinate>
			<type>rectangle</type>
			<description>None</description>
			<possibleresult>
				<name>Van</name>
			</possibleresult>
			<points>
				<point>483.390289,55.512180</point>
				<point>479.000031,60.999989</point>
				<point>464.000031,48.999989</point>
				<point>468.390289,43.512180</point>
				<point>483.390289,55.512180</point>
			</points>
		</object>
		<object>
			<coordinate>pixel</coordinate>
			<type>rectangle</type>
			<description>None</description>
			<possibleresult>
				<name>Van</name>
			</possibleresult>
			<points>
				<point>490.000000,47.999989</point>
				<point>486.381958,53.262585</point>
				<point>470.000000,41.999981</point>
				<point>473.618042,36.737385</point>
				<point>490.000000,47.999989</point>
			</points>
		</object>
		<object>
			<coordinate>pixel</coordinate>
			<type>rectangle</type>
			<description>None</description>
			<possibleresult>
				<name>Van</name>
			</possibleresult>
			<points>
				<point>561.409729,97.491829</point>
				<point>555.999939,102.000023</point>
				<point>545.999939,90.000023</point>
				<point>551.409729,85.491829</point>
				<point>561.409729,97.491829</point>
			</points>
		</object>
		<object>
			<coordinate>pixel</coordinate>
			<type>rectangle</type>
			<description>None</description>
			<possibleresult>
				<name>Van</name>
			</possibleresult>
			<points>
				<point>613.000061,68.000000</point>
				<point>607.000061,72.999992</point>
				<point>598.803284,63.163929</point>
				<point>604.803284,58.163933</point>
				<point>613.000061,68.000000</point>
			</points>
		</object>
		<object>
			<coordinate>pixel</coordinate>
			<type>rectangle</type>
			<description>None</description>
			<possibleresult>
				<name>Dump Truck</name>
			</possibleresult>
			<points>
				<point>659.081848,44.098358</point>
				<point>651.999939,50.000000</point>
				<point>636.918030,31.901640</point>
				<point>643.999939,26.000000</point>
				<point>659.081848,44.098358</point>
			</points>
		</object>
		<object>
			<coordinate>pixel</coordinate>
			<type>rectangle</type>
			<description>None</description>
			<possibleresult>
				<name>Van</name>
			</possibleresult>
			<points>
				<point>646.487793,46.609726</point>
				<point>641.000000,50.999969</point>
				<point>629.000000,35.999969</point>
				<point>634.487793,31.609726</point>
				<point>646.487793,46.609726</point>
			</points>
		</object>
		<object>
			<coordinate>pixel</coordinate>
			<type>rectangle</type>
			<description>None</description>
			<possibleresult>
				<name>Van</name>
			</possibleresult>
			<points>
				<point>638.000000,51.000000</point>
				<point>632.390259,55.487808</point>
				<point>620.000000,40.000000</point>
				<point>625.609741,35.512192</point>
				<point>638.000000,51.000000</point>
			</points>
		</object>
		<object>
			<coordinate>pixel</coordinate>
			<type>rectangle</type>
			<description>None</description>
			<possibleresult>
				<name>other-vehicle</name>
			</possibleresult>
			<points>
				<point>619.135193,9.189180</point>
				<point>604.000061,19.999990</point>
				<point>598.527039,12.337830</point>
				<point>613.662170,1.527020</point>
				<point>619.135193,9.189180</point>
			</points>
		</object>
		<object>
			<coordinate>pixel</coordinate>
			<type>rectangle</type>
			<description>None</description>
			<possibleresult>
				<name>other-vehicle</name>
			</possibleresult>
			<points>
				<point>678.999939,31.000000</point>
				<point>673.372375,37.331036</point>
				<point>654.999939,21.000000</point>
				<point>660.627502,14.668964</point>
				<point>678.999939,31.000000</point>
			</points>
		</object>
		<object>
			<coordinate>pixel</coordinate>
			<type>rectangle</type>
			<description>None</description>
			<possibleresult>
				<name>other-vehicle</name>
			</possibleresult>
			<points>
				<point>688.000000,24.000000</point>
				<point>682.213745,30.199524</point>
				<point>667.000000,16.000000</point>
				<point>672.786255,9.800476</point>
				<point>688.000000,24.000000</point>
			</points>
		</object>
		<object>
			<coordinate>pixel</coordinate>
			<type>rectangle</type>
			<description>None</description>
			<possibleresult>
				<name>other-vehicle</name>
			</possibleresult>
			<points>
				<point>728.052673,6.000017</point>
				<point>715.874939,6.000017</point>
				<point>715.874939,0.000000</point>
				<point>728.052673,0.000000</point>
				<point>728.052673,6.000017</point>
			</points>
		</object>
		<object>
			<coordinate>pixel</coordinate>
			<type>rectangle</type>
			<description>None</description>
			<possibleresult>
				<name>other-vehicle</name>
			</possibleresult>
			<points>
				<point>720.000061,6.000002</point>
				<point>715.320007,12.240002</point>
				<point>699.000061,0.000000</point>
				<point>712.000061,0.000000</point>
				<point>720.000061,6.000002</point>
			</points>
		</object>
		<object>
			<coordinate>pixel</coordinate>
			<type>rectangle</type>
			<description>None</description>
			<possibleresult>
				<name>other-vehicle</name>
			</possibleresult>
			<points>
				<point>707.491821,13.590150</point>
				<point>701.000000,18.999985</point>
				<point>685.999939,0.000000</point>
				<point>696.166687,-0.000000</point>
				<point>707.491821,13.590150</point>
			</points>
		</object>
		<object>
			<coordinate>pixel</coordinate>
			<type>rectangle</type>
			<description>None</description>
			<possibleresult>
				<name>Dump Truck</name>
			</possibleresult>
			<points>
				<point>699.292786,19.365833</point>
				<point>691.000061,25.999981</point>
				<point>678.707336,10.634125</point>
				<point>687.000061,3.999977</point>
				<point>699.292786,19.365833</point>
			</points>
		</object>
	</objects>
</annotation>