<?xml version="1.0" encoding="utf-8"?>
<annotation>
	<source>
		<filename>1235.tif</filename>
		<origin>GF2/GF3</origin>
	</source>
	<research>
		<version>1.0</version>
		<provider>FAIR1M</provider>
		<author>Cyber</author>
		<pluginname>FAIR1M</pluginname>
		<pluginclass>object detection</pluginclass>
		<time>2021-03</time>
	</research>
	<size>
		<width>1000</width>
		<height>1000</height>
		<depth>3</depth>
	</size>
	<objects>
		<object>
			<coordinate>pixel</coordinate>
			<type>rectangle</type>
			<description>None</description>
			<possibleresult>
				<name>Intersection</name>
			</possibleresult>
			<points>
				<point>645.446228,858.969360</point>
				<point>637.446228,872.969360</point>
				<point>620.000061,863.000122</point>
				<point>628.000061,849.000122</point>
				<point>645.446228,858.969360</point>
			</points>
		</object>
		<object>
			<coordinate>pixel</coordinate>
			<type>rectangle</type>
			<description>None</description>
			<possibleresult>
				<name>Intersection</name>
			</possibleresult>
			<points>
				<point>881.000061,960.000000</point>
				<point>871.813171,976.332397</point>
				<point>857.000061,968.000000</point>
				<point>866.186951,951.667603</point>
				<point>881.000061,960.000000</point>
			</points>
		</object>
		<object>
			<coordinate>pixel</coordinate>
			<type>rectangle</type>
			<description>None</description>
			<possibleresult>
				<name>Intersection</name>
			</possibleresult>
			<points>
				<point>908.000122,438.000092</point>
				<point>900.000122,454.000092</point>
				<point>884.000122,446.000092</point>
				<point>892.000122,430.000092</point>
				<point>908.000122,438.000092</point>
			</points>
		</object>
		<object>
			<coordinate>pixel</coordinate>
			<type>rectangle</type>
			<description>None</description>
			<possibleresult>
				<name>Intersection</name>
			</possibleresult>
			<points>
				<point>471.000061,946.999939</point>
				<point>440.000061,985.999939</point>
				<point>418.850159,969.188538</point>
				<point>449.850159,930.188538</point>
				<point>471.000061,946.999939</point>
			</points>
		</object>
		<object>
			<coordinate>pixel</coordinate>
			<type>rectangle</type>
			<description>None</description>
			<possibleresult>
				<name>Intersection</name>
			</possibleresult>
			<points>
				<point>135.017715,884.044678</point>
				<point>120.000000,890.000000</point>
				<point>96.982269,831.955322</point>
				<point>111.999985,826.000000</point>
				<point>135.017715,884.044678</point>
			</points>
		</object>
		<object>
			<coordinate>pixel</coordinate>
			<type>rectangle</type>
			<description>None</description>
			<possibleresult>
				<name>Intersection</name>
			</possibleresult>
			<points>
				<point>158.999985,560.999939</point>
				<point>156.999985,577.999939</point>
				<point>122.999985,573.999939</point>
				<point>124.999985,556.999939</point>
				<point>158.999985,560.999939</point>
			</points>
		</object>
		<object>
			<coordinate>pixel</coordinate>
			<type>rectangle</type>
			<description>None</description>
			<possibleresult>
				<name>Intersection</name>
			</possibleresult>
			<points>
				<point>538.000000,275.000000</point>
				<point>513.000000,275.000000</point>
				<point>513.000000,261.000000</point>
				<point>538.000000,261.000000</point>
				<point>538.000000,275.000000</point>
			</points>
		</object>
		<object>
			<coordinate>pixel</coordinate>
			<type>rectangle</type>
			<description>None</description>
			<possibleresult>
				<name>Intersection</name>
			</possibleresult>
			<points>
				<point>801.027771,56.000778</point>
				<point>800.000061,93.000015</point>
				<point>764.000061,92.000015</point>
				<point>765.027771,55.000778</point>
				<point>801.027771,56.000778</point>
			</points>
		</object>
		<object>
			<coordinate>pixel</coordinate>
			<type>rectangle</type>
			<description>None</description>
			<possibleresult>
				<name>Dump Truck</name>
			</possibleresult>
			<points>
				<point>61.162170,811.026978</point>
				<point>60.000008,818.000000</point>
				<point>41.837845,814.973022</point>
				<point>43.000008,808.000000</point>
				<point>61.162170,811.026978</point>
			</points>
		</object>
		<object>
			<coordinate>pixel</coordinate>
			<type>rectangle</type>
			<description>None</description>
			<possibleresult>
				<name>Van</name>
			</possibleresult>
			<points>
				<point>60.030975,742.535461</point>
				<point>59.000000,758.000061</point>
				<point>50.969025,757.464661</point>
				<point>52.000000,742.000061</point>
				<point>60.030975,742.535461</point>
			</points>
		</object>
		<object>
			<coordinate>pixel</coordinate>
			<type>rectangle</type>
			<description>None</description>
			<possibleresult>
				<name>Van</name>
			</possibleresult>
			<points>
				<point>45.373543,397.976654</point>
				<point>29.000000,399.000031</point>
				<point>28.626457,393.023346</point>
				<point>45.000000,391.999969</point>
				<point>45.373543,397.976654</point>
			</points>
		</object>
		<object>
			<coordinate>pixel</coordinate>
			<type>rectangle</type>
			<description>None</description>
			<possibleresult>
				<name>Small Car</name>
			</possibleresult>
			<points>
				<point>37.000000,389.000000</point>
				<point>23.000000,389.000000</point>
				<point>23.000000,383.000000</point>
				<point>37.000000,383.000000</point>
				<point>37.000000,389.000000</point>
			</points>
		</object>
		<object>
			<coordinate>pixel</coordinate>
			<type>rectangle</type>
			<description>None</description>
			<possibleresult>
				<name>Small Car</name>
			</possibleresult>
			<points>
				<point>152.027679,222.498474</point>
				<point>143.000000,223.000000</point>
				<point>142.000000,205.000000</point>
				<point>151.027679,204.498474</point>
				<point>152.027679,222.498474</point>
			</points>
		</object>
		<object>
			<coordinate>pixel</coordinate>
			<type>rectangle</type>
			<description>None</description>
			<possibleresult>
				<name>Van</name>
			</possibleresult>
			<points>
				<point>54.033195,237.124496</point>
				<point>47.000000,239.000015</point>
				<point>42.966805,223.875534</point>
				<point>50.000000,222.000015</point>
				<point>54.033195,237.124496</point>
			</points>
		</object>
		<object>
			<coordinate>pixel</coordinate>
			<type>rectangle</type>
			<description>None</description>
			<possibleresult>
				<name>Van</name>
			</possibleresult>
			<points>
				<point>56.105885,297.976501</point>
				<point>47.105885,299.976501</point>
				<point>44.000004,286.000000</point>
				<point>53.000004,284.000000</point>
				<point>56.105885,297.976501</point>
			</points>
		</object>
		<object>
			<coordinate>pixel</coordinate>
			<type>rectangle</type>
			<description>None</description>
			<possibleresult>
				<name>Small Car</name>
			</possibleresult>
			<points>
				<point>193.000015,280.000031</point>
				<point>185.000015,281.000031</point>
				<point>183.000015,265.000031</point>
				<point>191.000015,264.000031</point>
				<point>193.000015,280.000031</point>
			</points>
		</object>
		<object>
			<coordinate>pixel</coordinate>
			<type>rectangle</type>
			<description>None</description>
			<possibleresult>
				<name>Small Car</name>
			</possibleresult>
			<points>
				<point>65.000000,365.999969</point>
				<point>56.006828,367.058014</point>
				<point>54.000000,349.999969</point>
				<point>62.993172,348.941925</point>
				<point>65.000000,365.999969</point>
			</points>
		</object>
		<object>
			<coordinate>pixel</coordinate>
			<type>rectangle</type>
			<description>None</description>
			<possibleresult>
				<name>Van</name>
			</possibleresult>
			<points>
				<point>96.058533,400.273163</point>
				<point>88.000000,401.999969</point>
				<point>85.000000,387.999969</point>
				<point>93.058533,386.273163</point>
				<point>96.058533,400.273163</point>
			</points>
		</object>
		<object>
			<coordinate>pixel</coordinate>
			<type>rectangle</type>
			<description>None</description>
			<possibleresult>
				<name>Small Car</name>
			</possibleresult>
			<points>
				<point>76.993179,424.941925</point>
				<point>68.000000,425.999969</point>
				<point>66.000000,408.999969</point>
				<point>74.993179,407.941925</point>
				<point>76.993179,424.941925</point>
			</points>
		</object>
		<object>
			<coordinate>pixel</coordinate>
			<type>rectangle</type>
			<description>None</description>
			<possibleresult>
				<name>Van</name>
			</possibleresult>
			<points>
				<point>79.370163,436.033142</point>
				<point>60.370163,437.033142</point>
				<point>60.000000,430.000000</point>
				<point>79.000000,429.000000</point>
				<point>79.370163,436.033142</point>
			</points>
		</object>
		<object>
			<coordinate>pixel</coordinate>
			<type>rectangle</type>
			<description>None</description>
			<possibleresult>
				<name>Small Car</name>
			</possibleresult>
			<points>
				<point>184.000000,616.000000</point>
				<point>169.000000,616.000000</point>
				<point>169.000000,609.000000</point>
				<point>184.000000,609.000000</point>
				<point>184.000000,616.000000</point>
			</points>
		</object>
		<object>
			<coordinate>pixel</coordinate>
			<type>rectangle</type>
			<description>None</description>
			<possibleresult>
				<name>Small Car</name>
			</possibleresult>
			<points>
				<point>144.000000,612.000000</point>
				<point>124.000000,612.000000</point>
				<point>124.000000,605.000000</point>
				<point>144.000000,605.000000</point>
				<point>144.000000,612.000000</point>
			</points>
		</object>
		<object>
			<coordinate>pixel</coordinate>
			<type>rectangle</type>
			<description>None</description>
			<possibleresult>
				<name>Van</name>
			</possibleresult>
			<points>
				<point>147.000000,652.000000</point>
				<point>129.000000,652.000000</point>
				<point>129.000000,646.000000</point>
				<point>147.000000,646.000000</point>
				<point>147.000000,652.000000</point>
			</points>
		</object>
		<object>
			<coordinate>pixel</coordinate>
			<type>rectangle</type>
			<description>None</description>
			<possibleresult>
				<name>Small Car</name>
			</possibleresult>
			<points>
				<point>148.000000,663.000000</point>
				<point>128.000000,663.000000</point>
				<point>128.000000,655.000000</point>
				<point>148.000000,655.000000</point>
				<point>148.000000,663.000000</point>
			</points>
		</object>
		<object>
			<coordinate>pixel</coordinate>
			<type>rectangle</type>
			<description>None</description>
			<possibleresult>
				<name>Van</name>
			</possibleresult>
			<points>
				<point>187.031006,658.464722</point>
				<point>179.000031,659.000122</point>
				<point>177.969055,643.535522</point>
				<point>186.000031,643.000122</point>
				<point>187.031006,658.464722</point>
			</points>
		</object>
		<object>
			<coordinate>pixel</coordinate>
			<type>rectangle</type>
			<description>None</description>
			<possibleresult>
				<name>Small Car</name>
			</possibleresult>
			<points>
				<point>159.000000,851.000000</point>
				<point>151.000000,851.000000</point>
				<point>151.000000,837.000000</point>
				<point>159.000000,837.000000</point>
				<point>159.000000,851.000000</point>
			</points>
		</object>
		<object>
			<coordinate>pixel</coordinate>
			<type>rectangle</type>
			<description>None</description>
			<possibleresult>
				<name>Van</name>
			</possibleresult>
			<points>
				<point>113.999985,985.000000</point>
				<point>111.972961,997.162109</point>
				<point>104.999985,996.000000</point>
				<point>107.027008,983.837891</point>
				<point>113.999985,985.000000</point>
			</points>
		</object>
		<object>
			<coordinate>pixel</coordinate>
			<type>rectangle</type>
			<description>None</description>
			<possibleresult>
				<name>Van</name>
			</possibleresult>
			<points>
				<point>244.162201,964.026978</point>
				<point>243.000031,971.000000</point>
				<point>224.837860,967.973022</point>
				<point>226.000031,961.000000</point>
				<point>244.162201,964.026978</point>
			</points>
		</object>
		<object>
			<coordinate>pixel</coordinate>
			<type>rectangle</type>
			<description>None</description>
			<possibleresult>
				<name>Small Car</name>
			</possibleresult>
			<points>
				<point>247.999985,955.000000</point>
				<point>247.260269,962.027344</point>
				<point>227.999985,960.000000</point>
				<point>228.739700,952.972656</point>
				<point>247.999985,955.000000</point>
			</points>
		</object>
		<object>
			<coordinate>pixel</coordinate>
			<type>rectangle</type>
			<description>None</description>
			<possibleresult>
				<name>Small Car</name>
			</possibleresult>
			<points>
				<point>249.000000,947.000061</point>
				<point>248.260284,954.027405</point>
				<point>229.000000,952.000061</point>
				<point>229.739716,944.972717</point>
				<point>249.000000,947.000061</point>
			</points>
		</object>
		<object>
			<coordinate>pixel</coordinate>
			<type>rectangle</type>
			<description>None</description>
			<possibleresult>
				<name>Van</name>
			</possibleresult>
			<points>
				<point>251.999985,939.000122</point>
				<point>250.459488,947.087646</point>
				<point>228.999985,943.000122</point>
				<point>230.540482,934.912598</point>
				<point>251.999985,939.000122</point>
			</points>
		</object>
		<object>
			<coordinate>pixel</coordinate>
			<type>rectangle</type>
			<description>None</description>
			<possibleresult>
				<name>Van</name>
			</possibleresult>
			<points>
				<point>254.332275,922.018433</point>
				<point>253.999969,928.000000</point>
				<point>235.667664,926.981567</point>
				<point>235.999969,921.000000</point>
				<point>254.332275,922.018433</point>
			</points>
		</object>
		<object>
			<coordinate>pixel</coordinate>
			<type>rectangle</type>
			<description>None</description>
			<possibleresult>
				<name>Small Car</name>
			</possibleresult>
			<points>
				<point>219.792114,903.079285</point>
				<point>219.000031,911.000061</point>
				<point>198.207947,908.920837</point>
				<point>199.000031,901.000061</point>
				<point>219.792114,903.079285</point>
			</points>
		</object>
		<object>
			<coordinate>pixel</coordinate>
			<type>rectangle</type>
			<description>None</description>
			<possibleresult>
				<name>Dump Truck</name>
			</possibleresult>
			<points>
				<point>218.000000,912.000061</point>
				<point>216.758606,921.103455</point>
				<point>194.000000,918.000061</point>
				<point>195.241394,908.896667</point>
				<point>218.000000,912.000061</point>
			</points>
		</object>
		<object>
			<coordinate>pixel</coordinate>
			<type>rectangle</type>
			<description>None</description>
			<possibleresult>
				<name>Van</name>
			</possibleresult>
			<points>
				<point>209.019958,927.859985</point>
				<point>207.999969,935.000000</point>
				<point>193.999969,933.000000</point>
				<point>195.019958,925.859985</point>
				<point>209.019958,927.859985</point>
			</points>
		</object>
		<object>
			<coordinate>pixel</coordinate>
			<type>rectangle</type>
			<description>None</description>
			<possibleresult>
				<name>Van</name>
			</possibleresult>
			<points>
				<point>209.384598,938.076965</point>
				<point>207.999985,945.000061</point>
				<point>192.615372,941.923157</point>
				<point>193.999985,935.000061</point>
				<point>209.384598,938.076965</point>
			</points>
		</object>
		<object>
			<coordinate>pixel</coordinate>
			<type>rectangle</type>
			<description>None</description>
			<possibleresult>
				<name>Van</name>
			</possibleresult>
			<points>
				<point>313.999969,915.999939</point>
				<point>311.979950,930.139954</point>
				<point>303.999969,928.999939</point>
				<point>306.019989,914.859924</point>
				<point>313.999969,915.999939</point>
			</points>
		</object>
		<object>
			<coordinate>pixel</coordinate>
			<type>rectangle</type>
			<description>None</description>
			<possibleresult>
				<name>Van</name>
			</possibleresult>
			<points>
				<point>126.228203,973.040344</point>
				<point>125.000008,980.000061</point>
				<point>107.771812,976.959778</point>
				<point>109.000008,970.000061</point>
				<point>126.228203,973.040344</point>
			</points>
		</object>
		<object>
			<coordinate>pixel</coordinate>
			<type>rectangle</type>
			<description>None</description>
			<possibleresult>
				<name>Van</name>
			</possibleresult>
			<points>
				<point>270.999969,906.999878</point>
				<point>268.965302,920.225342</point>
				<point>260.999969,918.999878</point>
				<point>263.034637,905.774414</point>
				<point>270.999969,906.999878</point>
			</points>
		</object>
		<object>
			<coordinate>pixel</coordinate>
			<type>rectangle</type>
			<description>None</description>
			<possibleresult>
				<name>Van</name>
			</possibleresult>
			<points>
				<point>237.000000,692.000000</point>
				<point>224.000000,692.000000</point>
				<point>224.000000,687.000000</point>
				<point>237.000000,687.000000</point>
				<point>237.000000,692.000000</point>
			</points>
		</object>
		<object>
			<coordinate>pixel</coordinate>
			<type>rectangle</type>
			<description>None</description>
			<possibleresult>
				<name>Van</name>
			</possibleresult>
			<points>
				<point>204.000000,658.000000</point>
				<point>197.000000,658.000000</point>
				<point>197.000000,644.000000</point>
				<point>204.000000,644.000000</point>
				<point>204.000000,658.000000</point>
			</points>
		</object>
		<object>
			<coordinate>pixel</coordinate>
			<type>rectangle</type>
			<description>None</description>
			<possibleresult>
				<name>Small Car</name>
			</possibleresult>
			<points>
				<point>225.027603,658.469055</point>
				<point>216.000015,659.000061</point>
				<point>214.972427,641.531067</point>
				<point>224.000015,641.000061</point>
				<point>225.027603,658.469055</point>
			</points>
		</object>
		<object>
			<coordinate>pixel</coordinate>
			<type>rectangle</type>
			<description>None</description>
			<possibleresult>
				<name>Small Car</name>
			</possibleresult>
			<points>
				<point>242.000000,658.000000</point>
				<point>232.000000,658.000000</point>
				<point>232.000000,643.000000</point>
				<point>242.000000,643.000000</point>
				<point>242.000000,658.000000</point>
			</points>
		</object>
		<object>
			<coordinate>pixel</coordinate>
			<type>rectangle</type>
			<description>None</description>
			<possibleresult>
				<name>Van</name>
			</possibleresult>
			<points>
				<point>317.000031,566.000061</point>
				<point>313.972504,576.091858</point>
				<point>307.000031,574.000061</point>
				<point>310.027557,563.908264</point>
				<point>317.000031,566.000061</point>
			</points>
		</object>
		<object>
			<coordinate>pixel</coordinate>
			<type>rectangle</type>
			<description>None</description>
			<possibleresult>
				<name>Van</name>
			</possibleresult>
			<points>
				<point>250.000000,384.000000</point>
				<point>238.000000,384.000000</point>
				<point>238.000000,378.000000</point>
				<point>250.000000,378.000000</point>
				<point>250.000000,384.000000</point>
			</points>
		</object>
		<object>
			<coordinate>pixel</coordinate>
			<type>rectangle</type>
			<description>None</description>
			<possibleresult>
				<name>Small Car</name>
			</possibleresult>
			<points>
				<point>240.000000,273.000000</point>
				<point>232.000000,273.000000</point>
				<point>232.000000,256.000000</point>
				<point>240.000000,256.000000</point>
				<point>240.000000,273.000000</point>
			</points>
		</object>
		<object>
			<coordinate>pixel</coordinate>
			<type>rectangle</type>
			<description>None</description>
			<possibleresult>
				<name>Van</name>
			</possibleresult>
			<points>
				<point>238.000000,198.000015</point>
				<point>231.000000,212.000015</point>
				<point>224.200012,208.600021</point>
				<point>231.200012,194.600021</point>
				<point>238.000000,198.000015</point>
			</points>
		</object>
		<object>
			<coordinate>pixel</coordinate>
			<type>rectangle</type>
			<description>None</description>
			<possibleresult>
				<name>other-vehicle</name>
			</possibleresult>
			<points>
				<point>323.000000,87.000000</point>
				<point>301.000000,87.000000</point>
				<point>301.000000,80.000000</point>
				<point>323.000000,80.000000</point>
				<point>323.000000,87.000000</point>
			</points>
		</object>
		<object>
			<coordinate>pixel</coordinate>
			<type>rectangle</type>
			<description>None</description>
			<possibleresult>
				<name>Van</name>
			</possibleresult>
			<points>
				<point>322.178925,96.096336</point>
				<point>319.000031,102.000008</point>
				<point>305.821136,94.903679</point>
				<point>309.000031,89.000008</point>
				<point>322.178925,96.096336</point>
			</points>
		</object>
		<object>
			<coordinate>pixel</coordinate>
			<type>rectangle</type>
			<description>None</description>
			<possibleresult>
				<name>Van</name>
			</possibleresult>
			<points>
				<point>227.000000,31.000000</point>
				<point>219.025787,34.067009</point>
				<point>213.896912,20.731956</point>
				<point>221.871124,17.664948</point>
				<point>227.000000,31.000000</point>
			</points>
		</object>
		<object>
			<coordinate>pixel</coordinate>
			<type>rectangle</type>
			<description>None</description>
			<possibleresult>
				<name>other-vehicle</name>
			</possibleresult>
			<points>
				<point>356.356720,84.877464</point>
				<point>355.000031,92.000008</point>
				<point>334.000031,88.000008</point>
				<point>335.356720,80.877464</point>
				<point>356.356720,84.877464</point>
			</points>
		</object>
		<object>
			<coordinate>pixel</coordinate>
			<type>rectangle</type>
			<description>None</description>
			<possibleresult>
				<name>other-vehicle</name>
			</possibleresult>
			<points>
				<point>343.110718,377.792358</point>
				<point>335.000000,393.000000</point>
				<point>327.889282,389.207642</point>
				<point>336.000000,374.000000</point>
				<point>343.110718,377.792358</point>
			</points>
		</object>
		<object>
			<coordinate>pixel</coordinate>
			<type>rectangle</type>
			<description>None</description>
			<possibleresult>
				<name>Van</name>
			</possibleresult>
			<points>
				<point>350.147003,383.088257</point>
				<point>342.999969,395.000000</point>
				<point>337.558807,391.735291</point>
				<point>344.705841,379.823547</point>
				<point>350.147003,383.088257</point>
			</points>
		</object>
		<object>
			<coordinate>pixel</coordinate>
			<type>rectangle</type>
			<description>None</description>
			<possibleresult>
				<name>Small Car</name>
			</possibleresult>
			<points>
				<point>369.999969,387.000000</point>
				<point>361.889252,402.207642</point>
				<point>353.999969,398.000000</point>
				<point>362.110687,382.792358</point>
				<point>369.999969,387.000000</point>
			</points>
		</object>
		<object>
			<coordinate>pixel</coordinate>
			<type>rectangle</type>
			<description>None</description>
			<possibleresult>
				<name>Van</name>
			</possibleresult>
			<points>
				<point>378.096375,390.821136</point>
				<point>370.871582,404.238556</point>
				<point>363.000000,400.000031</point>
				<point>370.224792,386.582611</point>
				<point>378.096375,390.821136</point>
			</points>
		</object>
		<object>
			<coordinate>pixel</coordinate>
			<type>rectangle</type>
			<description>None</description>
			<possibleresult>
				<name>Van</name>
			</possibleresult>
			<points>
				<point>436.999939,403.999969</point>
				<point>434.430664,412.136017</point>
				<point>414.999939,405.999969</point>
				<point>417.569214,397.863922</point>
				<point>436.999939,403.999969</point>
			</points>
		</object>
		<object>
			<coordinate>pixel</coordinate>
			<type>rectangle</type>
			<description>None</description>
			<possibleresult>
				<name>Small Car</name>
			</possibleresult>
			<points>
				<point>418.529419,459.117645</point>
				<point>417.000000,465.999969</point>
				<point>398.470581,461.882294</point>
				<point>400.000000,454.999969</point>
				<point>418.529419,459.117645</point>
			</points>
		</object>
		<object>
			<coordinate>pixel</coordinate>
			<type>rectangle</type>
			<description>None</description>
			<possibleresult>
				<name>Van</name>
			</possibleresult>
			<points>
				<point>369.000000,512.000000</point>
				<point>354.000000,512.000000</point>
				<point>354.000000,504.000000</point>
				<point>369.000000,504.000000</point>
				<point>369.000000,512.000000</point>
			</points>
		</object>
		<object>
			<coordinate>pixel</coordinate>
			<type>rectangle</type>
			<description>None</description>
			<possibleresult>
				<name>Van</name>
			</possibleresult>
			<points>
				<point>423.119965,716.160034</point>
				<point>420.979950,731.140015</point>
				<point>412.859955,729.979980</point>
				<point>414.999969,715.000000</point>
				<point>423.119965,716.160034</point>
			</points>
		</object>
		<object>
			<coordinate>pixel</coordinate>
			<type>rectangle</type>
			<description>None</description>
			<possibleresult>
				<name>Small Car</name>
			</possibleresult>
			<points>
				<point>447.000092,824.000000</point>
				<point>442.924591,838.264160</point>
				<point>435.924591,836.264160</point>
				<point>440.000092,822.000000</point>
				<point>447.000092,824.000000</point>
			</points>
		</object>
		<object>
			<coordinate>pixel</coordinate>
			<type>rectangle</type>
			<description>None</description>
			<possibleresult>
				<name>Van</name>
			</possibleresult>
			<points>
				<point>389.999969,898.000000</point>
				<point>385.947540,915.222900</point>
				<point>376.973785,913.111450</point>
				<point>381.026215,895.888550</point>
				<point>389.999969,898.000000</point>
			</points>
		</object>
		<object>
			<coordinate>pixel</coordinate>
			<type>rectangle</type>
			<description>None</description>
			<possibleresult>
				<name>Van</name>
			</possibleresult>
			<points>
				<point>438.000092,970.000122</point>
				<point>427.000092,981.000122</point>
				<point>420.000092,974.000122</point>
				<point>431.000092,963.000122</point>
				<point>438.000092,970.000122</point>
			</points>
		</object>
		<object>
			<coordinate>pixel</coordinate>
			<type>rectangle</type>
			<description>None</description>
			<possibleresult>
				<name>other-vehicle</name>
			</possibleresult>
			<points>
				<point>469.054138,834.015869</point>
				<point>467.000000,841.000000</point>
				<point>449.729309,835.920410</point>
				<point>451.783447,828.936279</point>
				<point>469.054138,834.015869</point>
			</points>
		</object>
		<object>
			<coordinate>pixel</coordinate>
			<type>rectangle</type>
			<description>None</description>
			<possibleresult>
				<name>Cargo Truck</name>
			</possibleresult>
			<points>
				<point>491.000000,841.000000</point>
				<point>489.398560,846.124512</point>
				<point>473.000000,841.000000</point>
				<point>474.601440,835.875488</point>
				<point>491.000000,841.000000</point>
			</points>
		</object>
		<object>
			<coordinate>pixel</coordinate>
			<type>rectangle</type>
			<description>None</description>
			<possibleresult>
				<name>Van</name>
			</possibleresult>
			<points>
				<point>493.000031,822.000061</point>
				<point>490.603119,828.231995</point>
				<point>477.000031,823.000061</point>
				<point>479.396942,816.768127</point>
				<point>493.000031,822.000061</point>
			</points>
		</object>
		<object>
			<coordinate>pixel</coordinate>
			<type>rectangle</type>
			<description>None</description>
			<possibleresult>
				<name>Cargo Truck</name>
			</possibleresult>
			<points>
				<point>462.000000,772.000000</point>
				<point>456.000000,772.000000</point>
				<point>456.000000,758.000000</point>
				<point>462.000000,758.000000</point>
				<point>462.000000,772.000000</point>
			</points>
		</object>
		<object>
			<coordinate>pixel</coordinate>
			<type>rectangle</type>
			<description>None</description>
			<possibleresult>
				<name>Small Car</name>
			</possibleresult>
			<points>
				<point>474.000000,775.000000</point>
				<point>465.000000,775.000000</point>
				<point>465.000000,759.000000</point>
				<point>474.000000,759.000000</point>
				<point>474.000000,775.000000</point>
			</points>
		</object>
		<object>
			<coordinate>pixel</coordinate>
			<type>rectangle</type>
			<description>None</description>
			<possibleresult>
				<name>Van</name>
			</possibleresult>
			<points>
				<point>485.670685,758.963318</point>
				<point>483.999969,773.999939</point>
				<point>474.999969,772.999939</point>
				<point>476.670685,757.963318</point>
				<point>485.670685,758.963318</point>
			</points>
		</object>
		<object>
			<coordinate>pixel</coordinate>
			<type>rectangle</type>
			<description>None</description>
			<possibleresult>
				<name>Small Car</name>
			</possibleresult>
			<points>
				<point>496.124542,760.335876</point>
				<point>493.000031,777.000061</point>
				<point>485.875519,775.664246</point>
				<point>489.000031,759.000061</point>
				<point>496.124542,760.335876</point>
			</points>
		</object>
		<object>
			<coordinate>pixel</coordinate>
			<type>rectangle</type>
			<description>None</description>
			<possibleresult>
				<name>Small Car</name>
			</possibleresult>
			<points>
				<point>574.000061,706.000061</point>
				<point>569.000061,722.000061</point>
				<point>561.768738,719.740295</point>
				<point>566.768738,703.740295</point>
				<point>574.000061,706.000061</point>
			</points>
		</object>
		<object>
			<coordinate>pixel</coordinate>
			<type>rectangle</type>
			<description>None</description>
			<possibleresult>
				<name>Small Car</name>
			</possibleresult>
			<points>
				<point>502.000000,667.999939</point>
				<point>496.900024,683.299988</point>
				<point>490.000000,680.999939</point>
				<point>495.099976,665.699890</point>
				<point>502.000000,667.999939</point>
			</points>
		</object>
		<object>
			<coordinate>pixel</coordinate>
			<type>rectangle</type>
			<description>None</description>
			<possibleresult>
				<name>Van</name>
			</possibleresult>
			<points>
				<point>490.000122,655.000000</point>
				<point>484.000122,672.000000</point>
				<point>475.369324,668.953857</point>
				<point>481.369324,651.953857</point>
				<point>490.000122,655.000000</point>
			</points>
		</object>
		<object>
			<coordinate>pixel</coordinate>
			<type>rectangle</type>
			<description>None</description>
			<possibleresult>
				<name>Small Car</name>
			</possibleresult>
			<points>
				<point>590.200012,648.599976</point>
				<point>583.200012,662.599976</point>
				<point>576.000061,659.000000</point>
				<point>583.000061,645.000000</point>
				<point>590.200012,648.599976</point>
			</points>
		</object>
		<object>
			<coordinate>pixel</coordinate>
			<type>rectangle</type>
			<description>None</description>
			<possibleresult>
				<name>other-vehicle</name>
			</possibleresult>
			<points>
				<point>640.000000,679.000061</point>
				<point>638.140503,685.043274</point>
				<point>625.000000,681.000061</point>
				<point>626.859497,674.956848</point>
				<point>640.000000,679.000061</point>
			</points>
		</object>
		<object>
			<coordinate>pixel</coordinate>
			<type>rectangle</type>
			<description>None</description>
			<possibleresult>
				<name>Van</name>
			</possibleresult>
			<points>
				<point>633.000061,692.999939</point>
				<point>630.700012,699.899963</point>
				<point>612.700012,693.899963</point>
				<point>615.000061,686.999939</point>
				<point>633.000061,692.999939</point>
			</points>
		</object>
		<object>
			<coordinate>pixel</coordinate>
			<type>rectangle</type>
			<description>None</description>
			<possibleresult>
				<name>Van</name>
			</possibleresult>
			<points>
				<point>516.999939,729.999939</point>
				<point>514.988342,743.075134</point>
				<point>507.999939,741.999939</point>
				<point>510.011536,728.924744</point>
				<point>516.999939,729.999939</point>
			</points>
		</object>
		<object>
			<coordinate>pixel</coordinate>
			<type>rectangle</type>
			<description>None</description>
			<possibleresult>
				<name>Van</name>
			</possibleresult>
			<points>
				<point>510.934540,594.991211</point>
				<point>510.000031,602.000000</point>
				<point>495.000031,600.000000</point>
				<point>495.934540,592.991211</point>
				<point>510.934540,594.991211</point>
			</points>
		</object>
		<object>
			<coordinate>pixel</coordinate>
			<type>rectangle</type>
			<description>None</description>
			<possibleresult>
				<name>Van</name>
			</possibleresult>
			<points>
				<point>511.999969,584.999939</point>
				<point>510.999969,591.999939</point>
				<point>491.959991,589.279968</point>
				<point>492.959991,582.279968</point>
				<point>511.999969,584.999939</point>
			</points>
		</object>
		<object>
			<coordinate>pixel</coordinate>
			<type>rectangle</type>
			<description>None</description>
			<possibleresult>
				<name>Cargo Truck</name>
			</possibleresult>
			<points>
				<point>530.000000,426.999969</point>
				<point>527.000000,442.999969</point>
				<point>518.909424,441.483002</point>
				<point>521.909424,425.483002</point>
				<point>530.000000,426.999969</point>
			</points>
		</object>
		<object>
			<coordinate>pixel</coordinate>
			<type>rectangle</type>
			<description>None</description>
			<possibleresult>
				<name>Van</name>
			</possibleresult>
			<points>
				<point>534.000061,406.000031</point>
				<point>528.800110,421.600006</point>
				<point>521.000061,419.000031</point>
				<point>526.200012,403.400055</point>
				<point>534.000061,406.000031</point>
			</points>
		</object>
		<object>
			<coordinate>pixel</coordinate>
			<type>rectangle</type>
			<description>None</description>
			<possibleresult>
				<name>Small Car</name>
			</possibleresult>
			<points>
				<point>569.390137,422.091797</point>
				<point>568.000000,428.000000</point>
				<point>550.609863,423.908203</point>
				<point>552.000000,418.000000</point>
				<point>569.390137,422.091797</point>
			</points>
		</object>
		<object>
			<coordinate>pixel</coordinate>
			<type>rectangle</type>
			<description>None</description>
			<possibleresult>
				<name>Van</name>
			</possibleresult>
			<points>
				<point>556.626648,447.900452</point>
				<point>555.000061,454.000061</point>
				<point>540.000061,450.000061</point>
				<point>541.626648,443.900452</point>
				<point>556.626648,447.900452</point>
			</points>
		</object>
		<object>
			<coordinate>pixel</coordinate>
			<type>rectangle</type>
			<description>None</description>
			<possibleresult>
				<name>other-vehicle</name>
			</possibleresult>
			<points>
				<point>476.000031,403.000031</point>
				<point>474.000031,411.000031</point>
				<point>454.941193,406.235321</point>
				<point>456.941193,398.235321</point>
				<point>476.000031,403.000031</point>
			</points>
		</object>
		<object>
			<coordinate>pixel</coordinate>
			<type>rectangle</type>
			<description>None</description>
			<possibleresult>
				<name>Small Car</name>
			</possibleresult>
			<points>
				<point>486.033661,409.853882</point>
				<point>482.999969,422.999939</point>
				<point>474.966278,421.145996</point>
				<point>477.999969,407.999939</point>
				<point>486.033661,409.853882</point>
			</points>
		</object>
		<object>
			<coordinate>pixel</coordinate>
			<type>rectangle</type>
			<description>None</description>
			<possibleresult>
				<name>Van</name>
			</possibleresult>
			<points>
				<point>508.139923,363.020020</point>
				<point>507.139923,370.020020</point>
				<point>492.999908,368.000000</point>
				<point>493.999908,361.000000</point>
				<point>508.139923,363.020020</point>
			</points>
		</object>
		<object>
			<coordinate>pixel</coordinate>
			<type>rectangle</type>
			<description>None</description>
			<possibleresult>
				<name>Van</name>
			</possibleresult>
			<points>
				<point>640.000000,205.000000</point>
				<point>625.000000,205.000000</point>
				<point>625.000000,199.000000</point>
				<point>640.000000,199.000000</point>
				<point>640.000000,205.000000</point>
			</points>
		</object>
		<object>
			<coordinate>pixel</coordinate>
			<type>rectangle</type>
			<description>None</description>
			<possibleresult>
				<name>Cargo Truck</name>
			</possibleresult>
			<points>
				<point>651.135132,218.189178</point>
				<point>648.135132,236.189178</point>
				<point>641.000000,235.000000</point>
				<point>644.000000,217.000000</point>
				<point>651.135132,218.189178</point>
			</points>
		</object>
		<object>
			<coordinate>pixel</coordinate>
			<type>rectangle</type>
			<description>None</description>
			<possibleresult>
				<name>Van</name>
			</possibleresult>
			<points>
				<point>516.056580,275.698151</point>
				<point>513.000000,292.000031</point>
				<point>503.943420,290.301910</point>
				<point>507.000000,274.000031</point>
				<point>516.056580,275.698151</point>
			</points>
		</object>
		<object>
			<coordinate>pixel</coordinate>
			<type>rectangle</type>
			<description>None</description>
			<possibleresult>
				<name>Van</name>
			</possibleresult>
			<points>
				<point>528.000061,277.000031</point>
				<point>526.369324,290.046173</point>
				<point>518.369324,289.046173</point>
				<point>520.000061,276.000031</point>
				<point>528.000061,277.000031</point>
			</points>
		</object>
		<object>
			<coordinate>pixel</coordinate>
			<type>rectangle</type>
			<description>None</description>
			<possibleresult>
				<name>other-vehicle</name>
			</possibleresult>
			<points>
				<point>541.000000,259.000000</point>
				<point>532.000000,259.000000</point>
				<point>532.000000,246.000000</point>
				<point>541.000000,246.000000</point>
				<point>541.000000,259.000000</point>
			</points>
		</object>
		<object>
			<coordinate>pixel</coordinate>
			<type>rectangle</type>
			<description>None</description>
			<possibleresult>
				<name>other-vehicle</name>
			</possibleresult>
			<points>
				<point>540.999939,227.000000</point>
				<point>539.999939,240.000000</point>
				<point>531.970520,239.382355</point>
				<point>532.970520,226.382355</point>
				<point>540.999939,227.000000</point>
			</points>
		</object>
		<object>
			<coordinate>pixel</coordinate>
			<type>rectangle</type>
			<description>None</description>
			<possibleresult>
				<name>Van</name>
			</possibleresult>
			<points>
				<point>506.439758,292.964966</point>
				<point>506.000061,300.000000</point>
				<point>490.000061,299.000000</point>
				<point>490.439758,291.964966</point>
				<point>506.439758,292.964966</point>
			</points>
		</object>
		<object>
			<coordinate>pixel</coordinate>
			<type>rectangle</type>
			<description>None</description>
			<possibleresult>
				<name>Van</name>
			</possibleresult>
			<points>
				<point>523.000000,294.999969</point>
				<point>522.083008,301.877716</point>
				<point>507.082977,299.877716</point>
				<point>508.000000,292.999969</point>
				<point>523.000000,294.999969</point>
			</points>
		</object>
		<object>
			<coordinate>pixel</coordinate>
			<type>rectangle</type>
			<description>None</description>
			<possibleresult>
				<name>Small Car</name>
			</possibleresult>
			<points>
				<point>679.000000,174.000000</point>
				<point>672.000000,174.000000</point>
				<point>672.000000,158.000000</point>
				<point>679.000000,158.000000</point>
				<point>679.000000,174.000000</point>
			</points>
		</object>
		<object>
			<coordinate>pixel</coordinate>
			<type>rectangle</type>
			<description>None</description>
			<possibleresult>
				<name>Van</name>
			</possibleresult>
			<points>
				<point>688.000000,174.000000</point>
				<point>680.000000,174.000000</point>
				<point>680.000000,160.000000</point>
				<point>688.000000,160.000000</point>
				<point>688.000000,174.000000</point>
			</points>
		</object>
		<object>
			<coordinate>pixel</coordinate>
			<type>rectangle</type>
			<description>None</description>
			<possibleresult>
				<name>Van</name>
			</possibleresult>
			<points>
				<point>699.000061,175.000000</point>
				<point>690.035095,175.560303</point>
				<point>689.000061,159.000000</point>
				<point>697.965027,158.439697</point>
				<point>699.000061,175.000000</point>
			</points>
		</object>
		<object>
			<coordinate>pixel</coordinate>
			<type>rectangle</type>
			<description>None</description>
			<possibleresult>
				<name>Van</name>
			</possibleresult>
			<points>
				<point>718.000000,176.000000</point>
				<point>709.000000,176.000000</point>
				<point>709.000000,160.000000</point>
				<point>718.000000,160.000000</point>
				<point>718.000000,176.000000</point>
			</points>
		</object>
		<object>
			<coordinate>pixel</coordinate>
			<type>rectangle</type>
			<description>None</description>
			<possibleresult>
				<name>Dump Truck</name>
			</possibleresult>
			<points>
				<point>736.000000,176.000000</point>
				<point>728.000000,176.000000</point>
				<point>728.000000,159.000000</point>
				<point>736.000000,159.000000</point>
				<point>736.000000,176.000000</point>
			</points>
		</object>
		<object>
			<coordinate>pixel</coordinate>
			<type>rectangle</type>
			<description>None</description>
			<possibleresult>
				<name>Van</name>
			</possibleresult>
			<points>
				<point>746.029419,161.617630</point>
				<point>745.000000,174.999985</point>
				<point>736.970581,174.382339</point>
				<point>738.000000,160.999985</point>
				<point>746.029419,161.617630</point>
			</points>
		</object>
		<object>
			<coordinate>pixel</coordinate>
			<type>rectangle</type>
			<description>None</description>
			<possibleresult>
				<name>Van</name>
			</possibleresult>
			<points>
				<point>755.000000,178.000000</point>
				<point>746.000000,178.000000</point>
				<point>746.000000,159.000000</point>
				<point>755.000000,159.000000</point>
				<point>755.000000,178.000000</point>
			</points>
		</object>
		<object>
			<coordinate>pixel</coordinate>
			<type>rectangle</type>
			<description>None</description>
			<possibleresult>
				<name>Small Car</name>
			</possibleresult>
			<points>
				<point>725.000000,206.000000</point>
				<point>716.000000,206.000000</point>
				<point>716.000000,190.000000</point>
				<point>725.000000,190.000000</point>
				<point>725.000000,206.000000</point>
			</points>
		</object>
		<object>
			<coordinate>pixel</coordinate>
			<type>rectangle</type>
			<description>None</description>
			<possibleresult>
				<name>Van</name>
			</possibleresult>
			<points>
				<point>687.000000,204.000000</point>
				<point>679.000000,204.000000</point>
				<point>679.000000,189.000000</point>
				<point>687.000000,189.000000</point>
				<point>687.000000,204.000000</point>
			</points>
		</object>
		<object>
			<coordinate>pixel</coordinate>
			<type>rectangle</type>
			<description>None</description>
			<possibleresult>
				<name>Small Car</name>
			</possibleresult>
			<points>
				<point>852.334900,169.968338</point>
				<point>852.000061,177.000015</point>
				<point>831.000061,176.000015</point>
				<point>831.334900,168.968338</point>
				<point>852.334900,169.968338</point>
			</points>
		</object>
		<object>
			<coordinate>pixel</coordinate>
			<type>rectangle</type>
			<description>None</description>
			<possibleresult>
				<name>Van</name>
			</possibleresult>
			<points>
				<point>793.000000,382.000000</point>
				<point>787.000000,396.000000</point>
				<point>780.000000,393.000000</point>
				<point>786.000000,379.000000</point>
				<point>793.000000,382.000000</point>
			</points>
		</object>
		<object>
			<coordinate>pixel</coordinate>
			<type>rectangle</type>
			<description>None</description>
			<possibleresult>
				<name>Cargo Truck</name>
			</possibleresult>
			<points>
				<point>650.000000,562.000061</point>
				<point>644.896851,575.268127</point>
				<point>639.000000,573.000061</point>
				<point>644.103149,559.731995</point>
				<point>650.000000,562.000061</point>
			</points>
		</object>
		<object>
			<coordinate>pixel</coordinate>
			<type>rectangle</type>
			<description>None</description>
			<possibleresult>
				<name>Van</name>
			</possibleresult>
			<points>
				<point>790.999939,871.999939</point>
				<point>782.999939,883.999939</point>
				<point>776.307678,879.538391</point>
				<point>784.307678,867.538391</point>
				<point>790.999939,871.999939</point>
			</points>
		</object>
		<object>
			<coordinate>pixel</coordinate>
			<type>rectangle</type>
			<description>None</description>
			<possibleresult>
				<name>Van</name>
			</possibleresult>
			<points>
				<point>863.000122,842.000061</point>
				<point>860.000122,848.000061</point>
				<point>844.000122,840.000061</point>
				<point>847.000122,834.000061</point>
				<point>863.000122,842.000061</point>
			</points>
		</object>
		<object>
			<coordinate>pixel</coordinate>
			<type>rectangle</type>
			<description>None</description>
			<possibleresult>
				<name>Van</name>
			</possibleresult>
			<points>
				<point>860.000061,850.000122</point>
				<point>856.800110,856.400146</point>
				<point>838.800110,847.400146</point>
				<point>842.000061,841.000122</point>
				<point>860.000061,850.000122</point>
			</points>
		</object>
		<object>
			<coordinate>pixel</coordinate>
			<type>rectangle</type>
			<description>None</description>
			<possibleresult>
				<name>Van</name>
			</possibleresult>
			<points>
				<point>848.000122,862.000122</point>
				<point>845.314819,868.137817</point>
				<point>829.314819,861.137817</point>
				<point>832.000122,855.000122</point>
				<point>848.000122,862.000122</point>
			</points>
		</object>
		<object>
			<coordinate>pixel</coordinate>
			<type>rectangle</type>
			<description>None</description>
			<possibleresult>
				<name>Van</name>
			</possibleresult>
			<points>
				<point>831.000122,887.000061</point>
				<point>827.558960,894.264709</point>
				<point>808.000122,885.000061</point>
				<point>811.441284,877.735413</point>
				<point>831.000122,887.000061</point>
			</points>
		</object>
		<object>
			<coordinate>pixel</coordinate>
			<type>rectangle</type>
			<description>None</description>
			<possibleresult>
				<name>Van</name>
			</possibleresult>
			<points>
				<point>824.137817,894.072998</point>
				<point>821.000000,900.000000</point>
				<point>803.862183,890.927002</point>
				<point>807.000000,885.000000</point>
				<point>824.137817,894.072998</point>
			</points>
		</object>
		<object>
			<coordinate>pixel</coordinate>
			<type>rectangle</type>
			<description>None</description>
			<possibleresult>
				<name>Van</name>
			</possibleresult>
			<points>
				<point>819.400146,901.200073</point>
				<point>816.000122,908.000122</point>
				<point>797.600098,898.800171</point>
				<point>801.000122,892.000122</point>
				<point>819.400146,901.200073</point>
			</points>
		</object>
		<object>
			<coordinate>pixel</coordinate>
			<type>rectangle</type>
			<description>None</description>
			<possibleresult>
				<name>Van</name>
			</possibleresult>
			<points>
				<point>811.240967,912.113342</point>
				<point>808.000122,919.000061</point>
				<point>790.759277,910.886780</point>
				<point>794.000122,904.000061</point>
				<point>811.240967,912.113342</point>
			</points>
		</object>
		<object>
			<coordinate>pixel</coordinate>
			<type>rectangle</type>
			<description>None</description>
			<possibleresult>
				<name>Dump Truck</name>
			</possibleresult>
			<points>
				<point>762.999939,905.999939</point>
				<point>760.100525,913.041321</point>
				<point>742.999939,905.999939</point>
				<point>745.899353,898.958557</point>
				<point>762.999939,905.999939</point>
			</points>
		</object>
		<object>
			<coordinate>pixel</coordinate>
			<type>rectangle</type>
			<description>None</description>
			<possibleresult>
				<name>Van</name>
			</possibleresult>
			<points>
				<point>742.482849,896.206909</point>
				<point>740.000061,902.000000</point>
				<point>726.000061,896.000000</point>
				<point>728.482849,890.206909</point>
				<point>742.482849,896.206909</point>
			</points>
		</object>
		<object>
			<coordinate>pixel</coordinate>
			<type>rectangle</type>
			<description>None</description>
			<possibleresult>
				<name>Small Car</name>
			</possibleresult>
			<points>
				<point>726.000000,890.000061</point>
				<point>723.144531,896.068054</point>
				<point>706.000000,888.000061</point>
				<point>708.855469,881.932068</point>
				<point>726.000000,890.000061</point>
			</points>
		</object>
		<object>
			<coordinate>pixel</coordinate>
			<type>rectangle</type>
			<description>None</description>
			<possibleresult>
				<name>Small Car</name>
			</possibleresult>
			<points>
				<point>709.000000,883.000061</point>
				<point>706.579102,889.225281</point>
				<point>688.579102,882.225281</point>
				<point>691.000000,876.000061</point>
				<point>709.000000,883.000061</point>
			</points>
		</object>
		<object>
			<coordinate>pixel</coordinate>
			<type>rectangle</type>
			<description>None</description>
			<possibleresult>
				<name>Van</name>
			</possibleresult>
			<points>
				<point>685.000061,873.000000</point>
				<point>682.517273,879.206909</point>
				<point>667.000061,873.000000</point>
				<point>669.482849,866.793091</point>
				<point>685.000061,873.000000</point>
			</points>
		</object>
		<object>
			<coordinate>pixel</coordinate>
			<type>rectangle</type>
			<description>None</description>
			<possibleresult>
				<name>Van</name>
			</possibleresult>
			<points>
				<point>737.418518,968.147766</point>
				<point>735.000061,975.000061</point>
				<point>717.581604,968.852356</point>
				<point>720.000061,962.000061</point>
				<point>737.418518,968.147766</point>
			</points>
		</object>
		<object>
			<coordinate>pixel</coordinate>
			<type>rectangle</type>
			<description>None</description>
			<possibleresult>
				<name>Van</name>
			</possibleresult>
			<points>
				<point>815.058899,1000.000000</point>
				<point>815.058899,998.000000</point>
				<point>820.249939,998.000000</point>
				<point>820.249939,1000.000000</point>
				<point>815.058899,1000.000000</point>
			</points>
		</object>
		<object>
			<coordinate>pixel</coordinate>
			<type>rectangle</type>
			<description>None</description>
			<possibleresult>
				<name>Van</name>
			</possibleresult>
			<points>
				<point>932.264160,765.075378</point>
				<point>930.264160,772.075378</point>
				<point>916.000000,767.999939</point>
				<point>918.000000,760.999939</point>
				<point>932.264160,765.075378</point>
			</points>
		</object>
		<object>
			<coordinate>pixel</coordinate>
			<type>rectangle</type>
			<description>None</description>
			<possibleresult>
				<name>Van</name>
			</possibleresult>
			<points>
				<point>927.092773,711.041321</point>
				<point>924.000000,718.000061</point>
				<point>905.907227,709.958801</point>
				<point>909.000000,703.000061</point>
				<point>927.092773,711.041321</point>
			</points>
		</object>
		<object>
			<coordinate>pixel</coordinate>
			<type>rectangle</type>
			<description>None</description>
			<possibleresult>
				<name>Cargo Truck</name>
			</possibleresult>
			<points>
				<point>915.253540,724.117004</point>
				<point>912.443726,730.204773</point>
				<point>898.999878,723.999939</point>
				<point>901.809692,717.912170</point>
				<point>915.253540,724.117004</point>
			</points>
		</object>
		<object>
			<coordinate>pixel</coordinate>
			<type>rectangle</type>
			<description>None</description>
			<possibleresult>
				<name>Small Car</name>
			</possibleresult>
			<points>
				<point>956.000122,720.000061</point>
				<point>947.800171,736.400085</point>
				<point>939.000122,732.000061</point>
				<point>947.200073,715.600037</point>
				<point>956.000122,720.000061</point>
			</points>
		</object>
		<object>
			<coordinate>pixel</coordinate>
			<type>rectangle</type>
			<description>None</description>
			<possibleresult>
				<name>Small Car</name>
			</possibleresult>
			<points>
				<point>994.000061,712.000061</point>
				<point>990.841492,720.573181</point>
				<point>971.841492,713.573181</point>
				<point>975.000061,705.000061</point>
				<point>994.000061,712.000061</point>
			</points>
		</object>
		<object>
			<coordinate>pixel</coordinate>
			<type>rectangle</type>
			<description>None</description>
			<possibleresult>
				<name>other-vehicle</name>
			</possibleresult>
			<points>
				<point>914.000122,618.000061</point>
				<point>908.000122,630.000061</point>
				<point>902.000122,627.000061</point>
				<point>908.000122,615.000061</point>
				<point>914.000122,618.000061</point>
			</points>
		</object>
		<object>
			<coordinate>pixel</coordinate>
			<type>rectangle</type>
			<description>None</description>
			<possibleresult>
				<name>Van</name>
			</possibleresult>
			<points>
				<point>927.183716,619.580383</point>
				<point>920.000122,636.000061</point>
				<point>911.816528,632.419739</point>
				<point>919.000122,616.000061</point>
				<point>927.183716,619.580383</point>
			</points>
		</object>
		<object>
			<coordinate>pixel</coordinate>
			<type>rectangle</type>
			<description>None</description>
			<possibleresult>
				<name>Small Car</name>
			</possibleresult>
			<points>
				<point>938.000000,624.000000</point>
				<point>928.786377,640.379761</point>
				<point>921.000000,636.000000</point>
				<point>930.213623,619.620239</point>
				<point>938.000000,624.000000</point>
			</points>
		</object>
		<object>
			<coordinate>pixel</coordinate>
			<type>rectangle</type>
			<description>None</description>
			<possibleresult>
				<name>Small Car</name>
			</possibleresult>
			<points>
				<point>948.088318,628.852966</point>
				<point>938.911804,644.147034</point>
				<point>930.823547,639.294128</point>
				<point>940.000061,624.000061</point>
				<point>948.088318,628.852966</point>
			</points>
		</object>
		<object>
			<coordinate>pixel</coordinate>
			<type>rectangle</type>
			<description>None</description>
			<possibleresult>
				<name>Van</name>
			</possibleresult>
			<points>
				<point>959.034241,633.944214</point>
				<point>950.999939,647.000000</point>
				<point>942.965637,642.055786</point>
				<point>950.999939,629.000000</point>
				<point>959.034241,633.944214</point>
			</points>
		</object>
		<object>
			<coordinate>pixel</coordinate>
			<type>rectangle</type>
			<description>None</description>
			<possibleresult>
				<name>Small Car</name>
			</possibleresult>
			<points>
				<point>969.000122,636.000061</point>
				<point>960.800171,652.400085</point>
				<point>952.000122,648.000061</point>
				<point>960.200073,631.600037</point>
				<point>969.000122,636.000061</point>
			</points>
		</object>
		<object>
			<coordinate>pixel</coordinate>
			<type>rectangle</type>
			<description>None</description>
			<possibleresult>
				<name>Small Car</name>
			</possibleresult>
			<points>
				<point>984.362183,590.155212</point>
				<point>978.000122,605.000061</point>
				<point>970.638062,601.844910</point>
				<point>977.000122,587.000061</point>
				<point>984.362183,590.155212</point>
			</points>
		</object>
		<object>
			<coordinate>pixel</coordinate>
			<type>rectangle</type>
			<description>None</description>
			<possibleresult>
				<name>Van</name>
			</possibleresult>
			<points>
				<point>972.999939,588.000000</point>
				<point>964.999939,600.000000</point>
				<point>958.307678,595.538452</point>
				<point>966.307678,583.538452</point>
				<point>972.999939,588.000000</point>
			</points>
		</object>
		<object>
			<coordinate>pixel</coordinate>
			<type>rectangle</type>
			<description>None</description>
			<possibleresult>
				<name>Small Car</name>
			</possibleresult>
			<points>
				<point>954.000000,579.000061</point>
				<point>946.199951,594.600037</point>
				<point>936.199951,589.600037</point>
				<point>944.000000,574.000061</point>
				<point>954.000000,579.000061</point>
			</points>
		</object>
		<object>
			<coordinate>pixel</coordinate>
			<type>rectangle</type>
			<description>None</description>
			<possibleresult>
				<name>Van</name>
			</possibleresult>
			<points>
				<point>913.138000,462.655151</point>
				<point>909.000061,473.000000</point>
				<point>899.862122,469.344849</point>
				<point>904.000061,459.000000</point>
				<point>913.138000,462.655151</point>
			</points>
		</object>
		<object>
			<coordinate>pixel</coordinate>
			<type>rectangle</type>
			<description>None</description>
			<possibleresult>
				<name>Van</name>
			</possibleresult>
			<points>
				<point>924.000183,467.000092</point>
				<point>919.200134,476.600067</point>
				<point>911.200134,472.600067</point>
				<point>916.000183,463.000092</point>
				<point>924.000183,467.000092</point>
			</points>
		</object>
		<object>
			<coordinate>pixel</coordinate>
			<type>rectangle</type>
			<description>None</description>
			<possibleresult>
				<name>Van</name>
			</possibleresult>
			<points>
				<point>950.275879,477.310333</point>
				<point>946.000000,487.999969</point>
				<point>937.724121,484.689606</point>
				<point>942.000000,473.999969</point>
				<point>950.275879,477.310333</point>
			</points>
		</object>
		<object>
			<coordinate>pixel</coordinate>
			<type>rectangle</type>
			<description>None</description>
			<possibleresult>
				<name>Van</name>
			</possibleresult>
			<points>
				<point>978.000122,489.000000</point>
				<point>972.811401,498.339600</point>
				<point>965.000122,494.000000</point>
				<point>970.188843,484.660400</point>
				<point>978.000122,489.000000</point>
			</points>
		</object>
		<object>
			<coordinate>pixel</coordinate>
			<type>rectangle</type>
			<description>None</description>
			<possibleresult>
				<name>Van</name>
			</possibleresult>
			<points>
				<point>758.000000,19.000000</point>
				<point>749.000000,19.000000</point>
				<point>749.000000,4.000000</point>
				<point>758.000000,4.000000</point>
				<point>758.000000,19.000000</point>
			</points>
		</object>
		<object>
			<coordinate>pixel</coordinate>
			<type>rectangle</type>
			<description>None</description>
			<possibleresult>
				<name>Van</name>
			</possibleresult>
			<points>
				<point>765.000000,17.000000</point>
				<point>758.000000,17.000000</point>
				<point>758.000000,4.000000</point>
				<point>765.000000,4.000000</point>
				<point>765.000000,17.000000</point>
			</points>
		</object>
		<object>
			<coordinate>pixel</coordinate>
			<type>rectangle</type>
			<description>None</description>
			<possibleresult>
				<name>Cargo Truck</name>
			</possibleresult>
			<points>
				<point>758.000000,117.000000</point>
				<point>739.000000,117.000000</point>
				<point>739.000000,109.000000</point>
				<point>758.000000,109.000000</point>
				<point>758.000000,117.000000</point>
			</points>
		</object>
		<object>
			<coordinate>pixel</coordinate>
			<type>rectangle</type>
			<description>None</description>
			<possibleresult>
				<name>Small Car</name>
			</possibleresult>
			<points>
				<point>757.000000,127.000000</point>
				<point>736.000000,127.000000</point>
				<point>736.000000,120.000000</point>
				<point>757.000000,120.000000</point>
				<point>757.000000,127.000000</point>
			</points>
		</object>
		<object>
			<coordinate>pixel</coordinate>
			<type>rectangle</type>
			<description>None</description>
			<possibleresult>
				<name>Van</name>
			</possibleresult>
			<points>
				<point>755.535278,135.958801</point>
				<point>742.000000,136.999969</point>
				<point>741.464722,130.041138</point>
				<point>755.000000,128.999969</point>
				<point>755.535278,135.958801</point>
			</points>
		</object>
		<object>
			<coordinate>pixel</coordinate>
			<type>rectangle</type>
			<description>None</description>
			<possibleresult>
				<name>Van</name>
			</possibleresult>
			<points>
				<point>997.160461,286.058380</point>
				<point>994.999939,291.999969</point>
				<point>983.839417,287.941559</point>
				<point>985.999939,281.999969</point>
				<point>997.160461,286.058380</point>
			</points>
		</object>
		<object>
			<coordinate>pixel</coordinate>
			<type>rectangle</type>
			<description>None</description>
			<possibleresult>
				<name>Van</name>
			</possibleresult>
			<points>
				<point>997.206299,301.057281</point>
				<point>995.000000,308.999969</point>
				<point>976.793701,303.942657</point>
				<point>979.000000,295.999969</point>
				<point>997.206299,301.057281</point>
			</points>
		</object>
		<object>
			<coordinate>pixel</coordinate>
			<type>rectangle</type>
			<description>None</description>
			<possibleresult>
				<name>Van</name>
			</possibleresult>
			<points>
				<point>992.478638,316.151093</point>
				<point>990.000000,323.999969</point>
				<point>970.521362,317.848846</point>
				<point>973.000000,309.999969</point>
				<point>992.478638,316.151093</point>
			</points>
		</object>
		<object>
			<coordinate>pixel</coordinate>
			<type>rectangle</type>
			<description>None</description>
			<possibleresult>
				<name>Van</name>
			</possibleresult>
			<points>
				<point>984.000061,331.000031</point>
				<point>982.000061,337.000031</point>
				<point>970.900085,333.300018</point>
				<point>972.900085,327.300018</point>
				<point>984.000061,331.000031</point>
			</points>
		</object>
		<object>
			<coordinate>pixel</coordinate>
			<type>rectangle</type>
			<description>None</description>
			<possibleresult>
				<name>Van</name>
			</possibleresult>
			<points>
				<point>254.000000,930.000061</point>
				<point>253.156158,938.016541</point>
				<point>234.000000,936.000061</point>
				<point>234.843842,927.983582</point>
				<point>254.000000,930.000061</point>
			</points>
		</object>
	</objects>
</annotation>