<?xml version="1.0" encoding="utf-8"?>
<annotation>
	<source>
		<filename>1236.tif</filename>
		<origin>GF2/GF3</origin>
	</source>
	<research>
		<version>1.0</version>
		<provider>FAIR1M</provider>
		<author>Cyber</author>
		<pluginname>FAIR1M</pluginname>
		<pluginclass>object detection</pluginclass>
		<time>2021-03</time>
	</research>
	<size>
		<width>1500</width>
		<height>1500</height>
		<depth>3</depth>
	</size>
	<objects>
		<object>
			<coordinate>pixel</coordinate>
			<type>rectangle</type>
			<description>None</description>
			<possibleresult>
				<name>Dry Cargo Ship</name>
			</possibleresult>
			<points>
				<point>1195.000000,414.000000</point>
				<point>1040.000000,374.000000</point>
				<point>1032.000000,403.000000</point>
				<point>1188.000000,443.000000</point>
				<point>1195.000000,414.000000</point>
			</points>
		</object>
		<object>
			<coordinate>pixel</coordinate>
			<type>rectangle</type>
			<description>None</description>
			<possibleresult>
				<name>Liquid Cargo Ship</name>
			</possibleresult>
			<points>
				<point>1065.000000,261.000000</point>
				<point>1266.000000,306.000000</point>
				<point>1275.000000,265.000000</point>
				<point>1075.000000,220.000000</point>
				<point>1065.000000,261.000000</point>
			</points>
		</object>
	</objects>
</annotation>