<?xml version="1.0" encoding="utf-8"?>
<annotation>
	<source>
		<filename>1237.tif</filename>
		<origin>GF2/GF3</origin>
	</source>
	<research>
		<version>1.0</version>
		<provider>FAIR1M</provider>
		<author>Cyber</author>
		<pluginname>FAIR1M</pluginname>
		<pluginclass>object detection</pluginclass>
		<time>2021-03</time>
	</research>
	<size>
		<width>1000</width>
		<height>1000</height>
		<depth>3</depth>
	</size>
	<objects>
		<object>
			<coordinate>pixel</coordinate>
			<type>rectangle</type>
			<description>None</description>
			<possibleresult>
				<name>other-airplane</name>
			</possibleresult>
			<points>
				<point>936.000000,289.000000</point>
				<point>895.000000,309.000000</point>
				<point>916.000000,351.000000</point>
				<point>957.000000,331.000000</point>
				<point>936.000000,289.000000</point>
			</points>
		</object>
		<object>
			<coordinate>pixel</coordinate>
			<type>rectangle</type>
			<description>None</description>
			<possibleresult>
				<name>other-airplane</name>
			</possibleresult>
			<points>
				<point>964.000000,337.000000</point>
				<point>927.000000,355.000000</point>
				<point>946.000000,393.000000</point>
				<point>983.000000,375.000000</point>
				<point>964.000000,337.000000</point>
			</points>
		</object>
		<object>
			<coordinate>pixel</coordinate>
			<type>rectangle</type>
			<description>None</description>
			<possibleresult>
				<name>other-airplane</name>
			</possibleresult>
			<points>
				<point>947.000000,235.000000</point>
				<point>902.000000,220.000000</point>
				<point>887.000000,265.000000</point>
				<point>931.000000,280.000000</point>
				<point>947.000000,235.000000</point>
			</points>
		</object>
		<object>
			<coordinate>pixel</coordinate>
			<type>rectangle</type>
			<description>None</description>
			<possibleresult>
				<name>other-airplane</name>
			</possibleresult>
			<points>
				<point>966.000000,224.000000</point>
				<point>947.000000,189.000000</point>
				<point>918.000000,205.000000</point>
				<point>938.000000,240.000000</point>
				<point>966.000000,224.000000</point>
			</points>
		</object>
	</objects>
</annotation>