<?xml version="1.0" encoding="utf-8"?>
<annotation>
	<source>
		<filename>1238.tif</filename>
		<origin>GF2/GF3</origin>
	</source>
	<research>
		<version>1.0</version>
		<provider>FAIR1M</provider>
		<author>Cyber</author>
		<pluginname>FAIR1M</pluginname>
		<pluginclass>object detection</pluginclass>
		<time>2021-03</time>
	</research>
	<size>
		<width>1000</width>
		<height>1000</height>
		<depth>3</depth>
	</size>
	<objects>
		<object>
			<coordinate>pixel</coordinate>
			<type>rectangle</type>
			<description>None</description>
			<possibleresult>
				<name>other-airplane</name>
			</possibleresult>
			<points>
				<point>973.000000,504.000000</point>
				<point>952.000000,518.000000</point>
				<point>964.000000,537.000000</point>
				<point>986.000000,524.000000</point>
				<point>973.000000,504.000000</point>
			</points>
		</object>
	</objects>
</annotation>