<?xml version="1.0" encoding="utf-8"?>
<annotation>
	<source>
		<filename>1239.tif</filename>
		<origin>GF2/GF3</origin>
	</source>
	<research>
		<version>1.0</version>
		<provider>FAIR1M</provider>
		<author>Cyber</author>
		<pluginname>FAIR1M</pluginname>
		<pluginclass>object detection</pluginclass>
		<time>2021-03</time>
	</research>
	<size>
		<width>1500</width>
		<height>1500</height>
		<depth>3</depth>
	</size>
	<objects>
		<object>
			<coordinate>pixel</coordinate>
			<type>rectangle</type>
			<description>None</description>
			<possibleresult>
				<name>other-ship</name>
			</possibleresult>
			<points>
				<point>43.000000,383.000000</point>
				<point>5.000000,372.000000</point>
				<point>2.000000,384.000000</point>
				<point>39.000000,395.000000</point>
				<point>43.000000,383.000000</point>
			</points>
		</object>
		<object>
			<coordinate>pixel</coordinate>
			<type>rectangle</type>
			<description>None</description>
			<possibleresult>
				<name>other-ship</name>
			</possibleresult>
			<points>
				<point>226.000000,560.000000</point>
				<point>180.000000,541.000000</point>
				<point>173.000000,558.000000</point>
				<point>219.000000,577.000000</point>
				<point>226.000000,560.000000</point>
			</points>
		</object>
		<object>
			<coordinate>pixel</coordinate>
			<type>rectangle</type>
			<description>None</description>
			<possibleresult>
				<name>Dry Cargo Ship</name>
			</possibleresult>
			<points>
				<point>286.000000,594.000000</point>
				<point>228.000000,561.000000</point>
				<point>222.000000,572.000000</point>
				<point>280.000000,605.000000</point>
				<point>286.000000,594.000000</point>
			</points>
		</object>
		<object>
			<coordinate>pixel</coordinate>
			<type>rectangle</type>
			<description>None</description>
			<possibleresult>
				<name>other-ship</name>
			</possibleresult>
			<points>
				<point>300.000000,493.000000</point>
				<point>283.000000,605.000000</point>
				<point>312.000000,609.000000</point>
				<point>329.000000,497.000000</point>
				<point>300.000000,493.000000</point>
			</points>
		</object>
		<object>
			<coordinate>pixel</coordinate>
			<type>rectangle</type>
			<description>None</description>
			<possibleresult>
				<name>Tugboat</name>
			</possibleresult>
			<points>
				<point>324.000000,586.000000</point>
				<point>334.000000,552.000000</point>
				<point>324.000000,549.000000</point>
				<point>314.000000,583.000000</point>
				<point>324.000000,586.000000</point>
			</points>
		</object>
		<object>
			<coordinate>pixel</coordinate>
			<type>rectangle</type>
			<description>None</description>
			<possibleresult>
				<name>other-ship</name>
			</possibleresult>
			<points>
				<point>342.000000,569.000000</point>
				<point>355.000000,536.000000</point>
				<point>346.000000,532.000000</point>
				<point>332.000000,565.000000</point>
				<point>342.000000,569.000000</point>
			</points>
		</object>
		<object>
			<coordinate>pixel</coordinate>
			<type>rectangle</type>
			<description>None</description>
			<possibleresult>
				<name>other-ship</name>
			</possibleresult>
			<points>
				<point>386.000000,595.000000</point>
				<point>400.000000,560.000000</point>
				<point>389.000000,555.000000</point>
				<point>375.000000,591.000000</point>
				<point>386.000000,595.000000</point>
			</points>
		</object>
		<object>
			<coordinate>pixel</coordinate>
			<type>rectangle</type>
			<description>None</description>
			<possibleresult>
				<name>other-ship</name>
			</possibleresult>
			<points>
				<point>458.000000,708.000000</point>
				<point>479.000000,680.000000</point>
				<point>472.000000,675.000000</point>
				<point>451.000000,703.000000</point>
				<point>458.000000,708.000000</point>
			</points>
		</object>
		<object>
			<coordinate>pixel</coordinate>
			<type>rectangle</type>
			<description>None</description>
			<possibleresult>
				<name>Dry Cargo Ship</name>
			</possibleresult>
			<points>
				<point>488.000000,643.000000</point>
				<point>525.000000,598.000000</point>
				<point>516.000000,591.000000</point>
				<point>479.000000,636.000000</point>
				<point>488.000000,643.000000</point>
			</points>
		</object>
		<object>
			<coordinate>pixel</coordinate>
			<type>rectangle</type>
			<description>None</description>
			<possibleresult>
				<name>Dry Cargo Ship</name>
			</possibleresult>
			<points>
				<point>493.000000,659.000000</point>
				<point>546.000000,595.000000</point>
				<point>535.000000,585.000000</point>
				<point>481.000000,649.000000</point>
				<point>493.000000,659.000000</point>
			</points>
		</object>
		<object>
			<coordinate>pixel</coordinate>
			<type>rectangle</type>
			<description>None</description>
			<possibleresult>
				<name>Tugboat</name>
			</possibleresult>
			<points>
				<point>523.000000,667.000000</point>
				<point>497.000000,699.000000</point>
				<point>512.000000,711.000000</point>
				<point>538.000000,679.000000</point>
				<point>523.000000,667.000000</point>
			</points>
		</object>
		<object>
			<coordinate>pixel</coordinate>
			<type>rectangle</type>
			<description>None</description>
			<possibleresult>
				<name>other-ship</name>
			</possibleresult>
			<points>
				<point>561.000000,709.000000</point>
				<point>603.000000,725.000000</point>
				<point>609.000000,712.000000</point>
				<point>566.000000,696.000000</point>
				<point>561.000000,709.000000</point>
			</points>
		</object>
		<object>
			<coordinate>pixel</coordinate>
			<type>rectangle</type>
			<description>None</description>
			<possibleresult>
				<name>other-ship</name>
			</possibleresult>
			<points>
				<point>820.000000,773.000000</point>
				<point>882.000000,802.000000</point>
				<point>887.000000,790.000000</point>
				<point>825.000000,761.000000</point>
				<point>820.000000,773.000000</point>
			</points>
		</object>
		<object>
			<coordinate>pixel</coordinate>
			<type>rectangle</type>
			<description>None</description>
			<possibleresult>
				<name>other-ship</name>
			</possibleresult>
			<points>
				<point>818.000000,785.000000</point>
				<point>875.000000,810.000000</point>
				<point>880.000000,800.000000</point>
				<point>822.000000,775.000000</point>
				<point>818.000000,785.000000</point>
			</points>
		</object>
		<object>
			<coordinate>pixel</coordinate>
			<type>rectangle</type>
			<description>None</description>
			<possibleresult>
				<name>other-ship</name>
			</possibleresult>
			<points>
				<point>882.000000,866.000000</point>
				<point>906.000000,814.000000</point>
				<point>895.000000,809.000000</point>
				<point>871.000000,861.000000</point>
				<point>882.000000,866.000000</point>
			</points>
		</object>
		<object>
			<coordinate>pixel</coordinate>
			<type>rectangle</type>
			<description>None</description>
			<possibleresult>
				<name>other-ship</name>
			</possibleresult>
			<points>
				<point>873.000000,859.000000</point>
				<point>891.000000,821.000000</point>
				<point>882.000000,817.000000</point>
				<point>864.000000,855.000000</point>
				<point>873.000000,859.000000</point>
			</points>
		</object>
		<object>
			<coordinate>pixel</coordinate>
			<type>rectangle</type>
			<description>None</description>
			<possibleresult>
				<name>other-ship</name>
			</possibleresult>
			<points>
				<point>917.000000,874.000000</point>
				<point>938.000000,830.000000</point>
				<point>928.000000,825.000000</point>
				<point>907.000000,870.000000</point>
				<point>917.000000,874.000000</point>
			</points>
		</object>
		<object>
			<coordinate>pixel</coordinate>
			<type>rectangle</type>
			<description>None</description>
			<possibleresult>
				<name>Dry Cargo Ship</name>
			</possibleresult>
			<points>
				<point>947.000000,901.000000</point>
				<point>998.000000,923.000000</point>
				<point>1006.000000,902.000000</point>
				<point>956.000000,880.000000</point>
				<point>947.000000,901.000000</point>
			</points>
		</object>
		<object>
			<coordinate>pixel</coordinate>
			<type>rectangle</type>
			<description>None</description>
			<possibleresult>
				<name>Engineering Ship</name>
			</possibleresult>
			<points>
				<point>1056.000000,863.000000</point>
				<point>1023.000000,923.000000</point>
				<point>1053.000000,939.000000</point>
				<point>1086.000000,880.000000</point>
				<point>1056.000000,863.000000</point>
			</points>
		</object>
		<object>
			<coordinate>pixel</coordinate>
			<type>rectangle</type>
			<description>None</description>
			<possibleresult>
				<name>Dry Cargo Ship</name>
			</possibleresult>
			<points>
				<point>1363.000000,1088.000000</point>
				<point>1489.000000,1136.000000</point>
				<point>1499.000000,1109.000000</point>
				<point>1374.000000,1061.000000</point>
				<point>1363.000000,1088.000000</point>
			</points>
		</object>
		<object>
			<coordinate>pixel</coordinate>
			<type>rectangle</type>
			<description>None</description>
			<possibleresult>
				<name>other-ship</name>
			</possibleresult>
			<points>
				<point>1324.000000,192.000000</point>
				<point>1269.000000,186.000000</point>
				<point>1266.000000,214.000000</point>
				<point>1322.000000,220.000000</point>
				<point>1324.000000,192.000000</point>
			</points>
		</object>
		<object>
			<coordinate>pixel</coordinate>
			<type>rectangle</type>
			<description>None</description>
			<possibleresult>
				<name>Tugboat</name>
			</possibleresult>
			<points>
				<point>1311.000000,180.000000</point>
				<point>1280.000000,176.000000</point>
				<point>1279.000000,187.000000</point>
				<point>1310.000000,190.000000</point>
				<point>1311.000000,180.000000</point>
			</points>
		</object>
		<object>
			<coordinate>pixel</coordinate>
			<type>rectangle</type>
			<description>None</description>
			<possibleresult>
				<name>Dry Cargo Ship</name>
			</possibleresult>
			<points>
				<point>679.000000,291.000000</point>
				<point>894.000000,394.000000</point>
				<point>913.000000,354.000000</point>
				<point>698.000000,251.000000</point>
				<point>679.000000,291.000000</point>
			</points>
		</object>
		<object>
			<coordinate>pixel</coordinate>
			<type>rectangle</type>
			<description>None</description>
			<possibleresult>
				<name>Tugboat</name>
			</possibleresult>
			<points>
				<point>703.000000,321.000000</point>
				<point>754.000000,343.000000</point>
				<point>760.000000,329.000000</point>
				<point>709.000000,307.000000</point>
				<point>703.000000,321.000000</point>
			</points>
		</object>
		<object>
			<coordinate>pixel</coordinate>
			<type>rectangle</type>
			<description>None</description>
			<possibleresult>
				<name>Tugboat</name>
			</possibleresult>
			<points>
				<point>875.000000,409.000000</point>
				<point>930.000000,432.000000</point>
				<point>937.000000,414.000000</point>
				<point>883.000000,392.000000</point>
				<point>875.000000,409.000000</point>
			</points>
		</object>
	</objects>
</annotation>