<?xml version="1.0" encoding="utf-8"?>
<annotation>
	<source>
		<filename>1243.tif</filename>
		<origin>GF2/GF3</origin>
	</source>
	<research>
		<version>1.0</version>
		<provider>FAIR1M</provider>
		<author>Cyber</author>
		<pluginname>FAIR1M</pluginname>
		<pluginclass>object detection</pluginclass>
		<time>2021-03</time>
	</research>
	<size>
		<width>1000</width>
		<height>1000</height>
		<depth>3</depth>
	</size>
	<objects>
		<object>
			<coordinate>pixel</coordinate>
			<type>rectangle</type>
			<description>None</description>
			<possibleresult>
				<name>Van</name>
			</possibleresult>
			<points>
				<point>80.024612,718.443115</point>
				<point>70.000000,719.000000</point>
				<point>68.975388,700.556885</point>
				<point>79.000000,700.000000</point>
				<point>80.024612,718.443115</point>
			</points>
		</object>
		<object>
			<coordinate>pixel</coordinate>
			<type>rectangle</type>
			<description>None</description>
			<possibleresult>
				<name>Small Car</name>
			</possibleresult>
			<points>
				<point>80.000000,887.000000</point>
				<point>71.000000,887.000000</point>
				<point>71.000000,872.000000</point>
				<point>80.000000,872.000000</point>
				<point>80.000000,887.000000</point>
			</points>
		</object>
		<object>
			<coordinate>pixel</coordinate>
			<type>rectangle</type>
			<description>None</description>
			<possibleresult>
				<name>Small Car</name>
			</possibleresult>
			<points>
				<point>82.000000,913.000000</point>
				<point>72.000000,913.000000</point>
				<point>72.000000,899.000000</point>
				<point>82.000000,899.000000</point>
				<point>82.000000,913.000000</point>
			</points>
		</object>
		<object>
			<coordinate>pixel</coordinate>
			<type>rectangle</type>
			<description>None</description>
			<possibleresult>
				<name>Van</name>
			</possibleresult>
			<points>
				<point>81.000000,938.000000</point>
				<point>72.000000,938.000000</point>
				<point>72.000000,923.000000</point>
				<point>81.000000,923.000000</point>
				<point>81.000000,938.000000</point>
			</points>
		</object>
		<object>
			<coordinate>pixel</coordinate>
			<type>rectangle</type>
			<description>None</description>
			<possibleresult>
				<name>Van</name>
			</possibleresult>
			<points>
				<point>801.000000,1000.000000</point>
				<point>782.000000,1000.000000</point>
				<point>782.000000,993.000000</point>
				<point>801.000000,993.000000</point>
				<point>801.000000,1000.000000</point>
			</points>
		</object>
		<object>
			<coordinate>pixel</coordinate>
			<type>rectangle</type>
			<description>None</description>
			<possibleresult>
				<name>Small Car</name>
			</possibleresult>
			<points>
				<point>803.380188,991.981934</point>
				<point>782.000061,993.000000</point>
				<point>781.619934,985.018066</point>
				<point>803.000061,984.000000</point>
				<point>803.380188,991.981934</point>
			</points>
		</object>
		<object>
			<coordinate>pixel</coordinate>
			<type>rectangle</type>
			<description>None</description>
			<possibleresult>
				<name>Van</name>
			</possibleresult>
			<points>
				<point>801.419861,981.977905</point>
				<point>781.999939,983.000000</point>
				<point>781.580017,975.022095</point>
				<point>800.999939,974.000000</point>
				<point>801.419861,981.977905</point>
			</points>
		</object>
		<object>
			<coordinate>pixel</coordinate>
			<type>rectangle</type>
			<description>None</description>
			<possibleresult>
				<name>Small Car</name>
			</possibleresult>
			<points>
				<point>801.000000,973.000000</point>
				<point>779.000000,973.000000</point>
				<point>779.000000,965.000000</point>
				<point>801.000000,965.000000</point>
				<point>801.000000,973.000000</point>
			</points>
		</object>
		<object>
			<coordinate>pixel</coordinate>
			<type>rectangle</type>
			<description>None</description>
			<possibleresult>
				<name>Small Car</name>
			</possibleresult>
			<points>
				<point>802.349121,958.017456</point>
				<point>802.000000,965.000000</point>
				<point>781.650879,963.982544</point>
				<point>782.000000,957.000000</point>
				<point>802.349121,958.017456</point>
			</points>
		</object>
		<object>
			<coordinate>pixel</coordinate>
			<type>rectangle</type>
			<description>None</description>
			<possibleresult>
				<name>Small Car</name>
			</possibleresult>
			<points>
				<point>804.000000,948.000061</point>
				<point>803.548584,957.027527</point>
				<point>783.000000,956.000061</point>
				<point>783.451416,946.972595</point>
				<point>804.000000,948.000061</point>
			</points>
		</object>
		<object>
			<coordinate>pixel</coordinate>
			<type>rectangle</type>
			<description>None</description>
			<possibleresult>
				<name>Van</name>
			</possibleresult>
			<points>
				<point>870.832886,1007.062073</point>
				<point>860.999878,995.999939</point>
				<point>868.944702,988.937805</point>
				<point>878.777710,999.999939</point>
				<point>870.832886,1007.062073</point>
			</points>
		</object>
		<object>
			<coordinate>pixel</coordinate>
			<type>rectangle</type>
			<description>None</description>
			<possibleresult>
				<name>Van</name>
			</possibleresult>
			<points>
				<point>886.061829,1006.070740</point>
				<point>878.999939,997.999939</point>
				<point>885.938049,991.929138</point>
				<point>892.999939,999.999939</point>
				<point>886.061829,1006.070740</point>
			</points>
		</object>
		<object>
			<coordinate>pixel</coordinate>
			<type>rectangle</type>
			<description>None</description>
			<possibleresult>
				<name>Dump Truck</name>
			</possibleresult>
			<points>
				<point>923.500061,1000.000000</point>
				<point>908.666748,1000.000000</point>
				<point>902.000061,992.000000</point>
				<point>910.754211,984.704956</point>
				<point>923.500061,1000.000000</point>
			</points>
		</object>
		<object>
			<coordinate>pixel</coordinate>
			<type>rectangle</type>
			<description>None</description>
			<possibleresult>
				<name>Van</name>
			</possibleresult>
			<points>
				<point>978.000000,1000.000000</point>
				<point>962.000000,1000.000000</point>
				<point>956.000061,994.000061</point>
				<point>964.000061,986.000061</point>
				<point>978.000000,1000.000000</point>
			</points>
		</object>
		<object>
			<coordinate>pixel</coordinate>
			<type>rectangle</type>
			<description>None</description>
			<possibleresult>
				<name>Small Car</name>
			</possibleresult>
			<points>
				<point>985.341431,1005.409851</point>
				<point>977.704834,996.245789</point>
				<point>984.196655,990.835999</point>
				<point>991.833252,1000.000061</point>
				<point>985.341431,1005.409851</point>
			</points>
		</object>
		<object>
			<coordinate>pixel</coordinate>
			<type>rectangle</type>
			<description>None</description>
			<possibleresult>
				<name>Van</name>
			</possibleresult>
			<points>
				<point>997.560974,1001.951111</point>
				<point>991.902527,994.878113</point>
				<point>998.000061,990.000061</point>
				<point>1003.658508,997.073059</point>
				<point>997.560974,1001.951111</point>
			</points>
		</object>
		<object>
			<coordinate>pixel</coordinate>
			<type>rectangle</type>
			<description>None</description>
			<possibleresult>
				<name>Small Car</name>
			</possibleresult>
			<points>
				<point>1000.000000,962.666870</point>
				<point>996.000122,967.000061</point>
				<point>990.268433,961.709290</point>
				<point>1000.000000,951.166748</point>
				<point>1000.000000,962.666870</point>
			</points>
		</object>
		<object>
			<coordinate>pixel</coordinate>
			<type>rectangle</type>
			<description>None</description>
			<possibleresult>
				<name>Small Car</name>
			</possibleresult>
			<points>
				<point>996.000000,952.000000</point>
				<point>982.000000,968.000000</point>
				<point>975.557495,962.362793</point>
				<point>989.557495,946.362793</point>
				<point>996.000000,952.000000</point>
			</points>
		</object>
		<object>
			<coordinate>pixel</coordinate>
			<type>rectangle</type>
			<description>None</description>
			<possibleresult>
				<name>Small Car</name>
			</possibleresult>
			<points>
				<point>980.000061,955.000000</point>
				<point>968.000061,968.000000</point>
				<point>961.230042,961.750854</point>
				<point>973.230042,948.750854</point>
				<point>980.000061,955.000000</point>
			</points>
		</object>
		<object>
			<coordinate>pixel</coordinate>
			<type>rectangle</type>
			<description>None</description>
			<possibleresult>
				<name>Van</name>
			</possibleresult>
			<points>
				<point>1000.000000,946.000122</point>
				<point>995.500061,950.500061</point>
				<point>989.500061,944.500061</point>
				<point>1000.000000,934.000122</point>
				<point>1000.000000,946.000122</point>
			</points>
		</object>
		<object>
			<coordinate>pixel</coordinate>
			<type>rectangle</type>
			<description>None</description>
			<possibleresult>
				<name>Small Car</name>
			</possibleresult>
			<points>
				<point>992.544678,938.537903</point>
				<point>981.544678,951.537903</point>
				<point>974.999878,945.999939</point>
				<point>985.999878,932.999939</point>
				<point>992.544678,938.537903</point>
			</points>
		</object>
		<object>
			<coordinate>pixel</coordinate>
			<type>rectangle</type>
			<description>None</description>
			<possibleresult>
				<name>Small Car</name>
			</possibleresult>
			<points>
				<point>978.230042,939.750916</point>
				<point>966.000061,953.000061</point>
				<point>959.770081,947.249207</point>
				<point>972.000061,934.000061</point>
				<point>978.230042,939.750916</point>
			</points>
		</object>
		<object>
			<coordinate>pixel</coordinate>
			<type>rectangle</type>
			<description>None</description>
			<possibleresult>
				<name>Small Car</name>
			</possibleresult>
			<points>
				<point>951.500122,955.500122</point>
				<point>938.500122,968.500122</point>
				<point>932.000122,962.000122</point>
				<point>945.000122,949.000122</point>
				<point>951.500122,955.500122</point>
			</points>
		</object>
		<object>
			<coordinate>pixel</coordinate>
			<type>rectangle</type>
			<description>None</description>
			<possibleresult>
				<name>Small Car</name>
			</possibleresult>
			<points>
				<point>937.242981,954.690857</point>
				<point>926.000061,969.000061</point>
				<point>918.757141,963.309265</point>
				<point>930.000061,949.000061</point>
				<point>937.242981,954.690857</point>
			</points>
		</object>
		<object>
			<coordinate>pixel</coordinate>
			<type>rectangle</type>
			<description>None</description>
			<possibleresult>
				<name>Small Car</name>
			</possibleresult>
			<points>
				<point>964.000122,940.000122</point>
				<point>951.000122,953.000122</point>
				<point>944.500122,946.500122</point>
				<point>957.500122,933.500122</point>
				<point>964.000122,940.000122</point>
			</points>
		</object>
		<object>
			<coordinate>pixel</coordinate>
			<type>rectangle</type>
			<description>None</description>
			<possibleresult>
				<name>Van</name>
			</possibleresult>
			<points>
				<point>950.999878,938.000061</point>
				<point>940.999878,952.000061</point>
				<point>933.337769,946.527039</point>
				<point>943.337769,932.527039</point>
				<point>950.999878,938.000061</point>
			</points>
		</object>
		<object>
			<coordinate>pixel</coordinate>
			<type>rectangle</type>
			<description>None</description>
			<possibleresult>
				<name>Small Car</name>
			</possibleresult>
			<points>
				<point>924.199585,954.786255</point>
				<point>910.000000,970.000000</point>
				<point>903.800415,964.213745</point>
				<point>918.000000,949.000000</point>
				<point>924.199585,954.786255</point>
			</points>
		</object>
		<object>
			<coordinate>pixel</coordinate>
			<type>rectangle</type>
			<description>None</description>
			<possibleresult>
				<name>Van</name>
			</possibleresult>
			<points>
				<point>935.153687,938.769165</point>
				<point>926.999878,950.999878</point>
				<point>919.846069,946.230591</point>
				<point>927.999878,933.999878</point>
				<point>935.153687,938.769165</point>
			</points>
		</object>
		<object>
			<coordinate>pixel</coordinate>
			<type>rectangle</type>
			<description>None</description>
			<possibleresult>
				<name>Van</name>
			</possibleresult>
			<points>
				<point>909.000122,956.000000</point>
				<point>898.000122,971.000000</point>
				<point>888.809326,964.260132</point>
				<point>899.809326,949.260132</point>
				<point>909.000122,956.000000</point>
			</points>
		</object>
		<object>
			<coordinate>pixel</coordinate>
			<type>rectangle</type>
			<description>None</description>
			<possibleresult>
				<name>Small Car</name>
			</possibleresult>
			<points>
				<point>921.400085,938.800049</point>
				<point>909.400085,954.800049</point>
				<point>903.000061,950.000000</point>
				<point>915.000061,934.000000</point>
				<point>921.400085,938.800049</point>
			</points>
		</object>
		<object>
			<coordinate>pixel</coordinate>
			<type>rectangle</type>
			<description>None</description>
			<possibleresult>
				<name>Small Car</name>
			</possibleresult>
			<points>
				<point>908.230042,939.750916</point>
				<point>896.000061,953.000061</point>
				<point>889.770081,947.249207</point>
				<point>902.000061,934.000061</point>
				<point>908.230042,939.750916</point>
			</points>
		</object>
		<object>
			<coordinate>pixel</coordinate>
			<type>rectangle</type>
			<description>None</description>
			<possibleresult>
				<name>Van</name>
			</possibleresult>
			<points>
				<point>894.999939,953.999939</point>
				<point>883.750916,966.271667</point>
				<point>877.999939,960.999939</point>
				<point>889.248962,948.728210</point>
				<point>894.999939,953.999939</point>
			</points>
		</object>
		<object>
			<coordinate>pixel</coordinate>
			<type>rectangle</type>
			<description>None</description>
			<possibleresult>
				<name>Small Car</name>
			</possibleresult>
			<points>
				<point>878.000061,955.000000</point>
				<point>866.962097,968.044800</point>
				<point>861.000061,963.000000</point>
				<point>872.038025,949.955200</point>
				<point>878.000061,955.000000</point>
			</points>
		</object>
		<object>
			<coordinate>pixel</coordinate>
			<type>rectangle</type>
			<description>None</description>
			<possibleresult>
				<name>Small Car</name>
			</possibleresult>
			<points>
				<point>895.000061,938.999939</point>
				<point>884.000061,952.999939</point>
				<point>876.757141,947.309143</point>
				<point>887.757141,933.309143</point>
				<point>895.000061,938.999939</point>
			</points>
		</object>
		<object>
			<coordinate>pixel</coordinate>
			<type>rectangle</type>
			<description>None</description>
			<possibleresult>
				<name>Van</name>
			</possibleresult>
			<points>
				<point>880.290527,940.682983</point>
				<point>869.000000,953.000000</point>
				<point>861.709473,946.317017</point>
				<point>873.000000,934.000000</point>
				<point>880.290527,940.682983</point>
			</points>
		</object>
		<object>
			<coordinate>pixel</coordinate>
			<type>rectangle</type>
			<description>None</description>
			<possibleresult>
				<name>Van</name>
			</possibleresult>
			<points>
				<point>877.500122,906.500122</point>
				<point>871.000122,913.000122</point>
				<point>859.000122,901.000122</point>
				<point>865.500122,894.500122</point>
				<point>877.500122,906.500122</point>
			</points>
		</object>
		<object>
			<coordinate>pixel</coordinate>
			<type>rectangle</type>
			<description>None</description>
			<possibleresult>
				<name>Small Car</name>
			</possibleresult>
			<points>
				<point>892.999878,907.999817</point>
				<point>886.455078,913.537781</point>
				<point>874.999878,899.999817</point>
				<point>881.544678,894.461853</point>
				<point>892.999878,907.999817</point>
			</points>
		</object>
		<object>
			<coordinate>pixel</coordinate>
			<type>rectangle</type>
			<description>None</description>
			<possibleresult>
				<name>Small Car</name>
			</possibleresult>
			<points>
				<point>906.213684,907.230042</point>
				<point>899.999939,912.999939</point>
				<point>886.786194,898.769836</point>
				<point>892.999939,892.999939</point>
				<point>906.213684,907.230042</point>
			</points>
		</object>
		<object>
			<coordinate>pixel</coordinate>
			<type>rectangle</type>
			<description>None</description>
			<possibleresult>
				<name>Van</name>
			</possibleresult>
			<points>
				<point>922.472107,909.390869</point>
				<point>916.000061,915.000000</point>
				<point>903.000061,900.000000</point>
				<point>909.472107,894.390869</point>
				<point>922.472107,909.390869</point>
			</points>
		</object>
		<object>
			<coordinate>pixel</coordinate>
			<type>rectangle</type>
			<description>None</description>
			<possibleresult>
				<name>Van</name>
			</possibleresult>
			<points>
				<point>935.000122,906.000122</point>
				<point>928.500122,912.500122</point>
				<point>917.000122,901.000122</point>
				<point>923.500122,894.500122</point>
				<point>935.000122,906.000122</point>
			</points>
		</object>
		<object>
			<coordinate>pixel</coordinate>
			<type>rectangle</type>
			<description>None</description>
			<possibleresult>
				<name>Dump Truck</name>
			</possibleresult>
			<points>
				<point>952.199524,909.213806</point>
				<point>945.999939,915.000061</point>
				<point>931.800354,899.786316</point>
				<point>937.999939,894.000061</point>
				<point>952.199524,909.213806</point>
			</points>
		</object>
		<object>
			<coordinate>pixel</coordinate>
			<type>rectangle</type>
			<description>None</description>
			<possibleresult>
				<name>Van</name>
			</possibleresult>
			<points>
				<point>963.999939,908.000000</point>
				<point>956.999939,914.000000</point>
				<point>945.423523,900.494141</point>
				<point>952.423523,894.494141</point>
				<point>963.999939,908.000000</point>
			</points>
		</object>
		<object>
			<coordinate>pixel</coordinate>
			<type>rectangle</type>
			<description>None</description>
			<possibleresult>
				<name>Small Car</name>
			</possibleresult>
			<points>
				<point>975.072144,907.104187</point>
				<point>968.000122,912.000183</point>
				<point>958.928101,898.896179</point>
				<point>966.000122,894.000183</point>
				<point>975.072144,907.104187</point>
			</points>
		</object>
		<object>
			<coordinate>pixel</coordinate>
			<type>rectangle</type>
			<description>None</description>
			<possibleresult>
				<name>Small Car</name>
			</possibleresult>
			<points>
				<point>990.000000,908.000000</point>
				<point>983.000000,913.000000</point>
				<point>973.000000,899.000000</point>
				<point>980.000000,894.000000</point>
				<point>990.000000,908.000000</point>
			</points>
		</object>
		<object>
			<coordinate>pixel</coordinate>
			<type>rectangle</type>
			<description>None</description>
			<possibleresult>
				<name>Van</name>
			</possibleresult>
			<points>
				<point>1000.000000,898.999878</point>
				<point>1000.000000,911.999878</point>
				<point>997.692261,913.538330</point>
				<point>987.692261,898.538330</point>
				<point>1000.000000,898.999878</point>
			</points>
		</object>
		<object>
			<coordinate>pixel</coordinate>
			<type>rectangle</type>
			<description>None</description>
			<possibleresult>
				<name>Van</name>
			</possibleresult>
			<points>
				<point>1000.000000,896.999939</point>
				<point>1000.000000,896.999939</point>
				<point>1000.000000,896.999939</point>
				<point>1000.000000,896.999939</point>
				<point>1000.000000,896.999939</point>
			</points>
		</object>
		<object>
			<coordinate>pixel</coordinate>
			<type>rectangle</type>
			<description>None</description>
			<possibleresult>
				<name>Van</name>
			</possibleresult>
			<points>
				<point>1000.000000,885.333374</point>
				<point>1000.000000,891.454712</point>
				<point>997.445618,893.544678</point>
				<point>988.000061,882.000122</point>
				<point>1000.000000,885.333374</point>
			</points>
		</object>
		<object>
			<coordinate>pixel</coordinate>
			<type>rectangle</type>
			<description>None</description>
			<possibleresult>
				<name>Van</name>
			</possibleresult>
			<points>
				<point>992.500122,890.500122</point>
				<point>987.000122,896.000122</point>
				<point>975.500122,884.500122</point>
				<point>981.000122,879.000122</point>
				<point>992.500122,890.500122</point>
			</points>
		</object>
		<object>
			<coordinate>pixel</coordinate>
			<type>rectangle</type>
			<description>None</description>
			<possibleresult>
				<name>Van</name>
			</possibleresult>
			<points>
				<point>975.999878,889.000000</point>
				<point>970.248901,894.271729</point>
				<point>958.999878,882.000000</point>
				<point>964.750854,876.728271</point>
				<point>975.999878,889.000000</point>
			</points>
		</object>
		<object>
			<coordinate>pixel</coordinate>
			<type>rectangle</type>
			<description>None</description>
			<possibleresult>
				<name>Van</name>
			</possibleresult>
			<points>
				<point>965.000000,892.000000</point>
				<point>958.000000,898.000000</point>
				<point>946.423584,884.494141</point>
				<point>953.423584,878.494141</point>
				<point>965.000000,892.000000</point>
			</points>
		</object>
		<object>
			<coordinate>pixel</coordinate>
			<type>rectangle</type>
			<description>None</description>
			<possibleresult>
				<name>Van</name>
			</possibleresult>
			<points>
				<point>950.728149,889.750916</point>
				<point>944.999878,895.999939</point>
				<point>932.999878,884.999939</point>
				<point>938.728149,878.750916</point>
				<point>950.728149,889.750916</point>
			</points>
		</object>
		<object>
			<coordinate>pixel</coordinate>
			<type>rectangle</type>
			<description>None</description>
			<possibleresult>
				<name>Van</name>
			</possibleresult>
			<points>
				<point>938.000061,891.000061</point>
				<point>931.000061,898.000061</point>
				<point>919.000061,886.000061</point>
				<point>926.000061,879.000061</point>
				<point>938.000061,891.000061</point>
			</points>
		</object>
		<object>
			<coordinate>pixel</coordinate>
			<type>rectangle</type>
			<description>None</description>
			<possibleresult>
				<name>Van</name>
			</possibleresult>
			<points>
				<point>920.999878,891.999878</point>
				<point>914.455078,897.537842</point>
				<point>903.455078,884.537842</point>
				<point>909.999878,878.999878</point>
				<point>920.999878,891.999878</point>
			</points>
		</object>
		<object>
			<coordinate>pixel</coordinate>
			<type>rectangle</type>
			<description>None</description>
			<possibleresult>
				<name>Van</name>
			</possibleresult>
			<points>
				<point>907.000000,891.000000</point>
				<point>899.000000,897.000000</point>
				<point>887.000000,881.000000</point>
				<point>895.000000,875.000000</point>
				<point>907.000000,891.000000</point>
			</points>
		</object>
		<object>
			<coordinate>pixel</coordinate>
			<type>rectangle</type>
			<description>None</description>
			<possibleresult>
				<name>Van</name>
			</possibleresult>
			<points>
				<point>893.037842,892.044617</point>
				<point>885.999878,897.999817</point>
				<point>874.961914,884.955017</point>
				<point>881.999878,878.999817</point>
				<point>893.037842,892.044617</point>
			</points>
		</object>
		<object>
			<coordinate>pixel</coordinate>
			<type>rectangle</type>
			<description>None</description>
			<possibleresult>
				<name>Van</name>
			</possibleresult>
			<points>
				<point>879.999939,891.999939</point>
				<point>875.491760,897.409729</point>
				<point>862.999939,886.999939</point>
				<point>867.508118,881.590149</point>
				<point>879.999939,891.999939</point>
			</points>
		</object>
		<object>
			<coordinate>pixel</coordinate>
			<type>rectangle</type>
			<description>None</description>
			<possibleresult>
				<name>Van</name>
			</possibleresult>
			<points>
				<point>1000.000000,343.666748</point>
				<point>992.000000,333.000061</point>
				<point>997.760010,328.680054</point>
				<point>1005.760010,339.346741</point>
				<point>1000.000000,343.666748</point>
			</points>
		</object>
		<object>
			<coordinate>pixel</coordinate>
			<type>rectangle</type>
			<description>None</description>
			<possibleresult>
				<name>Small Car</name>
			</possibleresult>
			<points>
				<point>995.000061,343.999939</point>
				<point>988.000061,347.999939</point>
				<point>979.569275,333.246094</point>
				<point>986.569275,329.246094</point>
				<point>995.000061,343.999939</point>
			</points>
		</object>
		<object>
			<coordinate>pixel</coordinate>
			<type>rectangle</type>
			<description>None</description>
			<possibleresult>
				<name>Small Car</name>
			</possibleresult>
			<points>
				<point>983.000000,341.999969</point>
				<point>976.678955,345.403656</point>
				<point>969.678955,332.403656</point>
				<point>976.000000,328.999969</point>
				<point>983.000000,341.999969</point>
			</points>
		</object>
		<object>
			<coordinate>pixel</coordinate>
			<type>rectangle</type>
			<description>None</description>
			<possibleresult>
				<name>Small Car</name>
			</possibleresult>
			<points>
				<point>971.206909,342.482788</point>
				<point>963.000000,346.000000</point>
				<point>956.793091,331.517212</point>
				<point>965.000000,328.000000</point>
				<point>971.206909,342.482788</point>
			</points>
		</object>
		<object>
			<coordinate>pixel</coordinate>
			<type>rectangle</type>
			<description>None</description>
			<possibleresult>
				<name>Small Car</name>
			</possibleresult>
			<points>
				<point>960.000000,345.000031</point>
				<point>951.835083,348.628876</point>
				<point>943.835083,330.628876</point>
				<point>952.000000,327.000031</point>
				<point>960.000000,345.000031</point>
			</points>
		</object>
		<object>
			<coordinate>pixel</coordinate>
			<type>rectangle</type>
			<description>None</description>
			<possibleresult>
				<name>Small Car</name>
			</possibleresult>
			<points>
				<point>947.000000,345.000000</point>
				<point>938.816406,348.580322</point>
				<point>931.816406,332.580322</point>
				<point>940.000000,329.000000</point>
				<point>947.000000,345.000000</point>
			</points>
		</object>
		<object>
			<coordinate>pixel</coordinate>
			<type>rectangle</type>
			<description>None</description>
			<possibleresult>
				<name>Small Car</name>
			</possibleresult>
			<points>
				<point>934.176514,345.294128</point>
				<point>928.000000,349.000000</point>
				<point>919.000000,334.000000</point>
				<point>925.176514,330.294128</point>
				<point>934.176514,345.294128</point>
			</points>
		</object>
		<object>
			<coordinate>pixel</coordinate>
			<type>rectangle</type>
			<description>None</description>
			<possibleresult>
				<name>Small Car</name>
			</possibleresult>
			<points>
				<point>923.153748,345.230774</point>
				<point>915.999939,350.000000</point>
				<point>905.846130,334.769226</point>
				<point>912.999939,330.000000</point>
				<point>923.153748,345.230774</point>
			</points>
		</object>
		<object>
			<coordinate>pixel</coordinate>
			<type>rectangle</type>
			<description>None</description>
			<possibleresult>
				<name>Small Car</name>
			</possibleresult>
			<points>
				<point>910.332153,346.622833</point>
				<point>904.000000,349.999969</point>
				<point>896.000000,334.999969</point>
				<point>902.332153,331.622833</point>
				<point>910.332153,346.622833</point>
			</points>
		</object>
		<object>
			<coordinate>pixel</coordinate>
			<type>rectangle</type>
			<description>None</description>
			<possibleresult>
				<name>Small Car</name>
			</possibleresult>
			<points>
				<point>898.000122,346.000031</point>
				<point>889.816528,349.580353</point>
				<point>882.816528,333.580353</point>
				<point>891.000122,330.000031</point>
				<point>898.000122,346.000031</point>
			</points>
		</object>
		<object>
			<coordinate>pixel</coordinate>
			<type>rectangle</type>
			<description>None</description>
			<possibleresult>
				<name>Van</name>
			</possibleresult>
			<points>
				<point>887.000000,346.000031</point>
				<point>878.624390,351.419525</point>
				<point>867.624390,334.419525</point>
				<point>876.000000,329.000031</point>
				<point>887.000000,346.000031</point>
			</points>
		</object>
		<object>
			<coordinate>pixel</coordinate>
			<type>rectangle</type>
			<description>None</description>
			<possibleresult>
				<name>Dump Truck</name>
			</possibleresult>
			<points>
				<point>1000.000061,451.000000</point>
				<point>992.500183,443.500122</point>
				<point>1000.000061,436.000244</point>
				<point>1007.499939,443.500122</point>
				<point>1000.000061,451.000000</point>
			</points>
		</object>
		<object>
			<coordinate>pixel</coordinate>
			<type>rectangle</type>
			<description>None</description>
			<possibleresult>
				<name>Small Car</name>
			</possibleresult>
			<points>
				<point>791.332581,430.984253</point>
				<point>769.999939,432.000061</point>
				<point>769.667419,425.015869</point>
				<point>791.000061,424.000061</point>
				<point>791.332581,430.984253</point>
			</points>
		</object>
		<object>
			<coordinate>pixel</coordinate>
			<type>rectangle</type>
			<description>None</description>
			<possibleresult>
				<name>Small Car</name>
			</possibleresult>
			<points>
				<point>789.000000,451.000000</point>
				<point>771.000000,451.000000</point>
				<point>771.000000,442.000000</point>
				<point>789.000000,442.000000</point>
				<point>789.000000,451.000000</point>
			</points>
		</object>
		<object>
			<coordinate>pixel</coordinate>
			<type>rectangle</type>
			<description>None</description>
			<possibleresult>
				<name>Small Car</name>
			</possibleresult>
			<points>
				<point>792.347107,514.984924</point>
				<point>768.999939,516.000000</point>
				<point>768.652771,508.015076</point>
				<point>791.999939,507.000000</point>
				<point>792.347107,514.984924</point>
			</points>
		</object>
		<object>
			<coordinate>pixel</coordinate>
			<type>rectangle</type>
			<description>None</description>
			<possibleresult>
				<name>Van</name>
			</possibleresult>
			<points>
				<point>792.000061,533.000000</point>
				<point>770.000061,534.000000</point>
				<point>769.635071,525.971191</point>
				<point>791.635071,524.971191</point>
				<point>792.000061,533.000000</point>
			</points>
		</object>
		<object>
			<coordinate>pixel</coordinate>
			<type>rectangle</type>
			<description>None</description>
			<possibleresult>
				<name>Van</name>
			</possibleresult>
			<points>
				<point>788.000000,552.000000</point>
				<point>766.000000,552.000000</point>
				<point>766.000000,544.000000</point>
				<point>788.000000,544.000000</point>
				<point>788.000000,552.000000</point>
			</points>
		</object>
		<object>
			<coordinate>pixel</coordinate>
			<type>rectangle</type>
			<description>None</description>
			<possibleresult>
				<name>Van</name>
			</possibleresult>
			<points>
				<point>785.000000,561.000000</point>
				<point>764.000000,561.000000</point>
				<point>764.000000,554.000000</point>
				<point>785.000000,554.000000</point>
				<point>785.000000,561.000000</point>
			</points>
		</object>
		<object>
			<coordinate>pixel</coordinate>
			<type>rectangle</type>
			<description>None</description>
			<possibleresult>
				<name>Dump Truck</name>
			</possibleresult>
			<points>
				<point>838.000000,606.000061</point>
				<point>837.000000,627.000061</point>
				<point>825.977417,626.475159</point>
				<point>826.977417,605.475159</point>
				<point>838.000000,606.000061</point>
			</points>
		</object>
		<object>
			<coordinate>pixel</coordinate>
			<type>rectangle</type>
			<description>None</description>
			<possibleresult>
				<name>Van</name>
			</possibleresult>
			<points>
				<point>787.380127,627.981995</point>
				<point>766.000000,629.000061</point>
				<point>765.619873,621.018127</point>
				<point>787.000000,620.000061</point>
				<point>787.380127,627.981995</point>
			</points>
		</object>
		<object>
			<coordinate>pixel</coordinate>
			<type>rectangle</type>
			<description>None</description>
			<possibleresult>
				<name>Van</name>
			</possibleresult>
			<points>
				<point>790.408203,638.981445</point>
				<point>768.000000,640.000000</point>
				<point>767.591797,631.018555</point>
				<point>790.000000,630.000000</point>
				<point>790.408203,638.981445</point>
			</points>
		</object>
		<object>
			<coordinate>pixel</coordinate>
			<type>rectangle</type>
			<description>None</description>
			<possibleresult>
				<name>Van</name>
			</possibleresult>
			<points>
				<point>785.448853,657.977539</point>
				<point>765.000000,659.000000</point>
				<point>764.551147,650.022461</point>
				<point>785.000000,649.000000</point>
				<point>785.448853,657.977539</point>
			</points>
		</object>
		<object>
			<coordinate>pixel</coordinate>
			<type>rectangle</type>
			<description>None</description>
			<possibleresult>
				<name>Small Car</name>
			</possibleresult>
			<points>
				<point>837.000000,700.000000</point>
				<point>828.000000,700.000000</point>
				<point>828.000000,684.000000</point>
				<point>837.000000,684.000000</point>
				<point>837.000000,700.000000</point>
			</points>
		</object>
		<object>
			<coordinate>pixel</coordinate>
			<type>rectangle</type>
			<description>None</description>
			<possibleresult>
				<name>Van</name>
			</possibleresult>
			<points>
				<point>839.023376,660.626465</point>
				<point>838.023376,676.626465</point>
				<point>828.000061,676.000000</point>
				<point>829.000061,660.000000</point>
				<point>839.023376,660.626465</point>
			</points>
		</object>
		<object>
			<coordinate>pixel</coordinate>
			<type>rectangle</type>
			<description>None</description>
			<possibleresult>
				<name>Small Car</name>
			</possibleresult>
			<points>
				<point>839.000000,723.000000</point>
				<point>829.000000,723.000000</point>
				<point>829.000000,706.000000</point>
				<point>839.000000,706.000000</point>
				<point>839.000000,723.000000</point>
			</points>
		</object>
		<object>
			<coordinate>pixel</coordinate>
			<type>rectangle</type>
			<description>None</description>
			<possibleresult>
				<name>Van</name>
			</possibleresult>
			<points>
				<point>793.000000,738.000000</point>
				<point>771.000000,738.000000</point>
				<point>771.000000,729.000000</point>
				<point>793.000000,729.000000</point>
				<point>793.000000,738.000000</point>
			</points>
		</object>
		<object>
			<coordinate>pixel</coordinate>
			<type>rectangle</type>
			<description>None</description>
			<possibleresult>
				<name>Small Car</name>
			</possibleresult>
			<points>
				<point>799.422668,773.030457</point>
				<point>780.422668,774.030457</point>
				<point>780.000061,766.000061</point>
				<point>799.000061,765.000061</point>
				<point>799.422668,773.030457</point>
			</points>
		</object>
		<object>
			<coordinate>pixel</coordinate>
			<type>rectangle</type>
			<description>None</description>
			<possibleresult>
				<name>Small Car</name>
			</possibleresult>
			<points>
				<point>797.764160,788.022461</point>
				<point>776.764160,790.022461</point>
				<point>776.000122,782.000000</point>
				<point>797.000122,780.000000</point>
				<point>797.764160,788.022461</point>
			</points>
		</object>
		<object>
			<coordinate>pixel</coordinate>
			<type>rectangle</type>
			<description>None</description>
			<possibleresult>
				<name>Van</name>
			</possibleresult>
			<points>
				<point>798.419861,807.977905</point>
				<point>778.999939,809.000000</point>
				<point>778.580017,801.022095</point>
				<point>797.999939,800.000000</point>
				<point>798.419861,807.977905</point>
			</points>
		</object>
		<object>
			<coordinate>pixel</coordinate>
			<type>rectangle</type>
			<description>None</description>
			<possibleresult>
				<name>Van</name>
			</possibleresult>
			<points>
				<point>838.000000,813.000000</point>
				<point>828.000000,813.000000</point>
				<point>828.000000,795.000000</point>
				<point>838.000000,795.000000</point>
				<point>838.000000,813.000000</point>
			</points>
		</object>
		<object>
			<coordinate>pixel</coordinate>
			<type>rectangle</type>
			<description>None</description>
			<possibleresult>
				<name>Van</name>
			</possibleresult>
			<points>
				<point>839.000000,835.000061</point>
				<point>831.031128,835.498108</point>
				<point>830.000000,819.000061</point>
				<point>837.968872,818.502014</point>
				<point>839.000000,835.000061</point>
			</points>
		</object>
		<object>
			<coordinate>pixel</coordinate>
			<type>rectangle</type>
			<description>None</description>
			<possibleresult>
				<name>Van</name>
			</possibleresult>
			<points>
				<point>799.000000,862.000000</point>
				<point>781.413818,863.034424</point>
				<point>781.000000,856.000000</point>
				<point>798.586182,854.965576</point>
				<point>799.000000,862.000000</point>
			</points>
		</object>
		<object>
			<coordinate>pixel</coordinate>
			<type>rectangle</type>
			<description>None</description>
			<possibleresult>
				<name>Van</name>
			</possibleresult>
			<points>
				<point>802.000000,892.000000</point>
				<point>779.000000,892.000000</point>
				<point>779.000000,882.000000</point>
				<point>802.000000,882.000000</point>
				<point>802.000000,892.000000</point>
			</points>
		</object>
		<object>
			<coordinate>pixel</coordinate>
			<type>rectangle</type>
			<description>None</description>
			<possibleresult>
				<name>Van</name>
			</possibleresult>
			<points>
				<point>801.000000,909.000000</point>
				<point>780.000000,909.000000</point>
				<point>780.000000,901.000000</point>
				<point>801.000000,901.000000</point>
				<point>801.000000,909.000000</point>
			</points>
		</object>
		<object>
			<coordinate>pixel</coordinate>
			<type>rectangle</type>
			<description>None</description>
			<possibleresult>
				<name>Small Car</name>
			</possibleresult>
			<points>
				<point>801.364929,918.028870</point>
				<point>779.364929,919.028870</point>
				<point>778.999939,911.000061</point>
				<point>800.999939,910.000061</point>
				<point>801.364929,918.028870</point>
			</points>
		</object>
		<object>
			<coordinate>pixel</coordinate>
			<type>rectangle</type>
			<description>None</description>
			<possibleresult>
				<name>Small Car</name>
			</possibleresult>
			<points>
				<point>801.000000,927.000000</point>
				<point>781.000000,927.000000</point>
				<point>781.000000,919.000000</point>
				<point>801.000000,919.000000</point>
				<point>801.000000,927.000000</point>
			</points>
		</object>
		<object>
			<coordinate>pixel</coordinate>
			<type>rectangle</type>
			<description>None</description>
			<possibleresult>
				<name>Dump Truck</name>
			</possibleresult>
			<points>
				<point>806.000000,937.000000</point>
				<point>778.000000,937.000000</point>
				<point>778.000000,928.000000</point>
				<point>806.000000,928.000000</point>
				<point>806.000000,937.000000</point>
			</points>
		</object>
		<object>
			<coordinate>pixel</coordinate>
			<type>rectangle</type>
			<description>None</description>
			<possibleresult>
				<name>Small Car</name>
			</possibleresult>
			<points>
				<point>892.999878,841.999939</point>
				<point>882.590088,854.491760</point>
				<point>875.999878,848.999939</point>
				<point>886.409668,836.508118</point>
				<point>892.999878,841.999939</point>
			</points>
		</object>
		<object>
			<coordinate>pixel</coordinate>
			<type>rectangle</type>
			<description>None</description>
			<possibleresult>
				<name>Van</name>
			</possibleresult>
			<points>
				<point>906.239929,841.680054</point>
				<point>896.999939,854.000000</point>
				<point>890.759949,849.319946</point>
				<point>899.999939,837.000000</point>
				<point>906.239929,841.680054</point>
			</points>
		</object>
		<object>
			<coordinate>pixel</coordinate>
			<type>rectangle</type>
			<description>None</description>
			<possibleresult>
				<name>Van</name>
			</possibleresult>
			<points>
				<point>919.999939,842.999878</point>
				<point>908.961975,856.044678</point>
				<point>902.999939,850.999878</point>
				<point>914.037903,837.955078</point>
				<point>919.999939,842.999878</point>
			</points>
		</object>
		<object>
			<coordinate>pixel</coordinate>
			<type>rectangle</type>
			<description>None</description>
			<possibleresult>
				<name>Van</name>
			</possibleresult>
			<points>
				<point>934.000000,844.000000</point>
				<point>924.520020,856.640015</point>
				<point>917.000000,851.000000</point>
				<point>926.479980,838.359985</point>
				<point>934.000000,844.000000</point>
			</points>
		</object>
		<object>
			<coordinate>pixel</coordinate>
			<type>rectangle</type>
			<description>None</description>
			<possibleresult>
				<name>Small Car</name>
			</possibleresult>
			<points>
				<point>945.149475,841.439880</point>
				<point>941.000061,857.000061</point>
				<point>931.850647,854.560242</point>
				<point>936.000061,839.000061</point>
				<point>945.149475,841.439880</point>
			</points>
		</object>
		<object>
			<coordinate>pixel</coordinate>
			<type>rectangle</type>
			<description>None</description>
			<possibleresult>
				<name>Van</name>
			</possibleresult>
			<points>
				<point>959.000122,844.000122</point>
				<point>952.800171,856.400146</point>
				<point>944.000122,852.000122</point>
				<point>950.200073,839.600098</point>
				<point>959.000122,844.000122</point>
			</points>
		</object>
		<object>
			<coordinate>pixel</coordinate>
			<type>rectangle</type>
			<description>None</description>
			<possibleresult>
				<name>Small Car</name>
			</possibleresult>
			<points>
				<point>976.000061,843.000061</point>
				<point>964.936462,858.086731</point>
				<point>958.000061,853.000061</point>
				<point>969.063660,837.913391</point>
				<point>976.000061,843.000061</point>
			</points>
		</object>
		<object>
			<coordinate>pixel</coordinate>
			<type>rectangle</type>
			<description>None</description>
			<possibleresult>
				<name>Van</name>
			</possibleresult>
			<points>
				<point>988.395996,841.427979</point>
				<point>979.000000,855.000000</point>
				<point>972.604004,850.572021</point>
				<point>982.000000,837.000000</point>
				<point>988.395996,841.427979</point>
			</points>
		</object>
		<object>
			<coordinate>pixel</coordinate>
			<type>rectangle</type>
			<description>None</description>
			<possibleresult>
				<name>Small Car</name>
			</possibleresult>
			<points>
				<point>1000.000000,839.000000</point>
				<point>1000.000000,847.999695</point>
				<point>994.153687,856.769165</point>
				<point>986.999878,851.999878</point>
				<point>1000.000000,839.000000</point>
			</points>
		</object>
		<object>
			<coordinate>pixel</coordinate>
			<type>rectangle</type>
			<description>None</description>
			<possibleresult>
				<name>Small Car</name>
			</possibleresult>
			<points>
				<point>77.000000,508.000000</point>
				<point>69.000000,508.000000</point>
				<point>69.000000,492.000000</point>
				<point>77.000000,492.000000</point>
				<point>77.000000,508.000000</point>
			</points>
		</object>
		<object>
			<coordinate>pixel</coordinate>
			<type>rectangle</type>
			<description>None</description>
			<possibleresult>
				<name>Small Car</name>
			</possibleresult>
			<points>
				<point>78.000000,470.000000</point>
				<point>69.000000,470.000000</point>
				<point>69.000000,454.000000</point>
				<point>78.000000,454.000000</point>
				<point>78.000000,470.000000</point>
			</points>
		</object>
		<object>
			<coordinate>pixel</coordinate>
			<type>rectangle</type>
			<description>None</description>
			<possibleresult>
				<name>Small Car</name>
			</possibleresult>
			<points>
				<point>53.024139,152.410339</point>
				<point>43.000000,153.000000</point>
				<point>41.975861,135.589661</point>
				<point>52.000000,135.000000</point>
				<point>53.024139,152.410339</point>
			</points>
		</object>
		<object>
			<coordinate>pixel</coordinate>
			<type>rectangle</type>
			<description>None</description>
			<possibleresult>
				<name>Small Car</name>
			</possibleresult>
			<points>
				<point>172.380112,318.981903</point>
				<point>151.000015,320.000031</point>
				<point>150.619919,312.018158</point>
				<point>172.000015,311.000031</point>
				<point>172.380112,318.981903</point>
			</points>
		</object>
		<object>
			<coordinate>pixel</coordinate>
			<type>rectangle</type>
			<description>None</description>
			<possibleresult>
				<name>Small Car</name>
			</possibleresult>
			<points>
				<point>191.999985,487.000000</point>
				<point>169.364944,488.028870</point>
				<point>168.999985,480.000000</point>
				<point>191.635025,478.971130</point>
				<point>191.999985,487.000000</point>
			</points>
		</object>
		<object>
			<coordinate>pixel</coordinate>
			<type>rectangle</type>
			<description>None</description>
			<possibleresult>
				<name>Small Car</name>
			</possibleresult>
			<points>
				<point>260.307678,637.538391</point>
				<point>252.000000,649.999939</point>
				<point>243.692307,644.461487</point>
				<point>251.999969,631.999939</point>
				<point>260.307678,637.538391</point>
			</points>
		</object>
		<object>
			<coordinate>pixel</coordinate>
			<type>rectangle</type>
			<description>None</description>
			<possibleresult>
				<name>Van</name>
			</possibleresult>
			<points>
				<point>423.367401,821.980652</point>
				<point>403.999969,822.999939</point>
				<point>403.632538,816.019226</point>
				<point>422.999969,814.999939</point>
				<point>423.367401,821.980652</point>
			</points>
		</object>
		<object>
			<coordinate>pixel</coordinate>
			<type>rectangle</type>
			<description>None</description>
			<possibleresult>
				<name>Van</name>
			</possibleresult>
			<points>
				<point>420.000000,813.000061</point>
				<point>401.000000,814.000061</point>
				<point>400.629822,806.966858</point>
				<point>419.629822,805.966858</point>
				<point>420.000000,813.000061</point>
			</points>
		</object>
		<object>
			<coordinate>pixel</coordinate>
			<type>rectangle</type>
			<description>None</description>
			<possibleresult>
				<name>Small Car</name>
			</possibleresult>
			<points>
				<point>423.000031,793.000000</point>
				<point>401.858429,795.013428</point>
				<point>401.000031,786.000000</point>
				<point>422.141632,783.986572</point>
				<point>423.000031,793.000000</point>
			</points>
		</object>
		<object>
			<coordinate>pixel</coordinate>
			<type>rectangle</type>
			<description>None</description>
			<possibleresult>
				<name>Small Car</name>
			</possibleresult>
			<points>
				<point>476.000000,830.000000</point>
				<point>464.000000,830.000000</point>
				<point>464.000000,821.000000</point>
				<point>476.000000,821.000000</point>
				<point>476.000000,830.000000</point>
			</points>
		</object>
		<object>
			<coordinate>pixel</coordinate>
			<type>rectangle</type>
			<description>None</description>
			<possibleresult>
				<name>Small Car</name>
			</possibleresult>
			<points>
				<point>476.000000,818.999939</point>
				<point>462.541199,820.035217</point>
				<point>462.000000,812.999939</point>
				<point>475.458801,811.964661</point>
				<point>476.000000,818.999939</point>
			</points>
		</object>
		<object>
			<coordinate>pixel</coordinate>
			<type>rectangle</type>
			<description>None</description>
			<possibleresult>
				<name>Small Car</name>
			</possibleresult>
			<points>
				<point>483.000061,811.000061</point>
				<point>460.819763,813.016418</point>
				<point>460.000061,804.000061</point>
				<point>482.180359,801.983704</point>
				<point>483.000061,811.000061</point>
			</points>
		</object>
		<object>
			<coordinate>pixel</coordinate>
			<type>rectangle</type>
			<description>None</description>
			<possibleresult>
				<name>Van</name>
			</possibleresult>
			<points>
				<point>480.380096,801.981934</point>
				<point>459.000031,803.000000</point>
				<point>458.619965,795.018066</point>
				<point>480.000031,794.000000</point>
				<point>480.380096,801.981934</point>
			</points>
		</object>
		<object>
			<coordinate>pixel</coordinate>
			<type>rectangle</type>
			<description>None</description>
			<possibleresult>
				<name>Van</name>
			</possibleresult>
			<points>
				<point>479.000000,767.000000</point>
				<point>456.000000,767.000000</point>
				<point>456.000000,757.000000</point>
				<point>479.000000,757.000000</point>
				<point>479.000000,767.000000</point>
			</points>
		</object>
		<object>
			<coordinate>pixel</coordinate>
			<type>rectangle</type>
			<description>None</description>
			<possibleresult>
				<name>Van</name>
			</possibleresult>
			<points>
				<point>482.000031,747.000000</point>
				<point>458.870575,749.011230</point>
				<point>458.000031,739.000000</point>
				<point>481.129486,736.988770</point>
				<point>482.000031,747.000000</point>
			</points>
		</object>
		<object>
			<coordinate>pixel</coordinate>
			<type>rectangle</type>
			<description>None</description>
			<possibleresult>
				<name>Small Car</name>
			</possibleresult>
			<points>
				<point>424.000031,767.000061</point>
				<point>401.000031,769.000061</point>
				<point>400.215790,759.981262</point>
				<point>423.215790,757.981262</point>
				<point>424.000031,767.000061</point>
			</points>
		</object>
		<object>
			<coordinate>pixel</coordinate>
			<type>rectangle</type>
			<description>None</description>
			<possibleresult>
				<name>Van</name>
			</possibleresult>
			<points>
				<point>419.000000,741.000000</point>
				<point>399.000000,741.000000</point>
				<point>399.000000,732.000000</point>
				<point>419.000000,732.000000</point>
				<point>419.000000,741.000000</point>
			</points>
		</object>
		<object>
			<coordinate>pixel</coordinate>
			<type>rectangle</type>
			<description>None</description>
			<possibleresult>
				<name>Van</name>
			</possibleresult>
			<points>
				<point>419.058044,729.993103</point>
				<point>402.000000,731.999939</point>
				<point>400.941956,723.006775</point>
				<point>418.000000,720.999939</point>
				<point>419.058044,729.993103</point>
			</points>
		</object>
		<object>
			<coordinate>pixel</coordinate>
			<type>rectangle</type>
			<description>None</description>
			<possibleresult>
				<name>Van</name>
			</possibleresult>
			<points>
				<point>479.419861,696.977966</point>
				<point>459.999939,698.000061</point>
				<point>459.580078,690.022156</point>
				<point>479.000000,689.000061</point>
				<point>479.419861,696.977966</point>
			</points>
		</object>
		<object>
			<coordinate>pixel</coordinate>
			<type>rectangle</type>
			<description>None</description>
			<possibleresult>
				<name>Van</name>
			</possibleresult>
			<points>
				<point>480.999939,688.999878</point>
				<point>458.999939,689.999878</point>
				<point>458.635010,681.971069</point>
				<point>480.635010,680.971069</point>
				<point>480.999939,688.999878</point>
			</points>
		</object>
		<object>
			<coordinate>pixel</coordinate>
			<type>rectangle</type>
			<description>None</description>
			<possibleresult>
				<name>Van</name>
			</possibleresult>
			<points>
				<point>477.000000,680.000000</point>
				<point>458.000000,680.000000</point>
				<point>458.000000,672.000000</point>
				<point>477.000000,672.000000</point>
				<point>477.000000,680.000000</point>
			</points>
		</object>
		<object>
			<coordinate>pixel</coordinate>
			<type>rectangle</type>
			<description>None</description>
			<possibleresult>
				<name>Van</name>
			</possibleresult>
			<points>
				<point>477.000000,671.000000</point>
				<point>457.000000,671.000000</point>
				<point>457.000000,663.000000</point>
				<point>477.000000,663.000000</point>
				<point>477.000000,671.000000</point>
			</points>
		</object>
		<object>
			<coordinate>pixel</coordinate>
			<type>rectangle</type>
			<description>None</description>
			<possibleresult>
				<name>Small Car</name>
			</possibleresult>
			<points>
				<point>420.832916,679.912354</point>
				<point>401.000031,682.000000</point>
				<point>400.167145,674.087646</point>
				<point>420.000031,672.000000</point>
				<point>420.832916,679.912354</point>
			</points>
		</object>
		<object>
			<coordinate>pixel</coordinate>
			<type>rectangle</type>
			<description>None</description>
			<possibleresult>
				<name>Small Car</name>
			</possibleresult>
			<points>
				<point>422.000061,654.999939</point>
				<point>403.000061,655.999939</point>
				<point>402.524902,646.972351</point>
				<point>421.524902,645.972351</point>
				<point>422.000061,654.999939</point>
			</points>
		</object>
		<object>
			<coordinate>pixel</coordinate>
			<type>rectangle</type>
			<description>None</description>
			<possibleresult>
				<name>Van</name>
			</possibleresult>
			<points>
				<point>480.000031,661.000061</point>
				<point>459.000031,662.000061</point>
				<point>458.617706,653.970642</point>
				<point>479.617706,652.970642</point>
				<point>480.000031,661.000061</point>
			</points>
		</object>
		<object>
			<coordinate>pixel</coordinate>
			<type>rectangle</type>
			<description>None</description>
			<possibleresult>
				<name>Small Car</name>
			</possibleresult>
			<points>
				<point>478.000031,652.000000</point>
				<point>458.000031,653.000000</point>
				<point>457.598541,644.970093</point>
				<point>477.598541,643.970093</point>
				<point>478.000031,652.000000</point>
			</points>
		</object>
		<object>
			<coordinate>pixel</coordinate>
			<type>rectangle</type>
			<description>None</description>
			<possibleresult>
				<name>Small Car</name>
			</possibleresult>
			<points>
				<point>477.755096,633.928162</point>
				<point>456.755096,635.928162</point>
				<point>456.000031,628.000061</point>
				<point>477.000031,626.000061</point>
				<point>477.755096,633.928162</point>
			</points>
		</object>
		<object>
			<coordinate>pixel</coordinate>
			<type>rectangle</type>
			<description>None</description>
			<possibleresult>
				<name>Van</name>
			</possibleresult>
			<points>
				<point>423.000000,646.000000</point>
				<point>400.000000,646.000000</point>
				<point>400.000000,637.000000</point>
				<point>423.000000,637.000000</point>
				<point>423.000000,646.000000</point>
			</points>
		</object>
		<object>
			<coordinate>pixel</coordinate>
			<type>rectangle</type>
			<description>None</description>
			<possibleresult>
				<name>Van</name>
			</possibleresult>
			<points>
				<point>417.000000,617.000061</point>
				<point>398.000000,618.000061</point>
				<point>397.629822,610.966858</point>
				<point>416.629822,609.966858</point>
				<point>417.000000,617.000061</point>
			</points>
		</object>
		<object>
			<coordinate>pixel</coordinate>
			<type>rectangle</type>
			<description>None</description>
			<possibleresult>
				<name>Small Car</name>
			</possibleresult>
			<points>
				<point>477.382385,606.029480</point>
				<point>456.382385,607.029480</point>
				<point>456.000061,599.000061</point>
				<point>477.000061,598.000061</point>
				<point>477.382385,606.029480</point>
			</points>
		</object>
		<object>
			<coordinate>pixel</coordinate>
			<type>rectangle</type>
			<description>None</description>
			<possibleresult>
				<name>Small Car</name>
			</possibleresult>
			<points>
				<point>478.000000,623.000061</point>
				<point>459.000000,626.000061</point>
				<point>457.564880,616.910828</point>
				<point>476.564880,613.910828</point>
				<point>478.000000,623.000061</point>
			</points>
		</object>
		<object>
			<coordinate>pixel</coordinate>
			<type>rectangle</type>
			<description>None</description>
			<possibleresult>
				<name>Small Car</name>
			</possibleresult>
			<points>
				<point>420.000000,599.000000</point>
				<point>400.098999,600.990112</point>
				<point>399.098999,590.990112</point>
				<point>419.000000,589.000000</point>
				<point>420.000000,599.000000</point>
			</points>
		</object>
		<object>
			<coordinate>pixel</coordinate>
			<type>rectangle</type>
			<description>None</description>
			<possibleresult>
				<name>Small Car</name>
			</possibleresult>
			<points>
				<point>422.000000,573.000000</point>
				<point>402.000000,573.000000</point>
				<point>402.000000,565.000000</point>
				<point>422.000000,565.000000</point>
				<point>422.000000,573.000000</point>
			</points>
		</object>
		<object>
			<coordinate>pixel</coordinate>
			<type>rectangle</type>
			<description>None</description>
			<possibleresult>
				<name>Dump Truck</name>
			</possibleresult>
			<points>
				<point>478.362946,567.983459</point>
				<point>456.000031,568.999939</point>
				<point>455.637115,561.016418</point>
				<point>478.000031,559.999939</point>
				<point>478.362946,567.983459</point>
			</points>
		</object>
		<object>
			<coordinate>pixel</coordinate>
			<type>rectangle</type>
			<description>None</description>
			<possibleresult>
				<name>Van</name>
			</possibleresult>
			<points>
				<point>477.000000,559.000000</point>
				<point>457.370178,560.033203</point>
				<point>457.000000,553.000000</point>
				<point>476.629822,551.966797</point>
				<point>477.000000,559.000000</point>
			</points>
		</object>
		<object>
			<coordinate>pixel</coordinate>
			<type>rectangle</type>
			<description>None</description>
			<possibleresult>
				<name>Small Car</name>
			</possibleresult>
			<points>
				<point>477.000000,542.000000</point>
				<point>455.000000,542.000000</point>
				<point>455.000000,534.000000</point>
				<point>477.000000,534.000000</point>
				<point>477.000000,542.000000</point>
			</points>
		</object>
		<object>
			<coordinate>pixel</coordinate>
			<type>rectangle</type>
			<description>None</description>
			<possibleresult>
				<name>Van</name>
			</possibleresult>
			<points>
				<point>479.390564,531.983032</point>
				<point>456.000000,533.000000</point>
				<point>455.609436,524.016968</point>
				<point>479.000000,523.000000</point>
				<point>479.390564,531.983032</point>
			</points>
		</object>
		<object>
			<coordinate>pixel</coordinate>
			<type>rectangle</type>
			<description>None</description>
			<possibleresult>
				<name>Small Car</name>
			</possibleresult>
			<points>
				<point>478.000000,523.000000</point>
				<point>458.000000,523.000000</point>
				<point>458.000000,514.000000</point>
				<point>478.000000,514.000000</point>
				<point>478.000000,523.000000</point>
			</points>
		</object>
		<object>
			<coordinate>pixel</coordinate>
			<type>rectangle</type>
			<description>None</description>
			<possibleresult>
				<name>Van</name>
			</possibleresult>
			<points>
				<point>479.000000,513.000000</point>
				<point>460.000000,513.000000</point>
				<point>460.000000,506.000000</point>
				<point>479.000000,506.000000</point>
				<point>479.000000,513.000000</point>
			</points>
		</object>
		<object>
			<coordinate>pixel</coordinate>
			<type>rectangle</type>
			<description>None</description>
			<possibleresult>
				<name>Van</name>
			</possibleresult>
			<points>
				<point>480.000031,504.000000</point>
				<point>459.401520,505.029907</point>
				<point>459.000031,497.000000</point>
				<point>479.598541,495.970093</point>
				<point>480.000031,504.000000</point>
			</points>
		</object>
		<object>
			<coordinate>pixel</coordinate>
			<type>rectangle</type>
			<description>None</description>
			<possibleresult>
				<name>Small Car</name>
			</possibleresult>
			<points>
				<point>506.000000,212.000000</point>
				<point>498.000000,212.000000</point>
				<point>498.000000,197.000000</point>
				<point>506.000000,197.000000</point>
				<point>506.000000,212.000000</point>
			</points>
		</object>
		<object>
			<coordinate>pixel</coordinate>
			<type>rectangle</type>
			<description>None</description>
			<possibleresult>
				<name>Van</name>
			</possibleresult>
			<points>
				<point>520.000000,215.000000</point>
				<point>510.000000,215.000000</point>
				<point>510.000000,200.000000</point>
				<point>520.000000,200.000000</point>
				<point>520.000000,215.000000</point>
			</points>
		</object>
		<object>
			<coordinate>pixel</coordinate>
			<type>rectangle</type>
			<description>None</description>
			<possibleresult>
				<name>Small Car</name>
			</possibleresult>
			<points>
				<point>509.459106,231.049225</point>
				<point>498.459106,232.049225</point>
				<point>497.000061,216.000031</point>
				<point>508.000061,215.000031</point>
				<point>509.459106,231.049225</point>
			</points>
		</object>
		<object>
			<coordinate>pixel</coordinate>
			<type>rectangle</type>
			<description>None</description>
			<possibleresult>
				<name>Small Car</name>
			</possibleresult>
			<points>
				<point>419.000000,244.000000</point>
				<point>410.000000,244.000000</point>
				<point>410.000000,230.000000</point>
				<point>419.000000,230.000000</point>
				<point>419.000000,244.000000</point>
			</points>
		</object>
		<object>
			<coordinate>pixel</coordinate>
			<type>rectangle</type>
			<description>None</description>
			<possibleresult>
				<name>Small Car</name>
			</possibleresult>
			<points>
				<point>409.000000,245.000000</point>
				<point>399.000000,245.000000</point>
				<point>399.000000,230.000000</point>
				<point>409.000000,230.000000</point>
				<point>409.000000,245.000000</point>
			</points>
		</object>
		<object>
			<coordinate>pixel</coordinate>
			<type>rectangle</type>
			<description>None</description>
			<possibleresult>
				<name>Small Car</name>
			</possibleresult>
			<points>
				<point>867.999939,50.000011</point>
				<point>844.999939,54.000011</point>
				<point>843.421936,44.926617</point>
				<point>866.421936,40.926617</point>
				<point>867.999939,50.000011</point>
			</points>
		</object>
		<object>
			<coordinate>pixel</coordinate>
			<type>rectangle</type>
			<description>None</description>
			<possibleresult>
				<name>Intersection</name>
			</possibleresult>
			<points>
				<point>85.812149,292.016907</point>
				<point>85.000000,331.000000</point>
				<point>36.187851,329.983093</point>
				<point>37.000000,291.000000</point>
				<point>85.812149,292.016907</point>
			</points>
		</object>
	</objects>
</annotation>