<?xml version="1.0" encoding="utf-8"?>
<annotation>
	<source>
		<filename>1244.tif</filename>
		<origin>GF2/GF3</origin>
	</source>
	<research>
		<version>1.0</version>
		<provider>FAIR1M</provider>
		<author>Cyber</author>
		<pluginname>FAIR1M</pluginname>
		<pluginclass>object detection</pluginclass>
		<time>2021-03</time>
	</research>
	<size>
		<width>1000</width>
		<height>1000</height>
		<depth>3</depth>
	</size>
	<objects>
		<object>
			<coordinate>pixel</coordinate>
			<type>rectangle</type>
			<description>None</description>
			<possibleresult>
				<name>A220</name>
			</possibleresult>
			<points>
				<point>100.000000,149.000000</point>
				<point>102.000000,194.000000</point>
				<point>146.000000,192.000000</point>
				<point>144.000000,148.000000</point>
				<point>100.000000,149.000000</point>
			</points>
		</object>
		<object>
			<coordinate>pixel</coordinate>
			<type>rectangle</type>
			<description>None</description>
			<possibleresult>
				<name>Boeing777</name>
			</possibleresult>
			<points>
				<point>208.000000,87.000000</point>
				<point>277.000000,78.000000</point>
				<point>270.000000,18.000000</point>
				<point>201.000000,26.000000</point>
				<point>208.000000,87.000000</point>
			</points>
		</object>
	</objects>
</annotation>