<?xml version="1.0" encoding="utf-8"?>
<annotation>
	<source>
		<filename>1245.tif</filename>
		<origin>GF2/GF3</origin>
	</source>
	<research>
		<version>1.0</version>
		<provider>FAIR1M</provider>
		<author>Cyber</author>
		<pluginname>FAIR1M</pluginname>
		<pluginclass>object detection</pluginclass>
		<time>2021-03</time>
	</research>
	<size>
		<width>1000</width>
		<height>1000</height>
		<depth>3</depth>
	</size>
	<objects>
		<object>
			<coordinate>pixel</coordinate>
			<type>rectangle</type>
			<description>None</description>
			<possibleresult>
				<name>Van</name>
			</possibleresult>
			<points>
				<point>344.048889,953.992676</point>
				<point>324.048889,956.992676</point>
				<point>323.000000,950.000000</point>
				<point>343.000000,947.000000</point>
				<point>344.048889,953.992676</point>
			</points>
		</object>
		<object>
			<coordinate>pixel</coordinate>
			<type>rectangle</type>
			<description>None</description>
			<possibleresult>
				<name>Van</name>
			</possibleresult>
			<points>
				<point>349.000000,965.000000</point>
				<point>327.000000,965.000000</point>
				<point>327.000000,958.000000</point>
				<point>349.000000,958.000000</point>
				<point>349.000000,965.000000</point>
			</points>
		</object>
		<object>
			<coordinate>pixel</coordinate>
			<type>rectangle</type>
			<description>None</description>
			<possibleresult>
				<name>Van</name>
			</possibleresult>
			<points>
				<point>348.048889,972.992737</point>
				<point>328.000000,976.000061</point>
				<point>326.951111,969.007385</point>
				<point>347.000000,966.000061</point>
				<point>348.048889,972.992737</point>
			</points>
		</object>
		<object>
			<coordinate>pixel</coordinate>
			<type>rectangle</type>
			<description>None</description>
			<possibleresult>
				<name>Van</name>
			</possibleresult>
			<points>
				<point>349.380096,983.981995</point>
				<point>328.000031,985.000061</point>
				<point>327.619965,977.018127</point>
				<point>349.000031,976.000061</point>
				<point>349.380096,983.981995</point>
			</points>
		</object>
		<object>
			<coordinate>pixel</coordinate>
			<type>rectangle</type>
			<description>None</description>
			<possibleresult>
				<name>Van</name>
			</possibleresult>
			<points>
				<point>352.000061,992.000122</point>
				<point>331.000061,993.000122</point>
				<point>330.712708,986.966187</point>
				<point>351.712708,985.966187</point>
				<point>352.000061,992.000122</point>
			</points>
		</object>
		<object>
			<coordinate>pixel</coordinate>
			<type>rectangle</type>
			<description>None</description>
			<possibleresult>
				<name>Small Car</name>
			</possibleresult>
			<points>
				<point>600.000061,948.000061</point>
				<point>592.000061,949.000061</point>
				<point>590.000061,933.000061</point>
				<point>598.000061,932.000061</point>
				<point>600.000061,948.000061</point>
			</points>
		</object>
		<object>
			<coordinate>pixel</coordinate>
			<type>rectangle</type>
			<description>None</description>
			<possibleresult>
				<name>Small Car</name>
			</possibleresult>
			<points>
				<point>610.033752,945.609253</point>
				<point>602.999939,946.000000</point>
				<point>601.999939,928.000000</point>
				<point>609.033752,927.609253</point>
				<point>610.033752,945.609253</point>
			</points>
		</object>
		<object>
			<coordinate>pixel</coordinate>
			<type>rectangle</type>
			<description>None</description>
			<possibleresult>
				<name>Van</name>
			</possibleresult>
			<points>
				<point>624.000061,943.000122</point>
				<point>616.000061,944.000122</point>
				<point>614.000061,928.000122</point>
				<point>622.000061,927.000122</point>
				<point>624.000061,943.000122</point>
			</points>
		</object>
		<object>
			<coordinate>pixel</coordinate>
			<type>rectangle</type>
			<description>None</description>
			<possibleresult>
				<name>Small Car</name>
			</possibleresult>
			<points>
				<point>572.000000,946.000000</point>
				<point>564.000000,946.000000</point>
				<point>564.000000,931.000000</point>
				<point>572.000000,931.000000</point>
				<point>572.000000,946.000000</point>
			</points>
		</object>
		<object>
			<coordinate>pixel</coordinate>
			<type>rectangle</type>
			<description>None</description>
			<possibleresult>
				<name>Dump Truck</name>
			</possibleresult>
			<points>
				<point>586.000000,950.000000</point>
				<point>577.000000,950.000000</point>
				<point>577.000000,931.000000</point>
				<point>586.000000,931.000000</point>
				<point>586.000000,950.000000</point>
			</points>
		</object>
		<object>
			<coordinate>pixel</coordinate>
			<type>rectangle</type>
			<description>None</description>
			<possibleresult>
				<name>Van</name>
			</possibleresult>
			<points>
				<point>633.000000,889.000122</point>
				<point>625.000000,890.000122</point>
				<point>623.369263,876.953979</point>
				<point>631.369263,875.953979</point>
				<point>633.000000,889.000122</point>
			</points>
		</object>
		<object>
			<coordinate>pixel</coordinate>
			<type>rectangle</type>
			<description>None</description>
			<possibleresult>
				<name>Van</name>
			</possibleresult>
			<points>
				<point>649.058777,888.764587</point>
				<point>640.058777,890.764587</point>
				<point>636.999939,876.999939</point>
				<point>645.999939,874.999939</point>
				<point>649.058777,888.764587</point>
			</points>
		</object>
		<object>
			<coordinate>pixel</coordinate>
			<type>rectangle</type>
			<description>None</description>
			<possibleresult>
				<name>Small Car</name>
			</possibleresult>
			<points>
				<point>622.104858,889.786011</point>
				<point>613.000000,891.000000</point>
				<point>611.000000,876.000000</point>
				<point>620.104858,874.786011</point>
				<point>622.104858,889.786011</point>
			</points>
		</object>
		<object>
			<coordinate>pixel</coordinate>
			<type>rectangle</type>
			<description>None</description>
			<possibleresult>
				<name>Van</name>
			</possibleresult>
			<points>
				<point>610.000000,889.000000</point>
				<point>603.000000,890.000000</point>
				<point>601.000000,876.000000</point>
				<point>608.000000,875.000000</point>
				<point>610.000000,889.000000</point>
			</points>
		</object>
		<object>
			<coordinate>pixel</coordinate>
			<type>rectangle</type>
			<description>None</description>
			<possibleresult>
				<name>Van</name>
			</possibleresult>
			<points>
				<point>597.015442,891.123169</point>
				<point>589.015442,892.123169</point>
				<point>587.000061,876.000122</point>
				<point>595.000061,875.000122</point>
				<point>597.015442,891.123169</point>
			</points>
		</object>
		<object>
			<coordinate>pixel</coordinate>
			<type>rectangle</type>
			<description>None</description>
			<possibleresult>
				<name>Small Car</name>
			</possibleresult>
			<points>
				<point>585.115295,890.576965</point>
				<point>577.999939,892.000061</point>
				<point>574.884583,876.423157</point>
				<point>581.999939,875.000061</point>
				<point>585.115295,890.576965</point>
			</points>
		</object>
		<object>
			<coordinate>pixel</coordinate>
			<type>rectangle</type>
			<description>None</description>
			<possibleresult>
				<name>Van</name>
			</possibleresult>
			<points>
				<point>574.924500,889.735840</point>
				<point>566.999939,892.000000</point>
				<point>562.999939,878.000000</point>
				<point>570.924500,875.735840</point>
				<point>574.924500,889.735840</point>
			</points>
		</object>
		<object>
			<coordinate>pixel</coordinate>
			<type>rectangle</type>
			<description>None</description>
			<possibleresult>
				<name>Van</name>
			</possibleresult>
			<points>
				<point>525.000061,481.000000</point>
				<point>483.975464,484.729492</point>
				<point>482.975464,473.729492</point>
				<point>524.000061,470.000000</point>
				<point>525.000061,481.000000</point>
			</points>
		</object>
		<object>
			<coordinate>pixel</coordinate>
			<type>rectangle</type>
			<description>None</description>
			<possibleresult>
				<name>Van</name>
			</possibleresult>
			<points>
				<point>971.635681,416.038330</point>
				<point>952.635681,418.038330</point>
				<point>952.000061,412.000000</point>
				<point>971.000061,410.000000</point>
				<point>971.635681,416.038330</point>
			</points>
		</object>
		<object>
			<coordinate>pixel</coordinate>
			<type>rectangle</type>
			<description>None</description>
			<possibleresult>
				<name>Cargo Truck</name>
			</possibleresult>
			<points>
				<point>965.090210,433.991852</point>
				<point>921.000000,438.000031</point>
				<point>919.909790,426.008209</point>
				<point>964.000000,422.000031</point>
				<point>965.090210,433.991852</point>
			</points>
		</object>
		<object>
			<coordinate>pixel</coordinate>
			<type>rectangle</type>
			<description>None</description>
			<possibleresult>
				<name>Cargo Truck</name>
			</possibleresult>
			<points>
				<point>981.979858,428.002411</point>
				<point>981.000000,419.999969</point>
				<point>1000.000000,417.673431</point>
				<point>1000.979858,425.675873</point>
				<point>981.979858,428.002411</point>
			</points>
		</object>
		<object>
			<coordinate>pixel</coordinate>
			<type>rectangle</type>
			<description>None</description>
			<possibleresult>
				<name>Small Car</name>
			</possibleresult>
			<points>
				<point>995.299255,273.985077</point>
				<point>975.000061,275.000031</point>
				<point>974.700867,269.014984</point>
				<point>995.000061,268.000031</point>
				<point>995.299255,273.985077</point>
			</points>
		</object>
		<object>
			<coordinate>pixel</coordinate>
			<type>rectangle</type>
			<description>None</description>
			<possibleresult>
				<name>Small Car</name>
			</possibleresult>
			<points>
				<point>994.000000,231.000000</point>
				<point>973.604004,233.039612</point>
				<point>973.000000,227.000000</point>
				<point>993.395996,224.960388</point>
				<point>994.000000,231.000000</point>
			</points>
		</object>
		<object>
			<coordinate>pixel</coordinate>
			<type>rectangle</type>
			<description>None</description>
			<possibleresult>
				<name>Small Car</name>
			</possibleresult>
			<points>
				<point>992.594116,221.940567</point>
				<point>972.594116,223.940567</point>
				<point>972.000000,217.999985</point>
				<point>992.000000,215.999985</point>
				<point>992.594116,221.940567</point>
			</points>
		</object>
		<object>
			<coordinate>pixel</coordinate>
			<type>rectangle</type>
			<description>None</description>
			<possibleresult>
				<name>Van</name>
			</possibleresult>
			<points>
				<point>839.000122,98.000015</point>
				<point>831.800171,112.400009</point>
				<point>823.000122,108.000015</point>
				<point>830.200073,93.600021</point>
				<point>839.000122,98.000015</point>
			</points>
		</object>
		<object>
			<coordinate>pixel</coordinate>
			<type>rectangle</type>
			<description>None</description>
			<possibleresult>
				<name>Small Car</name>
			</possibleresult>
			<points>
				<point>877.000122,53.999977</point>
				<point>863.500122,67.499977</point>
				<point>857.500122,61.499977</point>
				<point>871.000122,47.999977</point>
				<point>877.000122,53.999977</point>
			</points>
		</object>
		<object>
			<coordinate>pixel</coordinate>
			<type>rectangle</type>
			<description>None</description>
			<possibleresult>
				<name>Small Car</name>
			</possibleresult>
			<points>
				<point>639.000000,282.000000</point>
				<point>632.051392,286.087402</point>
				<point>622.000000,269.000000</point>
				<point>628.948608,264.912598</point>
				<point>639.000000,282.000000</point>
			</points>
		</object>
		<object>
			<coordinate>pixel</coordinate>
			<type>rectangle</type>
			<description>None</description>
			<possibleresult>
				<name>Van</name>
			</possibleresult>
			<points>
				<point>683.967041,235.961929</point>
				<point>677.000000,242.000015</point>
				<point>664.000000,227.000015</point>
				<point>670.967041,220.961929</point>
				<point>683.967041,235.961929</point>
			</points>
		</object>
		<object>
			<coordinate>pixel</coordinate>
			<type>rectangle</type>
			<description>None</description>
			<possibleresult>
				<name>Small Car</name>
			</possibleresult>
			<points>
				<point>687.000061,191.000015</point>
				<point>668.915100,201.047195</point>
				<point>665.000061,194.000015</point>
				<point>683.085022,183.952835</point>
				<point>687.000061,191.000015</point>
			</points>
		</object>
		<object>
			<coordinate>pixel</coordinate>
			<type>rectangle</type>
			<description>None</description>
			<possibleresult>
				<name>Small Car</name>
			</possibleresult>
			<points>
				<point>704.491821,143.590195</point>
				<point>690.327881,155.393478</point>
				<point>684.836060,148.803299</point>
				<point>699.000000,137.000015</point>
				<point>704.491821,143.590195</point>
			</points>
		</object>
		<object>
			<coordinate>pixel</coordinate>
			<type>rectangle</type>
			<description>None</description>
			<possibleresult>
				<name>Small Car</name>
			</possibleresult>
			<points>
				<point>739.000061,7.999990</point>
				<point>737.951111,14.992654</point>
				<point>717.951111,11.992652</point>
				<point>719.000061,4.999988</point>
				<point>739.000061,7.999990</point>
			</points>
		</object>
		<object>
			<coordinate>pixel</coordinate>
			<type>rectangle</type>
			<description>None</description>
			<possibleresult>
				<name>Small Car</name>
			</possibleresult>
			<points>
				<point>684.000061,58.000015</point>
				<point>681.278381,64.123726</point>
				<point>663.000061,56.000015</point>
				<point>665.721741,49.876305</point>
				<point>684.000061,58.000015</point>
			</points>
		</object>
		<object>
			<coordinate>pixel</coordinate>
			<type>rectangle</type>
			<description>None</description>
			<possibleresult>
				<name>Van</name>
			</possibleresult>
			<points>
				<point>650.487854,132.390259</point>
				<point>646.487854,137.390259</point>
				<point>631.000061,125.000023</point>
				<point>635.000061,120.000031</point>
				<point>650.487854,132.390259</point>
			</points>
		</object>
		<object>
			<coordinate>pixel</coordinate>
			<type>rectangle</type>
			<description>None</description>
			<possibleresult>
				<name>Van</name>
			</possibleresult>
			<points>
				<point>641.000000,151.000015</point>
				<point>635.792480,155.773605</point>
				<point>624.792480,143.773605</point>
				<point>630.000000,139.000015</point>
				<point>641.000000,151.000015</point>
			</points>
		</object>
		<object>
			<coordinate>pixel</coordinate>
			<type>rectangle</type>
			<description>None</description>
			<possibleresult>
				<name>Van</name>
			</possibleresult>
			<points>
				<point>568.176453,183.294128</point>
				<point>561.999939,187.000000</point>
				<point>552.823425,171.705872</point>
				<point>558.999939,168.000000</point>
				<point>568.176453,183.294128</point>
			</points>
		</object>
		<object>
			<coordinate>pixel</coordinate>
			<type>rectangle</type>
			<description>None</description>
			<possibleresult>
				<name>Van</name>
			</possibleresult>
			<points>
				<point>468.846130,216.230774</point>
				<point>460.000000,218.000000</point>
				<point>457.000000,203.000000</point>
				<point>465.846130,201.230774</point>
				<point>468.846130,216.230774</point>
			</points>
		</object>
		<object>
			<coordinate>pixel</coordinate>
			<type>rectangle</type>
			<description>None</description>
			<possibleresult>
				<name>Van</name>
			</possibleresult>
			<points>
				<point>453.000000,223.000000</point>
				<point>444.000000,223.000000</point>
				<point>444.000000,208.000000</point>
				<point>453.000000,208.000000</point>
				<point>453.000000,223.000000</point>
			</points>
		</object>
		<object>
			<coordinate>pixel</coordinate>
			<type>rectangle</type>
			<description>None</description>
			<possibleresult>
				<name>Van</name>
			</possibleresult>
			<points>
				<point>440.000000,223.000000</point>
				<point>432.000000,223.000000</point>
				<point>432.000000,208.000000</point>
				<point>440.000000,208.000000</point>
				<point>440.000000,223.000000</point>
			</points>
		</object>
		<object>
			<coordinate>pixel</coordinate>
			<type>rectangle</type>
			<description>None</description>
			<possibleresult>
				<name>Dump Truck</name>
			</possibleresult>
			<points>
				<point>420.000000,227.000000</point>
				<point>401.000000,227.000000</point>
				<point>401.000000,221.000000</point>
				<point>420.000000,221.000000</point>
				<point>420.000000,227.000000</point>
			</points>
		</object>
		<object>
			<coordinate>pixel</coordinate>
			<type>rectangle</type>
			<description>None</description>
			<possibleresult>
				<name>Small Car</name>
			</possibleresult>
			<points>
				<point>363.119995,214.159988</point>
				<point>361.000000,228.999985</point>
				<point>352.880005,227.839981</point>
				<point>355.000000,212.999985</point>
				<point>363.119995,214.159988</point>
			</points>
		</object>
		<object>
			<coordinate>pixel</coordinate>
			<type>rectangle</type>
			<description>None</description>
			<possibleresult>
				<name>Dump Truck</name>
			</possibleresult>
			<points>
				<point>355.188690,177.339630</point>
				<point>351.188690,191.339630</point>
				<point>343.000031,189.000000</point>
				<point>347.000031,175.000000</point>
				<point>355.188690,177.339630</point>
			</points>
		</object>
		<object>
			<coordinate>pixel</coordinate>
			<type>rectangle</type>
			<description>None</description>
			<possibleresult>
				<name>Small Car</name>
			</possibleresult>
			<points>
				<point>180.000015,305.000000</point>
				<point>178.183487,311.055054</point>
				<point>157.999985,305.000000</point>
				<point>159.816513,298.944946</point>
				<point>180.000015,305.000000</point>
			</points>
		</object>
		<object>
			<coordinate>pixel</coordinate>
			<type>rectangle</type>
			<description>None</description>
			<possibleresult>
				<name>Van</name>
			</possibleresult>
			<points>
				<point>190.000000,197.000000</point>
				<point>187.278351,203.123718</point>
				<point>169.000000,195.000000</point>
				<point>171.721649,188.876282</point>
				<point>190.000000,197.000000</point>
			</points>
		</object>
		<object>
			<coordinate>pixel</coordinate>
			<type>rectangle</type>
			<description>None</description>
			<possibleresult>
				<name>Van</name>
			</possibleresult>
			<points>
				<point>44.082352,99.929420</point>
				<point>30.000000,112.000008</point>
				<point>24.917648,106.070595</point>
				<point>39.000000,94.000008</point>
				<point>44.082352,99.929420</point>
			</points>
		</object>
		<object>
			<coordinate>pixel</coordinate>
			<type>rectangle</type>
			<description>None</description>
			<possibleresult>
				<name>Small Car</name>
			</possibleresult>
			<points>
				<point>64.000000,71.000000</point>
				<point>50.000000,86.000000</point>
				<point>43.266037,79.714966</point>
				<point>57.266037,64.714966</point>
				<point>64.000000,71.000000</point>
			</points>
		</object>
		<object>
			<coordinate>pixel</coordinate>
			<type>rectangle</type>
			<description>None</description>
			<possibleresult>
				<name>Small Car</name>
			</possibleresult>
			<points>
				<point>85.500008,83.500008</point>
				<point>71.500008,97.500008</point>
				<point>65.000008,91.000008</point>
				<point>79.000008,77.000008</point>
				<point>85.500008,83.500008</point>
			</points>
		</object>
		<object>
			<coordinate>pixel</coordinate>
			<type>rectangle</type>
			<description>None</description>
			<possibleresult>
				<name>Small Car</name>
			</possibleresult>
			<points>
				<point>104.000008,61.000000</point>
				<point>93.000008,74.000000</point>
				<point>85.962074,68.044830</point>
				<point>96.962074,55.044830</point>
				<point>104.000008,61.000000</point>
			</points>
		</object>
		<object>
			<coordinate>pixel</coordinate>
			<type>rectangle</type>
			<description>None</description>
			<possibleresult>
				<name>Small Car</name>
			</possibleresult>
			<points>
				<point>121.000008,45.000000</point>
				<point>107.000008,59.000000</point>
				<point>101.000008,53.000000</point>
				<point>115.000008,39.000000</point>
				<point>121.000008,45.000000</point>
			</points>
		</object>
		<object>
			<coordinate>pixel</coordinate>
			<type>rectangle</type>
			<description>None</description>
			<possibleresult>
				<name>Van</name>
			</possibleresult>
			<points>
				<point>155.378387,48.270275</point>
				<point>152.000000,53.000004</point>
				<point>137.621613,42.729733</point>
				<point>141.000000,38.000004</point>
				<point>155.378387,48.270275</point>
			</points>
		</object>
		<object>
			<coordinate>pixel</coordinate>
			<type>rectangle</type>
			<description>None</description>
			<possibleresult>
				<name>Van</name>
			</possibleresult>
			<points>
				<point>161.000000,39.000004</point>
				<point>158.230774,43.153851</point>
				<point>146.000000,35.000004</point>
				<point>148.769226,30.846157</point>
				<point>161.000000,39.000004</point>
			</points>
		</object>
		<object>
			<coordinate>pixel</coordinate>
			<type>rectangle</type>
			<description>None</description>
			<possibleresult>
				<name>Van</name>
			</possibleresult>
			<points>
				<point>326.205505,71.452057</point>
				<point>320.000000,88.000000</point>
				<point>310.794495,84.547943</point>
				<point>317.000000,68.000000</point>
				<point>326.205505,71.452057</point>
			</points>
		</object>
		<object>
			<coordinate>pixel</coordinate>
			<type>rectangle</type>
			<description>None</description>
			<possibleresult>
				<name>Van</name>
			</possibleresult>
			<points>
				<point>236.000000,43.999996</point>
				<point>227.006836,45.058018</point>
				<point>225.000000,27.999996</point>
				<point>233.993164,26.941975</point>
				<point>236.000000,43.999996</point>
			</points>
		</object>
		<object>
			<coordinate>pixel</coordinate>
			<type>rectangle</type>
			<description>None</description>
			<possibleresult>
				<name>Small Car</name>
			</possibleresult>
			<points>
				<point>463.085388,45.768299</point>
				<point>443.000000,48.000004</point>
				<point>442.000000,39.000004</point>
				<point>462.085388,36.768299</point>
				<point>463.085388,45.768299</point>
			</points>
		</object>
		<object>
			<coordinate>pixel</coordinate>
			<type>rectangle</type>
			<description>None</description>
			<possibleresult>
				<name>Dump Truck</name>
			</possibleresult>
			<points>
				<point>517.000000,14.999985</point>
				<point>501.821838,29.166256</point>
				<point>497.000000,23.999985</point>
				<point>512.178162,9.833714</point>
				<point>517.000000,14.999985</point>
			</points>
		</object>
		<object>
			<coordinate>pixel</coordinate>
			<type>rectangle</type>
			<description>None</description>
			<possibleresult>
				<name>Dump Truck</name>
			</possibleresult>
			<points>
				<point>544.142883,0.000000</point>
				<point>554.250061,0.000000</point>
				<point>563.000061,4.999980</point>
				<point>559.000061,11.999980</point>
				<point>544.142883,0.000000</point>
			</points>
		</object>
		<object>
			<coordinate>pixel</coordinate>
			<type>rectangle</type>
			<description>None</description>
			<possibleresult>
				<name>Dump Truck</name>
			</possibleresult>
			<points>
				<point>336.317505,890.985596</point>
				<point>314.000000,892.000000</point>
				<point>313.682495,885.014404</point>
				<point>336.000000,884.000000</point>
				<point>336.317505,890.985596</point>
			</points>
		</object>
		<object>
			<coordinate>pixel</coordinate>
			<type>rectangle</type>
			<description>None</description>
			<possibleresult>
				<name>Dump Truck</name>
			</possibleresult>
			<points>
				<point>339.579315,902.951843</point>
				<point>315.579315,904.951843</point>
				<point>315.000031,898.000061</point>
				<point>339.000031,896.000061</point>
				<point>339.579315,902.951843</point>
			</points>
		</object>
		<object>
			<coordinate>pixel</coordinate>
			<type>rectangle</type>
			<description>None</description>
			<possibleresult>
				<name>Small Car</name>
			</possibleresult>
			<points>
				<point>341.319580,919.030884</point>
				<point>319.319580,920.030884</point>
				<point>319.000000,913.000000</point>
				<point>341.000000,912.000000</point>
				<point>341.319580,919.030884</point>
			</points>
		</object>
		<object>
			<coordinate>pixel</coordinate>
			<type>rectangle</type>
			<description>None</description>
			<possibleresult>
				<name>Dump Truck</name>
			</possibleresult>
			<points>
				<point>343.662079,927.944946</point>
				<point>319.000031,930.000122</point>
				<point>318.337982,922.055298</point>
				<point>343.000031,920.000122</point>
				<point>343.662079,927.944946</point>
			</points>
		</object>
		<object>
			<coordinate>pixel</coordinate>
			<type>rectangle</type>
			<description>None</description>
			<possibleresult>
				<name>Small Car</name>
			</possibleresult>
			<points>
				<point>345.000000,947.000000</point>
				<point>320.668945,949.027588</point>
				<point>320.000000,941.000000</point>
				<point>344.331055,938.972412</point>
				<point>345.000000,947.000000</point>
			</points>
		</object>
		<object>
			<coordinate>pixel</coordinate>
			<type>rectangle</type>
			<description>None</description>
			<possibleresult>
				<name>Small Car</name>
			</possibleresult>
			<points>
				<point>344.292877,937.029358</point>
				<point>320.292877,938.029358</point>
				<point>319.999969,930.999939</point>
				<point>343.999969,929.999939</point>
				<point>344.292877,937.029358</point>
			</points>
		</object>
		<object>
			<coordinate>pixel</coordinate>
			<type>rectangle</type>
			<description>None</description>
			<possibleresult>
				<name>Small Car</name>
			</possibleresult>
			<points>
				<point>217.000015,985.000061</point>
				<point>209.008743,986.065613</point>
				<point>207.000015,971.000061</point>
				<point>214.991287,969.934509</point>
				<point>217.000015,985.000061</point>
			</points>
		</object>
		<object>
			<coordinate>pixel</coordinate>
			<type>rectangle</type>
			<description>None</description>
			<possibleresult>
				<name>Small Car</name>
			</possibleresult>
			<points>
				<point>229.738495,983.907837</point>
				<point>220.876953,985.015503</point>
				<point>219.000031,970.000122</point>
				<point>227.861572,968.892456</point>
				<point>229.738495,983.907837</point>
			</points>
		</object>
		<object>
			<coordinate>pixel</coordinate>
			<type>rectangle</type>
			<description>None</description>
			<possibleresult>
				<name>Van</name>
			</possibleresult>
			<points>
				<point>242.000031,984.000122</point>
				<point>233.015411,985.123169</point>
				<point>231.000031,969.000122</point>
				<point>239.984650,967.877075</point>
				<point>242.000031,984.000122</point>
			</points>
		</object>
		<object>
			<coordinate>pixel</coordinate>
			<type>rectangle</type>
			<description>None</description>
			<possibleresult>
				<name>Van</name>
			</possibleresult>
			<points>
				<point>267.000031,984.000122</point>
				<point>258.015411,985.123169</point>
				<point>256.000031,969.000122</point>
				<point>264.984650,967.877075</point>
				<point>267.000031,984.000122</point>
			</points>
		</object>
		<object>
			<coordinate>pixel</coordinate>
			<type>rectangle</type>
			<description>None</description>
			<possibleresult>
				<name>Small Car</name>
			</possibleresult>
			<points>
				<point>279.000031,981.000000</point>
				<point>269.130890,982.741577</point>
				<point>266.130890,965.741577</point>
				<point>276.000031,964.000000</point>
				<point>279.000031,981.000000</point>
			</points>
		</object>
		<object>
			<coordinate>pixel</coordinate>
			<type>rectangle</type>
			<description>None</description>
			<possibleresult>
				<name>Van</name>
			</possibleresult>
			<points>
				<point>288.035065,980.560303</point>
				<point>281.000031,981.000000</point>
				<point>280.000031,965.000000</point>
				<point>287.035065,964.560303</point>
				<point>288.035065,980.560303</point>
			</points>
		</object>
		<object>
			<coordinate>pixel</coordinate>
			<type>rectangle</type>
			<description>None</description>
			<possibleresult>
				<name>Van</name>
			</possibleresult>
			<points>
				<point>377.000031,784.999939</point>
				<point>357.739777,787.027283</point>
				<point>357.000031,779.999939</point>
				<point>376.260284,777.972595</point>
				<point>377.000031,784.999939</point>
			</points>
		</object>
		<object>
			<coordinate>pixel</coordinate>
			<type>rectangle</type>
			<description>None</description>
			<possibleresult>
				<name>Van</name>
			</possibleresult>
			<points>
				<point>399.999969,783.000000</point>
				<point>380.317657,784.035889</point>
				<point>379.999969,778.000000</point>
				<point>399.682281,776.964111</point>
				<point>399.999969,783.000000</point>
			</points>
		</object>
		<object>
			<coordinate>pixel</coordinate>
			<type>rectangle</type>
			<description>None</description>
			<possibleresult>
				<name>Small Car</name>
			</possibleresult>
			<points>
				<point>426.999969,825.999939</point>
				<point>416.034088,827.290100</point>
				<point>413.999969,809.999939</point>
				<point>424.965851,808.709778</point>
				<point>426.999969,825.999939</point>
			</points>
		</object>
		<object>
			<coordinate>pixel</coordinate>
			<type>rectangle</type>
			<description>None</description>
			<possibleresult>
				<name>Van</name>
			</possibleresult>
			<points>
				<point>403.000061,828.000122</point>
				<point>395.008789,829.065674</point>
				<point>393.000061,814.000122</point>
				<point>400.991333,812.934570</point>
				<point>403.000061,828.000122</point>
			</points>
		</object>
		<object>
			<coordinate>pixel</coordinate>
			<type>rectangle</type>
			<description>None</description>
			<possibleresult>
				<name>Van</name>
			</possibleresult>
			<points>
				<point>389.875488,829.335815</point>
				<point>381.000000,831.000000</point>
				<point>378.000000,815.000000</point>
				<point>386.875488,813.335815</point>
				<point>389.875488,829.335815</point>
			</points>
		</object>
		<object>
			<coordinate>pixel</coordinate>
			<type>rectangle</type>
			<description>None</description>
			<possibleresult>
				<name>Van</name>
			</possibleresult>
			<points>
				<point>366.000031,832.999939</point>
				<point>356.972321,833.501526</point>
				<point>355.972321,815.501526</point>
				<point>365.000031,814.999939</point>
				<point>366.000031,832.999939</point>
			</points>
		</object>
		<object>
			<coordinate>pixel</coordinate>
			<type>rectangle</type>
			<description>None</description>
			<possibleresult>
				<name>Small Car</name>
			</possibleresult>
			<points>
				<point>351.000000,834.000000</point>
				<point>342.000000,834.000000</point>
				<point>342.000000,817.000000</point>
				<point>351.000000,817.000000</point>
				<point>351.000000,834.000000</point>
			</points>
		</object>
		<object>
			<coordinate>pixel</coordinate>
			<type>rectangle</type>
			<description>None</description>
			<possibleresult>
				<name>Van</name>
			</possibleresult>
			<points>
				<point>245.031143,929.498108</point>
				<point>237.000015,930.000061</point>
				<point>236.000015,914.000061</point>
				<point>244.031143,913.498108</point>
				<point>245.031143,929.498108</point>
			</points>
		</object>
		<object>
			<coordinate>pixel</coordinate>
			<type>rectangle</type>
			<description>None</description>
			<possibleresult>
				<name>Small Car</name>
			</possibleresult>
			<points>
				<point>257.027252,927.435791</point>
				<point>248.000000,928.000000</point>
				<point>246.972748,911.564209</point>
				<point>256.000000,911.000000</point>
				<point>257.027252,927.435791</point>
			</points>
		</object>
		<object>
			<coordinate>pixel</coordinate>
			<type>rectangle</type>
			<description>None</description>
			<possibleresult>
				<name>Small Car</name>
			</possibleresult>
			<points>
				<point>269.023499,923.305908</point>
				<point>260.000000,924.000000</point>
				<point>258.976440,910.694092</point>
				<point>267.999939,910.000000</point>
				<point>269.023499,923.305908</point>
			</points>
		</object>
		<object>
			<coordinate>pixel</coordinate>
			<type>rectangle</type>
			<description>None</description>
			<possibleresult>
				<name>Van</name>
			</possibleresult>
			<points>
				<point>279.999969,921.999939</point>
				<point>272.019989,923.139954</point>
				<point>269.999969,908.999939</point>
				<point>277.979950,907.859924</point>
				<point>279.999969,921.999939</point>
			</points>
		</object>
		<object>
			<coordinate>pixel</coordinate>
			<type>rectangle</type>
			<description>None</description>
			<possibleresult>
				<name>Small Car</name>
			</possibleresult>
			<points>
				<point>246.000015,946.000061</point>
				<point>238.000015,947.000061</point>
				<point>236.000015,931.000061</point>
				<point>244.000015,930.000061</point>
				<point>246.000015,946.000061</point>
			</points>
		</object>
		<object>
			<coordinate>pixel</coordinate>
			<type>rectangle</type>
			<description>None</description>
			<possibleresult>
				<name>Small Car</name>
			</possibleresult>
			<points>
				<point>258.031006,942.464722</point>
				<point>250.000031,943.000122</point>
				<point>249.000031,928.000122</point>
				<point>257.031006,927.464722</point>
				<point>258.031006,942.464722</point>
			</points>
		</object>
		<object>
			<coordinate>pixel</coordinate>
			<type>rectangle</type>
			<description>None</description>
			<possibleresult>
				<name>Small Car</name>
			</possibleresult>
			<points>
				<point>271.027222,942.435852</point>
				<point>262.000000,943.000061</point>
				<point>261.000000,927.000061</point>
				<point>270.027222,926.435852</point>
				<point>271.027222,942.435852</point>
			</points>
		</object>
		<object>
			<coordinate>pixel</coordinate>
			<type>rectangle</type>
			<description>None</description>
			<possibleresult>
				<name>Small Car</name>
			</possibleresult>
			<points>
				<point>282.999969,940.999939</point>
				<point>273.999969,941.999939</point>
				<point>272.329254,926.963318</point>
				<point>281.329254,925.963318</point>
				<point>282.999969,940.999939</point>
			</points>
		</object>
		<object>
			<coordinate>pixel</coordinate>
			<type>rectangle</type>
			<description>None</description>
			<possibleresult>
				<name>Van</name>
			</possibleresult>
			<points>
				<point>275.027679,887.498413</point>
				<point>265.999969,888.000000</point>
				<point>264.972260,869.501587</point>
				<point>273.999969,869.000000</point>
				<point>275.027679,887.498413</point>
			</points>
		</object>
		<object>
			<coordinate>pixel</coordinate>
			<type>rectangle</type>
			<description>None</description>
			<possibleresult>
				<name>Small Car</name>
			</possibleresult>
			<points>
				<point>251.000000,887.000000</point>
				<point>242.968872,887.501953</point>
				<point>241.968872,871.501953</point>
				<point>250.000000,871.000000</point>
				<point>251.000000,887.000000</point>
			</points>
		</object>
		<object>
			<coordinate>pixel</coordinate>
			<type>rectangle</type>
			<description>None</description>
			<possibleresult>
				<name>Van</name>
			</possibleresult>
			<points>
				<point>241.031006,886.464722</point>
				<point>233.000031,887.000122</point>
				<point>232.000031,872.000122</point>
				<point>240.031006,871.464722</point>
				<point>241.031006,886.464722</point>
			</points>
		</object>
		<object>
			<coordinate>pixel</coordinate>
			<type>rectangle</type>
			<description>None</description>
			<possibleresult>
				<name>Van</name>
			</possibleresult>
			<points>
				<point>230.025375,890.355347</point>
				<point>220.999985,891.000000</point>
				<point>219.974594,876.644653</point>
				<point>228.999985,876.000000</point>
				<point>230.025375,890.355347</point>
			</points>
		</object>
		<object>
			<coordinate>pixel</coordinate>
			<type>rectangle</type>
			<description>None</description>
			<possibleresult>
				<name>Van</name>
			</possibleresult>
			<points>
				<point>425.022675,56.524887</point>
				<point>424.022675,77.524887</point>
				<point>413.000031,77.000000</point>
				<point>414.000031,56.000000</point>
				<point>425.022675,56.524887</point>
			</points>
		</object>
		<object>
			<coordinate>pixel</coordinate>
			<type>rectangle</type>
			<description>None</description>
			<possibleresult>
				<name>Small Car</name>
			</possibleresult>
			<points>
				<point>922.999939,213.000000</point>
				<point>901.684509,218.075104</point>
				<point>899.999939,211.000000</point>
				<point>921.315369,205.924896</point>
				<point>922.999939,213.000000</point>
			</points>
		</object>
		<object>
			<coordinate>pixel</coordinate>
			<type>rectangle</type>
			<description>None</description>
			<possibleresult>
				<name>Van</name>
			</possibleresult>
			<points>
				<point>220.000015,911.000122</point>
				<point>198.000015,913.000122</point>
				<point>197.000015,902.000122</point>
				<point>219.000015,900.000122</point>
				<point>220.000015,911.000122</point>
			</points>
		</object>
	</objects>
</annotation>