<?xml version="1.0" encoding="utf-8"?>
<annotation>
	<source>
		<filename>1257.tif</filename>
		<origin>GF2/GF3</origin>
	</source>
	<research>
		<version>1.0</version>
		<provider>FAIR1M</provider>
		<author>Cyber</author>
		<pluginname>FAIR1M</pluginname>
		<pluginclass>object detection</pluginclass>
		<time>2021-03</time>
	</research>
	<size>
		<width>1000</width>
		<height>1000</height>
		<depth>3</depth>
	</size>
	<objects>
		<object>
			<coordinate>pixel</coordinate>
			<type>rectangle</type>
			<description>None</description>
			<possibleresult>
				<name>A220</name>
			</possibleresult>
			<points>
				<point>111.000000,923.000000</point>
				<point>84.000000,955.000000</point>
				<point>118.000000,983.000000</point>
				<point>145.000000,951.000000</point>
				<point>111.000000,923.000000</point>
			</points>
		</object>
		<object>
			<coordinate>pixel</coordinate>
			<type>rectangle</type>
			<description>None</description>
			<possibleresult>
				<name>Boeing737</name>
			</possibleresult>
			<points>
				<point>196.000000,814.000000</point>
				<point>233.000000,846.000000</point>
				<point>261.000000,814.000000</point>
				<point>223.000000,782.000000</point>
				<point>196.000000,814.000000</point>
			</points>
		</object>
		<object>
			<coordinate>pixel</coordinate>
			<type>rectangle</type>
			<description>None</description>
			<possibleresult>
				<name>A321</name>
			</possibleresult>
			<points>
				<point>494.000000,289.000000</point>
				<point>461.000000,328.000000</point>
				<point>491.000000,355.000000</point>
				<point>525.000000,315.000000</point>
				<point>494.000000,289.000000</point>
			</points>
		</object>
		<object>
			<coordinate>pixel</coordinate>
			<type>rectangle</type>
			<description>None</description>
			<possibleresult>
				<name>Boeing737</name>
			</possibleresult>
			<points>
				<point>559.000000,400.000000</point>
				<point>591.000000,361.000000</point>
				<point>556.000000,333.000000</point>
				<point>524.000000,371.000000</point>
				<point>559.000000,400.000000</point>
			</points>
		</object>
	</objects>
</annotation>