<?xml version="1.0" encoding="utf-8"?>
<annotation>
	<source>
		<filename>1258.tif</filename>
		<origin>GF2/GF3</origin>
	</source>
	<research>
		<version>1.0</version>
		<provider>FAIR1M</provider>
		<author>Cyber</author>
		<pluginname>FAIR1M</pluginname>
		<pluginclass>object detection</pluginclass>
		<time>2021-03</time>
	</research>
	<size>
		<width>1000</width>
		<height>1000</height>
		<depth>3</depth>
	</size>
	<objects>
		<object>
			<coordinate>pixel</coordinate>
			<type>rectangle</type>
			<description>None</description>
			<possibleresult>
				<name>Van</name>
			</possibleresult>
			<points>
				<point>196.000000,95.000000</point>
				<point>186.000000,95.000000</point>
				<point>186.000000,73.000000</point>
				<point>196.000000,73.000000</point>
				<point>196.000000,95.000000</point>
			</points>
		</object>
		<object>
			<coordinate>pixel</coordinate>
			<type>rectangle</type>
			<description>None</description>
			<possibleresult>
				<name>Small Car</name>
			</possibleresult>
			<points>
				<point>855.000000,160.000000</point>
				<point>834.000000,160.000000</point>
				<point>834.000000,153.000000</point>
				<point>855.000000,153.000000</point>
				<point>855.000000,160.000000</point>
			</points>
		</object>
		<object>
			<coordinate>pixel</coordinate>
			<type>rectangle</type>
			<description>None</description>
			<possibleresult>
				<name>Small Car</name>
			</possibleresult>
			<points>
				<point>259.000000,960.000000</point>
				<point>238.000000,960.000000</point>
				<point>238.000000,951.000000</point>
				<point>259.000000,951.000000</point>
				<point>259.000000,960.000000</point>
			</points>
		</object>
		<object>
			<coordinate>pixel</coordinate>
			<type>rectangle</type>
			<description>None</description>
			<possibleresult>
				<name>Small Car</name>
			</possibleresult>
			<points>
				<point>112.776505,1002.000000</point>
				<point>111.600037,1000.000000</point>
				<point>115.000031,998.000000</point>
				<point>116.176498,1000.000000</point>
				<point>112.776505,1002.000000</point>
			</points>
		</object>
		<object>
			<coordinate>pixel</coordinate>
			<type>rectangle</type>
			<description>None</description>
			<possibleresult>
				<name>Small Car</name>
			</possibleresult>
			<points>
				<point>102.750000,1000.000000</point>
				<point>93.550568,985.280884</point>
				<point>101.550568,980.280884</point>
				<point>112.000000,997.000000</point>
				<point>102.750000,1000.000000</point>
			</points>
		</object>
		<object>
			<coordinate>pixel</coordinate>
			<type>rectangle</type>
			<description>None</description>
			<possibleresult>
				<name>Small Car</name>
			</possibleresult>
			<points>
				<point>69.000000,971.000000</point>
				<point>49.000000,971.000000</point>
				<point>49.000000,962.000000</point>
				<point>69.000000,962.000000</point>
				<point>69.000000,971.000000</point>
			</points>
		</object>
		<object>
			<coordinate>pixel</coordinate>
			<type>rectangle</type>
			<description>None</description>
			<possibleresult>
				<name>Small Car</name>
			</possibleresult>
			<points>
				<point>225.000000,632.000000</point>
				<point>204.000000,632.000000</point>
				<point>204.000000,622.000000</point>
				<point>225.000000,622.000000</point>
				<point>225.000000,632.000000</point>
			</points>
		</object>
		<object>
			<coordinate>pixel</coordinate>
			<type>rectangle</type>
			<description>None</description>
			<possibleresult>
				<name>Small Car</name>
			</possibleresult>
			<points>
				<point>24.000000,602.000000</point>
				<point>5.000000,602.000000</point>
				<point>5.000000,592.000000</point>
				<point>24.000000,592.000000</point>
				<point>24.000000,602.000000</point>
			</points>
		</object>
		<object>
			<coordinate>pixel</coordinate>
			<type>rectangle</type>
			<description>None</description>
			<possibleresult>
				<name>Small Car</name>
			</possibleresult>
			<points>
				<point>125.000000,600.000000</point>
				<point>106.000000,600.000000</point>
				<point>106.000000,592.000000</point>
				<point>125.000000,592.000000</point>
				<point>125.000000,600.000000</point>
			</points>
		</object>
		<object>
			<coordinate>pixel</coordinate>
			<type>rectangle</type>
			<description>None</description>
			<possibleresult>
				<name>Dump Truck</name>
			</possibleresult>
			<points>
				<point>156.427612,599.979553</point>
				<point>135.000000,600.999939</point>
				<point>134.572388,592.020325</point>
				<point>156.000000,590.999939</point>
				<point>156.427612,599.979553</point>
			</points>
		</object>
		<object>
			<coordinate>pixel</coordinate>
			<type>rectangle</type>
			<description>None</description>
			<possibleresult>
				<name>Van</name>
			</possibleresult>
			<points>
				<point>181.999985,545.000122</point>
				<point>180.999985,565.000122</point>
				<point>169.977554,564.448975</point>
				<point>170.977554,544.448975</point>
				<point>181.999985,545.000122</point>
			</points>
		</object>
		<object>
			<coordinate>pixel</coordinate>
			<type>rectangle</type>
			<description>None</description>
			<possibleresult>
				<name>Small Car</name>
			</possibleresult>
			<points>
				<point>41.000000,475.000000</point>
				<point>31.000000,475.000000</point>
				<point>31.000000,460.000000</point>
				<point>41.000000,460.000000</point>
				<point>41.000000,475.000000</point>
			</points>
		</object>
		<object>
			<coordinate>pixel</coordinate>
			<type>rectangle</type>
			<description>None</description>
			<possibleresult>
				<name>Small Car</name>
			</possibleresult>
			<points>
				<point>31.000000,478.000000</point>
				<point>22.000000,478.000000</point>
				<point>22.000000,463.000000</point>
				<point>31.000000,463.000000</point>
				<point>31.000000,478.000000</point>
			</points>
		</object>
		<object>
			<coordinate>pixel</coordinate>
			<type>rectangle</type>
			<description>None</description>
			<possibleresult>
				<name>Small Car</name>
			</possibleresult>
			<points>
				<point>122.000000,283.000000</point>
				<point>101.000000,283.000000</point>
				<point>101.000000,274.000000</point>
				<point>122.000000,274.000000</point>
				<point>122.000000,283.000000</point>
			</points>
		</object>
		<object>
			<coordinate>pixel</coordinate>
			<type>rectangle</type>
			<description>None</description>
			<possibleresult>
				<name>Small Car</name>
			</possibleresult>
			<points>
				<point>140.000000,298.000000</point>
				<point>122.000000,298.000000</point>
				<point>122.000000,291.000000</point>
				<point>140.000000,291.000000</point>
				<point>140.000000,298.000000</point>
			</points>
		</object>
		<object>
			<coordinate>pixel</coordinate>
			<type>rectangle</type>
			<description>None</description>
			<possibleresult>
				<name>Small Car</name>
			</possibleresult>
			<points>
				<point>44.000000,298.000000</point>
				<point>20.435852,299.024536</point>
				<point>20.000000,289.000000</point>
				<point>43.564148,287.975464</point>
				<point>44.000000,298.000000</point>
			</points>
		</object>
		<object>
			<coordinate>pixel</coordinate>
			<type>rectangle</type>
			<description>None</description>
			<possibleresult>
				<name>Small Car</name>
			</possibleresult>
			<points>
				<point>126.000015,230.000031</point>
				<point>115.000015,231.000031</point>
				<point>113.270508,211.975433</point>
				<point>124.270508,210.975433</point>
				<point>126.000015,230.000031</point>
			</points>
		</object>
		<object>
			<coordinate>pixel</coordinate>
			<type>rectangle</type>
			<description>None</description>
			<possibleresult>
				<name>Small Car</name>
			</possibleresult>
			<points>
				<point>311.000000,178.000000</point>
				<point>301.000000,178.000000</point>
				<point>301.000000,157.000000</point>
				<point>311.000000,157.000000</point>
				<point>311.000000,178.000000</point>
			</points>
		</object>
		<object>
			<coordinate>pixel</coordinate>
			<type>rectangle</type>
			<description>None</description>
			<possibleresult>
				<name>Small Car</name>
			</possibleresult>
			<points>
				<point>354.000000,377.000031</point>
				<point>343.108887,378.089142</point>
				<point>341.405945,361.059418</point>
				<point>352.297058,359.970306</point>
				<point>354.000000,377.000031</point>
			</points>
		</object>
		<object>
			<coordinate>pixel</coordinate>
			<type>rectangle</type>
			<description>None</description>
			<possibleresult>
				<name>Small Car</name>
			</possibleresult>
			<points>
				<point>312.000000,417.000000</point>
				<point>302.000000,417.000000</point>
				<point>302.000000,398.000000</point>
				<point>312.000000,398.000000</point>
				<point>312.000000,417.000000</point>
			</points>
		</object>
		<object>
			<coordinate>pixel</coordinate>
			<type>rectangle</type>
			<description>None</description>
			<possibleresult>
				<name>Small Car</name>
			</possibleresult>
			<points>
				<point>344.169220,465.953888</point>
				<point>333.169220,468.953888</point>
				<point>327.999969,450.000031</point>
				<point>338.999969,447.000031</point>
				<point>344.169220,465.953888</point>
			</points>
		</object>
		<object>
			<coordinate>pixel</coordinate>
			<type>rectangle</type>
			<description>None</description>
			<possibleresult>
				<name>Van</name>
			</possibleresult>
			<points>
				<point>362.058533,448.273163</point>
				<point>354.000000,449.999969</point>
				<point>350.941467,435.726776</point>
				<point>359.000000,433.999969</point>
				<point>362.058533,448.273163</point>
			</points>
		</object>
		<object>
			<coordinate>pixel</coordinate>
			<type>rectangle</type>
			<description>None</description>
			<possibleresult>
				<name>Small Car</name>
			</possibleresult>
			<points>
				<point>371.095551,472.324829</point>
				<point>362.000031,475.000000</point>
				<point>356.904510,457.675171</point>
				<point>366.000031,455.000000</point>
				<point>371.095551,472.324829</point>
			</points>
		</object>
		<object>
			<coordinate>pixel</coordinate>
			<type>rectangle</type>
			<description>None</description>
			<possibleresult>
				<name>Van</name>
			</possibleresult>
			<points>
				<point>380.000000,493.000000</point>
				<point>372.000000,496.000000</point>
				<point>366.000000,480.000000</point>
				<point>374.000000,477.000000</point>
				<point>380.000000,493.000000</point>
			</points>
		</object>
		<object>
			<coordinate>pixel</coordinate>
			<type>rectangle</type>
			<description>None</description>
			<possibleresult>
				<name>Van</name>
			</possibleresult>
			<points>
				<point>390.026672,513.047485</point>
				<point>382.999939,516.999939</point>
				<point>373.973206,500.952484</point>
				<point>380.999939,497.000000</point>
				<point>390.026672,513.047485</point>
			</points>
		</object>
		<object>
			<coordinate>pixel</coordinate>
			<type>rectangle</type>
			<description>None</description>
			<possibleresult>
				<name>Small Car</name>
			</possibleresult>
			<points>
				<point>404.999939,533.999939</point>
				<point>397.153809,539.230652</point>
				<point>386.999939,523.999939</point>
				<point>394.846069,518.769226</point>
				<point>404.999939,533.999939</point>
			</points>
		</object>
		<object>
			<coordinate>pixel</coordinate>
			<type>rectangle</type>
			<description>None</description>
			<possibleresult>
				<name>Small Car</name>
			</possibleresult>
			<points>
				<point>560.092834,805.041382</point>
				<point>557.000061,812.000122</point>
				<point>538.907288,803.958862</point>
				<point>542.000061,797.000122</point>
				<point>560.092834,805.041382</point>
			</points>
		</object>
		<object>
			<coordinate>pixel</coordinate>
			<type>rectangle</type>
			<description>None</description>
			<possibleresult>
				<name>Small Car</name>
			</possibleresult>
			<points>
				<point>448.000000,823.000061</point>
				<point>437.976685,823.626526</point>
				<point>436.976685,807.626526</point>
				<point>447.000000,807.000061</point>
				<point>448.000000,823.000061</point>
			</points>
		</object>
		<object>
			<coordinate>pixel</coordinate>
			<type>rectangle</type>
			<description>None</description>
			<possibleresult>
				<name>Cargo Truck</name>
			</possibleresult>
			<points>
				<point>599.000000,939.000061</point>
				<point>598.765625,950.016296</point>
				<point>551.765625,949.016296</point>
				<point>552.000000,938.000061</point>
				<point>599.000000,939.000061</point>
			</points>
		</object>
		<object>
			<coordinate>pixel</coordinate>
			<type>rectangle</type>
			<description>None</description>
			<possibleresult>
				<name>Small Car</name>
			</possibleresult>
			<points>
				<point>678.999939,813.000061</point>
				<point>677.999939,831.000061</point>
				<point>666.978455,830.387756</point>
				<point>667.978455,812.387756</point>
				<point>678.999939,813.000061</point>
			</points>
		</object>
		<object>
			<coordinate>pixel</coordinate>
			<type>rectangle</type>
			<description>None</description>
			<possibleresult>
				<name>Small Car</name>
			</possibleresult>
			<points>
				<point>583.999939,300.000000</point>
				<point>562.999939,301.000000</point>
				<point>562.570129,291.972839</point>
				<point>583.570129,290.972839</point>
				<point>583.999939,300.000000</point>
			</points>
		</object>
		<object>
			<coordinate>pixel</coordinate>
			<type>rectangle</type>
			<description>None</description>
			<possibleresult>
				<name>Small Car</name>
			</possibleresult>
			<points>
				<point>582.000000,289.000000</point>
				<point>562.000000,289.000000</point>
				<point>562.000000,280.000000</point>
				<point>582.000000,280.000000</point>
				<point>582.000000,289.000000</point>
			</points>
		</object>
		<object>
			<coordinate>pixel</coordinate>
			<type>rectangle</type>
			<description>None</description>
			<possibleresult>
				<name>Small Car</name>
			</possibleresult>
			<points>
				<point>581.000000,279.000000</point>
				<point>563.000000,279.000000</point>
				<point>563.000000,270.000000</point>
				<point>581.000000,270.000000</point>
				<point>581.000000,279.000000</point>
			</points>
		</object>
		<object>
			<coordinate>pixel</coordinate>
			<type>rectangle</type>
			<description>None</description>
			<possibleresult>
				<name>Small Car</name>
			</possibleresult>
			<points>
				<point>580.000000,267.000000</point>
				<point>562.000000,267.000000</point>
				<point>562.000000,259.000000</point>
				<point>580.000000,259.000000</point>
				<point>580.000000,267.000000</point>
			</points>
		</object>
		<object>
			<coordinate>pixel</coordinate>
			<type>rectangle</type>
			<description>None</description>
			<possibleresult>
				<name>Small Car</name>
			</possibleresult>
			<points>
				<point>581.472351,240.975113</point>
				<point>562.472351,241.975113</point>
				<point>561.999939,232.999985</point>
				<point>580.999939,231.999985</point>
				<point>581.472351,240.975113</point>
			</points>
		</object>
		<object>
			<coordinate>pixel</coordinate>
			<type>rectangle</type>
			<description>None</description>
			<possibleresult>
				<name>Van</name>
			</possibleresult>
			<points>
				<point>582.000000,200.000000</point>
				<point>562.947998,202.005493</point>
				<point>562.000000,193.000000</point>
				<point>581.052002,190.994507</point>
				<point>582.000000,200.000000</point>
			</points>
		</object>
		<object>
			<coordinate>pixel</coordinate>
			<type>rectangle</type>
			<description>None</description>
			<possibleresult>
				<name>Intersection</name>
			</possibleresult>
			<points>
				<point>511.000000,928.000000</point>
				<point>508.025574,986.001343</point>
				<point>430.000000,982.000000</point>
				<point>432.974426,923.998657</point>
				<point>511.000000,928.000000</point>
			</points>
		</object>
		<object>
			<coordinate>pixel</coordinate>
			<type>rectangle</type>
			<description>None</description>
			<possibleresult>
				<name>Small Car</name>
			</possibleresult>
			<points>
				<point>1000.000000,943.000000</point>
				<point>993.000000,943.000000</point>
				<point>993.000000,933.000000</point>
				<point>1000.000000,933.000000</point>
				<point>1000.000000,943.000000</point>
			</points>
		</object>
		<object>
			<coordinate>pixel</coordinate>
			<type>rectangle</type>
			<description>None</description>
			<possibleresult>
				<name>Small Car</name>
			</possibleresult>
			<points>
				<point>936.000000,971.999939</point>
				<point>916.422607,973.030334</point>
				<point>916.000000,964.999939</point>
				<point>935.577393,963.969543</point>
				<point>936.000000,971.999939</point>
			</points>
		</object>
		<object>
			<coordinate>pixel</coordinate>
			<type>rectangle</type>
			<description>None</description>
			<possibleresult>
				<name>Small Car</name>
			</possibleresult>
			<points>
				<point>919.000000,962.000000</point>
				<point>899.000000,962.000000</point>
				<point>899.000000,953.000000</point>
				<point>919.000000,953.000000</point>
				<point>919.000000,962.000000</point>
			</points>
		</object>
		<object>
			<coordinate>pixel</coordinate>
			<type>rectangle</type>
			<description>None</description>
			<possibleresult>
				<name>Van</name>
			</possibleresult>
			<points>
				<point>969.000000,810.000000</point>
				<point>959.000000,810.000000</point>
				<point>959.000000,794.000000</point>
				<point>969.000000,794.000000</point>
				<point>969.000000,810.000000</point>
			</points>
		</object>
		<object>
			<coordinate>pixel</coordinate>
			<type>rectangle</type>
			<description>None</description>
			<possibleresult>
				<name>Small Car</name>
			</possibleresult>
			<points>
				<point>983.000000,812.000000</point>
				<point>972.000000,812.000000</point>
				<point>972.000000,795.000000</point>
				<point>983.000000,795.000000</point>
				<point>983.000000,812.000000</point>
			</points>
		</object>
		<object>
			<coordinate>pixel</coordinate>
			<type>rectangle</type>
			<description>None</description>
			<possibleresult>
				<name>Small Car</name>
			</possibleresult>
			<points>
				<point>863.000000,795.000000</point>
				<point>840.827148,800.039307</point>
				<point>839.000000,792.000000</point>
				<point>861.172852,786.960693</point>
				<point>863.000000,795.000000</point>
			</points>
		</object>
		<object>
			<coordinate>pixel</coordinate>
			<type>rectangle</type>
			<description>None</description>
			<possibleresult>
				<name>Small Car</name>
			</possibleresult>
			<points>
				<point>975.000000,161.000000</point>
				<point>953.000000,161.000000</point>
				<point>953.000000,152.000000</point>
				<point>975.000000,152.000000</point>
				<point>975.000000,161.000000</point>
			</points>
		</object>
		<object>
			<coordinate>pixel</coordinate>
			<type>rectangle</type>
			<description>None</description>
			<possibleresult>
				<name>Small Car</name>
			</possibleresult>
			<points>
				<point>948.000000,162.000000</point>
				<point>923.000000,162.000000</point>
				<point>923.000000,153.000000</point>
				<point>948.000000,153.000000</point>
				<point>948.000000,162.000000</point>
			</points>
		</object>
		<object>
			<coordinate>pixel</coordinate>
			<type>rectangle</type>
			<description>None</description>
			<possibleresult>
				<name>Small Car</name>
			</possibleresult>
			<points>
				<point>911.000000,160.000000</point>
				<point>888.000000,160.000000</point>
				<point>888.000000,152.000000</point>
				<point>911.000000,152.000000</point>
				<point>911.000000,160.000000</point>
			</points>
		</object>
		<object>
			<coordinate>pixel</coordinate>
			<type>rectangle</type>
			<description>None</description>
			<possibleresult>
				<name>Small Car</name>
			</possibleresult>
			<points>
				<point>993.833740,217.588196</point>
				<point>993.833740,204.500000</point>
				<point>1000.000000,204.500000</point>
				<point>1000.000000,217.588196</point>
				<point>993.833740,217.588196</point>
			</points>
		</object>
		<object>
			<coordinate>pixel</coordinate>
			<type>rectangle</type>
			<description>None</description>
			<possibleresult>
				<name>Small Car</name>
			</possibleresult>
			<points>
				<point>999.000000,202.000031</point>
				<point>986.880005,218.160034</point>
				<point>980.000000,213.000031</point>
				<point>992.119995,196.840027</point>
				<point>999.000000,202.000031</point>
			</points>
		</object>
		<object>
			<coordinate>pixel</coordinate>
			<type>rectangle</type>
			<description>None</description>
			<possibleresult>
				<name>Small Car</name>
			</possibleresult>
			<points>
				<point>1000.000000,245.999847</point>
				<point>1000.000000,263.500000</point>
				<point>999.000061,263.999969</point>
				<point>990.000061,245.999969</point>
				<point>1000.000000,245.999847</point>
			</points>
		</object>
		<object>
			<coordinate>pixel</coordinate>
			<type>rectangle</type>
			<description>None</description>
			<possibleresult>
				<name>Small Car</name>
			</possibleresult>
			<points>
				<point>995.000000,261.000031</point>
				<point>986.683838,265.402740</point>
				<point>977.683838,248.402740</point>
				<point>986.000000,244.000031</point>
				<point>995.000000,261.000031</point>
			</points>
		</object>
		<object>
			<coordinate>pixel</coordinate>
			<type>rectangle</type>
			<description>None</description>
			<possibleresult>
				<name>Van</name>
			</possibleresult>
			<points>
				<point>981.000000,259.000000</point>
				<point>973.153809,264.230774</point>
				<point>963.153809,249.230774</point>
				<point>971.000000,244.000000</point>
				<point>981.000000,259.000000</point>
			</points>
		</object>
		<object>
			<coordinate>pixel</coordinate>
			<type>rectangle</type>
			<description>None</description>
			<possibleresult>
				<name>Small Car</name>
			</possibleresult>
			<points>
				<point>965.000061,256.000031</point>
				<point>957.000061,262.000031</point>
				<point>944.880066,245.840027</point>
				<point>952.880066,239.840027</point>
				<point>965.000061,256.000031</point>
			</points>
		</object>
		<object>
			<coordinate>pixel</coordinate>
			<type>rectangle</type>
			<description>None</description>
			<possibleresult>
				<name>Small Car</name>
			</possibleresult>
			<points>
				<point>951.028809,256.035095</point>
				<point>945.000000,261.000061</point>
				<point>930.971191,243.964981</point>
				<point>937.000000,239.000031</point>
				<point>951.028809,256.035095</point>
			</points>
		</object>
		<object>
			<coordinate>pixel</coordinate>
			<type>rectangle</type>
			<description>None</description>
			<possibleresult>
				<name>Small Car</name>
			</possibleresult>
			<points>
				<point>938.000000,258.000061</point>
				<point>931.760010,262.680054</point>
				<point>919.760010,246.680054</point>
				<point>926.000000,242.000061</point>
				<point>938.000000,258.000061</point>
			</points>
		</object>
		<object>
			<coordinate>pixel</coordinate>
			<type>rectangle</type>
			<description>None</description>
			<possibleresult>
				<name>Small Car</name>
			</possibleresult>
			<points>
				<point>925.000122,259.000031</point>
				<point>916.000122,264.000031</point>
				<point>906.000122,246.000031</point>
				<point>915.000122,241.000031</point>
				<point>925.000122,259.000031</point>
			</points>
		</object>
		<object>
			<coordinate>pixel</coordinate>
			<type>rectangle</type>
			<description>None</description>
			<possibleresult>
				<name>Van</name>
			</possibleresult>
			<points>
				<point>987.097412,202.848404</point>
				<point>977.999878,217.000015</point>
				<point>968.902466,211.151627</point>
				<point>978.000000,197.000015</point>
				<point>987.097412,202.848404</point>
			</points>
		</object>
		<object>
			<coordinate>pixel</coordinate>
			<type>rectangle</type>
			<description>None</description>
			<possibleresult>
				<name>Van</name>
			</possibleresult>
			<points>
				<point>975.000000,201.999969</point>
				<point>962.833740,219.235535</point>
				<point>954.000000,212.999969</point>
				<point>966.166260,195.764404</point>
				<point>975.000000,201.999969</point>
			</points>
		</object>
		<object>
			<coordinate>pixel</coordinate>
			<type>rectangle</type>
			<description>None</description>
			<possibleresult>
				<name>Small Car</name>
			</possibleresult>
			<points>
				<point>970.999939,186.000000</point>
				<point>960.846130,201.230774</point>
				<point>952.999939,196.000000</point>
				<point>963.153748,180.769226</point>
				<point>970.999939,186.000000</point>
			</points>
		</object>
		<object>
			<coordinate>pixel</coordinate>
			<type>rectangle</type>
			<description>None</description>
			<possibleresult>
				<name>Small Car</name>
			</possibleresult>
			<points>
				<point>960.000122,202.999969</point>
				<point>947.805054,218.243866</point>
				<point>940.000122,211.999969</point>
				<point>952.195190,196.756073</point>
				<point>960.000122,202.999969</point>
			</points>
		</object>
		<object>
			<coordinate>pixel</coordinate>
			<type>rectangle</type>
			<description>None</description>
			<possibleresult>
				<name>Van</name>
			</possibleresult>
			<points>
				<point>958.000000,185.000000</point>
				<point>948.823486,200.294128</point>
				<point>940.000000,195.000000</point>
				<point>949.176514,179.705872</point>
				<point>958.000000,185.000000</point>
			</points>
		</object>
		<object>
			<coordinate>pixel</coordinate>
			<type>rectangle</type>
			<description>None</description>
			<possibleresult>
				<name>Small Car</name>
			</possibleresult>
			<points>
				<point>944.063721,183.913330</point>
				<point>933.000122,199.000031</point>
				<point>924.936523,193.086731</point>
				<point>936.000122,178.000031</point>
				<point>944.063721,183.913330</point>
			</points>
		</object>
		<object>
			<coordinate>pixel</coordinate>
			<type>rectangle</type>
			<description>None</description>
			<possibleresult>
				<name>Small Car</name>
			</possibleresult>
			<points>
				<point>932.000061,201.000031</point>
				<point>921.000061,217.000031</point>
				<point>912.554382,211.193665</point>
				<point>923.554382,195.193665</point>
				<point>932.000061,201.000031</point>
			</points>
		</object>
		<object>
			<coordinate>pixel</coordinate>
			<type>rectangle</type>
			<description>None</description>
			<possibleresult>
				<name>Small Car</name>
			</possibleresult>
			<points>
				<point>944.359985,201.520004</point>
				<point>935.000000,214.000015</point>
				<point>927.640015,208.480026</point>
				<point>937.000000,196.000015</point>
				<point>944.359985,201.520004</point>
			</points>
		</object>
		<object>
			<coordinate>pixel</coordinate>
			<type>rectangle</type>
			<description>None</description>
			<possibleresult>
				<name>Small Car</name>
			</possibleresult>
			<points>
				<point>929.000000,184.999939</point>
				<point>918.692261,200.461487</point>
				<point>909.692261,194.461487</point>
				<point>920.000000,178.999939</point>
				<point>929.000000,184.999939</point>
			</points>
		</object>
		<object>
			<coordinate>pixel</coordinate>
			<type>rectangle</type>
			<description>None</description>
			<possibleresult>
				<name>Van</name>
			</possibleresult>
			<points>
				<point>918.000000,182.000031</point>
				<point>906.000000,199.000031</point>
				<point>898.304810,193.568146</point>
				<point>910.304810,176.568146</point>
				<point>918.000000,182.000031</point>
			</points>
		</object>
		<object>
			<coordinate>pixel</coordinate>
			<type>rectangle</type>
			<description>None</description>
			<possibleresult>
				<name>Small Car</name>
			</possibleresult>
			<points>
				<point>902.195190,201.756165</point>
				<point>890.195190,216.756165</point>
				<point>883.000122,211.000061</point>
				<point>895.000122,196.000061</point>
				<point>902.195190,201.756165</point>
			</points>
		</object>
		<object>
			<coordinate>pixel</coordinate>
			<type>rectangle</type>
			<description>None</description>
			<possibleresult>
				<name>Small Car</name>
			</possibleresult>
			<points>
				<point>903.242981,185.690887</point>
				<point>892.000061,200.000031</point>
				<point>884.757141,194.309174</point>
				<point>896.000061,180.000031</point>
				<point>903.242981,185.690887</point>
			</points>
		</object>
		<object>
			<coordinate>pixel</coordinate>
			<type>rectangle</type>
			<description>None</description>
			<possibleresult>
				<name>Small Car</name>
			</possibleresult>
			<points>
				<point>889.000000,201.000000</point>
				<point>877.936401,216.086700</point>
				<point>871.000000,211.000000</point>
				<point>882.063599,195.913300</point>
				<point>889.000000,201.000000</point>
			</points>
		</object>
		<object>
			<coordinate>pixel</coordinate>
			<type>rectangle</type>
			<description>None</description>
			<possibleresult>
				<name>Small Car</name>
			</possibleresult>
			<points>
				<point>888.264648,185.558838</point>
				<point>879.264648,200.558838</point>
				<point>870.000000,195.000000</point>
				<point>879.000000,180.000000</point>
				<point>888.264648,185.558838</point>
			</points>
		</object>
		<object>
			<coordinate>pixel</coordinate>
			<type>rectangle</type>
			<description>None</description>
			<possibleresult>
				<name>Small Car</name>
			</possibleresult>
			<points>
				<point>876.000000,202.000000</point>
				<point>865.662109,216.472961</point>
				<point>858.000000,211.000000</point>
				<point>868.337891,196.527039</point>
				<point>876.000000,202.000000</point>
			</points>
		</object>
		<object>
			<coordinate>pixel</coordinate>
			<type>rectangle</type>
			<description>None</description>
			<possibleresult>
				<name>Small Car</name>
			</possibleresult>
			<points>
				<point>875.000061,184.000015</point>
				<point>865.000061,200.000015</point>
				<point>857.000061,195.000015</point>
				<point>867.000061,179.000015</point>
				<point>875.000061,184.000015</point>
			</points>
		</object>
		<object>
			<coordinate>pixel</coordinate>
			<type>rectangle</type>
			<description>None</description>
			<possibleresult>
				<name>Small Car</name>
			</possibleresult>
			<points>
				<point>861.000000,201.999954</point>
				<point>852.000000,216.999954</point>
				<point>842.000000,210.999954</point>
				<point>851.000000,195.999954</point>
				<point>861.000000,201.999954</point>
			</points>
		</object>
	</objects>
</annotation>