<?xml version="1.0" encoding="utf-8"?>
<annotation>
	<source>
		<filename>1259.tif</filename>
		<origin>GF2/GF3</origin>
	</source>
	<research>
		<version>1.0</version>
		<provider>FAIR1M</provider>
		<author>Cyber</author>
		<pluginname>FAIR1M</pluginname>
		<pluginclass>object detection</pluginclass>
		<time>2021-03</time>
	</research>
	<size>
		<width>1000</width>
		<height>1000</height>
		<depth>3</depth>
	</size>
	<objects>
		<object>
			<coordinate>pixel</coordinate>
			<type>rectangle</type>
			<description>None</description>
			<possibleresult>
				<name>Boeing737</name>
			</possibleresult>
			<points>
				<point>308.000000,806.000000</point>
				<point>273.000000,864.000000</point>
				<point>335.000000,901.000000</point>
				<point>370.000000,843.000000</point>
				<point>308.000000,806.000000</point>
			</points>
		</object>
		<object>
			<coordinate>pixel</coordinate>
			<type>rectangle</type>
			<description>None</description>
			<possibleresult>
				<name>A220</name>
			</possibleresult>
			<points>
				<point>75.000000,327.000000</point>
				<point>114.000000,388.000000</point>
				<point>173.000000,350.000000</point>
				<point>133.000000,289.000000</point>
				<point>75.000000,327.000000</point>
			</points>
		</object>
		<object>
			<coordinate>pixel</coordinate>
			<type>rectangle</type>
			<description>None</description>
			<possibleresult>
				<name>A220</name>
			</possibleresult>
			<points>
				<point>148.000000,292.000000</point>
				<point>185.000000,351.000000</point>
				<point>244.000000,313.000000</point>
				<point>206.000000,254.000000</point>
				<point>148.000000,292.000000</point>
			</points>
		</object>
		<object>
			<coordinate>pixel</coordinate>
			<type>rectangle</type>
			<description>None</description>
			<possibleresult>
				<name>A321</name>
			</possibleresult>
			<points>
				<point>420.000000,127.000000</point>
				<point>464.000000,195.000000</point>
				<point>523.000000,157.000000</point>
				<point>478.000000,89.000000</point>
				<point>420.000000,127.000000</point>
			</points>
		</object>
		<object>
			<coordinate>pixel</coordinate>
			<type>rectangle</type>
			<description>None</description>
			<possibleresult>
				<name>A321</name>
			</possibleresult>
			<points>
				<point>512.000000,73.000000</point>
				<point>559.000000,146.000000</point>
				<point>616.000000,110.000000</point>
				<point>568.000000,37.000000</point>
				<point>512.000000,73.000000</point>
			</points>
		</object>
		<object>
			<coordinate>pixel</coordinate>
			<type>rectangle</type>
			<description>None</description>
			<possibleresult>
				<name>other-airplane</name>
			</possibleresult>
			<points>
				<point>619.000000,3.000000</point>
				<point>658.000000,63.000000</point>
				<point>717.000000,24.000000</point>
				<point>678.000000,-36.000000</point>
				<point>619.000000,3.000000</point>
			</points>
		</object>
	</objects>
</annotation>