<?xml version="1.0" encoding="utf-8"?>
<annotation>
	<source>
		<filename>1260.tif</filename>
		<origin>GF2/GF3</origin>
	</source>
	<research>
		<version>1.0</version>
		<provider>FAIR1M</provider>
		<author>Cyber</author>
		<pluginname>FAIR1M</pluginname>
		<pluginclass>object detection</pluginclass>
		<time>2021-03</time>
	</research>
	<size>
		<width>1000</width>
		<height>1000</height>
		<depth>3</depth>
	</size>
	<objects>
		<object>
			<coordinate>pixel</coordinate>
			<type>rectangle</type>
			<description>None</description>
			<possibleresult>
				<name>Small Car</name>
			</possibleresult>
			<points>
				<point>44.000000,5.000001</point>
				<point>42.119797,14.024959</point>
				<point>18.000000,9.000000</point>
				<point>19.875004,0.000000</point>
				<point>44.000000,5.000001</point>
			</points>
		</object>
		<object>
			<coordinate>pixel</coordinate>
			<type>rectangle</type>
			<description>None</description>
			<possibleresult>
				<name>Van</name>
			</possibleresult>
			<points>
				<point>20.027695,14.501541</point>
				<point>19.027695,32.501541</point>
				<point>10.000001,32.000000</point>
				<point>11.000000,14.000000</point>
				<point>20.027695,14.501541</point>
			</points>
		</object>
		<object>
			<coordinate>pixel</coordinate>
			<type>rectangle</type>
			<description>None</description>
			<possibleresult>
				<name>Small Car</name>
			</possibleresult>
			<points>
				<point>136.000000,26.000002</point>
				<point>113.729515,28.024591</point>
				<point>113.000008,20.000002</point>
				<point>135.270508,17.975412</point>
				<point>136.000000,26.000002</point>
			</points>
		</object>
		<object>
			<coordinate>pixel</coordinate>
			<type>rectangle</type>
			<description>None</description>
			<possibleresult>
				<name>Small Car</name>
			</possibleresult>
			<points>
				<point>395.332764,129.013855</point>
				<point>395.000000,137.000000</point>
				<point>370.667236,135.986145</point>
				<point>371.000000,128.000000</point>
				<point>395.332764,129.013855</point>
			</points>
		</object>
		<object>
			<coordinate>pixel</coordinate>
			<type>rectangle</type>
			<description>None</description>
			<possibleresult>
				<name>Van</name>
			</possibleresult>
			<points>
				<point>458.000000,88.000000</point>
				<point>449.000000,88.000000</point>
				<point>449.000000,71.000000</point>
				<point>458.000000,71.000000</point>
				<point>458.000000,88.000000</point>
			</points>
		</object>
		<object>
			<coordinate>pixel</coordinate>
			<type>rectangle</type>
			<description>None</description>
			<possibleresult>
				<name>Small Car</name>
			</possibleresult>
			<points>
				<point>468.000000,96.000000</point>
				<point>459.000000,96.000000</point>
				<point>459.000000,80.000000</point>
				<point>468.000000,80.000000</point>
				<point>468.000000,96.000000</point>
			</points>
		</object>
		<object>
			<coordinate>pixel</coordinate>
			<type>rectangle</type>
			<description>None</description>
			<possibleresult>
				<name>Small Car</name>
			</possibleresult>
			<points>
				<point>480.000061,155.000015</point>
				<point>479.157776,162.018936</point>
				<point>454.000061,159.000015</point>
				<point>454.842346,151.981094</point>
				<point>480.000061,155.000015</point>
			</points>
		</object>
		<object>
			<coordinate>pixel</coordinate>
			<type>rectangle</type>
			<description>None</description>
			<possibleresult>
				<name>Small Car</name>
			</possibleresult>
			<points>
				<point>166.000000,40.000004</point>
				<point>159.032990,46.038074</point>
				<point>146.000000,31.000004</point>
				<point>152.967010,24.961933</point>
				<point>166.000000,40.000004</point>
			</points>
		</object>
		<object>
			<coordinate>pixel</coordinate>
			<type>rectangle</type>
			<description>None</description>
			<possibleresult>
				<name>Small Car</name>
			</possibleresult>
			<points>
				<point>559.027588,31.531036</point>
				<point>558.000000,49.000000</point>
				<point>548.972412,48.468964</point>
				<point>550.000000,31.000000</point>
				<point>559.027588,31.531036</point>
			</points>
		</object>
		<object>
			<coordinate>pixel</coordinate>
			<type>rectangle</type>
			<description>None</description>
			<possibleresult>
				<name>Small Car</name>
			</possibleresult>
			<points>
				<point>713.169189,70.046158</point>
				<point>711.000000,78.000000</point>
				<point>688.830811,71.953842</point>
				<point>691.000000,64.000000</point>
				<point>713.169189,70.046158</point>
			</points>
		</object>
		<object>
			<coordinate>pixel</coordinate>
			<type>rectangle</type>
			<description>None</description>
			<possibleresult>
				<name>Van</name>
			</possibleresult>
			<points>
				<point>930.000000,134.000000</point>
				<point>928.496582,152.041382</point>
				<point>916.496582,151.041382</point>
				<point>918.000000,133.000000</point>
				<point>930.000000,134.000000</point>
			</points>
		</object>
		<object>
			<coordinate>pixel</coordinate>
			<type>rectangle</type>
			<description>None</description>
			<possibleresult>
				<name>Small Car</name>
			</possibleresult>
			<points>
				<point>996.027710,137.501526</point>
				<point>995.000000,156.000000</point>
				<point>985.972290,155.498474</point>
				<point>987.000000,137.000000</point>
				<point>996.027710,137.501526</point>
			</points>
		</object>
		<object>
			<coordinate>pixel</coordinate>
			<type>rectangle</type>
			<description>None</description>
			<possibleresult>
				<name>Dump Truck</name>
			</possibleresult>
			<points>
				<point>960.000000,164.999985</point>
				<point>959.607544,174.026413</point>
				<point>936.607544,173.026413</point>
				<point>937.000000,163.999985</point>
				<point>960.000000,164.999985</point>
			</points>
		</object>
		<object>
			<coordinate>pixel</coordinate>
			<type>rectangle</type>
			<description>None</description>
			<possibleresult>
				<name>Dump Truck</name>
			</possibleresult>
			<points>
				<point>913.319397,182.012787</point>
				<point>912.999939,190.000000</point>
				<point>887.680481,188.987213</point>
				<point>887.999939,181.000000</point>
				<point>913.319397,182.012787</point>
			</points>
		</object>
		<object>
			<coordinate>pixel</coordinate>
			<type>rectangle</type>
			<description>None</description>
			<possibleresult>
				<name>Small Car</name>
			</possibleresult>
			<points>
				<point>345.000000,182.000000</point>
				<point>332.000000,182.000000</point>
				<point>332.000000,163.000000</point>
				<point>345.000000,163.000000</point>
				<point>345.000000,182.000000</point>
			</points>
		</object>
		<object>
			<coordinate>pixel</coordinate>
			<type>rectangle</type>
			<description>None</description>
			<possibleresult>
				<name>Dump Truck</name>
			</possibleresult>
			<points>
				<point>466.000031,335.000031</point>
				<point>463.983612,357.180328</point>
				<point>451.000031,356.000031</point>
				<point>453.016449,333.819733</point>
				<point>466.000031,335.000031</point>
			</points>
		</object>
		<object>
			<coordinate>pixel</coordinate>
			<type>rectangle</type>
			<description>None</description>
			<possibleresult>
				<name>other-vehicle</name>
			</possibleresult>
			<points>
				<point>516.000122,348.000031</point>
				<point>513.000061,385.000031</point>
				<point>500.004425,383.946320</point>
				<point>503.004456,346.946320</point>
				<point>516.000122,348.000031</point>
			</points>
		</object>
		<object>
			<coordinate>pixel</coordinate>
			<type>rectangle</type>
			<description>None</description>
			<possibleresult>
				<name>Cargo Truck</name>
			</possibleresult>
			<points>
				<point>532.010376,341.839355</point>
				<point>530.000000,373.000000</point>
				<point>516.989624,372.160645</point>
				<point>519.000000,341.000000</point>
				<point>532.010376,341.839355</point>
			</points>
		</object>
		<object>
			<coordinate>pixel</coordinate>
			<type>rectangle</type>
			<description>None</description>
			<possibleresult>
				<name>Dump Truck</name>
			</possibleresult>
			<points>
				<point>414.012451,363.922028</point>
				<point>410.000000,389.000031</point>
				<point>397.987549,387.078033</point>
				<point>402.000000,362.000031</point>
				<point>414.012451,363.922028</point>
			</points>
		</object>
		<object>
			<coordinate>pixel</coordinate>
			<type>rectangle</type>
			<description>None</description>
			<possibleresult>
				<name>Dump Truck</name>
			</possibleresult>
			<points>
				<point>443.332947,419.011108</point>
				<point>443.000000,429.000000</point>
				<point>412.667053,427.988892</point>
				<point>413.000000,418.000000</point>
				<point>443.332947,419.011108</point>
			</points>
		</object>
		<object>
			<coordinate>pixel</coordinate>
			<type>rectangle</type>
			<description>None</description>
			<possibleresult>
				<name>Dump Truck</name>
			</possibleresult>
			<points>
				<point>363.017456,466.349121</point>
				<point>350.000000,467.000000</point>
				<point>348.982544,446.650879</point>
				<point>362.000000,446.000000</point>
				<point>363.017456,466.349121</point>
			</points>
		</object>
		<object>
			<coordinate>pixel</coordinate>
			<type>rectangle</type>
			<description>None</description>
			<possibleresult>
				<name>other-vehicle</name>
			</possibleresult>
			<points>
				<point>531.012695,498.586700</point>
				<point>511.999969,499.000031</point>
				<point>510.999969,453.000031</point>
				<point>530.012695,452.586700</point>
				<point>531.012695,498.586700</point>
			</points>
		</object>
		<object>
			<coordinate>pixel</coordinate>
			<type>rectangle</type>
			<description>None</description>
			<possibleresult>
				<name>Cargo Truck</name>
			</possibleresult>
			<points>
				<point>448.000061,331.000031</point>
				<point>446.983521,359.463715</point>
				<point>434.000061,359.000031</point>
				<point>435.016602,330.536346</point>
				<point>448.000061,331.000031</point>
			</points>
		</object>
		<object>
			<coordinate>pixel</coordinate>
			<type>rectangle</type>
			<description>None</description>
			<possibleresult>
				<name>other-vehicle</name>
			</possibleresult>
			<points>
				<point>532.000000,452.000000</point>
				<point>520.000000,452.000000</point>
				<point>520.000000,421.000000</point>
				<point>532.000000,421.000000</point>
				<point>532.000000,452.000000</point>
			</points>
		</object>
		<object>
			<coordinate>pixel</coordinate>
			<type>rectangle</type>
			<description>None</description>
			<possibleresult>
				<name>other-vehicle</name>
			</possibleresult>
			<points>
				<point>397.000000,519.000000</point>
				<point>383.982910,519.333740</point>
				<point>381.982910,441.333771</point>
				<point>395.000000,441.000000</point>
				<point>397.000000,519.000000</point>
			</points>
		</object>
		<object>
			<coordinate>pixel</coordinate>
			<type>rectangle</type>
			<description>None</description>
			<possibleresult>
				<name>Dump Truck</name>
			</possibleresult>
			<points>
				<point>366.003723,559.043213</point>
				<point>355.000000,560.000000</point>
				<point>352.996277,536.956787</point>
				<point>364.000000,536.000000</point>
				<point>366.003723,559.043213</point>
			</points>
		</object>
		<object>
			<coordinate>pixel</coordinate>
			<type>rectangle</type>
			<description>None</description>
			<possibleresult>
				<name>Dump Truck</name>
			</possibleresult>
			<points>
				<point>410.000000,572.000000</point>
				<point>399.000000,572.000000</point>
				<point>399.000000,551.000000</point>
				<point>410.000000,551.000000</point>
				<point>410.000000,572.000000</point>
			</points>
		</object>
		<object>
			<coordinate>pixel</coordinate>
			<type>rectangle</type>
			<description>None</description>
			<possibleresult>
				<name>Van</name>
			</possibleresult>
			<points>
				<point>426.000000,564.000000</point>
				<point>416.000000,564.000000</point>
				<point>416.000000,547.000000</point>
				<point>426.000000,547.000000</point>
				<point>426.000000,564.000000</point>
			</points>
		</object>
		<object>
			<coordinate>pixel</coordinate>
			<type>rectangle</type>
			<description>None</description>
			<possibleresult>
				<name>Van</name>
			</possibleresult>
			<points>
				<point>446.000000,564.000000</point>
				<point>437.000000,564.000000</point>
				<point>437.000000,547.000000</point>
				<point>446.000000,547.000000</point>
				<point>446.000000,564.000000</point>
			</points>
		</object>
		<object>
			<coordinate>pixel</coordinate>
			<type>rectangle</type>
			<description>None</description>
			<possibleresult>
				<name>Dump Truck</name>
			</possibleresult>
			<points>
				<point>457.000000,564.000000</point>
				<point>447.000000,564.000000</point>
				<point>447.000000,544.000000</point>
				<point>457.000000,544.000000</point>
				<point>457.000000,564.000000</point>
			</points>
		</object>
		<object>
			<coordinate>pixel</coordinate>
			<type>rectangle</type>
			<description>None</description>
			<possibleresult>
				<name>Small Car</name>
			</possibleresult>
			<points>
				<point>470.000000,567.000000</point>
				<point>461.000000,567.000000</point>
				<point>461.000000,551.000000</point>
				<point>470.000000,551.000000</point>
				<point>470.000000,567.000000</point>
			</points>
		</object>
		<object>
			<coordinate>pixel</coordinate>
			<type>rectangle</type>
			<description>None</description>
			<possibleresult>
				<name>Small Car</name>
			</possibleresult>
			<points>
				<point>485.900970,566.009888</point>
				<point>475.999969,567.000000</point>
				<point>473.999969,547.000000</point>
				<point>483.900970,546.009888</point>
				<point>485.900970,566.009888</point>
			</points>
		</object>
		<object>
			<coordinate>pixel</coordinate>
			<type>rectangle</type>
			<description>None</description>
			<possibleresult>
				<name>other-vehicle</name>
			</possibleresult>
			<points>
				<point>495.000000,474.999969</point>
				<point>483.000000,507.999969</point>
				<point>468.708008,502.802887</point>
				<point>480.708008,469.802887</point>
				<point>495.000000,474.999969</point>
			</points>
		</object>
		<object>
			<coordinate>pixel</coordinate>
			<type>rectangle</type>
			<description>None</description>
			<possibleresult>
				<name>Motorboat</name>
			</possibleresult>
			<points>
				<point>711.764160,475.575500</point>
				<point>702.764160,480.575500</point>
				<point>693.000000,463.000000</point>
				<point>702.000000,458.000000</point>
				<point>711.764160,475.575500</point>
			</points>
		</object>
		<object>
			<coordinate>pixel</coordinate>
			<type>rectangle</type>
			<description>None</description>
			<possibleresult>
				<name>Small Car</name>
			</possibleresult>
			<points>
				<point>812.000000,597.000000</point>
				<point>803.000000,597.000000</point>
				<point>803.000000,577.000000</point>
				<point>812.000000,577.000000</point>
				<point>812.000000,597.000000</point>
			</points>
		</object>
		<object>
			<coordinate>pixel</coordinate>
			<type>rectangle</type>
			<description>None</description>
			<possibleresult>
				<name>Van</name>
			</possibleresult>
			<points>
				<point>877.000061,530.000000</point>
				<point>875.000061,550.000000</point>
				<point>864.009949,548.901001</point>
				<point>866.009949,528.901001</point>
				<point>877.000061,530.000000</point>
			</points>
		</object>
		<object>
			<coordinate>pixel</coordinate>
			<type>rectangle</type>
			<description>None</description>
			<possibleresult>
				<name>Van</name>
			</possibleresult>
			<points>
				<point>932.000000,584.000000</point>
				<point>923.000000,584.000000</point>
				<point>923.000000,565.000000</point>
				<point>932.000000,565.000000</point>
				<point>932.000000,584.000000</point>
			</points>
		</object>
		<object>
			<coordinate>pixel</coordinate>
			<type>rectangle</type>
			<description>None</description>
			<possibleresult>
				<name>Van</name>
			</possibleresult>
			<points>
				<point>877.000000,411.000000</point>
				<point>856.000000,411.000000</point>
				<point>856.000000,404.000000</point>
				<point>877.000000,404.000000</point>
				<point>877.000000,411.000000</point>
			</points>
		</object>
		<object>
			<coordinate>pixel</coordinate>
			<type>rectangle</type>
			<description>None</description>
			<possibleresult>
				<name>Small Car</name>
			</possibleresult>
			<points>
				<point>874.000000,440.000000</point>
				<point>850.000000,440.000000</point>
				<point>850.000000,430.000000</point>
				<point>874.000000,430.000000</point>
				<point>874.000000,440.000000</point>
			</points>
		</object>
		<object>
			<coordinate>pixel</coordinate>
			<type>rectangle</type>
			<description>None</description>
			<possibleresult>
				<name>Small Car</name>
			</possibleresult>
			<points>
				<point>875.000061,467.000031</point>
				<point>874.270569,475.024628</point>
				<point>852.000061,473.000031</point>
				<point>852.729553,464.975433</point>
				<point>875.000061,467.000031</point>
			</points>
		</object>
		<object>
			<coordinate>pixel</coordinate>
			<type>rectangle</type>
			<description>None</description>
			<possibleresult>
				<name>Dump Truck</name>
			</possibleresult>
			<points>
				<point>990.000000,553.000000</point>
				<point>981.000000,553.000000</point>
				<point>981.000000,533.000000</point>
				<point>990.000000,533.000000</point>
				<point>990.000000,553.000000</point>
			</points>
		</object>
		<object>
			<coordinate>pixel</coordinate>
			<type>rectangle</type>
			<description>None</description>
			<possibleresult>
				<name>Small Car</name>
			</possibleresult>
			<points>
				<point>1000.000000,573.799988</point>
				<point>980.615356,569.923096</point>
				<point>982.000000,563.000000</point>
				<point>1000.000000,566.599976</point>
				<point>1000.000000,573.799988</point>
			</points>
		</object>
		<object>
			<coordinate>pixel</coordinate>
			<type>rectangle</type>
			<description>None</description>
			<possibleresult>
				<name>Small Car</name>
			</possibleresult>
			<points>
				<point>1000.000000,582.818176</point>
				<point>978.735962,578.952026</point>
				<point>980.000000,572.000000</point>
				<point>1000.000000,575.636353</point>
				<point>1000.000000,582.818176</point>
			</points>
		</object>
		<object>
			<coordinate>pixel</coordinate>
			<type>rectangle</type>
			<description>None</description>
			<possibleresult>
				<name>Small Car</name>
			</possibleresult>
			<points>
				<point>1000.000000,592.000000</point>
				<point>978.339355,589.937134</point>
				<point>979.000000,583.000000</point>
				<point>1000.000000,584.999939</point>
				<point>1000.000000,592.000000</point>
			</points>
		</object>
		<object>
			<coordinate>pixel</coordinate>
			<type>rectangle</type>
			<description>None</description>
			<possibleresult>
				<name>other-vehicle</name>
			</possibleresult>
			<points>
				<point>1000.000000,564.093750</point>
				<point>992.010803,564.343384</point>
				<point>991.000061,532.000000</point>
				<point>1000.000000,531.718750</point>
				<point>1000.000000,564.093750</point>
			</points>
		</object>
		<object>
			<coordinate>pixel</coordinate>
			<type>rectangle</type>
			<description>None</description>
			<possibleresult>
				<name>Cargo Truck</name>
			</possibleresult>
			<points>
				<point>1000.000000,466.000000</point>
				<point>985.000000,466.000000</point>
				<point>985.000000,457.000000</point>
				<point>1000.000000,457.000000</point>
				<point>1000.000000,466.000000</point>
			</points>
		</object>
		<object>
			<coordinate>pixel</coordinate>
			<type>rectangle</type>
			<description>None</description>
			<possibleresult>
				<name>Cargo Truck</name>
			</possibleresult>
			<points>
				<point>40.999992,830.000061</point>
				<point>6.883255,833.010315</point>
				<point>5.999992,823.000061</point>
				<point>40.116730,819.989807</point>
				<point>40.999992,830.000061</point>
			</points>
		</object>
		<object>
			<coordinate>pixel</coordinate>
			<type>rectangle</type>
			<description>None</description>
			<possibleresult>
				<name>Dump Truck</name>
			</possibleresult>
			<points>
				<point>34.644829,885.037964</point>
				<point>34.000000,896.000000</point>
				<point>0.000000,893.999939</point>
				<point>0.000000,883.000000</point>
				<point>34.644829,885.037964</point>
			</points>
		</object>
		<object>
			<coordinate>pixel</coordinate>
			<type>rectangle</type>
			<description>None</description>
			<possibleresult>
				<name>Dump Truck</name>
			</possibleresult>
			<points>
				<point>26.345646,936.986694</point>
				<point>0.000000,938.000000</point>
				<point>0.000000,929.000000</point>
				<point>26.000004,928.000000</point>
				<point>26.345646,936.986694</point>
			</points>
		</object>
		<object>
			<coordinate>pixel</coordinate>
			<type>rectangle</type>
			<description>None</description>
			<possibleresult>
				<name>Small Car</name>
			</possibleresult>
			<points>
				<point>234.000000,826.000000</point>
				<point>224.000000,826.000000</point>
				<point>224.000000,809.000000</point>
				<point>234.000000,809.000000</point>
				<point>234.000000,826.000000</point>
			</points>
		</object>
		<object>
			<coordinate>pixel</coordinate>
			<type>rectangle</type>
			<description>None</description>
			<possibleresult>
				<name>Cargo Truck</name>
			</possibleresult>
			<points>
				<point>206.017761,975.638550</point>
				<point>193.000031,976.000122</point>
				<point>192.000031,940.000122</point>
				<point>205.017761,939.638550</point>
				<point>206.017761,975.638550</point>
			</points>
		</object>
		<object>
			<coordinate>pixel</coordinate>
			<type>rectangle</type>
			<description>None</description>
			<possibleresult>
				<name>Cargo Truck</name>
			</possibleresult>
			<points>
				<point>223.000000,979.000122</point>
				<point>211.979218,979.355591</point>
				<point>210.979218,948.355591</point>
				<point>222.000000,948.000122</point>
				<point>223.000000,979.000122</point>
			</points>
		</object>
		<object>
			<coordinate>pixel</coordinate>
			<type>rectangle</type>
			<description>None</description>
			<possibleresult>
				<name>Dump Truck</name>
			</possibleresult>
			<points>
				<point>543.000000,783.000000</point>
				<point>519.000000,783.000000</point>
				<point>519.000000,776.000000</point>
				<point>543.000000,776.000000</point>
				<point>543.000000,783.000000</point>
			</points>
		</object>
		<object>
			<coordinate>pixel</coordinate>
			<type>rectangle</type>
			<description>None</description>
			<possibleresult>
				<name>Dump Truck</name>
			</possibleresult>
			<points>
				<point>505.000000,818.000061</point>
				<point>496.022461,818.448914</point>
				<point>495.000000,798.000061</point>
				<point>503.977539,797.551208</point>
				<point>505.000000,818.000061</point>
			</points>
		</object>
		<object>
			<coordinate>pixel</coordinate>
			<type>rectangle</type>
			<description>None</description>
			<possibleresult>
				<name>Dump Truck</name>
			</possibleresult>
			<points>
				<point>519.000000,823.000000</point>
				<point>507.027191,823.570190</point>
				<point>506.027191,802.570190</point>
				<point>518.000000,802.000000</point>
				<point>519.000000,823.000000</point>
			</points>
		</object>
		<object>
			<coordinate>pixel</coordinate>
			<type>rectangle</type>
			<description>None</description>
			<possibleresult>
				<name>Truck Tractor</name>
			</possibleresult>
			<points>
				<point>636.190430,809.003052</point>
				<point>636.000000,821.000000</point>
				<point>572.809570,819.996948</point>
				<point>573.000000,808.000000</point>
				<point>636.190430,809.003052</point>
			</points>
		</object>
		<object>
			<coordinate>pixel</coordinate>
			<type>rectangle</type>
			<description>None</description>
			<possibleresult>
				<name>Dump Truck</name>
			</possibleresult>
			<points>
				<point>693.020569,751.546387</point>
				<point>692.020569,773.546387</point>
				<point>679.999939,773.000000</point>
				<point>680.999939,751.000000</point>
				<point>693.020569,751.546387</point>
			</points>
		</object>
		<object>
			<coordinate>pixel</coordinate>
			<type>rectangle</type>
			<description>None</description>
			<possibleresult>
				<name>Dump Truck</name>
			</possibleresult>
			<points>
				<point>718.000000,773.000000</point>
				<point>706.000000,773.000000</point>
				<point>706.000000,754.000000</point>
				<point>718.000000,754.000000</point>
				<point>718.000000,773.000000</point>
			</points>
		</object>
		<object>
			<coordinate>pixel</coordinate>
			<type>rectangle</type>
			<description>None</description>
			<possibleresult>
				<name>Dump Truck</name>
			</possibleresult>
			<points>
				<point>675.420715,752.951843</point>
				<point>674.000061,770.000061</point>
				<point>662.000061,769.000061</point>
				<point>663.420715,751.951843</point>
				<point>675.420715,752.951843</point>
			</points>
		</object>
		<object>
			<coordinate>pixel</coordinate>
			<type>rectangle</type>
			<description>None</description>
			<possibleresult>
				<name>Van</name>
			</possibleresult>
			<points>
				<point>898.999939,835.000061</point>
				<point>889.972839,835.429871</point>
				<point>888.972839,814.429871</point>
				<point>897.999939,814.000061</point>
				<point>898.999939,835.000061</point>
			</points>
		</object>
		<object>
			<coordinate>pixel</coordinate>
			<type>rectangle</type>
			<description>None</description>
			<possibleresult>
				<name>Cargo Truck</name>
			</possibleresult>
			<points>
				<point>924.000000,771.000061</point>
				<point>905.780518,773.024475</point>
				<point>905.000000,766.000061</point>
				<point>923.219482,763.975647</point>
				<point>924.000000,771.000061</point>
			</points>
		</object>
	</objects>
</annotation>