<?xml version="1.0" encoding="utf-8"?>
<annotation>
	<source>
		<filename>1267.tif</filename>
		<origin>GF2/GF3</origin>
	</source>
	<research>
		<version>1.0</version>
		<provider>FAIR1M</provider>
		<author>Cyber</author>
		<pluginname>FAIR1M</pluginname>
		<pluginclass>object detection</pluginclass>
		<time>2021-03</time>
	</research>
	<size>
		<width>1000</width>
		<height>1000</height>
		<depth>3</depth>
	</size>
	<objects>
		<object>
			<coordinate>pixel</coordinate>
			<type>rectangle</type>
			<description>None</description>
			<possibleresult>
				<name>A220</name>
			</possibleresult>
			<points>
				<point>319.000000,403.000000</point>
				<point>290.000000,362.000000</point>
				<point>253.000000,388.000000</point>
				<point>282.000000,429.000000</point>
				<point>319.000000,403.000000</point>
			</points>
		</object>
		<object>
			<coordinate>pixel</coordinate>
			<type>rectangle</type>
			<description>None</description>
			<possibleresult>
				<name>A220</name>
			</possibleresult>
			<points>
				<point>237.000000,458.000000</point>
				<point>274.000000,433.000000</point>
				<point>246.000000,392.000000</point>
				<point>210.000000,417.000000</point>
				<point>237.000000,458.000000</point>
			</points>
		</object>
		<object>
			<coordinate>pixel</coordinate>
			<type>rectangle</type>
			<description>None</description>
			<possibleresult>
				<name>A220</name>
			</possibleresult>
			<points>
				<point>228.000000,462.000000</point>
				<point>200.000000,421.000000</point>
				<point>165.000000,446.000000</point>
				<point>193.000000,487.000000</point>
				<point>228.000000,462.000000</point>
			</points>
		</object>
		<object>
			<coordinate>pixel</coordinate>
			<type>rectangle</type>
			<description>None</description>
			<possibleresult>
				<name>A220</name>
			</possibleresult>
			<points>
				<point>184.000000,489.000000</point>
				<point>157.000000,449.000000</point>
				<point>119.000000,473.000000</point>
				<point>146.000000,514.000000</point>
				<point>184.000000,489.000000</point>
			</points>
		</object>
		<object>
			<coordinate>pixel</coordinate>
			<type>rectangle</type>
			<description>None</description>
			<possibleresult>
				<name>other-airplane</name>
			</possibleresult>
			<points>
				<point>131.000000,521.000000</point>
				<point>109.000000,487.000000</point>
				<point>73.000000,511.000000</point>
				<point>95.000000,545.000000</point>
				<point>131.000000,521.000000</point>
			</points>
		</object>
		<object>
			<coordinate>pixel</coordinate>
			<type>rectangle</type>
			<description>None</description>
			<possibleresult>
				<name>A321</name>
			</possibleresult>
			<points>
				<point>88.000000,555.000000</point>
				<point>59.000000,508.000000</point>
				<point>24.000000,530.000000</point>
				<point>53.000000,576.000000</point>
				<point>88.000000,555.000000</point>
			</points>
		</object>
		<object>
			<coordinate>pixel</coordinate>
			<type>rectangle</type>
			<description>None</description>
			<possibleresult>
				<name>Boeing737</name>
			</possibleresult>
			<points>
				<point>236.000000,652.000000</point>
				<point>259.000000,692.000000</point>
				<point>296.000000,670.000000</point>
				<point>273.000000,630.000000</point>
				<point>236.000000,652.000000</point>
			</points>
		</object>
		<object>
			<coordinate>pixel</coordinate>
			<type>rectangle</type>
			<description>None</description>
			<possibleresult>
				<name>Boeing737</name>
			</possibleresult>
			<points>
				<point>293.000000,612.000000</point>
				<point>318.000000,655.000000</point>
				<point>354.000000,633.000000</point>
				<point>329.000000,590.000000</point>
				<point>293.000000,612.000000</point>
			</points>
		</object>
		<object>
			<coordinate>pixel</coordinate>
			<type>rectangle</type>
			<description>None</description>
			<possibleresult>
				<name>A321</name>
			</possibleresult>
			<points>
				<point>432.000000,505.000000</point>
				<point>463.000000,551.000000</point>
				<point>498.000000,527.000000</point>
				<point>467.000000,481.000000</point>
				<point>432.000000,505.000000</point>
			</points>
		</object>
		<object>
			<coordinate>pixel</coordinate>
			<type>rectangle</type>
			<description>None</description>
			<possibleresult>
				<name>other-airplane</name>
			</possibleresult>
			<points>
				<point>351.000000,762.000000</point>
				<point>390.000000,736.000000</point>
				<point>369.000000,704.000000</point>
				<point>330.000000,730.000000</point>
				<point>351.000000,762.000000</point>
			</points>
		</object>
		<object>
			<coordinate>pixel</coordinate>
			<type>rectangle</type>
			<description>None</description>
			<possibleresult>
				<name>Boeing737</name>
			</possibleresult>
			<points>
				<point>598.000000,406.000000</point>
				<point>622.000000,444.000000</point>
				<point>657.000000,421.000000</point>
				<point>633.000000,384.000000</point>
				<point>598.000000,406.000000</point>
			</points>
		</object>
		<object>
			<coordinate>pixel</coordinate>
			<type>rectangle</type>
			<description>None</description>
			<possibleresult>
				<name>Boeing737</name>
			</possibleresult>
			<points>
				<point>693.000000,344.000000</point>
				<point>719.000000,386.000000</point>
				<point>756.000000,363.000000</point>
				<point>730.000000,321.000000</point>
				<point>693.000000,344.000000</point>
			</points>
		</object>
		<object>
			<coordinate>pixel</coordinate>
			<type>rectangle</type>
			<description>None</description>
			<possibleresult>
				<name>A321</name>
			</possibleresult>
			<points>
				<point>789.000000,285.000000</point>
				<point>817.000000,331.000000</point>
				<point>854.000000,309.000000</point>
				<point>826.000000,263.000000</point>
				<point>789.000000,285.000000</point>
			</points>
		</object>
		<object>
			<coordinate>pixel</coordinate>
			<type>rectangle</type>
			<description>None</description>
			<possibleresult>
				<name>Boeing747</name>
			</possibleresult>
			<points>
				<point>863.000000,220.000000</point>
				<point>907.000000,289.000000</point>
				<point>972.000000,248.000000</point>
				<point>928.000000,179.000000</point>
				<point>863.000000,220.000000</point>
			</points>
		</object>
		<object>
			<coordinate>pixel</coordinate>
			<type>rectangle</type>
			<description>None</description>
			<possibleresult>
				<name>A220</name>
			</possibleresult>
			<points>
				<point>22.000000,802.000000</point>
				<point>45.000000,841.000000</point>
				<point>83.000000,818.000000</point>
				<point>60.000000,779.000000</point>
				<point>22.000000,802.000000</point>
			</points>
		</object>
	</objects>
</annotation>