<?xml version="1.0" encoding="utf-8"?>
<annotation>
	<source>
		<filename>1269.tif</filename>
		<origin>GF2/GF3</origin>
	</source>
	<research>
		<version>1.0</version>
		<provider>FAIR1M</provider>
		<author>Cyber</author>
		<pluginname>FAIR1M</pluginname>
		<pluginclass>object detection</pluginclass>
		<time>2021-03</time>
	</research>
	<size>
		<width>1500</width>
		<height>1500</height>
		<depth>3</depth>
	</size>
	<objects>
		<object>
			<coordinate>pixel</coordinate>
			<type>rectangle</type>
			<description>None</description>
			<possibleresult>
				<name>Liquid Cargo Ship</name>
			</possibleresult>
			<points>
				<point>1091.000000,583.000000</point>
				<point>1250.000000,400.000000</point>
				<point>1212.000000,368.000000</point>
				<point>1054.000000,551.000000</point>
				<point>1091.000000,583.000000</point>
			</points>
		</object>
		<object>
			<coordinate>pixel</coordinate>
			<type>rectangle</type>
			<description>None</description>
			<possibleresult>
				<name>Dry Cargo Ship</name>
			</possibleresult>
			<points>
				<point>1536.000000,1136.000000</point>
				<point>1318.000000,1194.000000</point>
				<point>1328.000000,1231.000000</point>
				<point>1546.000000,1173.000000</point>
				<point>1536.000000,1136.000000</point>
			</points>
		</object>
		<object>
			<coordinate>pixel</coordinate>
			<type>rectangle</type>
			<description>None</description>
			<possibleresult>
				<name>Dry Cargo Ship</name>
			</possibleresult>
			<points>
				<point>712.000000,1422.000000</point>
				<point>929.000000,1358.000000</point>
				<point>916.000000,1314.000000</point>
				<point>699.000000,1378.000000</point>
				<point>712.000000,1422.000000</point>
			</points>
		</object>
		<object>
			<coordinate>pixel</coordinate>
			<type>rectangle</type>
			<description>None</description>
			<possibleresult>
				<name>Motorboat</name>
			</possibleresult>
			<points>
				<point>450.000000,1497.000000</point>
				<point>462.000000,1485.000000</point>
				<point>459.000000,1482.000000</point>
				<point>446.000000,1494.000000</point>
				<point>450.000000,1497.000000</point>
			</points>
		</object>
		<object>
			<coordinate>pixel</coordinate>
			<type>rectangle</type>
			<description>None</description>
			<possibleresult>
				<name>Motorboat</name>
			</possibleresult>
			<points>
				<point>447.000000,1494.000000</point>
				<point>459.000000,1481.000000</point>
				<point>455.000000,1478.000000</point>
				<point>443.000000,1490.000000</point>
				<point>447.000000,1494.000000</point>
			</points>
		</object>
		<object>
			<coordinate>pixel</coordinate>
			<type>rectangle</type>
			<description>None</description>
			<possibleresult>
				<name>Motorboat</name>
			</possibleresult>
			<points>
				<point>443.000000,1489.000000</point>
				<point>454.000000,1477.000000</point>
				<point>451.000000,1474.000000</point>
				<point>440.000000,1486.000000</point>
				<point>443.000000,1489.000000</point>
			</points>
		</object>
	</objects>
</annotation>