<?xml version="1.0" encoding="utf-8"?>
<annotation>
	<source>
		<filename>127.tif</filename>
		<origin>GF2/GF3</origin>
	</source>
	<research>
		<version>1.0</version>
		<provider>FAIR1M</provider>
		<author>Cyber</author>
		<pluginname>FAIR1M</pluginname>
		<pluginclass>object detection</pluginclass>
		<time>2021-03</time>
	</research>
	<size>
		<width>1000</width>
		<height>1000</height>
		<depth>3</depth>
	</size>
	<objects>
		<object>
			<coordinate>pixel</coordinate>
			<type>rectangle</type>
			<description>None</description>
			<possibleresult>
				<name>Van</name>
			</possibleresult>
			<points>
				<point>663.000000,24.000000</point>
				<point>636.000000,24.000000</point>
				<point>636.000000,18.000000</point>
				<point>663.000000,18.000000</point>
				<point>663.000000,24.000000</point>
			</points>
		</object>
		<object>
			<coordinate>pixel</coordinate>
			<type>rectangle</type>
			<description>None</description>
			<possibleresult>
				<name>Van</name>
			</possibleresult>
			<points>
				<point>740.000000,24.000000</point>
				<point>715.000000,24.000000</point>
				<point>715.000000,17.000000</point>
				<point>740.000000,17.000000</point>
				<point>740.000000,24.000000</point>
			</points>
		</object>
		<object>
			<coordinate>pixel</coordinate>
			<type>rectangle</type>
			<description>None</description>
			<possibleresult>
				<name>Intersection</name>
			</possibleresult>
			<points>
				<point>433.000031,11.000008</point>
				<point>432.140594,66.002205</point>
				<point>367.999969,65.000008</point>
				<point>368.859406,9.997810</point>
				<point>433.000031,11.000008</point>
			</points>
		</object>
		<object>
			<coordinate>pixel</coordinate>
			<type>rectangle</type>
			<description>None</description>
			<possibleresult>
				<name>Intersection</name>
			</possibleresult>
			<points>
				<point>436.531403,281.007355</point>
				<point>372.531403,282.007355</point>
				<point>372.000031,248.000031</point>
				<point>436.000031,247.000031</point>
				<point>436.531403,281.007355</point>
			</points>
		</object>
		<object>
			<coordinate>pixel</coordinate>
			<type>rectangle</type>
			<description>None</description>
			<possibleresult>
				<name>Van</name>
			</possibleresult>
			<points>
				<point>664.000000,652.000000</point>
				<point>642.000000,652.000000</point>
				<point>642.000000,645.000000</point>
				<point>664.000000,645.000000</point>
				<point>664.000000,652.000000</point>
			</points>
		</object>
		<object>
			<coordinate>pixel</coordinate>
			<type>rectangle</type>
			<description>None</description>
			<possibleresult>
				<name>Van</name>
			</possibleresult>
			<points>
				<point>612.260376,646.011353</point>
				<point>612.000000,652.000000</point>
				<point>588.739624,650.988647</point>
				<point>589.000000,645.000000</point>
				<point>612.260376,646.011353</point>
			</points>
		</object>
		<object>
			<coordinate>pixel</coordinate>
			<type>rectangle</type>
			<description>None</description>
			<possibleresult>
				<name>Small Car</name>
			</possibleresult>
			<points>
				<point>530.000000,652.000000</point>
				<point>509.000000,652.000000</point>
				<point>509.000000,645.000000</point>
				<point>530.000000,645.000000</point>
				<point>530.000000,652.000000</point>
			</points>
		</object>
		<object>
			<coordinate>pixel</coordinate>
			<type>rectangle</type>
			<description>None</description>
			<possibleresult>
				<name>Van</name>
			</possibleresult>
			<points>
				<point>477.000000,652.000000</point>
				<point>456.000000,652.000000</point>
				<point>456.000000,646.000000</point>
				<point>477.000000,646.000000</point>
				<point>477.000000,652.000000</point>
			</points>
		</object>
		<object>
			<coordinate>pixel</coordinate>
			<type>rectangle</type>
			<description>None</description>
			<possibleresult>
				<name>Van</name>
			</possibleresult>
			<points>
				<point>425.000000,651.000000</point>
				<point>395.000000,651.000000</point>
				<point>395.000000,643.000000</point>
				<point>425.000000,643.000000</point>
				<point>425.000000,651.000000</point>
			</points>
		</object>
		<object>
			<coordinate>pixel</coordinate>
			<type>rectangle</type>
			<description>None</description>
			<possibleresult>
				<name>Van</name>
			</possibleresult>
			<points>
				<point>344.000000,651.000000</point>
				<point>317.000000,651.000000</point>
				<point>317.000000,644.000000</point>
				<point>344.000000,644.000000</point>
				<point>344.000000,651.000000</point>
			</points>
		</object>
		<object>
			<coordinate>pixel</coordinate>
			<type>rectangle</type>
			<description>None</description>
			<possibleresult>
				<name>Van</name>
			</possibleresult>
			<points>
				<point>868.315002,646.016663</point>
				<point>868.000061,652.000061</point>
				<point>848.685120,650.983459</point>
				<point>849.000061,645.000061</point>
				<point>868.315002,646.016663</point>
			</points>
		</object>
		<object>
			<coordinate>pixel</coordinate>
			<type>rectangle</type>
			<description>None</description>
			<possibleresult>
				<name>Van</name>
			</possibleresult>
			<points>
				<point>225.000000,485.000000</point>
				<point>206.000000,485.000000</point>
				<point>206.000000,477.000000</point>
				<point>225.000000,477.000000</point>
				<point>225.000000,485.000000</point>
			</points>
		</object>
		<object>
			<coordinate>pixel</coordinate>
			<type>rectangle</type>
			<description>None</description>
			<possibleresult>
				<name>Small Car</name>
			</possibleresult>
			<points>
				<point>208.000000,950.000000</point>
				<point>200.000000,950.000000</point>
				<point>200.000000,935.000000</point>
				<point>208.000000,935.000000</point>
				<point>208.000000,950.000000</point>
			</points>
		</object>
		<object>
			<coordinate>pixel</coordinate>
			<type>rectangle</type>
			<description>None</description>
			<possibleresult>
				<name>Small Car</name>
			</possibleresult>
			<points>
				<point>209.017578,896.439270</point>
				<point>195.000000,896.999939</point>
				<point>193.982422,871.560608</point>
				<point>208.000000,870.999939</point>
				<point>209.017578,896.439270</point>
			</points>
		</object>
		<object>
			<coordinate>pixel</coordinate>
			<type>rectangle</type>
			<description>None</description>
			<possibleresult>
				<name>Small Car</name>
			</possibleresult>
			<points>
				<point>208.961090,766.622559</point>
				<point>207.961090,782.622559</point>
				<point>198.000000,782.000000</point>
				<point>199.000000,766.000000</point>
				<point>208.961090,766.622559</point>
			</points>
		</object>
		<object>
			<coordinate>pixel</coordinate>
			<type>rectangle</type>
			<description>None</description>
			<possibleresult>
				<name>Van</name>
			</possibleresult>
			<points>
				<point>209.000000,842.000000</point>
				<point>201.000000,842.000000</point>
				<point>201.000000,827.000000</point>
				<point>209.000000,827.000000</point>
				<point>209.000000,842.000000</point>
			</points>
		</object>
		<object>
			<coordinate>pixel</coordinate>
			<type>rectangle</type>
			<description>None</description>
			<possibleresult>
				<name>Small Car</name>
			</possibleresult>
			<points>
				<point>210.000000,822.000000</point>
				<point>201.000000,822.000000</point>
				<point>201.000000,809.000000</point>
				<point>210.000000,809.000000</point>
				<point>210.000000,822.000000</point>
			</points>
		</object>
		<object>
			<coordinate>pixel</coordinate>
			<type>rectangle</type>
			<description>None</description>
			<possibleresult>
				<name>Small Car</name>
			</possibleresult>
			<points>
				<point>210.000000,744.000000</point>
				<point>200.000000,744.000000</point>
				<point>200.000000,727.000000</point>
				<point>210.000000,727.000000</point>
				<point>210.000000,744.000000</point>
			</points>
		</object>
		<object>
			<coordinate>pixel</coordinate>
			<type>rectangle</type>
			<description>None</description>
			<possibleresult>
				<name>Van</name>
			</possibleresult>
			<points>
				<point>246.000000,787.000000</point>
				<point>237.000000,787.000000</point>
				<point>237.000000,772.000000</point>
				<point>246.000000,772.000000</point>
				<point>246.000000,787.000000</point>
			</points>
		</object>
		<object>
			<coordinate>pixel</coordinate>
			<type>rectangle</type>
			<description>None</description>
			<possibleresult>
				<name>Small Car</name>
			</possibleresult>
			<points>
				<point>246.949265,753.710693</point>
				<point>245.949265,767.710693</point>
				<point>236.000015,767.000000</point>
				<point>237.000015,753.000000</point>
				<point>246.949265,753.710693</point>
			</points>
		</object>
		<object>
			<coordinate>pixel</coordinate>
			<type>rectangle</type>
			<description>None</description>
			<possibleresult>
				<name>Small Car</name>
			</possibleresult>
			<points>
				<point>246.000000,748.000000</point>
				<point>238.000000,748.000000</point>
				<point>238.000000,732.000000</point>
				<point>246.000000,732.000000</point>
				<point>246.000000,748.000000</point>
			</points>
		</object>
		<object>
			<coordinate>pixel</coordinate>
			<type>rectangle</type>
			<description>None</description>
			<possibleresult>
				<name>Small Car</name>
			</possibleresult>
			<points>
				<point>246.000000,726.000000</point>
				<point>237.000000,726.000000</point>
				<point>237.000000,710.000000</point>
				<point>246.000000,710.000000</point>
				<point>246.000000,726.000000</point>
			</points>
		</object>
		<object>
			<coordinate>pixel</coordinate>
			<type>rectangle</type>
			<description>None</description>
			<possibleresult>
				<name>Van</name>
			</possibleresult>
			<points>
				<point>247.000000,705.000000</point>
				<point>237.000000,705.000000</point>
				<point>237.000000,687.000000</point>
				<point>247.000000,687.000000</point>
				<point>247.000000,705.000000</point>
			</points>
		</object>
		<object>
			<coordinate>pixel</coordinate>
			<type>rectangle</type>
			<description>None</description>
			<possibleresult>
				<name>Small Car</name>
			</possibleresult>
			<points>
				<point>5.000001,971.000061</point>
				<point>0.000000,971.312561</point>
				<point>0.000000,955.250061</point>
				<point>4.000001,955.000061</point>
				<point>5.000001,971.000061</point>
			</points>
		</object>
		<object>
			<coordinate>pixel</coordinate>
			<type>rectangle</type>
			<description>None</description>
			<possibleresult>
				<name>Van</name>
			</possibleresult>
			<points>
				<point>-0.000000,975.000000</point>
				<point>-0.000000,975.000000</point>
				<point>0.000000,989.000000</point>
				<point>0.000000,989.000000</point>
				<point>-0.000000,975.000000</point>
			</points>
		</object>
		<object>
			<coordinate>pixel</coordinate>
			<type>rectangle</type>
			<description>None</description>
			<possibleresult>
				<name>Van</name>
			</possibleresult>
			<points>
				<point>14.000000,989.000000</point>
				<point>3.000000,989.000000</point>
				<point>3.000000,974.000000</point>
				<point>14.000000,974.000000</point>
				<point>14.000000,989.000000</point>
			</points>
		</object>
		<object>
			<coordinate>pixel</coordinate>
			<type>rectangle</type>
			<description>None</description>
			<possibleresult>
				<name>Van</name>
			</possibleresult>
			<points>
				<point>29.024139,990.410461</point>
				<point>19.000000,991.000061</point>
				<point>18.000000,974.000061</point>
				<point>28.024139,973.410461</point>
				<point>29.024139,990.410461</point>
			</points>
		</object>
		<object>
			<coordinate>pixel</coordinate>
			<type>rectangle</type>
			<description>None</description>
			<possibleresult>
				<name>Van</name>
			</possibleresult>
			<points>
				<point>40.000000,990.000000</point>
				<point>30.000000,990.000000</point>
				<point>30.000000,974.000000</point>
				<point>40.000000,974.000000</point>
				<point>40.000000,990.000000</point>
			</points>
		</object>
		<object>
			<coordinate>pixel</coordinate>
			<type>rectangle</type>
			<description>None</description>
			<possibleresult>
				<name>Van</name>
			</possibleresult>
			<points>
				<point>86.000000,991.000000</point>
				<point>75.000000,991.000000</point>
				<point>75.000000,973.000000</point>
				<point>86.000000,973.000000</point>
				<point>86.000000,991.000000</point>
			</points>
		</object>
		<object>
			<coordinate>pixel</coordinate>
			<type>rectangle</type>
			<description>None</description>
			<possibleresult>
				<name>Van</name>
			</possibleresult>
			<points>
				<point>98.000000,992.000000</point>
				<point>90.000000,992.000000</point>
				<point>90.000000,975.000000</point>
				<point>98.000000,975.000000</point>
				<point>98.000000,992.000000</point>
			</points>
		</object>
		<object>
			<coordinate>pixel</coordinate>
			<type>rectangle</type>
			<description>None</description>
			<possibleresult>
				<name>Small Car</name>
			</possibleresult>
			<points>
				<point>112.022133,989.331970</point>
				<point>102.000008,990.000061</point>
				<point>100.977882,974.668152</point>
				<point>111.000008,974.000061</point>
				<point>112.022133,989.331970</point>
			</points>
		</object>
		<object>
			<coordinate>pixel</coordinate>
			<type>rectangle</type>
			<description>None</description>
			<possibleresult>
				<name>Small Car</name>
			</possibleresult>
			<points>
				<point>248.000000,962.000000</point>
				<point>238.000000,962.000000</point>
				<point>238.000000,945.000000</point>
				<point>248.000000,945.000000</point>
				<point>248.000000,962.000000</point>
			</points>
		</object>
		<object>
			<coordinate>pixel</coordinate>
			<type>rectangle</type>
			<description>None</description>
			<possibleresult>
				<name>Van</name>
			</possibleresult>
			<points>
				<point>245.000000,941.000000</point>
				<point>235.000000,941.000000</point>
				<point>235.000000,926.000000</point>
				<point>245.000000,926.000000</point>
				<point>245.000000,941.000000</point>
			</points>
		</object>
		<object>
			<coordinate>pixel</coordinate>
			<type>rectangle</type>
			<description>None</description>
			<possibleresult>
				<name>Small Car</name>
			</possibleresult>
			<points>
				<point>247.000000,912.000000</point>
				<point>237.000000,912.000000</point>
				<point>237.000000,894.000000</point>
				<point>247.000000,894.000000</point>
				<point>247.000000,912.000000</point>
			</points>
		</object>
		<object>
			<coordinate>pixel</coordinate>
			<type>rectangle</type>
			<description>None</description>
			<possibleresult>
				<name>Small Car</name>
			</possibleresult>
			<points>
				<point>246.027695,891.498413</point>
				<point>237.000015,892.000000</point>
				<point>235.972336,873.501587</point>
				<point>245.000015,873.000000</point>
				<point>246.027695,891.498413</point>
			</points>
		</object>
		<object>
			<coordinate>pixel</coordinate>
			<type>rectangle</type>
			<description>None</description>
			<possibleresult>
				<name>Small Car</name>
			</possibleresult>
			<points>
				<point>251.000000,50.000004</point>
				<point>224.308716,51.026592</point>
				<point>224.000000,43.000004</point>
				<point>250.691284,41.973415</point>
				<point>251.000000,50.000004</point>
			</points>
		</object>
		<object>
			<coordinate>pixel</coordinate>
			<type>rectangle</type>
			<description>None</description>
			<possibleresult>
				<name>Van</name>
			</possibleresult>
			<points>
				<point>31.999989,726.000061</point>
				<point>31.360645,733.032898</point>
				<point>8.999995,731.000061</point>
				<point>9.639339,723.967224</point>
				<point>31.999989,726.000061</point>
			</points>
		</object>
		<object>
			<coordinate>pixel</coordinate>
			<type>rectangle</type>
			<description>None</description>
			<possibleresult>
				<name>Small Car</name>
			</possibleresult>
			<points>
				<point>32.999992,736.000000</point>
				<point>32.748692,742.031250</point>
				<point>8.748693,741.031250</point>
				<point>8.999992,735.000000</point>
				<point>32.999992,736.000000</point>
			</points>
		</object>
		<object>
			<coordinate>pixel</coordinate>
			<type>rectangle</type>
			<description>None</description>
			<possibleresult>
				<name>Intersection</name>
			</possibleresult>
			<points>
				<point>270.013000,624.000305</point>
				<point>269.000000,662.999939</point>
				<point>191.974045,660.999207</point>
				<point>192.987030,621.999573</point>
				<point>270.013000,624.000305</point>
			</points>
		</object>
		<object>
			<coordinate>pixel</coordinate>
			<type>rectangle</type>
			<description>None</description>
			<possibleresult>
				<name>Van</name>
			</possibleresult>
			<points>
				<point>199.000015,570.000000</point>
				<point>195.171951,578.081421</point>
				<point>175.742081,568.877808</point>
				<point>179.570145,560.796387</point>
				<point>199.000015,570.000000</point>
			</points>
		</object>
	</objects>
</annotation>