<?xml version="1.0" encoding="utf-8"?>
<annotation>
	<source>
		<filename>1270.tif</filename>
		<origin>GF2/GF3</origin>
	</source>
	<research>
		<version>1.0</version>
		<provider>FAIR1M</provider>
		<author>Cyber</author>
		<pluginname>FAIR1M</pluginname>
		<pluginclass>object detection</pluginclass>
		<time>2021-03</time>
	</research>
	<size>
		<width>1500</width>
		<height>1500</height>
		<depth>3</depth>
	</size>
	<objects>
		<object>
			<coordinate>pixel</coordinate>
			<type>rectangle</type>
			<description>None</description>
			<possibleresult>
				<name>Warship</name>
			</possibleresult>
			<points>
				<point>745.000000,1042.000000</point>
				<point>828.000000,1095.000000</point>
				<point>836.000000,1081.000000</point>
				<point>754.000000,1029.000000</point>
				<point>745.000000,1042.000000</point>
			</points>
		</object>
		<object>
			<coordinate>pixel</coordinate>
			<type>rectangle</type>
			<description>None</description>
			<possibleresult>
				<name>other-ship</name>
			</possibleresult>
			<points>
				<point>1181.000000,1238.000000</point>
				<point>1276.000000,1291.000000</point>
				<point>1295.000000,1258.000000</point>
				<point>1199.000000,1205.000000</point>
				<point>1181.000000,1238.000000</point>
			</points>
		</object>
		<object>
			<coordinate>pixel</coordinate>
			<type>rectangle</type>
			<description>None</description>
			<possibleresult>
				<name>other-ship</name>
			</possibleresult>
			<points>
				<point>614.000000,534.000000</point>
				<point>561.000000,634.000000</point>
				<point>585.000000,647.000000</point>
				<point>639.000000,547.000000</point>
				<point>614.000000,534.000000</point>
			</points>
		</object>
		<object>
			<coordinate>pixel</coordinate>
			<type>rectangle</type>
			<description>None</description>
			<possibleresult>
				<name>other-ship</name>
			</possibleresult>
			<points>
				<point>658.000000,506.000000</point>
				<point>702.000000,432.000000</point>
				<point>682.000000,420.000000</point>
				<point>638.000000,495.000000</point>
				<point>658.000000,506.000000</point>
			</points>
		</object>
		<object>
			<coordinate>pixel</coordinate>
			<type>rectangle</type>
			<description>None</description>
			<possibleresult>
				<name>other-ship</name>
			</possibleresult>
			<points>
				<point>757.000000,257.000000</point>
				<point>704.000000,355.000000</point>
				<point>733.000000,371.000000</point>
				<point>786.000000,273.000000</point>
				<point>757.000000,257.000000</point>
			</points>
		</object>
		<object>
			<coordinate>pixel</coordinate>
			<type>rectangle</type>
			<description>None</description>
			<possibleresult>
				<name>other-ship</name>
			</possibleresult>
			<points>
				<point>817.000000,141.000000</point>
				<point>766.000000,240.000000</point>
				<point>801.000000,258.000000</point>
				<point>852.000000,159.000000</point>
				<point>817.000000,141.000000</point>
			</points>
		</object>
		<object>
			<coordinate>pixel</coordinate>
			<type>rectangle</type>
			<description>None</description>
			<possibleresult>
				<name>other-ship</name>
			</possibleresult>
			<points>
				<point>542.000000,233.000000</point>
				<point>458.000000,193.000000</point>
				<point>446.000000,217.000000</point>
				<point>531.000000,257.000000</point>
				<point>542.000000,233.000000</point>
			</points>
		</object>
		<object>
			<coordinate>pixel</coordinate>
			<type>rectangle</type>
			<description>None</description>
			<possibleresult>
				<name>Fishing Boat</name>
			</possibleresult>
			<points>
				<point>17.000000,1176.000000</point>
				<point>82.000000,1217.000000</point>
				<point>90.000000,1205.000000</point>
				<point>25.000000,1163.000000</point>
				<point>17.000000,1176.000000</point>
			</points>
		</object>
		<object>
			<coordinate>pixel</coordinate>
			<type>rectangle</type>
			<description>None</description>
			<possibleresult>
				<name>Fishing Boat</name>
			</possibleresult>
			<points>
				<point>35.000000,1167.000000</point>
				<point>86.000000,1200.000000</point>
				<point>97.000000,1183.000000</point>
				<point>46.000000,1150.000000</point>
				<point>35.000000,1167.000000</point>
			</points>
		</object>
		<object>
			<coordinate>pixel</coordinate>
			<type>rectangle</type>
			<description>None</description>
			<possibleresult>
				<name>Fishing Boat</name>
			</possibleresult>
			<points>
				<point>44.000000,1146.000000</point>
				<point>90.000000,1175.000000</point>
				<point>102.000000,1156.000000</point>
				<point>56.000000,1127.000000</point>
				<point>44.000000,1146.000000</point>
			</points>
		</object>
		<object>
			<coordinate>pixel</coordinate>
			<type>rectangle</type>
			<description>None</description>
			<possibleresult>
				<name>Fishing Boat</name>
			</possibleresult>
			<points>
				<point>52.000000,1124.000000</point>
				<point>100.000000,1154.000000</point>
				<point>113.000000,1133.000000</point>
				<point>65.000000,1103.000000</point>
				<point>52.000000,1124.000000</point>
			</points>
		</object>
		<object>
			<coordinate>pixel</coordinate>
			<type>rectangle</type>
			<description>None</description>
			<possibleresult>
				<name>other-ship</name>
			</possibleresult>
			<points>
				<point>153.000000,1106.000000</point>
				<point>103.000000,1069.000000</point>
				<point>89.000000,1088.000000</point>
				<point>140.000000,1125.000000</point>
				<point>153.000000,1106.000000</point>
			</points>
		</object>
		<object>
			<coordinate>pixel</coordinate>
			<type>rectangle</type>
			<description>None</description>
			<possibleresult>
				<name>other-ship</name>
			</possibleresult>
			<points>
				<point>173.000000,1084.000000</point>
				<point>130.000000,1053.000000</point>
				<point>114.000000,1074.000000</point>
				<point>157.000000,1105.000000</point>
				<point>173.000000,1084.000000</point>
			</points>
		</object>
		<object>
			<coordinate>pixel</coordinate>
			<type>rectangle</type>
			<description>None</description>
			<possibleresult>
				<name>Fishing Boat</name>
			</possibleresult>
			<points>
				<point>93.000000,1024.000000</point>
				<point>161.000000,1075.000000</point>
				<point>175.000000,1057.000000</point>
				<point>107.000000,1006.000000</point>
				<point>93.000000,1024.000000</point>
			</points>
		</object>
		<object>
			<coordinate>pixel</coordinate>
			<type>rectangle</type>
			<description>None</description>
			<possibleresult>
				<name>Fishing Boat</name>
			</possibleresult>
			<points>
				<point>158.000000,1020.000000</point>
				<point>105.000000,979.000000</point>
				<point>94.000000,993.000000</point>
				<point>148.000000,1034.000000</point>
				<point>158.000000,1020.000000</point>
			</points>
		</object>
		<object>
			<coordinate>pixel</coordinate>
			<type>rectangle</type>
			<description>None</description>
			<possibleresult>
				<name>other-ship</name>
			</possibleresult>
			<points>
				<point>113.000000,1106.000000</point>
				<point>65.000000,1073.000000</point>
				<point>52.000000,1092.000000</point>
				<point>100.000000,1124.000000</point>
				<point>113.000000,1106.000000</point>
			</points>
		</object>
		<object>
			<coordinate>pixel</coordinate>
			<type>rectangle</type>
			<description>None</description>
			<possibleresult>
				<name>Fishing Boat</name>
			</possibleresult>
			<points>
				<point>160.000000,998.000000</point>
				<point>112.000000,957.000000</point>
				<point>101.000000,970.000000</point>
				<point>149.000000,1011.000000</point>
				<point>160.000000,998.000000</point>
			</points>
		</object>
		<object>
			<coordinate>pixel</coordinate>
			<type>rectangle</type>
			<description>None</description>
			<possibleresult>
				<name>Fishing Boat</name>
			</possibleresult>
			<points>
				<point>174.000000,988.000000</point>
				<point>147.000000,960.000000</point>
				<point>136.000000,972.000000</point>
				<point>163.000000,999.000000</point>
				<point>174.000000,988.000000</point>
			</points>
		</object>
		<object>
			<coordinate>pixel</coordinate>
			<type>rectangle</type>
			<description>None</description>
			<possibleresult>
				<name>Fishing Boat</name>
			</possibleresult>
			<points>
				<point>137.000000,950.000000</point>
				<point>183.000000,996.000000</point>
				<point>196.000000,983.000000</point>
				<point>150.000000,937.000000</point>
				<point>137.000000,950.000000</point>
			</points>
		</object>
		<object>
			<coordinate>pixel</coordinate>
			<type>rectangle</type>
			<description>None</description>
			<possibleresult>
				<name>Fishing Boat</name>
			</possibleresult>
			<points>
				<point>149.000000,934.000000</point>
				<point>180.000000,964.000000</point>
				<point>191.000000,952.000000</point>
				<point>161.000000,922.000000</point>
				<point>149.000000,934.000000</point>
			</points>
		</object>
		<object>
			<coordinate>pixel</coordinate>
			<type>rectangle</type>
			<description>None</description>
			<possibleresult>
				<name>Fishing Boat</name>
			</possibleresult>
			<points>
				<point>172.000000,932.000000</point>
				<point>193.000000,955.000000</point>
				<point>203.000000,946.000000</point>
				<point>182.000000,923.000000</point>
				<point>172.000000,932.000000</point>
			</points>
		</object>
		<object>
			<coordinate>pixel</coordinate>
			<type>rectangle</type>
			<description>None</description>
			<possibleresult>
				<name>Fishing Boat</name>
			</possibleresult>
			<points>
				<point>181.000000,922.000000</point>
				<point>212.000000,954.000000</point>
				<point>223.000000,943.000000</point>
				<point>192.000000,911.000000</point>
				<point>181.000000,922.000000</point>
			</points>
		</object>
		<object>
			<coordinate>pixel</coordinate>
			<type>rectangle</type>
			<description>None</description>
			<possibleresult>
				<name>Fishing Boat</name>
			</possibleresult>
			<points>
				<point>185.000000,904.000000</point>
				<point>227.000000,943.000000</point>
				<point>239.000000,929.000000</point>
				<point>197.000000,891.000000</point>
				<point>185.000000,904.000000</point>
			</points>
		</object>
		<object>
			<coordinate>pixel</coordinate>
			<type>rectangle</type>
			<description>None</description>
			<possibleresult>
				<name>Fishing Boat</name>
			</possibleresult>
			<points>
				<point>163.000000,918.000000</point>
				<point>129.000000,883.000000</point>
				<point>115.000000,897.000000</point>
				<point>149.000000,932.000000</point>
				<point>163.000000,918.000000</point>
			</points>
		</object>
		<object>
			<coordinate>pixel</coordinate>
			<type>rectangle</type>
			<description>None</description>
			<possibleresult>
				<name>Fishing Boat</name>
			</possibleresult>
			<points>
				<point>187.000000,913.000000</point>
				<point>154.000000,877.000000</point>
				<point>139.000000,891.000000</point>
				<point>171.000000,927.000000</point>
				<point>187.000000,913.000000</point>
			</points>
		</object>
		<object>
			<coordinate>pixel</coordinate>
			<type>rectangle</type>
			<description>None</description>
			<possibleresult>
				<name>Fishing Boat</name>
			</possibleresult>
			<points>
				<point>193.000000,890.000000</point>
				<point>154.000000,844.000000</point>
				<point>140.000000,856.000000</point>
				<point>178.000000,901.000000</point>
				<point>193.000000,890.000000</point>
			</points>
		</object>
		<object>
			<coordinate>pixel</coordinate>
			<type>rectangle</type>
			<description>None</description>
			<possibleresult>
				<name>Fishing Boat</name>
			</possibleresult>
			<points>
				<point>244.000000,908.000000</point>
				<point>199.000000,868.000000</point>
				<point>188.000000,880.000000</point>
				<point>233.000000,920.000000</point>
				<point>244.000000,908.000000</point>
			</points>
		</object>
		<object>
			<coordinate>pixel</coordinate>
			<type>rectangle</type>
			<description>None</description>
			<possibleresult>
				<name>Fishing Boat</name>
			</possibleresult>
			<points>
				<point>214.000000,877.000000</point>
				<point>277.000000,929.000000</point>
				<point>290.000000,913.000000</point>
				<point>228.000000,861.000000</point>
				<point>214.000000,877.000000</point>
			</points>
		</object>
		<object>
			<coordinate>pixel</coordinate>
			<type>rectangle</type>
			<description>None</description>
			<possibleresult>
				<name>Fishing Boat</name>
			</possibleresult>
			<points>
				<point>249.000000,847.000000</point>
				<point>194.000000,845.000000</point>
				<point>193.000000,864.000000</point>
				<point>248.000000,865.000000</point>
				<point>249.000000,847.000000</point>
			</points>
		</object>
		<object>
			<coordinate>pixel</coordinate>
			<type>rectangle</type>
			<description>None</description>
			<possibleresult>
				<name>Fishing Boat</name>
			</possibleresult>
			<points>
				<point>195.000000,843.000000</point>
				<point>269.000000,846.000000</point>
				<point>270.000000,820.000000</point>
				<point>196.000000,817.000000</point>
				<point>195.000000,843.000000</point>
			</points>
		</object>
		<object>
			<coordinate>pixel</coordinate>
			<type>rectangle</type>
			<description>None</description>
			<possibleresult>
				<name>Fishing Boat</name>
			</possibleresult>
			<points>
				<point>260.000000,801.000000</point>
				<point>184.000000,789.000000</point>
				<point>181.000000,808.000000</point>
				<point>257.000000,820.000000</point>
				<point>260.000000,801.000000</point>
			</points>
		</object>
		<object>
			<coordinate>pixel</coordinate>
			<type>rectangle</type>
			<description>None</description>
			<possibleresult>
				<name>Fishing Boat</name>
			</possibleresult>
			<points>
				<point>274.000000,785.000000</point>
				<point>213.000000,746.000000</point>
				<point>202.000000,765.000000</point>
				<point>263.000000,803.000000</point>
				<point>274.000000,785.000000</point>
			</points>
		</object>
		<object>
			<coordinate>pixel</coordinate>
			<type>rectangle</type>
			<description>None</description>
			<possibleresult>
				<name>Fishing Boat</name>
			</possibleresult>
			<points>
				<point>-16.000000,1073.000000</point>
				<point>32.000000,1104.000000</point>
				<point>44.000000,1086.000000</point>
				<point>-4.000000,1055.000000</point>
				<point>-16.000000,1073.000000</point>
			</points>
		</object>
		<object>
			<coordinate>pixel</coordinate>
			<type>rectangle</type>
			<description>None</description>
			<possibleresult>
				<name>Fishing Boat</name>
			</possibleresult>
			<points>
				<point>-21.000000,1042.000000</point>
				<point>41.000000,1082.000000</point>
				<point>54.000000,1062.000000</point>
				<point>-8.000000,1022.000000</point>
				<point>-21.000000,1042.000000</point>
			</points>
		</object>
		<object>
			<coordinate>pixel</coordinate>
			<type>rectangle</type>
			<description>None</description>
			<possibleresult>
				<name>Fishing Boat</name>
			</possibleresult>
			<points>
				<point>45.000000,1055.000000</point>
				<point>82.000000,1082.000000</point>
				<point>92.000000,1068.000000</point>
				<point>54.000000,1041.000000</point>
				<point>45.000000,1055.000000</point>
			</points>
		</object>
		<object>
			<coordinate>pixel</coordinate>
			<type>rectangle</type>
			<description>None</description>
			<possibleresult>
				<name>Fishing Boat</name>
			</possibleresult>
			<points>
				<point>59.000000,1044.000000</point>
				<point>87.000000,1064.000000</point>
				<point>95.000000,1054.000000</point>
				<point>66.000000,1034.000000</point>
				<point>59.000000,1044.000000</point>
			</points>
		</object>
		<object>
			<coordinate>pixel</coordinate>
			<type>rectangle</type>
			<description>None</description>
			<possibleresult>
				<name>Fishing Boat</name>
			</possibleresult>
			<points>
				<point>72.000000,1036.000000</point>
				<point>94.000000,1052.000000</point>
				<point>102.000000,1040.000000</point>
				<point>80.000000,1024.000000</point>
				<point>72.000000,1036.000000</point>
			</points>
		</object>
		<object>
			<coordinate>pixel</coordinate>
			<type>rectangle</type>
			<description>None</description>
			<possibleresult>
				<name>Fishing Boat</name>
			</possibleresult>
			<points>
				<point>82.000000,1025.000000</point>
				<point>107.000000,1043.000000</point>
				<point>111.000000,1038.000000</point>
				<point>86.000000,1019.000000</point>
				<point>82.000000,1025.000000</point>
			</points>
		</object>
		<object>
			<coordinate>pixel</coordinate>
			<type>rectangle</type>
			<description>None</description>
			<possibleresult>
				<name>Fishing Boat</name>
			</possibleresult>
			<points>
				<point>48.000000,1032.000000</point>
				<point>-2.000000,1001.000000</point>
				<point>-13.000000,1018.000000</point>
				<point>37.000000,1050.000000</point>
				<point>48.000000,1032.000000</point>
			</points>
		</object>
		<object>
			<coordinate>pixel</coordinate>
			<type>rectangle</type>
			<description>None</description>
			<possibleresult>
				<name>Fishing Boat</name>
			</possibleresult>
			<points>
				<point>51.000000,1014.000000</point>
				<point>13.000000,992.000000</point>
				<point>5.000000,1005.000000</point>
				<point>44.000000,1027.000000</point>
				<point>51.000000,1014.000000</point>
			</points>
		</object>
		<object>
			<coordinate>pixel</coordinate>
			<type>rectangle</type>
			<description>None</description>
			<possibleresult>
				<name>Fishing Boat</name>
			</possibleresult>
			<points>
				<point>67.000000,998.000000</point>
				<point>13.000000,970.000000</point>
				<point>4.000000,987.000000</point>
				<point>58.000000,1015.000000</point>
				<point>67.000000,998.000000</point>
			</points>
		</object>
		<object>
			<coordinate>pixel</coordinate>
			<type>rectangle</type>
			<description>None</description>
			<possibleresult>
				<name>Fishing Boat</name>
			</possibleresult>
			<points>
				<point>72.000000,973.000000</point>
				<point>23.000000,947.000000</point>
				<point>12.000000,968.000000</point>
				<point>62.000000,994.000000</point>
				<point>72.000000,973.000000</point>
			</points>
		</object>
		<object>
			<coordinate>pixel</coordinate>
			<type>rectangle</type>
			<description>None</description>
			<possibleresult>
				<name>Fishing Boat</name>
			</possibleresult>
			<points>
				<point>100.000000,965.000000</point>
				<point>37.000000,933.000000</point>
				<point>29.000000,950.000000</point>
				<point>92.000000,982.000000</point>
				<point>100.000000,965.000000</point>
			</points>
		</object>
		<object>
			<coordinate>pixel</coordinate>
			<type>rectangle</type>
			<description>None</description>
			<possibleresult>
				<name>other-ship</name>
			</possibleresult>
			<points>
				<point>116.000000,938.000000</point>
				<point>47.000000,906.000000</point>
				<point>35.000000,931.000000</point>
				<point>104.000000,964.000000</point>
				<point>116.000000,938.000000</point>
			</points>
		</object>
		<object>
			<coordinate>pixel</coordinate>
			<type>rectangle</type>
			<description>None</description>
			<possibleresult>
				<name>other-ship</name>
			</possibleresult>
			<points>
				<point>120.000000,911.000000</point>
				<point>64.000000,885.000000</point>
				<point>53.000000,907.000000</point>
				<point>110.000000,934.000000</point>
				<point>120.000000,911.000000</point>
			</points>
		</object>
		<object>
			<coordinate>pixel</coordinate>
			<type>rectangle</type>
			<description>None</description>
			<possibleresult>
				<name>Fishing Boat</name>
			</possibleresult>
			<points>
				<point>110.000000,886.000000</point>
				<point>77.000000,868.000000</point>
				<point>70.000000,880.000000</point>
				<point>104.000000,898.000000</point>
				<point>110.000000,886.000000</point>
			</points>
		</object>
		<object>
			<coordinate>pixel</coordinate>
			<type>rectangle</type>
			<description>None</description>
			<possibleresult>
				<name>Fishing Boat</name>
			</possibleresult>
			<points>
				<point>131.000000,875.000000</point>
				<point>80.000000,852.000000</point>
				<point>74.000000,866.000000</point>
				<point>125.000000,888.000000</point>
				<point>131.000000,875.000000</point>
			</points>
		</object>
		<object>
			<coordinate>pixel</coordinate>
			<type>rectangle</type>
			<description>None</description>
			<possibleresult>
				<name>Fishing Boat</name>
			</possibleresult>
			<points>
				<point>131.000000,851.000000</point>
				<point>90.000000,833.000000</point>
				<point>85.000000,845.000000</point>
				<point>126.000000,863.000000</point>
				<point>131.000000,851.000000</point>
			</points>
		</object>
		<object>
			<coordinate>pixel</coordinate>
			<type>rectangle</type>
			<description>None</description>
			<possibleresult>
				<name>Fishing Boat</name>
			</possibleresult>
			<points>
				<point>145.000000,833.000000</point>
				<point>100.000000,812.000000</point>
				<point>91.000000,831.000000</point>
				<point>137.000000,851.000000</point>
				<point>145.000000,833.000000</point>
			</points>
		</object>
		<object>
			<coordinate>pixel</coordinate>
			<type>rectangle</type>
			<description>None</description>
			<possibleresult>
				<name>Fishing Boat</name>
			</possibleresult>
			<points>
				<point>146.000000,812.000000</point>
				<point>112.000000,797.000000</point>
				<point>104.000000,813.000000</point>
				<point>139.000000,829.000000</point>
				<point>146.000000,812.000000</point>
			</points>
		</object>
		<object>
			<coordinate>pixel</coordinate>
			<type>rectangle</type>
			<description>None</description>
			<possibleresult>
				<name>Fishing Boat</name>
			</possibleresult>
			<points>
				<point>154.000000,796.000000</point>
				<point>112.000000,778.000000</point>
				<point>105.000000,794.000000</point>
				<point>148.000000,812.000000</point>
				<point>154.000000,796.000000</point>
			</points>
		</object>
		<object>
			<coordinate>pixel</coordinate>
			<type>rectangle</type>
			<description>None</description>
			<possibleresult>
				<name>Fishing Boat</name>
			</possibleresult>
			<points>
				<point>199.000000,813.000000</point>
				<point>155.000000,801.000000</point>
				<point>150.000000,818.000000</point>
				<point>194.000000,830.000000</point>
				<point>199.000000,813.000000</point>
			</points>
		</object>
		<object>
			<coordinate>pixel</coordinate>
			<type>rectangle</type>
			<description>None</description>
			<possibleresult>
				<name>Fishing Boat</name>
			</possibleresult>
			<points>
				<point>185.000000,785.000000</point>
				<point>125.000000,760.000000</point>
				<point>117.000000,779.000000</point>
				<point>177.000000,804.000000</point>
				<point>185.000000,785.000000</point>
			</points>
		</object>
		<object>
			<coordinate>pixel</coordinate>
			<type>rectangle</type>
			<description>None</description>
			<possibleresult>
				<name>Fishing Boat</name>
			</possibleresult>
			<points>
				<point>207.000000,772.000000</point>
				<point>136.000000,741.000000</point>
				<point>128.000000,759.000000</point>
				<point>199.000000,790.000000</point>
				<point>207.000000,772.000000</point>
			</points>
		</object>
		<object>
			<coordinate>pixel</coordinate>
			<type>rectangle</type>
			<description>None</description>
			<possibleresult>
				<name>other-ship</name>
			</possibleresult>
			<points>
				<point>207.000000,742.000000</point>
				<point>152.000000,717.000000</point>
				<point>140.000000,742.000000</point>
				<point>196.000000,767.000000</point>
				<point>207.000000,742.000000</point>
			</points>
		</object>
		<object>
			<coordinate>pixel</coordinate>
			<type>rectangle</type>
			<description>None</description>
			<possibleresult>
				<name>Fishing Boat</name>
			</possibleresult>
			<points>
				<point>242.000000,764.000000</point>
				<point>286.000000,788.000000</point>
				<point>295.000000,772.000000</point>
				<point>251.000000,747.000000</point>
				<point>242.000000,764.000000</point>
			</points>
		</object>
		<object>
			<coordinate>pixel</coordinate>
			<type>rectangle</type>
			<description>None</description>
			<possibleresult>
				<name>Fishing Boat</name>
			</possibleresult>
			<points>
				<point>255.000000,749.000000</point>
				<point>302.000000,776.000000</point>
				<point>311.000000,760.000000</point>
				<point>264.000000,733.000000</point>
				<point>255.000000,749.000000</point>
			</points>
		</object>
		<object>
			<coordinate>pixel</coordinate>
			<type>rectangle</type>
			<description>None</description>
			<possibleresult>
				<name>Fishing Boat</name>
			</possibleresult>
			<points>
				<point>208.000000,743.000000</point>
				<point>241.000000,762.000000</point>
				<point>250.000000,746.000000</point>
				<point>216.000000,728.000000</point>
				<point>208.000000,743.000000</point>
			</points>
		</object>
		<object>
			<coordinate>pixel</coordinate>
			<type>rectangle</type>
			<description>None</description>
			<possibleresult>
				<name>Fishing Boat</name>
			</possibleresult>
			<points>
				<point>212.000000,725.000000</point>
				<point>252.000000,746.000000</point>
				<point>260.000000,731.000000</point>
				<point>221.000000,709.000000</point>
				<point>212.000000,725.000000</point>
			</points>
		</object>
		<object>
			<coordinate>pixel</coordinate>
			<type>rectangle</type>
			<description>None</description>
			<possibleresult>
				<name>Fishing Boat</name>
			</possibleresult>
			<points>
				<point>258.000000,729.000000</point>
				<point>326.000000,767.000000</point>
				<point>337.000000,748.000000</point>
				<point>269.000000,710.000000</point>
				<point>258.000000,729.000000</point>
			</points>
		</object>
		<object>
			<coordinate>pixel</coordinate>
			<type>rectangle</type>
			<description>None</description>
			<possibleresult>
				<name>Fishing Boat</name>
			</possibleresult>
			<points>
				<point>286.000000,719.000000</point>
				<point>333.000000,744.000000</point>
				<point>341.000000,730.000000</point>
				<point>293.000000,704.000000</point>
				<point>286.000000,719.000000</point>
			</points>
		</object>
		<object>
			<coordinate>pixel</coordinate>
			<type>rectangle</type>
			<description>None</description>
			<possibleresult>
				<name>Fishing Boat</name>
			</possibleresult>
			<points>
				<point>215.000000,726.000000</point>
				<point>161.000000,700.000000</point>
				<point>154.000000,715.000000</point>
				<point>208.000000,741.000000</point>
				<point>215.000000,726.000000</point>
			</points>
		</object>
		<object>
			<coordinate>pixel</coordinate>
			<type>rectangle</type>
			<description>None</description>
			<possibleresult>
				<name>Fishing Boat</name>
			</possibleresult>
			<points>
				<point>219.000000,700.000000</point>
				<point>169.000000,677.000000</point>
				<point>159.000000,698.000000</point>
				<point>209.000000,721.000000</point>
				<point>219.000000,700.000000</point>
			</points>
		</object>
		<object>
			<coordinate>pixel</coordinate>
			<type>rectangle</type>
			<description>None</description>
			<possibleresult>
				<name>Fishing Boat</name>
			</possibleresult>
			<points>
				<point>272.000000,699.000000</point>
				<point>215.000000,673.000000</point>
				<point>205.000000,693.000000</point>
				<point>263.000000,719.000000</point>
				<point>272.000000,699.000000</point>
			</points>
		</object>
		<object>
			<coordinate>pixel</coordinate>
			<type>rectangle</type>
			<description>None</description>
			<possibleresult>
				<name>Fishing Boat</name>
			</possibleresult>
			<points>
				<point>172.000000,677.000000</point>
				<point>201.000000,690.000000</point>
				<point>204.000000,683.000000</point>
				<point>175.000000,670.000000</point>
				<point>172.000000,677.000000</point>
			</points>
		</object>
		<object>
			<coordinate>pixel</coordinate>
			<type>rectangle</type>
			<description>None</description>
			<possibleresult>
				<name>Fishing Boat</name>
			</possibleresult>
			<points>
				<point>180.000000,657.000000</point>
				<point>215.000000,672.000000</point>
				<point>221.000000,660.000000</point>
				<point>185.000000,644.000000</point>
				<point>180.000000,657.000000</point>
			</points>
		</object>
		<object>
			<coordinate>pixel</coordinate>
			<type>rectangle</type>
			<description>None</description>
			<possibleresult>
				<name>Fishing Boat</name>
			</possibleresult>
			<points>
				<point>247.000000,687.000000</point>
				<point>308.000000,711.000000</point>
				<point>315.000000,693.000000</point>
				<point>254.000000,669.000000</point>
				<point>247.000000,687.000000</point>
			</points>
		</object>
		<object>
			<coordinate>pixel</coordinate>
			<type>rectangle</type>
			<description>None</description>
			<possibleresult>
				<name>Fishing Boat</name>
			</possibleresult>
			<points>
				<point>244.000000,666.000000</point>
				<point>309.000000,687.000000</point>
				<point>315.000000,667.000000</point>
				<point>250.000000,646.000000</point>
				<point>244.000000,666.000000</point>
			</points>
		</object>
		<object>
			<coordinate>pixel</coordinate>
			<type>rectangle</type>
			<description>None</description>
			<possibleresult>
				<name>Fishing Boat</name>
			</possibleresult>
			<points>
				<point>329.000000,687.000000</point>
				<point>389.000000,698.000000</point>
				<point>392.000000,682.000000</point>
				<point>333.000000,670.000000</point>
				<point>329.000000,687.000000</point>
			</points>
		</object>
		<object>
			<coordinate>pixel</coordinate>
			<type>rectangle</type>
			<description>None</description>
			<possibleresult>
				<name>Fishing Boat</name>
			</possibleresult>
			<points>
				<point>309.000000,665.000000</point>
				<point>385.000000,680.000000</point>
				<point>389.000000,662.000000</point>
				<point>313.000000,647.000000</point>
				<point>309.000000,665.000000</point>
			</points>
		</object>
		<object>
			<coordinate>pixel</coordinate>
			<type>rectangle</type>
			<description>None</description>
			<possibleresult>
				<name>Fishing Boat</name>
			</possibleresult>
			<points>
				<point>229.000000,635.000000</point>
				<point>283.000000,654.000000</point>
				<point>289.000000,638.000000</point>
				<point>234.000000,619.000000</point>
				<point>229.000000,635.000000</point>
			</points>
		</object>
		<object>
			<coordinate>pixel</coordinate>
			<type>rectangle</type>
			<description>None</description>
			<possibleresult>
				<name>Fishing Boat</name>
			</possibleresult>
			<points>
				<point>335.000000,650.000000</point>
				<point>367.000000,655.000000</point>
				<point>368.000000,645.000000</point>
				<point>337.000000,639.000000</point>
				<point>335.000000,650.000000</point>
			</points>
		</object>
		<object>
			<coordinate>pixel</coordinate>
			<type>rectangle</type>
			<description>None</description>
			<possibleresult>
				<name>Fishing Boat</name>
			</possibleresult>
			<points>
				<point>266.000000,627.000000</point>
				<point>309.000000,644.000000</point>
				<point>315.000000,627.000000</point>
				<point>273.000000,610.000000</point>
				<point>266.000000,627.000000</point>
			</points>
		</object>
		<object>
			<coordinate>pixel</coordinate>
			<type>rectangle</type>
			<description>None</description>
			<possibleresult>
				<name>other-ship</name>
			</possibleresult>
			<points>
				<point>267.000000,606.000000</point>
				<point>353.000000,642.000000</point>
				<point>361.000000,622.000000</point>
				<point>275.000000,586.000000</point>
				<point>267.000000,606.000000</point>
			</points>
		</object>
		<object>
			<coordinate>pixel</coordinate>
			<type>rectangle</type>
			<description>None</description>
			<possibleresult>
				<name>other-ship</name>
			</possibleresult>
			<points>
				<point>243.000000,618.000000</point>
				<point>265.000000,626.000000</point>
				<point>270.000000,610.000000</point>
				<point>249.000000,603.000000</point>
				<point>243.000000,618.000000</point>
			</points>
		</object>
		<object>
			<coordinate>pixel</coordinate>
			<type>rectangle</type>
			<description>None</description>
			<possibleresult>
				<name>Fishing Boat</name>
			</possibleresult>
			<points>
				<point>247.000000,603.000000</point>
				<point>212.000000,591.000000</point>
				<point>206.000000,607.000000</point>
				<point>242.000000,618.000000</point>
				<point>247.000000,603.000000</point>
			</points>
		</object>
		<object>
			<coordinate>pixel</coordinate>
			<type>rectangle</type>
			<description>None</description>
			<possibleresult>
				<name>Fishing Boat</name>
			</possibleresult>
			<points>
				<point>215.000000,590.000000</point>
				<point>260.000000,604.000000</point>
				<point>262.000000,596.000000</point>
				<point>218.000000,582.000000</point>
				<point>215.000000,590.000000</point>
			</points>
		</object>
		<object>
			<coordinate>pixel</coordinate>
			<type>rectangle</type>
			<description>None</description>
			<possibleresult>
				<name>Fishing Boat</name>
			</possibleresult>
			<points>
				<point>220.000000,581.000000</point>
				<point>263.000000,594.000000</point>
				<point>265.000000,587.000000</point>
				<point>222.000000,573.000000</point>
				<point>220.000000,581.000000</point>
			</points>
		</object>
		<object>
			<coordinate>pixel</coordinate>
			<type>rectangle</type>
			<description>None</description>
			<possibleresult>
				<name>Fishing Boat</name>
			</possibleresult>
			<points>
				<point>224.000000,573.000000</point>
				<point>265.000000,585.000000</point>
				<point>267.000000,579.000000</point>
				<point>226.000000,566.000000</point>
				<point>224.000000,573.000000</point>
			</points>
		</object>
		<object>
			<coordinate>pixel</coordinate>
			<type>rectangle</type>
			<description>None</description>
			<possibleresult>
				<name>Fishing Boat</name>
			</possibleresult>
			<points>
				<point>314.000000,600.000000</point>
				<point>354.000000,618.000000</point>
				<point>357.000000,611.000000</point>
				<point>317.000000,593.000000</point>
				<point>314.000000,600.000000</point>
			</points>
		</object>
		<object>
			<coordinate>pixel</coordinate>
			<type>rectangle</type>
			<description>None</description>
			<possibleresult>
				<name>Fishing Boat</name>
			</possibleresult>
			<points>
				<point>399.000000,610.000000</point>
				<point>344.000000,584.000000</point>
				<point>336.000000,600.000000</point>
				<point>391.000000,626.000000</point>
				<point>399.000000,610.000000</point>
			</points>
		</object>
		<object>
			<coordinate>pixel</coordinate>
			<type>rectangle</type>
			<description>None</description>
			<possibleresult>
				<name>Fishing Boat</name>
			</possibleresult>
			<points>
				<point>320.000000,581.000000</point>
				<point>250.000000,549.000000</point>
				<point>242.000000,568.000000</point>
				<point>311.000000,600.000000</point>
				<point>320.000000,581.000000</point>
			</points>
		</object>
		<object>
			<coordinate>pixel</coordinate>
			<type>rectangle</type>
			<description>None</description>
			<possibleresult>
				<name>Fishing Boat</name>
			</possibleresult>
			<points>
				<point>401.000000,591.000000</point>
				<point>354.000000,569.000000</point>
				<point>347.000000,584.000000</point>
				<point>394.000000,606.000000</point>
				<point>401.000000,591.000000</point>
			</points>
		</object>
		<object>
			<coordinate>pixel</coordinate>
			<type>rectangle</type>
			<description>None</description>
			<possibleresult>
				<name>Fishing Boat</name>
			</possibleresult>
			<points>
				<point>350.000000,564.000000</point>
				<point>302.000000,552.000000</point>
				<point>297.000000,571.000000</point>
				<point>346.000000,583.000000</point>
				<point>350.000000,564.000000</point>
			</points>
		</object>
		<object>
			<coordinate>pixel</coordinate>
			<type>rectangle</type>
			<description>None</description>
			<possibleresult>
				<name>Fishing Boat</name>
			</possibleresult>
			<points>
				<point>298.000000,549.000000</point>
				<point>255.000000,528.000000</point>
				<point>246.000000,546.000000</point>
				<point>289.000000,567.000000</point>
				<point>298.000000,549.000000</point>
			</points>
		</object>
		<object>
			<coordinate>pixel</coordinate>
			<type>rectangle</type>
			<description>None</description>
			<possibleresult>
				<name>Fishing Boat</name>
			</possibleresult>
			<points>
				<point>380.000000,550.000000</point>
				<point>323.000000,535.000000</point>
				<point>318.000000,553.000000</point>
				<point>376.000000,568.000000</point>
				<point>380.000000,550.000000</point>
			</points>
		</object>
		<object>
			<coordinate>pixel</coordinate>
			<type>rectangle</type>
			<description>None</description>
			<possibleresult>
				<name>Fishing Boat</name>
			</possibleresult>
			<points>
				<point>367.000000,574.000000</point>
				<point>395.000000,586.000000</point>
				<point>398.000000,578.000000</point>
				<point>371.000000,566.000000</point>
				<point>367.000000,574.000000</point>
			</points>
		</object>
		<object>
			<coordinate>pixel</coordinate>
			<type>rectangle</type>
			<description>None</description>
			<possibleresult>
				<name>Fishing Boat</name>
			</possibleresult>
			<points>
				<point>322.000000,534.000000</point>
				<point>264.000000,507.000000</point>
				<point>255.000000,527.000000</point>
				<point>313.000000,554.000000</point>
				<point>322.000000,534.000000</point>
			</points>
		</object>
		<object>
			<coordinate>pixel</coordinate>
			<type>rectangle</type>
			<description>None</description>
			<possibleresult>
				<name>Fishing Boat</name>
			</possibleresult>
			<points>
				<point>344.000000,520.000000</point>
				<point>274.000000,488.000000</point>
				<point>265.000000,507.000000</point>
				<point>335.000000,539.000000</point>
				<point>344.000000,520.000000</point>
			</points>
		</object>
		<object>
			<coordinate>pixel</coordinate>
			<type>rectangle</type>
			<description>None</description>
			<possibleresult>
				<name>Fishing Boat</name>
			</possibleresult>
			<points>
				<point>402.000000,545.000000</point>
				<point>355.000000,516.000000</point>
				<point>346.000000,531.000000</point>
				<point>393.000000,560.000000</point>
				<point>402.000000,545.000000</point>
			</points>
		</object>
		<object>
			<coordinate>pixel</coordinate>
			<type>rectangle</type>
			<description>None</description>
			<possibleresult>
				<name>Fishing Boat</name>
			</possibleresult>
			<points>
				<point>406.000000,524.000000</point>
				<point>355.000000,492.000000</point>
				<point>345.000000,508.000000</point>
				<point>396.000000,540.000000</point>
				<point>406.000000,524.000000</point>
			</points>
		</object>
		<object>
			<coordinate>pixel</coordinate>
			<type>rectangle</type>
			<description>None</description>
			<possibleresult>
				<name>Fishing Boat</name>
			</possibleresult>
			<points>
				<point>342.000000,493.000000</point>
				<point>285.000000,466.000000</point>
				<point>275.000000,486.000000</point>
				<point>332.000000,514.000000</point>
				<point>342.000000,493.000000</point>
			</points>
		</object>
		<object>
			<coordinate>pixel</coordinate>
			<type>rectangle</type>
			<description>None</description>
			<possibleresult>
				<name>Fishing Boat</name>
			</possibleresult>
			<points>
				<point>327.000000,475.000000</point>
				<point>293.000000,458.000000</point>
				<point>289.000000,466.000000</point>
				<point>323.000000,484.000000</point>
				<point>327.000000,475.000000</point>
			</points>
		</object>
		<object>
			<coordinate>pixel</coordinate>
			<type>rectangle</type>
			<description>None</description>
			<possibleresult>
				<name>Fishing Boat</name>
			</possibleresult>
			<points>
				<point>386.000000,483.000000</point>
				<point>305.000000,438.000000</point>
				<point>294.000000,457.000000</point>
				<point>376.000000,502.000000</point>
				<point>386.000000,483.000000</point>
			</points>
		</object>
		<object>
			<coordinate>pixel</coordinate>
			<type>rectangle</type>
			<description>None</description>
			<possibleresult>
				<name>Fishing Boat</name>
			</possibleresult>
			<points>
				<point>380.000000,505.000000</point>
				<point>405.000000,523.000000</point>
				<point>409.000000,517.000000</point>
				<point>384.000000,500.000000</point>
				<point>380.000000,505.000000</point>
			</points>
		</object>
		<object>
			<coordinate>pixel</coordinate>
			<type>rectangle</type>
			<description>None</description>
			<possibleresult>
				<name>Fishing Boat</name>
			</possibleresult>
			<points>
				<point>388.000000,500.000000</point>
				<point>410.000000,516.000000</point>
				<point>415.000000,508.000000</point>
				<point>393.000000,492.000000</point>
				<point>388.000000,500.000000</point>
			</points>
		</object>
		<object>
			<coordinate>pixel</coordinate>
			<type>rectangle</type>
			<description>None</description>
			<possibleresult>
				<name>Fishing Boat</name>
			</possibleresult>
			<points>
				<point>364.000000,449.000000</point>
				<point>317.000000,421.000000</point>
				<point>308.000000,438.000000</point>
				<point>355.000000,465.000000</point>
				<point>364.000000,449.000000</point>
			</points>
		</object>
		<object>
			<coordinate>pixel</coordinate>
			<type>rectangle</type>
			<description>None</description>
			<possibleresult>
				<name>Fishing Boat</name>
			</possibleresult>
			<points>
				<point>414.000000,450.000000</point>
				<point>368.000000,429.000000</point>
				<point>360.000000,445.000000</point>
				<point>406.000000,467.000000</point>
				<point>414.000000,450.000000</point>
			</points>
		</object>
		<object>
			<coordinate>pixel</coordinate>
			<type>rectangle</type>
			<description>None</description>
			<possibleresult>
				<name>Fishing Boat</name>
			</possibleresult>
			<points>
				<point>373.000000,464.000000</point>
				<point>397.000000,475.000000</point>
				<point>401.000000,466.000000</point>
				<point>377.000000,455.000000</point>
				<point>373.000000,464.000000</point>
			</points>
		</object>
		<object>
			<coordinate>pixel</coordinate>
			<type>rectangle</type>
			<description>None</description>
			<possibleresult>
				<name>Fishing Boat</name>
			</possibleresult>
			<points>
				<point>407.000000,469.000000</point>
				<point>451.000000,482.000000</point>
				<point>454.000000,472.000000</point>
				<point>410.000000,460.000000</point>
				<point>407.000000,469.000000</point>
			</points>
		</object>
		<object>
			<coordinate>pixel</coordinate>
			<type>rectangle</type>
			<description>None</description>
			<possibleresult>
				<name>Fishing Boat</name>
			</possibleresult>
			<points>
				<point>413.000000,458.000000</point>
				<point>440.000000,467.000000</point>
				<point>442.000000,459.000000</point>
				<point>415.000000,450.000000</point>
				<point>413.000000,458.000000</point>
			</points>
		</object>
		<object>
			<coordinate>pixel</coordinate>
			<type>rectangle</type>
			<description>None</description>
			<possibleresult>
				<name>Fishing Boat</name>
			</possibleresult>
			<points>
				<point>368.000000,426.000000</point>
				<point>324.000000,400.000000</point>
				<point>313.000000,418.000000</point>
				<point>357.000000,444.000000</point>
				<point>368.000000,426.000000</point>
			</points>
		</object>
		<object>
			<coordinate>pixel</coordinate>
			<type>rectangle</type>
			<description>None</description>
			<possibleresult>
				<name>Fishing Boat</name>
			</possibleresult>
			<points>
				<point>390.000000,399.000000</point>
				<point>333.000000,382.000000</point>
				<point>328.000000,399.000000</point>
				<point>385.000000,416.000000</point>
				<point>390.000000,399.000000</point>
			</points>
		</object>
		<object>
			<coordinate>pixel</coordinate>
			<type>rectangle</type>
			<description>None</description>
			<possibleresult>
				<name>Fishing Boat</name>
			</possibleresult>
			<points>
				<point>404.000000,382.000000</point>
				<point>341.000000,364.000000</point>
				<point>335.000000,382.000000</point>
				<point>398.000000,400.000000</point>
				<point>404.000000,382.000000</point>
			</points>
		</object>
		<object>
			<coordinate>pixel</coordinate>
			<type>rectangle</type>
			<description>None</description>
			<possibleresult>
				<name>Fishing Boat</name>
			</possibleresult>
			<points>
				<point>349.000000,416.000000</point>
				<point>376.000000,424.000000</point>
				<point>378.000000,416.000000</point>
				<point>351.000000,408.000000</point>
				<point>349.000000,416.000000</point>
			</points>
		</object>
		<object>
			<coordinate>pixel</coordinate>
			<type>rectangle</type>
			<description>None</description>
			<possibleresult>
				<name>Fishing Boat</name>
			</possibleresult>
			<points>
				<point>441.000000,437.000000</point>
				<point>385.000000,416.000000</point>
				<point>378.000000,434.000000</point>
				<point>435.000000,455.000000</point>
				<point>441.000000,437.000000</point>
			</points>
		</object>
		<object>
			<coordinate>pixel</coordinate>
			<type>rectangle</type>
			<description>None</description>
			<possibleresult>
				<name>Fishing Boat</name>
			</possibleresult>
			<points>
				<point>438.000000,417.000000</point>
				<point>394.000000,401.000000</point>
				<point>389.000000,417.000000</point>
				<point>432.000000,433.000000</point>
				<point>438.000000,417.000000</point>
			</points>
		</object>
		<object>
			<coordinate>pixel</coordinate>
			<type>rectangle</type>
			<description>None</description>
			<possibleresult>
				<name>Fishing Boat</name>
			</possibleresult>
			<points>
				<point>481.000000,433.000000</point>
				<point>442.000000,412.000000</point>
				<point>435.000000,425.000000</point>
				<point>474.000000,447.000000</point>
				<point>481.000000,433.000000</point>
			</points>
		</object>
		<object>
			<coordinate>pixel</coordinate>
			<type>rectangle</type>
			<description>None</description>
			<possibleresult>
				<name>Fishing Boat</name>
			</possibleresult>
			<points>
				<point>479.000000,408.000000</point>
				<point>415.000000,366.000000</point>
				<point>404.000000,382.000000</point>
				<point>469.000000,425.000000</point>
				<point>479.000000,408.000000</point>
			</points>
		</object>
		<object>
			<coordinate>pixel</coordinate>
			<type>rectangle</type>
			<description>None</description>
			<possibleresult>
				<name>Fishing Boat</name>
			</possibleresult>
			<points>
				<point>484.000000,388.000000</point>
				<point>431.000000,353.000000</point>
				<point>421.000000,368.000000</point>
				<point>474.000000,403.000000</point>
				<point>484.000000,388.000000</point>
			</points>
		</object>
		<object>
			<coordinate>pixel</coordinate>
			<type>rectangle</type>
			<description>None</description>
			<possibleresult>
				<name>Fishing Boat</name>
			</possibleresult>
			<points>
				<point>404.000000,403.000000</point>
				<point>423.000000,411.000000</point>
				<point>426.000000,406.000000</point>
				<point>406.000000,398.000000</point>
				<point>404.000000,403.000000</point>
			</points>
		</object>
		<object>
			<coordinate>pixel</coordinate>
			<type>rectangle</type>
			<description>None</description>
			<possibleresult>
				<name>Fishing Boat</name>
			</possibleresult>
			<points>
				<point>404.000000,393.000000</point>
				<point>426.000000,407.000000</point>
				<point>431.000000,400.000000</point>
				<point>408.000000,386.000000</point>
				<point>404.000000,393.000000</point>
			</points>
		</object>
		<object>
			<coordinate>pixel</coordinate>
			<type>rectangle</type>
			<description>None</description>
			<possibleresult>
				<name>Fishing Boat</name>
			</possibleresult>
			<points>
				<point>355.000000,362.000000</point>
				<point>384.000000,367.000000</point>
				<point>385.000000,361.000000</point>
				<point>356.000000,355.000000</point>
				<point>355.000000,362.000000</point>
			</points>
		</object>
		<object>
			<coordinate>pixel</coordinate>
			<type>rectangle</type>
			<description>None</description>
			<possibleresult>
				<name>Fishing Boat</name>
			</possibleresult>
			<points>
				<point>350.000000,367.000000</point>
				<point>377.000000,373.000000</point>
				<point>378.000000,367.000000</point>
				<point>351.000000,361.000000</point>
				<point>350.000000,367.000000</point>
			</points>
		</object>
		<object>
			<coordinate>pixel</coordinate>
			<type>rectangle</type>
			<description>None</description>
			<possibleresult>
				<name>Fishing Boat</name>
			</possibleresult>
			<points>
				<point>360.000000,346.000000</point>
				<point>385.000000,361.000000</point>
				<point>388.000000,355.000000</point>
				<point>364.000000,340.000000</point>
				<point>360.000000,346.000000</point>
			</points>
		</object>
		<object>
			<coordinate>pixel</coordinate>
			<type>rectangle</type>
			<description>None</description>
			<possibleresult>
				<name>Fishing Boat</name>
			</possibleresult>
			<points>
				<point>364.000000,340.000000</point>
				<point>390.000000,353.000000</point>
				<point>393.000000,346.000000</point>
				<point>367.000000,333.000000</point>
				<point>364.000000,340.000000</point>
			</points>
		</object>
		<object>
			<coordinate>pixel</coordinate>
			<type>rectangle</type>
			<description>None</description>
			<possibleresult>
				<name>Fishing Boat</name>
			</possibleresult>
			<points>
				<point>424.000000,336.000000</point>
				<point>377.000000,311.000000</point>
				<point>366.000000,331.000000</point>
				<point>414.000000,356.000000</point>
				<point>424.000000,336.000000</point>
			</points>
		</object>
		<object>
			<coordinate>pixel</coordinate>
			<type>rectangle</type>
			<description>None</description>
			<possibleresult>
				<name>Dry Cargo Ship</name>
			</possibleresult>
			<points>
				<point>390.000000,292.000000</point>
				<point>468.000000,335.000000</point>
				<point>479.000000,315.000000</point>
				<point>401.000000,272.000000</point>
				<point>390.000000,292.000000</point>
			</points>
		</object>
		<object>
			<coordinate>pixel</coordinate>
			<type>rectangle</type>
			<description>None</description>
			<possibleresult>
				<name>Dry Cargo Ship</name>
			</possibleresult>
			<points>
				<point>421.000000,240.000000</point>
				<point>517.000000,311.000000</point>
				<point>535.000000,287.000000</point>
				<point>438.000000,216.000000</point>
				<point>421.000000,240.000000</point>
			</points>
		</object>
		<object>
			<coordinate>pixel</coordinate>
			<type>rectangle</type>
			<description>None</description>
			<possibleresult>
				<name>Fishing Boat</name>
			</possibleresult>
			<points>
				<point>597.000000,57.000000</point>
				<point>553.000000,58.000000</point>
				<point>553.000000,69.000000</point>
				<point>598.000000,67.000000</point>
				<point>597.000000,57.000000</point>
			</points>
		</object>
		<object>
			<coordinate>pixel</coordinate>
			<type>rectangle</type>
			<description>None</description>
			<possibleresult>
				<name>Fishing Boat</name>
			</possibleresult>
			<points>
				<point>606.000000,67.000000</point>
				<point>551.000000,72.000000</point>
				<point>552.000000,81.000000</point>
				<point>607.000000,76.000000</point>
				<point>606.000000,67.000000</point>
			</points>
		</object>
		<object>
			<coordinate>pixel</coordinate>
			<type>rectangle</type>
			<description>None</description>
			<possibleresult>
				<name>Fishing Boat</name>
			</possibleresult>
			<points>
				<point>573.000000,79.000000</point>
				<point>541.000000,100.000000</point>
				<point>547.000000,110.000000</point>
				<point>579.000000,88.000000</point>
				<point>573.000000,79.000000</point>
			</points>
		</object>
		<object>
			<coordinate>pixel</coordinate>
			<type>rectangle</type>
			<description>None</description>
			<possibleresult>
				<name>Fishing Boat</name>
			</possibleresult>
			<points>
				<point>613.000000,76.000000</point>
				<point>580.000000,81.000000</point>
				<point>581.000000,90.000000</point>
				<point>615.000000,85.000000</point>
				<point>613.000000,76.000000</point>
			</points>
		</object>
		<object>
			<coordinate>pixel</coordinate>
			<type>rectangle</type>
			<description>None</description>
			<possibleresult>
				<name>Fishing Boat</name>
			</possibleresult>
			<points>
				<point>581.000000,90.000000</point>
				<point>549.000000,110.000000</point>
				<point>555.000000,120.000000</point>
				<point>587.000000,100.000000</point>
				<point>581.000000,90.000000</point>
			</points>
		</object>
		<object>
			<coordinate>pixel</coordinate>
			<type>rectangle</type>
			<description>None</description>
			<possibleresult>
				<name>Fishing Boat</name>
			</possibleresult>
			<points>
				<point>618.000000,83.000000</point>
				<point>585.000000,101.000000</point>
				<point>590.000000,109.000000</point>
				<point>623.000000,92.000000</point>
				<point>618.000000,83.000000</point>
			</points>
		</object>
		<object>
			<coordinate>pixel</coordinate>
			<type>rectangle</type>
			<description>None</description>
			<possibleresult>
				<name>Fishing Boat</name>
			</possibleresult>
			<points>
				<point>585.000000,105.000000</point>
				<point>548.000000,124.000000</point>
				<point>553.000000,133.000000</point>
				<point>590.000000,114.000000</point>
				<point>585.000000,105.000000</point>
			</points>
		</object>
		<object>
			<coordinate>pixel</coordinate>
			<type>rectangle</type>
			<description>None</description>
			<possibleresult>
				<name>Fishing Boat</name>
			</possibleresult>
			<points>
				<point>622.000000,96.000000</point>
				<point>585.000000,116.000000</point>
				<point>590.000000,127.000000</point>
				<point>627.000000,107.000000</point>
				<point>622.000000,96.000000</point>
			</points>
		</object>
		<object>
			<coordinate>pixel</coordinate>
			<type>rectangle</type>
			<description>None</description>
			<possibleresult>
				<name>Fishing Boat</name>
			</possibleresult>
			<points>
				<point>584.000000,119.000000</point>
				<point>544.000000,139.000000</point>
				<point>549.000000,150.000000</point>
				<point>590.000000,130.000000</point>
				<point>584.000000,119.000000</point>
			</points>
		</object>
		<object>
			<coordinate>pixel</coordinate>
			<type>rectangle</type>
			<description>None</description>
			<possibleresult>
				<name>Fishing Boat</name>
			</possibleresult>
			<points>
				<point>581.000000,145.000000</point>
				<point>560.000000,191.000000</point>
				<point>572.000000,196.000000</point>
				<point>593.000000,151.000000</point>
				<point>581.000000,145.000000</point>
			</points>
		</object>
		<object>
			<coordinate>pixel</coordinate>
			<type>rectangle</type>
			<description>None</description>
			<possibleresult>
				<name>Fishing Boat</name>
			</possibleresult>
			<points>
				<point>580.000000,149.000000</point>
				<point>631.000000,122.000000</point>
				<point>626.000000,111.000000</point>
				<point>575.000000,138.000000</point>
				<point>580.000000,149.000000</point>
			</points>
		</object>
		<object>
			<coordinate>pixel</coordinate>
			<type>rectangle</type>
			<description>None</description>
			<possibleresult>
				<name>Fishing Boat</name>
			</possibleresult>
			<points>
				<point>609.000000,150.000000</point>
				<point>639.000000,133.000000</point>
				<point>633.000000,122.000000</point>
				<point>603.000000,139.000000</point>
				<point>609.000000,150.000000</point>
			</points>
		</object>
		<object>
			<coordinate>pixel</coordinate>
			<type>rectangle</type>
			<description>None</description>
			<possibleresult>
				<name>Fishing Boat</name>
			</possibleresult>
			<points>
				<point>601.000000,140.000000</point>
				<point>579.000000,187.000000</point>
				<point>590.000000,192.000000</point>
				<point>612.000000,145.000000</point>
				<point>601.000000,140.000000</point>
			</points>
		</object>
		<object>
			<coordinate>pixel</coordinate>
			<type>rectangle</type>
			<description>None</description>
			<possibleresult>
				<name>Fishing Boat</name>
			</possibleresult>
			<points>
				<point>612.000000,147.000000</point>
				<point>592.000000,195.000000</point>
				<point>603.000000,199.000000</point>
				<point>623.000000,151.000000</point>
				<point>612.000000,147.000000</point>
			</points>
		</object>
		<object>
			<coordinate>pixel</coordinate>
			<type>rectangle</type>
			<description>None</description>
			<possibleresult>
				<name>Fishing Boat</name>
			</possibleresult>
			<points>
				<point>651.000000,53.000000</point>
				<point>624.000000,112.000000</point>
				<point>632.000000,116.000000</point>
				<point>659.000000,57.000000</point>
				<point>651.000000,53.000000</point>
			</points>
		</object>
		<object>
			<coordinate>pixel</coordinate>
			<type>rectangle</type>
			<description>None</description>
			<possibleresult>
				<name>Fishing Boat</name>
			</possibleresult>
			<points>
				<point>651.000000,78.000000</point>
				<point>631.000000,121.000000</point>
				<point>640.000000,125.000000</point>
				<point>659.000000,82.000000</point>
				<point>651.000000,78.000000</point>
			</points>
		</object>
		<object>
			<coordinate>pixel</coordinate>
			<type>rectangle</type>
			<description>None</description>
			<possibleresult>
				<name>Fishing Boat</name>
			</possibleresult>
			<points>
				<point>660.000000,91.000000</point>
				<point>642.000000,123.000000</point>
				<point>653.000000,129.000000</point>
				<point>670.000000,96.000000</point>
				<point>660.000000,91.000000</point>
			</points>
		</object>
		<object>
			<coordinate>pixel</coordinate>
			<type>rectangle</type>
			<description>None</description>
			<possibleresult>
				<name>Fishing Boat</name>
			</possibleresult>
			<points>
				<point>670.000000,138.000000</point>
				<point>681.000000,118.000000</point>
				<point>675.000000,115.000000</point>
				<point>665.000000,136.000000</point>
				<point>670.000000,138.000000</point>
			</points>
		</object>
		<object>
			<coordinate>pixel</coordinate>
			<type>rectangle</type>
			<description>None</description>
			<possibleresult>
				<name>Fishing Boat</name>
			</possibleresult>
			<points>
				<point>675.000000,141.000000</point>
				<point>684.000000,125.000000</point>
				<point>679.000000,123.000000</point>
				<point>671.000000,139.000000</point>
				<point>675.000000,141.000000</point>
			</points>
		</object>
		<object>
			<coordinate>pixel</coordinate>
			<type>rectangle</type>
			<description>None</description>
			<possibleresult>
				<name>Fishing Boat</name>
			</possibleresult>
			<points>
				<point>680.000000,147.000000</point>
				<point>691.000000,126.000000</point>
				<point>686.000000,123.000000</point>
				<point>675.000000,144.000000</point>
				<point>680.000000,147.000000</point>
			</points>
		</object>
		<object>
			<coordinate>pixel</coordinate>
			<type>rectangle</type>
			<description>None</description>
			<possibleresult>
				<name>Fishing Boat</name>
			</possibleresult>
			<points>
				<point>685.000000,151.000000</point>
				<point>696.000000,132.000000</point>
				<point>691.000000,130.000000</point>
				<point>681.000000,149.000000</point>
				<point>685.000000,151.000000</point>
			</points>
		</object>
		<object>
			<coordinate>pixel</coordinate>
			<type>rectangle</type>
			<description>None</description>
			<possibleresult>
				<name>Fishing Boat</name>
			</possibleresult>
			<points>
				<point>692.000000,154.000000</point>
				<point>706.000000,133.000000</point>
				<point>700.000000,130.000000</point>
				<point>687.000000,150.000000</point>
				<point>692.000000,154.000000</point>
			</points>
		</object>
		<object>
			<coordinate>pixel</coordinate>
			<type>rectangle</type>
			<description>None</description>
			<possibleresult>
				<name>Fishing Boat</name>
			</possibleresult>
			<points>
				<point>698.000000,158.000000</point>
				<point>708.000000,141.000000</point>
				<point>704.000000,138.000000</point>
				<point>693.000000,155.000000</point>
				<point>698.000000,158.000000</point>
			</points>
		</object>
		<object>
			<coordinate>pixel</coordinate>
			<type>rectangle</type>
			<description>None</description>
			<possibleresult>
				<name>Fishing Boat</name>
			</possibleresult>
			<points>
				<point>693.000000,162.000000</point>
				<point>670.000000,147.000000</point>
				<point>665.000000,153.000000</point>
				<point>688.000000,169.000000</point>
				<point>693.000000,162.000000</point>
			</points>
		</object>
		<object>
			<coordinate>pixel</coordinate>
			<type>rectangle</type>
			<description>None</description>
			<possibleresult>
				<name>Fishing Boat</name>
			</possibleresult>
			<points>
				<point>688.000000,169.000000</point>
				<point>661.000000,160.000000</point>
				<point>660.000000,165.000000</point>
				<point>686.000000,174.000000</point>
				<point>688.000000,169.000000</point>
			</points>
		</object>
		<object>
			<coordinate>pixel</coordinate>
			<type>rectangle</type>
			<description>None</description>
			<possibleresult>
				<name>Fishing Boat</name>
			</possibleresult>
			<points>
				<point>686.000000,175.000000</point>
				<point>660.000000,166.000000</point>
				<point>657.000000,172.000000</point>
				<point>684.000000,181.000000</point>
				<point>686.000000,175.000000</point>
			</points>
		</object>
		<object>
			<coordinate>pixel</coordinate>
			<type>rectangle</type>
			<description>None</description>
			<possibleresult>
				<name>Fishing Boat</name>
			</possibleresult>
			<points>
				<point>694.000000,164.000000</point>
				<point>677.000000,198.000000</point>
				<point>683.000000,201.000000</point>
				<point>700.000000,167.000000</point>
				<point>694.000000,164.000000</point>
			</points>
		</object>
		<object>
			<coordinate>pixel</coordinate>
			<type>rectangle</type>
			<description>None</description>
			<possibleresult>
				<name>Fishing Boat</name>
			</possibleresult>
			<points>
				<point>699.000000,173.000000</point>
				<point>696.000000,203.000000</point>
				<point>701.000000,203.000000</point>
				<point>704.000000,174.000000</point>
				<point>699.000000,173.000000</point>
			</points>
		</object>
		<object>
			<coordinate>pixel</coordinate>
			<type>rectangle</type>
			<description>None</description>
			<possibleresult>
				<name>Fishing Boat</name>
			</possibleresult>
			<points>
				<point>705.000000,177.000000</point>
				<point>703.000000,204.000000</point>
				<point>708.000000,205.000000</point>
				<point>711.000000,177.000000</point>
				<point>705.000000,177.000000</point>
			</points>
		</object>
		<object>
			<coordinate>pixel</coordinate>
			<type>rectangle</type>
			<description>None</description>
			<possibleresult>
				<name>Fishing Boat</name>
			</possibleresult>
			<points>
				<point>711.000000,181.000000</point>
				<point>709.000000,209.000000</point>
				<point>714.000000,210.000000</point>
				<point>716.000000,182.000000</point>
				<point>711.000000,181.000000</point>
			</points>
		</object>
		<object>
			<coordinate>pixel</coordinate>
			<type>rectangle</type>
			<description>None</description>
			<possibleresult>
				<name>Fishing Boat</name>
			</possibleresult>
			<points>
				<point>718.000000,183.000000</point>
				<point>714.000000,215.000000</point>
				<point>721.000000,215.000000</point>
				<point>725.000000,183.000000</point>
				<point>718.000000,183.000000</point>
			</points>
		</object>
		<object>
			<coordinate>pixel</coordinate>
			<type>rectangle</type>
			<description>None</description>
			<possibleresult>
				<name>Motorboat</name>
			</possibleresult>
			<points>
				<point>724.000000,181.000000</point>
				<point>736.000000,161.000000</point>
				<point>732.000000,159.000000</point>
				<point>720.000000,178.000000</point>
				<point>724.000000,181.000000</point>
			</points>
		</object>
		<object>
			<coordinate>pixel</coordinate>
			<type>rectangle</type>
			<description>None</description>
			<possibleresult>
				<name>Motorboat</name>
			</possibleresult>
			<points>
				<point>730.000000,185.000000</point>
				<point>742.000000,164.000000</point>
				<point>738.000000,161.000000</point>
				<point>726.000000,182.000000</point>
				<point>730.000000,185.000000</point>
			</points>
		</object>
		<object>
			<coordinate>pixel</coordinate>
			<type>rectangle</type>
			<description>None</description>
			<possibleresult>
				<name>Motorboat</name>
			</possibleresult>
			<points>
				<point>736.000000,187.000000</point>
				<point>747.000000,167.000000</point>
				<point>743.000000,165.000000</point>
				<point>732.000000,185.000000</point>
				<point>736.000000,187.000000</point>
			</points>
		</object>
		<object>
			<coordinate>pixel</coordinate>
			<type>rectangle</type>
			<description>None</description>
			<possibleresult>
				<name>Motorboat</name>
			</possibleresult>
			<points>
				<point>736.000000,157.000000</point>
				<point>749.000000,139.000000</point>
				<point>744.000000,136.000000</point>
				<point>732.000000,154.000000</point>
				<point>736.000000,157.000000</point>
			</points>
		</object>
		<object>
			<coordinate>pixel</coordinate>
			<type>rectangle</type>
			<description>None</description>
			<possibleresult>
				<name>Motorboat</name>
			</possibleresult>
			<points>
				<point>741.000000,159.000000</point>
				<point>753.000000,141.000000</point>
				<point>750.000000,139.000000</point>
				<point>738.000000,157.000000</point>
				<point>741.000000,159.000000</point>
			</points>
		</object>
		<object>
			<coordinate>pixel</coordinate>
			<type>rectangle</type>
			<description>None</description>
			<possibleresult>
				<name>Motorboat</name>
			</possibleresult>
			<points>
				<point>748.000000,161.000000</point>
				<point>759.000000,145.000000</point>
				<point>755.000000,142.000000</point>
				<point>744.000000,158.000000</point>
				<point>748.000000,161.000000</point>
			</points>
		</object>
		<object>
			<coordinate>pixel</coordinate>
			<type>rectangle</type>
			<description>None</description>
			<possibleresult>
				<name>Motorboat</name>
			</possibleresult>
			<points>
				<point>748.000000,137.000000</point>
				<point>757.000000,119.000000</point>
				<point>753.000000,117.000000</point>
				<point>744.000000,134.000000</point>
				<point>748.000000,137.000000</point>
			</points>
		</object>
		<object>
			<coordinate>pixel</coordinate>
			<type>rectangle</type>
			<description>None</description>
			<possibleresult>
				<name>Motorboat</name>
			</possibleresult>
			<points>
				<point>753.000000,139.000000</point>
				<point>765.000000,115.000000</point>
				<point>762.000000,114.000000</point>
				<point>750.000000,137.000000</point>
				<point>753.000000,139.000000</point>
			</points>
		</object>
		<object>
			<coordinate>pixel</coordinate>
			<type>rectangle</type>
			<description>None</description>
			<possibleresult>
				<name>Motorboat</name>
			</possibleresult>
			<points>
				<point>758.000000,141.000000</point>
				<point>770.000000,118.000000</point>
				<point>767.000000,117.000000</point>
				<point>755.000000,139.000000</point>
				<point>758.000000,141.000000</point>
			</points>
		</object>
		<object>
			<coordinate>pixel</coordinate>
			<type>rectangle</type>
			<description>None</description>
			<possibleresult>
				<name>Motorboat</name>
			</possibleresult>
			<points>
				<point>765.000000,142.000000</point>
				<point>776.000000,121.000000</point>
				<point>771.000000,119.000000</point>
				<point>761.000000,140.000000</point>
				<point>765.000000,142.000000</point>
			</points>
		</object>
		<object>
			<coordinate>pixel</coordinate>
			<type>rectangle</type>
			<description>None</description>
			<possibleresult>
				<name>Motorboat</name>
			</possibleresult>
			<points>
				<point>757.000000,112.000000</point>
				<point>782.000000,121.000000</point>
				<point>784.000000,115.000000</point>
				<point>760.000000,106.000000</point>
				<point>757.000000,112.000000</point>
			</points>
		</object>
		<object>
			<coordinate>pixel</coordinate>
			<type>rectangle</type>
			<description>None</description>
			<possibleresult>
				<name>Fishing Boat</name>
			</possibleresult>
			<points>
				<point>110.000000,1117.000000</point>
				<point>138.000000,1137.000000</point>
				<point>144.000000,1129.000000</point>
				<point>116.000000,1108.000000</point>
				<point>110.000000,1117.000000</point>
			</points>
		</object>
	</objects>
</annotation>