<?xml version="1.0" encoding="utf-8"?>
<annotation>
	<source>
		<filename>1277.tif</filename>
		<origin>GF2/GF3</origin>
	</source>
	<research>
		<version>1.0</version>
		<provider>FAIR1M</provider>
		<author>Cyber</author>
		<pluginname>FAIR1M</pluginname>
		<pluginclass>object detection</pluginclass>
		<time>2021-03</time>
	</research>
	<size>
		<width>1000</width>
		<height>1000</height>
		<depth>3</depth>
	</size>
	<objects>
		<object>
			<coordinate>pixel</coordinate>
			<type>rectangle</type>
			<description>None</description>
			<possibleresult>
				<name>other-airplane</name>
			</possibleresult>
			<points>
				<point>503.000000,97.000000</point>
				<point>475.000000,132.000000</point>
				<point>511.000000,161.000000</point>
				<point>539.000000,126.000000</point>
				<point>503.000000,97.000000</point>
			</points>
		</object>
		<object>
			<coordinate>pixel</coordinate>
			<type>rectangle</type>
			<description>None</description>
			<possibleresult>
				<name>A220</name>
			</possibleresult>
			<points>
				<point>547.000000,147.000000</point>
				<point>512.000000,183.000000</point>
				<point>543.000000,213.000000</point>
				<point>578.000000,178.000000</point>
				<point>547.000000,147.000000</point>
			</points>
		</object>
		<object>
			<coordinate>pixel</coordinate>
			<type>rectangle</type>
			<description>None</description>
			<possibleresult>
				<name>Boeing737</name>
			</possibleresult>
			<points>
				<point>576.000000,171.000000</point>
				<point>580.000000,220.000000</point>
				<point>627.000000,216.000000</point>
				<point>624.000000,168.000000</point>
				<point>576.000000,171.000000</point>
			</points>
		</object>
		<object>
			<coordinate>pixel</coordinate>
			<type>rectangle</type>
			<description>None</description>
			<possibleresult>
				<name>A220</name>
			</possibleresult>
			<points>
				<point>684.000000,100.000000</point>
				<point>736.000000,100.000000</point>
				<point>736.000000,57.000000</point>
				<point>684.000000,57.000000</point>
				<point>684.000000,100.000000</point>
			</points>
		</object>
		<object>
			<coordinate>pixel</coordinate>
			<type>rectangle</type>
			<description>None</description>
			<possibleresult>
				<name>A220</name>
			</possibleresult>
			<points>
				<point>695.000000,57.000000</point>
				<point>727.000000,17.000000</point>
				<point>688.000000,-14.000000</point>
				<point>656.000000,26.000000</point>
				<point>695.000000,57.000000</point>
			</points>
		</object>
		<object>
			<coordinate>pixel</coordinate>
			<type>rectangle</type>
			<description>None</description>
			<possibleresult>
				<name>A220</name>
			</possibleresult>
			<points>
				<point>992.000000,54.000000</point>
				<point>958.000000,92.000000</point>
				<point>991.000000,122.000000</point>
				<point>1025.000000,84.000000</point>
				<point>992.000000,54.000000</point>
			</points>
		</object>
	</objects>
</annotation>