<?xml version="1.0" encoding="utf-8"?>
<annotation>
	<source>
		<filename>128.tif</filename>
		<origin>GF2/GF3</origin>
	</source>
	<research>
		<version>1.0</version>
		<provider>FAIR1M</provider>
		<author>Cyber</author>
		<pluginname>FAIR1M</pluginname>
		<pluginclass>object detection</pluginclass>
		<time>2021-03</time>
	</research>
	<size>
		<width>1500</width>
		<height>1500</height>
		<depth>3</depth>
	</size>
	<objects>
		<object>
			<coordinate>pixel</coordinate>
			<type>rectangle</type>
			<description>None</description>
			<possibleresult>
				<name>Warship</name>
			</possibleresult>
			<points>
				<point>686.000000,317.000000</point>
				<point>782.000000,-3.000000</point>
				<point>742.000000,-15.000000</point>
				<point>646.000000,304.000000</point>
				<point>686.000000,317.000000</point>
			</points>
		</object>
		<object>
			<coordinate>pixel</coordinate>
			<type>rectangle</type>
			<description>None</description>
			<possibleresult>
				<name>Tugboat</name>
			</possibleresult>
			<points>
				<point>613.000000,369.000000</point>
				<point>607.000000,409.000000</point>
				<point>621.000000,411.000000</point>
				<point>627.000000,371.000000</point>
				<point>613.000000,369.000000</point>
			</points>
		</object>
		<object>
			<coordinate>pixel</coordinate>
			<type>rectangle</type>
			<description>None</description>
			<possibleresult>
				<name>Tugboat</name>
			</possibleresult>
			<points>
				<point>613.000000,458.000000</point>
				<point>620.000000,415.000000</point>
				<point>605.000000,412.000000</point>
				<point>598.000000,455.000000</point>
				<point>613.000000,458.000000</point>
			</points>
		</object>
		<object>
			<coordinate>pixel</coordinate>
			<type>rectangle</type>
			<description>None</description>
			<possibleresult>
				<name>Motorboat</name>
			</possibleresult>
			<points>
				<point>600.000000,592.000000</point>
				<point>572.000000,591.000000</point>
				<point>572.000000,600.000000</point>
				<point>600.000000,601.000000</point>
				<point>600.000000,592.000000</point>
			</points>
		</object>
		<object>
			<coordinate>pixel</coordinate>
			<type>rectangle</type>
			<description>None</description>
			<possibleresult>
				<name>Motorboat</name>
			</possibleresult>
			<points>
				<point>698.000000,1232.000000</point>
				<point>722.000000,1222.000000</point>
				<point>719.000000,1214.000000</point>
				<point>695.000000,1224.000000</point>
				<point>698.000000,1232.000000</point>
			</points>
		</object>
		<object>
			<coordinate>pixel</coordinate>
			<type>rectangle</type>
			<description>None</description>
			<possibleresult>
				<name>other-ship</name>
			</possibleresult>
			<points>
				<point>790.000000,1344.000000</point>
				<point>804.000000,1371.000000</point>
				<point>811.000000,1367.000000</point>
				<point>797.000000,1340.000000</point>
				<point>790.000000,1344.000000</point>
			</points>
		</object>
		<object>
			<coordinate>pixel</coordinate>
			<type>rectangle</type>
			<description>None</description>
			<possibleresult>
				<name>Warship</name>
			</possibleresult>
			<points>
				<point>1441.000000,1333.000000</point>
				<point>1453.000000,1253.000000</point>
				<point>1436.000000,1251.000000</point>
				<point>1424.000000,1330.000000</point>
				<point>1441.000000,1333.000000</point>
			</points>
		</object>
		<object>
			<coordinate>pixel</coordinate>
			<type>rectangle</type>
			<description>None</description>
			<possibleresult>
				<name>Motorboat</name>
			</possibleresult>
			<points>
				<point>1465.000000,1105.000000</point>
				<point>1460.000000,1145.000000</point>
				<point>1468.000000,1146.000000</point>
				<point>1473.000000,1106.000000</point>
				<point>1465.000000,1105.000000</point>
			</points>
		</object>
		<object>
			<coordinate>pixel</coordinate>
			<type>rectangle</type>
			<description>None</description>
			<possibleresult>
				<name>Motorboat</name>
			</possibleresult>
			<points>
				<point>1442.000000,1118.000000</point>
				<point>1447.000000,1085.000000</point>
				<point>1440.000000,1084.000000</point>
				<point>1435.000000,1117.000000</point>
				<point>1442.000000,1118.000000</point>
			</points>
		</object>
		<object>
			<coordinate>pixel</coordinate>
			<type>rectangle</type>
			<description>None</description>
			<possibleresult>
				<name>Motorboat</name>
			</possibleresult>
			<points>
				<point>1433.000000,1117.000000</point>
				<point>1439.000000,1084.000000</point>
				<point>1431.000000,1082.000000</point>
				<point>1426.000000,1116.000000</point>
				<point>1433.000000,1117.000000</point>
			</points>
		</object>
		<object>
			<coordinate>pixel</coordinate>
			<type>rectangle</type>
			<description>None</description>
			<possibleresult>
				<name>Motorboat</name>
			</possibleresult>
			<points>
				<point>1424.000000,1118.000000</point>
				<point>1430.000000,1082.000000</point>
				<point>1421.000000,1081.000000</point>
				<point>1415.000000,1117.000000</point>
				<point>1424.000000,1118.000000</point>
			</points>
		</object>
		<object>
			<coordinate>pixel</coordinate>
			<type>rectangle</type>
			<description>None</description>
			<possibleresult>
				<name>Motorboat</name>
			</possibleresult>
			<points>
				<point>1390.000000,1041.000000</point>
				<point>1384.000000,1081.000000</point>
				<point>1394.000000,1083.000000</point>
				<point>1400.000000,1042.000000</point>
				<point>1390.000000,1041.000000</point>
			</points>
		</object>
		<object>
			<coordinate>pixel</coordinate>
			<type>rectangle</type>
			<description>None</description>
			<possibleresult>
				<name>Motorboat</name>
			</possibleresult>
			<points>
				<point>1402.000000,1042.000000</point>
				<point>1394.000000,1081.000000</point>
				<point>1403.000000,1082.000000</point>
				<point>1411.000000,1044.000000</point>
				<point>1402.000000,1042.000000</point>
			</points>
		</object>
		<object>
			<coordinate>pixel</coordinate>
			<type>rectangle</type>
			<description>None</description>
			<possibleresult>
				<name>Motorboat</name>
			</possibleresult>
			<points>
				<point>1412.000000,1031.000000</point>
				<point>1409.000000,1063.000000</point>
				<point>1416.000000,1064.000000</point>
				<point>1420.000000,1032.000000</point>
				<point>1412.000000,1031.000000</point>
			</points>
		</object>
		<object>
			<coordinate>pixel</coordinate>
			<type>rectangle</type>
			<description>None</description>
			<possibleresult>
				<name>Motorboat</name>
			</possibleresult>
			<points>
				<point>1421.000000,1034.000000</point>
				<point>1418.000000,1055.000000</point>
				<point>1424.000000,1056.000000</point>
				<point>1427.000000,1035.000000</point>
				<point>1421.000000,1034.000000</point>
			</points>
		</object>
		<object>
			<coordinate>pixel</coordinate>
			<type>rectangle</type>
			<description>None</description>
			<possibleresult>
				<name>Motorboat</name>
			</possibleresult>
			<points>
				<point>1428.000000,1041.000000</point>
				<point>1425.000000,1065.000000</point>
				<point>1431.000000,1066.000000</point>
				<point>1434.000000,1042.000000</point>
				<point>1428.000000,1041.000000</point>
			</points>
		</object>
		<object>
			<coordinate>pixel</coordinate>
			<type>rectangle</type>
			<description>None</description>
			<possibleresult>
				<name>other-ship</name>
			</possibleresult>
			<points>
				<point>506.000000,490.000000</point>
				<point>551.000000,468.000000</point>
				<point>546.000000,459.000000</point>
				<point>502.000000,480.000000</point>
				<point>506.000000,490.000000</point>
			</points>
		</object>
	</objects>
</annotation>