<?xml version="1.0" encoding="utf-8"?>
<annotation>
	<source>
		<filename>1282.tif</filename>
		<origin>GF2/GF3</origin>
	</source>
	<research>
		<version>1.0</version>
		<provider>FAIR1M</provider>
		<author>Cyber</author>
		<pluginname>FAIR1M</pluginname>
		<pluginclass>object detection</pluginclass>
		<time>2021-03</time>
	</research>
	<size>
		<width>1000</width>
		<height>1000</height>
		<depth>3</depth>
	</size>
	<objects>
		<object>
			<coordinate>pixel</coordinate>
			<type>rectangle</type>
			<description>None</description>
			<possibleresult>
				<name>Baseball Field</name>
			</possibleresult>
			<points>
				<point>740.000061,100.000000</point>
				<point>737.925842,203.018616</point>
				<point>588.925842,200.018616</point>
				<point>591.000061,97.000000</point>
				<point>740.000061,100.000000</point>
			</points>
		</object>
		<object>
			<coordinate>pixel</coordinate>
			<type>rectangle</type>
			<description>None</description>
			<possibleresult>
				<name>Van</name>
			</possibleresult>
			<points>
				<point>5.000000,478.000000</point>
				<point>0.000000,478.000000</point>
				<point>0.000000,461.000000</point>
				<point>5.000000,461.000000</point>
				<point>5.000000,478.000000</point>
			</points>
		</object>
		<object>
			<coordinate>pixel</coordinate>
			<type>rectangle</type>
			<description>None</description>
			<possibleresult>
				<name>Van</name>
			</possibleresult>
			<points>
				<point>67.000000,451.000061</point>
				<point>55.479996,466.360046</point>
				<point>47.479996,460.360046</point>
				<point>59.000000,445.000061</point>
				<point>67.000000,451.000061</point>
			</points>
		</object>
		<object>
			<coordinate>pixel</coordinate>
			<type>rectangle</type>
			<description>None</description>
			<possibleresult>
				<name>Small Car</name>
			</possibleresult>
			<points>
				<point>49.000000,493.000000</point>
				<point>39.000000,493.000000</point>
				<point>39.000000,474.000000</point>
				<point>49.000000,474.000000</point>
				<point>49.000000,493.000000</point>
			</points>
		</object>
		<object>
			<coordinate>pixel</coordinate>
			<type>rectangle</type>
			<description>None</description>
			<possibleresult>
				<name>Small Car</name>
			</possibleresult>
			<points>
				<point>764.000000,447.000000</point>
				<point>739.000000,447.000000</point>
				<point>739.000000,439.000000</point>
				<point>764.000000,439.000000</point>
				<point>764.000000,447.000000</point>
			</points>
		</object>
		<object>
			<coordinate>pixel</coordinate>
			<type>rectangle</type>
			<description>None</description>
			<possibleresult>
				<name>Van</name>
			</possibleresult>
			<points>
				<point>759.000000,429.000000</point>
				<point>737.000000,429.000000</point>
				<point>737.000000,421.000000</point>
				<point>759.000000,421.000000</point>
				<point>759.000000,429.000000</point>
			</points>
		</object>
		<object>
			<coordinate>pixel</coordinate>
			<type>rectangle</type>
			<description>None</description>
			<possibleresult>
				<name>Small Car</name>
			</possibleresult>
			<points>
				<point>803.000000,395.000000</point>
				<point>793.000000,395.000000</point>
				<point>793.000000,377.000000</point>
				<point>803.000000,377.000000</point>
				<point>803.000000,395.000000</point>
			</points>
		</object>
		<object>
			<coordinate>pixel</coordinate>
			<type>rectangle</type>
			<description>None</description>
			<possibleresult>
				<name>Small Car</name>
			</possibleresult>
			<points>
				<point>726.332825,352.986145</point>
				<point>702.000061,354.000000</point>
				<point>701.667297,346.013855</point>
				<point>726.000061,345.000000</point>
				<point>726.332825,352.986145</point>
			</points>
		</object>
		<object>
			<coordinate>pixel</coordinate>
			<type>rectangle</type>
			<description>None</description>
			<possibleresult>
				<name>Van</name>
			</possibleresult>
			<points>
				<point>761.000000,347.000031</point>
				<point>759.987793,356.109772</point>
				<point>732.987793,353.109772</point>
				<point>734.000000,344.000031</point>
				<point>761.000000,347.000031</point>
			</points>
		</object>
		<object>
			<coordinate>pixel</coordinate>
			<type>rectangle</type>
			<description>None</description>
			<possibleresult>
				<name>Van</name>
			</possibleresult>
			<points>
				<point>514.026611,309.398254</point>
				<point>505.000061,310.000000</point>
				<point>504.000061,295.000000</point>
				<point>513.026611,294.398254</point>
				<point>514.026611,309.398254</point>
			</points>
		</object>
		<object>
			<coordinate>pixel</coordinate>
			<type>rectangle</type>
			<description>None</description>
			<possibleresult>
				<name>Dump Truck</name>
			</possibleresult>
			<points>
				<point>504.000000,326.000000</point>
				<point>493.000000,326.000000</point>
				<point>493.000000,305.000000</point>
				<point>504.000000,305.000000</point>
				<point>504.000000,326.000000</point>
			</points>
		</object>
		<object>
			<coordinate>pixel</coordinate>
			<type>rectangle</type>
			<description>None</description>
			<possibleresult>
				<name>Motorboat</name>
			</possibleresult>
			<points>
				<point>43.016632,476.515564</point>
				<point>28.000000,477.000000</point>
				<point>26.983368,445.484436</point>
				<point>42.000000,445.000000</point>
				<point>43.016632,476.515564</point>
			</points>
		</object>
		<object>
			<coordinate>pixel</coordinate>
			<type>rectangle</type>
			<description>None</description>
			<possibleresult>
				<name>Dump Truck</name>
			</possibleresult>
			<points>
				<point>416.000000,476.000000</point>
				<point>390.000000,476.000000</point>
				<point>390.000000,468.000000</point>
				<point>416.000000,468.000000</point>
				<point>416.000000,476.000000</point>
			</points>
		</object>
		<object>
			<coordinate>pixel</coordinate>
			<type>rectangle</type>
			<description>None</description>
			<possibleresult>
				<name>Small Car</name>
			</possibleresult>
			<points>
				<point>604.000000,622.000000</point>
				<point>594.000000,622.000000</point>
				<point>594.000000,602.000000</point>
				<point>604.000000,602.000000</point>
				<point>604.000000,622.000000</point>
			</points>
		</object>
		<object>
			<coordinate>pixel</coordinate>
			<type>rectangle</type>
			<description>None</description>
			<possibleresult>
				<name>Small Car</name>
			</possibleresult>
			<points>
				<point>150.390549,565.017029</point>
				<point>149.999985,574.000061</point>
				<point>126.609421,572.983093</point>
				<point>126.999985,564.000061</point>
				<point>150.390549,565.017029</point>
			</points>
		</object>
		<object>
			<coordinate>pixel</coordinate>
			<type>rectangle</type>
			<description>None</description>
			<possibleresult>
				<name>Small Car</name>
			</possibleresult>
			<points>
				<point>839.000000,764.000000</point>
				<point>828.000000,764.000000</point>
				<point>828.000000,743.000000</point>
				<point>839.000000,743.000000</point>
				<point>839.000000,764.000000</point>
			</points>
		</object>
		<object>
			<coordinate>pixel</coordinate>
			<type>rectangle</type>
			<description>None</description>
			<possibleresult>
				<name>Van</name>
			</possibleresult>
			<points>
				<point>375.000000,877.000000</point>
				<point>353.000000,877.000000</point>
				<point>353.000000,868.000000</point>
				<point>375.000000,868.000000</point>
				<point>375.000000,877.000000</point>
			</points>
		</object>
		<object>
			<coordinate>pixel</coordinate>
			<type>rectangle</type>
			<description>None</description>
			<possibleresult>
				<name>Small Car</name>
			</possibleresult>
			<points>
				<point>989.000000,521.000000</point>
				<point>980.000000,521.000000</point>
				<point>980.000000,508.000000</point>
				<point>989.000000,508.000000</point>
				<point>989.000000,521.000000</point>
			</points>
		</object>
		<object>
			<coordinate>pixel</coordinate>
			<type>rectangle</type>
			<description>None</description>
			<possibleresult>
				<name>Small Car</name>
			</possibleresult>
			<points>
				<point>882.000000,89.999985</point>
				<point>864.000000,90.999985</point>
				<point>863.553833,82.969223</point>
				<point>881.553833,81.969223</point>
				<point>882.000000,89.999985</point>
			</points>
		</object>
		<object>
			<coordinate>pixel</coordinate>
			<type>rectangle</type>
			<description>None</description>
			<possibleresult>
				<name>Intersection</name>
			</possibleresult>
			<points>
				<point>850.000000,896.000000</point>
				<point>783.000000,896.000000</point>
				<point>783.000000,835.000000</point>
				<point>850.000000,835.000000</point>
				<point>850.000000,896.000000</point>
			</points>
		</object>
		<object>
			<coordinate>pixel</coordinate>
			<type>rectangle</type>
			<description>None</description>
			<possibleresult>
				<name>Intersection</name>
			</possibleresult>
			<points>
				<point>837.000000,585.000000</point>
				<point>788.000000,585.000000</point>
				<point>788.000000,536.000000</point>
				<point>837.000000,536.000000</point>
				<point>837.000000,585.000000</point>
			</points>
		</object>
		<object>
			<coordinate>pixel</coordinate>
			<type>rectangle</type>
			<description>None</description>
			<possibleresult>
				<name>Intersection</name>
			</possibleresult>
			<points>
				<point>836.000000,274.000000</point>
				<point>780.000000,274.000000</point>
				<point>780.000000,230.000000</point>
				<point>836.000000,230.000000</point>
				<point>836.000000,274.000000</point>
			</points>
		</object>
	</objects>
</annotation>