<?xml version="1.0" encoding="utf-8"?>
<annotation>
	<source>
		<filename>1283.tif</filename>
		<origin>GF2/GF3</origin>
	</source>
	<research>
		<version>1.0</version>
		<provider>FAIR1M</provider>
		<author>Cyber</author>
		<pluginname>FAIR1M</pluginname>
		<pluginclass>object detection</pluginclass>
		<time>2021-03</time>
	</research>
	<size>
		<width>1500</width>
		<height>1500</height>
		<depth>3</depth>
	</size>
	<objects>
		<object>
			<coordinate>pixel</coordinate>
			<type>rectangle</type>
			<description>None</description>
			<possibleresult>
				<name>Liquid Cargo Ship</name>
			</possibleresult>
			<points>
				<point>23.000000,1403.000000</point>
				<point>134.000000,1441.000000</point>
				<point>142.000000,1420.000000</point>
				<point>31.000000,1381.000000</point>
				<point>23.000000,1403.000000</point>
			</points>
		</object>
	</objects>
</annotation>