<?xml version="1.0" encoding="utf-8"?>
<annotation>
	<source>
		<filename>1284.tif</filename>
		<origin>GF2/GF3</origin>
	</source>
	<research>
		<version>1.0</version>
		<provider>FAIR1M</provider>
		<author>Cyber</author>
		<pluginname>FAIR1M</pluginname>
		<pluginclass>object detection</pluginclass>
		<time>2021-03</time>
	</research>
	<size>
		<width>1000</width>
		<height>1000</height>
		<depth>3</depth>
	</size>
	<objects>
		<object>
			<coordinate>pixel</coordinate>
			<type>rectangle</type>
			<description>None</description>
			<possibleresult>
				<name>Cargo Truck</name>
			</possibleresult>
			<points>
				<point>0.000000,705.421143</point>
				<point>0.000001,684.454651</point>
				<point>13.000010,662.000061</point>
				<point>23.091297,667.842346</point>
				<point>0.000000,705.421143</point>
			</points>
		</object>
		<object>
			<coordinate>pixel</coordinate>
			<type>rectangle</type>
			<description>None</description>
			<possibleresult>
				<name>Van</name>
			</possibleresult>
			<points>
				<point>160.000015,498.000000</point>
				<point>150.911789,513.147034</point>
				<point>144.000015,509.000000</point>
				<point>153.088242,493.852966</point>
				<point>160.000015,498.000000</point>
			</points>
		</object>
		<object>
			<coordinate>pixel</coordinate>
			<type>rectangle</type>
			<description>None</description>
			<possibleresult>
				<name>Cargo Truck</name>
			</possibleresult>
			<points>
				<point>236.705872,357.823547</point>
				<point>221.000000,384.000000</point>
				<point>211.000000,378.000000</point>
				<point>226.705872,351.823547</point>
				<point>236.705872,357.823547</point>
			</points>
		</object>
		<object>
			<coordinate>pixel</coordinate>
			<type>rectangle</type>
			<description>None</description>
			<possibleresult>
				<name>Van</name>
			</possibleresult>
			<points>
				<point>277.082367,264.870605</point>
				<point>270.000031,276.000000</point>
				<point>263.917694,272.129395</point>
				<point>271.000031,261.000000</point>
				<point>277.082367,264.870605</point>
			</points>
		</object>
		<object>
			<coordinate>pixel</coordinate>
			<type>rectangle</type>
			<description>None</description>
			<possibleresult>
				<name>Small Car</name>
			</possibleresult>
			<points>
				<point>269.000000,277.000000</point>
				<point>259.772583,291.353821</point>
				<point>252.999985,287.000000</point>
				<point>262.227417,272.646179</point>
				<point>269.000000,277.000000</point>
			</points>
		</object>
		<object>
			<coordinate>pixel</coordinate>
			<type>rectangle</type>
			<description>None</description>
			<possibleresult>
				<name>Van</name>
			</possibleresult>
			<points>
				<point>259.000000,292.000000</point>
				<point>252.000000,304.000000</point>
				<point>244.601044,299.683960</point>
				<point>251.601044,287.683960</point>
				<point>259.000000,292.000000</point>
			</points>
		</object>
		<object>
			<coordinate>pixel</coordinate>
			<type>rectangle</type>
			<description>None</description>
			<possibleresult>
				<name>Cargo Truck</name>
			</possibleresult>
			<points>
				<point>338.065002,196.898926</point>
				<point>329.000000,211.000000</point>
				<point>322.934998,207.101074</point>
				<point>332.000000,193.000000</point>
				<point>338.065002,196.898926</point>
			</points>
		</object>
		<object>
			<coordinate>pixel</coordinate>
			<type>rectangle</type>
			<description>None</description>
			<possibleresult>
				<name>Cargo Truck</name>
			</possibleresult>
			<points>
				<point>326.000031,249.000031</point>
				<point>308.628021,274.547089</point>
				<point>299.000031,268.000031</point>
				<point>316.372040,242.452972</point>
				<point>326.000031,249.000031</point>
			</points>
		</object>
		<object>
			<coordinate>pixel</coordinate>
			<type>rectangle</type>
			<description>None</description>
			<possibleresult>
				<name>Dump Truck</name>
			</possibleresult>
			<points>
				<point>370.000000,129.000000</point>
				<point>357.823547,149.294128</point>
				<point>349.000000,144.000000</point>
				<point>361.176453,123.705872</point>
				<point>370.000000,129.000000</point>
			</points>
		</object>
		<object>
			<coordinate>pixel</coordinate>
			<type>rectangle</type>
			<description>None</description>
			<possibleresult>
				<name>Small Car</name>
			</possibleresult>
			<points>
				<point>421.107697,100.061546</point>
				<point>411.753876,116.430779</point>
				<point>404.000031,112.000008</point>
				<point>413.353851,95.630775</point>
				<point>421.107697,100.061546</point>
			</points>
		</object>
		<object>
			<coordinate>pixel</coordinate>
			<type>rectangle</type>
			<description>None</description>
			<possibleresult>
				<name>Van</name>
			</possibleresult>
			<points>
				<point>509.214630,31.668297</point>
				<point>497.999969,49.000000</point>
				<point>490.785309,44.331711</point>
				<point>501.999969,27.000008</point>
				<point>509.214630,31.668297</point>
			</points>
		</object>
		<object>
			<coordinate>pixel</coordinate>
			<type>rectangle</type>
			<description>None</description>
			<possibleresult>
				<name>Van</name>
			</possibleresult>
			<points>
				<point>375.999969,231.999985</point>
				<point>368.917633,243.129410</point>
				<point>363.999969,239.999985</point>
				<point>371.082306,228.870560</point>
				<point>375.999969,231.999985</point>
			</points>
		</object>
		<object>
			<coordinate>pixel</coordinate>
			<type>rectangle</type>
			<description>None</description>
			<possibleresult>
				<name>Cargo Truck</name>
			</possibleresult>
			<points>
				<point>418.999969,197.000000</point>
				<point>399.634918,225.537994</point>
				<point>389.999969,219.000000</point>
				<point>409.365021,190.462006</point>
				<point>418.999969,197.000000</point>
			</points>
		</object>
		<object>
			<coordinate>pixel</coordinate>
			<type>rectangle</type>
			<description>None</description>
			<possibleresult>
				<name>Cargo Truck</name>
			</possibleresult>
			<points>
				<point>260.211395,439.676697</point>
				<point>243.000000,466.000000</point>
				<point>232.788605,459.323303</point>
				<point>250.000000,433.000000</point>
				<point>260.211395,439.676697</point>
			</points>
		</object>
		<object>
			<coordinate>pixel</coordinate>
			<type>rectangle</type>
			<description>None</description>
			<possibleresult>
				<name>Dump Truck</name>
			</possibleresult>
			<points>
				<point>117.000000,667.999939</point>
				<point>101.936539,690.093079</point>
				<point>93.000015,683.999939</point>
				<point>108.063477,661.906799</point>
				<point>117.000000,667.999939</point>
			</points>
		</object>
		<object>
			<coordinate>pixel</coordinate>
			<type>rectangle</type>
			<description>None</description>
			<possibleresult>
				<name>Small Car</name>
			</possibleresult>
			<points>
				<point>45.999996,790.000122</point>
				<point>37.999996,806.000122</point>
				<point>30.399998,802.200073</point>
				<point>38.399998,786.200073</point>
				<point>45.999996,790.000122</point>
			</points>
		</object>
		<object>
			<coordinate>pixel</coordinate>
			<type>rectangle</type>
			<description>None</description>
			<possibleresult>
				<name>Van</name>
			</possibleresult>
			<points>
				<point>118.000000,292.999969</point>
				<point>115.000000,297.999969</point>
				<point>103.529404,291.117645</point>
				<point>106.529404,286.117645</point>
				<point>118.000000,292.999969</point>
			</points>
		</object>
		<object>
			<coordinate>pixel</coordinate>
			<type>rectangle</type>
			<description>None</description>
			<possibleresult>
				<name>Van</name>
			</possibleresult>
			<points>
				<point>132.176483,275.705872</point>
				<point>128.735321,281.441162</point>
				<point>117.558838,274.735291</point>
				<point>121.000000,269.000000</point>
				<point>132.176483,275.705872</point>
			</points>
		</object>
		<object>
			<coordinate>pixel</coordinate>
			<type>rectangle</type>
			<description>None</description>
			<possibleresult>
				<name>Van</name>
			</possibleresult>
			<points>
				<point>138.400009,269.200012</point>
				<point>135.400009,275.200012</point>
				<point>121.000015,268.000000</point>
				<point>124.000015,262.000000</point>
				<point>138.400009,269.200012</point>
			</points>
		</object>
		<object>
			<coordinate>pixel</coordinate>
			<type>rectangle</type>
			<description>None</description>
			<possibleresult>
				<name>Van</name>
			</possibleresult>
			<points>
				<point>144.000031,260.000000</point>
				<point>141.800018,264.400024</point>
				<point>129.800018,258.400024</point>
				<point>132.000031,254.000000</point>
				<point>144.000031,260.000000</point>
			</points>
		</object>
		<object>
			<coordinate>pixel</coordinate>
			<type>rectangle</type>
			<description>None</description>
			<possibleresult>
				<name>Van</name>
			</possibleresult>
			<points>
				<point>148.626953,250.782379</point>
				<point>145.000000,257.000000</point>
				<point>133.000000,250.000000</point>
				<point>136.626953,243.782379</point>
				<point>148.626953,250.782379</point>
			</points>
		</object>
		<object>
			<coordinate>pixel</coordinate>
			<type>rectangle</type>
			<description>None</description>
			<possibleresult>
				<name>Van</name>
			</possibleresult>
			<points>
				<point>278.147034,99.088242</point>
				<point>274.000000,106.000000</point>
				<point>258.852966,96.911758</point>
				<point>263.000000,90.000000</point>
				<point>278.147034,99.088242</point>
			</points>
		</object>
		<object>
			<coordinate>pixel</coordinate>
			<type>rectangle</type>
			<description>None</description>
			<possibleresult>
				<name>Van</name>
			</possibleresult>
			<points>
				<point>318.000000,47.000000</point>
				<point>315.264709,51.558823</point>
				<point>300.264709,42.558823</point>
				<point>303.000000,38.000000</point>
				<point>318.000000,47.000000</point>
			</points>
		</object>
		<object>
			<coordinate>pixel</coordinate>
			<type>rectangle</type>
			<description>None</description>
			<possibleresult>
				<name>Van</name>
			</possibleresult>
			<points>
				<point>298.000000,75.000008</point>
				<point>294.047485,82.026711</point>
				<point>278.000000,73.000008</point>
				<point>281.952515,65.973305</point>
				<point>298.000000,75.000008</point>
			</points>
		</object>
		<object>
			<coordinate>pixel</coordinate>
			<type>rectangle</type>
			<description>None</description>
			<possibleresult>
				<name>Van</name>
			</possibleresult>
			<points>
				<point>324.000031,39.000000</point>
				<point>321.655975,43.353210</point>
				<point>308.655975,36.353210</point>
				<point>311.000031,32.000000</point>
				<point>324.000031,39.000000</point>
			</points>
		</object>
		<object>
			<coordinate>pixel</coordinate>
			<type>rectangle</type>
			<description>None</description>
			<possibleresult>
				<name>Van</name>
			</possibleresult>
			<points>
				<point>312.178894,51.096325</point>
				<point>309.000000,56.999996</point>
				<point>295.821106,49.903667</point>
				<point>299.000000,43.999996</point>
				<point>312.178894,51.096325</point>
			</points>
		</object>
		<object>
			<coordinate>pixel</coordinate>
			<type>rectangle</type>
			<description>None</description>
			<possibleresult>
				<name>Van</name>
			</possibleresult>
			<points>
				<point>283.000000,90.000008</point>
				<point>280.259521,95.138420</point>
				<point>265.000000,87.000008</point>
				<point>267.740479,81.861595</point>
				<point>283.000000,90.000008</point>
			</points>
		</object>
		<object>
			<coordinate>pixel</coordinate>
			<type>rectangle</type>
			<description>None</description>
			<possibleresult>
				<name>Van</name>
			</possibleresult>
			<points>
				<point>304.000031,63.999992</point>
				<point>301.000031,69.999992</point>
				<point>285.000031,61.999992</point>
				<point>288.000031,55.999992</point>
				<point>304.000031,63.999992</point>
			</points>
		</object>
		<object>
			<coordinate>pixel</coordinate>
			<type>rectangle</type>
			<description>None</description>
			<possibleresult>
				<name>Cargo Truck</name>
			</possibleresult>
			<points>
				<point>384.000031,8.000019</point>
				<point>357.955841,41.056110</point>
				<point>349.000031,34.000019</point>
				<point>375.044220,0.943928</point>
				<point>384.000031,8.000019</point>
			</points>
		</object>
		<object>
			<coordinate>pixel</coordinate>
			<type>rectangle</type>
			<description>None</description>
			<possibleresult>
				<name>Excavator</name>
			</possibleresult>
			<points>
				<point>617.383240,170.178848</point>
				<point>610.000061,186.000015</point>
				<point>551.642395,158.766434</point>
				<point>559.025574,142.945267</point>
				<point>617.383240,170.178848</point>
			</points>
		</object>
		<object>
			<coordinate>pixel</coordinate>
			<type>rectangle</type>
			<description>None</description>
			<possibleresult>
				<name>Excavator</name>
			</possibleresult>
			<points>
				<point>563.470581,138.882401</point>
				<point>531.000000,147.000046</point>
				<point>527.529419,133.117691</point>
				<point>560.000000,125.000046</point>
				<point>563.470581,138.882401</point>
			</points>
		</object>
		<object>
			<coordinate>pixel</coordinate>
			<type>rectangle</type>
			<description>None</description>
			<possibleresult>
				<name>Van</name>
			</possibleresult>
			<points>
				<point>555.000000,84.999977</point>
				<point>547.000000,98.999977</point>
				<point>540.000000,94.999977</point>
				<point>548.000000,80.999977</point>
				<point>555.000000,84.999977</point>
			</points>
		</object>
		<object>
			<coordinate>pixel</coordinate>
			<type>rectangle</type>
			<description>None</description>
			<possibleresult>
				<name>Trailer</name>
			</possibleresult>
			<points>
				<point>195.216202,225.702698</point>
				<point>170.999985,259.000000</point>
				<point>161.783768,252.297302</point>
				<point>185.999985,219.000000</point>
				<point>195.216202,225.702698</point>
			</points>
		</object>
	</objects>
</annotation>