<?xml version="1.0" encoding="utf-8"?>
<annotation>
	<source>
		<filename>1286.tif</filename>
		<origin>GF2/GF3</origin>
	</source>
	<research>
		<version>1.0</version>
		<provider>FAIR1M</provider>
		<author>Cyber</author>
		<pluginname>FAIR1M</pluginname>
		<pluginclass>object detection</pluginclass>
		<time>2021-03</time>
	</research>
	<size>
		<width>1500</width>
		<height>1500</height>
		<depth>3</depth>
	</size>
	<objects>
		<object>
			<coordinate>pixel</coordinate>
			<type>rectangle</type>
			<description>None</description>
			<possibleresult>
				<name>Liquid Cargo Ship</name>
			</possibleresult>
			<points>
				<point>987.000000,958.000000</point>
				<point>835.000000,920.000000</point>
				<point>830.000000,942.000000</point>
				<point>981.000000,980.000000</point>
				<point>987.000000,958.000000</point>
			</points>
		</object>
		<object>
			<coordinate>pixel</coordinate>
			<type>rectangle</type>
			<description>None</description>
			<possibleresult>
				<name>Liquid Cargo Ship</name>
			</possibleresult>
			<points>
				<point>1103.000000,1038.000000</point>
				<point>851.000000,977.000000</point>
				<point>842.000000,1017.000000</point>
				<point>1093.000000,1079.000000</point>
				<point>1103.000000,1038.000000</point>
			</points>
		</object>
		<object>
			<coordinate>pixel</coordinate>
			<type>rectangle</type>
			<description>None</description>
			<possibleresult>
				<name>Fishing Boat</name>
			</possibleresult>
			<points>
				<point>1184.000000,909.000000</point>
				<point>1232.000000,909.000000</point>
				<point>1232.000000,899.000000</point>
				<point>1184.000000,899.000000</point>
				<point>1184.000000,909.000000</point>
			</points>
		</object>
		<object>
			<coordinate>pixel</coordinate>
			<type>rectangle</type>
			<description>None</description>
			<possibleresult>
				<name>Fishing Boat</name>
			</possibleresult>
			<points>
				<point>1276.000000,908.000000</point>
				<point>1317.000000,908.000000</point>
				<point>1317.000000,900.000000</point>
				<point>1276.000000,900.000000</point>
				<point>1276.000000,908.000000</point>
			</points>
		</object>
		<object>
			<coordinate>pixel</coordinate>
			<type>rectangle</type>
			<description>None</description>
			<possibleresult>
				<name>Fishing Boat</name>
			</possibleresult>
			<points>
				<point>35.000000,1126.000000</point>
				<point>3.000000,1140.000000</point>
				<point>6.000000,1146.000000</point>
				<point>38.000000,1132.000000</point>
				<point>35.000000,1126.000000</point>
			</points>
		</object>
		<object>
			<coordinate>pixel</coordinate>
			<type>rectangle</type>
			<description>None</description>
			<possibleresult>
				<name>Warship</name>
			</possibleresult>
			<points>
				<point>104.000000,1188.000000</point>
				<point>32.000000,1182.000000</point>
				<point>31.000000,1194.000000</point>
				<point>103.000000,1200.000000</point>
				<point>104.000000,1188.000000</point>
			</points>
		</object>
		<object>
			<coordinate>pixel</coordinate>
			<type>rectangle</type>
			<description>None</description>
			<possibleresult>
				<name>Warship</name>
			</possibleresult>
			<points>
				<point>108.000000,1202.000000</point>
				<point>31.000000,1195.000000</point>
				<point>30.000000,1205.000000</point>
				<point>107.000000,1212.000000</point>
				<point>108.000000,1202.000000</point>
			</points>
		</object>
		<object>
			<coordinate>pixel</coordinate>
			<type>rectangle</type>
			<description>None</description>
			<possibleresult>
				<name>Warship</name>
			</possibleresult>
			<points>
				<point>106.000000,1213.000000</point>
				<point>29.000000,1206.000000</point>
				<point>28.000000,1217.000000</point>
				<point>105.000000,1224.000000</point>
				<point>106.000000,1213.000000</point>
			</points>
		</object>
		<object>
			<coordinate>pixel</coordinate>
			<type>rectangle</type>
			<description>None</description>
			<possibleresult>
				<name>Warship</name>
			</possibleresult>
			<points>
				<point>105.000000,1224.000000</point>
				<point>28.000000,1219.000000</point>
				<point>27.000000,1229.000000</point>
				<point>105.000000,1234.000000</point>
				<point>105.000000,1224.000000</point>
			</points>
		</object>
		<object>
			<coordinate>pixel</coordinate>
			<type>rectangle</type>
			<description>None</description>
			<possibleresult>
				<name>Warship</name>
			</possibleresult>
			<points>
				<point>144.000000,1250.000000</point>
				<point>30.000000,1246.000000</point>
				<point>29.000000,1262.000000</point>
				<point>143.000000,1266.000000</point>
				<point>144.000000,1250.000000</point>
			</points>
		</object>
		<object>
			<coordinate>pixel</coordinate>
			<type>rectangle</type>
			<description>None</description>
			<possibleresult>
				<name>other-ship</name>
			</possibleresult>
			<points>
				<point>167.000000,1219.000000</point>
				<point>116.000000,1218.000000</point>
				<point>115.000000,1232.000000</point>
				<point>167.000000,1233.000000</point>
				<point>167.000000,1219.000000</point>
			</points>
		</object>
		<object>
			<coordinate>pixel</coordinate>
			<type>rectangle</type>
			<description>None</description>
			<possibleresult>
				<name>Fishing Boat</name>
			</possibleresult>
			<points>
				<point>124.000000,1377.000000</point>
				<point>91.000000,1378.000000</point>
				<point>91.000000,1385.000000</point>
				<point>124.000000,1385.000000</point>
				<point>124.000000,1377.000000</point>
			</points>
		</object>
		<object>
			<coordinate>pixel</coordinate>
			<type>rectangle</type>
			<description>None</description>
			<possibleresult>
				<name>Warship</name>
			</possibleresult>
			<points>
				<point>78.000000,1491.000000</point>
				<point>23.000000,1490.000000</point>
				<point>22.000000,1500.000000</point>
				<point>77.000000,1501.000000</point>
				<point>78.000000,1491.000000</point>
			</points>
		</object>
	</objects>
</annotation>