<?xml version="1.0" encoding="utf-8"?>
<annotation>
	<source>
		<filename>1291.tif</filename>
		<origin>GF2/GF3</origin>
	</source>
	<research>
		<version>1.0</version>
		<provider>FAIR1M</provider>
		<author>Cyber</author>
		<pluginname>FAIR1M</pluginname>
		<pluginclass>object detection</pluginclass>
		<time>2021-03</time>
	</research>
	<size>
		<width>1500</width>
		<height>1500</height>
		<depth>3</depth>
	</size>
	<objects>
		<object>
			<coordinate>pixel</coordinate>
			<type>rectangle</type>
			<description>None</description>
			<possibleresult>
				<name>Liquid Cargo Ship</name>
			</possibleresult>
			<points>
				<point>-27.000000,732.000000</point>
				<point>92.000000,731.000000</point>
				<point>92.000000,712.000000</point>
				<point>-27.000000,713.000000</point>
				<point>-27.000000,732.000000</point>
			</points>
		</object>
		<object>
			<coordinate>pixel</coordinate>
			<type>rectangle</type>
			<description>None</description>
			<possibleresult>
				<name>Liquid Cargo Ship</name>
			</possibleresult>
			<points>
				<point>90.000000,696.000000</point>
				<point>-8.000000,697.000000</point>
				<point>-8.000000,713.000000</point>
				<point>90.000000,712.000000</point>
				<point>90.000000,696.000000</point>
			</points>
		</object>
		<object>
			<coordinate>pixel</coordinate>
			<type>rectangle</type>
			<description>None</description>
			<possibleresult>
				<name>Liquid Cargo Ship</name>
			</possibleresult>
			<points>
				<point>99.000000,714.000000</point>
				<point>208.000000,713.000000</point>
				<point>208.000000,697.000000</point>
				<point>99.000000,698.000000</point>
				<point>99.000000,714.000000</point>
			</points>
		</object>
		<object>
			<coordinate>pixel</coordinate>
			<type>rectangle</type>
			<description>None</description>
			<possibleresult>
				<name>Liquid Cargo Ship</name>
			</possibleresult>
			<points>
				<point>428.000000,739.000000</point>
				<point>507.000000,738.000000</point>
				<point>507.000000,725.000000</point>
				<point>428.000000,726.000000</point>
				<point>428.000000,739.000000</point>
			</points>
		</object>
		<object>
			<coordinate>pixel</coordinate>
			<type>rectangle</type>
			<description>None</description>
			<possibleresult>
				<name>Liquid Cargo Ship</name>
			</possibleresult>
			<points>
				<point>523.000000,722.000000</point>
				<point>598.000000,721.000000</point>
				<point>598.000000,708.000000</point>
				<point>523.000000,709.000000</point>
				<point>523.000000,722.000000</point>
			</points>
		</object>
		<object>
			<coordinate>pixel</coordinate>
			<type>rectangle</type>
			<description>None</description>
			<possibleresult>
				<name>Liquid Cargo Ship</name>
			</possibleresult>
			<points>
				<point>591.000000,696.000000</point>
				<point>519.000000,698.000000</point>
				<point>520.000000,708.000000</point>
				<point>592.000000,706.000000</point>
				<point>591.000000,696.000000</point>
			</points>
		</object>
		<object>
			<coordinate>pixel</coordinate>
			<type>rectangle</type>
			<description>None</description>
			<possibleresult>
				<name>Liquid Cargo Ship</name>
			</possibleresult>
			<points>
				<point>582.000000,685.000000</point>
				<point>530.000000,687.000000</point>
				<point>530.000000,695.000000</point>
				<point>582.000000,693.000000</point>
				<point>582.000000,685.000000</point>
			</points>
		</object>
		<object>
			<coordinate>pixel</coordinate>
			<type>rectangle</type>
			<description>None</description>
			<possibleresult>
				<name>Liquid Cargo Ship</name>
			</possibleresult>
			<points>
				<point>506.000000,713.000000</point>
				<point>426.000000,715.000000</point>
				<point>427.000000,725.000000</point>
				<point>506.000000,723.000000</point>
				<point>506.000000,713.000000</point>
			</points>
		</object>
		<object>
			<coordinate>pixel</coordinate>
			<type>rectangle</type>
			<description>None</description>
			<possibleresult>
				<name>Liquid Cargo Ship</name>
			</possibleresult>
			<points>
				<point>511.000000,699.000000</point>
				<point>428.000000,701.000000</point>
				<point>428.000000,712.000000</point>
				<point>511.000000,710.000000</point>
				<point>511.000000,699.000000</point>
			</points>
		</object>
		<object>
			<coordinate>pixel</coordinate>
			<type>rectangle</type>
			<description>None</description>
			<possibleresult>
				<name>Liquid Cargo Ship</name>
			</possibleresult>
			<points>
				<point>503.000000,686.000000</point>
				<point>438.000000,687.000000</point>
				<point>438.000000,698.000000</point>
				<point>503.000000,696.000000</point>
				<point>503.000000,686.000000</point>
			</points>
		</object>
		<object>
			<coordinate>pixel</coordinate>
			<type>rectangle</type>
			<description>None</description>
			<possibleresult>
				<name>Liquid Cargo Ship</name>
			</possibleresult>
			<points>
				<point>425.000000,710.000000</point>
				<point>351.000000,712.000000</point>
				<point>351.000000,725.000000</point>
				<point>425.000000,723.000000</point>
				<point>425.000000,710.000000</point>
			</points>
		</object>
		<object>
			<coordinate>pixel</coordinate>
			<type>rectangle</type>
			<description>None</description>
			<possibleresult>
				<name>Liquid Cargo Ship</name>
			</possibleresult>
			<points>
				<point>427.000000,698.000000</point>
				<point>346.000000,699.000000</point>
				<point>346.000000,711.000000</point>
				<point>427.000000,709.000000</point>
				<point>427.000000,698.000000</point>
			</points>
		</object>
		<object>
			<coordinate>pixel</coordinate>
			<type>rectangle</type>
			<description>None</description>
			<possibleresult>
				<name>Liquid Cargo Ship</name>
			</possibleresult>
			<points>
				<point>424.000000,687.000000</point>
				<point>369.000000,688.000000</point>
				<point>370.000000,698.000000</point>
				<point>425.000000,697.000000</point>
				<point>424.000000,687.000000</point>
			</points>
		</object>
		<object>
			<coordinate>pixel</coordinate>
			<type>rectangle</type>
			<description>None</description>
			<possibleresult>
				<name>Liquid Cargo Ship</name>
			</possibleresult>
			<points>
				<point>209.000000,731.000000</point>
				<point>100.000000,733.000000</point>
				<point>100.000000,750.000000</point>
				<point>209.000000,748.000000</point>
				<point>209.000000,731.000000</point>
			</points>
		</object>
		<object>
			<coordinate>pixel</coordinate>
			<type>rectangle</type>
			<description>None</description>
			<possibleresult>
				<name>Liquid Cargo Ship</name>
			</possibleresult>
			<points>
				<point>212.000000,713.000000</point>
				<point>98.000000,716.000000</point>
				<point>98.000000,731.000000</point>
				<point>213.000000,728.000000</point>
				<point>212.000000,713.000000</point>
			</points>
		</object>
		<object>
			<coordinate>pixel</coordinate>
			<type>rectangle</type>
			<description>None</description>
			<possibleresult>
				<name>Liquid Cargo Ship</name>
			</possibleresult>
			<points>
				<point>1187.000000,377.000000</point>
				<point>1359.000000,232.000000</point>
				<point>1332.000000,199.000000</point>
				<point>1159.000000,344.000000</point>
				<point>1187.000000,377.000000</point>
			</points>
		</object>
		<object>
			<coordinate>pixel</coordinate>
			<type>rectangle</type>
			<description>None</description>
			<possibleresult>
				<name>Dry Cargo Ship</name>
			</possibleresult>
			<points>
				<point>1066.000000,1196.000000</point>
				<point>880.000000,1250.000000</point>
				<point>892.000000,1292.000000</point>
				<point>1078.000000,1238.000000</point>
				<point>1066.000000,1196.000000</point>
			</points>
		</object>
		<object>
			<coordinate>pixel</coordinate>
			<type>rectangle</type>
			<description>None</description>
			<possibleresult>
				<name>Liquid Cargo Ship</name>
			</possibleresult>
			<points>
				<point>1092.000000,1174.000000</point>
				<point>1009.000000,1196.000000</point>
				<point>1014.000000,1216.000000</point>
				<point>1097.000000,1193.000000</point>
				<point>1092.000000,1174.000000</point>
			</points>
		</object>
	</objects>
</annotation>