<?xml version="1.0" encoding="utf-8"?>
<annotation>
	<source>
		<filename>1292.tif</filename>
		<origin>GF2/GF3</origin>
	</source>
	<research>
		<version>1.0</version>
		<provider>FAIR1M</provider>
		<author>Cyber</author>
		<pluginname>FAIR1M</pluginname>
		<pluginclass>object detection</pluginclass>
		<time>2021-03</time>
	</research>
	<size>
		<width>1000</width>
		<height>1000</height>
		<depth>3</depth>
	</size>
	<objects>
		<object>
			<coordinate>pixel</coordinate>
			<type>rectangle</type>
			<description>None</description>
			<possibleresult>
				<name>Small Car</name>
			</possibleresult>
			<points>
				<point>233.000000,146.000000</point>
				<point>210.000000,146.000000</point>
				<point>210.000000,139.000000</point>
				<point>233.000000,139.000000</point>
				<point>233.000000,146.000000</point>
			</points>
		</object>
		<object>
			<coordinate>pixel</coordinate>
			<type>rectangle</type>
			<description>None</description>
			<possibleresult>
				<name>Van</name>
			</possibleresult>
			<points>
				<point>244.308716,134.026596</point>
				<point>218.308716,135.026596</point>
				<point>218.000000,127.000015</point>
				<point>244.000000,126.000015</point>
				<point>244.308716,134.026596</point>
			</points>
		</object>
		<object>
			<coordinate>pixel</coordinate>
			<type>rectangle</type>
			<description>None</description>
			<possibleresult>
				<name>Van</name>
			</possibleresult>
			<points>
				<point>257.000000,137.000000</point>
				<point>256.598511,145.029938</point>
				<point>236.598511,144.029938</point>
				<point>237.000000,136.000000</point>
				<point>257.000000,137.000000</point>
			</points>
		</object>
		<object>
			<coordinate>pixel</coordinate>
			<type>rectangle</type>
			<description>None</description>
			<possibleresult>
				<name>Van</name>
			</possibleresult>
			<points>
				<point>266.102417,128.521942</point>
				<point>263.102417,142.521942</point>
				<point>256.000000,141.000000</point>
				<point>259.000000,127.000000</point>
				<point>266.102417,128.521942</point>
			</points>
		</object>
		<object>
			<coordinate>pixel</coordinate>
			<type>rectangle</type>
			<description>None</description>
			<possibleresult>
				<name>Van</name>
			</possibleresult>
			<points>
				<point>232.000000,178.000000</point>
				<point>230.965515,195.586212</point>
				<point>221.000000,195.000000</point>
				<point>222.034485,177.413788</point>
				<point>232.000000,178.000000</point>
			</points>
		</object>
		<object>
			<coordinate>pixel</coordinate>
			<type>rectangle</type>
			<description>None</description>
			<possibleresult>
				<name>Small Car</name>
			</possibleresult>
			<points>
				<point>423.000000,67.999992</point>
				<point>421.975037,88.498756</point>
				<point>412.000000,88.000008</point>
				<point>413.024963,67.501244</point>
				<point>423.000000,67.999992</point>
			</points>
		</object>
		<object>
			<coordinate>pixel</coordinate>
			<type>rectangle</type>
			<description>None</description>
			<possibleresult>
				<name>Small Car</name>
			</possibleresult>
			<points>
				<point>423.000000,67.000000</point>
				<point>415.000000,67.000000</point>
				<point>415.000000,49.000000</point>
				<point>423.000000,49.000000</point>
				<point>423.000000,67.000000</point>
			</points>
		</object>
		<object>
			<coordinate>pixel</coordinate>
			<type>rectangle</type>
			<description>None</description>
			<possibleresult>
				<name>Small Car</name>
			</possibleresult>
			<points>
				<point>422.999969,0.000000</point>
				<point>422.000000,14.000002</point>
				<point>412.974609,13.355331</point>
				<point>413.928558,0.000001</point>
				<point>422.999969,0.000000</point>
			</points>
		</object>
		<object>
			<coordinate>pixel</coordinate>
			<type>rectangle</type>
			<description>None</description>
			<possibleresult>
				<name>Small Car</name>
			</possibleresult>
			<points>
				<point>423.027618,12.531034</point>
				<point>422.027618,29.531034</point>
				<point>413.000031,29.000002</point>
				<point>414.000031,12.000002</point>
				<point>423.027618,12.531034</point>
			</points>
		</object>
		<object>
			<coordinate>pixel</coordinate>
			<type>rectangle</type>
			<description>None</description>
			<possibleresult>
				<name>Intersection</name>
			</possibleresult>
			<points>
				<point>430.999969,214.000000</point>
				<point>429.999969,249.000000</point>
				<point>368.022003,247.229187</point>
				<point>369.022003,212.229187</point>
				<point>430.999969,214.000000</point>
			</points>
		</object>
		<object>
			<coordinate>pixel</coordinate>
			<type>rectangle</type>
			<description>None</description>
			<possibleresult>
				<name>Van</name>
			</possibleresult>
			<points>
				<point>546.000000,223.000000</point>
				<point>521.000000,223.000000</point>
				<point>521.000000,215.000000</point>
				<point>546.000000,215.000000</point>
				<point>546.000000,223.000000</point>
			</points>
		</object>
		<object>
			<coordinate>pixel</coordinate>
			<type>rectangle</type>
			<description>None</description>
			<possibleresult>
				<name>Small Car</name>
			</possibleresult>
			<points>
				<point>720.291138,17.987865</point>
				<point>696.291138,18.987865</point>
				<point>696.000000,11.999998</point>
				<point>720.000000,10.999998</point>
				<point>720.291138,17.987865</point>
			</points>
		</object>
		<object>
			<coordinate>pixel</coordinate>
			<type>rectangle</type>
			<description>None</description>
			<possibleresult>
				<name>Small Car</name>
			</possibleresult>
			<points>
				<point>749.000000,17.000000</point>
				<point>724.000000,17.000000</point>
				<point>724.000000,10.000000</point>
				<point>749.000000,10.000000</point>
				<point>749.000000,17.000000</point>
			</points>
		</object>
		<object>
			<coordinate>pixel</coordinate>
			<type>rectangle</type>
			<description>None</description>
			<possibleresult>
				<name>Intersection</name>
			</possibleresult>
			<points>
				<point>828.000000,252.000000</point>
				<point>768.000000,252.000000</point>
				<point>768.000000,210.000000</point>
				<point>828.000000,210.000000</point>
				<point>828.000000,252.000000</point>
			</points>
		</object>
		<object>
			<coordinate>pixel</coordinate>
			<type>rectangle</type>
			<description>None</description>
			<possibleresult>
				<name>Van</name>
			</possibleresult>
			<points>
				<point>161.024628,258.556915</point>
				<point>160.000000,276.999969</point>
				<point>149.975372,276.443024</point>
				<point>151.000000,257.999969</point>
				<point>161.024628,258.556915</point>
			</points>
		</object>
		<object>
			<coordinate>pixel</coordinate>
			<type>rectangle</type>
			<description>None</description>
			<possibleresult>
				<name>Small Car</name>
			</possibleresult>
			<points>
				<point>237.000031,264.000061</point>
				<point>235.955780,279.663757</point>
				<point>226.000031,279.000061</point>
				<point>227.044281,263.336365</point>
				<point>237.000031,264.000061</point>
			</points>
		</object>
		<object>
			<coordinate>pixel</coordinate>
			<type>rectangle</type>
			<description>None</description>
			<possibleresult>
				<name>Van</name>
			</possibleresult>
			<points>
				<point>12.000000,302.000000</point>
				<point>3.969543,302.573608</point>
				<point>2.969543,288.573608</point>
				<point>11.000000,288.000000</point>
				<point>12.000000,302.000000</point>
			</points>
		</object>
		<object>
			<coordinate>pixel</coordinate>
			<type>rectangle</type>
			<description>None</description>
			<possibleresult>
				<name>Van</name>
			</possibleresult>
			<points>
				<point>217.066925,385.490845</point>
				<point>206.000000,387.000000</point>
				<point>203.000000,365.000000</point>
				<point>214.066925,363.490845</point>
				<point>217.066925,385.490845</point>
			</points>
		</object>
		<object>
			<coordinate>pixel</coordinate>
			<type>rectangle</type>
			<description>None</description>
			<possibleresult>
				<name>Small Car</name>
			</possibleresult>
			<points>
				<point>381.000031,338.000061</point>
				<point>379.955780,353.663757</point>
				<point>370.000031,353.000061</point>
				<point>371.044281,337.336365</point>
				<point>381.000031,338.000061</point>
			</points>
		</object>
		<object>
			<coordinate>pixel</coordinate>
			<type>rectangle</type>
			<description>None</description>
			<possibleresult>
				<name>Van</name>
			</possibleresult>
			<points>
				<point>335.000000,460.000000</point>
				<point>315.000000,460.000000</point>
				<point>315.000000,452.000000</point>
				<point>335.000000,452.000000</point>
				<point>335.000000,460.000000</point>
			</points>
		</object>
		<object>
			<coordinate>pixel</coordinate>
			<type>rectangle</type>
			<description>None</description>
			<possibleresult>
				<name>Van</name>
			</possibleresult>
			<points>
				<point>88.000008,548.000061</point>
				<point>65.639351,550.032898</point>
				<point>65.000008,543.000061</point>
				<point>87.360664,540.967224</point>
				<point>88.000008,548.000061</point>
			</points>
		</object>
		<object>
			<coordinate>pixel</coordinate>
			<type>rectangle</type>
			<description>None</description>
			<possibleresult>
				<name>Dump Truck</name>
			</possibleresult>
			<points>
				<point>296.000000,514.000000</point>
				<point>271.000000,514.000000</point>
				<point>271.000000,506.000000</point>
				<point>296.000000,506.000000</point>
				<point>296.000000,514.000000</point>
			</points>
		</object>
		<object>
			<coordinate>pixel</coordinate>
			<type>rectangle</type>
			<description>None</description>
			<possibleresult>
				<name>Van</name>
			</possibleresult>
			<points>
				<point>10.027233,626.435791</point>
				<point>0.999996,627.000000</point>
				<point>0.000000,611.000061</point>
				<point>8.999996,610.000000</point>
				<point>10.027233,626.435791</point>
			</points>
		</object>
		<object>
			<coordinate>pixel</coordinate>
			<type>rectangle</type>
			<description>None</description>
			<possibleresult>
				<name>Van</name>
			</possibleresult>
			<points>
				<point>307.390564,670.983032</point>
				<point>284.000000,672.000000</point>
				<point>283.609436,663.016968</point>
				<point>307.000000,662.000000</point>
				<point>307.390564,670.983032</point>
			</points>
		</object>
		<object>
			<coordinate>pixel</coordinate>
			<type>rectangle</type>
			<description>None</description>
			<possibleresult>
				<name>Van</name>
			</possibleresult>
			<points>
				<point>58.000000,757.000000</point>
				<point>34.000000,757.000000</point>
				<point>34.000000,748.000000</point>
				<point>58.000000,748.000000</point>
				<point>58.000000,757.000000</point>
			</points>
		</object>
		<object>
			<coordinate>pixel</coordinate>
			<type>rectangle</type>
			<description>None</description>
			<possibleresult>
				<name>Van</name>
			</possibleresult>
			<points>
				<point>57.000000,765.000000</point>
				<point>38.000000,765.000000</point>
				<point>38.000000,758.000000</point>
				<point>57.000000,758.000000</point>
				<point>57.000000,765.000000</point>
			</points>
		</object>
		<object>
			<coordinate>pixel</coordinate>
			<type>rectangle</type>
			<description>None</description>
			<possibleresult>
				<name>Dump Truck</name>
			</possibleresult>
			<points>
				<point>40.349060,810.028320</point>
				<point>17.349056,811.028320</point>
				<point>17.000000,803.000000</point>
				<point>40.000004,802.000000</point>
				<point>40.349060,810.028320</point>
			</points>
		</object>
		<object>
			<coordinate>pixel</coordinate>
			<type>rectangle</type>
			<description>None</description>
			<possibleresult>
				<name>Intersection</name>
			</possibleresult>
			<points>
				<point>429.999969,785.999878</point>
				<point>425.999969,832.999878</point>
				<point>359.967621,827.380127</point>
				<point>363.967621,780.380127</point>
				<point>429.999969,785.999878</point>
			</points>
		</object>
		<object>
			<coordinate>pixel</coordinate>
			<type>rectangle</type>
			<description>None</description>
			<possibleresult>
				<name>Van</name>
			</possibleresult>
			<points>
				<point>418.000000,701.000000</point>
				<point>411.000000,701.000000</point>
				<point>411.000000,687.000000</point>
				<point>418.000000,687.000000</point>
				<point>418.000000,701.000000</point>
			</points>
		</object>
		<object>
			<coordinate>pixel</coordinate>
			<type>rectangle</type>
			<description>None</description>
			<possibleresult>
				<name>Van</name>
			</possibleresult>
			<points>
				<point>455.419891,323.022064</point>
				<point>455.000031,330.999969</point>
				<point>435.580109,329.977875</point>
				<point>435.999969,321.999969</point>
				<point>455.419891,323.022064</point>
			</points>
		</object>
		<object>
			<coordinate>pixel</coordinate>
			<type>rectangle</type>
			<description>None</description>
			<possibleresult>
				<name>Van</name>
			</possibleresult>
			<points>
				<point>579.095337,280.635681</point>
				<point>570.000000,282.000000</point>
				<point>567.000000,262.000000</point>
				<point>576.095337,260.635681</point>
				<point>579.095337,280.635681</point>
			</points>
		</object>
		<object>
			<coordinate>pixel</coordinate>
			<type>rectangle</type>
			<description>None</description>
			<possibleresult>
				<name>Van</name>
			</possibleresult>
			<points>
				<point>619.000000,258.000000</point>
				<point>617.977417,281.520752</point>
				<point>606.000000,281.000000</point>
				<point>607.022583,257.479248</point>
				<point>619.000000,258.000000</point>
			</points>
		</object>
		<object>
			<coordinate>pixel</coordinate>
			<type>rectangle</type>
			<description>None</description>
			<possibleresult>
				<name>Small Car</name>
			</possibleresult>
			<points>
				<point>473.349060,553.028320</point>
				<point>450.349060,554.028320</point>
				<point>450.000000,546.000000</point>
				<point>473.000000,545.000000</point>
				<point>473.349060,553.028320</point>
			</points>
		</object>
		<object>
			<coordinate>pixel</coordinate>
			<type>rectangle</type>
			<description>None</description>
			<possibleresult>
				<name>Small Car</name>
			</possibleresult>
			<points>
				<point>497.999969,816.000000</point>
				<point>497.665497,824.027710</point>
				<point>472.999969,823.000000</point>
				<point>473.334442,814.972290</point>
				<point>497.999969,816.000000</point>
			</points>
		</object>
		<object>
			<coordinate>pixel</coordinate>
			<type>rectangle</type>
			<description>None</description>
			<possibleresult>
				<name>Van</name>
			</possibleresult>
			<points>
				<point>662.000000,562.000000</point>
				<point>635.000000,565.000000</point>
				<point>634.000000,556.000000</point>
				<point>661.000000,553.000000</point>
				<point>662.000000,562.000000</point>
			</points>
		</object>
		<object>
			<coordinate>pixel</coordinate>
			<type>rectangle</type>
			<description>None</description>
			<possibleresult>
				<name>Van</name>
			</possibleresult>
			<points>
				<point>788.000000,480.000000</point>
				<point>778.000000,480.000000</point>
				<point>778.000000,462.000000</point>
				<point>788.000000,462.000000</point>
				<point>788.000000,480.000000</point>
			</points>
		</object>
		<object>
			<coordinate>pixel</coordinate>
			<type>rectangle</type>
			<description>None</description>
			<possibleresult>
				<name>Small Car</name>
			</possibleresult>
			<points>
				<point>865.000000,330.000000</point>
				<point>842.410278,331.026794</point>
				<point>842.000000,322.000000</point>
				<point>864.589722,320.973206</point>
				<point>865.000000,330.000000</point>
			</points>
		</object>
		<object>
			<coordinate>pixel</coordinate>
			<type>rectangle</type>
			<description>None</description>
			<possibleresult>
				<name>Van</name>
			</possibleresult>
			<points>
				<point>415.000000,977.000000</point>
				<point>406.000000,977.000000</point>
				<point>406.000000,960.000000</point>
				<point>415.000000,960.000000</point>
				<point>415.000000,977.000000</point>
			</points>
		</object>
		<object>
			<coordinate>pixel</coordinate>
			<type>rectangle</type>
			<description>None</description>
			<possibleresult>
				<name>Dump Truck</name>
			</possibleresult>
			<points>
				<point>374.000000,1001.000000</point>
				<point>364.000000,1000.000000</point>
				<point>365.000000,990.000000</point>
				<point>375.000000,991.000000</point>
				<point>374.000000,1001.000000</point>
			</points>
		</object>
		<object>
			<coordinate>pixel</coordinate>
			<type>rectangle</type>
			<description>None</description>
			<possibleresult>
				<name>Van</name>
			</possibleresult>
			<points>
				<point>15.000002,25.000002</point>
				<point>3.000000,26.000002</point>
				<point>1.248276,4.979311</point>
				<point>13.248278,3.979311</point>
				<point>15.000002,25.000002</point>
			</points>
		</object>
		<object>
			<coordinate>pixel</coordinate>
			<type>rectangle</type>
			<description>None</description>
			<possibleresult>
				<name>Van</name>
			</possibleresult>
			<points>
				<point>9.000000,748.000000</point>
				<point>0.000000,748.000000</point>
				<point>0.000000,732.000000</point>
				<point>9.000000,732.000000</point>
				<point>9.000000,748.000000</point>
			</points>
		</object>
		<object>
			<coordinate>pixel</coordinate>
			<type>rectangle</type>
			<description>None</description>
			<possibleresult>
				<name>Small Car</name>
			</possibleresult>
			<points>
				<point>10.000000,697.000000</point>
				<point>0.000000,697.000000</point>
				<point>0.000000,679.000000</point>
				<point>10.000000,679.000000</point>
				<point>10.000000,697.000000</point>
			</points>
		</object>
		<object>
			<coordinate>pixel</coordinate>
			<type>rectangle</type>
			<description>None</description>
			<possibleresult>
				<name>Van</name>
			</possibleresult>
			<points>
				<point>417.000000,739.000000</point>
				<point>408.000000,739.000000</point>
				<point>408.000000,725.000000</point>
				<point>417.000000,725.000000</point>
				<point>417.000000,739.000000</point>
			</points>
		</object>
		<object>
			<coordinate>pixel</coordinate>
			<type>rectangle</type>
			<description>None</description>
			<possibleresult>
				<name>Van</name>
			</possibleresult>
			<points>
				<point>889.000000,373.000000</point>
				<point>867.000000,373.000000</point>
				<point>867.000000,367.000000</point>
				<point>889.000000,367.000000</point>
				<point>889.000000,373.000000</point>
			</points>
		</object>
		<object>
			<coordinate>pixel</coordinate>
			<type>rectangle</type>
			<description>None</description>
			<possibleresult>
				<name>Small Car</name>
			</possibleresult>
			<points>
				<point>940.000000,477.000000</point>
				<point>918.000000,477.000000</point>
				<point>918.000000,469.000000</point>
				<point>940.000000,469.000000</point>
				<point>940.000000,477.000000</point>
			</points>
		</object>
		<object>
			<coordinate>pixel</coordinate>
			<type>rectangle</type>
			<description>None</description>
			<possibleresult>
				<name>Van</name>
			</possibleresult>
			<points>
				<point>863.000000,636.000000</point>
				<point>835.000000,636.000000</point>
				<point>835.000000,626.000000</point>
				<point>863.000000,626.000000</point>
				<point>863.000000,636.000000</point>
			</points>
		</object>
	</objects>
</annotation>