<?xml version="1.0" encoding="utf-8"?>
<annotation>
	<source>
		<filename>1296.tif</filename>
		<origin>GF2/GF3</origin>
	</source>
	<research>
		<version>1.0</version>
		<provider>FAIR1M</provider>
		<author>Cyber</author>
		<pluginname>FAIR1M</pluginname>
		<pluginclass>object detection</pluginclass>
		<time>2021-03</time>
	</research>
	<size>
		<width>1000</width>
		<height>1000</height>
		<depth>3</depth>
	</size>
	<objects>
		<object>
			<coordinate>pixel</coordinate>
			<type>rectangle</type>
			<description>None</description>
			<possibleresult>
				<name>A330</name>
			</possibleresult>
			<points>
				<point>954.000000,840.000000</point>
				<point>1048.000000,778.000000</point>
				<point>990.000000,691.000000</point>
				<point>897.000000,753.000000</point>
				<point>954.000000,840.000000</point>
			</points>
		</object>
		<object>
			<coordinate>pixel</coordinate>
			<type>rectangle</type>
			<description>None</description>
			<possibleresult>
				<name>A321</name>
			</possibleresult>
			<points>
				<point>807.000000,417.000000</point>
				<point>872.000000,463.000000</point>
				<point>909.000000,411.000000</point>
				<point>845.000000,365.000000</point>
				<point>807.000000,417.000000</point>
			</points>
		</object>
		<object>
			<coordinate>pixel</coordinate>
			<type>rectangle</type>
			<description>None</description>
			<possibleresult>
				<name>A220</name>
			</possibleresult>
			<points>
				<point>717.000000,136.000000</point>
				<point>720.000000,65.000000</point>
				<point>653.000000,62.000000</point>
				<point>650.000000,133.000000</point>
				<point>717.000000,136.000000</point>
			</points>
		</object>
		<object>
			<coordinate>pixel</coordinate>
			<type>rectangle</type>
			<description>None</description>
			<possibleresult>
				<name>A220</name>
			</possibleresult>
			<points>
				<point>821.000000,92.000000</point>
				<point>786.000000,26.000000</point>
				<point>729.000000,56.000000</point>
				<point>763.000000,122.000000</point>
				<point>821.000000,92.000000</point>
			</points>
		</object>
		<object>
			<coordinate>pixel</coordinate>
			<type>rectangle</type>
			<description>None</description>
			<possibleresult>
				<name>other-airplane</name>
			</possibleresult>
			<points>
				<point>222.000000,31.000000</point>
				<point>160.000000,60.000000</point>
				<point>190.000000,122.000000</point>
				<point>251.000000,93.000000</point>
				<point>222.000000,31.000000</point>
			</points>
		</object>
		<object>
			<coordinate>pixel</coordinate>
			<type>rectangle</type>
			<description>None</description>
			<possibleresult>
				<name>Boeing737</name>
			</possibleresult>
			<points>
				<point>284.000000,353.000000</point>
				<point>255.000000,296.000000</point>
				<point>198.000000,325.000000</point>
				<point>226.000000,382.000000</point>
				<point>284.000000,353.000000</point>
			</points>
		</object>
		<object>
			<coordinate>pixel</coordinate>
			<type>rectangle</type>
			<description>None</description>
			<possibleresult>
				<name>A220</name>
			</possibleresult>
			<points>
				<point>210.000000,387.000000</point>
				<point>179.000000,323.000000</point>
				<point>119.000000,351.000000</point>
				<point>150.000000,416.000000</point>
				<point>210.000000,387.000000</point>
			</points>
		</object>
		<object>
			<coordinate>pixel</coordinate>
			<type>rectangle</type>
			<description>None</description>
			<possibleresult>
				<name>Boeing737</name>
			</possibleresult>
			<points>
				<point>144.000000,711.000000</point>
				<point>167.000000,763.000000</point>
				<point>226.000000,736.000000</point>
				<point>203.000000,685.000000</point>
				<point>144.000000,711.000000</point>
			</points>
		</object>
		<object>
			<coordinate>pixel</coordinate>
			<type>rectangle</type>
			<description>None</description>
			<possibleresult>
				<name>A220</name>
			</possibleresult>
			<points>
				<point>292.000000,644.000000</point>
				<point>321.000000,703.000000</point>
				<point>377.000000,676.000000</point>
				<point>348.000000,617.000000</point>
				<point>292.000000,644.000000</point>
			</points>
		</object>
		<object>
			<coordinate>pixel</coordinate>
			<type>rectangle</type>
			<description>None</description>
			<possibleresult>
				<name>A220</name>
			</possibleresult>
			<points>
				<point>391.000000,597.000000</point>
				<point>386.000000,660.000000</point>
				<point>449.000000,666.000000</point>
				<point>455.000000,603.000000</point>
				<point>391.000000,597.000000</point>
			</points>
		</object>
		<object>
			<coordinate>pixel</coordinate>
			<type>rectangle</type>
			<description>None</description>
			<possibleresult>
				<name>A321</name>
			</possibleresult>
			<points>
				<point>622.000000,747.000000</point>
				<point>549.000000,776.000000</point>
				<point>572.000000,834.000000</point>
				<point>645.000000,806.000000</point>
				<point>622.000000,747.000000</point>
			</points>
		</object>
		<object>
			<coordinate>pixel</coordinate>
			<type>rectangle</type>
			<description>None</description>
			<possibleresult>
				<name>A330</name>
			</possibleresult>
			<points>
				<point>700.000000,860.000000</point>
				<point>595.000000,893.000000</point>
				<point>626.000000,991.000000</point>
				<point>731.000000,958.000000</point>
				<point>700.000000,860.000000</point>
			</points>
		</object>
	</objects>
</annotation>