<?xml version="1.0" encoding="utf-8"?>
<annotation>
	<source>
		<filename>1298.tif</filename>
		<origin>GF2/GF3</origin>
	</source>
	<research>
		<version>1.0</version>
		<provider>FAIR1M</provider>
		<author>Cyber</author>
		<pluginname>FAIR1M</pluginname>
		<pluginclass>object detection</pluginclass>
		<time>2021-03</time>
	</research>
	<size>
		<width>1500</width>
		<height>1500</height>
		<depth>3</depth>
	</size>
	<objects>
		<object>
			<coordinate>pixel</coordinate>
			<type>rectangle</type>
			<description>None</description>
			<possibleresult>
				<name>other-ship</name>
			</possibleresult>
			<points>
				<point>59.000000,112.000000</point>
				<point>77.000000,70.000000</point>
				<point>67.000000,66.000000</point>
				<point>49.000000,108.000000</point>
				<point>59.000000,112.000000</point>
			</points>
		</object>
		<object>
			<coordinate>pixel</coordinate>
			<type>rectangle</type>
			<description>None</description>
			<possibleresult>
				<name>Engineering Ship</name>
			</possibleresult>
			<points>
				<point>68.000000,63.000000</point>
				<point>-5.000000,32.000000</point>
				<point>-26.000000,83.000000</point>
				<point>47.000000,114.000000</point>
				<point>68.000000,63.000000</point>
			</points>
		</object>
		<object>
			<coordinate>pixel</coordinate>
			<type>rectangle</type>
			<description>None</description>
			<possibleresult>
				<name>other-ship</name>
			</possibleresult>
			<points>
				<point>87.000000,94.000000</point>
				<point>103.000000,66.000000</point>
				<point>93.000000,60.000000</point>
				<point>77.000000,88.000000</point>
				<point>87.000000,94.000000</point>
			</points>
		</object>
		<object>
			<coordinate>pixel</coordinate>
			<type>rectangle</type>
			<description>None</description>
			<possibleresult>
				<name>Engineering Ship</name>
			</possibleresult>
			<points>
				<point>105.000000,137.000000</point>
				<point>146.000000,64.000000</point>
				<point>123.000000,51.000000</point>
				<point>82.000000,124.000000</point>
				<point>105.000000,137.000000</point>
			</points>
		</object>
		<object>
			<coordinate>pixel</coordinate>
			<type>rectangle</type>
			<description>None</description>
			<possibleresult>
				<name>other-ship</name>
			</possibleresult>
			<points>
				<point>97.000000,97.000000</point>
				<point>112.000000,70.000000</point>
				<point>104.000000,65.000000</point>
				<point>88.000000,93.000000</point>
				<point>97.000000,97.000000</point>
			</points>
		</object>
		<object>
			<coordinate>pixel</coordinate>
			<type>rectangle</type>
			<description>None</description>
			<possibleresult>
				<name>Engineering Ship</name>
			</possibleresult>
			<points>
				<point>145.000000,158.000000</point>
				<point>177.000000,92.000000</point>
				<point>140.000000,74.000000</point>
				<point>108.000000,141.000000</point>
				<point>145.000000,158.000000</point>
			</points>
		</object>
		<object>
			<coordinate>pixel</coordinate>
			<type>rectangle</type>
			<description>None</description>
			<possibleresult>
				<name>Engineering Ship</name>
			</possibleresult>
			<points>
				<point>177.000000,174.000000</point>
				<point>205.000000,119.000000</point>
				<point>178.000000,105.000000</point>
				<point>150.000000,160.000000</point>
				<point>177.000000,174.000000</point>
			</points>
		</object>
		<object>
			<coordinate>pixel</coordinate>
			<type>rectangle</type>
			<description>None</description>
			<possibleresult>
				<name>Engineering Ship</name>
			</possibleresult>
			<points>
				<point>208.000000,189.000000</point>
				<point>251.000000,114.000000</point>
				<point>219.000000,96.000000</point>
				<point>176.000000,171.000000</point>
				<point>208.000000,189.000000</point>
			</points>
		</object>
		<object>
			<coordinate>pixel</coordinate>
			<type>rectangle</type>
			<description>None</description>
			<possibleresult>
				<name>Liquid Cargo Ship</name>
			</possibleresult>
			<points>
				<point>759.000000,420.000000</point>
				<point>947.000000,493.000000</point>
				<point>961.000000,457.000000</point>
				<point>772.000000,384.000000</point>
				<point>759.000000,420.000000</point>
			</points>
		</object>
		<object>
			<coordinate>pixel</coordinate>
			<type>rectangle</type>
			<description>None</description>
			<possibleresult>
				<name>Dry Cargo Ship</name>
			</possibleresult>
			<points>
				<point>936.000000,37.000000</point>
				<point>1037.000000,98.000000</point>
				<point>1048.000000,79.000000</point>
				<point>947.000000,18.000000</point>
				<point>936.000000,37.000000</point>
			</points>
		</object>
		<object>
			<coordinate>pixel</coordinate>
			<type>rectangle</type>
			<description>None</description>
			<possibleresult>
				<name>Motorboat</name>
			</possibleresult>
			<points>
				<point>1387.000000,29.000000</point>
				<point>1364.000000,20.000000</point>
				<point>1360.000000,30.000000</point>
				<point>1383.000000,39.000000</point>
				<point>1387.000000,29.000000</point>
			</points>
		</object>
	</objects>
</annotation>