<?xml version="1.0" encoding="utf-8"?>
<annotation>
	<source>
		<filename>1302.tif</filename>
		<origin>GF2/GF3</origin>
	</source>
	<research>
		<version>1.0</version>
		<provider>FAIR1M</provider>
		<author>Cyber</author>
		<pluginname>FAIR1M</pluginname>
		<pluginclass>object detection</pluginclass>
		<time>2021-03</time>
	</research>
	<size>
		<width>1000</width>
		<height>1000</height>
		<depth>3</depth>
	</size>
	<objects>
		<object>
			<coordinate>pixel</coordinate>
			<type>rectangle</type>
			<description>None</description>
			<possibleresult>
				<name>other-airplane</name>
			</possibleresult>
			<points>
				<point>996.000000,167.000000</point>
				<point>963.000000,176.000000</point>
				<point>973.000000,213.000000</point>
				<point>1006.000000,204.000000</point>
				<point>996.000000,167.000000</point>
			</points>
		</object>
		<object>
			<coordinate>pixel</coordinate>
			<type>rectangle</type>
			<description>None</description>
			<possibleresult>
				<name>other-airplane</name>
			</possibleresult>
			<points>
				<point>833.000000,637.000000</point>
				<point>860.000000,606.000000</point>
				<point>838.000000,587.000000</point>
				<point>811.000000,618.000000</point>
				<point>833.000000,637.000000</point>
			</points>
		</object>
	</objects>
</annotation>