<?xml version="1.0" encoding="utf-8"?>
<annotation>
	<source>
		<filename>1303.tif</filename>
		<origin>GF2/GF3</origin>
	</source>
	<research>
		<version>1.0</version>
		<provider>FAIR1M</provider>
		<author>Cyber</author>
		<pluginname>FAIR1M</pluginname>
		<pluginclass>object detection</pluginclass>
		<time>2021-03</time>
	</research>
	<size>
		<width>1000</width>
		<height>1000</height>
		<depth>3</depth>
	</size>
	<objects>
		<object>
			<coordinate>pixel</coordinate>
			<type>rectangle</type>
			<description>None</description>
			<possibleresult>
				<name>A321</name>
			</possibleresult>
			<points>
				<point>715.000000,503.000000</point>
				<point>672.000000,466.000000</point>
				<point>641.000000,504.000000</point>
				<point>684.000000,540.000000</point>
				<point>715.000000,503.000000</point>
			</points>
		</object>
		<object>
			<coordinate>pixel</coordinate>
			<type>rectangle</type>
			<description>None</description>
			<possibleresult>
				<name>other-airplane</name>
			</possibleresult>
			<points>
				<point>682.000000,531.000000</point>
				<point>623.000000,522.000000</point>
				<point>614.000000,579.000000</point>
				<point>673.000000,588.000000</point>
				<point>682.000000,531.000000</point>
			</points>
		</object>
		<object>
			<coordinate>pixel</coordinate>
			<type>rectangle</type>
			<description>None</description>
			<possibleresult>
				<name>other-airplane</name>
			</possibleresult>
			<points>
				<point>695.000000,583.000000</point>
				<point>646.000000,590.000000</point>
				<point>654.000000,647.000000</point>
				<point>703.000000,640.000000</point>
				<point>695.000000,583.000000</point>
			</points>
		</object>
		<object>
			<coordinate>pixel</coordinate>
			<type>rectangle</type>
			<description>None</description>
			<possibleresult>
				<name>other-airplane</name>
			</possibleresult>
			<points>
				<point>825.000000,654.000000</point>
				<point>791.000000,696.000000</point>
				<point>831.000000,729.000000</point>
				<point>866.000000,687.000000</point>
				<point>825.000000,654.000000</point>
			</points>
		</object>
	</objects>
</annotation>