<?xml version="1.0" encoding="utf-8"?>
<annotation>
	<source>
		<filename>1304.tif</filename>
		<origin>GF2/GF3</origin>
	</source>
	<research>
		<version>1.0</version>
		<provider>FAIR1M</provider>
		<author>Cyber</author>
		<pluginname>FAIR1M</pluginname>
		<pluginclass>object detection</pluginclass>
		<time>2021-03</time>
	</research>
	<size>
		<width>1000</width>
		<height>1000</height>
		<depth>3</depth>
	</size>
	<objects>
		<object>
			<coordinate>pixel</coordinate>
			<type>rectangle</type>
			<description>None</description>
			<possibleresult>
				<name>A321</name>
			</possibleresult>
			<points>
				<point>420.000000,927.000000</point>
				<point>464.000000,995.000000</point>
				<point>523.000000,957.000000</point>
				<point>478.000000,889.000000</point>
				<point>420.000000,927.000000</point>
			</points>
		</object>
		<object>
			<coordinate>pixel</coordinate>
			<type>rectangle</type>
			<description>None</description>
			<possibleresult>
				<name>A321</name>
			</possibleresult>
			<points>
				<point>512.000000,873.000000</point>
				<point>559.000000,946.000000</point>
				<point>616.000000,910.000000</point>
				<point>568.000000,837.000000</point>
				<point>512.000000,873.000000</point>
			</points>
		</object>
		<object>
			<coordinate>pixel</coordinate>
			<type>rectangle</type>
			<description>None</description>
			<possibleresult>
				<name>other-airplane</name>
			</possibleresult>
			<points>
				<point>619.000000,803.000000</point>
				<point>658.000000,863.000000</point>
				<point>717.000000,824.000000</point>
				<point>678.000000,764.000000</point>
				<point>619.000000,803.000000</point>
			</points>
		</object>
		<object>
			<coordinate>pixel</coordinate>
			<type>rectangle</type>
			<description>None</description>
			<possibleresult>
				<name>other-airplane</name>
			</possibleresult>
			<points>
				<point>746.000000,741.000000</point>
				<point>780.000000,794.000000</point>
				<point>837.000000,757.000000</point>
				<point>803.000000,704.000000</point>
				<point>746.000000,741.000000</point>
			</points>
		</object>
		<object>
			<coordinate>pixel</coordinate>
			<type>rectangle</type>
			<description>None</description>
			<possibleresult>
				<name>other-airplane</name>
			</possibleresult>
			<points>
				<point>868.000000,669.000000</point>
				<point>903.000000,723.000000</point>
				<point>959.000000,686.000000</point>
				<point>924.000000,633.000000</point>
				<point>868.000000,669.000000</point>
			</points>
		</object>
		<object>
			<coordinate>pixel</coordinate>
			<type>rectangle</type>
			<description>None</description>
			<possibleresult>
				<name>A220</name>
			</possibleresult>
			<points>
				<point>555.000000,594.000000</point>
				<point>515.000000,531.000000</point>
				<point>454.000000,570.000000</point>
				<point>494.000000,633.000000</point>
				<point>555.000000,594.000000</point>
			</points>
		</object>
		<object>
			<coordinate>pixel</coordinate>
			<type>rectangle</type>
			<description>None</description>
			<possibleresult>
				<name>A220</name>
			</possibleresult>
			<points>
				<point>338.000000,710.000000</point>
				<point>299.000000,649.000000</point>
				<point>240.000000,686.000000</point>
				<point>279.000000,748.000000</point>
				<point>338.000000,710.000000</point>
			</points>
		</object>
		<object>
			<coordinate>pixel</coordinate>
			<type>rectangle</type>
			<description>None</description>
			<possibleresult>
				<name>Boeing737</name>
			</possibleresult>
			<points>
				<point>137.000000,719.000000</point>
				<point>91.000000,647.000000</point>
				<point>29.000000,687.000000</point>
				<point>75.000000,759.000000</point>
				<point>137.000000,719.000000</point>
			</points>
		</object>
		<object>
			<coordinate>pixel</coordinate>
			<type>rectangle</type>
			<description>None</description>
			<possibleresult>
				<name>A321</name>
			</possibleresult>
			<points>
				<point>253.000000,754.000000</point>
				<point>211.000000,687.000000</point>
				<point>157.000000,722.000000</point>
				<point>199.000000,789.000000</point>
				<point>253.000000,754.000000</point>
			</points>
		</object>
	</objects>
</annotation>