<?xml version="1.0" encoding="utf-8"?>
<annotation>
	<source>
		<filename>1306.tif</filename>
		<origin>GF2/GF3</origin>
	</source>
	<research>
		<version>1.0</version>
		<provider>FAIR1M</provider>
		<author>Cyber</author>
		<pluginname>FAIR1M</pluginname>
		<pluginclass>object detection</pluginclass>
		<time>2021-03</time>
	</research>
	<size>
		<width>1000</width>
		<height>1000</height>
		<depth>3</depth>
	</size>
	<objects>
		<object>
			<coordinate>pixel</coordinate>
			<type>rectangle</type>
			<description>None</description>
			<possibleresult>
				<name>Intersection</name>
			</possibleresult>
			<points>
				<point>905.246155,312.935272</point>
				<point>886.246155,317.935272</point>
				<point>881.000061,298.000031</point>
				<point>900.000061,293.000031</point>
				<point>905.246155,312.935272</point>
			</points>
		</object>
		<object>
			<coordinate>pixel</coordinate>
			<type>rectangle</type>
			<description>None</description>
			<possibleresult>
				<name>Intersection</name>
			</possibleresult>
			<points>
				<point>849.000122,15.999999</point>
				<point>829.027466,20.132267</point>
				<point>824.862183,0.000000</point>
				<point>845.689819,0.000000</point>
				<point>849.000122,15.999999</point>
			</points>
		</object>
		<object>
			<coordinate>pixel</coordinate>
			<type>rectangle</type>
			<description>None</description>
			<possibleresult>
				<name>Small Car</name>
			</possibleresult>
			<points>
				<point>47.000000,915.000000</point>
				<point>34.000000,915.000000</point>
				<point>34.000000,911.000000</point>
				<point>47.000000,911.000000</point>
				<point>47.000000,915.000000</point>
			</points>
		</object>
		<object>
			<coordinate>pixel</coordinate>
			<type>rectangle</type>
			<description>None</description>
			<possibleresult>
				<name>Small Car</name>
			</possibleresult>
			<points>
				<point>43.000000,903.000000</point>
				<point>32.000000,903.000000</point>
				<point>32.000000,899.000000</point>
				<point>43.000000,899.000000</point>
				<point>43.000000,903.000000</point>
			</points>
		</object>
		<object>
			<coordinate>pixel</coordinate>
			<type>rectangle</type>
			<description>None</description>
			<possibleresult>
				<name>Small Car</name>
			</possibleresult>
			<points>
				<point>41.000000,891.000000</point>
				<point>29.000000,891.000000</point>
				<point>29.000000,887.000000</point>
				<point>41.000000,887.000000</point>
				<point>41.000000,891.000000</point>
			</points>
		</object>
		<object>
			<coordinate>pixel</coordinate>
			<type>rectangle</type>
			<description>None</description>
			<possibleresult>
				<name>Truck Tractor</name>
			</possibleresult>
			<points>
				<point>42.000000,887.000000</point>
				<point>28.000000,887.000000</point>
				<point>28.000000,881.000000</point>
				<point>42.000000,881.000000</point>
				<point>42.000000,887.000000</point>
			</points>
		</object>
		<object>
			<coordinate>pixel</coordinate>
			<type>rectangle</type>
			<description>None</description>
			<possibleresult>
				<name>Truck Tractor</name>
			</possibleresult>
			<points>
				<point>46.000000,899.000000</point>
				<point>31.000000,899.000000</point>
				<point>31.000000,894.000000</point>
				<point>46.000000,894.000000</point>
				<point>46.000000,899.000000</point>
			</points>
		</object>
		<object>
			<coordinate>pixel</coordinate>
			<type>rectangle</type>
			<description>None</description>
			<possibleresult>
				<name>Truck Tractor</name>
			</possibleresult>
			<points>
				<point>48.000000,911.000000</point>
				<point>33.000000,911.000000</point>
				<point>33.000000,904.000000</point>
				<point>48.000000,904.000000</point>
				<point>48.000000,911.000000</point>
			</points>
		</object>
		<object>
			<coordinate>pixel</coordinate>
			<type>rectangle</type>
			<description>None</description>
			<possibleresult>
				<name>Small Car</name>
			</possibleresult>
			<points>
				<point>412.000031,3.000001</point>
				<point>392.526337,3.000001</point>
				<point>392.526337,0.000000</point>
				<point>412.000031,0.000000</point>
				<point>412.000031,3.000001</point>
			</points>
		</object>
		<object>
			<coordinate>pixel</coordinate>
			<type>rectangle</type>
			<description>None</description>
			<possibleresult>
				<name>Small Car</name>
			</possibleresult>
			<points>
				<point>976.000061,28.000010</point>
				<point>968.000061,29.000010</point>
				<point>966.261658,15.092318</point>
				<point>974.261658,14.092318</point>
				<point>976.000061,28.000010</point>
			</points>
		</object>
		<object>
			<coordinate>pixel</coordinate>
			<type>rectangle</type>
			<description>None</description>
			<possibleresult>
				<name>Small Car</name>
			</possibleresult>
			<points>
				<point>890.402771,135.039856</point>
				<point>875.402771,136.039856</point>
				<point>875.000061,130.000031</point>
				<point>890.000061,129.000031</point>
				<point>890.402771,135.039856</point>
			</points>
		</object>
		<object>
			<coordinate>pixel</coordinate>
			<type>rectangle</type>
			<description>None</description>
			<possibleresult>
				<name>Small Car</name>
			</possibleresult>
			<points>
				<point>896.000122,162.000031</point>
				<point>881.000122,163.000031</point>
				<point>880.597412,156.960205</point>
				<point>895.597412,155.960205</point>
				<point>896.000122,162.000031</point>
			</points>
		</object>
		<object>
			<coordinate>pixel</coordinate>
			<type>rectangle</type>
			<description>None</description>
			<possibleresult>
				<name>Small Car</name>
			</possibleresult>
			<points>
				<point>982.119995,149.160004</point>
				<point>968.359985,159.480011</point>
				<point>965.000000,155.000000</point>
				<point>978.760010,144.679993</point>
				<point>982.119995,149.160004</point>
			</points>
		</object>
		<object>
			<coordinate>pixel</coordinate>
			<type>rectangle</type>
			<description>None</description>
			<possibleresult>
				<name>other-vehicle</name>
			</possibleresult>
			<points>
				<point>998.000061,129.000031</point>
				<point>992.925720,125.096703</point>
				<point>1000.000061,115.900040</point>
				<point>1005.074402,119.803368</point>
				<point>998.000061,129.000031</point>
			</points>
		</object>
		<object>
			<coordinate>pixel</coordinate>
			<type>rectangle</type>
			<description>None</description>
			<possibleresult>
				<name>Small Car</name>
			</possibleresult>
			<points>
				<point>973.074341,96.903374</point>
				<point>963.000000,110.000023</point>
				<point>957.925659,106.096672</point>
				<point>968.000000,93.000023</point>
				<point>973.074341,96.903374</point>
			</points>
		</object>
		<object>
			<coordinate>pixel</coordinate>
			<type>rectangle</type>
			<description>None</description>
			<possibleresult>
				<name>Small Car</name>
			</possibleresult>
			<points>
				<point>967.999878,91.000015</point>
				<point>956.196655,105.163956</point>
				<point>950.196655,100.163956</point>
				<point>961.999878,86.000015</point>
				<point>967.999878,91.000015</point>
			</points>
		</object>
		<object>
			<coordinate>pixel</coordinate>
			<type>rectangle</type>
			<description>None</description>
			<possibleresult>
				<name>Small Car</name>
			</possibleresult>
			<points>
				<point>491.000000,238.999969</point>
				<point>485.058533,240.273132</point>
				<point>482.000000,225.999969</point>
				<point>487.941467,224.726807</point>
				<point>491.000000,238.999969</point>
			</points>
		</object>
		<object>
			<coordinate>pixel</coordinate>
			<type>rectangle</type>
			<description>None</description>
			<possibleresult>
				<name>Small Car</name>
			</possibleresult>
			<points>
				<point>502.033234,237.124481</point>
				<point>495.000031,239.000000</point>
				<point>490.966827,223.875519</point>
				<point>498.000031,222.000000</point>
				<point>502.033234,237.124481</point>
			</points>
		</object>
		<object>
			<coordinate>pixel</coordinate>
			<type>rectangle</type>
			<description>None</description>
			<possibleresult>
				<name>Small Car</name>
			</possibleresult>
			<points>
				<point>511.235321,233.941177</point>
				<point>503.235321,235.941177</point>
				<point>500.000031,223.000015</point>
				<point>508.000031,221.000015</point>
				<point>511.235321,233.941177</point>
			</points>
		</object>
		<object>
			<coordinate>pixel</coordinate>
			<type>rectangle</type>
			<description>None</description>
			<possibleresult>
				<name>Small Car</name>
			</possibleresult>
			<points>
				<point>499.099670,202.373444</point>
				<point>493.000061,204.000000</point>
				<point>488.900452,188.626556</point>
				<point>495.000061,187.000000</point>
				<point>499.099670,202.373444</point>
			</points>
		</object>
		<object>
			<coordinate>pixel</coordinate>
			<type>rectangle</type>
			<description>None</description>
			<possibleresult>
				<name>Small Car</name>
			</possibleresult>
			<points>
				<point>508.000000,199.000000</point>
				<point>503.151367,200.491882</point>
				<point>499.000000,187.000000</point>
				<point>503.848633,185.508118</point>
				<point>508.000000,199.000000</point>
			</points>
		</object>
		<object>
			<coordinate>pixel</coordinate>
			<type>rectangle</type>
			<description>None</description>
			<possibleresult>
				<name>Small Car</name>
			</possibleresult>
			<points>
				<point>517.176514,196.705887</point>
				<point>512.000000,198.000015</point>
				<point>509.000031,186.000015</point>
				<point>514.176514,184.705887</point>
				<point>517.176514,196.705887</point>
			</points>
		</object>
		<object>
			<coordinate>pixel</coordinate>
			<type>rectangle</type>
			<description>None</description>
			<possibleresult>
				<name>Small Car</name>
			</possibleresult>
			<points>
				<point>538.000000,194.000031</point>
				<point>532.000000,196.000031</point>
				<point>527.000000,181.000031</point>
				<point>533.000000,179.000031</point>
				<point>538.000000,194.000031</point>
			</points>
		</object>
		<object>
			<coordinate>pixel</coordinate>
			<type>rectangle</type>
			<description>None</description>
			<possibleresult>
				<name>Small Car</name>
			</possibleresult>
			<points>
				<point>624.000000,243.000000</point>
				<point>607.000000,243.000000</point>
				<point>607.000000,236.000000</point>
				<point>624.000000,236.000000</point>
				<point>624.000000,243.000000</point>
			</points>
		</object>
		<object>
			<coordinate>pixel</coordinate>
			<type>rectangle</type>
			<description>None</description>
			<possibleresult>
				<name>Van</name>
			</possibleresult>
			<points>
				<point>740.000000,191.000000</point>
				<point>734.000000,191.000000</point>
				<point>734.000000,178.000000</point>
				<point>740.000000,178.000000</point>
				<point>740.000000,191.000000</point>
			</points>
		</object>
		<object>
			<coordinate>pixel</coordinate>
			<type>rectangle</type>
			<description>None</description>
			<possibleresult>
				<name>Bus</name>
			</possibleresult>
			<points>
				<point>573.018005,314.683716</point>
				<point>561.000061,315.000000</point>
				<point>560.000061,277.000000</point>
				<point>572.018005,276.683716</point>
				<point>573.018005,314.683716</point>
			</points>
		</object>
		<object>
			<coordinate>pixel</coordinate>
			<type>rectangle</type>
			<description>None</description>
			<possibleresult>
				<name>Van</name>
			</possibleresult>
			<points>
				<point>617.000000,345.000000</point>
				<point>610.000000,345.000000</point>
				<point>610.000000,335.000000</point>
				<point>617.000000,335.000000</point>
				<point>617.000000,345.000000</point>
			</points>
		</object>
		<object>
			<coordinate>pixel</coordinate>
			<type>rectangle</type>
			<description>None</description>
			<possibleresult>
				<name>Small Car</name>
			</possibleresult>
			<points>
				<point>636.000000,345.000000</point>
				<point>629.000000,345.000000</point>
				<point>629.000000,336.000000</point>
				<point>636.000000,336.000000</point>
				<point>636.000000,345.000000</point>
			</points>
		</object>
		<object>
			<coordinate>pixel</coordinate>
			<type>rectangle</type>
			<description>None</description>
			<possibleresult>
				<name>Small Car</name>
			</possibleresult>
			<points>
				<point>655.000000,345.000000</point>
				<point>648.000000,345.000000</point>
				<point>648.000000,332.000000</point>
				<point>655.000000,332.000000</point>
				<point>655.000000,345.000000</point>
			</points>
		</object>
		<object>
			<coordinate>pixel</coordinate>
			<type>rectangle</type>
			<description>None</description>
			<possibleresult>
				<name>Small Car</name>
			</possibleresult>
			<points>
				<point>718.000000,378.000000</point>
				<point>717.535278,384.041199</point>
				<point>704.000000,383.000000</point>
				<point>704.464722,376.958801</point>
				<point>718.000000,378.000000</point>
			</points>
		</object>
		<object>
			<coordinate>pixel</coordinate>
			<type>rectangle</type>
			<description>None</description>
			<possibleresult>
				<name>Van</name>
			</possibleresult>
			<points>
				<point>746.000000,440.000000</point>
				<point>745.497437,447.035522</point>
				<point>731.000000,446.000000</point>
				<point>731.502563,438.964478</point>
				<point>746.000000,440.000000</point>
			</points>
		</object>
		<object>
			<coordinate>pixel</coordinate>
			<type>rectangle</type>
			<description>None</description>
			<possibleresult>
				<name>Van</name>
			</possibleresult>
			<points>
				<point>939.200073,399.400116</point>
				<point>934.000122,402.000092</point>
				<point>928.000122,390.000092</point>
				<point>933.200073,387.400116</point>
				<point>939.200073,399.400116</point>
			</points>
		</object>
		<object>
			<coordinate>pixel</coordinate>
			<type>rectangle</type>
			<description>None</description>
			<possibleresult>
				<name>Small Car</name>
			</possibleresult>
			<points>
				<point>664.000000,576.000000</point>
				<point>657.000000,576.000000</point>
				<point>657.000000,564.000000</point>
				<point>664.000000,564.000000</point>
				<point>664.000000,576.000000</point>
			</points>
		</object>
		<object>
			<coordinate>pixel</coordinate>
			<type>rectangle</type>
			<description>None</description>
			<possibleresult>
				<name>Small Car</name>
			</possibleresult>
			<points>
				<point>707.000000,608.000000</point>
				<point>701.000000,608.000000</point>
				<point>701.000000,595.000000</point>
				<point>707.000000,595.000000</point>
				<point>707.000000,608.000000</point>
			</points>
		</object>
		<object>
			<coordinate>pixel</coordinate>
			<type>rectangle</type>
			<description>None</description>
			<possibleresult>
				<name>Small Car</name>
			</possibleresult>
			<points>
				<point>727.000000,608.000000</point>
				<point>721.000000,608.000000</point>
				<point>721.000000,594.000000</point>
				<point>727.000000,594.000000</point>
				<point>727.000000,608.000000</point>
			</points>
		</object>
		<object>
			<coordinate>pixel</coordinate>
			<type>rectangle</type>
			<description>None</description>
			<possibleresult>
				<name>Small Car</name>
			</possibleresult>
			<points>
				<point>779.000000,599.000000</point>
				<point>763.000000,599.000000</point>
				<point>763.000000,593.000000</point>
				<point>779.000000,593.000000</point>
				<point>779.000000,599.000000</point>
			</points>
		</object>
		<object>
			<coordinate>pixel</coordinate>
			<type>rectangle</type>
			<description>None</description>
			<possibleresult>
				<name>Small Car</name>
			</possibleresult>
			<points>
				<point>779.000000,614.000000</point>
				<point>759.000000,614.000000</point>
				<point>759.000000,607.000000</point>
				<point>779.000000,607.000000</point>
				<point>779.000000,614.000000</point>
			</points>
		</object>
		<object>
			<coordinate>pixel</coordinate>
			<type>rectangle</type>
			<description>None</description>
			<possibleresult>
				<name>Small Car</name>
			</possibleresult>
			<points>
				<point>777.000000,621.000000</point>
				<point>759.000000,621.000000</point>
				<point>759.000000,615.000000</point>
				<point>777.000000,615.000000</point>
				<point>777.000000,621.000000</point>
			</points>
		</object>
		<object>
			<coordinate>pixel</coordinate>
			<type>rectangle</type>
			<description>None</description>
			<possibleresult>
				<name>Small Car</name>
			</possibleresult>
			<points>
				<point>985.000000,528.999939</point>
				<point>967.000000,531.999939</point>
				<point>966.000000,525.999939</point>
				<point>984.000000,522.999939</point>
				<point>985.000000,528.999939</point>
			</points>
		</object>
		<object>
			<coordinate>pixel</coordinate>
			<type>rectangle</type>
			<description>None</description>
			<possibleresult>
				<name>Small Car</name>
			</possibleresult>
			<points>
				<point>986.000000,537.000061</point>
				<point>970.000000,539.000061</point>
				<point>969.369263,533.953918</point>
				<point>985.369263,531.953918</point>
				<point>986.000000,537.000061</point>
			</points>
		</object>
		<object>
			<coordinate>pixel</coordinate>
			<type>rectangle</type>
			<description>None</description>
			<possibleresult>
				<name>Small Car</name>
			</possibleresult>
			<points>
				<point>987.754028,545.030823</point>
				<point>971.754028,547.030823</point>
				<point>971.000122,541.000061</point>
				<point>987.000122,539.000061</point>
				<point>987.754028,545.030823</point>
			</points>
		</object>
		<object>
			<coordinate>pixel</coordinate>
			<type>rectangle</type>
			<description>None</description>
			<possibleresult>
				<name>Small Car</name>
			</possibleresult>
			<points>
				<point>992.057007,552.989929</point>
				<point>975.057007,555.989929</point>
				<point>974.000000,549.999939</point>
				<point>991.000000,546.999939</point>
				<point>992.057007,552.989929</point>
			</points>
		</object>
		<object>
			<coordinate>pixel</coordinate>
			<type>rectangle</type>
			<description>None</description>
			<possibleresult>
				<name>Small Car</name>
			</possibleresult>
			<points>
				<point>995.999939,562.000000</point>
				<point>977.780457,564.024414</point>
				<point>976.999939,557.000000</point>
				<point>995.219421,554.975586</point>
				<point>995.999939,562.000000</point>
			</points>
		</object>
		<object>
			<coordinate>pixel</coordinate>
			<type>rectangle</type>
			<description>None</description>
			<possibleresult>
				<name>Small Car</name>
			</possibleresult>
			<points>
				<point>998.000000,568.999939</point>
				<point>980.000000,571.999939</point>
				<point>979.000000,565.999939</point>
				<point>997.000000,562.999939</point>
				<point>998.000000,568.999939</point>
			</points>
		</object>
		<object>
			<coordinate>pixel</coordinate>
			<type>rectangle</type>
			<description>None</description>
			<possibleresult>
				<name>Small Car</name>
			</possibleresult>
			<points>
				<point>683.000000,710.000000</point>
				<point>663.000000,711.000000</point>
				<point>662.698242,704.965088</point>
				<point>682.698242,703.965088</point>
				<point>683.000000,710.000000</point>
			</points>
		</object>
		<object>
			<coordinate>pixel</coordinate>
			<type>rectangle</type>
			<description>None</description>
			<possibleresult>
				<name>Small Car</name>
			</possibleresult>
			<points>
				<point>801.000000,626.000000</point>
				<point>783.000000,626.000000</point>
				<point>783.000000,621.000000</point>
				<point>801.000000,621.000000</point>
				<point>801.000000,626.000000</point>
			</points>
		</object>
		<object>
			<coordinate>pixel</coordinate>
			<type>rectangle</type>
			<description>None</description>
			<possibleresult>
				<name>Small Car</name>
			</possibleresult>
			<points>
				<point>802.000000,635.000000</point>
				<point>783.000000,635.000000</point>
				<point>783.000000,629.000000</point>
				<point>802.000000,629.000000</point>
				<point>802.000000,635.000000</point>
			</points>
		</object>
		<object>
			<coordinate>pixel</coordinate>
			<type>rectangle</type>
			<description>None</description>
			<possibleresult>
				<name>Van</name>
			</possibleresult>
			<points>
				<point>802.000000,643.000000</point>
				<point>783.000000,643.000000</point>
				<point>783.000000,637.000000</point>
				<point>802.000000,637.000000</point>
				<point>802.000000,643.000000</point>
			</points>
		</object>
		<object>
			<coordinate>pixel</coordinate>
			<type>rectangle</type>
			<description>None</description>
			<possibleresult>
				<name>Small Car</name>
			</possibleresult>
			<points>
				<point>800.000000,651.000000</point>
				<point>785.000000,651.000000</point>
				<point>785.000000,645.000000</point>
				<point>800.000000,645.000000</point>
				<point>800.000000,651.000000</point>
			</points>
		</object>
		<object>
			<coordinate>pixel</coordinate>
			<type>rectangle</type>
			<description>None</description>
			<possibleresult>
				<name>Van</name>
			</possibleresult>
			<points>
				<point>800.000000,660.000000</point>
				<point>781.000000,660.000000</point>
				<point>781.000000,654.000000</point>
				<point>800.000000,654.000000</point>
				<point>800.000000,660.000000</point>
			</points>
		</object>
		<object>
			<coordinate>pixel</coordinate>
			<type>rectangle</type>
			<description>None</description>
			<possibleresult>
				<name>Small Car</name>
			</possibleresult>
			<points>
				<point>801.000000,668.000000</point>
				<point>784.000000,668.000000</point>
				<point>784.000000,661.000000</point>
				<point>801.000000,661.000000</point>
				<point>801.000000,668.000000</point>
			</points>
		</object>
		<object>
			<coordinate>pixel</coordinate>
			<type>rectangle</type>
			<description>None</description>
			<possibleresult>
				<name>Small Car</name>
			</possibleresult>
			<points>
				<point>800.000000,677.000000</point>
				<point>781.000000,677.000000</point>
				<point>781.000000,670.000000</point>
				<point>800.000000,670.000000</point>
				<point>800.000000,677.000000</point>
			</points>
		</object>
		<object>
			<coordinate>pixel</coordinate>
			<type>rectangle</type>
			<description>None</description>
			<possibleresult>
				<name>Small Car</name>
			</possibleresult>
			<points>
				<point>847.000000,672.000000</point>
				<point>830.000000,672.000000</point>
				<point>830.000000,666.000000</point>
				<point>847.000000,666.000000</point>
				<point>847.000000,672.000000</point>
			</points>
		</object>
		<object>
			<coordinate>pixel</coordinate>
			<type>rectangle</type>
			<description>None</description>
			<possibleresult>
				<name>Small Car</name>
			</possibleresult>
			<points>
				<point>846.000000,655.000000</point>
				<point>827.000000,655.000000</point>
				<point>827.000000,648.000000</point>
				<point>846.000000,648.000000</point>
				<point>846.000000,655.000000</point>
			</points>
		</object>
		<object>
			<coordinate>pixel</coordinate>
			<type>rectangle</type>
			<description>None</description>
			<possibleresult>
				<name>Van</name>
			</possibleresult>
			<points>
				<point>848.000000,646.000000</point>
				<point>829.000000,646.000000</point>
				<point>829.000000,639.000000</point>
				<point>848.000000,639.000000</point>
				<point>848.000000,646.000000</point>
			</points>
		</object>
		<object>
			<coordinate>pixel</coordinate>
			<type>rectangle</type>
			<description>None</description>
			<possibleresult>
				<name>Small Car</name>
			</possibleresult>
			<points>
				<point>845.000000,638.000000</point>
				<point>829.000000,638.000000</point>
				<point>829.000000,632.000000</point>
				<point>845.000000,632.000000</point>
				<point>845.000000,638.000000</point>
			</points>
		</object>
		<object>
			<coordinate>pixel</coordinate>
			<type>rectangle</type>
			<description>None</description>
			<possibleresult>
				<name>other-vehicle</name>
			</possibleresult>
			<points>
				<point>847.000000,631.000000</point>
				<point>828.000000,631.000000</point>
				<point>828.000000,624.000000</point>
				<point>847.000000,624.000000</point>
				<point>847.000000,631.000000</point>
			</points>
		</object>
		<object>
			<coordinate>pixel</coordinate>
			<type>rectangle</type>
			<description>None</description>
			<possibleresult>
				<name>Small Car</name>
			</possibleresult>
			<points>
				<point>791.000000,810.000000</point>
				<point>785.000000,810.000000</point>
				<point>785.000000,796.000000</point>
				<point>791.000000,796.000000</point>
				<point>791.000000,810.000000</point>
			</points>
		</object>
		<object>
			<coordinate>pixel</coordinate>
			<type>rectangle</type>
			<description>None</description>
			<possibleresult>
				<name>Small Car</name>
			</possibleresult>
			<points>
				<point>724.006836,852.058044</point>
				<point>716.000000,853.000061</point>
				<point>713.993164,835.942078</point>
				<point>722.000000,835.000061</point>
				<point>724.006836,852.058044</point>
			</points>
		</object>
		<object>
			<coordinate>pixel</coordinate>
			<type>rectangle</type>
			<description>None</description>
			<possibleresult>
				<name>Small Car</name>
			</possibleresult>
			<points>
				<point>839.000000,841.000000</point>
				<point>832.000000,841.000000</point>
				<point>832.000000,828.000000</point>
				<point>839.000000,828.000000</point>
				<point>839.000000,841.000000</point>
			</points>
		</object>
		<object>
			<coordinate>pixel</coordinate>
			<type>rectangle</type>
			<description>None</description>
			<possibleresult>
				<name>Small Car</name>
			</possibleresult>
			<points>
				<point>848.000000,840.000000</point>
				<point>841.000000,840.000000</point>
				<point>841.000000,824.000000</point>
				<point>848.000000,824.000000</point>
				<point>848.000000,840.000000</point>
			</points>
		</object>
		<object>
			<coordinate>pixel</coordinate>
			<type>rectangle</type>
			<description>None</description>
			<possibleresult>
				<name>Small Car</name>
			</possibleresult>
			<points>
				<point>815.433105,963.127380</point>
				<point>814.000000,967.999939</point>
				<point>796.566895,962.872498</point>
				<point>798.000000,957.999939</point>
				<point>815.433105,963.127380</point>
			</points>
		</object>
		<object>
			<coordinate>pixel</coordinate>
			<type>rectangle</type>
			<description>None</description>
			<possibleresult>
				<name>Small Car</name>
			</possibleresult>
			<points>
				<point>869.087708,960.809753</point>
				<point>862.912048,974.190247</point>
				<point>855.999817,971.000061</point>
				<point>862.175476,957.619568</point>
				<point>869.087708,960.809753</point>
			</points>
		</object>
		<object>
			<coordinate>pixel</coordinate>
			<type>rectangle</type>
			<description>None</description>
			<possibleresult>
				<name>Small Car</name>
			</possibleresult>
			<points>
				<point>876.999878,941.999939</point>
				<point>870.882812,955.253601</point>
				<point>865.999878,952.999939</point>
				<point>872.116943,939.746277</point>
				<point>876.999878,941.999939</point>
			</points>
		</object>
		<object>
			<coordinate>pixel</coordinate>
			<type>rectangle</type>
			<description>None</description>
			<possibleresult>
				<name>Small Car</name>
			</possibleresult>
			<points>
				<point>887.000122,945.000000</point>
				<point>881.000122,957.000000</point>
				<point>876.600098,954.800049</point>
				<point>882.600098,942.800049</point>
				<point>887.000122,945.000000</point>
			</points>
		</object>
		<object>
			<coordinate>pixel</coordinate>
			<type>rectangle</type>
			<description>None</description>
			<possibleresult>
				<name>other-vehicle</name>
			</possibleresult>
			<points>
				<point>820.000061,955.000061</point>
				<point>818.190125,960.067932</point>
				<point>804.000061,955.000061</point>
				<point>805.809998,949.932190</point>
				<point>820.000061,955.000061</point>
			</points>
		</object>
		<object>
			<coordinate>pixel</coordinate>
			<type>rectangle</type>
			<description>None</description>
			<possibleresult>
				<name>Small Car</name>
			</possibleresult>
			<points>
				<point>926.153809,922.230835</point>
				<point>924.923096,928.384644</point>
				<point>913.000000,926.000000</point>
				<point>914.230713,919.846191</point>
				<point>926.153809,922.230835</point>
			</points>
		</object>
		<object>
			<coordinate>pixel</coordinate>
			<type>rectangle</type>
			<description>None</description>
			<possibleresult>
				<name>Small Car</name>
			</possibleresult>
			<points>
				<point>996.000000,649.000000</point>
				<point>995.000000,643.000000</point>
				<point>1000.000000,642.166748</point>
				<point>1001.000000,648.166748</point>
				<point>996.000000,649.000000</point>
			</points>
		</object>
		<object>
			<coordinate>pixel</coordinate>
			<type>rectangle</type>
			<description>None</description>
			<possibleresult>
				<name>Small Car</name>
			</possibleresult>
			<points>
				<point>975.100037,708.300049</point>
				<point>967.000061,711.000000</point>
				<point>962.000061,696.000000</point>
				<point>970.100037,693.300049</point>
				<point>975.100037,708.300049</point>
			</points>
		</object>
		<object>
			<coordinate>pixel</coordinate>
			<type>rectangle</type>
			<description>None</description>
			<possibleresult>
				<name>Small Car</name>
			</possibleresult>
			<points>
				<point>993.099670,706.373413</point>
				<point>987.000061,708.000000</point>
				<point>982.900452,692.626587</point>
				<point>989.000061,691.000000</point>
				<point>993.099670,706.373413</point>
			</points>
		</object>
		<object>
			<coordinate>pixel</coordinate>
			<type>rectangle</type>
			<description>None</description>
			<possibleresult>
				<name>Small Car</name>
			</possibleresult>
			<points>
				<point>1000.000000,702.500061</point>
				<point>996.026978,703.162170</point>
				<point>994.000000,691.000061</point>
				<point>1000.000000,690.000122</point>
				<point>1000.000000,702.500061</point>
			</points>
		</object>
		<object>
			<coordinate>pixel</coordinate>
			<type>rectangle</type>
			<description>None</description>
			<possibleresult>
				<name>Dump Truck</name>
			</possibleresult>
			<points>
				<point>977.000000,743.000000</point>
				<point>969.000000,743.000000</point>
				<point>969.000000,729.000000</point>
				<point>977.000000,729.000000</point>
				<point>977.000000,743.000000</point>
			</points>
		</object>
		<object>
			<coordinate>pixel</coordinate>
			<type>rectangle</type>
			<description>None</description>
			<possibleresult>
				<name>Small Car</name>
			</possibleresult>
			<points>
				<point>986.000000,741.000000</point>
				<point>981.000000,741.000000</point>
				<point>981.000000,729.000000</point>
				<point>986.000000,729.000000</point>
				<point>986.000000,741.000000</point>
			</points>
		</object>
		<object>
			<coordinate>pixel</coordinate>
			<type>rectangle</type>
			<description>None</description>
			<possibleresult>
				<name>Cargo Truck</name>
			</possibleresult>
			<points>
				<point>998.031189,741.498108</point>
				<point>990.000061,742.000061</point>
				<point>988.968933,725.502014</point>
				<point>997.000061,725.000061</point>
				<point>998.031189,741.498108</point>
			</points>
		</object>
		<object>
			<coordinate>pixel</coordinate>
			<type>rectangle</type>
			<description>None</description>
			<possibleresult>
				<name>Small Car</name>
			</possibleresult>
			<points>
				<point>999.999756,734.000488</point>
				<point>998.859863,726.020020</point>
				<point>1000.000000,725.857178</point>
				<point>1001.139893,733.837646</point>
				<point>999.999756,734.000488</point>
			</points>
		</object>
		<object>
			<coordinate>pixel</coordinate>
			<type>rectangle</type>
			<description>None</description>
			<possibleresult>
				<name>Van</name>
			</possibleresult>
			<points>
				<point>51.026199,16.196507</point>
				<point>45.000000,16.999998</point>
				<point>42.973801,1.803493</point>
				<point>49.000000,1.000000</point>
				<point>51.026199,16.196507</point>
			</points>
		</object>
		<object>
			<coordinate>pixel</coordinate>
			<type>rectangle</type>
			<description>None</description>
			<possibleresult>
				<name>Van</name>
			</possibleresult>
			<points>
				<point>30.000000,151.000000</point>
				<point>23.000000,153.000000</point>
				<point>19.000000,139.000000</point>
				<point>26.000000,137.000000</point>
				<point>30.000000,151.000000</point>
			</points>
		</object>
		<object>
			<coordinate>pixel</coordinate>
			<type>rectangle</type>
			<description>None</description>
			<possibleresult>
				<name>Van</name>
			</possibleresult>
			<points>
				<point>39.999996,151.000000</point>
				<point>32.999996,152.000000</point>
				<point>30.980000,137.859985</point>
				<point>37.980000,136.859985</point>
				<point>39.999996,151.000000</point>
			</points>
		</object>
		<object>
			<coordinate>pixel</coordinate>
			<type>rectangle</type>
			<description>None</description>
			<possibleresult>
				<name>Van</name>
			</possibleresult>
			<points>
				<point>50.999996,149.000000</point>
				<point>44.264149,150.924530</point>
				<point>39.999996,136.000000</point>
				<point>46.735844,134.075470</point>
				<point>50.999996,149.000000</point>
			</points>
		</object>
		<object>
			<coordinate>pixel</coordinate>
			<type>rectangle</type>
			<description>None</description>
			<possibleresult>
				<name>Small Car</name>
			</possibleresult>
			<points>
				<point>60.000004,146.000000</point>
				<point>52.115391,147.576935</point>
				<point>49.000004,132.000000</point>
				<point>56.884617,130.423065</point>
				<point>60.000004,146.000000</point>
			</points>
		</object>
		<object>
			<coordinate>pixel</coordinate>
			<type>rectangle</type>
			<description>None</description>
			<possibleresult>
				<name>Van</name>
			</possibleresult>
			<points>
				<point>78.999992,141.999985</point>
				<point>73.084267,143.365158</point>
				<point>69.999992,129.999985</point>
				<point>75.915718,128.634811</point>
				<point>78.999992,141.999985</point>
			</points>
		</object>
		<object>
			<coordinate>pixel</coordinate>
			<type>rectangle</type>
			<description>None</description>
			<possibleresult>
				<name>Van</name>
			</possibleresult>
			<points>
				<point>89.000000,139.000000</point>
				<point>83.084274,140.365173</point>
				<point>80.000000,127.000000</point>
				<point>85.915726,125.634827</point>
				<point>89.000000,139.000000</point>
			</points>
		</object>
		<object>
			<coordinate>pixel</coordinate>
			<type>rectangle</type>
			<description>None</description>
			<possibleresult>
				<name>other-vehicle</name>
			</possibleresult>
			<points>
				<point>137.192322,251.961548</point>
				<point>117.000015,256.000000</point>
				<point>115.807709,250.038452</point>
				<point>136.000015,246.000000</point>
				<point>137.192322,251.961548</point>
			</points>
		</object>
		<object>
			<coordinate>pixel</coordinate>
			<type>rectangle</type>
			<description>None</description>
			<possibleresult>
				<name>Small Car</name>
			</possibleresult>
			<points>
				<point>132.102448,383.478058</point>
				<point>125.000000,385.000031</point>
				<point>122.000000,371.000031</point>
				<point>129.102448,369.478058</point>
				<point>132.102448,383.478058</point>
			</points>
		</object>
		<object>
			<coordinate>pixel</coordinate>
			<type>rectangle</type>
			<description>None</description>
			<possibleresult>
				<name>Small Car</name>
			</possibleresult>
			<points>
				<point>152.966812,379.875519</point>
				<point>145.000015,382.000031</point>
				<point>141.000015,367.000031</point>
				<point>148.966812,364.875519</point>
				<point>152.966812,379.875519</point>
			</points>
		</object>
		<object>
			<coordinate>pixel</coordinate>
			<type>rectangle</type>
			<description>None</description>
			<possibleresult>
				<name>Small Car</name>
			</possibleresult>
			<points>
				<point>161.008743,378.065460</point>
				<point>154.000015,378.999969</point>
				<point>151.991287,363.934479</point>
				<point>159.000015,362.999969</point>
				<point>161.008743,378.065460</point>
			</points>
		</object>
		<object>
			<coordinate>pixel</coordinate>
			<type>rectangle</type>
			<description>None</description>
			<possibleresult>
				<name>Small Car</name>
			</possibleresult>
			<points>
				<point>171.139999,375.979950</point>
				<point>163.999985,376.999969</point>
				<point>161.999985,362.999969</point>
				<point>169.139999,361.979950</point>
				<point>171.139999,375.979950</point>
			</points>
		</object>
		<object>
			<coordinate>pixel</coordinate>
			<type>rectangle</type>
			<description>None</description>
			<possibleresult>
				<name>Small Car</name>
			</possibleresult>
			<points>
				<point>150.000000,550.000000</point>
				<point>145.000000,550.000000</point>
				<point>145.000000,541.000000</point>
				<point>150.000000,541.000000</point>
				<point>150.000000,550.000000</point>
			</points>
		</object>
		<object>
			<coordinate>pixel</coordinate>
			<type>rectangle</type>
			<description>None</description>
			<possibleresult>
				<name>Small Car</name>
			</possibleresult>
			<points>
				<point>161.941162,549.764648</point>
				<point>157.000000,551.000000</point>
				<point>155.000000,543.000000</point>
				<point>159.941162,541.764648</point>
				<point>161.941162,549.764648</point>
			</points>
		</object>
		<object>
			<coordinate>pixel</coordinate>
			<type>rectangle</type>
			<description>None</description>
			<possibleresult>
				<name>Small Car</name>
			</possibleresult>
			<points>
				<point>170.000015,549.000061</point>
				<point>164.070602,550.317688</point>
				<point>162.000015,541.000061</point>
				<point>167.929428,539.682434</point>
				<point>170.000015,549.000061</point>
			</points>
		</object>
		<object>
			<coordinate>pixel</coordinate>
			<type>rectangle</type>
			<description>None</description>
			<possibleresult>
				<name>Van</name>
			</possibleresult>
			<points>
				<point>190.700012,546.099976</point>
				<point>185.000000,548.000000</point>
				<point>181.000000,536.000000</point>
				<point>186.700012,534.099976</point>
				<point>190.700012,546.099976</point>
			</points>
		</object>
		<object>
			<coordinate>pixel</coordinate>
			<type>rectangle</type>
			<description>None</description>
			<possibleresult>
				<name>Van</name>
			</possibleresult>
			<points>
				<point>200.000000,544.000000</point>
				<point>194.038452,545.192261</point>
				<point>192.000000,535.000000</point>
				<point>197.961548,533.807739</point>
				<point>200.000000,544.000000</point>
			</points>
		</object>
		<object>
			<coordinate>pixel</coordinate>
			<type>rectangle</type>
			<description>None</description>
			<possibleresult>
				<name>Dump Truck</name>
			</possibleresult>
			<points>
				<point>154.000031,590.000000</point>
				<point>147.338104,592.081909</point>
				<point>142.338104,576.081909</point>
				<point>149.000031,574.000000</point>
				<point>154.000031,590.000000</point>
			</points>
		</object>
		<object>
			<coordinate>pixel</coordinate>
			<type>rectangle</type>
			<description>None</description>
			<possibleresult>
				<name>Dump Truck</name>
			</possibleresult>
			<points>
				<point>173.999985,584.000000</point>
				<point>166.999985,586.000000</point>
				<point>162.999985,572.000000</point>
				<point>169.999985,570.000000</point>
				<point>173.999985,584.000000</point>
			</points>
		</object>
		<object>
			<coordinate>pixel</coordinate>
			<type>rectangle</type>
			<description>None</description>
			<possibleresult>
				<name>Van</name>
			</possibleresult>
			<points>
				<point>193.146347,581.682983</point>
				<point>187.000015,583.000000</point>
				<point>183.853683,568.317017</point>
				<point>190.000015,567.000000</point>
				<point>193.146347,581.682983</point>
			</points>
		</object>
		<object>
			<coordinate>pixel</coordinate>
			<type>rectangle</type>
			<description>None</description>
			<possibleresult>
				<name>Small Car</name>
			</possibleresult>
			<points>
				<point>183.941620,606.839355</point>
				<point>178.000000,609.000000</point>
				<point>174.000000,598.000000</point>
				<point>179.941620,595.839355</point>
				<point>183.941620,606.839355</point>
			</points>
		</object>
		<object>
			<coordinate>pixel</coordinate>
			<type>rectangle</type>
			<description>None</description>
			<possibleresult>
				<name>Van</name>
			</possibleresult>
			<points>
				<point>220.000061,601.000122</point>
				<point>213.215820,602.809204</point>
				<point>209.215820,587.809204</point>
				<point>216.000061,586.000122</point>
				<point>220.000061,601.000122</point>
			</points>
		</object>
		<object>
			<coordinate>pixel</coordinate>
			<type>rectangle</type>
			<description>None</description>
			<possibleresult>
				<name>Small Car</name>
			</possibleresult>
			<points>
				<point>283.138733,802.901672</point>
				<point>276.000000,803.999939</point>
				<point>274.000000,790.999939</point>
				<point>281.138733,789.901672</point>
				<point>283.138733,802.901672</point>
			</points>
		</object>
		<object>
			<coordinate>pixel</coordinate>
			<type>rectangle</type>
			<description>None</description>
			<possibleresult>
				<name>Van</name>
			</possibleresult>
			<points>
				<point>292.159943,802.119873</point>
				<point>285.159943,803.119873</point>
				<point>282.999969,787.999878</point>
				<point>289.999969,786.999878</point>
				<point>292.159943,802.119873</point>
			</points>
		</object>
		<object>
			<coordinate>pixel</coordinate>
			<type>rectangle</type>
			<description>None</description>
			<possibleresult>
				<name>Small Car</name>
			</possibleresult>
			<points>
				<point>303.139984,799.979797</point>
				<point>295.019989,801.139832</point>
				<point>292.879974,786.159851</point>
				<point>300.999969,784.999817</point>
				<point>303.139984,799.979797</point>
			</points>
		</object>
		<object>
			<coordinate>pixel</coordinate>
			<type>rectangle</type>
			<description>None</description>
			<possibleresult>
				<name>Small Car</name>
			</possibleresult>
			<points>
				<point>315.000000,797.000061</point>
				<point>308.000000,799.000061</point>
				<point>304.000000,785.000061</point>
				<point>311.000000,783.000061</point>
				<point>315.000000,797.000061</point>
			</points>
		</object>
		<object>
			<coordinate>pixel</coordinate>
			<type>rectangle</type>
			<description>None</description>
			<possibleresult>
				<name>Small Car</name>
			</possibleresult>
			<points>
				<point>323.999969,796.000122</point>
				<point>316.999969,798.000122</point>
				<point>312.811310,783.339722</point>
				<point>319.811310,781.339722</point>
				<point>323.999969,796.000122</point>
			</points>
		</object>
	</objects>
</annotation>