<?xml version="1.0" encoding="utf-8"?>
<annotation>
	<source>
		<filename>131.tif</filename>
		<origin>GF2/GF3</origin>
	</source>
	<research>
		<version>1.0</version>
		<provider>FAIR1M</provider>
		<author>Cyber</author>
		<pluginname>FAIR1M</pluginname>
		<pluginclass>object detection</pluginclass>
		<time>2021-03</time>
	</research>
	<size>
		<width>1000</width>
		<height>1000</height>
		<depth>3</depth>
	</size>
	<objects>
		<object>
			<coordinate>pixel</coordinate>
			<type>rectangle</type>
			<description>None</description>
			<possibleresult>
				<name>Boeing737</name>
			</possibleresult>
			<points>
				<point>251.000000,653.000000</point>
				<point>291.000000,683.000000</point>
				<point>321.000000,643.000000</point>
				<point>281.000000,613.000000</point>
				<point>251.000000,653.000000</point>
			</points>
		</object>
		<object>
			<coordinate>pixel</coordinate>
			<type>rectangle</type>
			<description>None</description>
			<possibleresult>
				<name>other-airplane</name>
			</possibleresult>
			<points>
				<point>287.000000,619.000000</point>
				<point>323.000000,641.000000</point>
				<point>348.000000,602.000000</point>
				<point>312.000000,579.000000</point>
				<point>287.000000,619.000000</point>
			</points>
		</object>
		<object>
			<coordinate>pixel</coordinate>
			<type>rectangle</type>
			<description>None</description>
			<possibleresult>
				<name>Boeing737</name>
			</possibleresult>
			<points>
				<point>353.000000,539.000000</point>
				<point>391.000000,569.000000</point>
				<point>419.000000,532.000000</point>
				<point>381.000000,503.000000</point>
				<point>353.000000,539.000000</point>
			</points>
		</object>
		<object>
			<coordinate>pixel</coordinate>
			<type>rectangle</type>
			<description>None</description>
			<possibleresult>
				<name>Boeing737</name>
			</possibleresult>
			<points>
				<point>444.000000,624.000000</point>
				<point>481.000000,654.000000</point>
				<point>510.000000,618.000000</point>
				<point>473.000000,588.000000</point>
				<point>444.000000,624.000000</point>
			</points>
		</object>
	</objects>
</annotation>