<?xml version="1.0" encoding="utf-8"?>
<annotation>
	<source>
		<filename>1310.tif</filename>
		<origin>GF2/GF3</origin>
	</source>
	<research>
		<version>1.0</version>
		<provider>FAIR1M</provider>
		<author>Cyber</author>
		<pluginname>FAIR1M</pluginname>
		<pluginclass>object detection</pluginclass>
		<time>2021-03</time>
	</research>
	<size>
		<width>1000</width>
		<height>1000</height>
		<depth>3</depth>
	</size>
	<objects>
		<object>
			<coordinate>pixel</coordinate>
			<type>rectangle</type>
			<description>None</description>
			<possibleresult>
				<name>other-airplane</name>
			</possibleresult>
			<points>
				<point>25.000000,654.000000</point>
				<point>-9.000000,696.000000</point>
				<point>31.000000,729.000000</point>
				<point>66.000000,687.000000</point>
				<point>25.000000,654.000000</point>
			</points>
		</object>
		<object>
			<coordinate>pixel</coordinate>
			<type>rectangle</type>
			<description>None</description>
			<possibleresult>
				<name>A321</name>
			</possibleresult>
			<points>
				<point>221.000000,892.000000</point>
				<point>220.000000,948.000000</point>
				<point>265.000000,949.000000</point>
				<point>265.000000,893.000000</point>
				<point>221.000000,892.000000</point>
			</points>
		</object>
		<object>
			<coordinate>pixel</coordinate>
			<type>rectangle</type>
			<description>None</description>
			<possibleresult>
				<name>A321</name>
			</possibleresult>
			<points>
				<point>263.000000,883.000000</point>
				<point>302.000000,924.000000</point>
				<point>338.000000,890.000000</point>
				<point>299.000000,849.000000</point>
				<point>263.000000,883.000000</point>
			</points>
		</object>
		<object>
			<coordinate>pixel</coordinate>
			<type>rectangle</type>
			<description>None</description>
			<possibleresult>
				<name>A220</name>
			</possibleresult>
			<points>
				<point>309.000000,850.000000</point>
				<point>342.000000,881.000000</point>
				<point>374.000000,845.000000</point>
				<point>341.000000,815.000000</point>
				<point>309.000000,850.000000</point>
			</points>
		</object>
		<object>
			<coordinate>pixel</coordinate>
			<type>rectangle</type>
			<description>None</description>
			<possibleresult>
				<name>Boeing737</name>
			</possibleresult>
			<points>
				<point>325.000000,737.000000</point>
				<point>372.000000,721.000000</point>
				<point>355.000000,674.000000</point>
				<point>309.000000,690.000000</point>
				<point>325.000000,737.000000</point>
			</points>
		</object>
		<object>
			<coordinate>pixel</coordinate>
			<type>rectangle</type>
			<description>None</description>
			<possibleresult>
				<name>other-airplane</name>
			</possibleresult>
			<points>
				<point>293.000000,661.000000</point>
				<point>341.000000,665.000000</point>
				<point>345.000000,615.000000</point>
				<point>297.000000,611.000000</point>
				<point>293.000000,661.000000</point>
			</points>
		</object>
		<object>
			<coordinate>pixel</coordinate>
			<type>rectangle</type>
			<description>None</description>
			<possibleresult>
				<name>Boeing737</name>
			</possibleresult>
			<points>
				<point>358.000000,536.000000</point>
				<point>398.000000,568.000000</point>
				<point>427.000000,533.000000</point>
				<point>387.000000,500.000000</point>
				<point>358.000000,536.000000</point>
			</points>
		</object>
	</objects>
</annotation>