<?xml version="1.0" encoding="utf-8"?>
<annotation>
	<source>
		<filename>1316.tif</filename>
		<origin>GF2/GF3</origin>
	</source>
	<research>
		<version>1.0</version>
		<provider>FAIR1M</provider>
		<author>Cyber</author>
		<pluginname>FAIR1M</pluginname>
		<pluginclass>object detection</pluginclass>
		<time>2021-03</time>
	</research>
	<size>
		<width>1000</width>
		<height>1000</height>
		<depth>3</depth>
	</size>
	<objects>
		<object>
			<coordinate>pixel</coordinate>
			<type>rectangle</type>
			<description>None</description>
			<possibleresult>
				<name>Small Car</name>
			</possibleresult>
			<points>
				<point>827.000000,157.000000</point>
				<point>819.000000,157.000000</point>
				<point>819.000000,140.000000</point>
				<point>827.000000,140.000000</point>
				<point>827.000000,157.000000</point>
			</points>
		</object>
		<object>
			<coordinate>pixel</coordinate>
			<type>rectangle</type>
			<description>None</description>
			<possibleresult>
				<name>Van</name>
			</possibleresult>
			<points>
				<point>856.999939,189.000031</point>
				<point>849.965515,189.413818</point>
				<point>848.965515,172.413818</point>
				<point>855.999939,172.000031</point>
				<point>856.999939,189.000031</point>
			</points>
		</object>
		<object>
			<coordinate>pixel</coordinate>
			<type>rectangle</type>
			<description>None</description>
			<possibleresult>
				<name>Small Car</name>
			</possibleresult>
			<points>
				<point>860.000000,210.000000</point>
				<point>852.000000,210.000000</point>
				<point>852.000000,197.000000</point>
				<point>860.000000,197.000000</point>
				<point>860.000000,210.000000</point>
			</points>
		</object>
		<object>
			<coordinate>pixel</coordinate>
			<type>rectangle</type>
			<description>None</description>
			<possibleresult>
				<name>Van</name>
			</possibleresult>
			<points>
				<point>827.000000,181.000000</point>
				<point>818.000000,181.000000</point>
				<point>818.000000,165.000000</point>
				<point>827.000000,165.000000</point>
				<point>827.000000,181.000000</point>
			</points>
		</object>
		<object>
			<coordinate>pixel</coordinate>
			<type>rectangle</type>
			<description>None</description>
			<possibleresult>
				<name>Van</name>
			</possibleresult>
			<points>
				<point>774.000000,17.000000</point>
				<point>751.000000,17.000000</point>
				<point>751.000000,9.000000</point>
				<point>774.000000,9.000000</point>
				<point>774.000000,17.000000</point>
			</points>
		</object>
		<object>
			<coordinate>pixel</coordinate>
			<type>rectangle</type>
			<description>None</description>
			<possibleresult>
				<name>Van</name>
			</possibleresult>
			<points>
				<point>554.000000,17.000000</point>
				<point>533.000000,17.000000</point>
				<point>533.000000,8.000000</point>
				<point>554.000000,8.000000</point>
				<point>554.000000,17.000000</point>
			</points>
		</object>
		<object>
			<coordinate>pixel</coordinate>
			<type>rectangle</type>
			<description>None</description>
			<possibleresult>
				<name>Dump Truck</name>
			</possibleresult>
			<points>
				<point>25.000000,182.000000</point>
				<point>8.000000,182.000000</point>
				<point>8.000000,176.000000</point>
				<point>25.000000,176.000000</point>
				<point>25.000000,182.000000</point>
			</points>
		</object>
		<object>
			<coordinate>pixel</coordinate>
			<type>rectangle</type>
			<description>None</description>
			<possibleresult>
				<name>Dump Truck</name>
			</possibleresult>
			<points>
				<point>198.000000,917.000061</point>
				<point>187.098877,918.038269</point>
				<point>185.098877,897.038269</point>
				<point>196.000000,896.000061</point>
				<point>198.000000,917.000061</point>
			</points>
		</object>
		<object>
			<coordinate>pixel</coordinate>
			<type>rectangle</type>
			<description>None</description>
			<possibleresult>
				<name>Van</name>
			</possibleresult>
			<points>
				<point>215.000015,911.000061</point>
				<point>204.033859,911.609314</point>
				<point>203.033859,893.609314</point>
				<point>214.000015,893.000061</point>
				<point>215.000015,911.000061</point>
			</points>
		</object>
		<object>
			<coordinate>pixel</coordinate>
			<type>rectangle</type>
			<description>None</description>
			<possibleresult>
				<name>Dump Truck</name>
			</possibleresult>
			<points>
				<point>102.000000,682.000000</point>
				<point>101.688843,691.023804</point>
				<point>72.000000,690.000000</point>
				<point>72.311157,680.976196</point>
				<point>102.000000,682.000000</point>
			</points>
		</object>
		<object>
			<coordinate>pixel</coordinate>
			<type>rectangle</type>
			<description>None</description>
			<possibleresult>
				<name>Van</name>
			</possibleresult>
			<points>
				<point>126.000000,692.000000</point>
				<point>104.000000,692.000000</point>
				<point>104.000000,684.000000</point>
				<point>126.000000,684.000000</point>
				<point>126.000000,692.000000</point>
			</points>
		</object>
		<object>
			<coordinate>pixel</coordinate>
			<type>rectangle</type>
			<description>None</description>
			<possibleresult>
				<name>Van</name>
			</possibleresult>
			<points>
				<point>308.000000,654.000061</point>
				<point>303.957581,673.201599</point>
				<point>293.978821,671.100769</point>
				<point>298.021240,651.899231</point>
				<point>308.000000,654.000061</point>
			</points>
		</object>
		<object>
			<coordinate>pixel</coordinate>
			<type>rectangle</type>
			<description>None</description>
			<possibleresult>
				<name>Small Car</name>
			</possibleresult>
			<points>
				<point>828.000061,641.000000</point>
				<point>819.031067,641.527588</point>
				<point>818.000061,624.000000</point>
				<point>826.969055,623.472412</point>
				<point>828.000061,641.000000</point>
			</points>
		</object>
		<object>
			<coordinate>pixel</coordinate>
			<type>rectangle</type>
			<description>None</description>
			<possibleresult>
				<name>Van</name>
			</possibleresult>
			<points>
				<point>828.966187,555.609253</point>
				<point>827.966187,573.609253</point>
				<point>817.000000,573.000000</point>
				<point>818.000000,555.000000</point>
				<point>828.966187,555.609253</point>
			</points>
		</object>
		<object>
			<coordinate>pixel</coordinate>
			<type>rectangle</type>
			<description>None</description>
			<possibleresult>
				<name>Small Car</name>
			</possibleresult>
			<points>
				<point>857.000000,593.000000</point>
				<point>849.000000,593.000000</point>
				<point>849.000000,575.000000</point>
				<point>857.000000,575.000000</point>
				<point>857.000000,593.000000</point>
			</points>
		</object>
		<object>
			<coordinate>pixel</coordinate>
			<type>rectangle</type>
			<description>None</description>
			<possibleresult>
				<name>Small Car</name>
			</possibleresult>
			<points>
				<point>857.000183,567.000061</point>
				<point>849.035583,567.531067</point>
				<point>848.000183,552.000061</point>
				<point>855.964783,551.469055</point>
				<point>857.000183,567.000061</point>
			</points>
		</object>
		<object>
			<coordinate>pixel</coordinate>
			<type>rectangle</type>
			<description>None</description>
			<possibleresult>
				<name>Small Car</name>
			</possibleresult>
			<points>
				<point>829.024841,544.472412</point>
				<point>818.999939,545.000000</point>
				<point>817.975037,525.527588</point>
				<point>827.999939,525.000000</point>
				<point>829.024841,544.472412</point>
			</points>
		</object>
		<object>
			<coordinate>pixel</coordinate>
			<type>rectangle</type>
			<description>None</description>
			<possibleresult>
				<name>Van</name>
			</possibleresult>
			<points>
				<point>828.024109,510.410370</point>
				<point>817.999939,511.000031</point>
				<point>816.975769,493.589691</point>
				<point>826.999939,493.000031</point>
				<point>828.024109,510.410370</point>
			</points>
		</object>
		<object>
			<coordinate>pixel</coordinate>
			<type>rectangle</type>
			<description>None</description>
			<possibleresult>
				<name>Van</name>
			</possibleresult>
			<points>
				<point>972.453674,689.979309</point>
				<point>950.453674,690.979309</point>
				<point>950.000061,680.999939</point>
				<point>972.000061,679.999939</point>
				<point>972.453674,689.979309</point>
			</points>
		</object>
		<object>
			<coordinate>pixel</coordinate>
			<type>rectangle</type>
			<description>None</description>
			<possibleresult>
				<name>Van</name>
			</possibleresult>
			<points>
				<point>669.000000,690.000000</point>
				<point>649.000000,690.000000</point>
				<point>649.000000,680.000000</point>
				<point>669.000000,680.000000</point>
				<point>669.000000,690.000000</point>
			</points>
		</object>
		<object>
			<coordinate>pixel</coordinate>
			<type>rectangle</type>
			<description>None</description>
			<possibleresult>
				<name>Van</name>
			</possibleresult>
			<points>
				<point>504.000000,720.000000</point>
				<point>484.000000,720.000000</point>
				<point>484.000000,712.000000</point>
				<point>504.000000,712.000000</point>
				<point>504.000000,720.000000</point>
			</points>
		</object>
		<object>
			<coordinate>pixel</coordinate>
			<type>rectangle</type>
			<description>None</description>
			<possibleresult>
				<name>Van</name>
			</possibleresult>
			<points>
				<point>298.027618,191.468964</point>
				<point>289.000031,192.000000</point>
				<point>287.972443,174.531036</point>
				<point>297.000031,174.000000</point>
				<point>298.027618,191.468964</point>
			</points>
		</object>
		<object>
			<coordinate>pixel</coordinate>
			<type>rectangle</type>
			<description>None</description>
			<possibleresult>
				<name>Van</name>
			</possibleresult>
			<points>
				<point>1000.000000,5.000000</point>
				<point>986.000000,5.000000</point>
				<point>986.000000,0.000000</point>
				<point>1000.000000,0.000000</point>
				<point>1000.000000,5.000000</point>
			</points>
		</object>
		<object>
			<coordinate>pixel</coordinate>
			<type>rectangle</type>
			<description>None</description>
			<possibleresult>
				<name>Tennis Court</name>
			</possibleresult>
			<points>
				<point>855.000061,784.000061</point>
				<point>853.992737,865.592590</point>
				<point>806.000061,865.000061</point>
				<point>807.007385,783.407532</point>
				<point>855.000061,784.000061</point>
			</points>
		</object>
		<object>
			<coordinate>pixel</coordinate>
			<type>rectangle</type>
			<description>None</description>
			<possibleresult>
				<name>Tennis Court</name>
			</possibleresult>
			<points>
				<point>786.000000,906.000061</point>
				<point>785.000000,987.000061</point>
				<point>737.994873,986.419739</point>
				<point>738.994873,905.419739</point>
				<point>786.000000,906.000061</point>
			</points>
		</object>
		<object>
			<coordinate>pixel</coordinate>
			<type>rectangle</type>
			<description>None</description>
			<possibleresult>
				<name>Tennis Court</name>
			</possibleresult>
			<points>
				<point>854.005188,906.580322</point>
				<point>853.000061,988.000000</point>
				<point>805.994934,987.419678</point>
				<point>807.000061,906.000000</point>
				<point>854.005188,906.580322</point>
			</points>
		</object>
		<object>
			<coordinate>pixel</coordinate>
			<type>rectangle</type>
			<description>None</description>
			<possibleresult>
				<name>Tennis Court</name>
			</possibleresult>
			<points>
				<point>785.999939,865.000000</point>
				<point>738.999939,865.000000</point>
				<point>738.999939,785.000000</point>
				<point>785.999939,785.000000</point>
				<point>785.999939,865.000000</point>
			</points>
		</object>
		<object>
			<coordinate>pixel</coordinate>
			<type>rectangle</type>
			<description>None</description>
			<possibleresult>
				<name>Van</name>
			</possibleresult>
			<points>
				<point>200.000000,799.000000</point>
				<point>189.000000,799.000000</point>
				<point>189.000000,779.000000</point>
				<point>200.000000,779.000000</point>
				<point>200.000000,799.000000</point>
			</points>
		</object>
	</objects>
</annotation>