<?xml version="1.0" encoding="utf-8"?>
<annotation>
	<source>
		<filename>1317.tif</filename>
		<origin>GF2/GF3</origin>
	</source>
	<research>
		<version>1.0</version>
		<provider>FAIR1M</provider>
		<author>Cyber</author>
		<pluginname>FAIR1M</pluginname>
		<pluginclass>object detection</pluginclass>
		<time>2021-03</time>
	</research>
	<size>
		<width>1000</width>
		<height>1000</height>
		<depth>3</depth>
	</size>
	<objects>
		<object>
			<coordinate>pixel</coordinate>
			<type>rectangle</type>
			<description>None</description>
			<possibleresult>
				<name>Intersection</name>
			</possibleresult>
			<points>
				<point>541.000000,388.000000</point>
				<point>507.000000,388.000000</point>
				<point>507.000000,361.000000</point>
				<point>541.000000,361.000000</point>
				<point>541.000000,388.000000</point>
			</points>
		</object>
		<object>
			<coordinate>pixel</coordinate>
			<type>rectangle</type>
			<description>None</description>
			<possibleresult>
				<name>Intersection</name>
			</possibleresult>
			<points>
				<point>1000.000000,28.666714</point>
				<point>1000.000000,36.136379</point>
				<point>978.598389,39.054779</point>
				<point>976.000000,20.000015</point>
				<point>1000.000000,28.666714</point>
			</points>
		</object>
		<object>
			<coordinate>pixel</coordinate>
			<type>rectangle</type>
			<description>None</description>
			<possibleresult>
				<name>Van</name>
			</possibleresult>
			<points>
				<point>39.000000,429.000061</point>
				<point>23.000000,437.000061</point>
				<point>20.000000,431.000061</point>
				<point>36.000000,423.000061</point>
				<point>39.000000,429.000061</point>
			</points>
		</object>
		<object>
			<coordinate>pixel</coordinate>
			<type>rectangle</type>
			<description>None</description>
			<possibleresult>
				<name>Van</name>
			</possibleresult>
			<points>
				<point>44.000000,439.000000</point>
				<point>28.827585,445.068970</point>
				<point>26.000002,438.000000</point>
				<point>41.172417,431.931030</point>
				<point>44.000000,439.000000</point>
			</points>
		</object>
		<object>
			<coordinate>pixel</coordinate>
			<type>rectangle</type>
			<description>None</description>
			<possibleresult>
				<name>Van</name>
			</possibleresult>
			<points>
				<point>114.000008,488.000031</point>
				<point>109.000008,490.000031</point>
				<point>105.000008,480.000031</point>
				<point>110.000008,478.000031</point>
				<point>114.000008,488.000031</point>
			</points>
		</object>
		<object>
			<coordinate>pixel</coordinate>
			<type>rectangle</type>
			<description>None</description>
			<possibleresult>
				<name>Small Car</name>
			</possibleresult>
			<points>
				<point>104.262756,489.722626</point>
				<point>97.999985,491.999969</point>
				<point>93.999985,480.999969</point>
				<point>100.262756,478.722626</point>
				<point>104.262756,489.722626</point>
			</points>
		</object>
		<object>
			<coordinate>pixel</coordinate>
			<type>rectangle</type>
			<description>None</description>
			<possibleresult>
				<name>Small Car</name>
			</possibleresult>
			<points>
				<point>94.300011,489.900055</point>
				<point>88.000008,492.000031</point>
				<point>85.000008,483.000031</point>
				<point>91.300011,480.900055</point>
				<point>94.300011,489.900055</point>
			</points>
		</object>
		<object>
			<coordinate>pixel</coordinate>
			<type>rectangle</type>
			<description>None</description>
			<possibleresult>
				<name>Van</name>
			</possibleresult>
			<points>
				<point>61.999992,400.999939</point>
				<point>47.317062,404.146301</point>
				<point>45.999992,397.999939</point>
				<point>60.682922,394.853577</point>
				<point>61.999992,400.999939</point>
			</points>
		</object>
		<object>
			<coordinate>pixel</coordinate>
			<type>rectangle</type>
			<description>None</description>
			<possibleresult>
				<name>Small Car</name>
			</possibleresult>
			<points>
				<point>217.000000,395.000000</point>
				<point>202.000000,395.000000</point>
				<point>202.000000,390.000000</point>
				<point>217.000000,390.000000</point>
				<point>217.000000,395.000000</point>
			</points>
		</object>
		<object>
			<coordinate>pixel</coordinate>
			<type>rectangle</type>
			<description>None</description>
			<possibleresult>
				<name>Van</name>
			</possibleresult>
			<points>
				<point>337.000000,380.000000</point>
				<point>324.000000,380.000000</point>
				<point>324.000000,375.000000</point>
				<point>337.000000,375.000000</point>
				<point>337.000000,380.000000</point>
			</points>
		</object>
		<object>
			<coordinate>pixel</coordinate>
			<type>rectangle</type>
			<description>None</description>
			<possibleresult>
				<name>other-vehicle</name>
			</possibleresult>
			<points>
				<point>432.000000,424.000000</point>
				<point>400.000000,424.000000</point>
				<point>400.000000,415.000000</point>
				<point>432.000000,415.000000</point>
				<point>432.000000,424.000000</point>
			</points>
		</object>
		<object>
			<coordinate>pixel</coordinate>
			<type>rectangle</type>
			<description>None</description>
			<possibleresult>
				<name>Van</name>
			</possibleresult>
			<points>
				<point>428.000000,439.000000</point>
				<point>408.000000,439.000000</point>
				<point>408.000000,432.000000</point>
				<point>428.000000,432.000000</point>
				<point>428.000000,439.000000</point>
			</points>
		</object>
		<object>
			<coordinate>pixel</coordinate>
			<type>rectangle</type>
			<description>None</description>
			<possibleresult>
				<name>Van</name>
			</possibleresult>
			<points>
				<point>463.332336,400.018433</point>
				<point>463.000000,406.000000</point>
				<point>445.000000,405.000000</point>
				<point>445.332336,399.018433</point>
				<point>463.332336,400.018433</point>
			</points>
		</object>
		<object>
			<coordinate>pixel</coordinate>
			<type>rectangle</type>
			<description>None</description>
			<possibleresult>
				<name>Van</name>
			</possibleresult>
			<points>
				<point>461.000000,415.000000</point>
				<point>443.000000,415.000000</point>
				<point>443.000000,410.000000</point>
				<point>461.000000,410.000000</point>
				<point>461.000000,415.000000</point>
			</points>
		</object>
		<object>
			<coordinate>pixel</coordinate>
			<type>rectangle</type>
			<description>None</description>
			<possibleresult>
				<name>Van</name>
			</possibleresult>
			<points>
				<point>468.000000,427.000000</point>
				<point>441.000000,427.000000</point>
				<point>441.000000,419.000000</point>
				<point>468.000000,419.000000</point>
				<point>468.000000,427.000000</point>
			</points>
		</object>
		<object>
			<coordinate>pixel</coordinate>
			<type>rectangle</type>
			<description>None</description>
			<possibleresult>
				<name>Van</name>
			</possibleresult>
			<points>
				<point>456.000000,437.000000</point>
				<point>436.000000,437.000000</point>
				<point>436.000000,431.000000</point>
				<point>456.000000,431.000000</point>
				<point>456.000000,437.000000</point>
			</points>
		</object>
		<object>
			<coordinate>pixel</coordinate>
			<type>rectangle</type>
			<description>None</description>
			<possibleresult>
				<name>Van</name>
			</possibleresult>
			<points>
				<point>487.000000,414.000000</point>
				<point>467.000000,414.000000</point>
				<point>467.000000,407.000000</point>
				<point>487.000000,407.000000</point>
				<point>487.000000,414.000000</point>
			</points>
		</object>
		<object>
			<coordinate>pixel</coordinate>
			<type>rectangle</type>
			<description>None</description>
			<possibleresult>
				<name>Small Car</name>
			</possibleresult>
			<points>
				<point>492.000000,423.000000</point>
				<point>473.000000,423.000000</point>
				<point>473.000000,418.000000</point>
				<point>492.000000,418.000000</point>
				<point>492.000000,423.000000</point>
			</points>
		</object>
		<object>
			<coordinate>pixel</coordinate>
			<type>rectangle</type>
			<description>None</description>
			<possibleresult>
				<name>Van</name>
			</possibleresult>
			<points>
				<point>304.458801,329.035278</point>
				<point>304.000000,335.000000</point>
				<point>290.541199,333.964722</point>
				<point>291.000000,328.000000</point>
				<point>304.458801,329.035278</point>
			</points>
		</object>
		<object>
			<coordinate>pixel</coordinate>
			<type>rectangle</type>
			<description>None</description>
			<possibleresult>
				<name>Van</name>
			</possibleresult>
			<points>
				<point>304.000000,343.000000</point>
				<point>289.000000,343.000000</point>
				<point>289.000000,337.000000</point>
				<point>304.000000,337.000000</point>
				<point>304.000000,343.000000</point>
			</points>
		</object>
		<object>
			<coordinate>pixel</coordinate>
			<type>rectangle</type>
			<description>None</description>
			<possibleresult>
				<name>Small Car</name>
			</possibleresult>
			<points>
				<point>599.000000,386.000000</point>
				<point>584.000000,386.000000</point>
				<point>584.000000,381.000000</point>
				<point>599.000000,381.000000</point>
				<point>599.000000,386.000000</point>
			</points>
		</object>
		<object>
			<coordinate>pixel</coordinate>
			<type>rectangle</type>
			<description>None</description>
			<possibleresult>
				<name>Small Car</name>
			</possibleresult>
			<points>
				<point>603.000000,419.000000</point>
				<point>587.000000,419.000000</point>
				<point>587.000000,413.000000</point>
				<point>603.000000,413.000000</point>
				<point>603.000000,419.000000</point>
			</points>
		</object>
		<object>
			<coordinate>pixel</coordinate>
			<type>rectangle</type>
			<description>None</description>
			<possibleresult>
				<name>Van</name>
			</possibleresult>
			<points>
				<point>603.332336,422.018433</point>
				<point>603.000061,428.000000</point>
				<point>584.667786,426.981567</point>
				<point>585.000061,421.000000</point>
				<point>603.332336,422.018433</point>
			</points>
		</object>
		<object>
			<coordinate>pixel</coordinate>
			<type>rectangle</type>
			<description>None</description>
			<possibleresult>
				<name>Small Car</name>
			</possibleresult>
			<points>
				<point>602.000000,435.000000</point>
				<point>587.000000,435.000000</point>
				<point>587.000000,430.000000</point>
				<point>602.000000,430.000000</point>
				<point>602.000000,435.000000</point>
			</points>
		</object>
		<object>
			<coordinate>pixel</coordinate>
			<type>rectangle</type>
			<description>None</description>
			<possibleresult>
				<name>Van</name>
			</possibleresult>
			<points>
				<point>608.000000,477.000000</point>
				<point>589.000000,477.000000</point>
				<point>589.000000,471.000000</point>
				<point>608.000000,471.000000</point>
				<point>608.000000,477.000000</point>
			</points>
		</object>
		<object>
			<coordinate>pixel</coordinate>
			<type>rectangle</type>
			<description>None</description>
			<possibleresult>
				<name>Small Car</name>
			</possibleresult>
			<points>
				<point>671.000000,464.000000</point>
				<point>653.000000,464.000000</point>
				<point>653.000000,458.000000</point>
				<point>671.000000,458.000000</point>
				<point>671.000000,464.000000</point>
			</points>
		</object>
		<object>
			<coordinate>pixel</coordinate>
			<type>rectangle</type>
			<description>None</description>
			<possibleresult>
				<name>Small Car</name>
			</possibleresult>
			<points>
				<point>670.370117,448.966858</point>
				<point>670.000000,456.000000</point>
				<point>651.000000,455.000000</point>
				<point>651.370117,447.966858</point>
				<point>670.370117,448.966858</point>
			</points>
		</object>
		<object>
			<coordinate>pixel</coordinate>
			<type>rectangle</type>
			<description>None</description>
			<possibleresult>
				<name>Van</name>
			</possibleresult>
			<points>
				<point>669.000000,447.000000</point>
				<point>651.000000,447.000000</point>
				<point>651.000000,440.000000</point>
				<point>669.000000,440.000000</point>
				<point>669.000000,447.000000</point>
			</points>
		</object>
		<object>
			<coordinate>pixel</coordinate>
			<type>rectangle</type>
			<description>None</description>
			<possibleresult>
				<name>Small Car</name>
			</possibleresult>
			<points>
				<point>666.000000,430.000000</point>
				<point>651.000000,430.000000</point>
				<point>651.000000,425.000000</point>
				<point>666.000000,425.000000</point>
				<point>666.000000,430.000000</point>
			</points>
		</object>
		<object>
			<coordinate>pixel</coordinate>
			<type>rectangle</type>
			<description>None</description>
			<possibleresult>
				<name>Small Car</name>
			</possibleresult>
			<points>
				<point>664.000000,414.000000</point>
				<point>648.000000,414.000000</point>
				<point>648.000000,409.000000</point>
				<point>664.000000,409.000000</point>
				<point>664.000000,414.000000</point>
			</points>
		</object>
		<object>
			<coordinate>pixel</coordinate>
			<type>rectangle</type>
			<description>None</description>
			<possibleresult>
				<name>Small Car</name>
			</possibleresult>
			<points>
				<point>664.332214,401.018402</point>
				<point>663.999939,406.999969</point>
				<point>645.999939,405.999969</point>
				<point>646.332214,400.018402</point>
				<point>664.332214,401.018402</point>
			</points>
		</object>
		<object>
			<coordinate>pixel</coordinate>
			<type>rectangle</type>
			<description>None</description>
			<possibleresult>
				<name>Small Car</name>
			</possibleresult>
			<points>
				<point>662.332275,392.018402</point>
				<point>662.000000,397.999969</point>
				<point>644.000000,396.999969</point>
				<point>644.332275,391.018402</point>
				<point>662.332275,392.018402</point>
			</points>
		</object>
		<object>
			<coordinate>pixel</coordinate>
			<type>rectangle</type>
			<description>None</description>
			<possibleresult>
				<name>Van</name>
			</possibleresult>
			<points>
				<point>663.000000,390.000000</point>
				<point>644.000000,390.000000</point>
				<point>644.000000,383.000000</point>
				<point>663.000000,383.000000</point>
				<point>663.000000,390.000000</point>
			</points>
		</object>
		<object>
			<coordinate>pixel</coordinate>
			<type>rectangle</type>
			<description>None</description>
			<possibleresult>
				<name>Van</name>
			</possibleresult>
			<points>
				<point>318.999969,11.999992</point>
				<point>317.190033,17.067865</point>
				<point>303.190033,12.067865</point>
				<point>304.999969,6.999992</point>
				<point>318.999969,11.999992</point>
			</points>
		</object>
		<object>
			<coordinate>pixel</coordinate>
			<type>rectangle</type>
			<description>None</description>
			<possibleresult>
				<name>Van</name>
			</possibleresult>
			<points>
				<point>315.999969,26.000004</point>
				<point>313.999969,32.000004</point>
				<point>298.999969,27.000004</point>
				<point>300.999969,21.000004</point>
				<point>315.999969,26.000004</point>
			</points>
		</object>
		<object>
			<coordinate>pixel</coordinate>
			<type>rectangle</type>
			<description>None</description>
			<possibleresult>
				<name>Small Car</name>
			</possibleresult>
			<points>
				<point>315.999969,33.999996</point>
				<point>314.095673,40.030224</point>
				<point>294.999969,33.999996</point>
				<point>296.904266,27.969769</point>
				<point>315.999969,33.999996</point>
			</points>
		</object>
		<object>
			<coordinate>pixel</coordinate>
			<type>rectangle</type>
			<description>None</description>
			<possibleresult>
				<name>Small Car</name>
			</possibleresult>
			<points>
				<point>310.000031,50.000000</point>
				<point>307.825714,57.247711</point>
				<point>287.825714,51.247711</point>
				<point>290.000031,44.000000</point>
				<point>310.000031,50.000000</point>
			</points>
		</object>
		<object>
			<coordinate>pixel</coordinate>
			<type>rectangle</type>
			<description>None</description>
			<possibleresult>
				<name>Van</name>
			</possibleresult>
			<points>
				<point>369.142822,0.000000</point>
				<point>376.499969,0.000000</point>
				<point>386.999969,3.000000</point>
				<point>384.999969,9.999998</point>
				<point>369.142822,0.000000</point>
			</points>
		</object>
		<object>
			<coordinate>pixel</coordinate>
			<type>rectangle</type>
			<description>None</description>
			<possibleresult>
				<name>Van</name>
			</possibleresult>
			<points>
				<point>383.013550,18.361979</point>
				<point>381.000000,23.999987</point>
				<point>367.000000,18.999987</point>
				<point>369.013550,13.361979</point>
				<point>383.013550,18.361979</point>
			</points>
		</object>
		<object>
			<coordinate>pixel</coordinate>
			<type>rectangle</type>
			<description>None</description>
			<possibleresult>
				<name>Van</name>
			</possibleresult>
			<points>
				<point>381.000000,26.000004</point>
				<point>379.299988,31.100002</point>
				<point>364.000000,26.000004</point>
				<point>365.700012,20.900005</point>
				<point>381.000000,26.000004</point>
			</points>
		</object>
		<object>
			<coordinate>pixel</coordinate>
			<type>rectangle</type>
			<description>None</description>
			<possibleresult>
				<name>Small Car</name>
			</possibleresult>
			<points>
				<point>382.000031,32.999996</point>
				<point>380.000031,39.999996</point>
				<point>361.773590,34.792446</point>
				<point>363.773590,27.792446</point>
				<point>382.000031,32.999996</point>
			</points>
		</object>
		<object>
			<coordinate>pixel</coordinate>
			<type>rectangle</type>
			<description>None</description>
			<possibleresult>
				<name>Small Car</name>
			</possibleresult>
			<points>
				<point>379.104614,42.036930</point>
				<point>377.000000,48.000004</point>
				<point>359.895386,41.963085</point>
				<point>362.000000,36.000011</point>
				<point>379.104614,42.036930</point>
			</points>
		</object>
		<object>
			<coordinate>pixel</coordinate>
			<type>rectangle</type>
			<description>None</description>
			<possibleresult>
				<name>Small Car</name>
			</possibleresult>
			<points>
				<point>377.000000,49.000000</point>
				<point>375.216553,55.063698</point>
				<point>358.000000,50.000000</point>
				<point>359.783447,43.936302</point>
				<point>377.000000,49.000000</point>
			</points>
		</object>
		<object>
			<coordinate>pixel</coordinate>
			<type>rectangle</type>
			<description>None</description>
			<possibleresult>
				<name>Van</name>
			</possibleresult>
			<points>
				<point>334.171204,46.030212</point>
				<point>333.114136,52.020142</point>
				<point>315.942993,48.989937</point>
				<point>317.000061,43.000008</point>
				<point>334.171204,46.030212</point>
			</points>
		</object>
		<object>
			<coordinate>pixel</coordinate>
			<type>rectangle</type>
			<description>None</description>
			<possibleresult>
				<name>Van</name>
			</possibleresult>
			<points>
				<point>337.000061,40.000008</point>
				<point>335.398621,45.124565</point>
				<point>319.398621,40.124565</point>
				<point>321.000061,35.000008</point>
				<point>337.000061,40.000008</point>
			</points>
		</object>
		<object>
			<coordinate>pixel</coordinate>
			<type>rectangle</type>
			<description>None</description>
			<possibleresult>
				<name>Van</name>
			</possibleresult>
			<points>
				<point>338.000000,32.000004</point>
				<point>336.000000,38.000004</point>
				<point>320.700012,32.900005</point>
				<point>322.700012,26.900005</point>
				<point>338.000000,32.000004</point>
			</points>
		</object>
		<object>
			<coordinate>pixel</coordinate>
			<type>rectangle</type>
			<description>None</description>
			<possibleresult>
				<name>Small Car</name>
			</possibleresult>
			<points>
				<point>341.000031,24.999992</point>
				<point>339.109650,30.041088</point>
				<point>323.000031,23.999992</point>
				<point>324.890411,18.958897</point>
				<point>341.000031,24.999992</point>
			</points>
		</object>
		<object>
			<coordinate>pixel</coordinate>
			<type>rectangle</type>
			<description>None</description>
			<possibleresult>
				<name>Small Car</name>
			</possibleresult>
			<points>
				<point>275.219177,29.082191</point>
				<point>273.000000,35.000000</point>
				<point>256.780823,28.917809</point>
				<point>259.000000,23.000000</point>
				<point>275.219177,29.082191</point>
			</points>
		</object>
		<object>
			<coordinate>pixel</coordinate>
			<type>rectangle</type>
			<description>None</description>
			<possibleresult>
				<name>Van</name>
			</possibleresult>
			<points>
				<point>279.000000,15.000000</point>
				<point>277.109619,20.041096</point>
				<point>261.000000,14.000000</point>
				<point>262.890381,8.958904</point>
				<point>279.000000,15.000000</point>
			</points>
		</object>
		<object>
			<coordinate>pixel</coordinate>
			<type>rectangle</type>
			<description>None</description>
			<possibleresult>
				<name>Van</name>
			</possibleresult>
			<points>
				<point>280.120758,5.022641</point>
				<point>279.000031,11.000000</point>
				<point>262.818878,7.966038</point>
				<point>263.939606,1.988679</point>
				<point>280.120758,5.022641</point>
			</points>
		</object>
		<object>
			<coordinate>pixel</coordinate>
			<type>rectangle</type>
			<description>None</description>
			<possibleresult>
				<name>Van</name>
			</possibleresult>
			<points>
				<point>183.000000,377.000000</point>
				<point>176.000000,377.000000</point>
				<point>176.000000,365.000000</point>
				<point>183.000000,365.000000</point>
				<point>183.000000,377.000000</point>
			</points>
		</object>
		<object>
			<coordinate>pixel</coordinate>
			<type>rectangle</type>
			<description>None</description>
			<possibleresult>
				<name>Small Car</name>
			</possibleresult>
			<points>
				<point>221.000000,355.000000</point>
				<point>212.000000,355.000000</point>
				<point>212.000000,344.000000</point>
				<point>221.000000,344.000000</point>
				<point>221.000000,355.000000</point>
			</points>
		</object>
		<object>
			<coordinate>pixel</coordinate>
			<type>rectangle</type>
			<description>None</description>
			<possibleresult>
				<name>Van</name>
			</possibleresult>
			<points>
				<point>275.000000,370.000000</point>
				<point>266.000000,370.000000</point>
				<point>266.000000,354.000000</point>
				<point>275.000000,354.000000</point>
				<point>275.000000,370.000000</point>
			</points>
		</object>
		<object>
			<coordinate>pixel</coordinate>
			<type>rectangle</type>
			<description>None</description>
			<possibleresult>
				<name>Van</name>
			</possibleresult>
			<points>
				<point>285.000000,348.000000</point>
				<point>276.000000,348.000000</point>
				<point>276.000000,332.000000</point>
				<point>285.000000,332.000000</point>
				<point>285.000000,348.000000</point>
			</points>
		</object>
		<object>
			<coordinate>pixel</coordinate>
			<type>rectangle</type>
			<description>None</description>
			<possibleresult>
				<name>Small Car</name>
			</possibleresult>
			<points>
				<point>286.000000,368.000000</point>
				<point>277.000000,368.000000</point>
				<point>277.000000,354.000000</point>
				<point>286.000000,354.000000</point>
				<point>286.000000,368.000000</point>
			</points>
		</object>
		<object>
			<coordinate>pixel</coordinate>
			<type>rectangle</type>
			<description>None</description>
			<possibleresult>
				<name>Van</name>
			</possibleresult>
			<points>
				<point>274.000000,351.000000</point>
				<point>265.000000,351.000000</point>
				<point>265.000000,333.000000</point>
				<point>274.000000,333.000000</point>
				<point>274.000000,351.000000</point>
			</points>
		</object>
		<object>
			<coordinate>pixel</coordinate>
			<type>rectangle</type>
			<description>None</description>
			<possibleresult>
				<name>Small Car</name>
			</possibleresult>
			<points>
				<point>263.000000,351.000031</point>
				<point>254.968872,351.501984</point>
				<point>253.968872,335.501984</point>
				<point>262.000000,335.000031</point>
				<point>263.000000,351.000031</point>
			</points>
		</object>
		<object>
			<coordinate>pixel</coordinate>
			<type>rectangle</type>
			<description>None</description>
			<possibleresult>
				<name>Small Car</name>
			</possibleresult>
			<points>
				<point>214.000015,375.999969</point>
				<point>205.031052,376.527557</point>
				<point>204.000015,358.999969</point>
				<point>212.968979,358.472382</point>
				<point>214.000015,375.999969</point>
			</points>
		</object>
		<object>
			<coordinate>pixel</coordinate>
			<type>rectangle</type>
			<description>None</description>
			<possibleresult>
				<name>Cargo Truck</name>
			</possibleresult>
			<points>
				<point>146.351715,306.020691</point>
				<point>146.000000,312.000000</point>
				<point>128.648285,310.979309</point>
				<point>129.000000,305.000000</point>
				<point>146.351715,306.020691</point>
			</points>
		</object>
		<object>
			<coordinate>pixel</coordinate>
			<type>rectangle</type>
			<description>None</description>
			<possibleresult>
				<name>Van</name>
			</possibleresult>
			<points>
				<point>560.000000,281.000000</point>
				<point>543.000000,281.000000</point>
				<point>543.000000,275.000000</point>
				<point>560.000000,275.000000</point>
				<point>560.000000,281.000000</point>
			</points>
		</object>
		<object>
			<coordinate>pixel</coordinate>
			<type>rectangle</type>
			<description>None</description>
			<possibleresult>
				<name>Van</name>
			</possibleresult>
			<points>
				<point>558.000000,290.000000</point>
				<point>542.000000,290.000000</point>
				<point>542.000000,284.000000</point>
				<point>558.000000,284.000000</point>
				<point>558.000000,290.000000</point>
			</points>
		</object>
		<object>
			<coordinate>pixel</coordinate>
			<type>rectangle</type>
			<description>None</description>
			<possibleresult>
				<name>Small Car</name>
			</possibleresult>
			<points>
				<point>560.000000,298.000000</point>
				<point>541.000000,298.000000</point>
				<point>541.000000,291.000000</point>
				<point>560.000000,291.000000</point>
				<point>560.000000,298.000000</point>
			</points>
		</object>
		<object>
			<coordinate>pixel</coordinate>
			<type>rectangle</type>
			<description>None</description>
			<possibleresult>
				<name>Small Car</name>
			</possibleresult>
			<points>
				<point>578.000000,269.000000</point>
				<point>570.000000,269.000000</point>
				<point>570.000000,257.000000</point>
				<point>578.000000,257.000000</point>
				<point>578.000000,269.000000</point>
			</points>
		</object>
		<object>
			<coordinate>pixel</coordinate>
			<type>rectangle</type>
			<description>None</description>
			<possibleresult>
				<name>Small Car</name>
			</possibleresult>
			<points>
				<point>589.000000,270.000000</point>
				<point>582.000000,270.000000</point>
				<point>582.000000,255.000000</point>
				<point>589.000000,255.000000</point>
				<point>589.000000,270.000000</point>
			</points>
		</object>
		<object>
			<coordinate>pixel</coordinate>
			<type>rectangle</type>
			<description>None</description>
			<possibleresult>
				<name>Small Car</name>
			</possibleresult>
			<points>
				<point>549.000000,237.000000</point>
				<point>542.000000,237.000000</point>
				<point>542.000000,224.000000</point>
				<point>549.000000,224.000000</point>
				<point>549.000000,237.000000</point>
			</points>
		</object>
		<object>
			<coordinate>pixel</coordinate>
			<type>rectangle</type>
			<description>None</description>
			<possibleresult>
				<name>Small Car</name>
			</possibleresult>
			<points>
				<point>568.000000,237.000000</point>
				<point>559.000000,237.000000</point>
				<point>559.000000,221.000000</point>
				<point>568.000000,221.000000</point>
				<point>568.000000,237.000000</point>
			</points>
		</object>
		<object>
			<coordinate>pixel</coordinate>
			<type>rectangle</type>
			<description>None</description>
			<possibleresult>
				<name>Small Car</name>
			</possibleresult>
			<points>
				<point>578.000000,236.000000</point>
				<point>570.000000,236.000000</point>
				<point>570.000000,223.000000</point>
				<point>578.000000,223.000000</point>
				<point>578.000000,236.000000</point>
			</points>
		</object>
		<object>
			<coordinate>pixel</coordinate>
			<type>rectangle</type>
			<description>None</description>
			<possibleresult>
				<name>Small Car</name>
			</possibleresult>
			<points>
				<point>526.000000,55.000000</point>
				<point>519.000000,55.000000</point>
				<point>519.000000,42.000000</point>
				<point>526.000000,42.000000</point>
				<point>526.000000,55.000000</point>
			</points>
		</object>
		<object>
			<coordinate>pixel</coordinate>
			<type>rectangle</type>
			<description>None</description>
			<possibleresult>
				<name>Small Car</name>
			</possibleresult>
			<points>
				<point>523.000000,158.000000</point>
				<point>515.000000,158.000000</point>
				<point>515.000000,144.000000</point>
				<point>523.000000,144.000000</point>
				<point>523.000000,158.000000</point>
			</points>
		</object>
		<object>
			<coordinate>pixel</coordinate>
			<type>rectangle</type>
			<description>None</description>
			<possibleresult>
				<name>Small Car</name>
			</possibleresult>
			<points>
				<point>632.000000,288.000000</point>
				<point>625.000000,288.000000</point>
				<point>625.000000,275.000000</point>
				<point>632.000000,275.000000</point>
				<point>632.000000,288.000000</point>
			</points>
		</object>
		<object>
			<coordinate>pixel</coordinate>
			<type>rectangle</type>
			<description>None</description>
			<possibleresult>
				<name>Small Car</name>
			</possibleresult>
			<points>
				<point>549.008850,354.065460</point>
				<point>542.000061,354.999969</point>
				<point>539.991272,339.934479</point>
				<point>547.000061,338.999969</point>
				<point>549.008850,354.065460</point>
			</points>
		</object>
		<object>
			<coordinate>pixel</coordinate>
			<type>rectangle</type>
			<description>None</description>
			<possibleresult>
				<name>Small Car</name>
			</possibleresult>
			<points>
				<point>559.008789,354.065491</point>
				<point>552.000000,355.000000</point>
				<point>550.000000,340.000000</point>
				<point>557.008789,339.065491</point>
				<point>559.008789,354.065491</point>
			</points>
		</object>
		<object>
			<coordinate>pixel</coordinate>
			<type>rectangle</type>
			<description>None</description>
			<possibleresult>
				<name>Small Car</name>
			</possibleresult>
			<points>
				<point>568.753967,353.030792</point>
				<point>560.753967,354.030792</point>
				<point>559.000061,340.000031</point>
				<point>567.000061,339.000031</point>
				<point>568.753967,353.030792</point>
			</points>
		</object>
		<object>
			<coordinate>pixel</coordinate>
			<type>rectangle</type>
			<description>None</description>
			<possibleresult>
				<name>Small Car</name>
			</possibleresult>
			<points>
				<point>578.008789,352.065521</point>
				<point>571.000000,353.000031</point>
				<point>568.991211,337.934540</point>
				<point>576.000000,337.000031</point>
				<point>578.008789,352.065521</point>
			</points>
		</object>
		<object>
			<coordinate>pixel</coordinate>
			<type>rectangle</type>
			<description>None</description>
			<possibleresult>
				<name>Small Car</name>
			</possibleresult>
			<points>
				<point>588.008850,351.065521</point>
				<point>581.000061,352.000031</point>
				<point>579.000061,337.000031</point>
				<point>586.008850,336.065521</point>
				<point>588.008850,351.065521</point>
			</points>
		</object>
		<object>
			<coordinate>pixel</coordinate>
			<type>rectangle</type>
			<description>None</description>
			<possibleresult>
				<name>Small Car</name>
			</possibleresult>
			<points>
				<point>598.000000,352.000000</point>
				<point>589.000000,352.000000</point>
				<point>589.000000,337.000000</point>
				<point>598.000000,337.000000</point>
				<point>598.000000,352.000000</point>
			</points>
		</object>
		<object>
			<coordinate>pixel</coordinate>
			<type>rectangle</type>
			<description>None</description>
			<possibleresult>
				<name>Small Car</name>
			</possibleresult>
			<points>
				<point>709.019714,27.198025</point>
				<point>700.999939,28.000004</point>
				<point>699.980164,17.801987</point>
				<point>707.999939,17.000008</point>
				<point>709.019714,27.198025</point>
			</points>
		</object>
		<object>
			<coordinate>pixel</coordinate>
			<type>rectangle</type>
			<description>None</description>
			<possibleresult>
				<name>Van</name>
			</possibleresult>
			<points>
				<point>710.000000,166.000000</point>
				<point>694.000000,166.000000</point>
				<point>694.000000,160.000000</point>
				<point>710.000000,160.000000</point>
				<point>710.000000,166.000000</point>
			</points>
		</object>
		<object>
			<coordinate>pixel</coordinate>
			<type>rectangle</type>
			<description>None</description>
			<possibleresult>
				<name>Van</name>
			</possibleresult>
			<points>
				<point>559.000000,418.000000</point>
				<point>540.000000,418.000000</point>
				<point>540.000000,412.000000</point>
				<point>559.000000,412.000000</point>
				<point>559.000000,418.000000</point>
			</points>
		</object>
		<object>
			<coordinate>pixel</coordinate>
			<type>rectangle</type>
			<description>None</description>
			<possibleresult>
				<name>Van</name>
			</possibleresult>
			<points>
				<point>557.000000,410.000000</point>
				<point>542.000000,410.000000</point>
				<point>542.000000,404.000000</point>
				<point>557.000000,404.000000</point>
				<point>557.000000,410.000000</point>
			</points>
		</object>
		<object>
			<coordinate>pixel</coordinate>
			<type>rectangle</type>
			<description>None</description>
			<possibleresult>
				<name>Van</name>
			</possibleresult>
			<points>
				<point>559.000000,393.000000</point>
				<point>544.000000,393.000000</point>
				<point>544.000000,387.000000</point>
				<point>559.000000,387.000000</point>
				<point>559.000000,393.000000</point>
			</points>
		</object>
		<object>
			<coordinate>pixel</coordinate>
			<type>rectangle</type>
			<description>None</description>
			<possibleresult>
				<name>Van</name>
			</possibleresult>
			<points>
				<point>558.000000,475.000000</point>
				<point>540.000000,475.000000</point>
				<point>540.000000,468.000000</point>
				<point>558.000000,468.000000</point>
				<point>558.000000,475.000000</point>
			</points>
		</object>
		<object>
			<coordinate>pixel</coordinate>
			<type>rectangle</type>
			<description>None</description>
			<possibleresult>
				<name>Van</name>
			</possibleresult>
			<points>
				<point>559.000000,467.000000</point>
				<point>537.000000,467.000000</point>
				<point>537.000000,459.000000</point>
				<point>559.000000,459.000000</point>
				<point>559.000000,467.000000</point>
			</points>
		</object>
		<object>
			<coordinate>pixel</coordinate>
			<type>rectangle</type>
			<description>None</description>
			<possibleresult>
				<name>Small Car</name>
			</possibleresult>
			<points>
				<point>630.000000,468.000000</point>
				<point>610.000000,468.000000</point>
				<point>610.000000,461.000000</point>
				<point>630.000000,461.000000</point>
				<point>630.000000,468.000000</point>
			</points>
		</object>
		<object>
			<coordinate>pixel</coordinate>
			<type>rectangle</type>
			<description>None</description>
			<possibleresult>
				<name>Van</name>
			</possibleresult>
			<points>
				<point>628.000000,452.000000</point>
				<point>609.000000,452.000000</point>
				<point>609.000000,446.000000</point>
				<point>628.000000,446.000000</point>
				<point>628.000000,452.000000</point>
			</points>
		</object>
		<object>
			<coordinate>pixel</coordinate>
			<type>rectangle</type>
			<description>None</description>
			<possibleresult>
				<name>Small Car</name>
			</possibleresult>
			<points>
				<point>626.000000,443.000000</point>
				<point>608.000000,443.000000</point>
				<point>608.000000,437.000000</point>
				<point>626.000000,437.000000</point>
				<point>626.000000,443.000000</point>
			</points>
		</object>
		<object>
			<coordinate>pixel</coordinate>
			<type>rectangle</type>
			<description>None</description>
			<possibleresult>
				<name>Van</name>
			</possibleresult>
			<points>
				<point>624.000000,434.000000</point>
				<point>608.000000,434.000000</point>
				<point>608.000000,429.000000</point>
				<point>624.000000,429.000000</point>
				<point>624.000000,434.000000</point>
			</points>
		</object>
		<object>
			<coordinate>pixel</coordinate>
			<type>rectangle</type>
			<description>None</description>
			<possibleresult>
				<name>Van</name>
			</possibleresult>
			<points>
				<point>624.000061,427.000000</point>
				<point>605.335388,428.036926</point>
				<point>605.000061,422.000000</point>
				<point>623.664734,420.963074</point>
				<point>624.000061,427.000000</point>
			</points>
		</object>
		<object>
			<coordinate>pixel</coordinate>
			<type>rectangle</type>
			<description>None</description>
			<possibleresult>
				<name>Van</name>
			</possibleresult>
			<points>
				<point>624.000000,420.000000</point>
				<point>606.000000,420.000000</point>
				<point>606.000000,413.000000</point>
				<point>624.000000,413.000000</point>
				<point>624.000000,420.000000</point>
			</points>
		</object>
		<object>
			<coordinate>pixel</coordinate>
			<type>rectangle</type>
			<description>None</description>
			<possibleresult>
				<name>Van</name>
			</possibleresult>
			<points>
				<point>623.000000,411.000000</point>
				<point>604.000000,411.000000</point>
				<point>604.000000,404.000000</point>
				<point>623.000000,404.000000</point>
				<point>623.000000,411.000000</point>
			</points>
		</object>
		<object>
			<coordinate>pixel</coordinate>
			<type>rectangle</type>
			<description>None</description>
			<possibleresult>
				<name>Van</name>
			</possibleresult>
			<points>
				<point>622.332275,401.981537</point>
				<point>604.000000,402.999969</point>
				<point>603.667725,397.018402</point>
				<point>622.000000,395.999969</point>
				<point>622.332275,401.981537</point>
			</points>
		</object>
		<object>
			<coordinate>pixel</coordinate>
			<type>rectangle</type>
			<description>None</description>
			<possibleresult>
				<name>Van</name>
			</possibleresult>
			<points>
				<point>835.000000,385.000000</point>
				<point>820.000000,385.000000</point>
				<point>820.000000,379.000000</point>
				<point>835.000000,379.000000</point>
				<point>835.000000,385.000000</point>
			</points>
		</object>
		<object>
			<coordinate>pixel</coordinate>
			<type>rectangle</type>
			<description>None</description>
			<possibleresult>
				<name>Van</name>
			</possibleresult>
			<points>
				<point>833.000000,377.000000</point>
				<point>819.000000,377.000000</point>
				<point>819.000000,370.000000</point>
				<point>833.000000,370.000000</point>
				<point>833.000000,377.000000</point>
			</points>
		</object>
		<object>
			<coordinate>pixel</coordinate>
			<type>rectangle</type>
			<description>None</description>
			<possibleresult>
				<name>Van</name>
			</possibleresult>
			<points>
				<point>872.000000,364.000000</point>
				<point>857.000000,364.000000</point>
				<point>857.000000,359.000000</point>
				<point>872.000000,359.000000</point>
				<point>872.000000,364.000000</point>
			</points>
		</object>
		<object>
			<coordinate>pixel</coordinate>
			<type>rectangle</type>
			<description>None</description>
			<possibleresult>
				<name>Van</name>
			</possibleresult>
			<points>
				<point>859.000061,353.000000</point>
				<point>841.355286,354.037903</point>
				<point>841.000061,348.000000</point>
				<point>858.644836,346.962097</point>
				<point>859.000061,353.000000</point>
			</points>
		</object>
		<object>
			<coordinate>pixel</coordinate>
			<type>rectangle</type>
			<description>None</description>
			<possibleresult>
				<name>Small Car</name>
			</possibleresult>
			<points>
				<point>765.035278,379.458832</point>
				<point>758.000000,380.000031</point>
				<point>757.000000,367.000031</point>
				<point>764.035278,366.458832</point>
				<point>765.035278,379.458832</point>
			</points>
		</object>
		<object>
			<coordinate>pixel</coordinate>
			<type>rectangle</type>
			<description>None</description>
			<possibleresult>
				<name>Van</name>
			</possibleresult>
			<points>
				<point>721.999939,382.000061</point>
				<point>714.965515,382.586243</point>
				<point>713.965515,370.586243</point>
				<point>720.999939,370.000061</point>
				<point>721.999939,382.000061</point>
			</points>
		</object>
		<object>
			<coordinate>pixel</coordinate>
			<type>rectangle</type>
			<description>None</description>
			<possibleresult>
				<name>Van</name>
			</possibleresult>
			<points>
				<point>888.000000,367.000000</point>
				<point>880.079224,367.792053</point>
				<point>879.000000,357.000000</point>
				<point>886.920776,356.207947</point>
				<point>888.000000,367.000000</point>
			</points>
		</object>
		<object>
			<coordinate>pixel</coordinate>
			<type>rectangle</type>
			<description>None</description>
			<possibleresult>
				<name>Small Car</name>
			</possibleresult>
			<points>
				<point>897.000000,367.000000</point>
				<point>889.000000,367.000000</point>
				<point>889.000000,356.000000</point>
				<point>897.000000,356.000000</point>
				<point>897.000000,367.000000</point>
			</points>
		</object>
		<object>
			<coordinate>pixel</coordinate>
			<type>rectangle</type>
			<description>None</description>
			<possibleresult>
				<name>Small Car</name>
			</possibleresult>
			<points>
				<point>933.999939,363.000000</point>
				<point>926.079163,363.792053</point>
				<point>924.999939,353.000000</point>
				<point>932.920715,352.207947</point>
				<point>933.999939,363.000000</point>
			</points>
		</object>
		<object>
			<coordinate>pixel</coordinate>
			<type>rectangle</type>
			<description>None</description>
			<possibleresult>
				<name>Small Car</name>
			</possibleresult>
			<points>
				<point>946.000000,364.000000</point>
				<point>939.000000,364.000000</point>
				<point>939.000000,352.000000</point>
				<point>946.000000,352.000000</point>
				<point>946.000000,364.000000</point>
			</points>
		</object>
		<object>
			<coordinate>pixel</coordinate>
			<type>rectangle</type>
			<description>None</description>
			<possibleresult>
				<name>Small Car</name>
			</possibleresult>
			<points>
				<point>987.999939,542.999939</point>
				<point>979.903992,544.471985</point>
				<point>977.903992,533.471985</point>
				<point>985.999939,531.999939</point>
				<point>987.999939,542.999939</point>
			</points>
		</object>
		<object>
			<coordinate>pixel</coordinate>
			<type>rectangle</type>
			<description>None</description>
			<possibleresult>
				<name>Small Car</name>
			</possibleresult>
			<points>
				<point>954.115417,546.576904</point>
				<point>947.000061,548.000000</point>
				<point>944.884705,537.423096</point>
				<point>952.000061,536.000000</point>
				<point>954.115417,546.576904</point>
			</points>
		</object>
		<object>
			<coordinate>pixel</coordinate>
			<type>rectangle</type>
			<description>None</description>
			<possibleresult>
				<name>Small Car</name>
			</possibleresult>
			<points>
				<point>943.000000,548.000061</point>
				<point>937.038452,549.192322</point>
				<point>935.000000,539.000061</point>
				<point>940.961548,537.807800</point>
				<point>943.000000,548.000061</point>
			</points>
		</object>
		<object>
			<coordinate>pixel</coordinate>
			<type>rectangle</type>
			<description>None</description>
			<possibleresult>
				<name>Van</name>
			</possibleresult>
			<points>
				<point>881.000000,560.000000</point>
				<point>874.000000,560.000000</point>
				<point>874.000000,548.000000</point>
				<point>881.000000,548.000000</point>
				<point>881.000000,560.000000</point>
			</points>
		</object>
		<object>
			<coordinate>pixel</coordinate>
			<type>rectangle</type>
			<description>None</description>
			<possibleresult>
				<name>Small Car</name>
			</possibleresult>
			<points>
				<point>884.000061,579.000000</point>
				<point>875.969055,579.472412</point>
				<point>874.969055,562.472412</point>
				<point>883.000061,562.000000</point>
				<point>884.000061,579.000000</point>
			</points>
		</object>
		<object>
			<coordinate>pixel</coordinate>
			<type>rectangle</type>
			<description>None</description>
			<possibleresult>
				<name>Small Car</name>
			</possibleresult>
			<points>
				<point>862.999878,574.000061</point>
				<point>855.185303,575.803406</point>
				<point>852.185303,562.803406</point>
				<point>859.999878,561.000061</point>
				<point>862.999878,574.000061</point>
			</points>
		</object>
		<object>
			<coordinate>pixel</coordinate>
			<type>rectangle</type>
			<description>None</description>
			<possibleresult>
				<name>Small Car</name>
			</possibleresult>
			<points>
				<point>850.954407,557.639587</point>
				<point>849.954407,571.639587</point>
				<point>841.000061,570.999939</point>
				<point>842.000061,556.999939</point>
				<point>850.954407,557.639587</point>
			</points>
		</object>
		<object>
			<coordinate>pixel</coordinate>
			<type>rectangle</type>
			<description>None</description>
			<possibleresult>
				<name>Van</name>
			</possibleresult>
			<points>
				<point>918.011536,508.075073</point>
				<point>911.999939,508.999939</point>
				<point>909.988342,495.924805</point>
				<point>915.999939,494.999939</point>
				<point>918.011536,508.075073</point>
			</points>
		</object>
		<object>
			<coordinate>pixel</coordinate>
			<type>rectangle</type>
			<description>None</description>
			<possibleresult>
				<name>Small Car</name>
			</possibleresult>
			<points>
				<point>929.000183,509.000061</point>
				<point>921.000183,510.000061</point>
				<point>919.000183,494.000061</point>
				<point>927.000183,493.000061</point>
				<point>929.000183,509.000061</point>
			</points>
		</object>
		<object>
			<coordinate>pixel</coordinate>
			<type>rectangle</type>
			<description>None</description>
			<possibleresult>
				<name>Van</name>
			</possibleresult>
			<points>
				<point>939.000000,504.999939</point>
				<point>932.011597,506.075073</point>
				<point>930.000000,492.999939</point>
				<point>936.988403,491.924805</point>
				<point>939.000000,504.999939</point>
			</points>
		</object>
		<object>
			<coordinate>pixel</coordinate>
			<type>rectangle</type>
			<description>None</description>
			<possibleresult>
				<name>Van</name>
			</possibleresult>
			<points>
				<point>950.000061,502.000000</point>
				<point>943.076965,503.384644</point>
				<point>941.000061,493.000000</point>
				<point>947.923157,491.615356</point>
				<point>950.000061,502.000000</point>
			</points>
		</object>
		<object>
			<coordinate>pixel</coordinate>
			<type>rectangle</type>
			<description>None</description>
			<possibleresult>
				<name>Van</name>
			</possibleresult>
			<points>
				<point>984.008850,376.065491</point>
				<point>977.000061,377.000000</point>
				<point>974.991272,361.934509</point>
				<point>982.000061,361.000000</point>
				<point>984.008850,376.065491</point>
			</points>
		</object>
		<object>
			<coordinate>pixel</coordinate>
			<type>rectangle</type>
			<description>None</description>
			<possibleresult>
				<name>Small Car</name>
			</possibleresult>
			<points>
				<point>812.034424,336.586182</point>
				<point>805.000000,337.000000</point>
				<point>804.000000,320.000000</point>
				<point>811.034424,319.586182</point>
				<point>812.034424,336.586182</point>
			</points>
		</object>
		<object>
			<coordinate>pixel</coordinate>
			<type>rectangle</type>
			<description>None</description>
			<possibleresult>
				<name>Small Car</name>
			</possibleresult>
			<points>
				<point>822.000061,336.000031</point>
				<point>814.031189,336.498077</point>
				<point>813.000061,320.000031</point>
				<point>820.968933,319.501984</point>
				<point>822.000061,336.000031</point>
			</points>
		</object>
		<object>
			<coordinate>pixel</coordinate>
			<type>rectangle</type>
			<description>None</description>
			<possibleresult>
				<name>Van</name>
			</possibleresult>
			<points>
				<point>832.000000,334.000000</point>
				<point>823.968872,334.501953</point>
				<point>822.968872,318.501953</point>
				<point>831.000000,318.000000</point>
				<point>832.000000,334.000000</point>
			</points>
		</object>
		<object>
			<coordinate>pixel</coordinate>
			<type>rectangle</type>
			<description>None</description>
			<possibleresult>
				<name>Van</name>
			</possibleresult>
			<points>
				<point>841.000061,334.000031</point>
				<point>834.027283,334.435822</point>
				<point>833.000061,318.000031</point>
				<point>839.972839,317.564240</point>
				<point>841.000061,334.000031</point>
			</points>
		</object>
		<object>
			<coordinate>pixel</coordinate>
			<type>rectangle</type>
			<description>None</description>
			<possibleresult>
				<name>Small Car</name>
			</possibleresult>
			<points>
				<point>870.000000,332.000000</point>
				<point>862.027588,332.468994</point>
				<point>861.000000,315.000000</point>
				<point>868.972412,314.531006</point>
				<point>870.000000,332.000000</point>
			</points>
		</object>
		<object>
			<coordinate>pixel</coordinate>
			<type>rectangle</type>
			<description>None</description>
			<possibleresult>
				<name>Van</name>
			</possibleresult>
			<points>
				<point>905.000000,238.000000</point>
				<point>891.000000,238.000000</point>
				<point>891.000000,232.000000</point>
				<point>905.000000,232.000000</point>
				<point>905.000000,238.000000</point>
			</points>
		</object>
		<object>
			<coordinate>pixel</coordinate>
			<type>rectangle</type>
			<description>None</description>
			<possibleresult>
				<name>Small Car</name>
			</possibleresult>
			<points>
				<point>902.000000,230.000000</point>
				<point>891.000000,230.000000</point>
				<point>891.000000,224.000000</point>
				<point>902.000000,224.000000</point>
				<point>902.000000,230.000000</point>
			</points>
		</object>
		<object>
			<coordinate>pixel</coordinate>
			<type>rectangle</type>
			<description>None</description>
			<possibleresult>
				<name>Van</name>
			</possibleresult>
			<points>
				<point>799.351746,207.979309</point>
				<point>782.000061,209.000000</point>
				<point>781.648376,203.020691</point>
				<point>799.000061,202.000000</point>
				<point>799.351746,207.979309</point>
			</points>
		</object>
		<object>
			<coordinate>pixel</coordinate>
			<type>rectangle</type>
			<description>None</description>
			<possibleresult>
				<name>Cargo Truck</name>
			</possibleresult>
			<points>
				<point>832.000000,30.000000</point>
				<point>803.000000,30.000000</point>
				<point>803.000000,22.000000</point>
				<point>832.000000,22.000000</point>
				<point>832.000000,30.000000</point>
			</points>
		</object>
		<object>
			<coordinate>pixel</coordinate>
			<type>rectangle</type>
			<description>None</description>
			<possibleresult>
				<name>Small Car</name>
			</possibleresult>
			<points>
				<point>868.435791,32.972763</point>
				<point>852.000000,34.000000</point>
				<point>851.564209,27.027237</point>
				<point>868.000000,26.000000</point>
				<point>868.435791,32.972763</point>
			</points>
		</object>
		<object>
			<coordinate>pixel</coordinate>
			<type>rectangle</type>
			<description>None</description>
			<possibleresult>
				<name>Van</name>
			</possibleresult>
			<points>
				<point>912.000000,100.000000</point>
				<point>894.000000,100.000000</point>
				<point>894.000000,93.000000</point>
				<point>912.000000,93.000000</point>
				<point>912.000000,100.000000</point>
			</points>
		</object>
		<object>
			<coordinate>pixel</coordinate>
			<type>rectangle</type>
			<description>None</description>
			<possibleresult>
				<name>Small Car</name>
			</possibleresult>
			<points>
				<point>915.786133,122.895210</point>
				<point>900.000122,125.000008</point>
				<point>899.214111,119.104805</point>
				<point>915.000122,117.000008</point>
				<point>915.786133,122.895210</point>
			</points>
		</object>
	</objects>
</annotation>