<?xml version="1.0" encoding="utf-8"?>
<annotation>
	<source>
		<filename>1318.tif</filename>
		<origin>GF2/GF3</origin>
	</source>
	<research>
		<version>1.0</version>
		<provider>FAIR1M</provider>
		<author>Cyber</author>
		<pluginname>FAIR1M</pluginname>
		<pluginclass>object detection</pluginclass>
		<time>2021-03</time>
	</research>
	<size>
		<width>1000</width>
		<height>1000</height>
		<depth>3</depth>
	</size>
	<objects>
		<object>
			<coordinate>pixel</coordinate>
			<type>rectangle</type>
			<description>None</description>
			<possibleresult>
				<name>Van</name>
			</possibleresult>
			<points>
				<point>339.000000,366.000000</point>
				<point>323.482788,372.206909</point>
				<point>321.000000,366.000000</point>
				<point>336.517212,359.793091</point>
				<point>339.000000,366.000000</point>
			</points>
		</object>
		<object>
			<coordinate>pixel</coordinate>
			<type>rectangle</type>
			<description>None</description>
			<possibleresult>
				<name>Van</name>
			</possibleresult>
			<points>
				<point>318.402344,372.834290</point>
				<point>301.000000,380.000000</point>
				<point>298.597656,374.165710</point>
				<point>316.000000,367.000000</point>
				<point>318.402344,372.834290</point>
			</points>
		</object>
		<object>
			<coordinate>pixel</coordinate>
			<type>rectangle</type>
			<description>None</description>
			<possibleresult>
				<name>Van</name>
			</possibleresult>
			<points>
				<point>310.217590,398.373077</point>
				<point>304.000000,402.000031</point>
				<point>297.000000,390.000031</point>
				<point>303.217590,386.373077</point>
				<point>310.217590,398.373077</point>
			</points>
		</object>
		<object>
			<coordinate>pixel</coordinate>
			<type>rectangle</type>
			<description>None</description>
			<possibleresult>
				<name>Van</name>
			</possibleresult>
			<points>
				<point>319.000000,416.000000</point>
				<point>313.217590,419.373047</point>
				<point>306.000000,407.000000</point>
				<point>311.782410,403.626953</point>
				<point>319.000000,416.000000</point>
			</points>
		</object>
		<object>
			<coordinate>pixel</coordinate>
			<type>rectangle</type>
			<description>None</description>
			<possibleresult>
				<name>Cargo Truck</name>
			</possibleresult>
			<points>
				<point>221.240799,531.886719</point>
				<point>204.000015,540.000000</point>
				<point>200.759232,533.113281</point>
				<point>218.000015,525.000000</point>
				<point>221.240799,531.886719</point>
			</points>
		</object>
		<object>
			<coordinate>pixel</coordinate>
			<type>rectangle</type>
			<description>None</description>
			<possibleresult>
				<name>Van</name>
			</possibleresult>
			<points>
				<point>225.999969,544.000000</point>
				<point>207.758698,551.093872</point>
				<point>205.000000,544.000000</point>
				<point>223.241272,536.906128</point>
				<point>225.999969,544.000000</point>
			</points>
		</object>
		<object>
			<coordinate>pixel</coordinate>
			<type>rectangle</type>
			<description>None</description>
			<possibleresult>
				<name>Van</name>
			</possibleresult>
			<points>
				<point>231.282089,557.226685</point>
				<point>212.282089,563.226685</point>
				<point>209.999985,556.000000</point>
				<point>228.999985,550.000000</point>
				<point>231.282089,557.226685</point>
			</points>
		</object>
		<object>
			<coordinate>pixel</coordinate>
			<type>rectangle</type>
			<description>None</description>
			<possibleresult>
				<name>Van</name>
			</possibleresult>
			<points>
				<point>231.373062,573.782349</point>
				<point>219.000015,581.000000</point>
				<point>215.626968,575.217651</point>
				<point>228.000015,568.000000</point>
				<point>231.373062,573.782349</point>
			</points>
		</object>
		<object>
			<coordinate>pixel</coordinate>
			<type>rectangle</type>
			<description>None</description>
			<possibleresult>
				<name>Van</name>
			</possibleresult>
			<points>
				<point>262.000000,155.000015</point>
				<point>246.000000,161.000015</point>
				<point>243.328766,153.876724</point>
				<point>259.328766,147.876724</point>
				<point>262.000000,155.000015</point>
			</points>
		</object>
		<object>
			<coordinate>pixel</coordinate>
			<type>rectangle</type>
			<description>None</description>
			<possibleresult>
				<name>Small Car</name>
			</possibleresult>
			<points>
				<point>273.090637,137.192627</point>
				<point>265.000000,141.000000</point>
				<point>256.909363,123.807373</point>
				<point>265.000000,120.000000</point>
				<point>273.090637,137.192627</point>
			</points>
		</object>
		<object>
			<coordinate>pixel</coordinate>
			<type>rectangle</type>
			<description>None</description>
			<possibleresult>
				<name>Van</name>
			</possibleresult>
			<points>
				<point>363.271973,304.577881</point>
				<point>356.000000,308.000000</point>
				<point>348.000000,291.000000</point>
				<point>355.271973,287.577881</point>
				<point>363.271973,304.577881</point>
			</points>
		</object>
		<object>
			<coordinate>pixel</coordinate>
			<type>rectangle</type>
			<description>None</description>
			<possibleresult>
				<name>Cargo Truck</name>
			</possibleresult>
			<points>
				<point>506.547363,526.115356</point>
				<point>497.000000,531.000000</point>
				<point>475.000000,488.000031</point>
				<point>484.547363,483.115356</point>
				<point>506.547363,526.115356</point>
			</points>
		</object>
		<object>
			<coordinate>pixel</coordinate>
			<type>rectangle</type>
			<description>None</description>
			<possibleresult>
				<name>Trailer</name>
			</possibleresult>
			<points>
				<point>628.117981,710.227295</point>
				<point>617.000061,716.000122</point>
				<point>590.000061,664.000122</point>
				<point>601.117981,658.227295</point>
				<point>628.117981,710.227295</point>
			</points>
		</object>
		<object>
			<coordinate>pixel</coordinate>
			<type>rectangle</type>
			<description>None</description>
			<possibleresult>
				<name>other-vehicle</name>
			</possibleresult>
			<points>
				<point>433.999969,511.000000</point>
				<point>414.569244,517.135986</point>
				<point>411.999969,509.000000</point>
				<point>431.430695,502.864014</point>
				<point>433.999969,511.000000</point>
			</points>
		</object>
		<object>
			<coordinate>pixel</coordinate>
			<type>rectangle</type>
			<description>None</description>
			<possibleresult>
				<name>other-vehicle</name>
			</possibleresult>
			<points>
				<point>441.257935,525.877747</point>
				<point>422.000000,534.999939</point>
				<point>418.742065,528.122131</point>
				<point>438.000000,518.999939</point>
				<point>441.257935,525.877747</point>
			</points>
		</object>
		<object>
			<coordinate>pixel</coordinate>
			<type>rectangle</type>
			<description>None</description>
			<possibleresult>
				<name>Trailer</name>
			</possibleresult>
			<points>
				<point>360.000031,562.999939</point>
				<point>350.116913,568.221252</point>
				<point>322.000031,514.999939</point>
				<point>331.883148,509.778625</point>
				<point>360.000031,562.999939</point>
			</points>
		</object>
		<object>
			<coordinate>pixel</coordinate>
			<type>rectangle</type>
			<description>None</description>
			<possibleresult>
				<name>Trailer</name>
			</possibleresult>
			<points>
				<point>348.200012,570.400085</point>
				<point>337.000000,576.000061</point>
				<point>310.799988,523.600037</point>
				<point>322.000000,518.000061</point>
				<point>348.200012,570.400085</point>
			</points>
		</object>
		<object>
			<coordinate>pixel</coordinate>
			<type>rectangle</type>
			<description>None</description>
			<possibleresult>
				<name>Van</name>
			</possibleresult>
			<points>
				<point>748.000000,961.000000</point>
				<point>741.099976,963.300049</point>
				<point>735.000000,945.000000</point>
				<point>741.900024,942.699951</point>
				<point>748.000000,961.000000</point>
			</points>
		</object>
		<object>
			<coordinate>pixel</coordinate>
			<type>rectangle</type>
			<description>None</description>
			<possibleresult>
				<name>Small Car</name>
			</possibleresult>
			<points>
				<point>796.076782,848.164307</point>
				<point>790.000122,851.000122</point>
				<point>782.923462,835.835938</point>
				<point>789.000122,833.000122</point>
				<point>796.076782,848.164307</point>
			</points>
		</object>
		<object>
			<coordinate>pixel</coordinate>
			<type>rectangle</type>
			<description>None</description>
			<possibleresult>
				<name>Cargo Truck</name>
			</possibleresult>
			<points>
				<point>773.303711,833.576965</point>
				<point>763.000000,838.999939</point>
				<point>742.696289,800.422913</point>
				<point>753.000000,794.999939</point>
				<point>773.303711,833.576965</point>
			</points>
		</object>
		<object>
			<coordinate>pixel</coordinate>
			<type>rectangle</type>
			<description>None</description>
			<possibleresult>
				<name>Cargo Truck</name>
			</possibleresult>
			<points>
				<point>690.254822,681.858521</point>
				<point>681.254822,686.858521</point>
				<point>668.000061,663.000000</point>
				<point>677.000061,658.000000</point>
				<point>690.254822,681.858521</point>
			</points>
		</object>
		<object>
			<coordinate>pixel</coordinate>
			<type>rectangle</type>
			<description>None</description>
			<possibleresult>
				<name>Cargo Truck</name>
			</possibleresult>
			<points>
				<point>643.318115,564.706848</point>
				<point>636.000000,567.999939</point>
				<point>626.681885,547.293030</point>
				<point>634.000000,543.999939</point>
				<point>643.318115,564.706848</point>
			</points>
		</object>
		<object>
			<coordinate>pixel</coordinate>
			<type>rectangle</type>
			<description>None</description>
			<possibleresult>
				<name>Cargo Truck</name>
			</possibleresult>
			<points>
				<point>455.044617,148.083252</point>
				<point>444.000000,154.000000</point>
				<point>428.955383,125.916748</point>
				<point>440.000000,120.000000</point>
				<point>455.044617,148.083252</point>
			</points>
		</object>
		<object>
			<coordinate>pixel</coordinate>
			<type>rectangle</type>
			<description>None</description>
			<possibleresult>
				<name>Cargo Truck</name>
			</possibleresult>
			<points>
				<point>340.000031,24.000000</point>
				<point>332.086823,28.164860</point>
				<point>322.000031,9.000000</point>
				<point>329.913239,4.835140</point>
				<point>340.000031,24.000000</point>
			</points>
		</object>
		<object>
			<coordinate>pixel</coordinate>
			<type>rectangle</type>
			<description>None</description>
			<possibleresult>
				<name>Van</name>
			</possibleresult>
			<points>
				<point>1000.000000,981.000061</point>
				<point>1000.000000,984.333374</point>
				<point>986.000000,989.000061</point>
				<point>984.000000,983.000061</point>
				<point>1000.000000,981.000061</point>
			</points>
		</object>
		<object>
			<coordinate>pixel</coordinate>
			<type>rectangle</type>
			<description>None</description>
			<possibleresult>
				<name>Small Car</name>
			</possibleresult>
			<points>
				<point>990.780762,1000.000000</point>
				<point>990.780762,994.625000</point>
				<point>1000.000000,994.625000</point>
				<point>1000.000000,1000.000000</point>
				<point>990.780762,1000.000000</point>
			</points>
		</object>
		<object>
			<coordinate>pixel</coordinate>
			<type>rectangle</type>
			<description>None</description>
			<possibleresult>
				<name>Van</name>
			</possibleresult>
			<points>
				<point>990.768738,912.606689</point>
				<point>985.000061,916.000000</point>
				<point>975.000061,899.000000</point>
				<point>980.768738,895.606689</point>
				<point>990.768738,912.606689</point>
			</points>
		</object>
		<object>
			<coordinate>pixel</coordinate>
			<type>rectangle</type>
			<description>None</description>
			<possibleresult>
				<name>Cargo Truck</name>
			</possibleresult>
			<points>
				<point>947.000000,687.000000</point>
				<point>939.023804,692.037598</point>
				<point>927.000000,673.000000</point>
				<point>934.976196,667.962402</point>
				<point>947.000000,687.000000</point>
			</points>
		</object>
		<object>
			<coordinate>pixel</coordinate>
			<type>rectangle</type>
			<description>None</description>
			<possibleresult>
				<name>Cargo Truck</name>
			</possibleresult>
			<points>
				<point>967.000000,690.000000</point>
				<point>956.727539,696.574341</point>
				<point>940.727539,671.574341</point>
				<point>951.000000,665.000000</point>
				<point>967.000000,690.000000</point>
			</points>
		</object>
		<object>
			<coordinate>pixel</coordinate>
			<type>rectangle</type>
			<description>None</description>
			<possibleresult>
				<name>Cargo Truck</name>
			</possibleresult>
			<points>
				<point>989.570801,632.736572</point>
				<point>986.000122,625.000000</point>
				<point>1000.000122,618.538452</point>
				<point>1003.570801,626.275024</point>
				<point>989.570801,632.736572</point>
			</points>
		</object>
		<object>
			<coordinate>pixel</coordinate>
			<type>rectangle</type>
			<description>None</description>
			<possibleresult>
				<name>Van</name>
			</possibleresult>
			<points>
				<point>861.000000,658.000000</point>
				<point>856.000000,661.000000</point>
				<point>848.411743,648.352905</point>
				<point>853.411743,645.352905</point>
				<point>861.000000,658.000000</point>
			</points>
		</object>
		<object>
			<coordinate>pixel</coordinate>
			<type>rectangle</type>
			<description>None</description>
			<possibleresult>
				<name>Van</name>
			</possibleresult>
			<points>
				<point>897.000000,641.999939</point>
				<point>891.308960,645.502136</point>
				<point>883.000000,631.999939</point>
				<point>888.691040,628.497742</point>
				<point>897.000000,641.999939</point>
			</points>
		</object>
		<object>
			<coordinate>pixel</coordinate>
			<type>rectangle</type>
			<description>None</description>
			<possibleresult>
				<name>Van</name>
			</possibleresult>
			<points>
				<point>913.999939,631.000000</point>
				<point>909.153748,634.230713</point>
				<point>902.999939,625.000000</point>
				<point>907.846130,621.769287</point>
				<point>913.999939,631.000000</point>
			</points>
		</object>
		<object>
			<coordinate>pixel</coordinate>
			<type>rectangle</type>
			<description>None</description>
			<possibleresult>
				<name>Small Car</name>
			</possibleresult>
			<points>
				<point>924.000000,630.000000</point>
				<point>918.264648,633.441162</point>
				<point>910.411743,620.352905</point>
				<point>916.147095,616.911743</point>
				<point>924.000000,630.000000</point>
			</points>
		</object>
		<object>
			<coordinate>pixel</coordinate>
			<type>rectangle</type>
			<description>None</description>
			<possibleresult>
				<name>Small Car</name>
			</possibleresult>
			<points>
				<point>969.610107,610.393616</point>
				<point>964.000000,614.000061</point>
				<point>955.000000,600.000061</point>
				<point>960.610107,596.393616</point>
				<point>969.610107,610.393616</point>
			</points>
		</object>
		<object>
			<coordinate>pixel</coordinate>
			<type>rectangle</type>
			<description>None</description>
			<possibleresult>
				<name>Small Car</name>
			</possibleresult>
			<points>
				<point>977.917603,604.870544</point>
				<point>973.000000,607.999939</point>
				<point>966.000000,596.999939</point>
				<point>970.917603,593.870544</point>
				<point>977.917603,604.870544</point>
			</points>
		</object>
		<object>
			<coordinate>pixel</coordinate>
			<type>rectangle</type>
			<description>None</description>
			<possibleresult>
				<name>Van</name>
			</possibleresult>
			<points>
				<point>987.999878,599.999939</point>
				<point>981.999878,603.999939</point>
				<point>974.307617,592.461487</point>
				<point>980.307617,588.461487</point>
				<point>987.999878,599.999939</point>
			</points>
		</object>
		<object>
			<coordinate>pixel</coordinate>
			<type>rectangle</type>
			<description>None</description>
			<possibleresult>
				<name>Small Car</name>
			</possibleresult>
			<points>
				<point>1000.000000,597.999878</point>
				<point>992.528381,585.191711</point>
				<point>997.999939,582.000061</point>
				<point>1000.000000,585.428711</point>
				<point>1000.000000,597.999878</point>
			</points>
		</object>
		<object>
			<coordinate>pixel</coordinate>
			<type>rectangle</type>
			<description>None</description>
			<possibleresult>
				<name>Van</name>
			</possibleresult>
			<points>
				<point>1000.000000,459.571442</point>
				<point>996.000000,459.000031</point>
				<point>998.000000,445.000031</point>
				<point>1002.000000,445.571442</point>
				<point>1000.000000,459.571442</point>
			</points>
		</object>
		<object>
			<coordinate>pixel</coordinate>
			<type>rectangle</type>
			<description>None</description>
			<possibleresult>
				<name>Van</name>
			</possibleresult>
			<points>
				<point>994.008789,444.934540</point>
				<point>992.000000,460.000031</point>
				<point>984.991211,459.065521</point>
				<point>987.000000,444.000031</point>
				<point>994.008789,444.934540</point>
			</points>
		</object>
		<object>
			<coordinate>pixel</coordinate>
			<type>rectangle</type>
			<description>None</description>
			<possibleresult>
				<name>Small Car</name>
			</possibleresult>
			<points>
				<point>973.000000,442.000031</point>
				<point>971.972412,459.469025</point>
				<point>964.000000,459.000031</point>
				<point>965.027588,441.531036</point>
				<point>973.000000,442.000031</point>
			</points>
		</object>
		<object>
			<coordinate>pixel</coordinate>
			<type>rectangle</type>
			<description>None</description>
			<possibleresult>
				<name>Van</name>
			</possibleresult>
			<points>
				<point>983.000000,443.000000</point>
				<point>981.969482,457.426392</point>
				<point>976.000000,457.000000</point>
				<point>977.030518,442.573608</point>
				<point>983.000000,443.000000</point>
			</points>
		</object>
		<object>
			<coordinate>pixel</coordinate>
			<type>rectangle</type>
			<description>None</description>
			<possibleresult>
				<name>Van</name>
			</possibleresult>
			<points>
				<point>901.400146,448.799957</point>
				<point>887.000122,455.999969</point>
				<point>884.600098,451.199982</point>
				<point>899.000122,443.999969</point>
				<point>901.400146,448.799957</point>
			</points>
		</object>
		<object>
			<coordinate>pixel</coordinate>
			<type>rectangle</type>
			<description>None</description>
			<possibleresult>
				<name>Cargo Truck</name>
			</possibleresult>
			<points>
				<point>882.112366,382.179779</point>
				<point>876.000061,386.000031</point>
				<point>865.887756,369.820282</point>
				<point>872.000061,366.000031</point>
				<point>882.112366,382.179779</point>
			</points>
		</object>
		<object>
			<coordinate>pixel</coordinate>
			<type>rectangle</type>
			<description>None</description>
			<possibleresult>
				<name>Small Car</name>
			</possibleresult>
			<points>
				<point>860.357422,357.556000</point>
				<point>855.000000,361.000031</point>
				<point>846.000000,347.000031</point>
				<point>851.357422,343.556000</point>
				<point>860.357422,357.556000</point>
			</points>
		</object>
		<object>
			<coordinate>pixel</coordinate>
			<type>rectangle</type>
			<description>None</description>
			<possibleresult>
				<name>Cargo Truck</name>
			</possibleresult>
			<points>
				<point>844.000061,336.000061</point>
				<point>838.184631,339.323120</point>
				<point>830.000061,325.000061</point>
				<point>835.815491,321.677002</point>
				<point>844.000061,336.000061</point>
			</points>
		</object>
		<object>
			<coordinate>pixel</coordinate>
			<type>rectangle</type>
			<description>None</description>
			<possibleresult>
				<name>Van</name>
			</possibleresult>
			<points>
				<point>826.128418,310.238586</point>
				<point>821.000000,313.000061</point>
				<point>813.871582,299.761536</point>
				<point>819.000000,297.000061</point>
				<point>826.128418,310.238586</point>
			</points>
		</object>
		<object>
			<coordinate>pixel</coordinate>
			<type>rectangle</type>
			<description>None</description>
			<possibleresult>
				<name>Van</name>
			</possibleresult>
			<points>
				<point>848.240295,316.390564</point>
				<point>843.999939,319.000000</point>
				<point>835.999939,306.000000</point>
				<point>840.240295,303.390564</point>
				<point>848.240295,316.390564</point>
			</points>
		</object>
		<object>
			<coordinate>pixel</coordinate>
			<type>rectangle</type>
			<description>None</description>
			<possibleresult>
				<name>Van</name>
			</possibleresult>
			<points>
				<point>871.400146,43.799980</point>
				<point>858.200195,50.399979</point>
				<point>855.800171,45.599976</point>
				<point>869.000122,38.999977</point>
				<point>871.400146,43.799980</point>
			</points>
		</object>
	</objects>
</annotation>