<?xml version="1.0" encoding="utf-8"?>
<annotation>
	<source>
		<filename>132.tif</filename>
		<origin>GF2/GF3</origin>
	</source>
	<research>
		<version>1.0</version>
		<provider>FAIR1M</provider>
		<author>Cyber</author>
		<pluginname>FAIR1M</pluginname>
		<pluginclass>object detection</pluginclass>
		<time>2021-03</time>
	</research>
	<size>
		<width>1000</width>
		<height>1000</height>
		<depth>3</depth>
	</size>
	<objects>
		<object>
			<coordinate>pixel</coordinate>
			<type>rectangle</type>
			<description>None</description>
			<possibleresult>
				<name>Van</name>
			</possibleresult>
			<points>
				<point>-0.000000,72.999985</point>
				<point>-0.000000,72.999985</point>
				<point>0.000001,63.000000</point>
				<point>0.000001,63.000000</point>
				<point>-0.000000,72.999985</point>
			</points>
		</object>
		<object>
			<coordinate>pixel</coordinate>
			<type>rectangle</type>
			<description>None</description>
			<possibleresult>
				<name>Small Car</name>
			</possibleresult>
			<points>
				<point>233.382370,20.029413</point>
				<point>212.382370,21.029413</point>
				<point>212.000015,13.000002</point>
				<point>233.000015,12.000002</point>
				<point>233.382370,20.029413</point>
			</points>
		</object>
		<object>
			<coordinate>pixel</coordinate>
			<type>rectangle</type>
			<description>None</description>
			<possibleresult>
				<name>Small Car</name>
			</possibleresult>
			<points>
				<point>176.768280,149.085358</point>
				<point>176.000000,156.000000</point>
				<point>157.231720,153.914642</point>
				<point>158.000000,147.000000</point>
				<point>176.768280,149.085358</point>
			</points>
		</object>
		<object>
			<coordinate>pixel</coordinate>
			<type>rectangle</type>
			<description>None</description>
			<possibleresult>
				<name>Van</name>
			</possibleresult>
			<points>
				<point>168.999985,157.000015</point>
				<point>168.297012,164.029709</point>
				<point>147.999985,162.000015</point>
				<point>148.702957,154.970322</point>
				<point>168.999985,157.000015</point>
			</points>
		</object>
		<object>
			<coordinate>pixel</coordinate>
			<type>rectangle</type>
			<description>None</description>
			<possibleresult>
				<name>Small Car</name>
			</possibleresult>
			<points>
				<point>992.119995,40.160000</point>
				<point>981.119995,42.160000</point>
				<point>978.000000,24.999996</point>
				<point>989.000000,22.999996</point>
				<point>992.119995,40.160000</point>
			</points>
		</object>
		<object>
			<coordinate>pixel</coordinate>
			<type>rectangle</type>
			<description>None</description>
			<possibleresult>
				<name>Van</name>
			</possibleresult>
			<points>
				<point>985.229553,54.524593</point>
				<point>975.000061,59.000004</point>
				<point>968.000061,43.000004</point>
				<point>978.229553,38.524593</point>
				<point>985.229553,54.524593</point>
			</points>
		</object>
		<object>
			<coordinate>pixel</coordinate>
			<type>rectangle</type>
			<description>None</description>
			<possibleresult>
				<name>Small Car</name>
			</possibleresult>
			<points>
				<point>819.999878,121.999985</point>
				<point>814.620605,129.448257</point>
				<point>796.620605,116.448257</point>
				<point>801.999878,108.999985</point>
				<point>819.999878,121.999985</point>
			</points>
		</object>
		<object>
			<coordinate>pixel</coordinate>
			<type>rectangle</type>
			<description>None</description>
			<possibleresult>
				<name>Small Car</name>
			</possibleresult>
			<points>
				<point>841.074219,135.056763</point>
				<point>835.000000,143.000000</point>
				<point>817.925781,129.943237</point>
				<point>824.000000,122.000000</point>
				<point>841.074219,135.056763</point>
			</points>
		</object>
		<object>
			<coordinate>pixel</coordinate>
			<type>rectangle</type>
			<description>None</description>
			<possibleresult>
				<name>Van</name>
			</possibleresult>
			<points>
				<point>874.430786,152.246140</point>
				<point>870.000000,159.999985</point>
				<point>850.938477,149.107681</point>
				<point>855.369263,141.353836</point>
				<point>874.430786,152.246140</point>
			</points>
		</object>
		<object>
			<coordinate>pixel</coordinate>
			<type>rectangle</type>
			<description>None</description>
			<possibleresult>
				<name>Small Car</name>
			</possibleresult>
			<points>
				<point>912.000000,172.000000</point>
				<point>907.709595,179.410797</point>
				<point>888.709595,168.410797</point>
				<point>893.000000,161.000000</point>
				<point>912.000000,172.000000</point>
			</points>
		</object>
		<object>
			<coordinate>pixel</coordinate>
			<type>rectangle</type>
			<description>None</description>
			<possibleresult>
				<name>Small Car</name>
			</possibleresult>
			<points>
				<point>949.781555,192.871460</point>
				<point>945.000061,201.000000</point>
				<point>928.000061,191.000000</point>
				<point>932.781555,182.871460</point>
				<point>949.781555,192.871460</point>
			</points>
		</object>
		<object>
			<coordinate>pixel</coordinate>
			<type>rectangle</type>
			<description>None</description>
			<possibleresult>
				<name>Van</name>
			</possibleresult>
			<points>
				<point>982.000061,211.000046</point>
				<point>977.800110,219.400040</point>
				<point>959.800110,210.400040</point>
				<point>964.000061,202.000046</point>
				<point>982.000061,211.000046</point>
			</points>
		</object>
		<object>
			<coordinate>pixel</coordinate>
			<type>rectangle</type>
			<description>None</description>
			<possibleresult>
				<name>Intersection</name>
			</possibleresult>
			<points>
				<point>1000.000061,554.545288</point>
				<point>971.999939,551.999878</point>
				<point>975.639221,511.967041</point>
				<point>1003.639343,514.512451</point>
				<point>1000.000061,554.545288</point>
			</points>
		</object>
		<object>
			<coordinate>pixel</coordinate>
			<type>rectangle</type>
			<description>None</description>
			<possibleresult>
				<name>Small Car</name>
			</possibleresult>
			<points>
				<point>951.022095,893.419922</point>
				<point>940.000000,894.000000</point>
				<point>939.000000,875.000000</point>
				<point>950.022095,874.419922</point>
				<point>951.022095,893.419922</point>
			</points>
		</object>
		<object>
			<coordinate>pixel</coordinate>
			<type>rectangle</type>
			<description>None</description>
			<possibleresult>
				<name>Small Car</name>
			</possibleresult>
			<points>
				<point>935.027588,901.469055</point>
				<point>926.000000,902.000061</point>
				<point>924.972412,884.531067</point>
				<point>934.000000,884.000061</point>
				<point>935.027588,901.469055</point>
			</points>
		</object>
		<object>
			<coordinate>pixel</coordinate>
			<type>rectangle</type>
			<description>None</description>
			<possibleresult>
				<name>Small Car</name>
			</possibleresult>
			<points>
				<point>951.000000,908.000000</point>
				<point>942.000000,908.000000</point>
				<point>942.000000,894.000000</point>
				<point>951.000000,894.000000</point>
				<point>951.000000,908.000000</point>
			</points>
		</object>
		<object>
			<coordinate>pixel</coordinate>
			<type>rectangle</type>
			<description>None</description>
			<possibleresult>
				<name>Small Car</name>
			</possibleresult>
			<points>
				<point>951.869202,926.258484</point>
				<point>942.000061,928.000061</point>
				<point>939.000061,911.000061</point>
				<point>948.869202,909.258484</point>
				<point>951.869202,926.258484</point>
			</points>
		</object>
		<object>
			<coordinate>pixel</coordinate>
			<type>rectangle</type>
			<description>None</description>
			<possibleresult>
				<name>Van</name>
			</possibleresult>
			<points>
				<point>951.000000,963.000000</point>
				<point>942.000000,963.000000</point>
				<point>942.000000,943.000000</point>
				<point>951.000000,943.000000</point>
				<point>951.000000,963.000000</point>
			</points>
		</object>
		<object>
			<coordinate>pixel</coordinate>
			<type>rectangle</type>
			<description>None</description>
			<possibleresult>
				<name>Small Car</name>
			</possibleresult>
			<points>
				<point>951.000000,988.000000</point>
				<point>941.000000,988.000000</point>
				<point>941.000000,970.000000</point>
				<point>951.000000,970.000000</point>
				<point>951.000000,988.000000</point>
			</points>
		</object>
		<object>
			<coordinate>pixel</coordinate>
			<type>rectangle</type>
			<description>None</description>
			<possibleresult>
				<name>Small Car</name>
			</possibleresult>
			<points>
				<point>106.048904,790.007324</point>
				<point>105.000000,797.000000</point>
				<point>84.951096,793.992676</point>
				<point>86.000000,787.000000</point>
				<point>106.048904,790.007324</point>
			</points>
		</object>
		<object>
			<coordinate>pixel</coordinate>
			<type>rectangle</type>
			<description>None</description>
			<possibleresult>
				<name>Van</name>
			</possibleresult>
			<points>
				<point>110.048920,781.007324</point>
				<point>109.000015,788.000000</point>
				<point>88.951111,784.992676</point>
				<point>90.000015,778.000000</point>
				<point>110.048920,781.007324</point>
			</points>
		</object>
		<object>
			<coordinate>pixel</coordinate>
			<type>rectangle</type>
			<description>None</description>
			<possibleresult>
				<name>Small Car</name>
			</possibleresult>
			<points>
				<point>113.000000,773.000061</point>
				<point>111.576920,780.115417</point>
				<point>91.000000,776.000061</point>
				<point>92.423080,768.884705</point>
				<point>113.000000,773.000061</point>
			</points>
		</object>
		<object>
			<coordinate>pixel</coordinate>
			<type>rectangle</type>
			<description>None</description>
			<possibleresult>
				<name>Small Car</name>
			</possibleresult>
			<points>
				<point>14.999999,736.000061</point>
				<point>13.275710,745.052551</point>
				<point>0.000000,742.523865</point>
				<point>0.000000,733.142944</point>
				<point>14.999999,736.000061</point>
			</points>
		</object>
		<object>
			<coordinate>pixel</coordinate>
			<type>rectangle</type>
			<description>None</description>
			<possibleresult>
				<name>Small Car</name>
			</possibleresult>
			<points>
				<point>117.000015,412.999939</point>
				<point>116.000015,421.999939</point>
				<point>95.914642,419.768250</point>
				<point>96.914642,410.768250</point>
				<point>117.000015,412.999939</point>
			</points>
		</object>
		<object>
			<coordinate>pixel</coordinate>
			<type>rectangle</type>
			<description>None</description>
			<possibleresult>
				<name>Small Car</name>
			</possibleresult>
			<points>
				<point>481.000000,586.000000</point>
				<point>471.000000,586.000000</point>
				<point>471.000000,571.000000</point>
				<point>481.000000,571.000000</point>
				<point>481.000000,586.000000</point>
			</points>
		</object>
		<object>
			<coordinate>pixel</coordinate>
			<type>rectangle</type>
			<description>None</description>
			<possibleresult>
				<name>Small Car</name>
			</possibleresult>
			<points>
				<point>532.081055,686.513550</point>
				<point>529.000000,705.000000</point>
				<point>519.918945,703.486450</point>
				<point>523.000000,685.000000</point>
				<point>532.081055,686.513550</point>
			</points>
		</object>
		<object>
			<coordinate>pixel</coordinate>
			<type>rectangle</type>
			<description>None</description>
			<possibleresult>
				<name>Van</name>
			</possibleresult>
			<points>
				<point>415.256744,923.040588</point>
				<point>413.999969,931.000061</point>
				<point>394.743195,927.959534</point>
				<point>395.999969,920.000061</point>
				<point>415.256744,923.040588</point>
			</points>
		</object>
		<object>
			<coordinate>pixel</coordinate>
			<type>rectangle</type>
			<description>None</description>
			<possibleresult>
				<name>Small Car</name>
			</possibleresult>
			<points>
				<point>417.000000,913.000000</point>
				<point>416.297058,920.029663</point>
				<point>396.000000,918.000000</point>
				<point>396.702942,910.970337</point>
				<point>417.000000,913.000000</point>
			</points>
		</object>
		<object>
			<coordinate>pixel</coordinate>
			<type>rectangle</type>
			<description>None</description>
			<possibleresult>
				<name>Tennis Court</name>
			</possibleresult>
			<points>
				<point>277.000000,460.000000</point>
				<point>258.976868,543.754517</point>
				<point>209.000000,533.000000</point>
				<point>227.023132,449.245483</point>
				<point>277.000000,460.000000</point>
			</points>
		</object>
	</objects>
</annotation>