<?xml version="1.0" encoding="utf-8"?>
<annotation>
	<source>
		<filename>1324.tif</filename>
		<origin>GF2/GF3</origin>
	</source>
	<research>
		<version>1.0</version>
		<provider>FAIR1M</provider>
		<author>Cyber</author>
		<pluginname>FAIR1M</pluginname>
		<pluginclass>object detection</pluginclass>
		<time>2021-03</time>
	</research>
	<size>
		<width>1000</width>
		<height>1000</height>
		<depth>3</depth>
	</size>
	<objects>
		<object>
			<coordinate>pixel</coordinate>
			<type>rectangle</type>
			<description>None</description>
			<possibleresult>
				<name>Small Car</name>
			</possibleresult>
			<points>
				<point>1000.000000,340.421051</point>
				<point>1000.000000,340.421051</point>
				<point>1000.000000,340.421051</point>
				<point>1000.000000,340.421051</point>
				<point>1000.000000,340.421051</point>
			</points>
		</object>
		<object>
			<coordinate>pixel</coordinate>
			<type>rectangle</type>
			<description>None</description>
			<possibleresult>
				<name>Small Car</name>
			</possibleresult>
			<points>
				<point>1000.000000,269.000000</point>
				<point>1000.000000,269.000000</point>
				<point>1000.000000,288.000000</point>
				<point>1000.000000,288.000000</point>
				<point>1000.000000,269.000000</point>
			</points>
		</object>
		<object>
			<coordinate>pixel</coordinate>
			<type>rectangle</type>
			<description>None</description>
			<possibleresult>
				<name>Small Car</name>
			</possibleresult>
			<points>
				<point>1000.000061,199.333344</point>
				<point>993.665344,199.031708</point>
				<point>994.000183,192.000031</point>
				<point>1000.334900,192.301666</point>
				<point>1000.000061,199.333344</point>
			</points>
		</object>
		<object>
			<coordinate>pixel</coordinate>
			<type>rectangle</type>
			<description>None</description>
			<possibleresult>
				<name>Van</name>
			</possibleresult>
			<points>
				<point>875.000000,65.000000</point>
				<point>866.000000,65.000000</point>
				<point>866.000000,52.000000</point>
				<point>875.000000,52.000000</point>
				<point>875.000000,65.000000</point>
			</points>
		</object>
		<object>
			<coordinate>pixel</coordinate>
			<type>rectangle</type>
			<description>None</description>
			<possibleresult>
				<name>Van</name>
			</possibleresult>
			<points>
				<point>873.000000,67.999992</point>
				<point>872.000000,83.999992</point>
				<point>863.968872,83.498055</point>
				<point>864.968872,67.498055</point>
				<point>873.000000,67.999992</point>
			</points>
		</object>
		<object>
			<coordinate>pixel</coordinate>
			<type>rectangle</type>
			<description>None</description>
			<possibleresult>
				<name>Van</name>
			</possibleresult>
			<points>
				<point>789.000000,36.000000</point>
				<point>766.000000,36.000000</point>
				<point>766.000000,28.000000</point>
				<point>789.000000,28.000000</point>
				<point>789.000000,36.000000</point>
			</points>
		</object>
		<object>
			<coordinate>pixel</coordinate>
			<type>rectangle</type>
			<description>None</description>
			<possibleresult>
				<name>Small Car</name>
			</possibleresult>
			<points>
				<point>730.999878,22.000000</point>
				<point>730.664551,28.036922</point>
				<point>712.664551,27.036922</point>
				<point>712.999878,21.000000</point>
				<point>730.999878,22.000000</point>
			</points>
		</object>
		<object>
			<coordinate>pixel</coordinate>
			<type>rectangle</type>
			<description>None</description>
			<possibleresult>
				<name>Van</name>
			</possibleresult>
			<points>
				<point>729.000061,31.000000</point>
				<point>728.260315,38.027397</point>
				<point>709.000061,36.000000</point>
				<point>709.739807,28.972603</point>
				<point>729.000061,31.000000</point>
			</points>
		</object>
		<object>
			<coordinate>pixel</coordinate>
			<type>rectangle</type>
			<description>None</description>
			<possibleresult>
				<name>Small Car</name>
			</possibleresult>
			<points>
				<point>585.000000,153.000000</point>
				<point>575.005493,154.052063</point>
				<point>573.000000,135.000000</point>
				<point>582.994507,133.947937</point>
				<point>585.000000,153.000000</point>
			</points>
		</object>
		<object>
			<coordinate>pixel</coordinate>
			<type>rectangle</type>
			<description>None</description>
			<possibleresult>
				<name>Van</name>
			</possibleresult>
			<points>
				<point>740.000000,50.000000</point>
				<point>739.577393,58.030388</point>
				<point>720.000000,57.000000</point>
				<point>720.422607,48.969612</point>
				<point>740.000000,50.000000</point>
			</points>
		</object>
		<object>
			<coordinate>pixel</coordinate>
			<type>rectangle</type>
			<description>None</description>
			<possibleresult>
				<name>Dump Truck</name>
			</possibleresult>
			<points>
				<point>791.000000,69.000000</point>
				<point>790.180298,78.016388</point>
				<point>768.000000,76.000000</point>
				<point>768.819702,66.983612</point>
				<point>791.000000,69.000000</point>
			</points>
		</object>
		<object>
			<coordinate>pixel</coordinate>
			<type>rectangle</type>
			<description>None</description>
			<possibleresult>
				<name>Van</name>
			</possibleresult>
			<points>
				<point>740.000000,91.000000</point>
				<point>720.000000,91.000000</point>
				<point>720.000000,81.000000</point>
				<point>740.000000,81.000000</point>
				<point>740.000000,91.000000</point>
			</points>
		</object>
		<object>
			<coordinate>pixel</coordinate>
			<type>rectangle</type>
			<description>None</description>
			<possibleresult>
				<name>Small Car</name>
			</possibleresult>
			<points>
				<point>775.000000,151.000000</point>
				<point>765.000000,151.000000</point>
				<point>765.000000,134.000000</point>
				<point>775.000000,134.000000</point>
				<point>775.000000,151.000000</point>
			</points>
		</object>
		<object>
			<coordinate>pixel</coordinate>
			<type>rectangle</type>
			<description>None</description>
			<possibleresult>
				<name>Van</name>
			</possibleresult>
			<points>
				<point>833.380127,184.018097</point>
				<point>833.000000,192.000000</point>
				<point>811.619873,190.981903</point>
				<point>812.000000,183.000000</point>
				<point>833.380127,184.018097</point>
			</points>
		</object>
		<object>
			<coordinate>pixel</coordinate>
			<type>rectangle</type>
			<description>None</description>
			<possibleresult>
				<name>Small Car</name>
			</possibleresult>
			<points>
				<point>847.000000,214.000000</point>
				<point>836.000000,214.000000</point>
				<point>836.000000,196.000000</point>
				<point>847.000000,196.000000</point>
				<point>847.000000,214.000000</point>
			</points>
		</object>
		<object>
			<coordinate>pixel</coordinate>
			<type>rectangle</type>
			<description>None</description>
			<possibleresult>
				<name>Van</name>
			</possibleresult>
			<points>
				<point>859.123169,233.984650</point>
				<point>835.000122,237.000031</point>
				<point>833.877075,228.015411</point>
				<point>858.000122,225.000031</point>
				<point>859.123169,233.984650</point>
			</points>
		</object>
		<object>
			<coordinate>pixel</coordinate>
			<type>rectangle</type>
			<description>None</description>
			<possibleresult>
				<name>Small Car</name>
			</possibleresult>
			<points>
				<point>776.000000,312.000000</point>
				<point>765.000000,312.000000</point>
				<point>765.000000,293.000000</point>
				<point>776.000000,293.000000</point>
				<point>776.000000,312.000000</point>
			</points>
		</object>
		<object>
			<coordinate>pixel</coordinate>
			<type>rectangle</type>
			<description>None</description>
			<possibleresult>
				<name>Small Car</name>
			</possibleresult>
			<points>
				<point>643.999939,483.999969</point>
				<point>632.977844,484.580109</point>
				<point>631.977844,465.580109</point>
				<point>642.999939,464.999969</point>
				<point>643.999939,483.999969</point>
			</points>
		</object>
		<object>
			<coordinate>pixel</coordinate>
			<type>rectangle</type>
			<description>None</description>
			<possibleresult>
				<name>Small Car</name>
			</possibleresult>
			<points>
				<point>631.000000,482.000000</point>
				<point>620.000000,482.000000</point>
				<point>620.000000,465.000000</point>
				<point>631.000000,465.000000</point>
				<point>631.000000,482.000000</point>
			</points>
		</object>
		<object>
			<coordinate>pixel</coordinate>
			<type>rectangle</type>
			<description>None</description>
			<possibleresult>
				<name>Dump Truck</name>
			</possibleresult>
			<points>
				<point>814.000122,354.000000</point>
				<point>813.635132,362.028870</point>
				<point>791.635132,361.028870</point>
				<point>792.000122,353.000000</point>
				<point>814.000122,354.000000</point>
			</points>
		</object>
		<object>
			<coordinate>pixel</coordinate>
			<type>rectangle</type>
			<description>None</description>
			<possibleresult>
				<name>Small Car</name>
			</possibleresult>
			<points>
				<point>813.334900,364.968323</point>
				<point>813.000061,372.000000</point>
				<point>792.000061,371.000000</point>
				<point>792.334900,363.968323</point>
				<point>813.334900,364.968323</point>
			</points>
		</object>
		<object>
			<coordinate>pixel</coordinate>
			<type>rectangle</type>
			<description>None</description>
			<possibleresult>
				<name>Cargo Truck</name>
			</possibleresult>
			<points>
				<point>870.000000,373.000000</point>
				<point>847.000000,373.000000</point>
				<point>847.000000,365.000000</point>
				<point>870.000000,365.000000</point>
				<point>870.000000,373.000000</point>
			</points>
		</object>
		<object>
			<coordinate>pixel</coordinate>
			<type>rectangle</type>
			<description>None</description>
			<possibleresult>
				<name>Cargo Truck</name>
			</possibleresult>
			<points>
				<point>868.347168,412.015076</point>
				<point>868.000000,420.000000</point>
				<point>844.652832,418.984924</point>
				<point>845.000000,411.000000</point>
				<point>868.347168,412.015076</point>
			</points>
		</object>
		<object>
			<coordinate>pixel</coordinate>
			<type>rectangle</type>
			<description>None</description>
			<possibleresult>
				<name>Van</name>
			</possibleresult>
			<points>
				<point>862.349121,431.017456</point>
				<point>862.000000,438.000000</point>
				<point>841.650879,436.982544</point>
				<point>842.000000,430.000000</point>
				<point>862.349121,431.017456</point>
			</points>
		</object>
		<object>
			<coordinate>pixel</coordinate>
			<type>rectangle</type>
			<description>None</description>
			<possibleresult>
				<name>Small Car</name>
			</possibleresult>
			<points>
				<point>865.056580,477.698120</point>
				<point>861.999939,494.000000</point>
				<point>852.943298,492.301880</point>
				<point>855.999939,476.000000</point>
				<point>865.056580,477.698120</point>
			</points>
		</object>
		<object>
			<coordinate>pixel</coordinate>
			<type>rectangle</type>
			<description>None</description>
			<possibleresult>
				<name>Van</name>
			</possibleresult>
			<points>
				<point>801.000000,514.999939</point>
				<point>800.589722,524.026794</point>
				<point>778.589722,523.026794</point>
				<point>779.000000,513.999939</point>
				<point>801.000000,514.999939</point>
			</points>
		</object>
		<object>
			<coordinate>pixel</coordinate>
			<type>rectangle</type>
			<description>None</description>
			<possibleresult>
				<name>Small Car</name>
			</possibleresult>
			<points>
				<point>801.048950,508.007324</point>
				<point>800.000000,515.000000</point>
				<point>780.000000,512.000000</point>
				<point>781.048950,505.007324</point>
				<point>801.048950,508.007324</point>
			</points>
		</object>
		<object>
			<coordinate>pixel</coordinate>
			<type>rectangle</type>
			<description>None</description>
			<possibleresult>
				<name>Small Car</name>
			</possibleresult>
			<points>
				<point>806.000183,491.000061</point>
				<point>805.276184,497.033203</point>
				<point>780.276184,494.033203</point>
				<point>781.000183,488.000061</point>
				<point>806.000183,491.000061</point>
			</points>
		</object>
		<object>
			<coordinate>pixel</coordinate>
			<type>rectangle</type>
			<description>None</description>
			<possibleresult>
				<name>Van</name>
			</possibleresult>
			<points>
				<point>803.000000,487.000000</point>
				<point>781.000000,487.000000</point>
				<point>781.000000,479.000000</point>
				<point>803.000000,479.000000</point>
				<point>803.000000,487.000000</point>
			</points>
		</object>
		<object>
			<coordinate>pixel</coordinate>
			<type>rectangle</type>
			<description>None</description>
			<possibleresult>
				<name>Van</name>
			</possibleresult>
			<points>
				<point>808.000000,478.000000</point>
				<point>788.000000,478.000000</point>
				<point>788.000000,470.000000</point>
				<point>808.000000,470.000000</point>
				<point>808.000000,478.000000</point>
			</points>
		</object>
		<object>
			<coordinate>pixel</coordinate>
			<type>rectangle</type>
			<description>None</description>
			<possibleresult>
				<name>Small Car</name>
			</possibleresult>
			<points>
				<point>600.117737,537.529480</point>
				<point>598.117737,545.529480</point>
				<point>580.000061,541.000061</point>
				<point>582.000061,533.000061</point>
				<point>600.117737,537.529480</point>
			</points>
		</object>
		<object>
			<coordinate>pixel</coordinate>
			<type>rectangle</type>
			<description>None</description>
			<possibleresult>
				<name>Dump Truck</name>
			</possibleresult>
			<points>
				<point>631.334412,517.972290</point>
				<point>630.999939,526.000000</point>
				<point>606.999939,525.000000</point>
				<point>607.334412,516.972290</point>
				<point>631.334412,517.972290</point>
			</points>
		</object>
		<object>
			<coordinate>pixel</coordinate>
			<type>rectangle</type>
			<description>None</description>
			<possibleresult>
				<name>Small Car</name>
			</possibleresult>
			<points>
				<point>634.000000,678.000061</point>
				<point>633.000000,686.000061</point>
				<point>609.000000,683.000061</point>
				<point>610.000000,675.000061</point>
				<point>634.000000,678.000061</point>
			</points>
		</object>
		<object>
			<coordinate>pixel</coordinate>
			<type>rectangle</type>
			<description>None</description>
			<possibleresult>
				<name>Van</name>
			</possibleresult>
			<points>
				<point>707.000000,660.999939</point>
				<point>704.987793,679.109680</point>
				<point>695.000000,677.999939</point>
				<point>697.012207,659.890198</point>
				<point>707.000000,660.999939</point>
			</points>
		</object>
		<object>
			<coordinate>pixel</coordinate>
			<type>rectangle</type>
			<description>None</description>
			<possibleresult>
				<name>Small Car</name>
			</possibleresult>
			<points>
				<point>722.180420,673.856873</point>
				<point>712.000000,676.000061</point>
				<point>708.000000,657.000061</point>
				<point>718.180420,654.856873</point>
				<point>722.180420,673.856873</point>
			</points>
		</object>
		<object>
			<coordinate>pixel</coordinate>
			<type>rectangle</type>
			<description>None</description>
			<possibleresult>
				<name>Van</name>
			</possibleresult>
			<points>
				<point>836.000000,621.000000</point>
				<point>827.000000,621.000000</point>
				<point>827.000000,604.000000</point>
				<point>836.000000,604.000000</point>
				<point>836.000000,621.000000</point>
			</points>
		</object>
		<object>
			<coordinate>pixel</coordinate>
			<type>rectangle</type>
			<description>None</description>
			<possibleresult>
				<name>Van</name>
			</possibleresult>
			<points>
				<point>762.005493,720.947998</point>
				<point>760.000000,740.000000</point>
				<point>750.994507,739.052002</point>
				<point>753.000000,720.000000</point>
				<point>762.005493,720.947998</point>
			</points>
		</object>
		<object>
			<coordinate>pixel</coordinate>
			<type>rectangle</type>
			<description>None</description>
			<possibleresult>
				<name>Small Car</name>
			</possibleresult>
			<points>
				<point>826.000000,745.000000</point>
				<point>825.000000,755.000000</point>
				<point>800.940552,752.594116</point>
				<point>801.940552,742.594116</point>
				<point>826.000000,745.000000</point>
			</points>
		</object>
		<object>
			<coordinate>pixel</coordinate>
			<type>rectangle</type>
			<description>None</description>
			<possibleresult>
				<name>Small Car</name>
			</possibleresult>
			<points>
				<point>828.000000,736.000000</point>
				<point>826.810791,743.135132</point>
				<point>802.810791,739.135132</point>
				<point>804.000000,732.000000</point>
				<point>828.000000,736.000000</point>
			</points>
		</object>
		<object>
			<coordinate>pixel</coordinate>
			<type>rectangle</type>
			<description>None</description>
			<possibleresult>
				<name>Van</name>
			</possibleresult>
			<points>
				<point>963.024780,722.455688</point>
				<point>962.000000,745.000000</point>
				<point>951.975220,744.544312</point>
				<point>953.000000,722.000000</point>
				<point>963.024780,722.455688</point>
			</points>
		</object>
		<object>
			<coordinate>pixel</coordinate>
			<type>rectangle</type>
			<description>None</description>
			<possibleresult>
				<name>Van</name>
			</possibleresult>
			<points>
				<point>974.000000,737.000061</point>
				<point>964.972778,737.564270</point>
				<point>963.972778,721.564270</point>
				<point>973.000000,721.000061</point>
				<point>974.000000,737.000061</point>
			</points>
		</object>
		<object>
			<coordinate>pixel</coordinate>
			<type>rectangle</type>
			<description>None</description>
			<possibleresult>
				<name>Cargo Truck</name>
			</possibleresult>
			<points>
				<point>776.000000,829.000000</point>
				<point>763.000000,829.000000</point>
				<point>763.000000,804.000000</point>
				<point>776.000000,804.000000</point>
				<point>776.000000,829.000000</point>
			</points>
		</object>
		<object>
			<coordinate>pixel</coordinate>
			<type>rectangle</type>
			<description>None</description>
			<possibleresult>
				<name>Cargo Truck</name>
			</possibleresult>
			<points>
				<point>758.000000,828.000000</point>
				<point>745.000000,828.000000</point>
				<point>745.000000,801.000000</point>
				<point>758.000000,801.000000</point>
				<point>758.000000,828.000000</point>
			</points>
		</object>
		<object>
			<coordinate>pixel</coordinate>
			<type>rectangle</type>
			<description>None</description>
			<possibleresult>
				<name>Cargo Truck</name>
			</possibleresult>
			<points>
				<point>746.999939,813.000122</point>
				<point>739.999939,833.000122</point>
				<point>729.844055,829.445557</point>
				<point>736.844055,809.445557</point>
				<point>746.999939,813.000122</point>
			</points>
		</object>
		<object>
			<coordinate>pixel</coordinate>
			<type>rectangle</type>
			<description>None</description>
			<possibleresult>
				<name>Dump Truck</name>
			</possibleresult>
			<points>
				<point>650.741760,845.207703</point>
				<point>647.999939,854.999939</point>
				<point>622.258118,847.792175</point>
				<point>624.999939,837.999939</point>
				<point>650.741760,845.207703</point>
			</points>
		</object>
		<object>
			<coordinate>pixel</coordinate>
			<type>rectangle</type>
			<description>None</description>
			<possibleresult>
				<name>Dump Truck</name>
			</possibleresult>
			<points>
				<point>637.000061,873.000061</point>
				<point>626.975159,873.527649</point>
				<point>625.975159,854.527649</point>
				<point>636.000061,854.000061</point>
				<point>637.000061,873.000061</point>
			</points>
		</object>
		<object>
			<coordinate>pixel</coordinate>
			<type>rectangle</type>
			<description>None</description>
			<possibleresult>
				<name>Small Car</name>
			</possibleresult>
			<points>
				<point>651.000061,875.000000</point>
				<point>640.033875,875.609253</point>
				<point>639.000061,857.000000</point>
				<point>649.966248,856.390747</point>
				<point>651.000061,875.000000</point>
			</points>
		</object>
		<object>
			<coordinate>pixel</coordinate>
			<type>rectangle</type>
			<description>None</description>
			<possibleresult>
				<name>Dump Truck</name>
			</possibleresult>
			<points>
				<point>667.000061,856.000061</point>
				<point>666.000061,876.000061</point>
				<point>654.977600,875.448914</point>
				<point>655.977600,855.448914</point>
				<point>667.000061,856.000061</point>
			</points>
		</object>
		<object>
			<coordinate>pixel</coordinate>
			<type>rectangle</type>
			<description>None</description>
			<possibleresult>
				<name>Small Car</name>
			</possibleresult>
			<points>
				<point>679.024170,876.410400</point>
				<point>669.000000,877.000000</point>
				<point>667.975830,859.589600</point>
				<point>678.000000,859.000000</point>
				<point>679.024170,876.410400</point>
			</points>
		</object>
		<object>
			<coordinate>pixel</coordinate>
			<type>rectangle</type>
			<description>None</description>
			<possibleresult>
				<name>Dump Truck</name>
			</possibleresult>
			<points>
				<point>704.000000,860.000122</point>
				<point>702.000000,882.000122</point>
				<point>691.000000,881.000122</point>
				<point>693.000000,859.000122</point>
				<point>704.000000,860.000122</point>
			</points>
		</object>
		<object>
			<coordinate>pixel</coordinate>
			<type>rectangle</type>
			<description>None</description>
			<possibleresult>
				<name>Small Car</name>
			</possibleresult>
			<points>
				<point>725.000000,881.000000</point>
				<point>715.000000,881.000000</point>
				<point>715.000000,862.000000</point>
				<point>725.000000,862.000000</point>
				<point>725.000000,881.000000</point>
			</points>
		</object>
		<object>
			<coordinate>pixel</coordinate>
			<type>rectangle</type>
			<description>None</description>
			<possibleresult>
				<name>other-vehicle</name>
			</possibleresult>
			<points>
				<point>847.000000,932.000000</point>
				<point>846.031982,942.003052</point>
				<point>815.000000,939.000000</point>
				<point>815.968018,928.996948</point>
				<point>847.000000,932.000000</point>
			</points>
		</object>
		<object>
			<coordinate>pixel</coordinate>
			<type>rectangle</type>
			<description>None</description>
			<possibleresult>
				<name>Van</name>
			</possibleresult>
			<points>
				<point>859.000000,921.000000</point>
				<point>851.000000,921.000000</point>
				<point>851.000000,912.000000</point>
				<point>859.000000,912.000000</point>
				<point>859.000000,921.000000</point>
			</points>
		</object>
		<object>
			<coordinate>pixel</coordinate>
			<type>rectangle</type>
			<description>None</description>
			<possibleresult>
				<name>Van</name>
			</possibleresult>
			<points>
				<point>898.085266,913.231689</point>
				<point>897.085266,922.231689</point>
				<point>876.999939,920.000000</point>
				<point>877.999939,911.000000</point>
				<point>898.085266,913.231689</point>
			</points>
		</object>
		<object>
			<coordinate>pixel</coordinate>
			<type>rectangle</type>
			<description>None</description>
			<possibleresult>
				<name>Dump Truck</name>
			</possibleresult>
			<points>
				<point>896.027222,945.564209</point>
				<point>895.000000,962.000000</point>
				<point>885.972778,961.435791</point>
				<point>887.000000,945.000000</point>
				<point>896.027222,945.564209</point>
			</points>
		</object>
		<object>
			<coordinate>pixel</coordinate>
			<type>rectangle</type>
			<description>None</description>
			<possibleresult>
				<name>Van</name>
			</possibleresult>
			<points>
				<point>916.604004,941.960449</point>
				<point>915.000000,958.000000</point>
				<point>905.000000,957.000000</point>
				<point>906.604004,940.960449</point>
				<point>916.604004,941.960449</point>
			</points>
		</object>
		<object>
			<coordinate>pixel</coordinate>
			<type>rectangle</type>
			<description>None</description>
			<possibleresult>
				<name>Small Car</name>
			</possibleresult>
			<points>
				<point>937.000061,907.000122</point>
				<point>935.000061,923.000122</point>
				<point>924.907776,921.738525</point>
				<point>926.907776,905.738525</point>
				<point>937.000061,907.000122</point>
			</points>
		</object>
		<object>
			<coordinate>pixel</coordinate>
			<type>rectangle</type>
			<description>None</description>
			<possibleresult>
				<name>Small Car</name>
			</possibleresult>
			<points>
				<point>988.027344,909.564270</point>
				<point>987.000122,926.000061</point>
				<point>977.972900,925.435852</point>
				<point>979.000122,909.000061</point>
				<point>988.027344,909.564270</point>
			</points>
		</object>
		<object>
			<coordinate>pixel</coordinate>
			<type>rectangle</type>
			<description>None</description>
			<possibleresult>
				<name>Small Car</name>
			</possibleresult>
			<points>
				<point>974.000122,960.000000</point>
				<point>970.979980,977.114136</point>
				<point>959.000122,975.000000</point>
				<point>962.020264,957.885864</point>
				<point>974.000122,960.000000</point>
			</points>
		</object>
		<object>
			<coordinate>pixel</coordinate>
			<type>rectangle</type>
			<description>None</description>
			<possibleresult>
				<name>Dump Truck</name>
			</possibleresult>
			<points>
				<point>1000.000000,972.000549</point>
				<point>1000.000000,981.111023</point>
				<point>991.012146,982.109680</point>
				<point>988.999939,963.999939</point>
				<point>1000.000000,972.000549</point>
			</points>
		</object>
		<object>
			<coordinate>pixel</coordinate>
			<type>rectangle</type>
			<description>None</description>
			<possibleresult>
				<name>Dump Truck</name>
			</possibleresult>
			<points>
				<point>625.005859,942.076416</point>
				<point>613.000000,943.000000</point>
				<point>611.000000,917.000000</point>
				<point>623.005859,916.076416</point>
				<point>625.005859,942.076416</point>
			</points>
		</object>
		<object>
			<coordinate>pixel</coordinate>
			<type>rectangle</type>
			<description>None</description>
			<possibleresult>
				<name>Cargo Truck</name>
			</possibleresult>
			<points>
				<point>592.000000,983.000000</point>
				<point>580.000000,983.000000</point>
				<point>580.000000,977.000000</point>
				<point>592.000000,977.000000</point>
				<point>592.000000,983.000000</point>
			</points>
		</object>
		<object>
			<coordinate>pixel</coordinate>
			<type>rectangle</type>
			<description>None</description>
			<possibleresult>
				<name>Small Car</name>
			</possibleresult>
			<points>
				<point>23.000000,22.000000</point>
				<point>17.844561,41.590675</point>
				<point>8.000003,39.000000</point>
				<point>13.155443,19.409325</point>
				<point>23.000000,22.000000</point>
			</points>
		</object>
		<object>
			<coordinate>pixel</coordinate>
			<type>rectangle</type>
			<description>None</description>
			<possibleresult>
				<name>Van</name>
			</possibleresult>
			<points>
				<point>31.095356,27.364304</point>
				<point>28.095356,47.364304</point>
				<point>19.000000,46.000000</point>
				<point>22.000000,26.000000</point>
				<point>31.095356,27.364304</point>
			</points>
		</object>
		<object>
			<coordinate>pixel</coordinate>
			<type>rectangle</type>
			<description>None</description>
			<possibleresult>
				<name>Dump Truck</name>
			</possibleresult>
			<points>
				<point>52.000004,46.000008</point>
				<point>30.000004,47.000008</point>
				<point>29.635052,38.971138</point>
				<point>51.635052,37.971138</point>
				<point>52.000004,46.000008</point>
			</points>
		</object>
		<object>
			<coordinate>pixel</coordinate>
			<type>rectangle</type>
			<description>None</description>
			<possibleresult>
				<name>Small Car</name>
			</possibleresult>
			<points>
				<point>375.655182,172.137939</point>
				<point>374.000031,180.000000</point>
				<point>354.344879,175.862061</point>
				<point>356.000031,168.000000</point>
				<point>375.655182,172.137939</point>
			</points>
		</object>
		<object>
			<coordinate>pixel</coordinate>
			<type>rectangle</type>
			<description>None</description>
			<possibleresult>
				<name>Small Car</name>
			</possibleresult>
			<points>
				<point>380.999969,157.999985</point>
				<point>380.589691,167.026779</point>
				<point>358.000031,165.999985</point>
				<point>358.410309,156.973190</point>
				<point>380.999969,157.999985</point>
			</points>
		</object>
		<object>
			<coordinate>pixel</coordinate>
			<type>rectangle</type>
			<description>None</description>
			<possibleresult>
				<name>Dump Truck</name>
			</possibleresult>
			<points>
				<point>376.026001,147.133820</point>
				<point>375.000000,155.000000</point>
				<point>350.973999,151.866180</point>
				<point>352.000000,144.000000</point>
				<point>376.026001,147.133820</point>
			</points>
		</object>
		<object>
			<coordinate>pixel</coordinate>
			<type>rectangle</type>
			<description>None</description>
			<possibleresult>
				<name>Van</name>
			</possibleresult>
			<points>
				<point>374.118286,132.014206</point>
				<point>373.039429,141.004745</point>
				<point>347.921143,137.990555</point>
				<point>349.000000,129.000015</point>
				<point>374.118286,132.014206</point>
			</points>
		</object>
		<object>
			<coordinate>pixel</coordinate>
			<type>rectangle</type>
			<description>None</description>
			<possibleresult>
				<name>Small Car</name>
			</possibleresult>
			<points>
				<point>443.000000,189.000000</point>
				<point>423.000000,189.000000</point>
				<point>423.000000,180.000000</point>
				<point>443.000000,180.000000</point>
				<point>443.000000,189.000000</point>
			</points>
		</object>
		<object>
			<coordinate>pixel</coordinate>
			<type>rectangle</type>
			<description>None</description>
			<possibleresult>
				<name>Small Car</name>
			</possibleresult>
			<points>
				<point>446.000000,169.999985</point>
				<point>445.270508,178.024582</point>
				<point>423.270508,176.024582</point>
				<point>424.000000,167.999985</point>
				<point>446.000000,169.999985</point>
			</points>
		</object>
		<object>
			<coordinate>pixel</coordinate>
			<type>rectangle</type>
			<description>None</description>
			<possibleresult>
				<name>Small Car</name>
			</possibleresult>
			<points>
				<point>361.024170,59.410347</point>
				<point>351.000000,60.000000</point>
				<point>349.975891,42.589653</point>
				<point>360.000061,42.000000</point>
				<point>361.024170,59.410347</point>
			</points>
		</object>
		<object>
			<coordinate>pixel</coordinate>
			<type>rectangle</type>
			<description>None</description>
			<possibleresult>
				<name>Small Car</name>
			</possibleresult>
			<points>
				<point>394.000000,49.000000</point>
				<point>389.868835,66.557373</point>
				<point>379.000000,64.000000</point>
				<point>383.131165,46.442627</point>
				<point>394.000000,49.000000</point>
			</points>
		</object>
		<object>
			<coordinate>pixel</coordinate>
			<type>rectangle</type>
			<description>None</description>
			<possibleresult>
				<name>Dump Truck</name>
			</possibleresult>
			<points>
				<point>405.022614,49.524887</point>
				<point>403.999969,71.000000</point>
				<point>392.977325,70.475113</point>
				<point>393.999969,49.000000</point>
				<point>405.022614,49.524887</point>
			</points>
		</object>
		<object>
			<coordinate>pixel</coordinate>
			<type>rectangle</type>
			<description>None</description>
			<possibleresult>
				<name>Small Car</name>
			</possibleresult>
			<points>
				<point>429.000000,53.000000</point>
				<point>427.955200,70.762070</point>
				<point>415.000000,70.000000</point>
				<point>416.044800,52.237930</point>
				<point>429.000000,53.000000</point>
			</points>
		</object>
		<object>
			<coordinate>pixel</coordinate>
			<type>rectangle</type>
			<description>None</description>
			<possibleresult>
				<name>Small Car</name>
			</possibleresult>
			<points>
				<point>453.000000,71.000000</point>
				<point>442.000000,71.000000</point>
				<point>442.000000,54.000000</point>
				<point>453.000000,54.000000</point>
				<point>453.000000,71.000000</point>
			</points>
		</object>
		<object>
			<coordinate>pixel</coordinate>
			<type>rectangle</type>
			<description>None</description>
			<possibleresult>
				<name>Van</name>
			</possibleresult>
			<points>
				<point>479.000000,74.000000</point>
				<point>470.000000,74.000000</point>
				<point>470.000000,56.000000</point>
				<point>479.000000,56.000000</point>
				<point>479.000000,74.000000</point>
			</points>
		</object>
		<object>
			<coordinate>pixel</coordinate>
			<type>rectangle</type>
			<description>None</description>
			<possibleresult>
				<name>Small Car</name>
			</possibleresult>
			<points>
				<point>495.000061,73.000008</point>
				<point>484.046204,74.369240</point>
				<point>482.046204,58.369240</point>
				<point>493.000061,57.000008</point>
				<point>495.000061,73.000008</point>
			</points>
		</object>
		<object>
			<coordinate>pixel</coordinate>
			<type>rectangle</type>
			<description>None</description>
			<possibleresult>
				<name>Small Car</name>
			</possibleresult>
			<points>
				<point>541.000061,215.000031</point>
				<point>540.039490,223.004761</point>
				<point>515.039490,220.004761</point>
				<point>516.000061,212.000031</point>
				<point>541.000061,215.000031</point>
			</points>
		</object>
		<object>
			<coordinate>pixel</coordinate>
			<type>rectangle</type>
			<description>None</description>
			<possibleresult>
				<name>Small Car</name>
			</possibleresult>
			<points>
				<point>452.000000,196.000015</point>
				<point>451.680420,203.030930</point>
				<point>429.680420,202.030930</point>
				<point>430.000000,195.000015</point>
				<point>452.000000,196.000015</point>
			</points>
		</object>
		<object>
			<coordinate>pixel</coordinate>
			<type>rectangle</type>
			<description>None</description>
			<possibleresult>
				<name>Small Car</name>
			</possibleresult>
			<points>
				<point>361.429016,189.068649</point>
				<point>360.000000,198.000015</point>
				<point>334.570984,193.931381</point>
				<point>336.000000,185.000015</point>
				<point>361.429016,189.068649</point>
			</points>
		</object>
		<object>
			<coordinate>pixel</coordinate>
			<type>rectangle</type>
			<description>None</description>
			<possibleresult>
				<name>Small Car</name>
			</possibleresult>
			<points>
				<point>545.000061,240.000000</point>
				<point>544.405212,248.030029</point>
				<point>517.405212,246.030029</point>
				<point>518.000061,238.000000</point>
				<point>545.000061,240.000000</point>
			</points>
		</object>
		<object>
			<coordinate>pixel</coordinate>
			<type>rectangle</type>
			<description>None</description>
			<possibleresult>
				<name>Van</name>
			</possibleresult>
			<points>
				<point>544.000000,258.000000</point>
				<point>522.000000,258.000000</point>
				<point>522.000000,251.000000</point>
				<point>544.000000,251.000000</point>
				<point>544.000000,258.000000</point>
			</points>
		</object>
		<object>
			<coordinate>pixel</coordinate>
			<type>rectangle</type>
			<description>None</description>
			<possibleresult>
				<name>Van</name>
			</possibleresult>
			<points>
				<point>537.000000,286.000000</point>
				<point>512.000000,286.000000</point>
				<point>512.000000,278.000000</point>
				<point>537.000000,278.000000</point>
				<point>537.000000,286.000000</point>
			</points>
		</object>
		<object>
			<coordinate>pixel</coordinate>
			<type>rectangle</type>
			<description>None</description>
			<possibleresult>
				<name>Van</name>
			</possibleresult>
			<points>
				<point>535.000000,294.000000</point>
				<point>512.319580,295.030945</point>
				<point>512.000000,288.000000</point>
				<point>534.680420,286.969055</point>
				<point>535.000000,294.000000</point>
			</points>
		</object>
		<object>
			<coordinate>pixel</coordinate>
			<type>rectangle</type>
			<description>None</description>
			<possibleresult>
				<name>Van</name>
			</possibleresult>
			<points>
				<point>535.579285,298.048309</point>
				<point>535.000000,305.000031</point>
				<point>510.420715,302.951752</point>
				<point>511.000000,296.000031</point>
				<point>535.579285,298.048309</point>
			</points>
		</object>
		<object>
			<coordinate>pixel</coordinate>
			<type>rectangle</type>
			<description>None</description>
			<possibleresult>
				<name>Small Car</name>
			</possibleresult>
			<points>
				<point>465.020691,239.648285</point>
				<point>464.020691,256.648285</point>
				<point>453.000000,256.000000</point>
				<point>454.000000,239.000000</point>
				<point>465.020691,239.648285</point>
			</points>
		</object>
		<object>
			<coordinate>pixel</coordinate>
			<type>rectangle</type>
			<description>None</description>
			<possibleresult>
				<name>Dump Truck</name>
			</possibleresult>
			<points>
				<point>490.023315,241.626465</point>
				<point>489.000000,258.000000</point>
				<point>478.976685,257.373535</point>
				<point>480.000000,241.000000</point>
				<point>490.023315,241.626465</point>
			</points>
		</object>
		<object>
			<coordinate>pixel</coordinate>
			<type>rectangle</type>
			<description>None</description>
			<possibleresult>
				<name>Van</name>
			</possibleresult>
			<points>
				<point>477.000000,258.000000</point>
				<point>466.975830,258.589661</point>
				<point>465.975830,241.589661</point>
				<point>476.000000,241.000000</point>
				<point>477.000000,258.000000</point>
			</points>
		</object>
		<object>
			<coordinate>pixel</coordinate>
			<type>rectangle</type>
			<description>None</description>
			<possibleresult>
				<name>Small Car</name>
			</possibleresult>
			<points>
				<point>422.000000,248.000000</point>
				<point>421.000000,270.000000</point>
				<point>409.977295,269.498962</point>
				<point>410.977295,247.498962</point>
				<point>422.000000,248.000000</point>
			</points>
		</object>
		<object>
			<coordinate>pixel</coordinate>
			<type>rectangle</type>
			<description>None</description>
			<possibleresult>
				<name>Small Car</name>
			</possibleresult>
			<points>
				<point>501.000061,350.000031</point>
				<point>488.000061,363.000031</point>
				<point>481.000061,356.000031</point>
				<point>494.000061,343.000031</point>
				<point>501.000061,350.000031</point>
			</points>
		</object>
		<object>
			<coordinate>pixel</coordinate>
			<type>rectangle</type>
			<description>None</description>
			<possibleresult>
				<name>Dump Truck</name>
			</possibleresult>
			<points>
				<point>486.000000,348.000000</point>
				<point>473.640015,364.479980</point>
				<point>465.000000,358.000000</point>
				<point>477.359985,341.520020</point>
				<point>486.000000,348.000000</point>
			</points>
		</object>
		<object>
			<coordinate>pixel</coordinate>
			<type>rectangle</type>
			<description>None</description>
			<possibleresult>
				<name>Van</name>
			</possibleresult>
			<points>
				<point>375.721802,281.977753</point>
				<point>375.000000,291.000031</point>
				<point>350.000000,289.000031</point>
				<point>350.721802,279.977753</point>
				<point>375.721802,281.977753</point>
			</points>
		</object>
		<object>
			<coordinate>pixel</coordinate>
			<type>rectangle</type>
			<description>None</description>
			<possibleresult>
				<name>Small Car</name>
			</possibleresult>
			<points>
				<point>312.197174,269.023712</point>
				<point>311.000031,279.000031</point>
				<point>285.802887,275.976349</point>
				<point>287.000031,266.000031</point>
				<point>312.197174,269.023712</point>
			</points>
		</object>
		<object>
			<coordinate>pixel</coordinate>
			<type>rectangle</type>
			<description>None</description>
			<possibleresult>
				<name>Dump Truck</name>
			</possibleresult>
			<points>
				<point>313.000000,250.999969</point>
				<point>312.638977,260.025543</point>
				<point>287.638977,259.025543</point>
				<point>288.000000,249.999969</point>
				<point>313.000000,250.999969</point>
			</points>
		</object>
		<object>
			<coordinate>pixel</coordinate>
			<type>rectangle</type>
			<description>None</description>
			<possibleresult>
				<name>other-vehicle</name>
			</possibleresult>
			<points>
				<point>204.000000,218.000000</point>
				<point>203.635040,226.028870</point>
				<point>181.000000,225.000000</point>
				<point>181.364960,216.971130</point>
				<point>204.000000,218.000000</point>
			</points>
		</object>
		<object>
			<coordinate>pixel</coordinate>
			<type>rectangle</type>
			<description>None</description>
			<possibleresult>
				<name>Van</name>
			</possibleresult>
			<points>
				<point>207.635925,199.050873</point>
				<point>207.000000,207.000000</point>
				<point>182.000000,205.000000</point>
				<point>182.635925,197.050873</point>
				<point>207.635925,199.050873</point>
			</points>
		</object>
		<object>
			<coordinate>pixel</coordinate>
			<type>rectangle</type>
			<description>None</description>
			<possibleresult>
				<name>Small Car</name>
			</possibleresult>
			<points>
				<point>124.541168,195.964676</point>
				<point>123.999985,202.999985</point>
				<point>97.999985,200.999985</point>
				<point>98.541168,193.964676</point>
				<point>124.541168,195.964676</point>
			</points>
		</object>
		<object>
			<coordinate>pixel</coordinate>
			<type>rectangle</type>
			<description>None</description>
			<possibleresult>
				<name>Dump Truck</name>
			</possibleresult>
			<points>
				<point>97.000000,201.000000</point>
				<point>73.000000,201.000000</point>
				<point>73.000000,192.000000</point>
				<point>97.000000,192.000000</point>
				<point>97.000000,201.000000</point>
			</points>
		</object>
		<object>
			<coordinate>pixel</coordinate>
			<type>rectangle</type>
			<description>None</description>
			<possibleresult>
				<name>Small Car</name>
			</possibleresult>
			<points>
				<point>51.642292,189.971375</point>
				<point>51.000004,198.000000</point>
				<point>26.000004,196.000000</point>
				<point>26.642292,187.971375</point>
				<point>51.642292,189.971375</point>
			</points>
		</object>
		<object>
			<coordinate>pixel</coordinate>
			<type>rectangle</type>
			<description>None</description>
			<possibleresult>
				<name>Small Car</name>
			</possibleresult>
			<points>
				<point>29.729509,169.975418</point>
				<point>29.000000,178.000015</point>
				<point>7.000002,176.000015</point>
				<point>7.729511,167.975418</point>
				<point>29.729509,169.975418</point>
			</points>
		</object>
		<object>
			<coordinate>pixel</coordinate>
			<type>rectangle</type>
			<description>None</description>
			<possibleresult>
				<name>Van</name>
			</possibleresult>
			<points>
				<point>101.000000,376.000000</point>
				<point>91.000000,376.000000</point>
				<point>91.000000,359.000000</point>
				<point>101.000000,359.000000</point>
				<point>101.000000,376.000000</point>
			</points>
		</object>
		<object>
			<coordinate>pixel</coordinate>
			<type>rectangle</type>
			<description>None</description>
			<possibleresult>
				<name>Small Car</name>
			</possibleresult>
			<points>
				<point>102.000000,395.000061</point>
				<point>91.975067,395.501282</point>
				<point>90.975067,375.501282</point>
				<point>101.000000,375.000061</point>
				<point>102.000000,395.000061</point>
			</points>
		</object>
		<object>
			<coordinate>pixel</coordinate>
			<type>rectangle</type>
			<description>None</description>
			<possibleresult>
				<name>Van</name>
			</possibleresult>
			<points>
				<point>147.117004,392.018768</point>
				<point>146.000000,399.000031</point>
				<point>120.843994,394.975067</point>
				<point>121.960999,387.993805</point>
				<point>147.117004,392.018768</point>
			</points>
		</object>
		<object>
			<coordinate>pixel</coordinate>
			<type>rectangle</type>
			<description>None</description>
			<possibleresult>
				<name>Van</name>
			</possibleresult>
			<points>
				<point>101.000000,432.000000</point>
				<point>92.969238,432.446167</point>
				<point>91.969238,414.446167</point>
				<point>100.000000,414.000000</point>
				<point>101.000000,432.000000</point>
			</points>
		</object>
		<object>
			<coordinate>pixel</coordinate>
			<type>rectangle</type>
			<description>None</description>
			<possibleresult>
				<name>Dump Truck</name>
			</possibleresult>
			<points>
				<point>136.000000,462.000000</point>
				<point>134.000000,482.000000</point>
				<point>123.009895,480.901001</point>
				<point>125.009888,460.901001</point>
				<point>136.000000,462.000000</point>
			</points>
		</object>
		<object>
			<coordinate>pixel</coordinate>
			<type>rectangle</type>
			<description>None</description>
			<possibleresult>
				<name>Dump Truck</name>
			</possibleresult>
			<points>
				<point>205.000000,457.000000</point>
				<point>182.000000,457.000000</point>
				<point>182.000000,449.000000</point>
				<point>205.000000,449.000000</point>
				<point>205.000000,457.000000</point>
			</points>
		</object>
		<object>
			<coordinate>pixel</coordinate>
			<type>rectangle</type>
			<description>None</description>
			<possibleresult>
				<name>Van</name>
			</possibleresult>
			<points>
				<point>134.000000,516.000000</point>
				<point>123.024895,516.522644</point>
				<point>122.024895,495.522644</point>
				<point>133.000000,495.000000</point>
				<point>134.000000,516.000000</point>
			</points>
		</object>
		<object>
			<coordinate>pixel</coordinate>
			<type>rectangle</type>
			<description>None</description>
			<possibleresult>
				<name>Dump Truck</name>
			</possibleresult>
			<points>
				<point>161.464722,547.958862</point>
				<point>160.000000,567.000000</point>
				<point>147.000000,566.000000</point>
				<point>148.464722,546.958862</point>
				<point>161.464722,547.958862</point>
			</points>
		</object>
		<object>
			<coordinate>pixel</coordinate>
			<type>rectangle</type>
			<description>None</description>
			<possibleresult>
				<name>Dump Truck</name>
			</possibleresult>
			<points>
				<point>275.000000,554.000000</point>
				<point>264.000000,554.000000</point>
				<point>264.000000,533.000000</point>
				<point>275.000000,533.000000</point>
				<point>275.000000,554.000000</point>
			</points>
		</object>
		<object>
			<coordinate>pixel</coordinate>
			<type>rectangle</type>
			<description>None</description>
			<possibleresult>
				<name>Small Car</name>
			</possibleresult>
			<points>
				<point>246.000015,589.000000</point>
				<point>235.860519,591.414185</point>
				<point>230.860519,570.414185</point>
				<point>241.000015,568.000000</point>
				<point>246.000015,589.000000</point>
			</points>
		</object>
		<object>
			<coordinate>pixel</coordinate>
			<type>rectangle</type>
			<description>None</description>
			<possibleresult>
				<name>Small Car</name>
			</possibleresult>
			<points>
				<point>1.000002,574.000061</point>
				<point>-1.453575,573.483582</point>
				<point>0.000009,566.579041</point>
				<point>2.453586,567.095520</point>
				<point>1.000002,574.000061</point>
			</points>
		</object>
		<object>
			<coordinate>pixel</coordinate>
			<type>rectangle</type>
			<description>None</description>
			<possibleresult>
				<name>Small Car</name>
			</possibleresult>
			<points>
				<point>1.000070,583.000122</point>
				<point>-1.321595,582.557861</point>
				<point>0.000003,575.619141</point>
				<point>2.321668,576.061401</point>
				<point>1.000070,583.000122</point>
			</points>
		</object>
		<object>
			<coordinate>pixel</coordinate>
			<type>rectangle</type>
			<description>None</description>
			<possibleresult>
				<name>Small Car</name>
			</possibleresult>
			<points>
				<point>-0.000002,585.000000</point>
				<point>-0.000002,585.000000</point>
				<point>-0.000000,592.000000</point>
				<point>-0.000000,592.000000</point>
				<point>-0.000002,585.000000</point>
			</points>
		</object>
		<object>
			<coordinate>pixel</coordinate>
			<type>rectangle</type>
			<description>None</description>
			<possibleresult>
				<name>Small Car</name>
			</possibleresult>
			<points>
				<point>17.027023,585.162109</point>
				<point>5.999997,587.000000</point>
				<point>2.972970,568.837891</point>
				<point>13.999996,567.000000</point>
				<point>17.027023,585.162109</point>
			</points>
		</object>
		<object>
			<coordinate>pixel</coordinate>
			<type>rectangle</type>
			<description>None</description>
			<possibleresult>
				<name>Van</name>
			</possibleresult>
			<points>
				<point>14.000000,564.999939</point>
				<point>6.020000,566.139954</point>
				<point>4.000000,551.999939</point>
				<point>11.980000,550.859924</point>
				<point>14.000000,564.999939</point>
			</points>
		</object>
		<object>
			<coordinate>pixel</coordinate>
			<type>rectangle</type>
			<description>None</description>
			<possibleresult>
				<name>Small Car</name>
			</possibleresult>
			<points>
				<point>71.000000,557.000000</point>
				<point>62.000000,557.000000</point>
				<point>62.000000,538.000000</point>
				<point>71.000000,538.000000</point>
				<point>71.000000,557.000000</point>
			</points>
		</object>
		<object>
			<coordinate>pixel</coordinate>
			<type>rectangle</type>
			<description>None</description>
			<possibleresult>
				<name>Van</name>
			</possibleresult>
			<points>
				<point>60.999992,532.000061</point>
				<point>57.999992,548.000061</point>
				<point>48.158485,546.154724</point>
				<point>51.158485,530.154724</point>
				<point>60.999992,532.000061</point>
			</points>
		</object>
		<object>
			<coordinate>pixel</coordinate>
			<type>rectangle</type>
			<description>None</description>
			<possibleresult>
				<name>Dump Truck</name>
			</possibleresult>
			<points>
				<point>61.000000,570.000000</point>
				<point>52.000000,570.000000</point>
				<point>52.000000,553.000000</point>
				<point>61.000000,553.000000</point>
				<point>61.000000,570.000000</point>
			</points>
		</object>
		<object>
			<coordinate>pixel</coordinate>
			<type>rectangle</type>
			<description>None</description>
			<possibleresult>
				<name>Van</name>
			</possibleresult>
			<points>
				<point>49.000000,572.000000</point>
				<point>40.000000,572.000000</point>
				<point>40.000000,553.000000</point>
				<point>49.000000,553.000000</point>
				<point>49.000000,572.000000</point>
			</points>
		</object>
		<object>
			<coordinate>pixel</coordinate>
			<type>rectangle</type>
			<description>None</description>
			<possibleresult>
				<name>Small Car</name>
			</possibleresult>
			<points>
				<point>11.000000,550.000000</point>
				<point>3.000000,550.000000</point>
				<point>3.000000,533.000000</point>
				<point>11.000000,533.000000</point>
				<point>11.000000,550.000000</point>
			</points>
		</object>
		<object>
			<coordinate>pixel</coordinate>
			<type>rectangle</type>
			<description>None</description>
			<possibleresult>
				<name>other-vehicle</name>
			</possibleresult>
			<points>
				<point>0.000000,564.093750</point>
				<point>-1.009756,531.781494</point>
				<point>1.990243,531.687744</point>
				<point>2.999999,564.000000</point>
				<point>0.000000,564.093750</point>
			</points>
		</object>
		<object>
			<coordinate>pixel</coordinate>
			<type>rectangle</type>
			<description>None</description>
			<possibleresult>
				<name>Van</name>
			</possibleresult>
			<points>
				<point>75.999969,531.000061</point>
				<point>71.538437,537.692322</point>
				<point>53.538433,525.692322</point>
				<point>57.999969,519.000061</point>
				<point>75.999969,531.000061</point>
			</points>
		</object>
		<object>
			<coordinate>pixel</coordinate>
			<type>rectangle</type>
			<description>None</description>
			<possibleresult>
				<name>Small Car</name>
			</possibleresult>
			<points>
				<point>75.999969,520.999939</point>
				<point>70.999969,527.999939</point>
				<point>54.729702,516.378357</point>
				<point>59.729706,509.378357</point>
				<point>75.999969,520.999939</point>
			</points>
		</object>
		<object>
			<coordinate>pixel</coordinate>
			<type>rectangle</type>
			<description>None</description>
			<possibleresult>
				<name>Small Car</name>
			</possibleresult>
			<points>
				<point>75.000000,511.000031</point>
				<point>71.786636,516.462769</point>
				<point>53.999996,506.000031</point>
				<point>57.213364,500.537292</point>
				<point>75.000000,511.000031</point>
			</points>
		</object>
		<object>
			<coordinate>pixel</coordinate>
			<type>rectangle</type>
			<description>None</description>
			<possibleresult>
				<name>Small Car</name>
			</possibleresult>
			<points>
				<point>75.000015,501.000061</point>
				<point>72.043716,506.025757</point>
				<point>55.000015,496.000061</point>
				<point>57.956314,490.974365</point>
				<point>75.000015,501.000061</point>
			</points>
		</object>
		<object>
			<coordinate>pixel</coordinate>
			<type>rectangle</type>
			<description>None</description>
			<possibleresult>
				<name>Small Car</name>
			</possibleresult>
			<points>
				<point>76.462570,479.704437</point>
				<point>73.000000,486.000031</point>
				<point>53.000000,475.000031</point>
				<point>56.462570,468.704437</point>
				<point>76.462570,479.704437</point>
			</points>
		</object>
		<object>
			<coordinate>pixel</coordinate>
			<type>rectangle</type>
			<description>None</description>
			<possibleresult>
				<name>Small Car</name>
			</possibleresult>
			<points>
				<point>77.000000,491.000000</point>
				<point>73.242699,497.148315</point>
				<point>55.000000,486.000000</point>
				<point>58.757301,479.851685</point>
				<point>77.000000,491.000000</point>
			</points>
		</object>
		<object>
			<coordinate>pixel</coordinate>
			<type>rectangle</type>
			<description>None</description>
			<possibleresult>
				<name>Van</name>
			</possibleresult>
			<points>
				<point>46.587250,446.868652</point>
				<point>44.000008,455.000000</point>
				<point>22.000008,448.000000</point>
				<point>24.587250,439.868652</point>
				<point>46.587250,446.868652</point>
			</points>
		</object>
		<object>
			<coordinate>pixel</coordinate>
			<type>rectangle</type>
			<description>None</description>
			<possibleresult>
				<name>Van</name>
			</possibleresult>
			<points>
				<point>54.410355,461.975922</point>
				<point>37.000008,463.000031</point>
				<point>36.589661,456.024139</point>
				<point>54.000008,455.000031</point>
				<point>54.410355,461.975922</point>
			</points>
		</object>
		<object>
			<coordinate>pixel</coordinate>
			<type>rectangle</type>
			<description>None</description>
			<possibleresult>
				<name>Small Car</name>
			</possibleresult>
			<points>
				<point>36.999992,452.000061</point>
				<point>36.270485,460.024658</point>
				<point>13.999999,458.000061</point>
				<point>14.729507,449.975464</point>
				<point>36.999992,452.000061</point>
			</points>
		</object>
		<object>
			<coordinate>pixel</coordinate>
			<type>rectangle</type>
			<description>None</description>
			<possibleresult>
				<name>Cargo Truck</name>
			</possibleresult>
			<points>
				<point>0.000000,466.000000</point>
				<point>0.000000,457.000000</point>
				<point>12.000000,457.000000</point>
				<point>12.000000,466.000000</point>
				<point>0.000000,466.000000</point>
			</points>
		</object>
		<object>
			<coordinate>pixel</coordinate>
			<type>rectangle</type>
			<description>None</description>
			<possibleresult>
				<name>Small Car</name>
			</possibleresult>
			<points>
				<point>383.030731,433.446167</point>
				<point>382.030731,451.446167</point>
				<point>373.999969,451.000000</point>
				<point>374.999969,433.000000</point>
				<point>383.030731,433.446167</point>
			</points>
		</object>
		<object>
			<coordinate>pixel</coordinate>
			<type>rectangle</type>
			<description>None</description>
			<possibleresult>
				<name>Van</name>
			</possibleresult>
			<points>
				<point>401.000000,454.000000</point>
				<point>393.000000,454.000000</point>
				<point>393.000000,438.000000</point>
				<point>401.000000,438.000000</point>
				<point>401.000000,454.000000</point>
			</points>
		</object>
		<object>
			<coordinate>pixel</coordinate>
			<type>rectangle</type>
			<description>None</description>
			<possibleresult>
				<name>Small Car</name>
			</possibleresult>
			<points>
				<point>429.000000,455.000000</point>
				<point>419.000000,455.000000</point>
				<point>419.000000,439.000000</point>
				<point>429.000000,439.000000</point>
				<point>429.000000,455.000000</point>
			</points>
		</object>
		<object>
			<coordinate>pixel</coordinate>
			<type>rectangle</type>
			<description>None</description>
			<possibleresult>
				<name>Small Car</name>
			</possibleresult>
			<points>
				<point>390.000031,541.000000</point>
				<point>378.000031,558.000000</point>
				<point>368.695160,551.431885</point>
				<point>380.695160,534.431885</point>
				<point>390.000031,541.000000</point>
			</points>
		</object>
		<object>
			<coordinate>pixel</coordinate>
			<type>rectangle</type>
			<description>None</description>
			<possibleresult>
				<name>Small Car</name>
			</possibleresult>
			<points>
				<point>346.299316,542.679321</point>
				<point>332.000000,558.000000</point>
				<point>322.700684,549.320679</point>
				<point>337.000000,534.000000</point>
				<point>346.299316,542.679321</point>
			</points>
		</object>
		<object>
			<coordinate>pixel</coordinate>
			<type>rectangle</type>
			<description>None</description>
			<possibleresult>
				<name>Dump Truck</name>
			</possibleresult>
			<points>
				<point>513.000000,563.000000</point>
				<point>502.907593,584.194092</point>
				<point>492.000000,579.000000</point>
				<point>502.092407,557.805908</point>
				<point>513.000000,563.000000</point>
			</points>
		</object>
		<object>
			<coordinate>pixel</coordinate>
			<type>rectangle</type>
			<description>None</description>
			<possibleresult>
				<name>Van</name>
			</possibleresult>
			<points>
				<point>224.347168,644.984863</point>
				<point>201.000000,646.000000</point>
				<point>200.652832,638.015137</point>
				<point>224.000000,637.000000</point>
				<point>224.347168,644.984863</point>
			</points>
		</object>
		<object>
			<coordinate>pixel</coordinate>
			<type>rectangle</type>
			<description>None</description>
			<possibleresult>
				<name>Small Car</name>
			</possibleresult>
			<points>
				<point>226.603973,656.039551</point>
				<point>206.603973,658.039551</point>
				<point>206.000000,652.000000</point>
				<point>226.000000,650.000000</point>
				<point>226.603973,656.039551</point>
			</points>
		</object>
		<object>
			<coordinate>pixel</coordinate>
			<type>rectangle</type>
			<description>None</description>
			<possibleresult>
				<name>Van</name>
			</possibleresult>
			<points>
				<point>286.000000,647.000000</point>
				<point>266.370178,648.033203</point>
				<point>266.000000,641.000000</point>
				<point>285.629822,639.966797</point>
				<point>286.000000,647.000000</point>
			</points>
		</object>
		<object>
			<coordinate>pixel</coordinate>
			<type>rectangle</type>
			<description>None</description>
			<possibleresult>
				<name>Van</name>
			</possibleresult>
			<points>
				<point>286.291138,651.012085</point>
				<point>286.000000,658.000000</point>
				<point>262.000000,657.000000</point>
				<point>262.291138,650.012085</point>
				<point>286.291138,651.012085</point>
			</points>
		</object>
		<object>
			<coordinate>pixel</coordinate>
			<type>rectangle</type>
			<description>None</description>
			<possibleresult>
				<name>Van</name>
			</possibleresult>
			<points>
				<point>287.364899,660.971191</point>
				<point>286.999969,669.000000</point>
				<point>264.999969,668.000000</point>
				<point>265.364899,659.971191</point>
				<point>287.364899,660.971191</point>
			</points>
		</object>
		<object>
			<coordinate>pixel</coordinate>
			<type>rectangle</type>
			<description>None</description>
			<possibleresult>
				<name>Van</name>
			</possibleresult>
			<points>
				<point>287.000000,670.000000</point>
				<point>286.652893,679.025146</point>
				<point>260.652893,678.025146</point>
				<point>261.000000,669.000000</point>
				<point>287.000000,670.000000</point>
			</points>
		</object>
		<object>
			<coordinate>pixel</coordinate>
			<type>rectangle</type>
			<description>None</description>
			<possibleresult>
				<name>Van</name>
			</possibleresult>
			<points>
				<point>288.000000,688.000000</point>
				<point>263.000000,688.000000</point>
				<point>263.000000,680.000000</point>
				<point>288.000000,680.000000</point>
				<point>288.000000,688.000000</point>
			</points>
		</object>
		<object>
			<coordinate>pixel</coordinate>
			<type>rectangle</type>
			<description>None</description>
			<possibleresult>
				<name>Van</name>
			</possibleresult>
			<points>
				<point>291.000000,698.000000</point>
				<point>265.000000,698.000000</point>
				<point>265.000000,689.000000</point>
				<point>291.000000,689.000000</point>
				<point>291.000000,698.000000</point>
			</points>
		</object>
		<object>
			<coordinate>pixel</coordinate>
			<type>rectangle</type>
			<description>None</description>
			<possibleresult>
				<name>Small Car</name>
			</possibleresult>
			<points>
				<point>226.000000,668.000000</point>
				<point>205.000000,668.000000</point>
				<point>205.000000,659.000000</point>
				<point>226.000000,659.000000</point>
				<point>226.000000,668.000000</point>
			</points>
		</object>
		<object>
			<coordinate>pixel</coordinate>
			<type>rectangle</type>
			<description>None</description>
			<possibleresult>
				<name>Small Car</name>
			</possibleresult>
			<points>
				<point>227.000015,680.000061</point>
				<point>226.665176,687.031677</point>
				<point>205.000015,686.000061</point>
				<point>205.334854,678.968445</point>
				<point>227.000015,680.000061</point>
			</points>
		</object>
		<object>
			<coordinate>pixel</coordinate>
			<type>rectangle</type>
			<description>None</description>
			<possibleresult>
				<name>Van</name>
			</possibleresult>
			<points>
				<point>229.000000,700.000000</point>
				<point>207.000000,700.000000</point>
				<point>207.000000,692.000000</point>
				<point>229.000000,692.000000</point>
				<point>229.000000,700.000000</point>
			</points>
		</object>
		<object>
			<coordinate>pixel</coordinate>
			<type>rectangle</type>
			<description>None</description>
			<possibleresult>
				<name>Small Car</name>
			</possibleresult>
			<points>
				<point>225.000000,709.000000</point>
				<point>204.000000,709.000000</point>
				<point>204.000000,701.000000</point>
				<point>225.000000,701.000000</point>
				<point>225.000000,709.000000</point>
			</points>
		</object>
		<object>
			<coordinate>pixel</coordinate>
			<type>rectangle</type>
			<description>None</description>
			<possibleresult>
				<name>Van</name>
			</possibleresult>
			<points>
				<point>229.594055,716.940552</point>
				<point>209.000000,719.000000</point>
				<point>208.405945,713.059448</point>
				<point>229.000000,711.000000</point>
				<point>229.594055,716.940552</point>
			</points>
		</object>
		<object>
			<coordinate>pixel</coordinate>
			<type>rectangle</type>
			<description>None</description>
			<possibleresult>
				<name>Small Car</name>
			</possibleresult>
			<points>
				<point>412.000000,691.000000</point>
				<point>392.629272,698.136597</point>
				<point>390.000000,691.000000</point>
				<point>409.370728,683.863403</point>
				<point>412.000000,691.000000</point>
			</points>
		</object>
		<object>
			<coordinate>pixel</coordinate>
			<type>rectangle</type>
			<description>None</description>
			<possibleresult>
				<name>Van</name>
			</possibleresult>
			<points>
				<point>407.000031,703.000061</point>
				<point>390.671234,709.123352</point>
				<point>387.671234,701.123352</point>
				<point>404.000031,695.000061</point>
				<point>407.000031,703.000061</point>
			</points>
		</object>
		<object>
			<coordinate>pixel</coordinate>
			<type>rectangle</type>
			<description>None</description>
			<possibleresult>
				<name>Dump Truck</name>
			</possibleresult>
			<points>
				<point>531.000000,755.000061</point>
				<point>528.977539,776.236023</point>
				<point>516.000000,775.000061</point>
				<point>518.022461,753.764099</point>
				<point>531.000000,755.000061</point>
			</points>
		</object>
		<object>
			<coordinate>pixel</coordinate>
			<type>rectangle</type>
			<description>None</description>
			<possibleresult>
				<name>Van</name>
			</possibleresult>
			<points>
				<point>572.500061,830.500122</point>
				<point>566.000061,837.000122</point>
				<point>551.000061,822.000122</point>
				<point>557.500061,815.500122</point>
				<point>572.500061,830.500122</point>
			</points>
		</object>
		<object>
			<coordinate>pixel</coordinate>
			<type>rectangle</type>
			<description>None</description>
			<possibleresult>
				<name>Small Car</name>
			</possibleresult>
			<points>
				<point>485.000000,818.000000</point>
				<point>476.000000,818.000000</point>
				<point>476.000000,801.000000</point>
				<point>485.000000,801.000000</point>
				<point>485.000000,818.000000</point>
			</points>
		</object>
		<object>
			<coordinate>pixel</coordinate>
			<type>rectangle</type>
			<description>None</description>
			<possibleresult>
				<name>Van</name>
			</possibleresult>
			<points>
				<point>474.000000,817.000000</point>
				<point>463.000000,817.000000</point>
				<point>463.000000,798.000000</point>
				<point>474.000000,798.000000</point>
				<point>474.000000,817.000000</point>
			</points>
		</object>
		<object>
			<coordinate>pixel</coordinate>
			<type>rectangle</type>
			<description>None</description>
			<possibleresult>
				<name>Small Car</name>
			</possibleresult>
			<points>
				<point>464.000000,817.000000</point>
				<point>453.000000,817.000000</point>
				<point>453.000000,797.000000</point>
				<point>464.000000,797.000000</point>
				<point>464.000000,817.000000</point>
			</points>
		</object>
		<object>
			<coordinate>pixel</coordinate>
			<type>rectangle</type>
			<description>None</description>
			<possibleresult>
				<name>Van</name>
			</possibleresult>
			<points>
				<point>390.000000,789.000000</point>
				<point>368.000000,789.000000</point>
				<point>368.000000,779.000000</point>
				<point>390.000000,779.000000</point>
				<point>390.000000,789.000000</point>
			</points>
		</object>
		<object>
			<coordinate>pixel</coordinate>
			<type>rectangle</type>
			<description>None</description>
			<possibleresult>
				<name>Small Car</name>
			</possibleresult>
			<points>
				<point>391.000000,798.000000</point>
				<point>369.000000,798.000000</point>
				<point>369.000000,790.000000</point>
				<point>391.000000,790.000000</point>
				<point>391.000000,798.000000</point>
			</points>
		</object>
		<object>
			<coordinate>pixel</coordinate>
			<type>rectangle</type>
			<description>None</description>
			<possibleresult>
				<name>Van</name>
			</possibleresult>
			<points>
				<point>388.408264,800.018555</point>
				<point>388.000000,809.000000</point>
				<point>365.591736,807.981445</point>
				<point>366.000000,799.000000</point>
				<point>388.408264,800.018555</point>
			</points>
		</object>
		<object>
			<coordinate>pixel</coordinate>
			<type>rectangle</type>
			<description>None</description>
			<possibleresult>
				<name>Small Car</name>
			</possibleresult>
			<points>
				<point>390.000000,817.000122</point>
				<point>367.000000,819.000122</point>
				<point>366.395874,812.052612</point>
				<point>389.395874,810.052612</point>
				<point>390.000000,817.000122</point>
			</points>
		</object>
		<object>
			<coordinate>pixel</coordinate>
			<type>rectangle</type>
			<description>None</description>
			<possibleresult>
				<name>Small Car</name>
			</possibleresult>
			<points>
				<point>390.000000,828.000000</point>
				<point>368.000000,828.000000</point>
				<point>368.000000,820.000000</point>
				<point>390.000000,820.000000</point>
				<point>390.000000,828.000000</point>
			</points>
		</object>
		<object>
			<coordinate>pixel</coordinate>
			<type>rectangle</type>
			<description>None</description>
			<possibleresult>
				<name>Cargo Truck</name>
			</possibleresult>
			<points>
				<point>129.786789,956.984741</point>
				<point>127.999985,982.000000</point>
				<point>113.999985,981.000000</point>
				<point>115.786789,955.984741</point>
				<point>129.786789,956.984741</point>
			</points>
		</object>
		<object>
			<coordinate>pixel</coordinate>
			<type>rectangle</type>
			<description>None</description>
			<possibleresult>
				<name>Cargo Truck</name>
			</possibleresult>
			<points>
				<point>116.099846,959.520752</point>
				<point>111.000008,984.000000</point>
				<point>98.900169,981.479248</point>
				<point>104.000008,957.000000</point>
				<point>116.099846,959.520752</point>
			</points>
		</object>
		<object>
			<coordinate>pixel</coordinate>
			<type>rectangle</type>
			<description>None</description>
			<possibleresult>
				<name>Cargo Truck</name>
			</possibleresult>
			<points>
				<point>169.029694,922.296997</point>
				<point>142.000000,925.000000</point>
				<point>141.000000,915.000000</point>
				<point>168.029694,912.296997</point>
				<point>169.029694,922.296997</point>
			</points>
		</object>
		<object>
			<coordinate>pixel</coordinate>
			<type>rectangle</type>
			<description>None</description>
			<possibleresult>
				<name>Van</name>
			</possibleresult>
			<points>
				<point>247.000000,933.000000</point>
				<point>236.000000,933.000000</point>
				<point>236.000000,916.000000</point>
				<point>247.000000,916.000000</point>
				<point>247.000000,933.000000</point>
			</points>
		</object>
		<object>
			<coordinate>pixel</coordinate>
			<type>rectangle</type>
			<description>None</description>
			<possibleresult>
				<name>Small Car</name>
			</possibleresult>
			<points>
				<point>272.022461,934.448853</point>
				<point>261.000000,935.000000</point>
				<point>259.977539,914.551147</point>
				<point>271.000000,914.000000</point>
				<point>272.022461,934.448853</point>
			</points>
		</object>
		<object>
			<coordinate>pixel</coordinate>
			<type>rectangle</type>
			<description>None</description>
			<possibleresult>
				<name>Small Car</name>
			</possibleresult>
			<points>
				<point>292.908203,934.209900</point>
				<point>285.908203,950.209900</point>
				<point>274.000000,945.000061</point>
				<point>281.000000,929.000061</point>
				<point>292.908203,934.209900</point>
			</points>
		</object>
		<object>
			<coordinate>pixel</coordinate>
			<type>rectangle</type>
			<description>None</description>
			<possibleresult>
				<name>Dump Truck</name>
			</possibleresult>
			<points>
				<point>329.000031,900.000000</point>
				<point>328.676727,910.021851</point>
				<point>297.676727,909.021851</point>
				<point>298.000031,899.000000</point>
				<point>329.000031,900.000000</point>
			</points>
		</object>
		<object>
			<coordinate>pixel</coordinate>
			<type>rectangle</type>
			<description>None</description>
			<possibleresult>
				<name>Van</name>
			</possibleresult>
			<points>
				<point>326.000000,923.000000</point>
				<point>302.000000,923.000000</point>
				<point>302.000000,913.000000</point>
				<point>326.000000,913.000000</point>
				<point>326.000000,923.000000</point>
			</points>
		</object>
		<object>
			<coordinate>pixel</coordinate>
			<type>rectangle</type>
			<description>None</description>
			<possibleresult>
				<name>Van</name>
			</possibleresult>
			<points>
				<point>325.000000,942.000000</point>
				<point>303.000000,942.000000</point>
				<point>303.000000,934.000000</point>
				<point>325.000000,934.000000</point>
				<point>325.000000,942.000000</point>
			</points>
		</object>
		<object>
			<coordinate>pixel</coordinate>
			<type>rectangle</type>
			<description>None</description>
			<possibleresult>
				<name>Van</name>
			</possibleresult>
			<points>
				<point>432.000000,861.999939</point>
				<point>431.170593,870.017639</point>
				<point>402.000000,866.999939</point>
				<point>402.829407,858.982239</point>
				<point>432.000000,861.999939</point>
			</points>
		</object>
		<object>
			<coordinate>pixel</coordinate>
			<type>rectangle</type>
			<description>None</description>
			<possibleresult>
				<name>Small Car</name>
			</possibleresult>
			<points>
				<point>422.000031,877.000000</point>
				<point>421.297089,884.029663</point>
				<point>401.000031,882.000000</point>
				<point>401.702972,874.970337</point>
				<point>422.000031,877.000000</point>
			</points>
		</object>
		<object>
			<coordinate>pixel</coordinate>
			<type>rectangle</type>
			<description>None</description>
			<possibleresult>
				<name>other-vehicle</name>
			</possibleresult>
			<points>
				<point>425.139954,888.019958</point>
				<point>423.999939,895.999939</point>
				<point>395.859924,891.979919</point>
				<point>396.999939,883.999939</point>
				<point>425.139954,888.019958</point>
			</points>
		</object>
		<object>
			<coordinate>pixel</coordinate>
			<type>rectangle</type>
			<description>None</description>
			<possibleresult>
				<name>Van</name>
			</possibleresult>
			<points>
				<point>493.611664,873.966309</point>
				<point>493.000031,881.000122</point>
				<point>470.000031,879.000122</point>
				<point>470.611664,871.966309</point>
				<point>493.611664,873.966309</point>
			</points>
		</object>
		<object>
			<coordinate>pixel</coordinate>
			<type>rectangle</type>
			<description>None</description>
			<possibleresult>
				<name>Van</name>
			</possibleresult>
			<points>
				<point>327.692322,1002.000122</point>
				<point>301.692322,1000.000000</point>
				<point>302.000000,995.999878</point>
				<point>328.000000,998.000000</point>
				<point>327.692322,1002.000122</point>
			</points>
		</object>
		<object>
			<coordinate>pixel</coordinate>
			<type>rectangle</type>
			<description>None</description>
			<possibleresult>
				<name>Dump Truck</name>
			</possibleresult>
			<points>
				<point>377.979401,986.453613</point>
				<point>377.363647,1000.000000</point>
				<point>367.363678,1000.000000</point>
				<point>368.000031,986.000000</point>
				<point>377.979401,986.453613</point>
			</points>
		</object>
		<object>
			<coordinate>pixel</coordinate>
			<type>rectangle</type>
			<description>None</description>
			<possibleresult>
				<name>Small Car</name>
			</possibleresult>
			<points>
				<point>405.000000,985.999939</point>
				<point>403.444427,1000.000000</point>
				<point>394.444427,1000.000000</point>
				<point>396.109741,985.012146</point>
				<point>405.000000,985.999939</point>
			</points>
		</object>
		<object>
			<coordinate>pixel</coordinate>
			<type>rectangle</type>
			<description>None</description>
			<possibleresult>
				<name>Small Car</name>
			</possibleresult>
			<points>
				<point>509.000000,1000.000000</point>
				<point>499.000000,1000.000000</point>
				<point>499.000000,988.000000</point>
				<point>509.000000,988.000000</point>
				<point>509.000000,1000.000000</point>
			</points>
		</object>
	</objects>
</annotation>