<?xml version="1.0" encoding="utf-8"?>
<annotation>
	<source>
		<filename>1326.tif</filename>
		<origin>GF2/GF3</origin>
	</source>
	<research>
		<version>1.0</version>
		<provider>FAIR1M</provider>
		<author>Cyber</author>
		<pluginname>FAIR1M</pluginname>
		<pluginclass>object detection</pluginclass>
		<time>2021-03</time>
	</research>
	<size>
		<width>1000</width>
		<height>1000</height>
		<depth>3</depth>
	</size>
	<objects>
		<object>
			<coordinate>pixel</coordinate>
			<type>rectangle</type>
			<description>None</description>
			<possibleresult>
				<name>Tennis Court</name>
			</possibleresult>
			<points>
				<point>838.000122,655.000000</point>
				<point>792.243652,670.638306</point>
				<point>764.000122,588.000000</point>
				<point>809.756592,572.361694</point>
				<point>838.000122,655.000000</point>
			</points>
		</object>
		<object>
			<coordinate>pixel</coordinate>
			<type>rectangle</type>
			<description>None</description>
			<possibleresult>
				<name>Cargo Truck</name>
			</possibleresult>
			<points>
				<point>281.000000,146.000015</point>
				<point>253.872925,157.051773</point>
				<point>251.000000,150.000015</point>
				<point>278.127075,138.948257</point>
				<point>281.000000,146.000015</point>
			</points>
		</object>
		<object>
			<coordinate>pixel</coordinate>
			<type>rectangle</type>
			<description>None</description>
			<possibleresult>
				<name>other-vehicle</name>
			</possibleresult>
			<points>
				<point>561.000061,341.999969</point>
				<point>532.357971,343.022919</point>
				<point>532.000061,332.999969</point>
				<point>560.642151,331.977020</point>
				<point>561.000061,341.999969</point>
			</points>
		</object>
		<object>
			<coordinate>pixel</coordinate>
			<type>rectangle</type>
			<description>None</description>
			<possibleresult>
				<name>Small Car</name>
			</possibleresult>
			<points>
				<point>522.052429,403.977112</point>
				<point>506.000031,411.000061</point>
				<point>502.947571,404.023010</point>
				<point>519.000000,397.000061</point>
				<point>522.052429,403.977112</point>
			</points>
		</object>
		<object>
			<coordinate>pixel</coordinate>
			<type>rectangle</type>
			<description>None</description>
			<possibleresult>
				<name>Van</name>
			</possibleresult>
			<points>
				<point>425.000031,435.000031</point>
				<point>409.700043,440.100006</point>
				<point>408.000031,435.000031</point>
				<point>423.300018,429.900055</point>
				<point>425.000031,435.000031</point>
			</points>
		</object>
		<object>
			<coordinate>pixel</coordinate>
			<type>rectangle</type>
			<description>None</description>
			<possibleresult>
				<name>Small Car</name>
			</possibleresult>
			<points>
				<point>410.000000,443.000061</point>
				<point>390.629272,450.136658</point>
				<point>388.000000,443.000061</point>
				<point>407.370728,435.863464</point>
				<point>410.000000,443.000061</point>
			</points>
		</object>
		<object>
			<coordinate>pixel</coordinate>
			<type>rectangle</type>
			<description>None</description>
			<possibleresult>
				<name>Small Car</name>
			</possibleresult>
			<points>
				<point>465.000000,449.000000</point>
				<point>458.000000,449.000000</point>
				<point>458.000000,436.000000</point>
				<point>465.000000,436.000000</point>
				<point>465.000000,449.000000</point>
			</points>
		</object>
		<object>
			<coordinate>pixel</coordinate>
			<type>rectangle</type>
			<description>None</description>
			<possibleresult>
				<name>Van</name>
			</possibleresult>
			<points>
				<point>496.000000,450.000000</point>
				<point>488.000000,450.000000</point>
				<point>488.000000,435.000000</point>
				<point>496.000000,435.000000</point>
				<point>496.000000,450.000000</point>
			</points>
		</object>
		<object>
			<coordinate>pixel</coordinate>
			<type>rectangle</type>
			<description>None</description>
			<possibleresult>
				<name>Van</name>
			</possibleresult>
			<points>
				<point>348.000000,529.000000</point>
				<point>341.000000,529.000000</point>
				<point>341.000000,513.000000</point>
				<point>348.000000,513.000000</point>
				<point>348.000000,529.000000</point>
			</points>
		</object>
		<object>
			<coordinate>pixel</coordinate>
			<type>rectangle</type>
			<description>None</description>
			<possibleresult>
				<name>Small Car</name>
			</possibleresult>
			<points>
				<point>382.000000,532.000000</point>
				<point>376.000000,532.000000</point>
				<point>376.000000,521.000000</point>
				<point>382.000000,521.000000</point>
				<point>382.000000,532.000000</point>
			</points>
		</object>
		<object>
			<coordinate>pixel</coordinate>
			<type>rectangle</type>
			<description>None</description>
			<possibleresult>
				<name>other-vehicle</name>
			</possibleresult>
			<points>
				<point>440.000000,649.000000</point>
				<point>439.629822,656.033203</point>
				<point>420.629822,655.033203</point>
				<point>421.000000,648.000000</point>
				<point>440.000000,649.000000</point>
			</points>
		</object>
		<object>
			<coordinate>pixel</coordinate>
			<type>rectangle</type>
			<description>None</description>
			<possibleresult>
				<name>Cargo Truck</name>
			</possibleresult>
			<points>
				<point>119.000000,750.000061</point>
				<point>83.000000,777.000061</point>
				<point>77.000000,769.000061</point>
				<point>113.000000,742.000061</point>
				<point>119.000000,750.000061</point>
			</points>
		</object>
		<object>
			<coordinate>pixel</coordinate>
			<type>rectangle</type>
			<description>None</description>
			<possibleresult>
				<name>Cargo Truck</name>
			</possibleresult>
			<points>
				<point>166.448288,739.620728</point>
				<point>140.000015,762.000000</point>
				<point>133.551743,754.379272</point>
				<point>160.000015,732.000000</point>
				<point>166.448288,739.620728</point>
			</points>
		</object>
		<object>
			<coordinate>pixel</coordinate>
			<type>rectangle</type>
			<description>None</description>
			<possibleresult>
				<name>Cargo Truck</name>
			</possibleresult>
			<points>
				<point>578.000061,704.000122</point>
				<point>576.000061,726.000122</point>
				<point>567.073792,725.188599</point>
				<point>569.073792,703.188599</point>
				<point>578.000061,704.000122</point>
			</points>
		</object>
		<object>
			<coordinate>pixel</coordinate>
			<type>rectangle</type>
			<description>None</description>
			<possibleresult>
				<name>Cargo Truck</name>
			</possibleresult>
			<points>
				<point>483.000000,780.000000</point>
				<point>447.000000,780.000000</point>
				<point>447.000000,770.000000</point>
				<point>483.000000,770.000000</point>
				<point>483.000000,780.000000</point>
			</points>
		</object>
		<object>
			<coordinate>pixel</coordinate>
			<type>rectangle</type>
			<description>None</description>
			<possibleresult>
				<name>other-vehicle</name>
			</possibleresult>
			<points>
				<point>370.590149,741.491821</point>
				<point>366.000000,747.000000</point>
				<point>347.409851,731.508179</point>
				<point>352.000000,726.000000</point>
				<point>370.590149,741.491821</point>
			</points>
		</object>
		<object>
			<coordinate>pixel</coordinate>
			<type>rectangle</type>
			<description>None</description>
			<possibleresult>
				<name>Van</name>
			</possibleresult>
			<points>
				<point>456.551697,800.620667</point>
				<point>452.000000,805.999939</point>
				<point>439.000000,794.999939</point>
				<point>443.551697,789.620667</point>
				<point>456.551697,800.620667</point>
			</points>
		</object>
		<object>
			<coordinate>pixel</coordinate>
			<type>rectangle</type>
			<description>None</description>
			<possibleresult>
				<name>Small Car</name>
			</possibleresult>
			<points>
				<point>449.271667,806.248962</point>
				<point>444.000000,811.999939</point>
				<point>431.728271,800.750916</point>
				<point>436.999939,794.999939</point>
				<point>449.271667,806.248962</point>
			</points>
		</object>
		<object>
			<coordinate>pixel</coordinate>
			<type>rectangle</type>
			<description>None</description>
			<possibleresult>
				<name>Van</name>
			</possibleresult>
			<points>
				<point>492.500092,820.500122</point>
				<point>486.000092,827.000122</point>
				<point>472.500092,813.500122</point>
				<point>479.000092,807.000122</point>
				<point>492.500092,820.500122</point>
			</points>
		</object>
		<object>
			<coordinate>pixel</coordinate>
			<type>rectangle</type>
			<description>None</description>
			<possibleresult>
				<name>Van</name>
			</possibleresult>
			<points>
				<point>462.000061,843.000122</point>
				<point>457.176697,849.138916</point>
				<point>443.000061,838.000122</point>
				<point>447.823425,831.861328</point>
				<point>462.000061,843.000122</point>
			</points>
		</object>
		<object>
			<coordinate>pixel</coordinate>
			<type>rectangle</type>
			<description>None</description>
			<possibleresult>
				<name>Van</name>
			</possibleresult>
			<points>
				<point>431.999969,863.000000</point>
				<point>427.491791,868.409790</point>
				<point>414.999969,858.000000</point>
				<point>419.508148,852.590210</point>
				<point>431.999969,863.000000</point>
			</points>
		</object>
		<object>
			<coordinate>pixel</coordinate>
			<type>rectangle</type>
			<description>None</description>
			<possibleresult>
				<name>Small Car</name>
			</possibleresult>
			<points>
				<point>572.310303,839.723999</point>
				<point>563.000000,847.999878</point>
				<point>559.689697,844.275757</point>
				<point>569.000000,835.999878</point>
				<point>572.310303,839.723999</point>
			</points>
		</object>
		<object>
			<coordinate>pixel</coordinate>
			<type>rectangle</type>
			<description>None</description>
			<possibleresult>
				<name>Small Car</name>
			</possibleresult>
			<points>
				<point>579.206909,819.517273</point>
				<point>573.000000,822.000061</point>
				<point>567.000000,807.000061</point>
				<point>573.206909,804.517273</point>
				<point>579.206909,819.517273</point>
			</points>
		</object>
		<object>
			<coordinate>pixel</coordinate>
			<type>rectangle</type>
			<description>None</description>
			<possibleresult>
				<name>Small Car</name>
			</possibleresult>
			<points>
				<point>585.325439,811.781006</point>
				<point>580.000000,814.000000</point>
				<point>575.000000,802.000000</point>
				<point>580.325439,799.781006</point>
				<point>585.325439,811.781006</point>
			</points>
		</object>
		<object>
			<coordinate>pixel</coordinate>
			<type>rectangle</type>
			<description>None</description>
			<possibleresult>
				<name>Cargo Truck</name>
			</possibleresult>
			<points>
				<point>39.000439,1000.000000</point>
				<point>39.000439,996.000122</point>
				<point>59.799953,996.000122</point>
				<point>59.799953,1000.000000</point>
				<point>39.000439,1000.000000</point>
			</points>
		</object>
		<object>
			<coordinate>pixel</coordinate>
			<type>rectangle</type>
			<description>None</description>
			<possibleresult>
				<name>Trailer</name>
			</possibleresult>
			<points>
				<point>291.000031,954.000061</point>
				<point>243.000031,966.000061</point>
				<point>240.000031,954.000061</point>
				<point>288.000031,942.000061</point>
				<point>291.000031,954.000061</point>
			</points>
		</object>
		<object>
			<coordinate>pixel</coordinate>
			<type>rectangle</type>
			<description>None</description>
			<possibleresult>
				<name>Van</name>
			</possibleresult>
			<points>
				<point>283.145416,1000.472412</point>
				<point>282.968964,997.472534</point>
				<point>290.999969,997.000122</point>
				<point>291.176422,1000.000000</point>
				<point>283.145416,1000.472412</point>
			</points>
		</object>
		<object>
			<coordinate>pixel</coordinate>
			<type>rectangle</type>
			<description>None</description>
			<possibleresult>
				<name>Small Car</name>
			</possibleresult>
			<points>
				<point>293.298309,1000.579346</point>
				<point>293.000031,997.000122</point>
				<point>299.951752,996.420776</point>
				<point>300.250031,1000.000000</point>
				<point>293.298309,1000.579346</point>
			</points>
		</object>
		<object>
			<coordinate>pixel</coordinate>
			<type>rectangle</type>
			<description>None</description>
			<possibleresult>
				<name>Small Car</name>
			</possibleresult>
			<points>
				<point>303.469513,1000.573608</point>
				<point>302.969513,993.573608</point>
				<point>310.999969,993.000000</point>
				<point>311.499969,1000.000000</point>
				<point>303.469513,1000.573608</point>
			</points>
		</object>
		<object>
			<coordinate>pixel</coordinate>
			<type>rectangle</type>
			<description>None</description>
			<possibleresult>
				<name>Small Car</name>
			</possibleresult>
			<points>
				<point>321.000000,1000.000000</point>
				<point>313.000000,1000.000000</point>
				<point>313.000000,991.000000</point>
				<point>321.000000,991.000000</point>
				<point>321.000000,1000.000000</point>
			</points>
		</object>
		<object>
			<coordinate>pixel</coordinate>
			<type>rectangle</type>
			<description>None</description>
			<possibleresult>
				<name>Small Car</name>
			</possibleresult>
			<points>
				<point>330.846130,1000.000000</point>
				<point>322.769196,1000.000000</point>
				<point>321.970551,989.617554</point>
				<point>329.999969,988.999878</point>
				<point>330.846130,1000.000000</point>
			</points>
		</object>
		<object>
			<coordinate>pixel</coordinate>
			<type>rectangle</type>
			<description>None</description>
			<possibleresult>
				<name>Small Car</name>
			</possibleresult>
			<points>
				<point>341.000000,1000.000000</point>
				<point>333.000000,1000.000000</point>
				<point>333.000000,989.000000</point>
				<point>341.000000,989.000000</point>
				<point>341.000000,1000.000000</point>
			</points>
		</object>
		<object>
			<coordinate>pixel</coordinate>
			<type>rectangle</type>
			<description>None</description>
			<possibleresult>
				<name>Van</name>
			</possibleresult>
			<points>
				<point>398.894714,1000.000000</point>
				<point>398.894714,998.000000</point>
				<point>418.368469,998.000000</point>
				<point>418.368469,1000.000000</point>
				<point>398.894714,1000.000000</point>
			</points>
		</object>
		<object>
			<coordinate>pixel</coordinate>
			<type>rectangle</type>
			<description>None</description>
			<possibleresult>
				<name>Van</name>
			</possibleresult>
			<points>
				<point>420.000000,991.000000</point>
				<point>402.000000,991.000000</point>
				<point>402.000000,984.000000</point>
				<point>420.000000,984.000000</point>
				<point>420.000000,991.000000</point>
			</points>
		</object>
		<object>
			<coordinate>pixel</coordinate>
			<type>rectangle</type>
			<description>None</description>
			<possibleresult>
				<name>Van</name>
			</possibleresult>
			<points>
				<point>420.000000,982.000000</point>
				<point>404.000000,982.000000</point>
				<point>404.000000,975.000000</point>
				<point>420.000000,975.000000</point>
				<point>420.000000,982.000000</point>
			</points>
		</object>
		<object>
			<coordinate>pixel</coordinate>
			<type>rectangle</type>
			<description>None</description>
			<possibleresult>
				<name>Cargo Truck</name>
			</possibleresult>
			<points>
				<point>596.999939,977.000000</point>
				<point>593.034424,1000.000000</point>
				<point>580.689636,1000.000000</point>
				<point>585.011536,974.932983</point>
				<point>596.999939,977.000000</point>
			</points>
		</object>
		<object>
			<coordinate>pixel</coordinate>
			<type>rectangle</type>
			<description>None</description>
			<possibleresult>
				<name>Cargo Truck</name>
			</possibleresult>
			<points>
				<point>587.000000,948.000000</point>
				<point>578.333313,1000.000000</point>
				<point>566.000000,1000.000000</point>
				<point>575.000000,946.000000</point>
				<point>587.000000,948.000000</point>
			</points>
		</object>
		<object>
			<coordinate>pixel</coordinate>
			<type>rectangle</type>
			<description>None</description>
			<possibleresult>
				<name>Small Car</name>
			</possibleresult>
			<points>
				<point>681.069336,748.549072</point>
				<point>677.069336,774.549072</point>
				<point>667.000000,773.000000</point>
				<point>671.000000,747.000000</point>
				<point>681.069336,748.549072</point>
			</points>
		</object>
		<object>
			<coordinate>pixel</coordinate>
			<type>rectangle</type>
			<description>None</description>
			<possibleresult>
				<name>Cargo Truck</name>
			</possibleresult>
			<points>
				<point>650.000000,562.000061</point>
				<point>642.983032,602.097107</point>
				<point>631.000000,600.000061</point>
				<point>638.016968,559.903015</point>
				<point>650.000000,562.000061</point>
			</points>
		</object>
		<object>
			<coordinate>pixel</coordinate>
			<type>rectangle</type>
			<description>None</description>
			<possibleresult>
				<name>Cargo Truck</name>
			</possibleresult>
			<points>
				<point>630.046143,571.732056</point>
				<point>625.046143,600.732056</point>
				<point>615.000000,599.000000</point>
				<point>620.000000,570.000000</point>
				<point>630.046143,571.732056</point>
			</points>
		</object>
		<object>
			<coordinate>pixel</coordinate>
			<type>rectangle</type>
			<description>None</description>
			<possibleresult>
				<name>Cargo Truck</name>
			</possibleresult>
			<points>
				<point>761.999939,70.000000</point>
				<point>755.999939,114.000000</point>
				<point>744.933044,112.490875</point>
				<point>750.933044,68.490875</point>
				<point>761.999939,70.000000</point>
			</points>
		</object>
		<object>
			<coordinate>pixel</coordinate>
			<type>rectangle</type>
			<description>None</description>
			<possibleresult>
				<name>other-vehicle</name>
			</possibleresult>
			<points>
				<point>660.999939,641.999939</point>
				<point>656.999939,671.999939</point>
				<point>645.078552,670.410461</point>
				<point>649.078552,640.410461</point>
				<point>660.999939,641.999939</point>
			</points>
		</object>
		<object>
			<coordinate>pixel</coordinate>
			<type>rectangle</type>
			<description>None</description>
			<possibleresult>
				<name>Cargo Truck</name>
			</possibleresult>
			<points>
				<point>655.023010,682.849731</point>
				<point>651.023010,708.849731</point>
				<point>638.999939,707.000000</point>
				<point>642.999939,681.000000</point>
				<point>655.023010,682.849731</point>
			</points>
		</object>
		<object>
			<coordinate>pixel</coordinate>
			<type>rectangle</type>
			<description>None</description>
			<possibleresult>
				<name>Van</name>
			</possibleresult>
			<points>
				<point>649.008789,712.934448</point>
				<point>647.000000,728.000000</point>
				<point>639.991211,727.065552</point>
				<point>642.000000,712.000000</point>
				<point>649.008789,712.934448</point>
			</points>
		</object>
		<object>
			<coordinate>pixel</coordinate>
			<type>rectangle</type>
			<description>None</description>
			<possibleresult>
				<name>other-vehicle</name>
			</possibleresult>
			<points>
				<point>648.000061,734.000000</point>
				<point>641.979919,768.114136</point>
				<point>630.000061,766.000000</point>
				<point>636.020203,731.885864</point>
				<point>648.000061,734.000000</point>
			</points>
		</object>
		<object>
			<coordinate>pixel</coordinate>
			<type>rectangle</type>
			<description>None</description>
			<possibleresult>
				<name>other-vehicle</name>
			</possibleresult>
			<points>
				<point>643.999939,769.999817</point>
				<point>638.601135,805.092346</point>
				<point>625.601135,803.092346</point>
				<point>630.999939,767.999817</point>
				<point>643.999939,769.999817</point>
			</points>
		</object>
		<object>
			<coordinate>pixel</coordinate>
			<type>rectangle</type>
			<description>None</description>
			<possibleresult>
				<name>other-vehicle</name>
			</possibleresult>
			<points>
				<point>636.000061,814.000122</point>
				<point>631.000061,845.000122</point>
				<point>618.989929,843.062988</point>
				<point>623.989929,812.062988</point>
				<point>636.000061,814.000122</point>
			</points>
		</object>
		<object>
			<coordinate>pixel</coordinate>
			<type>rectangle</type>
			<description>None</description>
			<possibleresult>
				<name>Van</name>
			</possibleresult>
			<points>
				<point>644.999939,837.000000</point>
				<point>642.999939,851.000000</point>
				<point>635.999939,850.000000</point>
				<point>637.999939,836.000000</point>
				<point>644.999939,837.000000</point>
			</points>
		</object>
		<object>
			<coordinate>pixel</coordinate>
			<type>rectangle</type>
			<description>None</description>
			<possibleresult>
				<name>Van</name>
			</possibleresult>
			<points>
				<point>648.000061,810.000000</point>
				<point>645.000061,828.000000</point>
				<point>636.081116,826.513550</point>
				<point>639.081116,808.513550</point>
				<point>648.000061,810.000000</point>
			</points>
		</object>
		<object>
			<coordinate>pixel</coordinate>
			<type>rectangle</type>
			<description>None</description>
			<possibleresult>
				<name>Dump Truck</name>
			</possibleresult>
			<points>
				<point>913.142273,629.455627</point>
				<point>904.999939,632.000061</point>
				<point>899.857605,615.544495</point>
				<point>907.999939,613.000061</point>
				<point>913.142273,629.455627</point>
			</points>
		</object>
		<object>
			<coordinate>pixel</coordinate>
			<type>rectangle</type>
			<description>None</description>
			<possibleresult>
				<name>Dump Truck</name>
			</possibleresult>
			<points>
				<point>927.058960,662.235352</point>
				<point>920.000122,664.000000</point>
				<point>916.941284,651.764648</point>
				<point>924.000122,650.000000</point>
				<point>927.058960,662.235352</point>
			</points>
		</object>
		<object>
			<coordinate>pixel</coordinate>
			<type>rectangle</type>
			<description>None</description>
			<possibleresult>
				<name>Van</name>
			</possibleresult>
			<points>
				<point>874.000183,57.000000</point>
				<point>859.000183,58.000000</point>
				<point>858.597473,51.960175</point>
				<point>873.597473,50.960175</point>
				<point>874.000183,57.000000</point>
			</points>
		</object>
		<object>
			<coordinate>pixel</coordinate>
			<type>rectangle</type>
			<description>None</description>
			<possibleresult>
				<name>Van</name>
			</possibleresult>
			<points>
				<point>874.377441,73.038910</point>
				<point>858.377441,74.038910</point>
				<point>858.000000,68.000000</point>
				<point>874.000000,67.000000</point>
				<point>874.377441,73.038910</point>
			</points>
		</object>
		<object>
			<coordinate>pixel</coordinate>
			<type>rectangle</type>
			<description>None</description>
			<possibleresult>
				<name>Van</name>
			</possibleresult>
			<points>
				<point>877.861694,89.892303</point>
				<point>861.861694,91.892303</point>
				<point>861.000122,85.000000</point>
				<point>877.000122,83.000000</point>
				<point>877.861694,89.892303</point>
			</points>
		</object>
		<object>
			<coordinate>pixel</coordinate>
			<type>rectangle</type>
			<description>None</description>
			<possibleresult>
				<name>Small Car</name>
			</possibleresult>
			<points>
				<point>881.000000,105.000000</point>
				<point>862.000000,106.000000</point>
				<point>861.629883,98.966858</point>
				<point>880.629883,97.966858</point>
				<point>881.000000,105.000000</point>
			</points>
		</object>
		<object>
			<coordinate>pixel</coordinate>
			<type>rectangle</type>
			<description>None</description>
			<possibleresult>
				<name>Small Car</name>
			</possibleresult>
			<points>
				<point>881.999939,112.999992</point>
				<point>863.780457,115.024376</point>
				<point>862.999939,107.999992</point>
				<point>881.219421,105.975609</point>
				<point>881.999939,112.999992</point>
			</points>
		</object>
		<object>
			<coordinate>pixel</coordinate>
			<type>rectangle</type>
			<description>None</description>
			<possibleresult>
				<name>Van</name>
			</possibleresult>
			<points>
				<point>887.000000,145.000000</point>
				<point>867.000000,145.000000</point>
				<point>867.000000,138.000000</point>
				<point>887.000000,138.000000</point>
				<point>887.000000,145.000000</point>
			</points>
		</object>
		<object>
			<coordinate>pixel</coordinate>
			<type>rectangle</type>
			<description>None</description>
			<possibleresult>
				<name>Small Car</name>
			</possibleresult>
			<points>
				<point>874.000000,65.000000</point>
				<point>859.431519,66.040604</point>
				<point>859.000000,59.999996</point>
				<point>873.568481,58.959389</point>
				<point>874.000000,65.000000</point>
			</points>
		</object>
		<object>
			<coordinate>pixel</coordinate>
			<type>rectangle</type>
			<description>None</description>
			<possibleresult>
				<name>Van</name>
			</possibleresult>
			<points>
				<point>876.000000,82.000000</point>
				<point>861.000000,82.000000</point>
				<point>861.000000,76.000000</point>
				<point>876.000000,76.000000</point>
				<point>876.000000,82.000000</point>
			</points>
		</object>
		<object>
			<coordinate>pixel</coordinate>
			<type>rectangle</type>
			<description>None</description>
			<possibleresult>
				<name>Small Car</name>
			</possibleresult>
			<points>
				<point>885.332336,135.981522</point>
				<point>867.000061,136.999985</point>
				<point>866.667786,131.018448</point>
				<point>885.000061,129.999985</point>
				<point>885.332336,135.981522</point>
			</points>
		</object>
		<object>
			<coordinate>pixel</coordinate>
			<type>rectangle</type>
			<description>None</description>
			<possibleresult>
				<name>Small Car</name>
			</possibleresult>
			<points>
				<point>884.000000,152.000000</point>
				<point>870.000000,152.000000</point>
				<point>870.000000,146.000000</point>
				<point>884.000000,146.000000</point>
				<point>884.000000,152.000000</point>
			</points>
		</object>
		<object>
			<coordinate>pixel</coordinate>
			<type>rectangle</type>
			<description>None</description>
			<possibleresult>
				<name>Van</name>
			</possibleresult>
			<points>
				<point>886.410400,170.975845</point>
				<point>869.000000,171.999985</point>
				<point>868.589600,165.024124</point>
				<point>886.000000,163.999985</point>
				<point>886.410400,170.975845</point>
			</points>
		</object>
		<object>
			<coordinate>pixel</coordinate>
			<type>rectangle</type>
			<description>None</description>
			<possibleresult>
				<name>Small Car</name>
			</possibleresult>
			<points>
				<point>959.000000,199.999985</point>
				<point>940.576416,204.094101</point>
				<point>939.000000,196.999985</point>
				<point>957.423584,192.905869</point>
				<point>959.000000,199.999985</point>
			</points>
		</object>
		<object>
			<coordinate>pixel</coordinate>
			<type>rectangle</type>
			<description>None</description>
			<possibleresult>
				<name>Van</name>
			</possibleresult>
			<points>
				<point>961.000061,207.000031</point>
				<point>941.294495,211.148560</point>
				<point>940.000061,205.000031</point>
				<point>959.705627,200.851501</point>
				<point>961.000061,207.000031</point>
			</points>
		</object>
		<object>
			<coordinate>pixel</coordinate>
			<type>rectangle</type>
			<description>None</description>
			<possibleresult>
				<name>Van</name>
			</possibleresult>
			<points>
				<point>964.000122,215.000015</point>
				<point>945.000122,219.000015</point>
				<point>943.705688,212.851486</point>
				<point>962.705688,208.851486</point>
				<point>964.000122,215.000015</point>
			</points>
		</object>
		<object>
			<coordinate>pixel</coordinate>
			<type>rectangle</type>
			<description>None</description>
			<possibleresult>
				<name>Small Car</name>
			</possibleresult>
			<points>
				<point>965.228210,224.959717</point>
				<point>948.000061,228.000000</point>
				<point>946.771912,221.040283</point>
				<point>964.000061,218.000000</point>
				<point>965.228210,224.959717</point>
			</points>
		</object>
		<object>
			<coordinate>pixel</coordinate>
			<type>rectangle</type>
			<description>None</description>
			<possibleresult>
				<name>Van</name>
			</possibleresult>
			<points>
				<point>972.000122,240.000000</point>
				<point>953.000122,244.000000</point>
				<point>951.705688,237.851471</point>
				<point>970.705688,233.851471</point>
				<point>972.000122,240.000000</point>
			</points>
		</object>
		<object>
			<coordinate>pixel</coordinate>
			<type>rectangle</type>
			<description>None</description>
			<possibleresult>
				<name>Small Car</name>
			</possibleresult>
			<points>
				<point>975.105774,247.976456</point>
				<point>956.999939,251.999985</point>
				<point>955.894104,247.023514</point>
				<point>973.999939,242.999985</point>
				<point>975.105774,247.976456</point>
			</points>
		</object>
		<object>
			<coordinate>pixel</coordinate>
			<type>rectangle</type>
			<description>None</description>
			<possibleresult>
				<name>Small Car</name>
			</possibleresult>
			<points>
				<point>971.264221,204.924484</point>
				<point>964.264221,206.924484</point>
				<point>960.000061,191.999954</point>
				<point>967.000061,189.999954</point>
				<point>971.264221,204.924484</point>
			</points>
		</object>
		<object>
			<coordinate>pixel</coordinate>
			<type>rectangle</type>
			<description>None</description>
			<possibleresult>
				<name>Small Car</name>
			</possibleresult>
			<points>
				<point>980.102295,203.478043</point>
				<point>972.999878,204.999985</point>
				<point>969.897461,190.521927</point>
				<point>976.999878,188.999985</point>
				<point>980.102295,203.478043</point>
			</points>
		</object>
		<object>
			<coordinate>pixel</coordinate>
			<type>rectangle</type>
			<description>None</description>
			<possibleresult>
				<name>Van</name>
			</possibleresult>
			<points>
				<point>977.000000,223.000031</point>
				<point>969.142334,225.455536</point>
				<point>964.000000,209.000031</point>
				<point>971.857666,206.544525</point>
				<point>977.000000,223.000031</point>
			</points>
		</object>
		<object>
			<coordinate>pixel</coordinate>
			<type>rectangle</type>
			<description>None</description>
			<possibleresult>
				<name>Small Car</name>
			</possibleresult>
			<points>
				<point>987.000000,221.000031</point>
				<point>980.099976,223.300018</point>
				<point>975.099976,208.300018</point>
				<point>982.000000,206.000031</point>
				<point>987.000000,221.000031</point>
			</points>
		</object>
		<object>
			<coordinate>pixel</coordinate>
			<type>rectangle</type>
			<description>None</description>
			<possibleresult>
				<name>Van</name>
			</possibleresult>
			<points>
				<point>837.000000,229.999969</point>
				<point>824.837891,232.027008</point>
				<point>823.837891,226.027008</point>
				<point>836.000000,223.999969</point>
				<point>837.000000,229.999969</point>
			</points>
		</object>
		<object>
			<coordinate>pixel</coordinate>
			<type>rectangle</type>
			<description>None</description>
			<possibleresult>
				<name>Small Car</name>
			</possibleresult>
			<points>
				<point>895.258484,248.130859</point>
				<point>878.258484,251.130859</point>
				<point>877.000061,244.000000</point>
				<point>894.000061,241.000000</point>
				<point>895.258484,248.130859</point>
			</points>
		</object>
		<object>
			<coordinate>pixel</coordinate>
			<type>rectangle</type>
			<description>None</description>
			<possibleresult>
				<name>Small Car</name>
			</possibleresult>
			<points>
				<point>901.294556,264.148560</point>
				<point>882.294556,268.148560</point>
				<point>881.000122,262.000000</point>
				<point>900.000122,258.000000</point>
				<point>901.294556,264.148560</point>
			</points>
		</object>
		<object>
			<coordinate>pixel</coordinate>
			<type>rectangle</type>
			<description>None</description>
			<possibleresult>
				<name>Small Car</name>
			</possibleresult>
			<points>
				<point>901.999939,273.000031</point>
				<point>885.999939,276.000031</point>
				<point>884.845276,269.841522</point>
				<point>900.845276,266.841522</point>
				<point>901.999939,273.000031</point>
			</points>
		</object>
		<object>
			<coordinate>pixel</coordinate>
			<type>rectangle</type>
			<description>None</description>
			<possibleresult>
				<name>Van</name>
			</possibleresult>
			<points>
				<point>907.000122,281.000031</point>
				<point>887.496094,285.106110</point>
				<point>886.000122,278.000031</point>
				<point>905.504150,273.893951</point>
				<point>907.000122,281.000031</point>
			</points>
		</object>
		<object>
			<coordinate>pixel</coordinate>
			<type>rectangle</type>
			<description>None</description>
			<possibleresult>
				<name>Small Car</name>
			</possibleresult>
			<points>
				<point>909.000061,290.000031</point>
				<point>892.000061,293.000031</point>
				<point>890.741638,285.869171</point>
				<point>907.741638,282.869171</point>
				<point>909.000061,290.000031</point>
			</points>
		</object>
		<object>
			<coordinate>pixel</coordinate>
			<type>rectangle</type>
			<description>None</description>
			<possibleresult>
				<name>Small Car</name>
			</possibleresult>
			<points>
				<point>911.364746,297.141174</point>
				<point>893.364746,301.141174</point>
				<point>892.000000,295.000000</point>
				<point>910.000000,291.000000</point>
				<point>911.364746,297.141174</point>
			</points>
		</object>
		<object>
			<coordinate>pixel</coordinate>
			<type>rectangle</type>
			<description>None</description>
			<possibleresult>
				<name>Van</name>
			</possibleresult>
			<points>
				<point>914.000122,306.000000</point>
				<point>895.000122,310.000000</point>
				<point>893.504150,302.893921</point>
				<point>912.504150,298.893921</point>
				<point>914.000122,306.000000</point>
			</points>
		</object>
		<object>
			<coordinate>pixel</coordinate>
			<type>rectangle</type>
			<description>None</description>
			<possibleresult>
				<name>Small Car</name>
			</possibleresult>
			<points>
				<point>914.038452,313.192322</point>
				<point>899.038452,316.192322</point>
				<point>898.000000,311.000000</point>
				<point>913.000000,308.000000</point>
				<point>914.038452,313.192322</point>
			</points>
		</object>
		<object>
			<coordinate>pixel</coordinate>
			<type>rectangle</type>
			<description>None</description>
			<possibleresult>
				<name>Van</name>
			</possibleresult>
			<points>
				<point>919.301819,320.943390</point>
				<point>902.999939,323.999969</point>
				<point>901.698059,317.056549</point>
				<point>917.999939,313.999969</point>
				<point>919.301819,320.943390</point>
			</points>
		</object>
		<object>
			<coordinate>pixel</coordinate>
			<type>rectangle</type>
			<description>None</description>
			<possibleresult>
				<name>Small Car</name>
			</possibleresult>
			<points>
				<point>922.301819,329.943390</point>
				<point>905.999939,332.999969</point>
				<point>904.698059,326.056549</point>
				<point>920.999939,322.999969</point>
				<point>922.301819,329.943390</point>
			</points>
		</object>
		<object>
			<coordinate>pixel</coordinate>
			<type>rectangle</type>
			<description>None</description>
			<possibleresult>
				<name>Van</name>
			</possibleresult>
			<points>
				<point>928.192322,347.961548</point>
				<point>912.230774,351.153870</point>
				<point>911.000061,345.000000</point>
				<point>926.961609,341.807678</point>
				<point>928.192322,347.961548</point>
			</points>
		</object>
		<object>
			<coordinate>pixel</coordinate>
			<type>rectangle</type>
			<description>None</description>
			<possibleresult>
				<name>Small Car</name>
			</possibleresult>
			<points>
				<point>928.999939,356.000031</point>
				<point>914.999939,359.000031</point>
				<point>913.682922,352.853668</point>
				<point>927.682922,349.853668</point>
				<point>928.999939,356.000031</point>
			</points>
		</object>
		<object>
			<coordinate>pixel</coordinate>
			<type>rectangle</type>
			<description>None</description>
			<possibleresult>
				<name>Small Car</name>
			</possibleresult>
			<points>
				<point>931.390137,363.908173</point>
				<point>914.000000,367.999969</point>
				<point>912.609863,362.091766</point>
				<point>930.000000,357.999969</point>
				<point>931.390137,363.908173</point>
			</points>
		</object>
		<object>
			<coordinate>pixel</coordinate>
			<type>rectangle</type>
			<description>None</description>
			<possibleresult>
				<name>Van</name>
			</possibleresult>
			<points>
				<point>934.999878,372.999969</point>
				<point>916.999878,376.999969</point>
				<point>915.423462,369.905853</point>
				<point>933.423462,365.905853</point>
				<point>934.999878,372.999969</point>
			</points>
		</object>
		<object>
			<coordinate>pixel</coordinate>
			<type>rectangle</type>
			<description>None</description>
			<possibleresult>
				<name>Van</name>
			</possibleresult>
			<points>
				<point>940.000061,381.000031</point>
				<point>921.000061,385.000031</point>
				<point>919.705627,378.851471</point>
				<point>938.705627,374.851471</point>
				<point>940.000061,381.000031</point>
			</points>
		</object>
		<object>
			<coordinate>pixel</coordinate>
			<type>rectangle</type>
			<description>None</description>
			<possibleresult>
				<name>Small Car</name>
			</possibleresult>
			<points>
				<point>951.470703,417.882355</point>
				<point>935.000122,422.000031</point>
				<point>933.529541,416.117706</point>
				<point>950.000122,412.000031</point>
				<point>951.470703,417.882355</point>
			</points>
		</object>
		<object>
			<coordinate>pixel</coordinate>
			<type>rectangle</type>
			<description>None</description>
			<possibleresult>
				<name>Van</name>
			</possibleresult>
			<points>
				<point>950.181152,427.966064</point>
				<point>934.000000,431.000000</point>
				<point>932.879272,425.022644</point>
				<point>949.060425,421.988708</point>
				<point>950.181152,427.966064</point>
			</points>
		</object>
		<object>
			<coordinate>pixel</coordinate>
			<type>rectangle</type>
			<description>None</description>
			<possibleresult>
				<name>Small Car</name>
			</possibleresult>
			<points>
				<point>956.000061,435.000000</point>
				<point>937.000061,439.000000</point>
				<point>935.504089,431.893921</point>
				<point>954.504089,427.893921</point>
				<point>956.000061,435.000000</point>
			</points>
		</object>
		<object>
			<coordinate>pixel</coordinate>
			<type>rectangle</type>
			<description>None</description>
			<possibleresult>
				<name>Small Car</name>
			</possibleresult>
			<points>
				<point>962.000122,451.000000</point>
				<point>943.000122,455.000000</point>
				<point>941.504150,447.893921</point>
				<point>960.504150,443.893921</point>
				<point>962.000122,451.000000</point>
			</points>
		</object>
		<object>
			<coordinate>pixel</coordinate>
			<type>rectangle</type>
			<description>None</description>
			<possibleresult>
				<name>Small Car</name>
			</possibleresult>
			<points>
				<point>967.423157,466.115387</point>
				<point>947.423157,470.115387</point>
				<point>946.000061,463.000031</point>
				<point>966.000061,459.000031</point>
				<point>967.423157,466.115387</point>
			</points>
		</object>
		<object>
			<coordinate>pixel</coordinate>
			<type>rectangle</type>
			<description>None</description>
			<possibleresult>
				<name>Van</name>
			</possibleresult>
			<points>
				<point>973.470642,480.882416</point>
				<point>953.000061,486.000092</point>
				<point>951.529480,480.117767</point>
				<point>972.000061,475.000092</point>
				<point>973.470642,480.882416</point>
			</points>
		</object>
		<object>
			<coordinate>pixel</coordinate>
			<type>rectangle</type>
			<description>None</description>
			<possibleresult>
				<name>Van</name>
			</possibleresult>
			<points>
				<point>976.000061,489.000000</point>
				<point>956.000061,494.000000</point>
				<point>954.529480,488.117676</point>
				<point>974.529480,483.117676</point>
				<point>976.000061,489.000000</point>
			</points>
		</object>
		<object>
			<coordinate>pixel</coordinate>
			<type>rectangle</type>
			<description>None</description>
			<possibleresult>
				<name>Van</name>
			</possibleresult>
			<points>
				<point>979.000000,505.000000</point>
				<point>964.000000,508.000000</point>
				<point>963.000000,503.000000</point>
				<point>978.000000,500.000000</point>
				<point>979.000000,505.000000</point>
			</points>
		</object>
		<object>
			<coordinate>pixel</coordinate>
			<type>rectangle</type>
			<description>None</description>
			<possibleresult>
				<name>Van</name>
			</possibleresult>
			<points>
				<point>984.228210,522.959778</point>
				<point>967.000061,526.000061</point>
				<point>965.771912,519.040344</point>
				<point>983.000061,516.000061</point>
				<point>984.228210,522.959778</point>
			</points>
		</object>
		<object>
			<coordinate>pixel</coordinate>
			<type>rectangle</type>
			<description>None</description>
			<possibleresult>
				<name>Small Car</name>
			</possibleresult>
			<points>
				<point>917.000000,242.000015</point>
				<point>897.000000,247.000015</point>
				<point>895.235352,239.941177</point>
				<point>915.235352,234.941177</point>
				<point>917.000000,242.000015</point>
			</points>
		</object>
		<object>
			<coordinate>pixel</coordinate>
			<type>rectangle</type>
			<description>None</description>
			<possibleresult>
				<name>Van</name>
			</possibleresult>
			<points>
				<point>859.000000,264.000000</point>
				<point>841.000000,268.000000</point>
				<point>839.635254,261.858826</point>
				<point>857.635254,257.858826</point>
				<point>859.000000,264.000000</point>
			</points>
		</object>
		<object>
			<coordinate>pixel</coordinate>
			<type>rectangle</type>
			<description>None</description>
			<possibleresult>
				<name>Small Car</name>
			</possibleresult>
			<points>
				<point>862.000000,273.000031</point>
				<point>847.339600,277.188690</point>
				<point>845.339600,270.188690</point>
				<point>860.000000,266.000031</point>
				<point>862.000000,273.000031</point>
			</points>
		</object>
		<object>
			<coordinate>pixel</coordinate>
			<type>rectangle</type>
			<description>None</description>
			<possibleresult>
				<name>Small Car</name>
			</possibleresult>
			<points>
				<point>866.000122,281.000000</point>
				<point>850.875610,285.033203</point>
				<point>849.000122,278.000000</point>
				<point>864.124634,273.966797</point>
				<point>866.000122,281.000000</point>
			</points>
		</object>
		<object>
			<coordinate>pixel</coordinate>
			<type>rectangle</type>
			<description>None</description>
			<possibleresult>
				<name>Van</name>
			</possibleresult>
			<points>
				<point>864.999939,298.000000</point>
				<point>851.464661,299.041199</point>
				<point>850.999939,293.000000</point>
				<point>864.535217,291.958801</point>
				<point>864.999939,298.000000</point>
			</points>
		</object>
		<object>
			<coordinate>pixel</coordinate>
			<type>rectangle</type>
			<description>None</description>
			<possibleresult>
				<name>Small Car</name>
			</possibleresult>
			<points>
				<point>918.252075,250.946991</point>
				<point>899.000122,255.000031</point>
				<point>897.748169,249.053070</point>
				<point>917.000122,245.000031</point>
				<point>918.252075,250.946991</point>
			</points>
		</object>
		<object>
			<coordinate>pixel</coordinate>
			<type>rectangle</type>
			<description>None</description>
			<possibleresult>
				<name>Small Car</name>
			</possibleresult>
			<points>
				<point>921.496033,260.106140</point>
				<point>902.496033,264.106110</point>
				<point>901.000061,257.000000</point>
				<point>920.000061,253.000031</point>
				<point>921.496033,260.106140</point>
			</points>
		</object>
		<object>
			<coordinate>pixel</coordinate>
			<type>rectangle</type>
			<description>None</description>
			<possibleresult>
				<name>Small Car</name>
			</possibleresult>
			<points>
				<point>923.529419,267.882294</point>
				<point>905.000000,271.999969</point>
				<point>903.470581,265.117645</point>
				<point>922.000000,260.999969</point>
				<point>923.529419,267.882294</point>
			</points>
		</object>
		<object>
			<coordinate>pixel</coordinate>
			<type>rectangle</type>
			<description>None</description>
			<possibleresult>
				<name>Small Car</name>
			</possibleresult>
			<points>
				<point>925.999939,276.000000</point>
				<point>908.442566,280.131165</point>
				<point>906.999939,274.000000</point>
				<point>924.557312,269.868835</point>
				<point>925.999939,276.000000</point>
			</points>
		</object>
		<object>
			<coordinate>pixel</coordinate>
			<type>rectangle</type>
			<description>None</description>
			<possibleresult>
				<name>Van</name>
			</possibleresult>
			<points>
				<point>932.496033,292.106110</point>
				<point>913.496033,296.106110</point>
				<point>912.000061,289.000031</point>
				<point>931.000061,285.000031</point>
				<point>932.496033,292.106110</point>
			</points>
		</object>
		<object>
			<coordinate>pixel</coordinate>
			<type>rectangle</type>
			<description>None</description>
			<possibleresult>
				<name>Van</name>
			</possibleresult>
			<points>
				<point>932.000061,299.999969</point>
				<point>916.000061,303.999969</point>
				<point>914.529480,298.117645</point>
				<point>930.529480,294.117645</point>
				<point>932.000061,299.999969</point>
			</points>
		</object>
		<object>
			<coordinate>pixel</coordinate>
			<type>rectangle</type>
			<description>None</description>
			<possibleresult>
				<name>Van</name>
			</possibleresult>
			<points>
				<point>937.252136,307.946991</point>
				<point>918.000183,312.000031</point>
				<point>916.748230,306.053070</point>
				<point>936.000183,302.000031</point>
				<point>937.252136,307.946991</point>
			</points>
		</object>
		<object>
			<coordinate>pixel</coordinate>
			<type>rectangle</type>
			<description>None</description>
			<possibleresult>
				<name>Van</name>
			</possibleresult>
			<points>
				<point>937.273132,316.941467</point>
				<point>922.999939,320.000000</point>
				<point>921.726746,314.058533</point>
				<point>935.999939,311.000000</point>
				<point>937.273132,316.941467</point>
			</points>
		</object>
		<object>
			<coordinate>pixel</coordinate>
			<type>rectangle</type>
			<description>None</description>
			<possibleresult>
				<name>Van</name>
			</possibleresult>
			<points>
				<point>943.317566,323.929382</point>
				<point>924.999939,328.000000</point>
				<point>923.682312,322.070618</point>
				<point>941.999939,318.000000</point>
				<point>943.317566,323.929382</point>
			</points>
		</object>
		<object>
			<coordinate>pixel</coordinate>
			<type>rectangle</type>
			<description>None</description>
			<possibleresult>
				<name>Small Car</name>
			</possibleresult>
			<points>
				<point>877.000061,321.000031</point>
				<point>860.630798,323.046173</point>
				<point>860.000061,318.000031</point>
				<point>876.369324,315.953888</point>
				<point>877.000061,321.000031</point>
			</points>
		</object>
		<object>
			<coordinate>pixel</coordinate>
			<type>rectangle</type>
			<description>None</description>
			<possibleresult>
				<name>Van</name>
			</possibleresult>
			<points>
				<point>880.000061,329.000000</point>
				<point>864.934509,331.008728</point>
				<point>864.000061,324.000000</point>
				<point>879.065613,321.991272</point>
				<point>880.000061,329.000000</point>
			</points>
		</object>
		<object>
			<coordinate>pixel</coordinate>
			<type>rectangle</type>
			<description>None</description>
			<possibleresult>
				<name>Small Car</name>
			</possibleresult>
			<points>
				<point>886.252075,335.947021</point>
				<point>867.000122,340.000061</point>
				<point>865.748169,334.053101</point>
				<point>885.000122,330.000061</point>
				<point>886.252075,335.947021</point>
			</points>
		</object>
		<object>
			<coordinate>pixel</coordinate>
			<type>rectangle</type>
			<description>None</description>
			<possibleresult>
				<name>Small Car</name>
			</possibleresult>
			<points>
				<point>892.453674,356.904510</point>
				<point>873.000061,361.000031</point>
				<point>871.546448,354.095551</point>
				<point>891.000061,350.000031</point>
				<point>892.453674,356.904510</point>
			</points>
		</object>
		<object>
			<coordinate>pixel</coordinate>
			<type>rectangle</type>
			<description>None</description>
			<possibleresult>
				<name>Small Car</name>
			</possibleresult>
			<points>
				<point>897.442627,373.131165</point>
				<point>880.442627,377.131165</point>
				<point>879.000000,371.000000</point>
				<point>896.000000,367.000000</point>
				<point>897.442627,373.131165</point>
			</points>
		</object>
		<object>
			<coordinate>pixel</coordinate>
			<type>rectangle</type>
			<description>None</description>
			<possibleresult>
				<name>Small Car</name>
			</possibleresult>
			<points>
				<point>900.529358,380.882385</point>
				<point>881.999939,385.000061</point>
				<point>880.470520,378.117737</point>
				<point>898.999939,374.000061</point>
				<point>900.529358,380.882385</point>
			</points>
		</object>
		<object>
			<coordinate>pixel</coordinate>
			<type>rectangle</type>
			<description>None</description>
			<possibleresult>
				<name>Small Car</name>
			</possibleresult>
			<points>
				<point>903.576416,390.094086</point>
				<point>885.576416,394.094086</point>
				<point>884.000000,386.999969</point>
				<point>902.000000,382.999969</point>
				<point>903.576416,390.094086</point>
			</points>
		</object>
		<object>
			<coordinate>pixel</coordinate>
			<type>rectangle</type>
			<description>None</description>
			<possibleresult>
				<name>Small Car</name>
			</possibleresult>
			<points>
				<point>958.000000,376.000031</point>
				<point>944.415771,379.134857</point>
				<point>943.000000,373.000031</point>
				<point>956.584229,369.865204</point>
				<point>958.000000,376.000031</point>
			</points>
		</object>
		<object>
			<coordinate>pixel</coordinate>
			<type>rectangle</type>
			<description>None</description>
			<possibleresult>
				<name>Van</name>
			</possibleresult>
			<points>
				<point>956.000061,368.000000</point>
				<point>938.000061,372.000000</point>
				<point>936.635315,365.858826</point>
				<point>954.635315,361.858826</point>
				<point>956.000061,368.000000</point>
			</points>
		</object>
		<object>
			<coordinate>pixel</coordinate>
			<type>rectangle</type>
			<description>None</description>
			<possibleresult>
				<name>Small Car</name>
			</possibleresult>
			<points>
				<point>953.560303,359.850677</point>
				<point>938.560303,363.850677</point>
				<point>937.000122,358.000031</point>
				<point>952.000122,354.000031</point>
				<point>953.560303,359.850677</point>
			</points>
		</object>
		<object>
			<coordinate>pixel</coordinate>
			<type>rectangle</type>
			<description>None</description>
			<possibleresult>
				<name>Small Car</name>
			</possibleresult>
			<points>
				<point>950.192322,352.961578</point>
				<point>935.000061,356.000031</point>
				<point>933.807800,350.038483</point>
				<point>949.000061,347.000031</point>
				<point>950.192322,352.961578</point>
			</points>
		</object>
		<object>
			<coordinate>pixel</coordinate>
			<type>rectangle</type>
			<description>None</description>
			<possibleresult>
				<name>Small Car</name>
			</possibleresult>
			<points>
				<point>946.146057,343.966309</point>
				<point>932.999939,347.000000</point>
				<point>931.853821,342.033691</point>
				<point>944.999939,339.000000</point>
				<point>946.146057,343.966309</point>
			</points>
		</object>
		<object>
			<coordinate>pixel</coordinate>
			<type>rectangle</type>
			<description>None</description>
			<possibleresult>
				<name>Small Car</name>
			</possibleresult>
			<points>
				<point>975.384705,423.923065</point>
				<point>955.000061,427.999969</point>
				<point>953.615417,421.076874</point>
				<point>974.000061,416.999969</point>
				<point>975.384705,423.923065</point>
			</points>
		</object>
		<object>
			<coordinate>pixel</coordinate>
			<type>rectangle</type>
			<description>None</description>
			<possibleresult>
				<name>Small Car</name>
			</possibleresult>
			<points>
				<point>977.294617,431.148621</point>
				<point>958.294617,435.148621</point>
				<point>957.000183,429.000061</point>
				<point>976.000183,425.000061</point>
				<point>977.294617,431.148621</point>
			</points>
		</object>
		<object>
			<coordinate>pixel</coordinate>
			<type>rectangle</type>
			<description>None</description>
			<possibleresult>
				<name>Small Car</name>
			</possibleresult>
			<points>
				<point>983.000061,447.000031</point>
				<point>964.000061,451.000031</point>
				<point>962.504089,443.893951</point>
				<point>981.504089,439.893951</point>
				<point>983.000061,447.000031</point>
			</points>
		</object>
		<object>
			<coordinate>pixel</coordinate>
			<type>rectangle</type>
			<description>None</description>
			<possibleresult>
				<name>Small Car</name>
			</possibleresult>
			<points>
				<point>912.390076,444.908203</point>
				<point>894.999939,449.000000</point>
				<point>893.609802,443.091797</point>
				<point>910.999939,439.000000</point>
				<point>912.390076,444.908203</point>
			</points>
		</object>
		<object>
			<coordinate>pixel</coordinate>
			<type>rectangle</type>
			<description>None</description>
			<possibleresult>
				<name>Van</name>
			</possibleresult>
			<points>
				<point>918.057129,452.989990</point>
				<point>901.057129,455.989990</point>
				<point>900.000122,450.000061</point>
				<point>917.000122,447.000061</point>
				<point>918.057129,452.989990</point>
			</points>
		</object>
		<object>
			<coordinate>pixel</coordinate>
			<type>rectangle</type>
			<description>None</description>
			<possibleresult>
				<name>Van</name>
			</possibleresult>
			<points>
				<point>918.181091,460.966064</point>
				<point>901.999939,464.000000</point>
				<point>900.879211,458.022644</point>
				<point>917.060364,454.988708</point>
				<point>918.181091,460.966064</point>
			</points>
		</object>
		<object>
			<coordinate>pixel</coordinate>
			<type>rectangle</type>
			<description>None</description>
			<possibleresult>
				<name>Small Car</name>
			</possibleresult>
			<points>
				<point>922.000000,468.999969</point>
				<point>904.000000,470.999969</point>
				<point>903.329224,464.963409</point>
				<point>921.329224,462.963409</point>
				<point>922.000000,468.999969</point>
			</points>
		</object>
		<object>
			<coordinate>pixel</coordinate>
			<type>rectangle</type>
			<description>None</description>
			<possibleresult>
				<name>Small Car</name>
			</possibleresult>
			<points>
				<point>925.192261,474.961578</point>
				<point>910.000000,478.000031</point>
				<point>908.807739,472.038483</point>
				<point>924.000000,469.000031</point>
				<point>925.192261,474.961578</point>
			</points>
		</object>
		<object>
			<coordinate>pixel</coordinate>
			<type>rectangle</type>
			<description>None</description>
			<possibleresult>
				<name>Van</name>
			</possibleresult>
			<points>
				<point>928.786011,482.895203</point>
				<point>913.000000,485.000000</point>
				<point>912.213989,479.104797</point>
				<point>928.000000,477.000000</point>
				<point>928.786011,482.895203</point>
			</points>
		</object>
		<object>
			<coordinate>pixel</coordinate>
			<type>rectangle</type>
			<description>None</description>
			<possibleresult>
				<name>Small Car</name>
			</possibleresult>
			<points>
				<point>932.453674,489.904572</point>
				<point>913.000061,494.000092</point>
				<point>911.546448,487.095612</point>
				<point>931.000061,483.000092</point>
				<point>932.453674,489.904572</point>
			</points>
		</object>
		<object>
			<coordinate>pixel</coordinate>
			<type>rectangle</type>
			<description>None</description>
			<possibleresult>
				<name>Small Car</name>
			</possibleresult>
			<points>
				<point>933.273254,498.941498</point>
				<point>919.000061,502.000031</point>
				<point>917.726868,496.058563</point>
				<point>932.000061,493.000031</point>
				<point>933.273254,498.941498</point>
			</points>
		</object>
		<object>
			<coordinate>pixel</coordinate>
			<type>rectangle</type>
			<description>None</description>
			<possibleresult>
				<name>Small Car</name>
			</possibleresult>
			<points>
				<point>993.000061,478.000031</point>
				<point>975.000061,480.000031</point>
				<point>974.329285,473.963470</point>
				<point>992.329285,471.963470</point>
				<point>993.000061,478.000031</point>
			</points>
		</object>
		<object>
			<coordinate>pixel</coordinate>
			<type>rectangle</type>
			<description>None</description>
			<possibleresult>
				<name>Small Car</name>
			</possibleresult>
			<points>
				<point>996.453735,484.904449</point>
				<point>977.000122,488.999969</point>
				<point>975.546509,482.095490</point>
				<point>995.000122,477.999969</point>
				<point>996.453735,484.904449</point>
			</points>
		</object>
		<object>
			<coordinate>pixel</coordinate>
			<type>rectangle</type>
			<description>None</description>
			<possibleresult>
				<name>Van</name>
			</possibleresult>
			<points>
				<point>936.390137,505.908203</point>
				<point>919.000000,510.000000</point>
				<point>917.609863,504.091797</point>
				<point>935.000000,500.000000</point>
				<point>936.390137,505.908203</point>
			</points>
		</object>
		<object>
			<coordinate>pixel</coordinate>
			<type>rectangle</type>
			<description>None</description>
			<possibleresult>
				<name>Van</name>
			</possibleresult>
			<points>
				<point>937.000061,515.000061</point>
				<point>920.764709,519.058899</point>
				<point>919.000061,512.000061</point>
				<point>935.235413,507.941223</point>
				<point>937.000061,515.000061</point>
			</points>
		</object>
		<object>
			<coordinate>pixel</coordinate>
			<type>rectangle</type>
			<description>None</description>
			<possibleresult>
				<name>Van</name>
			</possibleresult>
			<points>
				<point>940.317627,521.929443</point>
				<point>922.000000,526.000000</point>
				<point>920.682373,520.070557</point>
				<point>939.000000,516.000000</point>
				<point>940.317627,521.929443</point>
			</points>
		</object>
		<object>
			<coordinate>pixel</coordinate>
			<type>rectangle</type>
			<description>None</description>
			<possibleresult>
				<name>other-vehicle</name>
			</possibleresult>
			<points>
				<point>943.000000,529.999939</point>
				<point>925.000000,533.999939</point>
				<point>923.635254,527.858704</point>
				<point>941.635254,523.858704</point>
				<point>943.000000,529.999939</point>
			</points>
		</object>
		<object>
			<coordinate>pixel</coordinate>
			<type>rectangle</type>
			<description>None</description>
			<possibleresult>
				<name>Small Car</name>
			</possibleresult>
			<points>
				<point>946.228210,537.959778</point>
				<point>929.000061,541.000061</point>
				<point>927.771912,534.040344</point>
				<point>945.000061,531.000061</point>
				<point>946.228210,537.959778</point>
			</points>
		</object>
		<object>
			<coordinate>pixel</coordinate>
			<type>rectangle</type>
			<description>None</description>
			<possibleresult>
				<name>Van</name>
			</possibleresult>
			<points>
				<point>949.317017,546.146362</point>
				<point>935.317017,549.146362</point>
				<point>934.000000,543.000000</point>
				<point>948.000000,540.000000</point>
				<point>949.317017,546.146362</point>
			</points>
		</object>
		<object>
			<coordinate>pixel</coordinate>
			<type>rectangle</type>
			<description>None</description>
			<possibleresult>
				<name>Van</name>
			</possibleresult>
			<points>
				<point>1000.000000,509.250092</point>
				<point>984.764771,513.058899</point>
				<point>983.000122,506.000061</point>
				<point>1000.000000,501.750092</point>
				<point>1000.000000,509.250092</point>
			</points>
		</object>
		<object>
			<coordinate>pixel</coordinate>
			<type>rectangle</type>
			<description>None</description>
			<possibleresult>
				<name>Van</name>
			</possibleresult>
			<points>
				<point>1000.000000,518.473755</point>
				<point>987.496033,521.106140</point>
				<point>986.000061,514.000061</point>
				<point>1000.000000,511.052704</point>
				<point>1000.000000,518.473755</point>
			</points>
		</object>
	</objects>
</annotation>