<?xml version="1.0" encoding="utf-8"?>
<annotation>
	<source>
		<filename>1327.tif</filename>
		<origin>GF2/GF3</origin>
	</source>
	<research>
		<version>1.0</version>
		<provider>FAIR1M</provider>
		<author>Cyber</author>
		<pluginname>FAIR1M</pluginname>
		<pluginclass>object detection</pluginclass>
		<time>2021-03</time>
	</research>
	<size>
		<width>1000</width>
		<height>1000</height>
		<depth>3</depth>
	</size>
	<objects>
		<object>
			<coordinate>pixel</coordinate>
			<type>rectangle</type>
			<description>None</description>
			<possibleresult>
				<name>Van</name>
			</possibleresult>
			<points>
				<point>0.666664,1000.000000</point>
				<point>0.000000,996.000000</point>
				<point>0.000000,983.666748</point>
				<point>4.972973,982.837952</point>
				<point>0.666664,1000.000000</point>
			</points>
		</object>
		<object>
			<coordinate>pixel</coordinate>
			<type>rectangle</type>
			<description>None</description>
			<possibleresult>
				<name>Van</name>
			</possibleresult>
			<points>
				<point>59.029339,983.195618</point>
				<point>46.999996,985.000061</point>
				<point>43.970654,964.804504</point>
				<point>55.999996,963.000061</point>
				<point>59.029339,983.195618</point>
			</points>
		</object>
		<object>
			<coordinate>pixel</coordinate>
			<type>rectangle</type>
			<description>None</description>
			<possibleresult>
				<name>Van</name>
			</possibleresult>
			<points>
				<point>173.000000,343.000000</point>
				<point>166.007324,344.048889</point>
				<point>163.000000,324.000000</point>
				<point>169.992676,322.951111</point>
				<point>173.000000,343.000000</point>
			</points>
		</object>
		<object>
			<coordinate>pixel</coordinate>
			<type>rectangle</type>
			<description>None</description>
			<possibleresult>
				<name>Small Car</name>
			</possibleresult>
			<points>
				<point>878.000000,812.000000</point>
				<point>869.000000,812.000000</point>
				<point>869.000000,795.000000</point>
				<point>878.000000,795.000000</point>
				<point>878.000000,812.000000</point>
			</points>
		</object>
		<object>
			<coordinate>pixel</coordinate>
			<type>rectangle</type>
			<description>None</description>
			<possibleresult>
				<name>Small Car</name>
			</possibleresult>
			<points>
				<point>977.031250,256.498047</point>
				<point>969.000122,257.000000</point>
				<point>968.000122,240.999985</point>
				<point>976.031250,240.498016</point>
				<point>977.031250,256.498047</point>
			</points>
		</object>
		<object>
			<coordinate>pixel</coordinate>
			<type>rectangle</type>
			<description>None</description>
			<possibleresult>
				<name>Small Car</name>
			</possibleresult>
			<points>
				<point>997.000000,216.000031</point>
				<point>973.697998,218.026306</point>
				<point>973.000122,210.000031</point>
				<point>996.302124,207.973755</point>
				<point>997.000000,216.000031</point>
			</points>
		</object>
		<object>
			<coordinate>pixel</coordinate>
			<type>rectangle</type>
			<description>None</description>
			<possibleresult>
				<name>Small Car</name>
			</possibleresult>
			<points>
				<point>994.000061,204.000000</point>
				<point>971.955383,207.006073</point>
				<point>971.000061,200.000000</point>
				<point>993.044739,196.993927</point>
				<point>994.000061,204.000000</point>
			</points>
		</object>
		<object>
			<coordinate>pixel</coordinate>
			<type>rectangle</type>
			<description>None</description>
			<possibleresult>
				<name>Small Car</name>
			</possibleresult>
			<points>
				<point>991.000000,197.000000</point>
				<point>967.000000,198.000000</point>
				<point>966.665527,189.972260</point>
				<point>990.665527,188.972260</point>
				<point>991.000000,197.000000</point>
			</points>
		</object>
		<object>
			<coordinate>pixel</coordinate>
			<type>rectangle</type>
			<description>None</description>
			<possibleresult>
				<name>Dump Truck</name>
			</possibleresult>
			<points>
				<point>933.999939,193.000000</point>
				<point>920.999939,195.000000</point>
				<point>917.601135,172.907501</point>
				<point>930.601135,170.907501</point>
				<point>933.999939,193.000000</point>
			</points>
		</object>
		<object>
			<coordinate>pixel</coordinate>
			<type>rectangle</type>
			<description>None</description>
			<possibleresult>
				<name>Small Car</name>
			</possibleresult>
			<points>
				<point>929.089233,232.987793</point>
				<point>907.000000,235.999969</point>
				<point>905.910767,228.012146</point>
				<point>928.000000,224.999969</point>
				<point>929.089233,232.987793</point>
			</points>
		</object>
		<object>
			<coordinate>pixel</coordinate>
			<type>rectangle</type>
			<description>None</description>
			<possibleresult>
				<name>Small Car</name>
			</possibleresult>
			<points>
				<point>926.000000,217.000000</point>
				<point>904.000000,217.000000</point>
				<point>904.000000,210.000000</point>
				<point>926.000000,210.000000</point>
				<point>926.000000,217.000000</point>
			</points>
		</object>
		<object>
			<coordinate>pixel</coordinate>
			<type>rectangle</type>
			<description>None</description>
			<possibleresult>
				<name>Van</name>
			</possibleresult>
			<points>
				<point>924.000000,208.000000</point>
				<point>903.000000,208.000000</point>
				<point>903.000000,202.000000</point>
				<point>924.000000,202.000000</point>
				<point>924.000000,208.000000</point>
			</points>
		</object>
		<object>
			<coordinate>pixel</coordinate>
			<type>rectangle</type>
			<description>None</description>
			<possibleresult>
				<name>Van</name>
			</possibleresult>
			<points>
				<point>899.000000,224.000015</point>
				<point>890.026245,226.111496</point>
				<point>886.000000,209.000015</point>
				<point>894.973755,206.888535</point>
				<point>899.000000,224.000015</point>
			</points>
		</object>
		<object>
			<coordinate>pixel</coordinate>
			<type>rectangle</type>
			<description>None</description>
			<possibleresult>
				<name>Small Car</name>
			</possibleresult>
			<points>
				<point>894.000000,206.000000</point>
				<point>884.000000,208.000000</point>
				<point>880.576904,190.884613</point>
				<point>890.576904,188.884613</point>
				<point>894.000000,206.000000</point>
			</points>
		</object>
		<object>
			<coordinate>pixel</coordinate>
			<type>rectangle</type>
			<description>None</description>
			<possibleresult>
				<name>Van</name>
			</possibleresult>
			<points>
				<point>883.000061,209.000015</point>
				<point>873.741638,212.267715</point>
				<point>867.741638,195.267715</point>
				<point>877.000061,192.000015</point>
				<point>883.000061,209.000015</point>
			</points>
		</object>
		<object>
			<coordinate>pixel</coordinate>
			<type>rectangle</type>
			<description>None</description>
			<possibleresult>
				<name>Van</name>
			</possibleresult>
			<points>
				<point>869.229553,206.524628</point>
				<point>859.000061,211.000031</point>
				<point>852.000061,195.000031</point>
				<point>862.229553,190.524628</point>
				<point>869.229553,206.524628</point>
			</points>
		</object>
		<object>
			<coordinate>pixel</coordinate>
			<type>rectangle</type>
			<description>None</description>
			<possibleresult>
				<name>Small Car</name>
			</possibleresult>
			<points>
				<point>863.162109,233.972961</point>
				<point>845.162109,236.972961</point>
				<point>844.000000,230.000000</point>
				<point>862.000000,227.000000</point>
				<point>863.162109,233.972961</point>
			</points>
		</object>
		<object>
			<coordinate>pixel</coordinate>
			<type>rectangle</type>
			<description>None</description>
			<possibleresult>
				<name>Small Car</name>
			</possibleresult>
			<points>
				<point>859.000122,226.000031</point>
				<point>843.000122,228.000031</point>
				<point>842.000122,220.000031</point>
				<point>858.000122,218.000031</point>
				<point>859.000122,226.000031</point>
			</points>
		</object>
		<object>
			<coordinate>pixel</coordinate>
			<type>rectangle</type>
			<description>None</description>
			<possibleresult>
				<name>Small Car</name>
			</possibleresult>
			<points>
				<point>812.000000,337.000000</point>
				<point>788.951172,339.560974</point>
				<point>787.951172,330.560974</point>
				<point>811.000000,328.000000</point>
				<point>812.000000,337.000000</point>
			</points>
		</object>
		<object>
			<coordinate>pixel</coordinate>
			<type>rectangle</type>
			<description>None</description>
			<possibleresult>
				<name>Small Car</name>
			</possibleresult>
			<points>
				<point>793.984741,218.876923</point>
				<point>777.984741,220.876923</point>
				<point>777.000122,213.000000</point>
				<point>793.000122,211.000000</point>
				<point>793.984741,218.876923</point>
			</points>
		</object>
		<object>
			<coordinate>pixel</coordinate>
			<type>rectangle</type>
			<description>None</description>
			<possibleresult>
				<name>Van</name>
			</possibleresult>
			<points>
				<point>793.728821,230.923294</point>
				<point>774.000061,233.000015</point>
				<point>773.271301,226.076736</point>
				<point>793.000061,224.000015</point>
				<point>793.728821,230.923294</point>
			</points>
		</object>
		<object>
			<coordinate>pixel</coordinate>
			<type>rectangle</type>
			<description>None</description>
			<possibleresult>
				<name>Small Car</name>
			</possibleresult>
			<points>
				<point>795.999939,244.000000</point>
				<point>774.999939,247.000000</point>
				<point>773.999939,240.000000</point>
				<point>794.999939,237.000000</point>
				<point>795.999939,244.000000</point>
			</points>
		</object>
		<object>
			<coordinate>pixel</coordinate>
			<type>rectangle</type>
			<description>None</description>
			<possibleresult>
				<name>Van</name>
			</possibleresult>
			<points>
				<point>730.575439,249.040421</point>
				<point>709.575439,251.040421</point>
				<point>709.000122,244.999985</point>
				<point>730.000122,242.999985</point>
				<point>730.575439,249.040421</point>
			</points>
		</object>
		<object>
			<coordinate>pixel</coordinate>
			<type>rectangle</type>
			<description>None</description>
			<possibleresult>
				<name>Van</name>
			</possibleresult>
			<points>
				<point>727.000000,238.000031</point>
				<point>706.938477,240.507721</point>
				<point>705.938477,232.507721</point>
				<point>726.000000,230.000031</point>
				<point>727.000000,238.000031</point>
			</points>
		</object>
		<object>
			<coordinate>pixel</coordinate>
			<type>rectangle</type>
			<description>None</description>
			<possibleresult>
				<name>Van</name>
			</possibleresult>
			<points>
				<point>671.006775,245.058014</point>
				<point>662.013611,246.116028</point>
				<point>659.999939,229.000000</point>
				<point>668.993103,227.941986</point>
				<point>671.006775,245.058014</point>
			</points>
		</object>
		<object>
			<coordinate>pixel</coordinate>
			<type>rectangle</type>
			<description>None</description>
			<possibleresult>
				<name>Small Car</name>
			</possibleresult>
			<points>
				<point>659.000000,246.999985</point>
				<point>648.131104,249.557358</point>
				<point>644.000000,231.999985</point>
				<point>654.868896,229.442612</point>
				<point>659.000000,246.999985</point>
			</points>
		</object>
		<object>
			<coordinate>pixel</coordinate>
			<type>rectangle</type>
			<description>None</description>
			<possibleresult>
				<name>Small Car</name>
			</possibleresult>
			<points>
				<point>629.828186,254.900650</point>
				<point>604.828186,257.900635</point>
				<point>604.000061,251.000015</point>
				<point>629.000061,248.000031</point>
				<point>629.828186,254.900650</point>
			</points>
		</object>
		<object>
			<coordinate>pixel</coordinate>
			<type>rectangle</type>
			<description>None</description>
			<possibleresult>
				<name>Small Car</name>
			</possibleresult>
			<points>
				<point>575.070435,246.399353</point>
				<point>566.000000,248.000031</point>
				<point>563.000000,231.000031</point>
				<point>572.070435,229.399353</point>
				<point>575.070435,246.399353</point>
			</points>
		</object>
		<object>
			<coordinate>pixel</coordinate>
			<type>rectangle</type>
			<description>None</description>
			<possibleresult>
				<name>Small Car</name>
			</possibleresult>
			<points>
				<point>518.042725,237.994415</point>
				<point>495.000000,241.000000</point>
				<point>493.957275,233.005585</point>
				<point>517.000000,230.000000</point>
				<point>518.042725,237.994415</point>
			</points>
		</object>
		<object>
			<coordinate>pixel</coordinate>
			<type>rectangle</type>
			<description>None</description>
			<possibleresult>
				<name>Small Car</name>
			</possibleresult>
			<points>
				<point>481.875549,246.966827</point>
				<point>480.000061,254.000031</point>
				<point>465.000061,250.000031</point>
				<point>466.875549,242.966827</point>
				<point>481.875549,246.966827</point>
			</points>
		</object>
		<object>
			<coordinate>pixel</coordinate>
			<type>rectangle</type>
			<description>None</description>
			<possibleresult>
				<name>Van</name>
			</possibleresult>
			<points>
				<point>439.000000,263.000000</point>
				<point>430.000000,263.000000</point>
				<point>430.000000,250.000000</point>
				<point>439.000000,250.000000</point>
				<point>439.000000,263.000000</point>
			</points>
		</object>
		<object>
			<coordinate>pixel</coordinate>
			<type>rectangle</type>
			<description>None</description>
			<possibleresult>
				<name>Small Car</name>
			</possibleresult>
			<points>
				<point>391.000000,81.000000</point>
				<point>382.000000,81.000000</point>
				<point>382.000000,64.000000</point>
				<point>391.000000,64.000000</point>
				<point>391.000000,81.000000</point>
			</points>
		</object>
		<object>
			<coordinate>pixel</coordinate>
			<type>rectangle</type>
			<description>None</description>
			<possibleresult>
				<name>Small Car</name>
			</possibleresult>
			<points>
				<point>200.029434,221.617676</point>
				<point>192.000015,222.000031</point>
				<point>190.970596,200.382385</point>
				<point>199.000015,200.000031</point>
				<point>200.029434,221.617676</point>
			</points>
		</object>
		<object>
			<coordinate>pixel</coordinate>
			<type>rectangle</type>
			<description>None</description>
			<possibleresult>
				<name>Cargo Truck</name>
			</possibleresult>
			<points>
				<point>365.019012,155.457550</point>
				<point>351.999969,156.000000</point>
				<point>350.999969,132.000000</point>
				<point>364.019012,131.457550</point>
				<point>365.019012,155.457550</point>
			</points>
		</object>
		<object>
			<coordinate>pixel</coordinate>
			<type>rectangle</type>
			<description>None</description>
			<possibleresult>
				<name>Cargo Truck</name>
			</possibleresult>
			<points>
				<point>368.000031,207.000000</point>
				<point>355.003204,208.039734</point>
				<point>353.000031,183.000000</point>
				<point>365.996857,181.960266</point>
				<point>368.000031,207.000000</point>
			</points>
		</object>
		<object>
			<coordinate>pixel</coordinate>
			<type>rectangle</type>
			<description>None</description>
			<possibleresult>
				<name>Small Car</name>
			</possibleresult>
			<points>
				<point>336.792053,248.920807</point>
				<point>326.792053,249.920807</point>
				<point>325.000000,232.000000</point>
				<point>335.000000,231.000000</point>
				<point>336.792053,248.920807</point>
			</points>
		</object>
		<object>
			<coordinate>pixel</coordinate>
			<type>rectangle</type>
			<description>None</description>
			<possibleresult>
				<name>Intersection</name>
			</possibleresult>
			<points>
				<point>407.999969,413.999969</point>
				<point>351.999969,414.999969</point>
				<point>351.125275,366.015594</point>
				<point>407.125275,365.015594</point>
				<point>407.999969,413.999969</point>
			</points>
		</object>
		<object>
			<coordinate>pixel</coordinate>
			<type>rectangle</type>
			<description>None</description>
			<possibleresult>
				<name>Van</name>
			</possibleresult>
			<points>
				<point>298.000000,308.000000</point>
				<point>288.000000,308.000000</point>
				<point>288.000000,292.000000</point>
				<point>298.000000,292.000000</point>
				<point>298.000000,308.000000</point>
			</points>
		</object>
		<object>
			<coordinate>pixel</coordinate>
			<type>rectangle</type>
			<description>None</description>
			<possibleresult>
				<name>Van</name>
			</possibleresult>
			<points>
				<point>373.550537,286.719116</point>
				<point>369.000000,294.000000</point>
				<point>353.000000,284.000000</point>
				<point>357.550537,276.719116</point>
				<point>373.550537,286.719116</point>
			</points>
		</object>
		<object>
			<coordinate>pixel</coordinate>
			<type>rectangle</type>
			<description>None</description>
			<possibleresult>
				<name>Small Car</name>
			</possibleresult>
			<points>
				<point>311.999969,316.000000</point>
				<point>303.027679,316.498474</point>
				<point>302.027679,298.498474</point>
				<point>310.999969,298.000000</point>
				<point>311.999969,316.000000</point>
			</points>
		</object>
		<object>
			<coordinate>pixel</coordinate>
			<type>rectangle</type>
			<description>None</description>
			<possibleresult>
				<name>Cargo Truck</name>
			</possibleresult>
			<points>
				<point>363.000061,345.000031</point>
				<point>349.019226,345.517853</point>
				<point>348.000061,318.000031</point>
				<point>361.980896,317.482208</point>
				<point>363.000061,345.000031</point>
			</points>
		</object>
		<object>
			<coordinate>pixel</coordinate>
			<type>rectangle</type>
			<description>None</description>
			<possibleresult>
				<name>Small Car</name>
			</possibleresult>
			<points>
				<point>447.999969,380.999969</point>
				<point>424.999969,383.999969</point>
				<point>423.940460,375.877289</point>
				<point>446.940460,372.877289</point>
				<point>447.999969,380.999969</point>
			</points>
		</object>
		<object>
			<coordinate>pixel</coordinate>
			<type>rectangle</type>
			<description>None</description>
			<possibleresult>
				<name>Van</name>
			</possibleresult>
			<points>
				<point>380.000031,407.999939</point>
				<point>372.566376,416.495544</point>
				<point>356.566376,402.495544</point>
				<point>364.000031,393.999939</point>
				<point>380.000031,407.999939</point>
			</points>
		</object>
		<object>
			<coordinate>pixel</coordinate>
			<type>rectangle</type>
			<description>None</description>
			<possibleresult>
				<name>Small Car</name>
			</possibleresult>
			<points>
				<point>336.042694,407.994415</point>
				<point>312.999969,410.999969</point>
				<point>311.957245,403.005524</point>
				<point>334.999969,399.999969</point>
				<point>336.042694,407.994415</point>
			</points>
		</object>
		<object>
			<coordinate>pixel</coordinate>
			<type>rectangle</type>
			<description>None</description>
			<possibleresult>
				<name>Van</name>
			</possibleresult>
			<points>
				<point>55.909355,291.807373</point>
				<point>47.000008,296.000000</point>
				<point>39.000008,279.000000</point>
				<point>47.909355,274.807373</point>
				<point>55.909355,291.807373</point>
			</points>
		</object>
		<object>
			<coordinate>pixel</coordinate>
			<type>rectangle</type>
			<description>None</description>
			<possibleresult>
				<name>Small Car</name>
			</possibleresult>
			<points>
				<point>97.999992,356.000000</point>
				<point>87.999992,358.000000</point>
				<point>83.999992,338.000000</point>
				<point>93.999992,336.000000</point>
				<point>97.999992,356.000000</point>
			</points>
		</object>
		<object>
			<coordinate>pixel</coordinate>
			<type>rectangle</type>
			<description>None</description>
			<possibleresult>
				<name>Small Car</name>
			</possibleresult>
			<points>
				<point>106.027016,379.162201</point>
				<point>94.999992,381.000031</point>
				<point>91.972969,362.837860</point>
				<point>102.999992,361.000031</point>
				<point>106.027016,379.162201</point>
			</points>
		</object>
		<object>
			<coordinate>pixel</coordinate>
			<type>rectangle</type>
			<description>None</description>
			<possibleresult>
				<name>Van</name>
			</possibleresult>
			<points>
				<point>70.000000,420.000031</point>
				<point>48.764046,422.022491</point>
				<point>48.000000,414.000031</point>
				<point>69.235954,411.977570</point>
				<point>70.000000,420.000031</point>
			</points>
		</object>
		<object>
			<coordinate>pixel</coordinate>
			<type>rectangle</type>
			<description>None</description>
			<possibleresult>
				<name>Small Car</name>
			</possibleresult>
			<points>
				<point>48.000000,421.000000</point>
				<point>26.575279,423.040466</point>
				<point>26.000000,417.000000</point>
				<point>47.424721,414.959534</point>
				<point>48.000000,421.000000</point>
			</points>
		</object>
		<object>
			<coordinate>pixel</coordinate>
			<type>rectangle</type>
			<description>None</description>
			<possibleresult>
				<name>Small Car</name>
			</possibleresult>
			<points>
				<point>50.000000,432.000031</point>
				<point>25.586205,434.034515</point>
				<point>25.000000,427.000031</point>
				<point>49.413795,424.965546</point>
				<point>50.000000,432.000031</point>
			</points>
		</object>
		<object>
			<coordinate>pixel</coordinate>
			<type>rectangle</type>
			<description>None</description>
			<possibleresult>
				<name>Van</name>
			</possibleresult>
			<points>
				<point>200.328766,486.876709</point>
				<point>192.000000,490.000000</point>
				<point>185.671234,473.123291</point>
				<point>194.000000,470.000000</point>
				<point>200.328766,486.876709</point>
			</points>
		</object>
		<object>
			<coordinate>pixel</coordinate>
			<type>rectangle</type>
			<description>None</description>
			<possibleresult>
				<name>Small Car</name>
			</possibleresult>
			<points>
				<point>106.000008,543.000000</point>
				<point>83.000008,545.000000</point>
				<point>82.302071,536.973755</point>
				<point>105.302071,534.973755</point>
				<point>106.000008,543.000000</point>
			</points>
		</object>
		<object>
			<coordinate>pixel</coordinate>
			<type>rectangle</type>
			<description>None</description>
			<possibleresult>
				<name>Small Car</name>
			</possibleresult>
			<points>
				<point>108.139992,555.979919</point>
				<point>86.999992,558.999939</point>
				<point>85.859993,551.019958</point>
				<point>106.999992,547.999939</point>
				<point>108.139992,555.979919</point>
			</points>
		</object>
		<object>
			<coordinate>pixel</coordinate>
			<type>rectangle</type>
			<description>None</description>
			<possibleresult>
				<name>Van</name>
			</possibleresult>
			<points>
				<point>111.000008,565.000061</point>
				<point>90.938469,567.507751</point>
				<point>89.938469,559.507751</point>
				<point>110.000008,557.000061</point>
				<point>111.000008,565.000061</point>
			</points>
		</object>
		<object>
			<coordinate>pixel</coordinate>
			<type>rectangle</type>
			<description>None</description>
			<possibleresult>
				<name>Van</name>
			</possibleresult>
			<points>
				<point>116.000000,576.000000</point>
				<point>91.000000,576.000000</point>
				<point>91.000000,568.000000</point>
				<point>116.000000,568.000000</point>
				<point>116.000000,576.000000</point>
			</points>
		</object>
		<object>
			<coordinate>pixel</coordinate>
			<type>rectangle</type>
			<description>None</description>
			<possibleresult>
				<name>Small Car</name>
			</possibleresult>
			<points>
				<point>121.223129,622.969604</point>
				<point>99.000000,626.000000</point>
				<point>97.776871,617.030396</point>
				<point>120.000000,614.000000</point>
				<point>121.223129,622.969604</point>
			</points>
		</object>
		<object>
			<coordinate>pixel</coordinate>
			<type>rectangle</type>
			<description>None</description>
			<possibleresult>
				<name>Small Car</name>
			</possibleresult>
			<points>
				<point>332.999969,632.000000</point>
				<point>308.999969,633.000000</point>
				<point>308.665497,624.972290</point>
				<point>332.665497,623.972290</point>
				<point>332.999969,632.000000</point>
			</points>
		</object>
		<object>
			<coordinate>pixel</coordinate>
			<type>rectangle</type>
			<description>None</description>
			<possibleresult>
				<name>Small Car</name>
			</possibleresult>
			<points>
				<point>355.347168,677.984924</point>
				<point>332.000000,679.000061</point>
				<point>331.652832,671.015198</point>
				<point>355.000000,670.000061</point>
				<point>355.347168,677.984924</point>
			</points>
		</object>
		<object>
			<coordinate>pixel</coordinate>
			<type>rectangle</type>
			<description>None</description>
			<possibleresult>
				<name>Small Car</name>
			</possibleresult>
			<points>
				<point>357.026001,726.866150</point>
				<point>334.026001,729.866150</point>
				<point>333.000000,721.999939</point>
				<point>356.000000,718.999939</point>
				<point>357.026001,726.866150</point>
			</points>
		</object>
		<object>
			<coordinate>pixel</coordinate>
			<type>rectangle</type>
			<description>None</description>
			<possibleresult>
				<name>Dump Truck</name>
			</possibleresult>
			<points>
				<point>998.009888,532.099060</point>
				<point>996.000000,512.000061</point>
				<point>1000.000000,511.600037</point>
				<point>1002.009888,531.699036</point>
				<point>998.009888,532.099060</point>
			</points>
		</object>
		<object>
			<coordinate>pixel</coordinate>
			<type>rectangle</type>
			<description>None</description>
			<possibleresult>
				<name>Dump Truck</name>
			</possibleresult>
			<points>
				<point>996.000000,530.000000</point>
				<point>985.009888,531.098999</point>
				<point>983.000000,511.000000</point>
				<point>993.990112,509.901001</point>
				<point>996.000000,530.000000</point>
			</points>
		</object>
		<object>
			<coordinate>pixel</coordinate>
			<type>rectangle</type>
			<description>None</description>
			<possibleresult>
				<name>Van</name>
			</possibleresult>
			<points>
				<point>884.000000,542.000000</point>
				<point>874.000000,542.000000</point>
				<point>874.000000,525.000000</point>
				<point>884.000000,525.000000</point>
				<point>884.000000,542.000000</point>
			</points>
		</object>
		<object>
			<coordinate>pixel</coordinate>
			<type>rectangle</type>
			<description>None</description>
			<possibleresult>
				<name>Small Car</name>
			</possibleresult>
			<points>
				<point>974.615356,462.076904</point>
				<point>964.615356,464.076904</point>
				<point>961.000000,446.000000</point>
				<point>971.000000,444.000000</point>
				<point>974.615356,462.076904</point>
			</points>
		</object>
		<object>
			<coordinate>pixel</coordinate>
			<type>rectangle</type>
			<description>None</description>
			<possibleresult>
				<name>Small Car</name>
			</possibleresult>
			<points>
				<point>969.999939,427.000000</point>
				<point>949.914612,429.231689</point>
				<point>948.914612,420.231689</point>
				<point>968.999939,418.000000</point>
				<point>969.999939,427.000000</point>
			</points>
		</object>
		<object>
			<coordinate>pixel</coordinate>
			<type>rectangle</type>
			<description>None</description>
			<possibleresult>
				<name>Small Car</name>
			</possibleresult>
			<points>
				<point>905.210938,454.963318</point>
				<point>881.999878,459.000000</point>
				<point>880.788818,452.036682</point>
				<point>903.999878,448.000000</point>
				<point>905.210938,454.963318</point>
			</points>
		</object>
		<object>
			<coordinate>pixel</coordinate>
			<type>rectangle</type>
			<description>None</description>
			<possibleresult>
				<name>Small Car</name>
			</possibleresult>
			<points>
				<point>901.999878,445.999969</point>
				<point>880.999878,448.999969</point>
				<point>879.999878,441.999969</point>
				<point>900.999878,438.999969</point>
				<point>901.999878,445.999969</point>
			</points>
		</object>
		<object>
			<coordinate>pixel</coordinate>
			<type>rectangle</type>
			<description>None</description>
			<possibleresult>
				<name>Small Car</name>
			</possibleresult>
			<points>
				<point>874.000122,475.000122</point>
				<point>865.015503,476.123169</point>
				<point>863.000122,460.000061</point>
				<point>871.984741,458.877014</point>
				<point>874.000122,475.000122</point>
			</points>
		</object>
		<object>
			<coordinate>pixel</coordinate>
			<type>rectangle</type>
			<description>None</description>
			<possibleresult>
				<name>Small Car</name>
			</possibleresult>
			<points>
				<point>870.054077,458.324310</point>
				<point>860.000000,459.999969</point>
				<point>856.945923,441.675629</point>
				<point>867.000000,439.999969</point>
				<point>870.054077,458.324310</point>
			</points>
		</object>
		<object>
			<coordinate>pixel</coordinate>
			<type>rectangle</type>
			<description>None</description>
			<possibleresult>
				<name>Small Car</name>
			</possibleresult>
			<points>
				<point>849.080994,436.513489</point>
				<point>846.080994,454.513489</point>
				<point>836.999939,453.000000</point>
				<point>839.999939,435.000000</point>
				<point>849.080994,436.513489</point>
			</points>
		</object>
		<object>
			<coordinate>pixel</coordinate>
			<type>rectangle</type>
			<description>None</description>
			<possibleresult>
				<name>Small Car</name>
			</possibleresult>
			<points>
				<point>743.142395,491.455505</point>
				<point>735.000061,494.000000</point>
				<point>730.000061,478.000000</point>
				<point>738.142395,475.455505</point>
				<point>743.142395,491.455505</point>
			</points>
		</object>
		<object>
			<coordinate>pixel</coordinate>
			<type>rectangle</type>
			<description>None</description>
			<possibleresult>
				<name>Small Car</name>
			</possibleresult>
			<points>
				<point>764.505554,452.903839</point>
				<point>743.000061,457.000092</point>
				<point>741.494568,449.096344</point>
				<point>763.000061,445.000092</point>
				<point>764.505554,452.903839</point>
			</points>
		</object>
		<object>
			<coordinate>pixel</coordinate>
			<type>rectangle</type>
			<description>None</description>
			<possibleresult>
				<name>Small Car</name>
			</possibleresult>
			<points>
				<point>703.059448,475.122620</point>
				<point>680.059448,478.122620</point>
				<point>679.000000,469.999939</point>
				<point>702.000000,466.999939</point>
				<point>703.059448,475.122620</point>
			</points>
		</object>
		<object>
			<coordinate>pixel</coordinate>
			<type>rectangle</type>
			<description>None</description>
			<possibleresult>
				<name>Small Car</name>
			</possibleresult>
			<points>
				<point>700.000000,465.000000</point>
				<point>679.000000,465.000000</point>
				<point>679.000000,457.000000</point>
				<point>700.000000,457.000000</point>
				<point>700.000000,465.000000</point>
			</points>
		</object>
		<object>
			<coordinate>pixel</coordinate>
			<type>rectangle</type>
			<description>None</description>
			<possibleresult>
				<name>Small Car</name>
			</possibleresult>
			<points>
				<point>659.021301,504.100800</point>
				<point>650.000061,506.000031</point>
				<point>645.978821,486.899261</point>
				<point>655.000061,485.000031</point>
				<point>659.021301,504.100800</point>
			</points>
		</object>
		<object>
			<coordinate>pixel</coordinate>
			<type>rectangle</type>
			<description>None</description>
			<possibleresult>
				<name>Van</name>
			</possibleresult>
			<points>
				<point>698.999939,485.999969</point>
				<point>678.900940,488.009857</point>
				<point>677.999939,478.999969</point>
				<point>698.098938,476.990082</point>
				<point>698.999939,485.999969</point>
			</points>
		</object>
		<object>
			<coordinate>pixel</coordinate>
			<type>rectangle</type>
			<description>None</description>
			<possibleresult>
				<name>Small Car</name>
			</possibleresult>
			<points>
				<point>716.000122,582.999939</point>
				<point>694.764160,585.022400</point>
				<point>694.000122,576.999939</point>
				<point>715.236084,574.977478</point>
				<point>716.000122,582.999939</point>
			</points>
		</object>
		<object>
			<coordinate>pixel</coordinate>
			<type>rectangle</type>
			<description>None</description>
			<possibleresult>
				<name>Small Car</name>
			</possibleresult>
			<points>
				<point>747.042725,595.994324</point>
				<point>724.000000,598.999939</point>
				<point>722.957275,591.005554</point>
				<point>746.000000,587.999939</point>
				<point>747.042725,595.994324</point>
			</points>
		</object>
		<object>
			<coordinate>pixel</coordinate>
			<type>rectangle</type>
			<description>None</description>
			<possibleresult>
				<name>Small Car</name>
			</possibleresult>
			<points>
				<point>742.279541,587.988770</point>
				<point>717.000000,589.000000</point>
				<point>716.720459,582.011230</point>
				<point>742.000000,581.000000</point>
				<point>742.279541,587.988770</point>
			</points>
		</object>
		<object>
			<coordinate>pixel</coordinate>
			<type>rectangle</type>
			<description>None</description>
			<possibleresult>
				<name>Van</name>
			</possibleresult>
			<points>
				<point>739.070984,579.139404</point>
				<point>719.070984,582.139404</point>
				<point>718.000061,575.000000</point>
				<point>738.000061,572.000000</point>
				<point>739.070984,579.139404</point>
			</points>
		</object>
		<object>
			<coordinate>pixel</coordinate>
			<type>rectangle</type>
			<description>None</description>
			<possibleresult>
				<name>Van</name>
			</possibleresult>
			<points>
				<point>736.000000,571.000000</point>
				<point>718.000000,571.000000</point>
				<point>718.000000,564.000000</point>
				<point>736.000000,564.000000</point>
				<point>736.000000,571.000000</point>
			</points>
		</object>
		<object>
			<coordinate>pixel</coordinate>
			<type>rectangle</type>
			<description>None</description>
			<possibleresult>
				<name>Van</name>
			</possibleresult>
			<points>
				<point>715.575439,573.040405</point>
				<point>694.575439,575.040405</point>
				<point>694.000122,569.000000</point>
				<point>715.000122,567.000000</point>
				<point>715.575439,573.040405</point>
			</points>
		</object>
		<object>
			<coordinate>pixel</coordinate>
			<type>rectangle</type>
			<description>None</description>
			<possibleresult>
				<name>Dump Truck</name>
			</possibleresult>
			<points>
				<point>677.000000,560.000000</point>
				<point>650.617676,562.029419</point>
				<point>650.000000,554.000000</point>
				<point>676.382324,551.970581</point>
				<point>677.000000,560.000000</point>
			</points>
		</object>
		<object>
			<coordinate>pixel</coordinate>
			<type>rectangle</type>
			<description>None</description>
			<possibleresult>
				<name>Van</name>
			</possibleresult>
			<points>
				<point>643.000061,583.000000</point>
				<point>619.000061,586.000000</point>
				<point>617.984680,577.876953</point>
				<point>641.984680,574.876953</point>
				<point>643.000061,583.000000</point>
			</points>
		</object>
		<object>
			<coordinate>pixel</coordinate>
			<type>rectangle</type>
			<description>None</description>
			<possibleresult>
				<name>Van</name>
			</possibleresult>
			<points>
				<point>645.000000,596.000000</point>
				<point>615.931763,599.007080</point>
				<point>615.000000,590.000000</point>
				<point>644.068237,586.992920</point>
				<point>645.000000,596.000000</point>
			</points>
		</object>
		<object>
			<coordinate>pixel</coordinate>
			<type>rectangle</type>
			<description>None</description>
			<possibleresult>
				<name>Van</name>
			</possibleresult>
			<points>
				<point>649.368347,603.936462</point>
				<point>619.999939,608.999939</point>
				<point>618.631531,601.063416</point>
				<point>647.999939,595.999939</point>
				<point>649.368347,603.936462</point>
			</points>
		</object>
		<object>
			<coordinate>pixel</coordinate>
			<type>rectangle</type>
			<description>None</description>
			<possibleresult>
				<name>Van</name>
			</possibleresult>
			<points>
				<point>782.000061,677.000061</point>
				<point>758.000061,680.000061</point>
				<point>757.000061,672.000061</point>
				<point>781.000061,669.000061</point>
				<point>782.000061,677.000061</point>
			</points>
		</object>
		<object>
			<coordinate>pixel</coordinate>
			<type>rectangle</type>
			<description>None</description>
			<possibleresult>
				<name>Small Car</name>
			</possibleresult>
			<points>
				<point>713.000000,682.000061</point>
				<point>687.960938,686.006287</point>
				<point>687.000000,680.000061</point>
				<point>712.039062,675.993835</point>
				<point>713.000000,682.000061</point>
			</points>
		</object>
		<object>
			<coordinate>pixel</coordinate>
			<type>rectangle</type>
			<description>None</description>
			<possibleresult>
				<name>Dump Truck</name>
			</possibleresult>
			<points>
				<point>576.004517,673.047241</point>
				<point>566.000000,674.000000</point>
				<point>563.995483,652.952759</point>
				<point>574.000000,652.000000</point>
				<point>576.004517,673.047241</point>
			</points>
		</object>
		<object>
			<coordinate>pixel</coordinate>
			<type>rectangle</type>
			<description>None</description>
			<possibleresult>
				<name>Van</name>
			</possibleresult>
			<points>
				<point>750.000000,833.000000</point>
				<point>741.123291,836.328735</point>
				<point>735.123291,820.328735</point>
				<point>744.000000,817.000000</point>
				<point>750.000000,833.000000</point>
			</points>
		</object>
		<object>
			<coordinate>pixel</coordinate>
			<type>rectangle</type>
			<description>None</description>
			<possibleresult>
				<name>Small Car</name>
			</possibleresult>
			<points>
				<point>724.697327,804.072632</point>
				<point>699.697327,810.072632</point>
				<point>697.999939,803.000000</point>
				<point>722.999939,797.000000</point>
				<point>724.697327,804.072632</point>
			</points>
		</object>
		<object>
			<coordinate>pixel</coordinate>
			<type>rectangle</type>
			<description>None</description>
			<possibleresult>
				<name>Small Car</name>
			</possibleresult>
			<points>
				<point>723.000000,795.999939</point>
				<point>698.351318,800.108093</point>
				<point>697.000000,791.999939</point>
				<point>721.648682,787.891785</point>
				<point>723.000000,795.999939</point>
			</points>
		</object>
		<object>
			<coordinate>pixel</coordinate>
			<type>rectangle</type>
			<description>None</description>
			<possibleresult>
				<name>Small Car</name>
			</possibleresult>
			<points>
				<point>664.409119,814.102722</point>
				<point>641.409119,818.102722</point>
				<point>639.999939,809.999939</point>
				<point>662.999939,805.999939</point>
				<point>664.409119,814.102722</point>
			</points>
		</object>
		<object>
			<coordinate>pixel</coordinate>
			<type>rectangle</type>
			<description>None</description>
			<possibleresult>
				<name>Small Car</name>
			</possibleresult>
			<points>
				<point>664.038025,804.995483</point>
				<point>637.924133,808.008667</point>
				<point>636.886169,799.013062</point>
				<point>663.000061,795.999878</point>
				<point>664.038025,804.995483</point>
			</points>
		</object>
		<object>
			<coordinate>pixel</coordinate>
			<type>rectangle</type>
			<description>None</description>
			<possibleresult>
				<name>Small Car</name>
			</possibleresult>
			<points>
				<point>631.000061,718.000061</point>
				<point>606.877014,721.015442</point>
				<point>606.000061,714.000061</point>
				<point>630.123108,710.984680</point>
				<point>631.000061,718.000061</point>
			</points>
		</object>
		<object>
			<coordinate>pixel</coordinate>
			<type>rectangle</type>
			<description>None</description>
			<possibleresult>
				<name>Van</name>
			</possibleresult>
			<points>
				<point>541.999939,769.000000</point>
				<point>520.859924,772.020020</point>
				<point>519.999939,766.000000</point>
				<point>541.139954,762.979980</point>
				<point>541.999939,769.000000</point>
			</points>
		</object>
		<object>
			<coordinate>pixel</coordinate>
			<type>rectangle</type>
			<description>None</description>
			<possibleresult>
				<name>Small Car</name>
			</possibleresult>
			<points>
				<point>543.000061,759.000122</point>
				<point>517.960632,762.004883</point>
				<point>517.000061,754.000122</point>
				<point>542.039490,750.995361</point>
				<point>543.000061,759.000122</point>
			</points>
		</object>
		<object>
			<coordinate>pixel</coordinate>
			<type>rectangle</type>
			<description>None</description>
			<possibleresult>
				<name>Small Car</name>
			</possibleresult>
			<points>
				<point>517.999939,874.999939</point>
				<point>508.059967,876.419983</point>
				<point>505.999939,861.999939</point>
				<point>515.939941,860.579895</point>
				<point>517.999939,874.999939</point>
			</points>
		</object>
		<object>
			<coordinate>pixel</coordinate>
			<type>rectangle</type>
			<description>None</description>
			<possibleresult>
				<name>Van</name>
			</possibleresult>
			<points>
				<point>513.000000,856.000061</point>
				<point>504.100677,857.570496</point>
				<point>501.000031,840.000061</point>
				<point>509.899384,838.429626</point>
				<point>513.000000,856.000061</point>
			</points>
		</object>
		<object>
			<coordinate>pixel</coordinate>
			<type>rectangle</type>
			<description>None</description>
			<possibleresult>
				<name>Van</name>
			</possibleresult>
			<points>
				<point>562.252014,960.947083</point>
				<point>543.000061,965.000183</point>
				<point>541.748108,959.053284</point>
				<point>561.000061,955.000183</point>
				<point>562.252014,960.947083</point>
			</points>
		</object>
		<object>
			<coordinate>pixel</coordinate>
			<type>rectangle</type>
			<description>None</description>
			<possibleresult>
				<name>Small Car</name>
			</possibleresult>
			<points>
				<point>537.000000,937.999939</point>
				<point>535.972290,956.498352</point>
				<point>527.000000,955.999939</point>
				<point>528.027710,937.501526</point>
				<point>537.000000,937.999939</point>
			</points>
		</object>
		<object>
			<coordinate>pixel</coordinate>
			<type>rectangle</type>
			<description>None</description>
			<possibleresult>
				<name>Small Car</name>
			</possibleresult>
			<points>
				<point>382.030762,826.553833</point>
				<point>374.000000,827.000000</point>
				<point>373.000000,809.000000</point>
				<point>381.030762,808.553833</point>
				<point>382.030762,826.553833</point>
			</points>
		</object>
		<object>
			<coordinate>pixel</coordinate>
			<type>rectangle</type>
			<description>None</description>
			<possibleresult>
				<name>Small Car</name>
			</possibleresult>
			<points>
				<point>386.000031,883.000122</point>
				<point>375.000031,884.000122</point>
				<point>373.540985,867.950928</point>
				<point>384.540985,866.950928</point>
				<point>386.000031,883.000122</point>
			</points>
		</object>
		<object>
			<coordinate>pixel</coordinate>
			<type>rectangle</type>
			<description>None</description>
			<possibleresult>
				<name>Van</name>
			</possibleresult>
			<points>
				<point>231.999969,905.999939</point>
				<point>210.159973,909.119934</point>
				<point>208.999969,900.999939</point>
				<point>230.839966,897.879944</point>
				<point>231.999969,905.999939</point>
			</points>
		</object>
		<object>
			<coordinate>pixel</coordinate>
			<type>rectangle</type>
			<description>None</description>
			<possibleresult>
				<name>Van</name>
			</possibleresult>
			<points>
				<point>273.000000,978.000000</point>
				<point>263.918945,979.513550</point>
				<point>260.918945,961.513550</point>
				<point>270.000000,960.000000</point>
				<point>273.000000,978.000000</point>
			</points>
		</object>
		<object>
			<coordinate>pixel</coordinate>
			<type>rectangle</type>
			<description>None</description>
			<possibleresult>
				<name>Van</name>
			</possibleresult>
			<points>
				<point>482.128265,986.983093</point>
				<point>459.000031,989.999817</point>
				<point>457.957306,982.005432</point>
				<point>481.085541,978.988708</point>
				<point>482.128265,986.983093</point>
			</points>
		</object>
		<object>
			<coordinate>pixel</coordinate>
			<type>rectangle</type>
			<description>None</description>
			<possibleresult>
				<name>Cargo Truck</name>
			</possibleresult>
			<points>
				<point>78.995522,1.970377</point>
				<point>78.696983,0.000001</point>
				<point>91.701469,-1.970376</point>
				<point>92.000008,0.000000</point>
				<point>78.995522,1.970377</point>
			</points>
		</object>
		<object>
			<coordinate>pixel</coordinate>
			<type>rectangle</type>
			<description>None</description>
			<possibleresult>
				<name>Small Car</name>
			</possibleresult>
			<points>
				<point>59.000000,40.000000</point>
				<point>49.972374,40.475136</point>
				<point>48.972374,21.475138</point>
				<point>58.000000,21.000000</point>
				<point>59.000000,40.000000</point>
			</points>
		</object>
		<object>
			<coordinate>pixel</coordinate>
			<type>rectangle</type>
			<description>None</description>
			<possibleresult>
				<name>Small Car</name>
			</possibleresult>
			<points>
				<point>97.000008,40.000000</point>
				<point>87.121956,41.097565</point>
				<point>85.121956,23.097563</point>
				<point>95.000008,22.000000</point>
				<point>97.000008,40.000000</point>
			</points>
		</object>
		<object>
			<coordinate>pixel</coordinate>
			<type>rectangle</type>
			<description>None</description>
			<possibleresult>
				<name>Van</name>
			</possibleresult>
			<points>
				<point>106.000000,38.000000</point>
				<point>96.000000,38.000000</point>
				<point>96.000000,22.000000</point>
				<point>106.000000,22.000000</point>
				<point>106.000000,38.000000</point>
			</points>
		</object>
		<object>
			<coordinate>pixel</coordinate>
			<type>rectangle</type>
			<description>None</description>
			<possibleresult>
				<name>Van</name>
			</possibleresult>
			<points>
				<point>119.000008,38.000000</point>
				<point>109.038918,38.622566</point>
				<point>108.000008,22.000000</point>
				<point>117.961098,21.377434</point>
				<point>119.000008,38.000000</point>
			</points>
		</object>
		<object>
			<coordinate>pixel</coordinate>
			<type>rectangle</type>
			<description>None</description>
			<possibleresult>
				<name>Van</name>
			</possibleresult>
			<points>
				<point>170.230759,38.153847</point>
				<point>160.999985,40.000000</point>
				<point>157.769211,23.846153</point>
				<point>166.999985,22.000000</point>
				<point>170.230759,38.153847</point>
			</points>
		</object>
		<object>
			<coordinate>pixel</coordinate>
			<type>rectangle</type>
			<description>None</description>
			<possibleresult>
				<name>Van</name>
			</possibleresult>
			<points>
				<point>265.000000,31.000000</point>
				<point>256.000000,31.000000</point>
				<point>256.000000,17.000000</point>
				<point>265.000000,17.000000</point>
				<point>265.000000,31.000000</point>
			</points>
		</object>
		<object>
			<coordinate>pixel</coordinate>
			<type>rectangle</type>
			<description>None</description>
			<possibleresult>
				<name>Van</name>
			</possibleresult>
			<points>
				<point>280.000000,33.000000</point>
				<point>270.000000,33.000000</point>
				<point>270.000000,18.000000</point>
				<point>280.000000,18.000000</point>
				<point>280.000000,33.000000</point>
			</points>
		</object>
		<object>
			<coordinate>pixel</coordinate>
			<type>rectangle</type>
			<description>None</description>
			<possibleresult>
				<name>Small Car</name>
			</possibleresult>
			<points>
				<point>325.334839,28.031677</point>
				<point>304.334839,29.031677</point>
				<point>304.000000,22.000004</point>
				<point>325.000000,21.000004</point>
				<point>325.334839,28.031677</point>
			</points>
		</object>
		<object>
			<coordinate>pixel</coordinate>
			<type>rectangle</type>
			<description>None</description>
			<possibleresult>
				<name>Small Car</name>
			</possibleresult>
			<points>
				<point>377.000000,34.000000</point>
				<point>368.000000,34.000000</point>
				<point>368.000000,17.000000</point>
				<point>377.000000,17.000000</point>
				<point>377.000000,34.000000</point>
			</points>
		</object>
		<object>
			<coordinate>pixel</coordinate>
			<type>rectangle</type>
			<description>None</description>
			<possibleresult>
				<name>Van</name>
			</possibleresult>
			<points>
				<point>526.000061,90.000015</point>
				<point>505.000061,92.000015</point>
				<point>504.150574,83.080917</point>
				<point>525.150574,81.080917</point>
				<point>526.000061,90.000015</point>
			</points>
		</object>
		<object>
			<coordinate>pixel</coordinate>
			<type>rectangle</type>
			<description>None</description>
			<possibleresult>
				<name>Van</name>
			</possibleresult>
			<points>
				<point>531.000000,74.000008</point>
				<point>505.000000,76.000008</point>
				<point>504.382324,67.970589</point>
				<point>530.382324,65.970589</point>
				<point>531.000000,74.000008</point>
			</points>
		</object>
		<object>
			<coordinate>pixel</coordinate>
			<type>rectangle</type>
			<description>None</description>
			<possibleresult>
				<name>Small Car</name>
			</possibleresult>
			<points>
				<point>525.000000,51.000000</point>
				<point>524.260254,58.027397</point>
				<point>505.260254,56.027397</point>
				<point>506.000000,49.000000</point>
				<point>525.000000,51.000000</point>
			</points>
		</object>
		<object>
			<coordinate>pixel</coordinate>
			<type>rectangle</type>
			<description>None</description>
			<possibleresult>
				<name>Small Car</name>
			</possibleresult>
			<points>
				<point>526.332703,41.013859</point>
				<point>525.999939,48.999996</point>
				<point>501.999939,47.999996</point>
				<point>502.332703,40.013859</point>
				<point>526.332703,41.013859</point>
			</points>
		</object>
		<object>
			<coordinate>pixel</coordinate>
			<type>rectangle</type>
			<description>None</description>
			<possibleresult>
				<name>Van</name>
			</possibleresult>
			<points>
				<point>647.000122,11.999995</point>
				<point>638.969116,12.535394</point>
				<point>638.133423,0.000000</point>
				<point>646.200134,0.000000</point>
				<point>647.000122,11.999995</point>
			</points>
		</object>
		<object>
			<coordinate>pixel</coordinate>
			<type>rectangle</type>
			<description>None</description>
			<possibleresult>
				<name>Van</name>
			</possibleresult>
			<points>
				<point>686.875488,50.335861</point>
				<point>678.000000,52.000015</point>
				<point>675.000000,36.000015</point>
				<point>683.875488,34.335861</point>
				<point>686.875488,50.335861</point>
			</points>
		</object>
		<object>
			<coordinate>pixel</coordinate>
			<type>rectangle</type>
			<description>None</description>
			<possibleresult>
				<name>Van</name>
			</possibleresult>
			<points>
				<point>688.999939,68.000015</point>
				<point>679.020447,69.174072</point>
				<point>676.999939,52.000015</point>
				<point>686.979431,50.825958</point>
				<point>688.999939,68.000015</point>
			</points>
		</object>
		<object>
			<coordinate>pixel</coordinate>
			<type>rectangle</type>
			<description>None</description>
			<possibleresult>
				<name>Small Car</name>
			</possibleresult>
			<points>
				<point>667.166748,0.000000</point>
				<point>667.166748,0.000000</point>
				<point>667.166748,0.000000</point>
				<point>667.166748,0.000000</point>
				<point>667.166748,0.000000</point>
			</points>
		</object>
		<object>
			<coordinate>pixel</coordinate>
			<type>rectangle</type>
			<description>None</description>
			<possibleresult>
				<name>Van</name>
			</possibleresult>
			<points>
				<point>792.000000,27.000000</point>
				<point>782.000000,27.000000</point>
				<point>782.000000,4.000000</point>
				<point>792.000000,4.000000</point>
				<point>792.000000,27.000000</point>
			</points>
		</object>
		<object>
			<coordinate>pixel</coordinate>
			<type>rectangle</type>
			<description>None</description>
			<possibleresult>
				<name>Van</name>
			</possibleresult>
			<points>
				<point>781.000061,2.999995</point>
				<point>780.727356,-0.000000</point>
				<point>790.735535,-0.909778</point>
				<point>791.008240,2.090217</point>
				<point>781.000061,2.999995</point>
			</points>
		</object>
		<object>
			<coordinate>pixel</coordinate>
			<type>rectangle</type>
			<description>None</description>
			<possibleresult>
				<name>Van</name>
			</possibleresult>
			<points>
				<point>793.000000,0.000000</point>
				<point>793.000000,0.000000</point>
				<point>795.000000,0.000000</point>
				<point>795.000000,0.000000</point>
				<point>793.000000,0.000000</point>
			</points>
		</object>
		<object>
			<coordinate>pixel</coordinate>
			<type>rectangle</type>
			<description>None</description>
			<possibleresult>
				<name>Van</name>
			</possibleresult>
			<points>
				<point>957.041626,37.984158</point>
				<point>936.000000,45.999996</point>
				<point>932.958374,38.015835</point>
				<point>954.000000,29.999996</point>
				<point>957.041626,37.984158</point>
			</points>
		</object>
		<object>
			<coordinate>pixel</coordinate>
			<type>rectangle</type>
			<description>None</description>
			<possibleresult>
				<name>Small Car</name>
			</possibleresult>
			<points>
				<point>976.000000,48.000000</point>
				<point>967.000000,48.000000</point>
				<point>967.000000,32.000000</point>
				<point>976.000000,32.000000</point>
				<point>976.000000,48.000000</point>
			</points>
		</object>
		<object>
			<coordinate>pixel</coordinate>
			<type>rectangle</type>
			<description>None</description>
			<possibleresult>
				<name>Small Car</name>
			</possibleresult>
			<points>
				<point>992.000000,38.000000</point>
				<point>982.972412,38.531036</point>
				<point>981.972412,21.531036</point>
				<point>991.000000,21.000000</point>
				<point>992.000000,38.000000</point>
			</points>
		</object>
		<object>
			<coordinate>pixel</coordinate>
			<type>rectangle</type>
			<description>None</description>
			<possibleresult>
				<name>Small Car</name>
			</possibleresult>
			<points>
				<point>737.999939,967.000000</point>
				<point>728.020447,968.174072</point>
				<point>725.999939,951.000000</point>
				<point>735.979431,949.825928</point>
				<point>737.999939,967.000000</point>
			</points>
		</object>
	</objects>
</annotation>