<?xml version="1.0" encoding="utf-8"?>
<annotation>
	<source>
		<filename>1330.tif</filename>
		<origin>GF2/GF3</origin>
	</source>
	<research>
		<version>1.0</version>
		<provider>FAIR1M</provider>
		<author>Cyber</author>
		<pluginname>FAIR1M</pluginname>
		<pluginclass>object detection</pluginclass>
		<time>2021-03</time>
	</research>
	<size>
		<width>1000</width>
		<height>1000</height>
		<depth>3</depth>
	</size>
	<objects>
		<object>
			<coordinate>pixel</coordinate>
			<type>rectangle</type>
			<description>None</description>
			<possibleresult>
				<name>Small Car</name>
			</possibleresult>
			<points>
				<point>335.999969,92.000000</point>
				<point>329.999969,96.000000</point>
				<point>321.999969,84.000000</point>
				<point>327.999969,80.000000</point>
				<point>335.999969,92.000000</point>
			</points>
		</object>
		<object>
			<coordinate>pixel</coordinate>
			<type>rectangle</type>
			<description>None</description>
			<possibleresult>
				<name>Small Car</name>
			</possibleresult>
			<points>
				<point>328.000031,99.000015</point>
				<point>321.000031,103.000015</point>
				<point>312.753876,88.569244</point>
				<point>319.753876,84.569244</point>
				<point>328.000031,99.000015</point>
			</points>
		</object>
		<object>
			<coordinate>pixel</coordinate>
			<type>rectangle</type>
			<description>None</description>
			<possibleresult>
				<name>Small Car</name>
			</possibleresult>
			<points>
				<point>319.461548,101.692291</point>
				<point>313.000000,105.999985</point>
				<point>302.538452,90.307678</point>
				<point>309.000000,85.999985</point>
				<point>319.461548,101.692291</point>
			</points>
		</object>
		<object>
			<coordinate>pixel</coordinate>
			<type>rectangle</type>
			<description>None</description>
			<possibleresult>
				<name>Small Car</name>
			</possibleresult>
			<points>
				<point>301.000000,109.000023</point>
				<point>294.000000,113.000023</point>
				<point>285.753845,98.569252</point>
				<point>292.753845,94.569252</point>
				<point>301.000000,109.000023</point>
			</points>
		</object>
		<object>
			<coordinate>pixel</coordinate>
			<type>rectangle</type>
			<description>None</description>
			<possibleresult>
				<name>Small Car</name>
			</possibleresult>
			<points>
				<point>291.999969,112.999992</point>
				<point>284.153839,118.230766</point>
				<point>273.999969,102.999992</point>
				<point>281.846100,97.769218</point>
				<point>291.999969,112.999992</point>
			</points>
		</object>
		<object>
			<coordinate>pixel</coordinate>
			<type>rectangle</type>
			<description>None</description>
			<possibleresult>
				<name>Small Car</name>
			</possibleresult>
			<points>
				<point>282.519836,117.808685</point>
				<point>276.000000,122.000015</point>
				<point>266.480164,107.191345</point>
				<point>273.000000,103.000015</point>
				<point>282.519836,117.808685</point>
			</points>
		</object>
		<object>
			<coordinate>pixel</coordinate>
			<type>rectangle</type>
			<description>None</description>
			<possibleresult>
				<name>Small Car</name>
			</possibleresult>
			<points>
				<point>272.461548,120.692299</point>
				<point>265.769226,125.153831</point>
				<point>257.000000,111.999992</point>
				<point>263.692322,107.538460</point>
				<point>272.461548,120.692299</point>
			</points>
		</object>
		<object>
			<coordinate>pixel</coordinate>
			<type>rectangle</type>
			<description>None</description>
			<possibleresult>
				<name>Small Car</name>
			</possibleresult>
			<points>
				<point>263.999969,126.999985</point>
				<point>257.137299,131.223160</point>
				<point>248.999969,117.999985</point>
				<point>255.862640,113.776810</point>
				<point>263.999969,126.999985</point>
			</points>
		</object>
		<object>
			<coordinate>pixel</coordinate>
			<type>rectangle</type>
			<description>None</description>
			<possibleresult>
				<name>Small Car</name>
			</possibleresult>
			<points>
				<point>347.217590,127.373055</point>
				<point>341.000000,131.000000</point>
				<point>333.782410,118.626930</point>
				<point>340.000000,114.999985</point>
				<point>347.217590,127.373055</point>
			</points>
		</object>
		<object>
			<coordinate>pixel</coordinate>
			<type>rectangle</type>
			<description>None</description>
			<possibleresult>
				<name>Small Car</name>
			</possibleresult>
			<points>
				<point>330.000000,136.000031</point>
				<point>323.604004,140.428024</point>
				<point>314.604004,127.428017</point>
				<point>321.000000,123.000015</point>
				<point>330.000000,136.000031</point>
			</points>
		</object>
		<object>
			<coordinate>pixel</coordinate>
			<type>rectangle</type>
			<description>None</description>
			<possibleresult>
				<name>Small Car</name>
			</possibleresult>
			<points>
				<point>348.000031,147.000015</point>
				<point>340.569244,151.246170</point>
				<point>332.569244,137.246170</point>
				<point>340.000031,133.000015</point>
				<point>348.000031,147.000015</point>
			</points>
		</object>
		<object>
			<coordinate>pixel</coordinate>
			<type>rectangle</type>
			<description>None</description>
			<possibleresult>
				<name>Small Car</name>
			</possibleresult>
			<points>
				<point>1000.000000,237.399887</point>
				<point>990.719177,222.550568</point>
				<point>998.000061,218.000000</point>
				<point>1000.000000,221.199905</point>
				<point>1000.000000,237.399887</point>
			</points>
		</object>
		<object>
			<coordinate>pixel</coordinate>
			<type>rectangle</type>
			<description>None</description>
			<possibleresult>
				<name>Small Car</name>
			</possibleresult>
			<points>
				<point>698.000000,228.000046</point>
				<point>683.000000,234.000046</point>
				<point>680.517212,227.793137</point>
				<point>695.517212,221.793137</point>
				<point>698.000000,228.000046</point>
			</points>
		</object>
	</objects>
</annotation>