<?xml version="1.0" encoding="utf-8"?>
<annotation>
	<source>
		<filename>1335.tif</filename>
		<origin>GF2/GF3</origin>
	</source>
	<research>
		<version>1.0</version>
		<provider>FAIR1M</provider>
		<author>Cyber</author>
		<pluginname>FAIR1M</pluginname>
		<pluginclass>object detection</pluginclass>
		<time>2021-03</time>
	</research>
	<size>
		<width>1000</width>
		<height>1000</height>
		<depth>3</depth>
	</size>
	<objects>
		<object>
			<coordinate>pixel</coordinate>
			<type>rectangle</type>
			<description>None</description>
			<possibleresult>
				<name>Intersection</name>
			</possibleresult>
			<points>
				<point>193.076935,51.615379</point>
				<point>186.000000,87.000000</point>
				<point>152.923065,80.384621</point>
				<point>160.000000,45.000000</point>
				<point>193.076935,51.615379</point>
			</points>
		</object>
		<object>
			<coordinate>pixel</coordinate>
			<type>rectangle</type>
			<description>None</description>
			<possibleresult>
				<name>Intersection</name>
			</possibleresult>
			<points>
				<point>212.000000,494.000000</point>
				<point>175.964508,496.485229</point>
				<point>173.964508,467.485229</point>
				<point>210.000000,465.000000</point>
				<point>212.000000,494.000000</point>
			</points>
		</object>
		<object>
			<coordinate>pixel</coordinate>
			<type>rectangle</type>
			<description>None</description>
			<possibleresult>
				<name>Intersection</name>
			</possibleresult>
			<points>
				<point>921.000000,405.000061</point>
				<point>863.064819,420.246155</point>
				<point>858.064819,401.246155</point>
				<point>916.000000,386.000061</point>
				<point>921.000000,405.000061</point>
			</points>
		</object>
		<object>
			<coordinate>pixel</coordinate>
			<type>rectangle</type>
			<description>None</description>
			<possibleresult>
				<name>Intersection</name>
			</possibleresult>
			<points>
				<point>578.450806,808.959106</point>
				<point>556.000000,811.000122</point>
				<point>554.549194,795.041138</point>
				<point>577.000000,793.000122</point>
				<point>578.450806,808.959106</point>
			</points>
		</object>
		<object>
			<coordinate>pixel</coordinate>
			<type>rectangle</type>
			<description>None</description>
			<possibleresult>
				<name>Intersection</name>
			</possibleresult>
			<points>
				<point>617.321716,480.938751</point>
				<point>575.000061,489.000031</point>
				<point>569.678406,461.061310</point>
				<point>612.000061,453.000031</point>
				<point>617.321716,480.938751</point>
			</points>
		</object>
		<object>
			<coordinate>pixel</coordinate>
			<type>rectangle</type>
			<description>None</description>
			<possibleresult>
				<name>Intersection</name>
			</possibleresult>
			<points>
				<point>249.000000,799.000061</point>
				<point>246.000000,847.000061</point>
				<point>166.000000,842.000061</point>
				<point>169.000000,794.000061</point>
				<point>249.000000,799.000061</point>
			</points>
		</object>
		<object>
			<coordinate>pixel</coordinate>
			<type>rectangle</type>
			<description>None</description>
			<possibleresult>
				<name>Intersection</name>
			</possibleresult>
			<points>
				<point>250.862061,777.655151</point>
				<point>210.862061,793.655151</point>
				<point>173.000000,699.000000</point>
				<point>213.000000,683.000000</point>
				<point>250.862061,777.655151</point>
			</points>
		</object>
		<object>
			<coordinate>pixel</coordinate>
			<type>rectangle</type>
			<description>None</description>
			<possibleresult>
				<name>Small Car</name>
			</possibleresult>
			<points>
				<point>46.035526,846.502563</point>
				<point>44.999996,861.000000</point>
				<point>37.964466,860.497437</point>
				<point>38.999996,846.000000</point>
				<point>46.035526,846.502563</point>
			</points>
		</object>
		<object>
			<coordinate>pixel</coordinate>
			<type>rectangle</type>
			<description>None</description>
			<possibleresult>
				<name>Van</name>
			</possibleresult>
			<points>
				<point>267.000000,950.000000</point>
				<point>262.000000,950.000000</point>
				<point>262.000000,936.000000</point>
				<point>267.000000,936.000000</point>
				<point>267.000000,950.000000</point>
			</points>
		</object>
		<object>
			<coordinate>pixel</coordinate>
			<type>rectangle</type>
			<description>None</description>
			<possibleresult>
				<name>Van</name>
			</possibleresult>
			<points>
				<point>433.000000,826.000000</point>
				<point>426.000000,826.000000</point>
				<point>426.000000,811.000000</point>
				<point>433.000000,811.000000</point>
				<point>433.000000,826.000000</point>
			</points>
		</object>
		<object>
			<coordinate>pixel</coordinate>
			<type>rectangle</type>
			<description>None</description>
			<possibleresult>
				<name>Van</name>
			</possibleresult>
			<points>
				<point>394.000000,825.000000</point>
				<point>387.000000,825.000000</point>
				<point>387.000000,809.000000</point>
				<point>394.000000,809.000000</point>
				<point>394.000000,825.000000</point>
			</points>
		</object>
		<object>
			<coordinate>pixel</coordinate>
			<type>rectangle</type>
			<description>None</description>
			<possibleresult>
				<name>Van</name>
			</possibleresult>
			<points>
				<point>459.000031,736.000061</point>
				<point>453.000031,737.000061</point>
				<point>450.648651,722.891907</point>
				<point>456.648651,721.891907</point>
				<point>459.000031,736.000061</point>
			</points>
		</object>
		<object>
			<coordinate>pixel</coordinate>
			<type>rectangle</type>
			<description>None</description>
			<possibleresult>
				<name>Small Car</name>
			</possibleresult>
			<points>
				<point>429.000000,736.000000</point>
				<point>422.000000,736.000000</point>
				<point>422.000000,721.000000</point>
				<point>429.000000,721.000000</point>
				<point>429.000000,736.000000</point>
			</points>
		</object>
		<object>
			<coordinate>pixel</coordinate>
			<type>rectangle</type>
			<description>None</description>
			<possibleresult>
				<name>Small Car</name>
			</possibleresult>
			<points>
				<point>418.999939,734.999939</point>
				<point>411.146301,736.682922</point>
				<point>408.146301,722.682922</point>
				<point>415.999939,720.999939</point>
				<point>418.999939,734.999939</point>
			</points>
		</object>
		<object>
			<coordinate>pixel</coordinate>
			<type>rectangle</type>
			<description>None</description>
			<possibleresult>
				<name>Small Car</name>
			</possibleresult>
			<points>
				<point>458.000031,774.000061</point>
				<point>457.000031,790.000061</point>
				<point>449.964996,789.560364</point>
				<point>450.964996,773.560364</point>
				<point>458.000031,774.000061</point>
			</points>
		</object>
		<object>
			<coordinate>pixel</coordinate>
			<type>rectangle</type>
			<description>None</description>
			<possibleresult>
				<name>Small Car</name>
			</possibleresult>
			<points>
				<point>431.000000,843.000000</point>
				<point>424.000000,843.000000</point>
				<point>424.000000,831.000000</point>
				<point>431.000000,831.000000</point>
				<point>431.000000,843.000000</point>
			</points>
		</object>
		<object>
			<coordinate>pixel</coordinate>
			<type>rectangle</type>
			<description>None</description>
			<possibleresult>
				<name>Small Car</name>
			</possibleresult>
			<points>
				<point>421.000000,844.000000</point>
				<point>413.000000,844.000000</point>
				<point>413.000000,831.000000</point>
				<point>421.000000,831.000000</point>
				<point>421.000000,844.000000</point>
			</points>
		</object>
		<object>
			<coordinate>pixel</coordinate>
			<type>rectangle</type>
			<description>None</description>
			<possibleresult>
				<name>Small Car</name>
			</possibleresult>
			<points>
				<point>557.000000,915.000000</point>
				<point>550.000000,915.000000</point>
				<point>550.000000,904.000000</point>
				<point>557.000000,904.000000</point>
				<point>557.000000,915.000000</point>
			</points>
		</object>
		<object>
			<coordinate>pixel</coordinate>
			<type>rectangle</type>
			<description>None</description>
			<possibleresult>
				<name>Small Car</name>
			</possibleresult>
			<points>
				<point>539.000122,914.000122</point>
				<point>532.959106,914.549316</point>
				<point>531.959106,903.549316</point>
				<point>538.000122,903.000122</point>
				<point>539.000122,914.000122</point>
			</points>
		</object>
		<object>
			<coordinate>pixel</coordinate>
			<type>rectangle</type>
			<description>None</description>
			<possibleresult>
				<name>Small Car</name>
			</possibleresult>
			<points>
				<point>565.000000,582.000000</point>
				<point>559.000000,582.000000</point>
				<point>559.000000,568.000000</point>
				<point>565.000000,568.000000</point>
				<point>565.000000,582.000000</point>
			</points>
		</object>
		<object>
			<coordinate>pixel</coordinate>
			<type>rectangle</type>
			<description>None</description>
			<possibleresult>
				<name>Small Car</name>
			</possibleresult>
			<points>
				<point>555.000000,582.000000</point>
				<point>549.000000,582.000000</point>
				<point>549.000000,569.000000</point>
				<point>555.000000,569.000000</point>
				<point>555.000000,582.000000</point>
			</points>
		</object>
		<object>
			<coordinate>pixel</coordinate>
			<type>rectangle</type>
			<description>None</description>
			<possibleresult>
				<name>Small Car</name>
			</possibleresult>
			<points>
				<point>542.000000,583.000000</point>
				<point>535.000000,583.000000</point>
				<point>535.000000,571.000000</point>
				<point>542.000000,571.000000</point>
				<point>542.000000,583.000000</point>
			</points>
		</object>
		<object>
			<coordinate>pixel</coordinate>
			<type>rectangle</type>
			<description>None</description>
			<possibleresult>
				<name>Small Car</name>
			</possibleresult>
			<points>
				<point>63.000000,691.000000</point>
				<point>56.000000,691.000000</point>
				<point>56.000000,674.000000</point>
				<point>63.000000,674.000000</point>
				<point>63.000000,691.000000</point>
			</points>
		</object>
		<object>
			<coordinate>pixel</coordinate>
			<type>rectangle</type>
			<description>None</description>
			<possibleresult>
				<name>Small Car</name>
			</possibleresult>
			<points>
				<point>336.000000,90.000000</point>
				<point>331.000000,90.000000</point>
				<point>331.000000,79.000000</point>
				<point>336.000000,79.000000</point>
				<point>336.000000,90.000000</point>
			</points>
		</object>
		<object>
			<coordinate>pixel</coordinate>
			<type>rectangle</type>
			<description>None</description>
			<possibleresult>
				<name>Small Car</name>
			</possibleresult>
			<points>
				<point>168.000000,119.000000</point>
				<point>154.000000,119.000000</point>
				<point>154.000000,113.000000</point>
				<point>168.000000,113.000000</point>
				<point>168.000000,119.000000</point>
			</points>
		</object>
		<object>
			<coordinate>pixel</coordinate>
			<type>rectangle</type>
			<description>None</description>
			<possibleresult>
				<name>Van</name>
			</possibleresult>
			<points>
				<point>166.000000,110.000000</point>
				<point>152.000000,110.000000</point>
				<point>152.000000,105.000000</point>
				<point>166.000000,105.000000</point>
				<point>166.000000,110.000000</point>
			</points>
		</object>
		<object>
			<coordinate>pixel</coordinate>
			<type>rectangle</type>
			<description>None</description>
			<possibleresult>
				<name>Van</name>
			</possibleresult>
			<points>
				<point>167.000000,126.000000</point>
				<point>153.000000,126.000000</point>
				<point>153.000000,120.000000</point>
				<point>167.000000,120.000000</point>
				<point>167.000000,126.000000</point>
			</points>
		</object>
		<object>
			<coordinate>pixel</coordinate>
			<type>rectangle</type>
			<description>None</description>
			<possibleresult>
				<name>Van</name>
			</possibleresult>
			<points>
				<point>165.000000,100.000000</point>
				<point>159.000000,100.000000</point>
				<point>159.000000,89.000000</point>
				<point>165.000000,89.000000</point>
				<point>165.000000,100.000000</point>
			</points>
		</object>
		<object>
			<coordinate>pixel</coordinate>
			<type>rectangle</type>
			<description>None</description>
			<possibleresult>
				<name>Small Car</name>
			</possibleresult>
			<points>
				<point>135.000000,307.000000</point>
				<point>120.000000,307.000000</point>
				<point>120.000000,301.000000</point>
				<point>135.000000,301.000000</point>
				<point>135.000000,307.000000</point>
			</points>
		</object>
		<object>
			<coordinate>pixel</coordinate>
			<type>rectangle</type>
			<description>None</description>
			<possibleresult>
				<name>Small Car</name>
			</possibleresult>
			<points>
				<point>138.000000,298.000000</point>
				<point>119.000000,298.000000</point>
				<point>119.000000,291.000000</point>
				<point>138.000000,291.000000</point>
				<point>138.000000,298.000000</point>
			</points>
		</object>
		<object>
			<coordinate>pixel</coordinate>
			<type>rectangle</type>
			<description>None</description>
			<possibleresult>
				<name>Small Car</name>
			</possibleresult>
			<points>
				<point>175.464600,313.969086</point>
				<point>160.464600,314.969086</point>
				<point>160.000000,308.000031</point>
				<point>175.000000,307.000031</point>
				<point>175.464600,313.969086</point>
			</points>
		</object>
		<object>
			<coordinate>pixel</coordinate>
			<type>rectangle</type>
			<description>None</description>
			<possibleresult>
				<name>Small Car</name>
			</possibleresult>
			<points>
				<point>274.351746,419.979309</point>
				<point>257.000000,421.000000</point>
				<point>256.648254,415.020691</point>
				<point>274.000000,414.000000</point>
				<point>274.351746,419.979309</point>
			</points>
		</object>
		<object>
			<coordinate>pixel</coordinate>
			<type>rectangle</type>
			<description>None</description>
			<possibleresult>
				<name>Van</name>
			</possibleresult>
			<points>
				<point>273.000000,412.000031</point>
				<point>253.317688,413.035919</point>
				<point>253.000000,407.000031</point>
				<point>272.682312,405.964142</point>
				<point>273.000000,412.000031</point>
			</points>
		</object>
		<object>
			<coordinate>pixel</coordinate>
			<type>rectangle</type>
			<description>None</description>
			<possibleresult>
				<name>Small Car</name>
			</possibleresult>
			<points>
				<point>273.000000,405.000000</point>
				<point>255.000000,405.000000</point>
				<point>255.000000,399.000000</point>
				<point>273.000000,399.000000</point>
				<point>273.000000,405.000000</point>
			</points>
		</object>
		<object>
			<coordinate>pixel</coordinate>
			<type>rectangle</type>
			<description>None</description>
			<possibleresult>
				<name>Small Car</name>
			</possibleresult>
			<points>
				<point>273.000000,390.000000</point>
				<point>257.000000,390.000000</point>
				<point>257.000000,383.000000</point>
				<point>273.000000,383.000000</point>
				<point>273.000000,390.000000</point>
			</points>
		</object>
		<object>
			<coordinate>pixel</coordinate>
			<type>rectangle</type>
			<description>None</description>
			<possibleresult>
				<name>Small Car</name>
			</possibleresult>
			<points>
				<point>273.000000,374.000000</point>
				<point>256.000000,374.000000</point>
				<point>256.000000,367.000000</point>
				<point>273.000000,367.000000</point>
				<point>273.000000,374.000000</point>
			</points>
		</object>
		<object>
			<coordinate>pixel</coordinate>
			<type>rectangle</type>
			<description>None</description>
			<possibleresult>
				<name>Small Car</name>
			</possibleresult>
			<points>
				<point>333.000000,283.000000</point>
				<point>319.000000,283.000000</point>
				<point>319.000000,277.000000</point>
				<point>333.000000,277.000000</point>
				<point>333.000000,283.000000</point>
			</points>
		</object>
		<object>
			<coordinate>pixel</coordinate>
			<type>rectangle</type>
			<description>None</description>
			<possibleresult>
				<name>Van</name>
			</possibleresult>
			<points>
				<point>263.000000,286.000000</point>
				<point>246.000000,286.000000</point>
				<point>246.000000,280.000000</point>
				<point>263.000000,280.000000</point>
				<point>263.000000,286.000000</point>
			</points>
		</object>
		<object>
			<coordinate>pixel</coordinate>
			<type>rectangle</type>
			<description>None</description>
			<possibleresult>
				<name>Small Car</name>
			</possibleresult>
			<points>
				<point>299.336334,153.044266</point>
				<point>284.336334,154.044266</point>
				<point>284.000031,149.000015</point>
				<point>299.000031,148.000015</point>
				<point>299.336334,153.044266</point>
			</points>
		</object>
		<object>
			<coordinate>pixel</coordinate>
			<type>rectangle</type>
			<description>None</description>
			<possibleresult>
				<name>Van</name>
			</possibleresult>
			<points>
				<point>458.349121,149.982559</point>
				<point>438.000000,151.000015</point>
				<point>437.650879,144.017471</point>
				<point>458.000000,143.000015</point>
				<point>458.349121,149.982559</point>
			</points>
		</object>
		<object>
			<coordinate>pixel</coordinate>
			<type>rectangle</type>
			<description>None</description>
			<possibleresult>
				<name>Van</name>
			</possibleresult>
			<points>
				<point>443.000000,118.000031</point>
				<point>439.000000,123.000031</point>
				<point>428.878052,114.902466</point>
				<point>432.878052,109.902466</point>
				<point>443.000000,118.000031</point>
			</points>
		</object>
		<object>
			<coordinate>pixel</coordinate>
			<type>rectangle</type>
			<description>None</description>
			<possibleresult>
				<name>Small Car</name>
			</possibleresult>
			<points>
				<point>446.000000,515.000000</point>
				<point>431.000000,515.000000</point>
				<point>431.000000,510.000000</point>
				<point>446.000000,510.000000</point>
				<point>446.000000,515.000000</point>
			</points>
		</object>
		<object>
			<coordinate>pixel</coordinate>
			<type>rectangle</type>
			<description>None</description>
			<possibleresult>
				<name>Small Car</name>
			</possibleresult>
			<points>
				<point>448.000000,493.000000</point>
				<point>447.629822,500.033142</point>
				<point>428.629822,499.033142</point>
				<point>429.000000,492.000000</point>
				<point>448.000000,493.000000</point>
			</points>
		</object>
		<object>
			<coordinate>pixel</coordinate>
			<type>rectangle</type>
			<description>None</description>
			<possibleresult>
				<name>Small Car</name>
			</possibleresult>
			<points>
				<point>677.000000,574.000000</point>
				<point>662.000000,574.000000</point>
				<point>662.000000,567.000000</point>
				<point>677.000000,567.000000</point>
				<point>677.000000,574.000000</point>
			</points>
		</object>
		<object>
			<coordinate>pixel</coordinate>
			<type>rectangle</type>
			<description>None</description>
			<possibleresult>
				<name>Small Car</name>
			</possibleresult>
			<points>
				<point>760.000000,561.000000</point>
				<point>742.000000,561.000000</point>
				<point>742.000000,555.000000</point>
				<point>760.000000,555.000000</point>
				<point>760.000000,561.000000</point>
			</points>
		</object>
		<object>
			<coordinate>pixel</coordinate>
			<type>rectangle</type>
			<description>None</description>
			<possibleresult>
				<name>Van</name>
			</possibleresult>
			<points>
				<point>552.000000,794.000000</point>
				<point>535.000000,794.000000</point>
				<point>535.000000,788.000000</point>
				<point>552.000000,788.000000</point>
				<point>552.000000,794.000000</point>
			</points>
		</object>
		<object>
			<coordinate>pixel</coordinate>
			<type>rectangle</type>
			<description>None</description>
			<possibleresult>
				<name>Small Car</name>
			</possibleresult>
			<points>
				<point>530.000000,794.000000</point>
				<point>513.000000,794.000000</point>
				<point>513.000000,788.000000</point>
				<point>530.000000,788.000000</point>
				<point>530.000000,794.000000</point>
			</points>
		</object>
		<object>
			<coordinate>pixel</coordinate>
			<type>rectangle</type>
			<description>None</description>
			<possibleresult>
				<name>Van</name>
			</possibleresult>
			<points>
				<point>56.000000,809.000000</point>
				<point>38.000000,809.000000</point>
				<point>38.000000,803.000000</point>
				<point>56.000000,803.000000</point>
				<point>56.000000,809.000000</point>
			</points>
		</object>
		<object>
			<coordinate>pixel</coordinate>
			<type>rectangle</type>
			<description>None</description>
			<possibleresult>
				<name>Van</name>
			</possibleresult>
			<points>
				<point>158.000000,901.000000</point>
				<point>142.000000,901.000000</point>
				<point>142.000000,895.000000</point>
				<point>158.000000,895.000000</point>
				<point>158.000000,901.000000</point>
			</points>
		</object>
		<object>
			<coordinate>pixel</coordinate>
			<type>rectangle</type>
			<description>None</description>
			<possibleresult>
				<name>Small Car</name>
			</possibleresult>
			<points>
				<point>154.000046,934.999939</point>
				<point>150.248306,939.220642</point>
				<point>141.000046,930.999939</point>
				<point>144.751785,926.779236</point>
				<point>154.000046,934.999939</point>
			</points>
		</object>
		<object>
			<coordinate>pixel</coordinate>
			<type>rectangle</type>
			<description>None</description>
			<possibleresult>
				<name>Small Car</name>
			</possibleresult>
			<points>
				<point>368.000000,979.000000</point>
				<point>350.000000,979.000000</point>
				<point>350.000000,973.000000</point>
				<point>368.000000,973.000000</point>
				<point>368.000000,979.000000</point>
			</points>
		</object>
		<object>
			<coordinate>pixel</coordinate>
			<type>rectangle</type>
			<description>None</description>
			<possibleresult>
				<name>Small Car</name>
			</possibleresult>
			<points>
				<point>368.000000,963.000000</point>
				<point>348.000000,963.000000</point>
				<point>348.000000,957.000000</point>
				<point>368.000000,957.000000</point>
				<point>368.000000,963.000000</point>
			</points>
		</object>
		<object>
			<coordinate>pixel</coordinate>
			<type>rectangle</type>
			<description>None</description>
			<possibleresult>
				<name>Small Car</name>
			</possibleresult>
			<points>
				<point>362.000000,955.000000</point>
				<point>350.000000,955.000000</point>
				<point>350.000000,950.000000</point>
				<point>362.000000,950.000000</point>
				<point>362.000000,955.000000</point>
			</points>
		</object>
		<object>
			<coordinate>pixel</coordinate>
			<type>rectangle</type>
			<description>None</description>
			<possibleresult>
				<name>Van</name>
			</possibleresult>
			<points>
				<point>436.000000,996.999939</point>
				<point>417.000000,998.999939</point>
				<point>416.364380,992.961609</point>
				<point>435.364380,990.961609</point>
				<point>436.000000,996.999939</point>
			</points>
		</object>
		<object>
			<coordinate>pixel</coordinate>
			<type>rectangle</type>
			<description>None</description>
			<possibleresult>
				<name>Van</name>
			</possibleresult>
			<points>
				<point>1000.000000,722.187500</point>
				<point>986.377502,723.038940</point>
				<point>986.000061,717.000000</point>
				<point>1000.000000,716.125000</point>
				<point>1000.000000,722.187500</point>
			</points>
		</object>
		<object>
			<coordinate>pixel</coordinate>
			<type>rectangle</type>
			<description>None</description>
			<possibleresult>
				<name>Small Car</name>
			</possibleresult>
			<points>
				<point>995.000000,698.000000</point>
				<point>977.000000,701.000000</point>
				<point>976.026978,695.162109</point>
				<point>994.026978,692.162109</point>
				<point>995.000000,698.000000</point>
			</points>
		</object>
		<object>
			<coordinate>pixel</coordinate>
			<type>rectangle</type>
			<description>None</description>
			<possibleresult>
				<name>Van</name>
			</possibleresult>
			<points>
				<point>993.000000,692.000000</point>
				<point>975.000000,692.000000</point>
				<point>975.000000,686.000000</point>
				<point>993.000000,686.000000</point>
				<point>993.000000,692.000000</point>
			</points>
		</object>
		<object>
			<coordinate>pixel</coordinate>
			<type>rectangle</type>
			<description>None</description>
			<possibleresult>
				<name>Van</name>
			</possibleresult>
			<points>
				<point>990.000000,684.000000</point>
				<point>973.000000,684.000000</point>
				<point>973.000000,678.000000</point>
				<point>990.000000,678.000000</point>
				<point>990.000000,684.000000</point>
			</points>
		</object>
		<object>
			<coordinate>pixel</coordinate>
			<type>rectangle</type>
			<description>None</description>
			<possibleresult>
				<name>Van</name>
			</possibleresult>
			<points>
				<point>861.470703,824.882385</point>
				<point>845.000122,829.000061</point>
				<point>843.529541,823.117737</point>
				<point>860.000122,819.000061</point>
				<point>861.470703,824.882385</point>
			</points>
		</object>
		<object>
			<coordinate>pixel</coordinate>
			<type>rectangle</type>
			<description>None</description>
			<possibleresult>
				<name>Van</name>
			</possibleresult>
			<points>
				<point>859.311218,815.917053</point>
				<point>844.000061,820.000061</point>
				<point>842.688904,815.083069</point>
				<point>858.000061,811.000061</point>
				<point>859.311218,815.917053</point>
			</points>
		</object>
		<object>
			<coordinate>pixel</coordinate>
			<type>rectangle</type>
			<description>None</description>
			<possibleresult>
				<name>Van</name>
			</possibleresult>
			<points>
				<point>859.057129,808.990051</point>
				<point>842.000122,812.000061</point>
				<point>840.943115,806.010071</point>
				<point>858.000122,803.000061</point>
				<point>859.057129,808.990051</point>
			</points>
		</object>
		<object>
			<coordinate>pixel</coordinate>
			<type>rectangle</type>
			<description>None</description>
			<possibleresult>
				<name>Small Car</name>
			</possibleresult>
			<points>
				<point>894.300110,814.100037</point>
				<point>892.300110,820.100037</point>
				<point>877.000061,815.000061</point>
				<point>879.000061,809.000061</point>
				<point>894.300110,814.100037</point>
			</points>
		</object>
		<object>
			<coordinate>pixel</coordinate>
			<type>rectangle</type>
			<description>None</description>
			<possibleresult>
				<name>Small Car</name>
			</possibleresult>
			<points>
				<point>893.000000,805.000122</point>
				<point>891.067017,810.025879</point>
				<point>878.000000,805.000122</point>
				<point>879.932983,799.974365</point>
				<point>893.000000,805.000122</point>
			</points>
		</object>
		<object>
			<coordinate>pixel</coordinate>
			<type>rectangle</type>
			<description>None</description>
			<possibleresult>
				<name>Small Car</name>
			</possibleresult>
			<points>
				<point>894.999939,823.000000</point>
				<point>893.216492,829.063721</point>
				<point>875.999939,824.000000</point>
				<point>877.783386,817.936279</point>
				<point>894.999939,823.000000</point>
			</points>
		</object>
		<object>
			<coordinate>pixel</coordinate>
			<type>rectangle</type>
			<description>None</description>
			<possibleresult>
				<name>Small Car</name>
			</possibleresult>
			<points>
				<point>1000.000000,588.000000</point>
				<point>1000.000000,588.000000</point>
				<point>1000.000000,595.000000</point>
				<point>1000.000000,595.000000</point>
				<point>1000.000000,588.000000</point>
			</points>
		</object>
		<object>
			<coordinate>pixel</coordinate>
			<type>rectangle</type>
			<description>None</description>
			<possibleresult>
				<name>Small Car</name>
			</possibleresult>
			<points>
				<point>1000.000000,505.647064</point>
				<point>985.999939,504.000000</point>
				<point>986.709778,497.965881</point>
				<point>1000.000000,499.529449</point>
				<point>1000.000000,505.647064</point>
			</points>
		</object>
		<object>
			<coordinate>pixel</coordinate>
			<type>rectangle</type>
			<description>None</description>
			<possibleresult>
				<name>Van</name>
			</possibleresult>
			<points>
				<point>917.512695,497.143311</point>
				<point>900.512695,502.143311</point>
				<point>899.000000,497.000000</point>
				<point>916.000000,492.000000</point>
				<point>917.512695,497.143311</point>
			</points>
		</object>
		<object>
			<coordinate>pixel</coordinate>
			<type>rectangle</type>
			<description>None</description>
			<possibleresult>
				<name>Van</name>
			</possibleresult>
			<points>
				<point>883.000061,596.000000</point>
				<point>866.753967,598.030762</point>
				<point>866.000061,592.000000</point>
				<point>882.246155,589.969238</point>
				<point>883.000061,596.000000</point>
			</points>
		</object>
		<object>
			<coordinate>pixel</coordinate>
			<type>rectangle</type>
			<description>None</description>
			<possibleresult>
				<name>Small Car</name>
			</possibleresult>
			<points>
				<point>593.000000,332.000000</point>
				<point>573.635620,334.038330</point>
				<point>573.000000,328.000000</point>
				<point>592.364380,325.961670</point>
				<point>593.000000,332.000000</point>
			</points>
		</object>
		<object>
			<coordinate>pixel</coordinate>
			<type>rectangle</type>
			<description>None</description>
			<possibleresult>
				<name>Van</name>
			</possibleresult>
			<points>
				<point>423.000000,761.000000</point>
				<point>406.000000,761.000000</point>
				<point>406.000000,755.000000</point>
				<point>423.000000,755.000000</point>
				<point>423.000000,761.000000</point>
			</points>
		</object>
		<object>
			<coordinate>pixel</coordinate>
			<type>rectangle</type>
			<description>None</description>
			<possibleresult>
				<name>Van</name>
			</possibleresult>
			<points>
				<point>529.000000,709.000000</point>
				<point>513.000000,709.000000</point>
				<point>513.000000,702.000000</point>
				<point>529.000000,702.000000</point>
				<point>529.000000,709.000000</point>
			</points>
		</object>
		<object>
			<coordinate>pixel</coordinate>
			<type>rectangle</type>
			<description>None</description>
			<possibleresult>
				<name>Small Car</name>
			</possibleresult>
			<points>
				<point>555.000000,707.000000</point>
				<point>543.000000,707.000000</point>
				<point>543.000000,701.000000</point>
				<point>555.000000,701.000000</point>
				<point>555.000000,707.000000</point>
			</points>
		</object>
		<object>
			<coordinate>pixel</coordinate>
			<type>rectangle</type>
			<description>None</description>
			<possibleresult>
				<name>Small Car</name>
			</possibleresult>
			<points>
				<point>596.999939,725.000000</point>
				<point>583.464661,726.041138</point>
				<point>582.999939,720.000000</point>
				<point>596.535217,718.958862</point>
				<point>596.999939,725.000000</point>
			</points>
		</object>
		<object>
			<coordinate>pixel</coordinate>
			<type>rectangle</type>
			<description>None</description>
			<possibleresult>
				<name>Van</name>
			</possibleresult>
			<points>
				<point>109.000000,836.000000</point>
				<point>94.000000,836.000000</point>
				<point>94.000000,831.000000</point>
				<point>109.000000,831.000000</point>
				<point>109.000000,836.000000</point>
			</points>
		</object>
		<object>
			<coordinate>pixel</coordinate>
			<type>rectangle</type>
			<description>None</description>
			<possibleresult>
				<name>Van</name>
			</possibleresult>
			<points>
				<point>188.000000,971.000000</point>
				<point>170.000000,971.000000</point>
				<point>170.000000,965.000000</point>
				<point>188.000000,965.000000</point>
				<point>188.000000,971.000000</point>
			</points>
		</object>
		<object>
			<coordinate>pixel</coordinate>
			<type>rectangle</type>
			<description>None</description>
			<possibleresult>
				<name>Van</name>
			</possibleresult>
			<points>
				<point>188.000000,980.000000</point>
				<point>170.000000,980.000000</point>
				<point>170.000000,974.000000</point>
				<point>188.000000,974.000000</point>
				<point>188.000000,980.000000</point>
			</points>
		</object>
		<object>
			<coordinate>pixel</coordinate>
			<type>rectangle</type>
			<description>None</description>
			<possibleresult>
				<name>Van</name>
			</possibleresult>
			<points>
				<point>187.000000,988.000000</point>
				<point>168.000000,988.000000</point>
				<point>168.000000,982.000000</point>
				<point>187.000000,982.000000</point>
				<point>187.000000,988.000000</point>
			</points>
		</object>
		<object>
			<coordinate>pixel</coordinate>
			<type>rectangle</type>
			<description>None</description>
			<possibleresult>
				<name>Small Car</name>
			</possibleresult>
			<points>
				<point>806.000061,410.000031</point>
				<point>791.000061,422.000031</point>
				<point>787.000061,417.000031</point>
				<point>802.000061,405.000031</point>
				<point>806.000061,410.000031</point>
			</points>
		</object>
		<object>
			<coordinate>pixel</coordinate>
			<type>rectangle</type>
			<description>None</description>
			<possibleresult>
				<name>Van</name>
			</possibleresult>
			<points>
				<point>214.000000,240.000000</point>
				<point>195.000000,240.000000</point>
				<point>195.000000,233.000000</point>
				<point>214.000000,233.000000</point>
				<point>214.000000,240.000000</point>
			</points>
		</object>
		<object>
			<coordinate>pixel</coordinate>
			<type>rectangle</type>
			<description>None</description>
			<possibleresult>
				<name>Van</name>
			</possibleresult>
			<points>
				<point>92.000000,264.000000</point>
				<point>77.000000,264.000000</point>
				<point>77.000000,258.000000</point>
				<point>92.000000,258.000000</point>
				<point>92.000000,264.000000</point>
			</points>
		</object>
		<object>
			<coordinate>pixel</coordinate>
			<type>rectangle</type>
			<description>None</description>
			<possibleresult>
				<name>Small Car</name>
			</possibleresult>
			<points>
				<point>179.000000,466.000000</point>
				<point>172.000000,466.000000</point>
				<point>172.000000,452.000000</point>
				<point>179.000000,452.000000</point>
				<point>179.000000,466.000000</point>
			</points>
		</object>
		<object>
			<coordinate>pixel</coordinate>
			<type>rectangle</type>
			<description>None</description>
			<possibleresult>
				<name>Van</name>
			</possibleresult>
			<points>
				<point>23.119991,290.160004</point>
				<point>17.999990,294.000031</point>
				<point>11.879991,285.840057</point>
				<point>16.999990,282.000031</point>
				<point>23.119991,290.160004</point>
			</points>
		</object>
		<object>
			<coordinate>pixel</coordinate>
			<type>rectangle</type>
			<description>None</description>
			<possibleresult>
				<name>Van</name>
			</possibleresult>
			<points>
				<point>524.000000,877.000000</point>
				<point>518.000000,877.000000</point>
				<point>518.000000,861.000000</point>
				<point>524.000000,861.000000</point>
				<point>524.000000,877.000000</point>
			</points>
		</object>
		<object>
			<coordinate>pixel</coordinate>
			<type>rectangle</type>
			<description>None</description>
			<possibleresult>
				<name>Van</name>
			</possibleresult>
			<points>
				<point>552.000000,875.000000</point>
				<point>545.000000,875.000000</point>
				<point>545.000000,859.000000</point>
				<point>552.000000,859.000000</point>
				<point>552.000000,875.000000</point>
			</points>
		</object>
		<object>
			<coordinate>pixel</coordinate>
			<type>rectangle</type>
			<description>None</description>
			<possibleresult>
				<name>Van</name>
			</possibleresult>
			<points>
				<point>563.124451,874.664185</point>
				<point>555.999939,876.000000</point>
				<point>552.875427,859.335815</point>
				<point>559.999939,858.000000</point>
				<point>563.124451,874.664185</point>
			</points>
		</object>
		<object>
			<coordinate>pixel</coordinate>
			<type>rectangle</type>
			<description>None</description>
			<possibleresult>
				<name>Van</name>
			</possibleresult>
			<points>
				<point>595.000000,899.000000</point>
				<point>589.000000,899.000000</point>
				<point>589.000000,885.000000</point>
				<point>595.000000,885.000000</point>
				<point>595.000000,899.000000</point>
			</points>
		</object>
		<object>
			<coordinate>pixel</coordinate>
			<type>rectangle</type>
			<description>None</description>
			<possibleresult>
				<name>Small Car</name>
			</possibleresult>
			<points>
				<point>587.000000,918.000061</point>
				<point>579.000000,919.000061</point>
				<point>577.000000,903.000061</point>
				<point>585.000000,902.000061</point>
				<point>587.000000,918.000061</point>
			</points>
		</object>
		<object>
			<coordinate>pixel</coordinate>
			<type>rectangle</type>
			<description>None</description>
			<possibleresult>
				<name>Dump Truck</name>
			</possibleresult>
			<points>
				<point>593.835388,948.258789</point>
				<point>586.000061,950.000000</point>
				<point>582.000061,932.000000</point>
				<point>589.835388,930.258789</point>
				<point>593.835388,948.258789</point>
			</points>
		</object>
		<object>
			<coordinate>pixel</coordinate>
			<type>rectangle</type>
			<description>None</description>
			<possibleresult>
				<name>Small Car</name>
			</possibleresult>
			<points>
				<point>712.000000,949.000000</point>
				<point>704.000000,949.000000</point>
				<point>704.000000,932.000000</point>
				<point>712.000000,932.000000</point>
				<point>712.000000,949.000000</point>
			</points>
		</object>
		<object>
			<coordinate>pixel</coordinate>
			<type>rectangle</type>
			<description>None</description>
			<possibleresult>
				<name>Small Car</name>
			</possibleresult>
			<points>
				<point>567.000000,551.000000</point>
				<point>560.000000,551.000000</point>
				<point>560.000000,536.000000</point>
				<point>567.000000,536.000000</point>
				<point>567.000000,551.000000</point>
			</points>
		</object>
		<object>
			<coordinate>pixel</coordinate>
			<type>rectangle</type>
			<description>None</description>
			<possibleresult>
				<name>Small Car</name>
			</possibleresult>
			<points>
				<point>531.000000,582.000000</point>
				<point>525.000000,582.000000</point>
				<point>525.000000,572.000000</point>
				<point>531.000000,572.000000</point>
				<point>531.000000,582.000000</point>
			</points>
		</object>
		<object>
			<coordinate>pixel</coordinate>
			<type>rectangle</type>
			<description>None</description>
			<possibleresult>
				<name>Small Car</name>
			</possibleresult>
			<points>
				<point>417.000000,470.000000</point>
				<point>410.000000,470.000000</point>
				<point>410.000000,455.000000</point>
				<point>417.000000,455.000000</point>
				<point>417.000000,470.000000</point>
			</points>
		</object>
		<object>
			<coordinate>pixel</coordinate>
			<type>rectangle</type>
			<description>None</description>
			<possibleresult>
				<name>Small Car</name>
			</possibleresult>
			<points>
				<point>427.000000,469.000000</point>
				<point>420.000000,469.000000</point>
				<point>420.000000,455.000000</point>
				<point>427.000000,455.000000</point>
				<point>427.000000,469.000000</point>
			</points>
		</object>
		<object>
			<coordinate>pixel</coordinate>
			<type>rectangle</type>
			<description>None</description>
			<possibleresult>
				<name>Van</name>
			</possibleresult>
			<points>
				<point>377.063751,923.783386</point>
				<point>372.063751,940.783386</point>
				<point>366.000031,938.999939</point>
				<point>371.000031,921.999939</point>
				<point>377.063751,923.783386</point>
			</points>
		</object>
		<object>
			<coordinate>pixel</coordinate>
			<type>rectangle</type>
			<description>None</description>
			<possibleresult>
				<name>Van</name>
			</possibleresult>
			<points>
				<point>401.000092,942.000122</point>
				<point>397.000092,957.000122</point>
				<point>390.900482,955.373535</point>
				<point>394.900482,940.373535</point>
				<point>401.000092,942.000122</point>
			</points>
		</object>
		<object>
			<coordinate>pixel</coordinate>
			<type>rectangle</type>
			<description>None</description>
			<possibleresult>
				<name>Van</name>
			</possibleresult>
			<points>
				<point>410.000000,949.000122</point>
				<point>405.700012,961.900146</point>
				<point>400.000000,960.000122</point>
				<point>404.299988,947.100098</point>
				<point>410.000000,949.000122</point>
			</points>
		</object>
		<object>
			<coordinate>pixel</coordinate>
			<type>rectangle</type>
			<description>None</description>
			<possibleresult>
				<name>Van</name>
			</possibleresult>
			<points>
				<point>368.135101,919.189270</point>
				<point>365.486481,935.081116</point>
				<point>358.351349,933.891907</point>
				<point>360.999969,918.000061</point>
				<point>368.135101,919.189270</point>
			</points>
		</object>
		<object>
			<coordinate>pixel</coordinate>
			<type>rectangle</type>
			<description>None</description>
			<possibleresult>
				<name>Van</name>
			</possibleresult>
			<points>
				<point>376.999939,1000.000000</point>
				<point>375.000000,990.000122</point>
				<point>381.923096,988.615479</point>
				<point>384.000000,999.000122</point>
				<point>376.999939,1000.000000</point>
			</points>
		</object>
		<object>
			<coordinate>pixel</coordinate>
			<type>rectangle</type>
			<description>None</description>
			<possibleresult>
				<name>Small Car</name>
			</possibleresult>
			<points>
				<point>387.000031,1000.000000</point>
				<point>385.000000,988.000000</point>
				<point>392.945923,986.675659</point>
				<point>395.000000,999.000000</point>
				<point>387.000031,1000.000000</point>
			</points>
		</object>
		<object>
			<coordinate>pixel</coordinate>
			<type>rectangle</type>
			<description>None</description>
			<possibleresult>
				<name>Van</name>
			</possibleresult>
			<points>
				<point>445.119995,972.839966</point>
				<point>441.640015,977.479980</point>
				<point>428.520020,967.640015</point>
				<point>432.000000,963.000000</point>
				<point>445.119995,972.839966</point>
			</points>
		</object>
		<object>
			<coordinate>pixel</coordinate>
			<type>rectangle</type>
			<description>None</description>
			<possibleresult>
				<name>Van</name>
			</possibleresult>
			<points>
				<point>471.999939,991.999939</point>
				<point>468.689575,995.724060</point>
				<point>459.689575,987.724060</point>
				<point>462.999939,983.999939</point>
				<point>471.999939,991.999939</point>
			</points>
		</object>
		<object>
			<coordinate>pixel</coordinate>
			<type>rectangle</type>
			<description>None</description>
			<possibleresult>
				<name>Van</name>
			</possibleresult>
			<points>
				<point>500.220673,788.248230</point>
				<point>495.999969,791.999939</point>
				<point>487.779266,782.751648</point>
				<point>491.999969,778.999939</point>
				<point>500.220673,788.248230</point>
			</points>
		</object>
		<object>
			<coordinate>pixel</coordinate>
			<type>rectangle</type>
			<description>None</description>
			<possibleresult>
				<name>Dump Truck</name>
			</possibleresult>
			<points>
				<point>475.000031,875.000000</point>
				<point>471.000031,880.000000</point>
				<point>456.609772,868.487793</point>
				<point>460.609772,863.487793</point>
				<point>475.000031,875.000000</point>
			</points>
		</object>
		<object>
			<coordinate>pixel</coordinate>
			<type>rectangle</type>
			<description>None</description>
			<possibleresult>
				<name>Van</name>
			</possibleresult>
			<points>
				<point>460.416168,872.302734</point>
				<point>456.999969,877.000000</point>
				<point>445.999969,869.000000</point>
				<point>449.416168,864.302734</point>
				<point>460.416168,872.302734</point>
			</points>
		</object>
		<object>
			<coordinate>pixel</coordinate>
			<type>rectangle</type>
			<description>None</description>
			<possibleresult>
				<name>Van</name>
			</possibleresult>
			<points>
				<point>188.000000,582.000000</point>
				<point>173.000000,582.000000</point>
				<point>173.000000,578.000000</point>
				<point>188.000000,578.000000</point>
				<point>188.000000,582.000000</point>
			</points>
		</object>
		<object>
			<coordinate>pixel</coordinate>
			<type>rectangle</type>
			<description>None</description>
			<possibleresult>
				<name>Van</name>
			</possibleresult>
			<points>
				<point>275.000000,35.999992</point>
				<point>260.000000,40.999992</point>
				<point>258.400024,36.199997</point>
				<point>273.400024,31.199997</point>
				<point>275.000000,35.999992</point>
			</points>
		</object>
		<object>
			<coordinate>pixel</coordinate>
			<type>rectangle</type>
			<description>None</description>
			<possibleresult>
				<name>Van</name>
			</possibleresult>
			<points>
				<point>424.041443,28.496552</point>
				<point>418.000061,29.000000</point>
				<point>416.958679,16.503448</point>
				<point>423.000061,16.000000</point>
				<point>424.041443,28.496552</point>
			</points>
		</object>
		<object>
			<coordinate>pixel</coordinate>
			<type>rectangle</type>
			<description>None</description>
			<possibleresult>
				<name>Van</name>
			</possibleresult>
			<points>
				<point>491.364655,20.141184</point>
				<point>473.364655,24.141184</point>
				<point>471.999969,18.000006</point>
				<point>489.999969,14.000006</point>
				<point>491.364655,20.141184</point>
			</points>
		</object>
		<object>
			<coordinate>pixel</coordinate>
			<type>rectangle</type>
			<description>None</description>
			<possibleresult>
				<name>Van</name>
			</possibleresult>
			<points>
				<point>463.015442,19.123077</point>
				<point>455.015442,20.123077</point>
				<point>453.000061,4.000000</point>
				<point>461.000061,3.000000</point>
				<point>463.015442,19.123077</point>
			</points>
		</object>
		<object>
			<coordinate>pixel</coordinate>
			<type>rectangle</type>
			<description>None</description>
			<possibleresult>
				<name>Small Car</name>
			</possibleresult>
			<points>
				<point>491.017456,8.131003</point>
				<point>489.933350,-0.000000</point>
				<point>497.924622,-1.065504</point>
				<point>499.008728,7.065499</point>
				<point>491.017456,8.131003</point>
			</points>
		</object>
		<object>
			<coordinate>pixel</coordinate>
			<type>rectangle</type>
			<description>None</description>
			<possibleresult>
				<name>Small Car</name>
			</possibleresult>
			<points>
				<point>316.000000,225.000015</point>
				<point>308.964600,225.469040</point>
				<point>307.964600,210.469040</point>
				<point>315.000000,210.000015</point>
				<point>316.000000,225.000015</point>
			</points>
		</object>
		<object>
			<coordinate>pixel</coordinate>
			<type>rectangle</type>
			<description>None</description>
			<possibleresult>
				<name>Small Car</name>
			</possibleresult>
			<points>
				<point>208.000000,408.000000</point>
				<point>202.000000,408.000000</point>
				<point>202.000000,394.000000</point>
				<point>208.000000,394.000000</point>
				<point>208.000000,408.000000</point>
			</points>
		</object>
		<object>
			<coordinate>pixel</coordinate>
			<type>rectangle</type>
			<description>None</description>
			<possibleresult>
				<name>Van</name>
			</possibleresult>
			<points>
				<point>640.000000,569.000000</point>
				<point>624.000000,569.000000</point>
				<point>624.000000,563.000000</point>
				<point>640.000000,563.000000</point>
				<point>640.000000,569.000000</point>
			</points>
		</object>
		<object>
			<coordinate>pixel</coordinate>
			<type>rectangle</type>
			<description>None</description>
			<possibleresult>
				<name>Van</name>
			</possibleresult>
			<points>
				<point>640.000000,586.000000</point>
				<point>624.000000,586.000000</point>
				<point>624.000000,581.000000</point>
				<point>640.000000,581.000000</point>
				<point>640.000000,586.000000</point>
			</points>
		</object>
		<object>
			<coordinate>pixel</coordinate>
			<type>rectangle</type>
			<description>None</description>
			<possibleresult>
				<name>Small Car</name>
			</possibleresult>
			<points>
				<point>618.000000,586.000000</point>
				<point>603.000000,586.000000</point>
				<point>603.000000,581.000000</point>
				<point>618.000000,581.000000</point>
				<point>618.000000,586.000000</point>
			</points>
		</object>
		<object>
			<coordinate>pixel</coordinate>
			<type>rectangle</type>
			<description>None</description>
			<possibleresult>
				<name>Small Car</name>
			</possibleresult>
			<points>
				<point>680.000000,625.000000</point>
				<point>663.000000,625.000000</point>
				<point>663.000000,619.000000</point>
				<point>680.000000,619.000000</point>
				<point>680.000000,625.000000</point>
			</points>
		</object>
		<object>
			<coordinate>pixel</coordinate>
			<type>rectangle</type>
			<description>None</description>
			<possibleresult>
				<name>Van</name>
			</possibleresult>
			<points>
				<point>718.035461,123.530998</point>
				<point>711.000061,124.000023</point>
				<point>710.000061,109.000023</point>
				<point>717.035461,108.530998</point>
				<point>718.035461,123.530998</point>
			</points>
		</object>
		<object>
			<coordinate>pixel</coordinate>
			<type>rectangle</type>
			<description>None</description>
			<possibleresult>
				<name>Small Car</name>
			</possibleresult>
			<points>
				<point>728.015381,122.123093</point>
				<point>721.000000,123.000015</point>
				<point>718.984619,106.876938</point>
				<point>726.000000,106.000015</point>
				<point>728.015381,122.123093</point>
			</points>
		</object>
		<object>
			<coordinate>pixel</coordinate>
			<type>rectangle</type>
			<description>None</description>
			<possibleresult>
				<name>Small Car</name>
			</possibleresult>
			<points>
				<point>739.033203,119.124496</point>
				<point>732.000000,121.000015</point>
				<point>727.966797,105.875534</point>
				<point>735.000000,104.000015</point>
				<point>739.033203,119.124496</point>
			</points>
		</object>
		<object>
			<coordinate>pixel</coordinate>
			<type>rectangle</type>
			<description>None</description>
			<possibleresult>
				<name>Small Car</name>
			</possibleresult>
			<points>
				<point>708.999939,124.000008</point>
				<point>701.999939,125.000008</point>
				<point>699.999939,111.000008</point>
				<point>706.999939,110.000008</point>
				<point>708.999939,124.000008</point>
			</points>
		</object>
		<object>
			<coordinate>pixel</coordinate>
			<type>rectangle</type>
			<description>None</description>
			<possibleresult>
				<name>Small Car</name>
			</possibleresult>
			<points>
				<point>699.000000,124.999985</point>
				<point>692.011597,126.075134</point>
				<point>690.000000,112.999985</point>
				<point>696.988403,111.924835</point>
				<point>699.000000,124.999985</point>
			</points>
		</object>
		<object>
			<coordinate>pixel</coordinate>
			<type>rectangle</type>
			<description>None</description>
			<possibleresult>
				<name>Small Car</name>
			</possibleresult>
			<points>
				<point>689.000000,127.999985</point>
				<point>682.000000,128.999985</point>
				<point>680.000000,114.999985</point>
				<point>687.000000,113.999985</point>
				<point>689.000000,127.999985</point>
			</points>
		</object>
		<object>
			<coordinate>pixel</coordinate>
			<type>rectangle</type>
			<description>None</description>
			<possibleresult>
				<name>Small Car</name>
			</possibleresult>
			<points>
				<point>647.034485,133.413788</point>
				<point>640.000061,134.000015</point>
				<point>638.965637,121.586220</point>
				<point>646.000061,121.000000</point>
				<point>647.034485,133.413788</point>
			</points>
		</object>
		<object>
			<coordinate>pixel</coordinate>
			<type>rectangle</type>
			<description>None</description>
			<possibleresult>
				<name>Van</name>
			</possibleresult>
			<points>
				<point>637.008789,135.065521</point>
				<point>630.000000,136.000015</point>
				<point>627.991211,120.934509</point>
				<point>635.000000,120.000015</point>
				<point>637.008789,135.065521</point>
			</points>
		</object>
		<object>
			<coordinate>pixel</coordinate>
			<type>rectangle</type>
			<description>None</description>
			<possibleresult>
				<name>Van</name>
			</possibleresult>
			<points>
				<point>623.999878,137.000000</point>
				<point>616.999878,138.000000</point>
				<point>614.999878,124.000000</point>
				<point>621.999878,123.000000</point>
				<point>623.999878,137.000000</point>
			</points>
		</object>
		<object>
			<coordinate>pixel</coordinate>
			<type>rectangle</type>
			<description>None</description>
			<possibleresult>
				<name>Small Car</name>
			</possibleresult>
			<points>
				<point>668.000061,130.000000</point>
				<point>662.000061,131.000000</point>
				<point>660.000061,118.999992</point>
				<point>666.000061,117.999985</point>
				<point>668.000061,130.000000</point>
			</points>
		</object>
		<object>
			<coordinate>pixel</coordinate>
			<type>rectangle</type>
			<description>None</description>
			<possibleresult>
				<name>Small Car</name>
			</possibleresult>
			<points>
				<point>782.859924,265.019958</point>
				<point>775.859924,266.019989</point>
				<point>773.999939,252.999985</point>
				<point>780.999939,251.999969</point>
				<point>782.859924,265.019958</point>
			</points>
		</object>
		<object>
			<coordinate>pixel</coordinate>
			<type>rectangle</type>
			<description>None</description>
			<possibleresult>
				<name>Van</name>
			</possibleresult>
			<points>
				<point>854.000000,398.999969</point>
				<point>848.138672,399.901703</point>
				<point>846.138672,386.901703</point>
				<point>852.000000,385.999969</point>
				<point>854.000000,398.999969</point>
			</points>
		</object>
		<object>
			<coordinate>pixel</coordinate>
			<type>rectangle</type>
			<description>None</description>
			<possibleresult>
				<name>Van</name>
			</possibleresult>
			<points>
				<point>692.000000,693.000000</point>
				<point>685.000000,693.000000</point>
				<point>685.000000,680.000000</point>
				<point>692.000000,680.000000</point>
				<point>692.000000,693.000000</point>
			</points>
		</object>
		<object>
			<coordinate>pixel</coordinate>
			<type>rectangle</type>
			<description>None</description>
			<possibleresult>
				<name>Van</name>
			</possibleresult>
			<points>
				<point>683.000000,700.000000</point>
				<point>676.000000,700.000000</point>
				<point>676.000000,687.000000</point>
				<point>683.000000,687.000000</point>
				<point>683.000000,700.000000</point>
			</points>
		</object>
		<object>
			<coordinate>pixel</coordinate>
			<type>rectangle</type>
			<description>None</description>
			<possibleresult>
				<name>Van</name>
			</possibleresult>
			<points>
				<point>777.041077,987.535217</point>
				<point>770.999939,987.999939</point>
				<point>769.958801,974.464661</point>
				<point>775.999939,973.999939</point>
				<point>777.041077,987.535217</point>
			</points>
		</object>
		<object>
			<coordinate>pixel</coordinate>
			<type>rectangle</type>
			<description>None</description>
			<possibleresult>
				<name>Van</name>
			</possibleresult>
			<points>
				<point>753.020020,991.139893</point>
				<point>747.000000,991.999878</point>
				<point>744.979980,977.859863</point>
				<point>751.000000,976.999878</point>
				<point>753.020020,991.139893</point>
			</points>
		</object>
		<object>
			<coordinate>pixel</coordinate>
			<type>rectangle</type>
			<description>None</description>
			<possibleresult>
				<name>Van</name>
			</possibleresult>
			<points>
				<point>714.000000,992.000000</point>
				<point>707.000000,993.000000</point>
				<point>705.000000,979.000000</point>
				<point>712.000000,978.000000</point>
				<point>714.000000,992.000000</point>
			</points>
		</object>
		<object>
			<coordinate>pixel</coordinate>
			<type>rectangle</type>
			<description>None</description>
			<possibleresult>
				<name>Small Car</name>
			</possibleresult>
			<points>
				<point>694.039551,998.396118</point>
				<point>688.000000,999.000122</point>
				<point>686.960449,988.604126</point>
				<point>693.000000,988.000122</point>
				<point>694.039551,998.396118</point>
			</points>
		</object>
		<object>
			<coordinate>pixel</coordinate>
			<type>rectangle</type>
			<description>None</description>
			<possibleresult>
				<name>Van</name>
			</possibleresult>
			<points>
				<point>821.030884,951.246155</point>
				<point>815.000122,952.000061</point>
				<point>812.969360,935.753967</point>
				<point>819.000122,935.000061</point>
				<point>821.030884,951.246155</point>
			</points>
		</object>
		<object>
			<coordinate>pixel</coordinate>
			<type>rectangle</type>
			<description>None</description>
			<possibleresult>
				<name>Van</name>
			</possibleresult>
			<points>
				<point>810.008850,951.065674</point>
				<point>803.000061,952.000122</point>
				<point>800.991272,936.934570</point>
				<point>808.000061,936.000122</point>
				<point>810.008850,951.065674</point>
			</points>
		</object>
		<object>
			<coordinate>pixel</coordinate>
			<type>rectangle</type>
			<description>None</description>
			<possibleresult>
				<name>Van</name>
			</possibleresult>
			<points>
				<point>845.019958,949.139954</point>
				<point>838.999939,949.999939</point>
				<point>836.979919,935.859924</point>
				<point>842.999939,934.999939</point>
				<point>845.019958,949.139954</point>
			</points>
		</object>
		<object>
			<coordinate>pixel</coordinate>
			<type>rectangle</type>
			<description>None</description>
			<possibleresult>
				<name>Small Car</name>
			</possibleresult>
			<points>
				<point>937.810791,805.864868</point>
				<point>931.810791,806.864868</point>
				<point>930.000000,796.000000</point>
				<point>936.000000,795.000000</point>
				<point>937.810791,805.864868</point>
			</points>
		</object>
		<object>
			<coordinate>pixel</coordinate>
			<type>rectangle</type>
			<description>None</description>
			<possibleresult>
				<name>Small Car</name>
			</possibleresult>
			<points>
				<point>927.041077,806.450928</point>
				<point>921.000061,807.000122</point>
				<point>919.959045,795.549316</point>
				<point>926.000061,795.000122</point>
				<point>927.041077,806.450928</point>
			</points>
		</object>
		<object>
			<coordinate>pixel</coordinate>
			<type>rectangle</type>
			<description>None</description>
			<possibleresult>
				<name>Small Car</name>
			</possibleresult>
			<points>
				<point>910.041077,808.450867</point>
				<point>904.000061,809.000061</point>
				<point>902.959045,797.549255</point>
				<point>909.000061,797.000061</point>
				<point>910.041077,808.450867</point>
			</points>
		</object>
		<object>
			<coordinate>pixel</coordinate>
			<type>rectangle</type>
			<description>None</description>
			<possibleresult>
				<name>Van</name>
			</possibleresult>
			<points>
				<point>837.000000,820.000000</point>
				<point>830.000000,820.000000</point>
				<point>830.000000,805.000000</point>
				<point>837.000000,805.000000</point>
				<point>837.000000,820.000000</point>
			</points>
		</object>
		<object>
			<coordinate>pixel</coordinate>
			<type>rectangle</type>
			<description>None</description>
			<possibleresult>
				<name>Small Car</name>
			</possibleresult>
			<points>
				<point>867.810791,637.864868</point>
				<point>861.810791,638.864868</point>
				<point>860.000000,628.000000</point>
				<point>866.000000,627.000000</point>
				<point>867.810791,637.864868</point>
			</points>
		</object>
		<object>
			<coordinate>pixel</coordinate>
			<type>rectangle</type>
			<description>None</description>
			<possibleresult>
				<name>Small Car</name>
			</possibleresult>
			<points>
				<point>648.015442,450.123077</point>
				<point>641.000061,451.000031</point>
				<point>638.984680,434.876984</point>
				<point>646.000061,434.000031</point>
				<point>648.015442,450.123077</point>
			</points>
		</object>
		<object>
			<coordinate>pixel</coordinate>
			<type>rectangle</type>
			<description>None</description>
			<possibleresult>
				<name>Van</name>
			</possibleresult>
			<points>
				<point>575.143250,358.487244</point>
				<point>569.999939,360.000000</point>
				<point>564.999939,343.000000</point>
				<point>570.143250,341.487244</point>
				<point>575.143250,358.487244</point>
			</points>
		</object>
		<object>
			<coordinate>pixel</coordinate>
			<type>rectangle</type>
			<description>None</description>
			<possibleresult>
				<name>Small Car</name>
			</possibleresult>
			<points>
				<point>779.008850,236.065506</point>
				<point>772.000061,237.000015</point>
				<point>769.991272,221.934525</point>
				<point>777.000061,221.000015</point>
				<point>779.008850,236.065506</point>
			</points>
		</object>
		<object>
			<coordinate>pixel</coordinate>
			<type>rectangle</type>
			<description>None</description>
			<possibleresult>
				<name>Small Car</name>
			</possibleresult>
			<points>
				<point>797.999878,233.999969</point>
				<point>790.999878,234.999969</point>
				<point>788.999878,220.999969</point>
				<point>795.999878,219.999969</point>
				<point>797.999878,233.999969</point>
			</points>
		</object>
		<object>
			<coordinate>pixel</coordinate>
			<type>rectangle</type>
			<description>None</description>
			<possibleresult>
				<name>Small Car</name>
			</possibleresult>
			<points>
				<point>613.000061,108.000015</point>
				<point>605.000061,109.000015</point>
				<point>603.000061,93.000015</point>
				<point>611.000061,92.000015</point>
				<point>613.000061,108.000015</point>
			</points>
		</object>
		<object>
			<coordinate>pixel</coordinate>
			<type>rectangle</type>
			<description>None</description>
			<possibleresult>
				<name>Small Car</name>
			</possibleresult>
			<points>
				<point>639.000061,104.000008</point>
				<point>630.015442,105.123085</point>
				<point>628.000061,89.000008</point>
				<point>636.984680,87.876930</point>
				<point>639.000061,104.000008</point>
			</points>
		</object>
		<object>
			<coordinate>pixel</coordinate>
			<type>rectangle</type>
			<description>None</description>
			<possibleresult>
				<name>Small Car</name>
			</possibleresult>
			<points>
				<point>649.008789,102.065498</point>
				<point>642.000000,102.999992</point>
				<point>639.991211,87.934486</point>
				<point>647.000000,86.999992</point>
				<point>649.008789,102.065498</point>
			</points>
		</object>
		<object>
			<coordinate>pixel</coordinate>
			<type>rectangle</type>
			<description>None</description>
			<possibleresult>
				<name>Small Car</name>
			</possibleresult>
			<points>
				<point>658.999939,100.999992</point>
				<point>651.019958,102.139992</point>
				<point>648.999939,87.999992</point>
				<point>656.979919,86.859993</point>
				<point>658.999939,100.999992</point>
			</points>
		</object>
		<object>
			<coordinate>pixel</coordinate>
			<type>rectangle</type>
			<description>None</description>
			<possibleresult>
				<name>Small Car</name>
			</possibleresult>
			<points>
				<point>670.123108,99.984627</point>
				<point>662.123108,100.984627</point>
				<point>660.000061,84.000008</point>
				<point>668.000061,83.000008</point>
				<point>670.123108,99.984627</point>
			</points>
		</object>
		<object>
			<coordinate>pixel</coordinate>
			<type>rectangle</type>
			<description>None</description>
			<possibleresult>
				<name>Small Car</name>
			</possibleresult>
			<points>
				<point>698.000000,92.999992</point>
				<point>690.008789,94.065498</point>
				<point>688.000000,78.999992</point>
				<point>695.991211,77.934486</point>
				<point>698.000000,92.999992</point>
			</points>
		</object>
		<object>
			<coordinate>pixel</coordinate>
			<type>rectangle</type>
			<description>None</description>
			<possibleresult>
				<name>Small Car</name>
			</possibleresult>
			<points>
				<point>717.738403,89.907707</point>
				<point>709.738403,90.907707</point>
				<point>708.000000,77.000008</point>
				<point>716.000000,76.000008</point>
				<point>717.738403,89.907707</point>
			</points>
		</object>
		<object>
			<coordinate>pixel</coordinate>
			<type>rectangle</type>
			<description>None</description>
			<possibleresult>
				<name>Dump Truck</name>
			</possibleresult>
			<points>
				<point>737.000000,87.000000</point>
				<point>729.000000,88.000000</point>
				<point>727.000000,72.000000</point>
				<point>735.000000,71.000000</point>
				<point>737.000000,87.000000</point>
			</points>
		</object>
		<object>
			<coordinate>pixel</coordinate>
			<type>rectangle</type>
			<description>None</description>
			<possibleresult>
				<name>Van</name>
			</possibleresult>
			<points>
				<point>822.336365,730.955872</point>
				<point>822.000061,736.000061</point>
				<point>807.000061,735.000061</point>
				<point>807.336365,729.955872</point>
				<point>822.336365,730.955872</point>
			</points>
		</object>
		<object>
			<coordinate>pixel</coordinate>
			<type>rectangle</type>
			<description>None</description>
			<possibleresult>
				<name>Small Car</name>
			</possibleresult>
			<points>
				<point>906.999939,937.999939</point>
				<point>899.999939,938.999939</point>
				<point>898.139954,925.979919</point>
				<point>905.139954,924.979919</point>
				<point>906.999939,937.999939</point>
			</points>
		</object>
		<object>
			<coordinate>pixel</coordinate>
			<type>rectangle</type>
			<description>None</description>
			<possibleresult>
				<name>Van</name>
			</possibleresult>
			<points>
				<point>929.000061,938.000000</point>
				<point>921.965027,938.439697</point>
				<point>920.965027,922.439697</point>
				<point>928.000061,922.000000</point>
				<point>929.000061,938.000000</point>
			</points>
		</object>
		<object>
			<coordinate>pixel</coordinate>
			<type>rectangle</type>
			<description>None</description>
			<possibleresult>
				<name>Small Car</name>
			</possibleresult>
			<points>
				<point>798.041382,956.496704</point>
				<point>792.000000,957.000122</point>
				<point>790.958618,944.503540</point>
				<point>797.000000,944.000122</point>
				<point>798.041382,956.496704</point>
			</points>
		</object>
		<object>
			<coordinate>pixel</coordinate>
			<type>rectangle</type>
			<description>None</description>
			<possibleresult>
				<name>Small Car</name>
			</possibleresult>
			<points>
				<point>829.000000,982.000000</point>
				<point>821.000000,982.000000</point>
				<point>821.000000,978.000000</point>
				<point>829.000000,978.000000</point>
				<point>829.000000,982.000000</point>
			</points>
		</object>
		<object>
			<coordinate>pixel</coordinate>
			<type>rectangle</type>
			<description>None</description>
			<possibleresult>
				<name>Small Car</name>
			</possibleresult>
			<points>
				<point>831.000000,997.000000</point>
				<point>823.000000,997.000000</point>
				<point>823.000000,993.000000</point>
				<point>831.000000,993.000000</point>
				<point>831.000000,997.000000</point>
			</points>
		</object>
		<object>
			<coordinate>pixel</coordinate>
			<type>rectangle</type>
			<description>None</description>
			<possibleresult>
				<name>Small Car</name>
			</possibleresult>
			<points>
				<point>659.402771,971.039978</point>
				<point>644.402771,972.039978</point>
				<point>644.000061,966.000183</point>
				<point>659.000061,965.000183</point>
				<point>659.402771,971.039978</point>
			</points>
		</object>
		<object>
			<coordinate>pixel</coordinate>
			<type>rectangle</type>
			<description>None</description>
			<possibleresult>
				<name>Van</name>
			</possibleresult>
			<points>
				<point>661.000000,952.000122</point>
				<point>656.271484,956.298706</point>
				<point>646.271484,945.298706</point>
				<point>651.000000,941.000122</point>
				<point>661.000000,952.000122</point>
			</points>
		</object>
		<object>
			<coordinate>pixel</coordinate>
			<type>rectangle</type>
			<description>None</description>
			<possibleresult>
				<name>Small Car</name>
			</possibleresult>
			<points>
				<point>670.000061,948.000122</point>
				<point>665.000061,953.000122</point>
				<point>652.500061,940.500122</point>
				<point>657.500061,935.500122</point>
				<point>670.000061,948.000122</point>
			</points>
		</object>
		<object>
			<coordinate>pixel</coordinate>
			<type>rectangle</type>
			<description>None</description>
			<possibleresult>
				<name>Small Car</name>
			</possibleresult>
			<points>
				<point>970.000122,378.000061</point>
				<point>954.336426,379.044312</point>
				<point>954.000122,374.000061</point>
				<point>969.663818,372.955811</point>
				<point>970.000122,378.000061</point>
			</points>
		</object>
		<object>
			<coordinate>pixel</coordinate>
			<type>rectangle</type>
			<description>None</description>
			<possibleresult>
				<name>Van</name>
			</possibleresult>
			<points>
				<point>965.999939,360.999969</point>
				<point>947.670715,363.036530</point>
				<point>946.999939,356.999969</point>
				<point>965.329163,354.963409</point>
				<point>965.999939,360.999969</point>
			</points>
		</object>
		<object>
			<coordinate>pixel</coordinate>
			<type>rectangle</type>
			<description>None</description>
			<possibleresult>
				<name>Van</name>
			</possibleresult>
			<points>
				<point>992.192261,365.961548</point>
				<point>991.000000,360.000000</point>
				<point>1000.000000,358.200012</point>
				<point>1001.192261,364.161560</point>
				<point>992.192261,365.961548</point>
			</points>
		</object>
		<object>
			<coordinate>pixel</coordinate>
			<type>rectangle</type>
			<description>None</description>
			<possibleresult>
				<name>Van</name>
			</possibleresult>
			<points>
				<point>994.803589,374.026215</point>
				<point>994.000122,368.000031</point>
				<point>1000.000122,367.200043</point>
				<point>1000.803589,373.226227</point>
				<point>994.803589,374.026215</point>
			</points>
		</object>
		<object>
			<coordinate>pixel</coordinate>
			<type>rectangle</type>
			<description>None</description>
			<possibleresult>
				<name>Small Car</name>
			</possibleresult>
			<points>
				<point>231.120010,820.159973</point>
				<point>226.000015,823.999939</point>
				<point>216.880020,811.839905</point>
				<point>222.000015,807.999939</point>
				<point>231.120010,820.159973</point>
			</points>
		</object>
		<object>
			<coordinate>pixel</coordinate>
			<type>rectangle</type>
			<description>None</description>
			<possibleresult>
				<name>Small Car</name>
			</possibleresult>
			<points>
				<point>236.000000,767.000000</point>
				<point>229.102203,770.218994</point>
				<point>222.000000,755.000000</point>
				<point>228.897797,751.781006</point>
				<point>236.000000,767.000000</point>
			</points>
		</object>
		<object>
			<coordinate>pixel</coordinate>
			<type>rectangle</type>
			<description>None</description>
			<possibleresult>
				<name>Van</name>
			</possibleresult>
			<points>
				<point>17.048346,589.037231</point>
				<point>14.000019,593.000000</point>
				<point>0.951691,582.962769</point>
				<point>4.000017,579.000000</point>
				<point>17.048346,589.037231</point>
			</points>
		</object>
		<object>
			<coordinate>pixel</coordinate>
			<type>rectangle</type>
			<description>None</description>
			<possibleresult>
				<name>Van</name>
			</possibleresult>
			<points>
				<point>109.000000,647.000000</point>
				<point>105.000000,652.000000</point>
				<point>90.000000,640.000000</point>
				<point>94.000000,635.000000</point>
				<point>109.000000,647.000000</point>
			</points>
		</object>
		<object>
			<coordinate>pixel</coordinate>
			<type>rectangle</type>
			<description>None</description>
			<possibleresult>
				<name>Van</name>
			</possibleresult>
			<points>
				<point>150.000031,678.000000</point>
				<point>145.121979,684.097534</point>
				<point>130.000031,672.000000</point>
				<point>134.878082,665.902466</point>
				<point>150.000031,678.000000</point>
			</points>
		</object>
		<object>
			<coordinate>pixel</coordinate>
			<type>rectangle</type>
			<description>None</description>
			<possibleresult>
				<name>Cargo Truck</name>
			</possibleresult>
			<points>
				<point>486.690125,935.748779</point>
				<point>479.999939,944.000000</point>
				<point>442.999939,914.000000</point>
				<point>449.690125,905.748779</point>
				<point>486.690125,935.748779</point>
			</points>
		</object>
		<object>
			<coordinate>pixel</coordinate>
			<type>rectangle</type>
			<description>None</description>
			<possibleresult>
				<name>Van</name>
			</possibleresult>
			<points>
				<point>429.378357,914.270264</point>
				<point>426.000000,919.000000</point>
				<point>412.000000,909.000000</point>
				<point>415.378357,904.270264</point>
				<point>429.378357,914.270264</point>
			</points>
		</object>
		<object>
			<coordinate>pixel</coordinate>
			<type>rectangle</type>
			<description>None</description>
			<possibleresult>
				<name>Van</name>
			</possibleresult>
			<points>
				<point>408.000000,900.000000</point>
				<point>404.381958,905.262573</point>
				<point>388.000000,894.000000</point>
				<point>391.618042,888.737427</point>
				<point>408.000000,900.000000</point>
			</points>
		</object>
		<object>
			<coordinate>pixel</coordinate>
			<type>rectangle</type>
			<description>None</description>
			<possibleresult>
				<name>Small Car</name>
			</possibleresult>
			<points>
				<point>381.999969,882.000000</point>
				<point>379.142426,887.080078</point>
				<point>362.999969,878.000000</point>
				<point>365.857513,872.919922</point>
				<point>381.999969,882.000000</point>
			</points>
		</object>
		<object>
			<coordinate>pixel</coordinate>
			<type>rectangle</type>
			<description>None</description>
			<possibleresult>
				<name>Van</name>
			</possibleresult>
			<points>
				<point>319.070984,852.029480</point>
				<point>317.000000,856.999939</point>
				<point>304.929016,851.970398</point>
				<point>307.000000,846.999939</point>
				<point>319.070984,852.029480</point>
			</points>
		</object>
		<object>
			<coordinate>pixel</coordinate>
			<type>rectangle</type>
			<description>None</description>
			<possibleresult>
				<name>Van</name>
			</possibleresult>
			<points>
				<point>354.547363,865.813599</point>
				<point>352.000000,872.000000</point>
				<point>335.000000,865.000000</point>
				<point>337.547363,858.813599</point>
				<point>354.547363,865.813599</point>
			</points>
		</object>
		<object>
			<coordinate>pixel</coordinate>
			<type>rectangle</type>
			<description>None</description>
			<possibleresult>
				<name>Van</name>
			</possibleresult>
			<points>
				<point>281.092865,838.809082</point>
				<point>280.000031,844.000122</point>
				<point>261.000031,840.000122</point>
				<point>262.092865,834.809082</point>
				<point>281.092865,838.809082</point>
			</points>
		</object>
		<object>
			<coordinate>pixel</coordinate>
			<type>rectangle</type>
			<description>None</description>
			<possibleresult>
				<name>Bus</name>
			</possibleresult>
			<points>
				<point>122.000000,809.000000</point>
				<point>79.000000,809.000000</point>
				<point>79.000000,799.000000</point>
				<point>122.000000,799.000000</point>
				<point>122.000000,809.000000</point>
			</points>
		</object>
		<object>
			<coordinate>pixel</coordinate>
			<type>rectangle</type>
			<description>None</description>
			<possibleresult>
				<name>Van</name>
			</possibleresult>
			<points>
				<point>369.000000,970.000000</point>
				<point>350.000000,970.000000</point>
				<point>350.000000,964.000000</point>
				<point>369.000000,964.000000</point>
				<point>369.000000,970.000000</point>
			</points>
		</object>
	</objects>
</annotation>