<?xml version="1.0" encoding="utf-8"?>
<annotation>
	<source>
		<filename>1342.tif</filename>
		<origin>GF2/GF3</origin>
	</source>
	<research>
		<version>1.0</version>
		<provider>FAIR1M</provider>
		<author>Cyber</author>
		<pluginname>FAIR1M</pluginname>
		<pluginclass>object detection</pluginclass>
		<time>2021-03</time>
	</research>
	<size>
		<width>1000</width>
		<height>1000</height>
		<depth>3</depth>
	</size>
	<objects>
		<object>
			<coordinate>pixel</coordinate>
			<type>rectangle</type>
			<description>None</description>
			<possibleresult>
				<name>Van</name>
			</possibleresult>
			<points>
				<point>80.000000,987.000000</point>
				<point>55.000000,987.000000</point>
				<point>55.000000,978.000000</point>
				<point>80.000000,978.000000</point>
				<point>80.000000,987.000000</point>
			</points>
		</object>
		<object>
			<coordinate>pixel</coordinate>
			<type>rectangle</type>
			<description>None</description>
			<possibleresult>
				<name>Van</name>
			</possibleresult>
			<points>
				<point>49.000000,980.000000</point>
				<point>48.650944,988.028320</point>
				<point>25.650946,987.028320</point>
				<point>26.000004,979.000000</point>
				<point>49.000000,980.000000</point>
			</points>
		</object>
		<object>
			<coordinate>pixel</coordinate>
			<type>rectangle</type>
			<description>None</description>
			<possibleresult>
				<name>Small Car</name>
			</possibleresult>
			<points>
				<point>44.000000,962.000000</point>
				<point>21.000000,962.000000</point>
				<point>21.000000,954.000000</point>
				<point>44.000000,954.000000</point>
				<point>44.000000,962.000000</point>
			</points>
		</object>
		<object>
			<coordinate>pixel</coordinate>
			<type>rectangle</type>
			<description>None</description>
			<possibleresult>
				<name>Small Car</name>
			</possibleresult>
			<points>
				<point>146.000000,964.000000</point>
				<point>124.000000,964.000000</point>
				<point>124.000000,955.000000</point>
				<point>146.000000,955.000000</point>
				<point>146.000000,964.000000</point>
			</points>
		</object>
		<object>
			<coordinate>pixel</coordinate>
			<type>rectangle</type>
			<description>None</description>
			<possibleresult>
				<name>Dump Truck</name>
			</possibleresult>
			<points>
				<point>434.000000,831.000000</point>
				<point>409.000000,831.000000</point>
				<point>409.000000,822.000000</point>
				<point>434.000000,822.000000</point>
				<point>434.000000,831.000000</point>
			</points>
		</object>
		<object>
			<coordinate>pixel</coordinate>
			<type>rectangle</type>
			<description>None</description>
			<possibleresult>
				<name>Small Car</name>
			</possibleresult>
			<points>
				<point>135.000000,687.000000</point>
				<point>114.000000,687.000000</point>
				<point>114.000000,677.000000</point>
				<point>135.000000,677.000000</point>
				<point>135.000000,687.000000</point>
			</points>
		</object>
		<object>
			<coordinate>pixel</coordinate>
			<type>rectangle</type>
			<description>None</description>
			<possibleresult>
				<name>Small Car</name>
			</possibleresult>
			<points>
				<point>284.000000,688.000000</point>
				<point>261.000000,688.000000</point>
				<point>261.000000,680.000000</point>
				<point>284.000000,680.000000</point>
				<point>284.000000,688.000000</point>
			</points>
		</object>
		<object>
			<coordinate>pixel</coordinate>
			<type>rectangle</type>
			<description>None</description>
			<possibleresult>
				<name>Van</name>
			</possibleresult>
			<points>
				<point>161.000000,642.000000</point>
				<point>150.000000,642.000000</point>
				<point>150.000000,622.000000</point>
				<point>161.000000,622.000000</point>
				<point>161.000000,642.000000</point>
			</points>
		</object>
		<object>
			<coordinate>pixel</coordinate>
			<type>rectangle</type>
			<description>None</description>
			<possibleresult>
				<name>Van</name>
			</possibleresult>
			<points>
				<point>177.000000,648.000000</point>
				<point>167.000000,648.000000</point>
				<point>167.000000,626.000000</point>
				<point>177.000000,626.000000</point>
				<point>177.000000,648.000000</point>
			</points>
		</object>
		<object>
			<coordinate>pixel</coordinate>
			<type>rectangle</type>
			<description>None</description>
			<possibleresult>
				<name>Small Car</name>
			</possibleresult>
			<points>
				<point>214.027679,626.501648</point>
				<point>213.027679,644.501648</point>
				<point>204.000000,644.000061</point>
				<point>205.000000,626.000061</point>
				<point>214.027679,626.501648</point>
			</points>
		</object>
		<object>
			<coordinate>pixel</coordinate>
			<type>rectangle</type>
			<description>None</description>
			<possibleresult>
				<name>Van</name>
			</possibleresult>
			<points>
				<point>15.000000,655.000000</point>
				<point>6.000000,655.000000</point>
				<point>6.000000,639.000000</point>
				<point>15.000000,639.000000</point>
				<point>15.000000,655.000000</point>
			</points>
		</object>
		<object>
			<coordinate>pixel</coordinate>
			<type>rectangle</type>
			<description>None</description>
			<possibleresult>
				<name>Small Car</name>
			</possibleresult>
			<points>
				<point>422.000000,571.000000</point>
				<point>397.000000,571.000000</point>
				<point>397.000000,561.000000</point>
				<point>422.000000,561.000000</point>
				<point>422.000000,571.000000</point>
			</points>
		</object>
		<object>
			<coordinate>pixel</coordinate>
			<type>rectangle</type>
			<description>None</description>
			<possibleresult>
				<name>Van</name>
			</possibleresult>
			<points>
				<point>468.000000,530.000000</point>
				<point>456.000000,530.000000</point>
				<point>456.000000,511.000000</point>
				<point>468.000000,511.000000</point>
				<point>468.000000,530.000000</point>
			</points>
		</object>
		<object>
			<coordinate>pixel</coordinate>
			<type>rectangle</type>
			<description>None</description>
			<possibleresult>
				<name>Van</name>
			</possibleresult>
			<points>
				<point>503.000000,489.000000</point>
				<point>501.965515,506.586182</point>
				<point>492.000000,506.000000</point>
				<point>493.034485,488.413818</point>
				<point>503.000000,489.000000</point>
			</points>
		</object>
		<object>
			<coordinate>pixel</coordinate>
			<type>rectangle</type>
			<description>None</description>
			<possibleresult>
				<name>Dump Truck</name>
			</possibleresult>
			<points>
				<point>503.000061,469.000031</point>
				<point>494.000061,482.000031</point>
				<point>485.108093,475.844025</point>
				<point>494.108093,462.844025</point>
				<point>503.000061,469.000031</point>
			</points>
		</object>
		<object>
			<coordinate>pixel</coordinate>
			<type>rectangle</type>
			<description>None</description>
			<possibleresult>
				<name>Small Car</name>
			</possibleresult>
			<points>
				<point>361.000000,478.000000</point>
				<point>340.000000,478.000000</point>
				<point>340.000000,469.000000</point>
				<point>361.000000,469.000000</point>
				<point>361.000000,478.000000</point>
			</points>
		</object>
		<object>
			<coordinate>pixel</coordinate>
			<type>rectangle</type>
			<description>None</description>
			<possibleresult>
				<name>Small Car</name>
			</possibleresult>
			<points>
				<point>467.000000,335.000000</point>
				<point>457.000000,335.000000</point>
				<point>457.000000,314.000000</point>
				<point>467.000000,314.000000</point>
				<point>467.000000,335.000000</point>
			</points>
		</object>
		<object>
			<coordinate>pixel</coordinate>
			<type>rectangle</type>
			<description>None</description>
			<possibleresult>
				<name>Small Car</name>
			</possibleresult>
			<points>
				<point>132.714737,357.338745</point>
				<point>116.714737,376.338745</point>
				<point>107.999985,369.000000</point>
				<point>123.999985,350.000000</point>
				<point>132.714737,357.338745</point>
			</points>
		</object>
		<object>
			<coordinate>pixel</coordinate>
			<type>rectangle</type>
			<description>None</description>
			<possibleresult>
				<name>Small Car</name>
			</possibleresult>
			<points>
				<point>468.000000,225.000000</point>
				<point>459.000000,225.000000</point>
				<point>459.000000,207.000000</point>
				<point>468.000000,207.000000</point>
				<point>468.000000,225.000000</point>
			</points>
		</object>
		<object>
			<coordinate>pixel</coordinate>
			<type>rectangle</type>
			<description>None</description>
			<possibleresult>
				<name>Van</name>
			</possibleresult>
			<points>
				<point>545.140015,226.019974</point>
				<point>544.000000,233.999985</point>
				<point>522.859985,230.979996</point>
				<point>524.000000,222.999985</point>
				<point>545.140015,226.019974</point>
			</points>
		</object>
		<object>
			<coordinate>pixel</coordinate>
			<type>rectangle</type>
			<description>None</description>
			<possibleresult>
				<name>Van</name>
			</possibleresult>
			<points>
				<point>239.000000,73.000000</point>
				<point>229.000000,73.000000</point>
				<point>229.000000,57.000000</point>
				<point>239.000000,57.000000</point>
				<point>239.000000,73.000000</point>
			</points>
		</object>
		<object>
			<coordinate>pixel</coordinate>
			<type>rectangle</type>
			<description>None</description>
			<possibleresult>
				<name>Small Car</name>
			</possibleresult>
			<points>
				<point>125.321083,6.972843</point>
				<point>124.999992,15.000000</point>
				<point>99.999992,14.000000</point>
				<point>100.321083,5.972843</point>
				<point>125.321083,6.972843</point>
			</points>
		</object>
		<object>
			<coordinate>pixel</coordinate>
			<type>rectangle</type>
			<description>None</description>
			<possibleresult>
				<name>Small Car</name>
			</possibleresult>
			<points>
				<point>103.000000,23.000000</point>
				<point>96.000000,23.000000</point>
				<point>96.000000,12.000000</point>
				<point>103.000000,12.000000</point>
				<point>103.000000,23.000000</point>
			</points>
		</object>
		<object>
			<coordinate>pixel</coordinate>
			<type>rectangle</type>
			<description>None</description>
			<possibleresult>
				<name>Van</name>
			</possibleresult>
			<points>
				<point>563.000000,43.000000</point>
				<point>541.000000,43.000000</point>
				<point>541.000000,34.000000</point>
				<point>563.000000,34.000000</point>
				<point>563.000000,43.000000</point>
			</points>
		</object>
		<object>
			<coordinate>pixel</coordinate>
			<type>rectangle</type>
			<description>None</description>
			<possibleresult>
				<name>Small Car</name>
			</possibleresult>
			<points>
				<point>768.000000,101.000000</point>
				<point>747.000000,101.000000</point>
				<point>747.000000,93.000000</point>
				<point>768.000000,93.000000</point>
				<point>768.000000,101.000000</point>
			</points>
		</object>
		<object>
			<coordinate>pixel</coordinate>
			<type>rectangle</type>
			<description>None</description>
			<possibleresult>
				<name>Small Car</name>
			</possibleresult>
			<points>
				<point>801.999939,94.000000</point>
				<point>801.638977,103.025558</point>
				<point>775.999939,102.000000</point>
				<point>776.360901,92.974442</point>
				<point>801.999939,94.000000</point>
			</points>
		</object>
		<object>
			<coordinate>pixel</coordinate>
			<type>rectangle</type>
			<description>None</description>
			<possibleresult>
				<name>Small Car</name>
			</possibleresult>
			<points>
				<point>914.000000,127.000000</point>
				<point>894.000000,127.000000</point>
				<point>894.000000,119.000000</point>
				<point>914.000000,119.000000</point>
				<point>914.000000,127.000000</point>
			</points>
		</object>
		<object>
			<coordinate>pixel</coordinate>
			<type>rectangle</type>
			<description>None</description>
			<possibleresult>
				<name>Small Car</name>
			</possibleresult>
			<points>
				<point>798.000000,308.000000</point>
				<point>788.000000,308.000000</point>
				<point>788.000000,290.000000</point>
				<point>798.000000,290.000000</point>
				<point>798.000000,308.000000</point>
			</points>
		</object>
		<object>
			<coordinate>pixel</coordinate>
			<type>rectangle</type>
			<description>None</description>
			<possibleresult>
				<name>Van</name>
			</possibleresult>
			<points>
				<point>887.999878,304.000000</point>
				<point>878.896362,307.748535</point>
				<point>871.896362,290.748535</point>
				<point>880.999878,287.000000</point>
				<point>887.999878,304.000000</point>
			</points>
		</object>
		<object>
			<coordinate>pixel</coordinate>
			<type>rectangle</type>
			<description>None</description>
			<possibleresult>
				<name>Van</name>
			</possibleresult>
			<points>
				<point>798.000000,329.000000</point>
				<point>789.000000,329.000000</point>
				<point>789.000000,312.000000</point>
				<point>798.000000,312.000000</point>
				<point>798.000000,329.000000</point>
			</points>
		</object>
		<object>
			<coordinate>pixel</coordinate>
			<type>rectangle</type>
			<description>None</description>
			<possibleresult>
				<name>Van</name>
			</possibleresult>
			<points>
				<point>797.000000,689.000000</point>
				<point>774.000000,689.000000</point>
				<point>774.000000,680.000000</point>
				<point>797.000000,680.000000</point>
				<point>797.000000,689.000000</point>
			</points>
		</object>
		<object>
			<coordinate>pixel</coordinate>
			<type>rectangle</type>
			<description>None</description>
			<possibleresult>
				<name>Small Car</name>
			</possibleresult>
			<points>
				<point>702.000000,689.000000</point>
				<point>679.000000,689.000000</point>
				<point>679.000000,680.000000</point>
				<point>702.000000,680.000000</point>
				<point>702.000000,689.000000</point>
			</points>
		</object>
		<object>
			<coordinate>pixel</coordinate>
			<type>rectangle</type>
			<description>None</description>
			<possibleresult>
				<name>Van</name>
			</possibleresult>
			<points>
				<point>712.000000,470.000000</point>
				<point>702.000000,470.000000</point>
				<point>702.000000,453.000000</point>
				<point>712.000000,453.000000</point>
				<point>712.000000,470.000000</point>
			</points>
		</object>
		<object>
			<coordinate>pixel</coordinate>
			<type>rectangle</type>
			<description>None</description>
			<possibleresult>
				<name>Van</name>
			</possibleresult>
			<points>
				<point>714.000000,491.000000</point>
				<point>702.000000,491.000000</point>
				<point>702.000000,472.000000</point>
				<point>714.000000,472.000000</point>
				<point>714.000000,491.000000</point>
			</points>
		</object>
		<object>
			<coordinate>pixel</coordinate>
			<type>rectangle</type>
			<description>None</description>
			<possibleresult>
				<name>Van</name>
			</possibleresult>
			<points>
				<point>971.000000,489.000000</point>
				<point>961.000000,489.000000</point>
				<point>961.000000,472.000000</point>
				<point>971.000000,472.000000</point>
				<point>971.000000,489.000000</point>
			</points>
		</object>
		<object>
			<coordinate>pixel</coordinate>
			<type>rectangle</type>
			<description>None</description>
			<possibleresult>
				<name>Small Car</name>
			</possibleresult>
			<points>
				<point>999.000000,625.000000</point>
				<point>991.000000,625.000000</point>
				<point>991.000000,610.000000</point>
				<point>999.000000,610.000000</point>
				<point>999.000000,625.000000</point>
			</points>
		</object>
		<object>
			<coordinate>pixel</coordinate>
			<type>rectangle</type>
			<description>None</description>
			<possibleresult>
				<name>Van</name>
			</possibleresult>
			<points>
				<point>999.000000,609.000000</point>
				<point>990.000000,609.000000</point>
				<point>990.000000,588.000000</point>
				<point>999.000000,588.000000</point>
				<point>999.000000,609.000000</point>
			</points>
		</object>
		<object>
			<coordinate>pixel</coordinate>
			<type>rectangle</type>
			<description>None</description>
			<possibleresult>
				<name>Van</name>
			</possibleresult>
			<points>
				<point>699.000000,767.000000</point>
				<point>690.000000,767.000000</point>
				<point>690.000000,749.000000</point>
				<point>699.000000,749.000000</point>
				<point>699.000000,767.000000</point>
			</points>
		</object>
		<object>
			<coordinate>pixel</coordinate>
			<type>rectangle</type>
			<description>None</description>
			<possibleresult>
				<name>Small Car</name>
			</possibleresult>
			<points>
				<point>701.000000,798.000000</point>
				<point>691.000000,798.000000</point>
				<point>691.000000,778.000000</point>
				<point>701.000000,778.000000</point>
				<point>701.000000,798.000000</point>
			</points>
		</object>
		<object>
			<coordinate>pixel</coordinate>
			<type>rectangle</type>
			<description>None</description>
			<possibleresult>
				<name>Van</name>
			</possibleresult>
			<points>
				<point>797.000061,797.000000</point>
				<point>787.000061,798.000000</point>
				<point>785.207947,780.079224</point>
				<point>795.207947,779.079224</point>
				<point>797.000061,797.000000</point>
			</points>
		</object>
		<object>
			<coordinate>pixel</coordinate>
			<type>rectangle</type>
			<description>None</description>
			<possibleresult>
				<name>Van</name>
			</possibleresult>
			<points>
				<point>884.000000,829.000000</point>
				<point>859.000000,829.000000</point>
				<point>859.000000,819.000000</point>
				<point>884.000000,819.000000</point>
				<point>884.000000,829.000000</point>
			</points>
		</object>
		<object>
			<coordinate>pixel</coordinate>
			<type>rectangle</type>
			<description>None</description>
			<possibleresult>
				<name>Small Car</name>
			</possibleresult>
			<points>
				<point>924.999939,803.000000</point>
				<point>915.020447,804.174072</point>
				<point>912.999939,787.000000</point>
				<point>922.979431,785.825928</point>
				<point>924.999939,803.000000</point>
			</points>
		</object>
		<object>
			<coordinate>pixel</coordinate>
			<type>rectangle</type>
			<description>None</description>
			<possibleresult>
				<name>Van</name>
			</possibleresult>
			<points>
				<point>924.000000,874.000061</point>
				<point>913.975098,874.501282</point>
				<point>912.975098,854.501282</point>
				<point>923.000000,854.000061</point>
				<point>924.000000,874.000061</point>
			</points>
		</object>
		<object>
			<coordinate>pixel</coordinate>
			<type>rectangle</type>
			<description>None</description>
			<possibleresult>
				<name>Small Car</name>
			</possibleresult>
			<points>
				<point>707.999939,891.999939</point>
				<point>699.024841,892.472351</point>
				<point>698.024841,873.472351</point>
				<point>706.999939,872.999939</point>
				<point>707.999939,891.999939</point>
			</points>
		</object>
		<object>
			<coordinate>pixel</coordinate>
			<type>rectangle</type>
			<description>None</description>
			<possibleresult>
				<name>Van</name>
			</possibleresult>
			<points>
				<point>567.000000,966.000000</point>
				<point>544.000000,966.000000</point>
				<point>544.000000,957.000000</point>
				<point>567.000000,957.000000</point>
				<point>567.000000,966.000000</point>
			</points>
		</object>
		<object>
			<coordinate>pixel</coordinate>
			<type>rectangle</type>
			<description>None</description>
			<possibleresult>
				<name>Small Car</name>
			</possibleresult>
			<points>
				<point>598.332764,964.986023</point>
				<point>574.000000,965.999939</point>
				<point>573.667236,958.013855</point>
				<point>598.000000,956.999939</point>
				<point>598.332764,964.986023</point>
			</points>
		</object>
		<object>
			<coordinate>pixel</coordinate>
			<type>rectangle</type>
			<description>None</description>
			<possibleresult>
				<name>Van</name>
			</possibleresult>
			<points>
				<point>633.000000,964.000000</point>
				<point>609.000000,964.000000</point>
				<point>609.000000,956.000000</point>
				<point>633.000000,956.000000</point>
				<point>633.000000,964.000000</point>
			</points>
		</object>
		<object>
			<coordinate>pixel</coordinate>
			<type>rectangle</type>
			<description>None</description>
			<possibleresult>
				<name>Small Car</name>
			</possibleresult>
			<points>
				<point>659.000000,964.000000</point>
				<point>636.000000,964.000000</point>
				<point>636.000000,955.000000</point>
				<point>659.000000,955.000000</point>
				<point>659.000000,964.000000</point>
			</points>
		</object>
		<object>
			<coordinate>pixel</coordinate>
			<type>rectangle</type>
			<description>None</description>
			<possibleresult>
				<name>Small Car</name>
			</possibleresult>
			<points>
				<point>687.000000,965.000000</point>
				<point>662.000000,965.000000</point>
				<point>662.000000,957.000000</point>
				<point>687.000000,957.000000</point>
				<point>687.000000,965.000000</point>
			</points>
		</object>
		<object>
			<coordinate>pixel</coordinate>
			<type>rectangle</type>
			<description>None</description>
			<possibleresult>
				<name>Van</name>
			</possibleresult>
			<points>
				<point>765.000000,965.000000</point>
				<point>741.000000,965.000000</point>
				<point>741.000000,956.000000</point>
				<point>765.000000,956.000000</point>
				<point>765.000000,965.000000</point>
			</points>
		</object>
		<object>
			<coordinate>pixel</coordinate>
			<type>rectangle</type>
			<description>None</description>
			<possibleresult>
				<name>Van</name>
			</possibleresult>
			<points>
				<point>791.000000,965.000000</point>
				<point>769.000000,965.000000</point>
				<point>769.000000,956.000000</point>
				<point>791.000000,956.000000</point>
				<point>791.000000,965.000000</point>
			</points>
		</object>
		<object>
			<coordinate>pixel</coordinate>
			<type>rectangle</type>
			<description>None</description>
			<possibleresult>
				<name>Van</name>
			</possibleresult>
			<points>
				<point>823.000000,965.000000</point>
				<point>797.000000,965.000000</point>
				<point>797.000000,956.000000</point>
				<point>823.000000,956.000000</point>
				<point>823.000000,965.000000</point>
			</points>
		</object>
		<object>
			<coordinate>pixel</coordinate>
			<type>rectangle</type>
			<description>None</description>
			<possibleresult>
				<name>Van</name>
			</possibleresult>
			<points>
				<point>854.000000,965.000000</point>
				<point>834.000000,965.000000</point>
				<point>834.000000,958.000000</point>
				<point>854.000000,958.000000</point>
				<point>854.000000,965.000000</point>
			</points>
		</object>
		<object>
			<coordinate>pixel</coordinate>
			<type>rectangle</type>
			<description>None</description>
			<possibleresult>
				<name>Intersection</name>
			</possibleresult>
			<points>
				<point>511.999969,88.999992</point>
				<point>510.999969,127.999992</point>
				<point>458.982880,126.666222</point>
				<point>459.982880,87.666222</point>
				<point>511.999969,88.999992</point>
			</points>
		</object>
		<object>
			<coordinate>pixel</coordinate>
			<type>rectangle</type>
			<description>None</description>
			<possibleresult>
				<name>Intersection</name>
			</possibleresult>
			<points>
				<point>505.000031,672.000061</point>
				<point>504.058807,720.001160</point>
				<point>453.000031,719.000061</point>
				<point>453.941254,670.998962</point>
				<point>505.000031,672.000061</point>
			</points>
		</object>
		<object>
			<coordinate>pixel</coordinate>
			<type>rectangle</type>
			<description>None</description>
			<possibleresult>
				<name>Intersection</name>
			</possibleresult>
			<points>
				<point>507.017761,950.200378</point>
				<point>506.017761,995.200378</point>
				<point>452.000000,993.999939</point>
				<point>453.000000,948.999939</point>
				<point>507.017761,950.200378</point>
			</points>
		</object>
	</objects>
</annotation>