<?xml version="1.0" encoding="utf-8"?>
<annotation>
	<source>
		<filename>1344.tif</filename>
		<origin>GF2/GF3</origin>
	</source>
	<research>
		<version>1.0</version>
		<provider>FAIR1M</provider>
		<author>Cyber</author>
		<pluginname>FAIR1M</pluginname>
		<pluginclass>object detection</pluginclass>
		<time>2021-03</time>
	</research>
	<size>
		<width>1000</width>
		<height>1000</height>
		<depth>3</depth>
	</size>
	<objects>
		<object>
			<coordinate>pixel</coordinate>
			<type>rectangle</type>
			<description>None</description>
			<possibleresult>
				<name>Dump Truck</name>
			</possibleresult>
			<points>
				<point>980.026611,800.952454</point>
				<point>970.999878,816.999939</point>
				<point>963.973145,813.047424</point>
				<point>972.999878,796.999939</point>
				<point>980.026611,800.952454</point>
			</points>
		</object>
		<object>
			<coordinate>pixel</coordinate>
			<type>rectangle</type>
			<description>None</description>
			<possibleresult>
				<name>Cargo Truck</name>
			</possibleresult>
			<points>
				<point>999.999939,705.421021</point>
				<point>990.908630,700.157715</point>
				<point>999.999939,684.454468</point>
				<point>1009.091248,689.717773</point>
				<point>999.999939,705.421021</point>
			</points>
		</object>
		<object>
			<coordinate>pixel</coordinate>
			<type>rectangle</type>
			<description>None</description>
			<possibleresult>
				<name>Cargo Truck</name>
			</possibleresult>
			<points>
				<point>968.062866,965.856873</point>
				<point>953.073181,1000.000000</point>
				<point>939.878052,1000.000000</point>
				<point>957.000000,961.000061</point>
				<point>968.062866,965.856873</point>
			</points>
		</object>
		<object>
			<coordinate>pixel</coordinate>
			<type>rectangle</type>
			<description>None</description>
			<possibleresult>
				<name>Van</name>
			</possibleresult>
			<points>
				<point>357.000000,989.000000</point>
				<point>347.833344,1000.000000</point>
				<point>338.000000,1000.000000</point>
				<point>351.000000,984.000000</point>
				<point>357.000000,989.000000</point>
			</points>
		</object>
		<object>
			<coordinate>pixel</coordinate>
			<type>rectangle</type>
			<description>None</description>
			<possibleresult>
				<name>Small Car</name>
			</possibleresult>
			<points>
				<point>361.005280,1006.448364</point>
				<point>353.384613,1000.000122</point>
				<point>361.379303,990.551880</point>
				<point>368.999969,997.000122</point>
				<point>361.005280,1006.448364</point>
			</points>
		</object>
		<object>
			<coordinate>pixel</coordinate>
			<type>rectangle</type>
			<description>None</description>
			<possibleresult>
				<name>Tractor</name>
			</possibleresult>
			<points>
				<point>810.000000,833.999939</point>
				<point>782.000000,885.999939</point>
				<point>768.582520,878.775208</point>
				<point>796.582520,826.775208</point>
				<point>810.000000,833.999939</point>
			</points>
		</object>
		<object>
			<coordinate>pixel</coordinate>
			<type>rectangle</type>
			<description>None</description>
			<possibleresult>
				<name>Cargo Truck</name>
			</possibleresult>
			<points>
				<point>420.999969,775.999878</point>
				<point>398.772369,802.268799</point>
				<point>388.999969,793.999878</point>
				<point>411.227570,767.730957</point>
				<point>420.999969,775.999878</point>
			</points>
		</object>
		<object>
			<coordinate>pixel</coordinate>
			<type>rectangle</type>
			<description>None</description>
			<possibleresult>
				<name>Van</name>
			</possibleresult>
			<points>
				<point>628.138794,889.823364</point>
				<point>617.000000,904.000000</point>
				<point>610.861206,899.176636</point>
				<point>622.000000,885.000000</point>
				<point>628.138794,889.823364</point>
			</points>
		</object>
		<object>
			<coordinate>pixel</coordinate>
			<type>rectangle</type>
			<description>None</description>
			<possibleresult>
				<name>Van</name>
			</possibleresult>
			<points>
				<point>669.423645,839.505920</point>
				<point>657.423645,853.505920</point>
				<point>651.000061,848.000061</point>
				<point>663.000061,834.000061</point>
				<point>669.423645,839.505920</point>
			</points>
		</object>
		<object>
			<coordinate>pixel</coordinate>
			<type>rectangle</type>
			<description>None</description>
			<possibleresult>
				<name>Van</name>
			</possibleresult>
			<points>
				<point>721.481750,781.175110</point>
				<point>718.999939,787.999939</point>
				<point>707.518127,783.824768</point>
				<point>709.999939,776.999939</point>
				<point>721.481750,781.175110</point>
			</points>
		</object>
		<object>
			<coordinate>pixel</coordinate>
			<type>rectangle</type>
			<description>None</description>
			<possibleresult>
				<name>Van</name>
			</possibleresult>
			<points>
				<point>819.999878,481.999969</point>
				<point>816.560425,488.305695</point>
				<point>805.560425,482.305695</point>
				<point>808.999878,475.999969</point>
				<point>819.999878,481.999969</point>
			</points>
		</object>
		<object>
			<coordinate>pixel</coordinate>
			<type>rectangle</type>
			<description>None</description>
			<possibleresult>
				<name>Van</name>
			</possibleresult>
			<points>
				<point>813.441101,495.264709</point>
				<point>809.999939,501.000000</point>
				<point>796.911682,493.147034</point>
				<point>800.352844,487.411743</point>
				<point>813.441101,495.264709</point>
			</points>
		</object>
		<object>
			<coordinate>pixel</coordinate>
			<type>rectangle</type>
			<description>None</description>
			<possibleresult>
				<name>Van</name>
			</possibleresult>
			<points>
				<point>803.000000,506.999969</point>
				<point>800.062134,512.036255</point>
				<point>788.000000,504.999969</point>
				<point>790.937866,499.963684</point>
				<point>803.000000,506.999969</point>
			</points>
		</object>
		<object>
			<coordinate>pixel</coordinate>
			<type>rectangle</type>
			<description>None</description>
			<possibleresult>
				<name>Van</name>
			</possibleresult>
			<points>
				<point>790.155762,450.083069</point>
				<point>787.000000,456.000000</point>
				<point>771.844238,447.916931</point>
				<point>775.000000,442.000000</point>
				<point>790.155762,450.083069</point>
			</points>
		</object>
		<object>
			<coordinate>pixel</coordinate>
			<type>rectangle</type>
			<description>None</description>
			<possibleresult>
				<name>Van</name>
			</possibleresult>
			<points>
				<point>761.000061,486.000061</point>
				<point>758.000061,492.000061</point>
				<point>748.000061,487.000061</point>
				<point>751.000061,481.000061</point>
				<point>761.000061,486.000061</point>
			</points>
		</object>
		<object>
			<coordinate>pixel</coordinate>
			<type>rectangle</type>
			<description>None</description>
			<possibleresult>
				<name>Trailer</name>
			</possibleresult>
			<points>
				<point>926.750305,367.308777</point>
				<point>888.750305,414.308777</point>
				<point>875.999939,404.000000</point>
				<point>913.999939,357.000000</point>
				<point>926.750305,367.308777</point>
			</points>
		</object>
		<object>
			<coordinate>pixel</coordinate>
			<type>rectangle</type>
			<description>None</description>
			<possibleresult>
				<name>Trailer</name>
			</possibleresult>
			<points>
				<point>946.107666,377.861511</point>
				<point>918.000000,414.000000</point>
				<point>907.892334,406.138489</point>
				<point>936.000000,370.000000</point>
				<point>946.107666,377.861511</point>
			</points>
		</object>
		<object>
			<coordinate>pixel</coordinate>
			<type>rectangle</type>
			<description>None</description>
			<possibleresult>
				<name>other-vehicle</name>
			</possibleresult>
			<points>
				<point>890.999939,109.999985</point>
				<point>845.999939,171.000000</point>
				<point>821.211365,152.713364</point>
				<point>866.211365,91.713348</point>
				<point>890.999939,109.999985</point>
			</points>
		</object>
		<object>
			<coordinate>pixel</coordinate>
			<type>rectangle</type>
			<description>None</description>
			<possibleresult>
				<name>other-vehicle</name>
			</possibleresult>
			<points>
				<point>869.214172,171.702667</point>
				<point>734.999939,357.999969</point>
				<point>668.785706,310.297272</point>
				<point>802.999939,123.999969</point>
				<point>869.214172,171.702667</point>
			</points>
		</object>
	</objects>
</annotation>