<?xml version="1.0" encoding="utf-8"?>
<annotation>
	<source>
		<filename>1356.tif</filename>
		<origin>GF2/GF3</origin>
	</source>
	<research>
		<version>1.0</version>
		<provider>FAIR1M</provider>
		<author>Cyber</author>
		<pluginname>FAIR1M</pluginname>
		<pluginclass>object detection</pluginclass>
		<time>2021-03</time>
	</research>
	<size>
		<width>1000</width>
		<height>1000</height>
		<depth>3</depth>
	</size>
	<objects>
		<object>
			<coordinate>pixel</coordinate>
			<type>rectangle</type>
			<description>None</description>
			<possibleresult>
				<name>other-airplane</name>
			</possibleresult>
			<points>
				<point>265.000000,683.000000</point>
				<point>279.000000,709.000000</point>
				<point>311.000000,692.000000</point>
				<point>297.000000,665.000000</point>
				<point>265.000000,683.000000</point>
			</points>
		</object>
		<object>
			<coordinate>pixel</coordinate>
			<type>rectangle</type>
			<description>None</description>
			<possibleresult>
				<name>other-airplane</name>
			</possibleresult>
			<points>
				<point>307.000000,671.000000</point>
				<point>321.000000,696.000000</point>
				<point>355.000000,677.000000</point>
				<point>341.000000,652.000000</point>
				<point>307.000000,671.000000</point>
			</points>
		</object>
		<object>
			<coordinate>pixel</coordinate>
			<type>rectangle</type>
			<description>None</description>
			<possibleresult>
				<name>other-airplane</name>
			</possibleresult>
			<points>
				<point>365.000000,647.000000</point>
				<point>379.000000,673.000000</point>
				<point>412.000000,655.000000</point>
				<point>397.000000,629.000000</point>
				<point>365.000000,647.000000</point>
			</points>
		</object>
		<object>
			<coordinate>pixel</coordinate>
			<type>rectangle</type>
			<description>None</description>
			<possibleresult>
				<name>other-airplane</name>
			</possibleresult>
			<points>
				<point>440.000000,850.000000</point>
				<point>410.000000,795.000000</point>
				<point>363.000000,820.000000</point>
				<point>393.000000,876.000000</point>
				<point>440.000000,850.000000</point>
			</points>
		</object>
		<object>
			<coordinate>pixel</coordinate>
			<type>rectangle</type>
			<description>None</description>
			<possibleresult>
				<name>A330</name>
			</possibleresult>
			<points>
				<point>288.000000,847.000000</point>
				<point>193.000000,904.000000</point>
				<point>246.000000,992.000000</point>
				<point>341.000000,934.000000</point>
				<point>288.000000,847.000000</point>
			</points>
		</object>
	</objects>
</annotation>