<?xml version="1.0" encoding="utf-8"?>
<annotation>
	<source>
		<filename>1358.tif</filename>
		<origin>GF2/GF3</origin>
	</source>
	<research>
		<version>1.0</version>
		<provider>FAIR1M</provider>
		<author>Cyber</author>
		<pluginname>FAIR1M</pluginname>
		<pluginclass>object detection</pluginclass>
		<time>2021-03</time>
	</research>
	<size>
		<width>1000</width>
		<height>1000</height>
		<depth>3</depth>
	</size>
	<objects>
		<object>
			<coordinate>pixel</coordinate>
			<type>rectangle</type>
			<description>None</description>
			<possibleresult>
				<name>Boeing737</name>
			</possibleresult>
			<points>
				<point>-1.000000,963.000000</point>
				<point>34.000000,995.000000</point>
				<point>64.000000,961.000000</point>
				<point>29.000000,930.000000</point>
				<point>-1.000000,963.000000</point>
			</points>
		</object>
		<object>
			<coordinate>pixel</coordinate>
			<type>rectangle</type>
			<description>None</description>
			<possibleresult>
				<name>other-airplane</name>
			</possibleresult>
			<points>
				<point>203.000000,745.000000</point>
				<point>182.000000,770.000000</point>
				<point>211.000000,796.000000</point>
				<point>232.000000,771.000000</point>
				<point>203.000000,745.000000</point>
			</points>
		</object>
		<object>
			<coordinate>pixel</coordinate>
			<type>rectangle</type>
			<description>None</description>
			<possibleresult>
				<name>other-airplane</name>
			</possibleresult>
			<points>
				<point>167.000000,713.000000</point>
				<point>146.000000,736.000000</point>
				<point>174.000000,761.000000</point>
				<point>195.000000,737.000000</point>
				<point>167.000000,713.000000</point>
			</points>
		</object>
		<object>
			<coordinate>pixel</coordinate>
			<type>rectangle</type>
			<description>None</description>
			<possibleresult>
				<name>A220</name>
			</possibleresult>
			<points>
				<point>127.000000,676.000000</point>
				<point>96.000000,710.000000</point>
				<point>128.000000,740.000000</point>
				<point>159.000000,706.000000</point>
				<point>127.000000,676.000000</point>
			</points>
		</object>
		<object>
			<coordinate>pixel</coordinate>
			<type>rectangle</type>
			<description>None</description>
			<possibleresult>
				<name>A220</name>
			</possibleresult>
			<points>
				<point>237.000000,619.000000</point>
				<point>268.000000,585.000000</point>
				<point>234.000000,554.000000</point>
				<point>203.000000,588.000000</point>
				<point>237.000000,619.000000</point>
			</points>
		</object>
		<object>
			<coordinate>pixel</coordinate>
			<type>rectangle</type>
			<description>None</description>
			<possibleresult>
				<name>A220</name>
			</possibleresult>
			<points>
				<point>311.000000,687.000000</point>
				<point>344.000000,650.000000</point>
				<point>311.000000,620.000000</point>
				<point>278.000000,656.000000</point>
				<point>311.000000,687.000000</point>
			</points>
		</object>
	</objects>
</annotation>