<?xml version="1.0" encoding="utf-8"?>
<annotation>
	<source>
		<filename>1363.tif</filename>
		<origin>GF2/GF3</origin>
	</source>
	<research>
		<version>1.0</version>
		<provider>FAIR1M</provider>
		<author>Cyber</author>
		<pluginname>FAIR1M</pluginname>
		<pluginclass>object detection</pluginclass>
		<time>2021-03</time>
	</research>
	<size>
		<width>1500</width>
		<height>1500</height>
		<depth>3</depth>
	</size>
	<objects>
		<object>
			<coordinate>pixel</coordinate>
			<type>rectangle</type>
			<description>None</description>
			<possibleresult>
				<name>Dry Cargo Ship</name>
			</possibleresult>
			<points>
				<point>158.000000,4.000000</point>
				<point>377.000000,184.000000</point>
				<point>401.000000,155.000000</point>
				<point>183.000000,-25.000000</point>
				<point>158.000000,4.000000</point>
			</points>
		</object>
		<object>
			<coordinate>pixel</coordinate>
			<type>rectangle</type>
			<description>None</description>
			<possibleresult>
				<name>Dry Cargo Ship</name>
			</possibleresult>
			<points>
				<point>537.000000,316.000000</point>
				<point>787.000000,526.000000</point>
				<point>812.000000,496.000000</point>
				<point>562.000000,286.000000</point>
				<point>537.000000,316.000000</point>
			</points>
		</object>
		<object>
			<coordinate>pixel</coordinate>
			<type>rectangle</type>
			<description>None</description>
			<possibleresult>
				<name>other-ship</name>
			</possibleresult>
			<points>
				<point>809.000000,787.000000</point>
				<point>825.000000,736.000000</point>
				<point>814.000000,733.000000</point>
				<point>797.000000,783.000000</point>
				<point>809.000000,787.000000</point>
			</points>
		</object>
		<object>
			<coordinate>pixel</coordinate>
			<type>rectangle</type>
			<description>None</description>
			<possibleresult>
				<name>other-ship</name>
			</possibleresult>
			<points>
				<point>787.000000,849.000000</point>
				<point>804.000000,805.000000</point>
				<point>790.000000,799.000000</point>
				<point>773.000000,843.000000</point>
				<point>787.000000,849.000000</point>
			</points>
		</object>
		<object>
			<coordinate>pixel</coordinate>
			<type>rectangle</type>
			<description>None</description>
			<possibleresult>
				<name>other-ship</name>
			</possibleresult>
			<points>
				<point>688.000000,881.000000</point>
				<point>731.000000,897.000000</point>
				<point>737.000000,882.000000</point>
				<point>694.000000,865.000000</point>
				<point>688.000000,881.000000</point>
			</points>
		</object>
		<object>
			<coordinate>pixel</coordinate>
			<type>rectangle</type>
			<description>None</description>
			<possibleresult>
				<name>Tugboat</name>
			</possibleresult>
			<points>
				<point>737.000000,899.000000</point>
				<point>762.000000,909.000000</point>
				<point>767.000000,898.000000</point>
				<point>741.000000,887.000000</point>
				<point>737.000000,899.000000</point>
			</points>
		</object>
		<object>
			<coordinate>pixel</coordinate>
			<type>rectangle</type>
			<description>None</description>
			<possibleresult>
				<name>Tugboat</name>
			</possibleresult>
			<points>
				<point>814.000000,841.000000</point>
				<point>798.000000,884.000000</point>
				<point>810.000000,889.000000</point>
				<point>826.000000,846.000000</point>
				<point>814.000000,841.000000</point>
			</points>
		</object>
		<object>
			<coordinate>pixel</coordinate>
			<type>rectangle</type>
			<description>None</description>
			<possibleresult>
				<name>Tugboat</name>
			</possibleresult>
			<points>
				<point>826.000000,848.000000</point>
				<point>810.000000,887.000000</point>
				<point>826.000000,894.000000</point>
				<point>843.000000,855.000000</point>
				<point>826.000000,848.000000</point>
			</points>
		</object>
		<object>
			<coordinate>pixel</coordinate>
			<type>rectangle</type>
			<description>None</description>
			<possibleresult>
				<name>Tugboat</name>
			</possibleresult>
			<points>
				<point>671.000000,1086.000000</point>
				<point>642.000000,1128.000000</point>
				<point>656.000000,1137.000000</point>
				<point>685.000000,1095.000000</point>
				<point>671.000000,1086.000000</point>
			</points>
		</object>
		<object>
			<coordinate>pixel</coordinate>
			<type>rectangle</type>
			<description>None</description>
			<possibleresult>
				<name>Dry Cargo Ship</name>
			</possibleresult>
			<points>
				<point>35.000000,978.000000</point>
				<point>243.000000,1052.000000</point>
				<point>257.000000,1012.000000</point>
				<point>49.000000,938.000000</point>
				<point>35.000000,978.000000</point>
			</points>
		</object>
	</objects>
</annotation>