<?xml version="1.0" encoding="utf-8"?>
<annotation>
	<source>
		<filename>1365.tif</filename>
		<origin>GF2/GF3</origin>
	</source>
	<research>
		<version>1.0</version>
		<provider>FAIR1M</provider>
		<author>Cyber</author>
		<pluginname>FAIR1M</pluginname>
		<pluginclass>object detection</pluginclass>
		<time>2021-03</time>
	</research>
	<size>
		<width>1000</width>
		<height>1000</height>
		<depth>3</depth>
	</size>
	<objects>
		<object>
			<coordinate>pixel</coordinate>
			<type>rectangle</type>
			<description>None</description>
			<possibleresult>
				<name>A220</name>
			</possibleresult>
			<points>
				<point>984.000000,489.000000</point>
				<point>957.000000,449.000000</point>
				<point>919.000000,473.000000</point>
				<point>946.000000,514.000000</point>
				<point>984.000000,489.000000</point>
			</points>
		</object>
		<object>
			<coordinate>pixel</coordinate>
			<type>rectangle</type>
			<description>None</description>
			<possibleresult>
				<name>other-airplane</name>
			</possibleresult>
			<points>
				<point>931.000000,521.000000</point>
				<point>909.000000,487.000000</point>
				<point>873.000000,511.000000</point>
				<point>895.000000,545.000000</point>
				<point>931.000000,521.000000</point>
			</points>
		</object>
		<object>
			<coordinate>pixel</coordinate>
			<type>rectangle</type>
			<description>None</description>
			<possibleresult>
				<name>A321</name>
			</possibleresult>
			<points>
				<point>888.000000,555.000000</point>
				<point>859.000000,508.000000</point>
				<point>824.000000,530.000000</point>
				<point>853.000000,576.000000</point>
				<point>888.000000,555.000000</point>
			</points>
		</object>
		<object>
			<coordinate>pixel</coordinate>
			<type>rectangle</type>
			<description>None</description>
			<possibleresult>
				<name>A220</name>
			</possibleresult>
			<points>
				<point>822.000000,802.000000</point>
				<point>845.000000,841.000000</point>
				<point>883.000000,818.000000</point>
				<point>860.000000,779.000000</point>
				<point>822.000000,802.000000</point>
			</points>
		</object>
		<object>
			<coordinate>pixel</coordinate>
			<type>rectangle</type>
			<description>None</description>
			<possibleresult>
				<name>A321</name>
			</possibleresult>
			<points>
				<point>235.000000,276.000000</point>
				<point>265.000000,324.000000</point>
				<point>304.000000,300.000000</point>
				<point>274.000000,251.000000</point>
				<point>235.000000,276.000000</point>
			</points>
		</object>
	</objects>
</annotation>