<?xml version="1.0" encoding="utf-8"?>
<annotation>
	<source>
		<filename>1366.tif</filename>
		<origin>GF2/GF3</origin>
	</source>
	<research>
		<version>1.0</version>
		<provider>FAIR1M</provider>
		<author>Cyber</author>
		<pluginname>FAIR1M</pluginname>
		<pluginclass>object detection</pluginclass>
		<time>2021-03</time>
	</research>
	<size>
		<width>1000</width>
		<height>1000</height>
		<depth>3</depth>
	</size>
	<objects>
		<object>
			<coordinate>pixel</coordinate>
			<type>rectangle</type>
			<description>None</description>
			<possibleresult>
				<name>A321</name>
			</possibleresult>
			<points>
				<point>283.000000,53.000000</point>
				<point>313.000000,104.000000</point>
				<point>359.000000,77.000000</point>
				<point>328.000000,26.000000</point>
				<point>283.000000,53.000000</point>
			</points>
		</object>
		<object>
			<coordinate>pixel</coordinate>
			<type>rectangle</type>
			<description>None</description>
			<possibleresult>
				<name>A321</name>
			</possibleresult>
			<points>
				<point>334.000000,21.000000</point>
				<point>364.000000,72.000000</point>
				<point>409.000000,46.000000</point>
				<point>379.000000,-6.000000</point>
				<point>334.000000,21.000000</point>
			</points>
		</object>
	</objects>
</annotation>