<?xml version="1.0" encoding="utf-8"?>
<annotation>
	<source>
		<filename>1369.tif</filename>
		<origin>GF2/GF3</origin>
	</source>
	<research>
		<version>1.0</version>
		<provider>FAIR1M</provider>
		<author>Cyber</author>
		<pluginname>FAIR1M</pluginname>
		<pluginclass>object detection</pluginclass>
		<time>2021-03</time>
	</research>
	<size>
		<width>1000</width>
		<height>1000</height>
		<depth>3</depth>
	</size>
	<objects>
		<object>
			<coordinate>pixel</coordinate>
			<type>rectangle</type>
			<description>None</description>
			<possibleresult>
				<name>Van</name>
			</possibleresult>
			<points>
				<point>19.999983,200.000031</point>
				<point>13.999983,206.000031</point>
				<point>1.999985,194.000031</point>
				<point>7.999985,188.000031</point>
				<point>19.999983,200.000031</point>
			</points>
		</object>
		<object>
			<coordinate>pixel</coordinate>
			<type>rectangle</type>
			<description>None</description>
			<possibleresult>
				<name>Small Car</name>
			</possibleresult>
			<points>
				<point>295.124390,101.919495</point>
				<point>278.000000,112.999985</point>
				<point>272.875610,105.080475</point>
				<point>290.000000,93.999985</point>
				<point>295.124390,101.919495</point>
			</points>
		</object>
		<object>
			<coordinate>pixel</coordinate>
			<type>rectangle</type>
			<description>None</description>
			<possibleresult>
				<name>Van</name>
			</possibleresult>
			<points>
				<point>338.000000,78.000015</point>
				<point>320.239990,91.320007</point>
				<point>314.239990,83.320007</point>
				<point>332.000000,70.000015</point>
				<point>338.000000,78.000015</point>
			</points>
		</object>
		<object>
			<coordinate>pixel</coordinate>
			<type>rectangle</type>
			<description>None</description>
			<possibleresult>
				<name>Van</name>
			</possibleresult>
			<points>
				<point>59.183788,65.902710</point>
				<point>42.183788,74.902710</point>
				<point>38.000004,67.000000</point>
				<point>55.000004,58.000000</point>
				<point>59.183788,65.902710</point>
			</points>
		</object>
		<object>
			<coordinate>pixel</coordinate>
			<type>rectangle</type>
			<description>None</description>
			<possibleresult>
				<name>Van</name>
			</possibleresult>
			<points>
				<point>778.000000,411.000000</point>
				<point>754.000000,411.000000</point>
				<point>754.000000,402.000000</point>
				<point>778.000000,402.000000</point>
				<point>778.000000,411.000000</point>
			</points>
		</object>
		<object>
			<coordinate>pixel</coordinate>
			<type>rectangle</type>
			<description>None</description>
			<possibleresult>
				<name>Small Car</name>
			</possibleresult>
			<points>
				<point>727.770020,351.249207</point>
				<point>715.770020,364.249207</point>
				<point>709.000000,358.000000</point>
				<point>721.000000,345.000000</point>
				<point>727.770020,351.249207</point>
			</points>
		</object>
		<object>
			<coordinate>pixel</coordinate>
			<type>rectangle</type>
			<description>None</description>
			<possibleresult>
				<name>Small Car</name>
			</possibleresult>
			<points>
				<point>746.000061,337.000000</point>
				<point>728.807434,345.090637</point>
				<point>725.000061,337.000000</point>
				<point>742.192688,328.909363</point>
				<point>746.000061,337.000000</point>
			</points>
		</object>
		<object>
			<coordinate>pixel</coordinate>
			<type>rectangle</type>
			<description>None</description>
			<possibleresult>
				<name>Small Car</name>
			</possibleresult>
			<points>
				<point>810.000000,359.000061</point>
				<point>803.185913,364.241699</point>
				<point>793.000000,351.000061</point>
				<point>799.814087,345.758423</point>
				<point>810.000000,359.000061</point>
			</points>
		</object>
		<object>
			<coordinate>pixel</coordinate>
			<type>rectangle</type>
			<description>None</description>
			<possibleresult>
				<name>Small Car</name>
			</possibleresult>
			<points>
				<point>786.310364,337.107910</point>
				<point>783.194031,346.067444</point>
				<point>759.883728,337.959534</point>
				<point>763.000061,329.000000</point>
				<point>786.310364,337.107910</point>
			</points>
		</object>
		<object>
			<coordinate>pixel</coordinate>
			<type>rectangle</type>
			<description>None</description>
			<possibleresult>
				<name>Small Car</name>
			</possibleresult>
			<points>
				<point>901.000000,482.000000</point>
				<point>892.000000,482.000000</point>
				<point>892.000000,463.000000</point>
				<point>901.000000,463.000000</point>
				<point>901.000000,482.000000</point>
			</points>
		</object>
		<object>
			<coordinate>pixel</coordinate>
			<type>rectangle</type>
			<description>None</description>
			<possibleresult>
				<name>Small Car</name>
			</possibleresult>
			<points>
				<point>783.160034,808.879944</point>
				<point>782.000000,816.999939</point>
				<point>761.000000,813.999939</point>
				<point>762.160034,805.879944</point>
				<point>783.160034,808.879944</point>
			</points>
		</object>
		<object>
			<coordinate>pixel</coordinate>
			<type>rectangle</type>
			<description>None</description>
			<possibleresult>
				<name>Van</name>
			</possibleresult>
			<points>
				<point>758.000000,737.999939</point>
				<point>755.000000,752.999939</point>
				<point>745.000000,750.999939</point>
				<point>748.000000,735.999939</point>
				<point>758.000000,737.999939</point>
			</points>
		</object>
		<object>
			<coordinate>pixel</coordinate>
			<type>rectangle</type>
			<description>None</description>
			<possibleresult>
				<name>Van</name>
			</possibleresult>
			<points>
				<point>658.000061,666.000061</point>
				<point>656.000061,682.000061</point>
				<point>648.000061,681.000061</point>
				<point>650.000061,665.000061</point>
				<point>658.000061,666.000061</point>
			</points>
		</object>
		<object>
			<coordinate>pixel</coordinate>
			<type>rectangle</type>
			<description>None</description>
			<possibleresult>
				<name>Small Car</name>
			</possibleresult>
			<points>
				<point>338.504456,817.566406</point>
				<point>324.504456,833.566406</point>
				<point>317.000061,827.000000</point>
				<point>331.000061,811.000000</point>
				<point>338.504456,817.566406</point>
			</points>
		</object>
		<object>
			<coordinate>pixel</coordinate>
			<type>rectangle</type>
			<description>None</description>
			<possibleresult>
				<name>Small Car</name>
			</possibleresult>
			<points>
				<point>560.022522,827.879272</point>
				<point>556.999939,844.000000</point>
				<point>546.977356,842.120728</point>
				<point>549.999939,826.000000</point>
				<point>560.022522,827.879272</point>
			</points>
		</object>
		<object>
			<coordinate>pixel</coordinate>
			<type>rectangle</type>
			<description>None</description>
			<possibleresult>
				<name>Small Car</name>
			</possibleresult>
			<points>
				<point>945.000000,870.000000</point>
				<point>939.800049,885.599976</point>
				<point>932.000000,883.000000</point>
				<point>937.199951,867.400024</point>
				<point>945.000000,870.000000</point>
			</points>
		</object>
		<object>
			<coordinate>pixel</coordinate>
			<type>rectangle</type>
			<description>None</description>
			<possibleresult>
				<name>Van</name>
			</possibleresult>
			<points>
				<point>175.600021,970.799988</point>
				<point>167.000015,987.999939</point>
				<point>157.000015,982.999939</point>
				<point>165.600021,965.799988</point>
				<point>175.600021,970.799988</point>
			</points>
		</object>
	</objects>
</annotation>