<?xml version="1.0" encoding="utf-8"?>
<annotation>
	<source>
		<filename>1370.tif</filename>
		<origin>GF2/GF3</origin>
	</source>
	<research>
		<version>1.0</version>
		<provider>FAIR1M</provider>
		<author>Cyber</author>
		<pluginname>FAIR1M</pluginname>
		<pluginclass>object detection</pluginclass>
		<time>2021-03</time>
	</research>
	<size>
		<width>1000</width>
		<height>1000</height>
		<depth>3</depth>
	</size>
	<objects>
		<object>
			<coordinate>pixel</coordinate>
			<type>rectangle</type>
			<description>None</description>
			<possibleresult>
				<name>Dump Truck</name>
			</possibleresult>
			<points>
				<point>662.152954,276.011749</point>
				<point>659.000000,316.999969</point>
				<point>644.929443,315.917633</point>
				<point>648.082397,274.929413</point>
				<point>662.152954,276.011749</point>
			</points>
		</object>
		<object>
			<coordinate>pixel</coordinate>
			<type>rectangle</type>
			<description>None</description>
			<possibleresult>
				<name>Cargo Truck</name>
			</possibleresult>
			<points>
				<point>661.000000,352.000000</point>
				<point>645.000000,352.000000</point>
				<point>645.000000,327.000000</point>
				<point>661.000000,327.000000</point>
				<point>661.000000,352.000000</point>
			</points>
		</object>
		<object>
			<coordinate>pixel</coordinate>
			<type>rectangle</type>
			<description>None</description>
			<possibleresult>
				<name>Tennis Court</name>
			</possibleresult>
			<points>
				<point>806.000000,155.000000</point>
				<point>783.000000,155.000000</point>
				<point>783.000000,110.000000</point>
				<point>806.000000,110.000000</point>
				<point>806.000000,155.000000</point>
			</points>
		</object>
		<object>
			<coordinate>pixel</coordinate>
			<type>rectangle</type>
			<description>None</description>
			<possibleresult>
				<name>Tennis Court</name>
			</possibleresult>
			<points>
				<point>847.000000,155.000000</point>
				<point>823.000000,155.000000</point>
				<point>823.000000,110.000000</point>
				<point>847.000000,110.000000</point>
				<point>847.000000,155.000000</point>
			</points>
		</object>
		<object>
			<coordinate>pixel</coordinate>
			<type>rectangle</type>
			<description>None</description>
			<possibleresult>
				<name>Tennis Court</name>
			</possibleresult>
			<points>
				<point>808.000000,217.000000</point>
				<point>782.000000,217.000000</point>
				<point>782.000000,172.000000</point>
				<point>808.000000,172.000000</point>
				<point>808.000000,217.000000</point>
			</points>
		</object>
		<object>
			<coordinate>pixel</coordinate>
			<type>rectangle</type>
			<description>None</description>
			<possibleresult>
				<name>Tennis Court</name>
			</possibleresult>
			<points>
				<point>849.000000,217.000015</point>
				<point>824.012329,217.555283</point>
				<point>823.000000,172.000015</point>
				<point>847.987671,171.444748</point>
				<point>849.000000,217.000015</point>
			</points>
		</object>
		<object>
			<coordinate>pixel</coordinate>
			<type>rectangle</type>
			<description>None</description>
			<possibleresult>
				<name>Small Car</name>
			</possibleresult>
			<points>
				<point>459.295898,705.988953</point>
				<point>432.000000,706.999939</point>
				<point>431.704102,699.010925</point>
				<point>459.000000,697.999939</point>
				<point>459.295898,705.988953</point>
			</points>
		</object>
		<object>
			<coordinate>pixel</coordinate>
			<type>rectangle</type>
			<description>None</description>
			<possibleresult>
				<name>Tennis Court</name>
			</possibleresult>
			<points>
				<point>212.000000,872.000000</point>
				<point>166.000000,872.000000</point>
				<point>166.000000,792.000000</point>
				<point>212.000000,792.000000</point>
				<point>212.000000,872.000000</point>
			</points>
		</object>
		<object>
			<coordinate>pixel</coordinate>
			<type>rectangle</type>
			<description>None</description>
			<possibleresult>
				<name>Tennis Court</name>
			</possibleresult>
			<points>
				<point>286.005341,792.575256</point>
				<point>285.005341,872.575256</point>
				<point>239.000031,872.000183</point>
				<point>240.000031,792.000183</point>
				<point>286.005341,792.575256</point>
			</points>
		</object>
		<object>
			<coordinate>pixel</coordinate>
			<type>rectangle</type>
			<description>None</description>
			<possibleresult>
				<name>Tennis Court</name>
			</possibleresult>
			<points>
				<point>359.000000,873.000000</point>
				<point>315.000000,873.000000</point>
				<point>315.000000,792.000000</point>
				<point>359.000000,792.000000</point>
				<point>359.000000,873.000000</point>
			</points>
		</object>
		<object>
			<coordinate>pixel</coordinate>
			<type>rectangle</type>
			<description>None</description>
			<possibleresult>
				<name>Tennis Court</name>
			</possibleresult>
			<points>
				<point>433.968475,872.444885</point>
				<point>389.000031,873.000061</point>
				<point>388.000031,792.000061</point>
				<point>432.968475,791.444885</point>
				<point>433.968475,872.444885</point>
			</points>
		</object>
		<object>
			<coordinate>pixel</coordinate>
			<type>rectangle</type>
			<description>None</description>
			<possibleresult>
				<name>Tennis Court</name>
			</possibleresult>
			<points>
				<point>357.000000,1000.000000</point>
				<point>313.000000,1000.000000</point>
				<point>313.000000,960.000000</point>
				<point>357.000000,960.000000</point>
				<point>357.000000,1000.000000</point>
			</points>
		</object>
		<object>
			<coordinate>pixel</coordinate>
			<type>rectangle</type>
			<description>None</description>
			<possibleresult>
				<name>Tennis Court</name>
			</possibleresult>
			<points>
				<point>432.000000,1000.000000</point>
				<point>387.000000,1000.000000</point>
				<point>387.000000,960.000000</point>
				<point>432.000000,960.000000</point>
				<point>432.000000,1000.000000</point>
			</points>
		</object>
		<object>
			<coordinate>pixel</coordinate>
			<type>rectangle</type>
			<description>None</description>
			<possibleresult>
				<name>Tennis Court</name>
			</possibleresult>
			<points>
				<point>507.000000,1000.000000</point>
				<point>462.000000,1000.000000</point>
				<point>462.000000,960.000000</point>
				<point>507.000000,960.000000</point>
				<point>507.000000,1000.000000</point>
			</points>
		</object>
		<object>
			<coordinate>pixel</coordinate>
			<type>rectangle</type>
			<description>None</description>
			<possibleresult>
				<name>Tennis Court</name>
			</possibleresult>
			<points>
				<point>579.000000,1000.000000</point>
				<point>534.000000,1000.000000</point>
				<point>534.000000,960.000000</point>
				<point>579.000000,960.000000</point>
				<point>579.000000,1000.000000</point>
			</points>
		</object>
		<object>
			<coordinate>pixel</coordinate>
			<type>rectangle</type>
			<description>None</description>
			<possibleresult>
				<name>Van</name>
			</possibleresult>
			<points>
				<point>658.021423,639.612305</point>
				<point>656.999939,658.000000</point>
				<point>645.978455,657.387695</point>
				<point>646.999939,639.000000</point>
				<point>658.021423,639.612305</point>
			</points>
		</object>
		<object>
			<coordinate>pixel</coordinate>
			<type>rectangle</type>
			<description>None</description>
			<possibleresult>
				<name>Dump Truck</name>
			</possibleresult>
			<points>
				<point>848.000000,637.000000</point>
				<point>833.000000,637.000000</point>
				<point>833.000000,631.000000</point>
				<point>848.000000,631.000000</point>
				<point>848.000000,637.000000</point>
			</points>
		</object>
		<object>
			<coordinate>pixel</coordinate>
			<type>rectangle</type>
			<description>None</description>
			<possibleresult>
				<name>Van</name>
			</possibleresult>
			<points>
				<point>660.000000,772.999939</point>
				<point>659.000000,793.999939</point>
				<point>649.972900,793.570129</point>
				<point>650.972900,772.570129</point>
				<point>660.000000,772.999939</point>
			</points>
		</object>
		<object>
			<coordinate>pixel</coordinate>
			<type>rectangle</type>
			<description>None</description>
			<possibleresult>
				<name>Small Car</name>
			</possibleresult>
			<points>
				<point>691.000000,779.000000</point>
				<point>683.000000,779.000000</point>
				<point>683.000000,766.000000</point>
				<point>691.000000,766.000000</point>
				<point>691.000000,779.000000</point>
			</points>
		</object>
		<object>
			<coordinate>pixel</coordinate>
			<type>rectangle</type>
			<description>None</description>
			<possibleresult>
				<name>Small Car</name>
			</possibleresult>
			<points>
				<point>692.000000,804.000000</point>
				<point>683.000000,804.000000</point>
				<point>683.000000,790.000000</point>
				<point>692.000000,790.000000</point>
				<point>692.000000,804.000000</point>
			</points>
		</object>
		<object>
			<coordinate>pixel</coordinate>
			<type>rectangle</type>
			<description>None</description>
			<possibleresult>
				<name>Small Car</name>
			</possibleresult>
			<points>
				<point>695.000000,823.000000</point>
				<point>686.000000,823.000000</point>
				<point>686.000000,809.000000</point>
				<point>695.000000,809.000000</point>
				<point>695.000000,823.000000</point>
			</points>
		</object>
		<object>
			<coordinate>pixel</coordinate>
			<type>rectangle</type>
			<description>None</description>
			<possibleresult>
				<name>Van</name>
			</possibleresult>
			<points>
				<point>693.000000,838.000000</point>
				<point>685.000000,838.000000</point>
				<point>685.000000,825.000000</point>
				<point>693.000000,825.000000</point>
				<point>693.000000,838.000000</point>
			</points>
		</object>
		<object>
			<coordinate>pixel</coordinate>
			<type>rectangle</type>
			<description>None</description>
			<possibleresult>
				<name>Small Car</name>
			</possibleresult>
			<points>
				<point>695.031067,858.464661</point>
				<point>687.000061,859.000061</point>
				<point>686.000061,844.000061</point>
				<point>694.031067,843.464661</point>
				<point>695.031067,858.464661</point>
			</points>
		</object>
		<object>
			<coordinate>pixel</coordinate>
			<type>rectangle</type>
			<description>None</description>
			<possibleresult>
				<name>Van</name>
			</possibleresult>
			<points>
				<point>694.000000,890.000000</point>
				<point>685.000000,890.000000</point>
				<point>685.000000,876.000000</point>
				<point>694.000000,876.000000</point>
				<point>694.000000,890.000000</point>
			</points>
		</object>
		<object>
			<coordinate>pixel</coordinate>
			<type>rectangle</type>
			<description>None</description>
			<possibleresult>
				<name>Small Car</name>
			</possibleresult>
			<points>
				<point>693.000000,909.000000</point>
				<point>686.000000,909.000000</point>
				<point>686.000000,896.000000</point>
				<point>693.000000,896.000000</point>
				<point>693.000000,909.000000</point>
			</points>
		</object>
		<object>
			<coordinate>pixel</coordinate>
			<type>rectangle</type>
			<description>None</description>
			<possibleresult>
				<name>Small Car</name>
			</possibleresult>
			<points>
				<point>657.000061,835.000061</point>
				<point>655.969055,852.527649</point>
				<point>647.000061,852.000061</point>
				<point>648.031067,834.472473</point>
				<point>657.000061,835.000061</point>
			</points>
		</object>
		<object>
			<coordinate>pixel</coordinate>
			<type>rectangle</type>
			<description>None</description>
			<possibleresult>
				<name>Small Car</name>
			</possibleresult>
			<points>
				<point>694.000000,966.000000</point>
				<point>686.000000,966.000000</point>
				<point>686.000000,951.000000</point>
				<point>694.000000,951.000000</point>
				<point>694.000000,966.000000</point>
			</points>
		</object>
		<object>
			<coordinate>pixel</coordinate>
			<type>rectangle</type>
			<description>None</description>
			<possibleresult>
				<name>Small Car</name>
			</possibleresult>
			<points>
				<point>694.000000,983.000000</point>
				<point>686.000000,983.000000</point>
				<point>686.000000,970.000000</point>
				<point>694.000000,970.000000</point>
				<point>694.000000,983.000000</point>
			</points>
		</object>
		<object>
			<coordinate>pixel</coordinate>
			<type>rectangle</type>
			<description>None</description>
			<possibleresult>
				<name>Small Car</name>
			</possibleresult>
			<points>
				<point>748.030823,780.246155</point>
				<point>742.000061,781.000061</point>
				<point>739.969299,764.753967</point>
				<point>746.000061,764.000061</point>
				<point>748.030823,780.246155</point>
			</points>
		</object>
		<object>
			<coordinate>pixel</coordinate>
			<type>rectangle</type>
			<description>None</description>
			<possibleresult>
				<name>Van</name>
			</possibleresult>
			<points>
				<point>759.000061,780.000061</point>
				<point>750.039856,780.597351</point>
				<point>749.000061,765.000061</point>
				<point>757.960266,764.402771</point>
				<point>759.000061,780.000061</point>
			</points>
		</object>
		<object>
			<coordinate>pixel</coordinate>
			<type>rectangle</type>
			<description>None</description>
			<possibleresult>
				<name>Small Car</name>
			</possibleresult>
			<points>
				<point>770.000000,778.000000</point>
				<point>762.000000,778.000000</point>
				<point>762.000000,766.000000</point>
				<point>770.000000,766.000000</point>
				<point>770.000000,778.000000</point>
			</points>
		</object>
		<object>
			<coordinate>pixel</coordinate>
			<type>rectangle</type>
			<description>None</description>
			<possibleresult>
				<name>Small Car</name>
			</possibleresult>
			<points>
				<point>781.000061,764.000000</point>
				<point>779.495056,779.049561</point>
				<point>769.495056,778.049561</point>
				<point>771.000061,763.000000</point>
				<point>781.000061,764.000000</point>
			</points>
		</object>
		<object>
			<coordinate>pixel</coordinate>
			<type>rectangle</type>
			<description>None</description>
			<possibleresult>
				<name>Van</name>
			</possibleresult>
			<points>
				<point>792.022095,763.668213</point>
				<point>791.000000,779.000122</point>
				<point>780.977905,778.332031</point>
				<point>782.000000,763.000122</point>
				<point>792.022095,763.668213</point>
			</points>
		</object>
		<object>
			<coordinate>pixel</coordinate>
			<type>rectangle</type>
			<description>None</description>
			<possibleresult>
				<name>Small Car</name>
			</possibleresult>
			<points>
				<point>803.029358,765.617615</point>
				<point>801.999939,778.999939</point>
				<point>793.970520,778.382263</point>
				<point>794.999939,764.999939</point>
				<point>803.029358,765.617615</point>
			</points>
		</object>
		<object>
			<coordinate>pixel</coordinate>
			<type>rectangle</type>
			<description>None</description>
			<possibleresult>
				<name>Small Car</name>
			</possibleresult>
			<points>
				<point>823.000000,781.000000</point>
				<point>815.000000,781.000000</point>
				<point>815.000000,767.000000</point>
				<point>823.000000,767.000000</point>
				<point>823.000000,781.000000</point>
			</points>
		</object>
		<object>
			<coordinate>pixel</coordinate>
			<type>rectangle</type>
			<description>None</description>
			<possibleresult>
				<name>Van</name>
			</possibleresult>
			<points>
				<point>878.000122,780.000061</point>
				<point>869.969116,780.535461</point>
				<point>868.969116,765.535461</point>
				<point>877.000122,765.000061</point>
				<point>878.000122,780.000061</point>
			</points>
		</object>
		<object>
			<coordinate>pixel</coordinate>
			<type>rectangle</type>
			<description>None</description>
			<possibleresult>
				<name>Small Car</name>
			</possibleresult>
			<points>
				<point>890.000000,783.000000</point>
				<point>880.000000,783.000000</point>
				<point>880.000000,768.000000</point>
				<point>890.000000,768.000000</point>
				<point>890.000000,783.000000</point>
			</points>
		</object>
		<object>
			<coordinate>pixel</coordinate>
			<type>rectangle</type>
			<description>None</description>
			<possibleresult>
				<name>Small Car</name>
			</possibleresult>
			<points>
				<point>733.000000,790.000000</point>
				<point>716.000000,790.000000</point>
				<point>716.000000,784.000000</point>
				<point>733.000000,784.000000</point>
				<point>733.000000,790.000000</point>
			</points>
		</object>
		<object>
			<coordinate>pixel</coordinate>
			<type>rectangle</type>
			<description>None</description>
			<possibleresult>
				<name>Small Car</name>
			</possibleresult>
			<points>
				<point>736.000000,837.000000</point>
				<point>715.000000,837.000000</point>
				<point>715.000000,829.000000</point>
				<point>736.000000,829.000000</point>
				<point>736.000000,837.000000</point>
			</points>
		</object>
		<object>
			<coordinate>pixel</coordinate>
			<type>rectangle</type>
			<description>None</description>
			<possibleresult>
				<name>Small Car</name>
			</possibleresult>
			<points>
				<point>799.000000,833.000000</point>
				<point>790.000000,833.000000</point>
				<point>790.000000,815.000000</point>
				<point>799.000000,815.000000</point>
				<point>799.000000,833.000000</point>
			</points>
		</object>
		<object>
			<coordinate>pixel</coordinate>
			<type>rectangle</type>
			<description>None</description>
			<possibleresult>
				<name>Small Car</name>
			</possibleresult>
			<points>
				<point>821.000000,832.000000</point>
				<point>812.000000,832.000000</point>
				<point>812.000000,817.000000</point>
				<point>821.000000,817.000000</point>
				<point>821.000000,832.000000</point>
			</points>
		</object>
		<object>
			<coordinate>pixel</coordinate>
			<type>rectangle</type>
			<description>None</description>
			<possibleresult>
				<name>Small Car</name>
			</possibleresult>
			<points>
				<point>834.000000,828.000000</point>
				<point>826.000000,828.000000</point>
				<point>826.000000,815.000000</point>
				<point>834.000000,815.000000</point>
				<point>834.000000,828.000000</point>
			</points>
		</object>
		<object>
			<coordinate>pixel</coordinate>
			<type>rectangle</type>
			<description>None</description>
			<possibleresult>
				<name>Small Car</name>
			</possibleresult>
			<points>
				<point>845.000000,829.000000</point>
				<point>837.000000,829.000000</point>
				<point>837.000000,815.000000</point>
				<point>845.000000,815.000000</point>
				<point>845.000000,829.000000</point>
			</points>
		</object>
		<object>
			<coordinate>pixel</coordinate>
			<type>rectangle</type>
			<description>None</description>
			<possibleresult>
				<name>Small Car</name>
			</possibleresult>
			<points>
				<point>869.000000,831.000000</point>
				<point>859.000000,831.000000</point>
				<point>859.000000,816.000000</point>
				<point>869.000000,816.000000</point>
				<point>869.000000,831.000000</point>
			</points>
		</object>
		<object>
			<coordinate>pixel</coordinate>
			<type>rectangle</type>
			<description>None</description>
			<possibleresult>
				<name>Small Car</name>
			</possibleresult>
			<points>
				<point>841.280945,846.449646</point>
				<point>834.000061,851.000183</point>
				<point>823.719177,834.550720</point>
				<point>831.000061,830.000183</point>
				<point>841.280945,846.449646</point>
			</points>
		</object>
		<object>
			<coordinate>pixel</coordinate>
			<type>rectangle</type>
			<description>None</description>
			<possibleresult>
				<name>Small Car</name>
			</possibleresult>
			<points>
				<point>797.000061,894.000000</point>
				<point>790.102234,897.218994</point>
				<point>783.000061,882.000000</point>
				<point>789.897888,878.781006</point>
				<point>797.000061,894.000000</point>
			</points>
		</object>
		<object>
			<coordinate>pixel</coordinate>
			<type>rectangle</type>
			<description>None</description>
			<possibleresult>
				<name>Small Car</name>
			</possibleresult>
			<points>
				<point>832.000122,895.000122</point>
				<point>825.485474,898.040283</point>
				<point>818.485474,883.040283</point>
				<point>825.000122,880.000122</point>
				<point>832.000122,895.000122</point>
			</points>
		</object>
		<object>
			<coordinate>pixel</coordinate>
			<type>rectangle</type>
			<description>None</description>
			<possibleresult>
				<name>Small Car</name>
			</possibleresult>
			<points>
				<point>843.000122,894.000000</point>
				<point>835.246216,898.430786</point>
				<point>827.000000,884.000000</point>
				<point>834.753906,879.569214</point>
				<point>843.000122,894.000000</point>
			</points>
		</object>
		<object>
			<coordinate>pixel</coordinate>
			<type>rectangle</type>
			<description>None</description>
			<possibleresult>
				<name>Small Car</name>
			</possibleresult>
			<points>
				<point>887.999939,890.999939</point>
				<point>881.307678,895.461487</point>
				<point>872.999939,882.999939</point>
				<point>879.692200,878.538391</point>
				<point>887.999939,890.999939</point>
			</points>
		</object>
		<object>
			<coordinate>pixel</coordinate>
			<type>rectangle</type>
			<description>None</description>
			<possibleresult>
				<name>Small Car</name>
			</possibleresult>
			<points>
				<point>844.000000,914.000000</point>
				<point>836.000000,914.000000</point>
				<point>836.000000,899.000000</point>
				<point>844.000000,899.000000</point>
				<point>844.000000,914.000000</point>
			</points>
		</object>
		<object>
			<coordinate>pixel</coordinate>
			<type>rectangle</type>
			<description>None</description>
			<possibleresult>
				<name>Van</name>
			</possibleresult>
			<points>
				<point>734.000000,982.000000</point>
				<point>716.000000,982.000000</point>
				<point>716.000000,975.000000</point>
				<point>734.000000,975.000000</point>
				<point>734.000000,982.000000</point>
			</points>
		</object>
		<object>
			<coordinate>pixel</coordinate>
			<type>rectangle</type>
			<description>None</description>
			<possibleresult>
				<name>Small Car</name>
			</possibleresult>
			<points>
				<point>796.000000,961.000000</point>
				<point>786.000000,961.000000</point>
				<point>786.000000,943.000000</point>
				<point>796.000000,943.000000</point>
				<point>796.000000,961.000000</point>
			</points>
		</object>
		<object>
			<coordinate>pixel</coordinate>
			<type>rectangle</type>
			<description>None</description>
			<possibleresult>
				<name>Small Car</name>
			</possibleresult>
			<points>
				<point>819.000000,961.000000</point>
				<point>810.000000,961.000000</point>
				<point>810.000000,946.000000</point>
				<point>819.000000,946.000000</point>
				<point>819.000000,961.000000</point>
			</points>
		</object>
		<object>
			<coordinate>pixel</coordinate>
			<type>rectangle</type>
			<description>None</description>
			<possibleresult>
				<name>Small Car</name>
			</possibleresult>
			<points>
				<point>840.000000,964.000000</point>
				<point>831.000000,964.000000</point>
				<point>831.000000,947.000000</point>
				<point>840.000000,947.000000</point>
				<point>840.000000,964.000000</point>
			</points>
		</object>
		<object>
			<coordinate>pixel</coordinate>
			<type>rectangle</type>
			<description>None</description>
			<possibleresult>
				<name>Small Car</name>
			</possibleresult>
			<points>
				<point>816.000000,980.000000</point>
				<point>808.000000,980.000000</point>
				<point>808.000000,963.000000</point>
				<point>816.000000,963.000000</point>
				<point>816.000000,980.000000</point>
			</points>
		</object>
		<object>
			<coordinate>pixel</coordinate>
			<type>rectangle</type>
			<description>None</description>
			<possibleresult>
				<name>Small Car</name>
			</possibleresult>
			<points>
				<point>829.000000,979.000000</point>
				<point>821.000000,979.000000</point>
				<point>821.000000,966.000000</point>
				<point>829.000000,966.000000</point>
				<point>829.000000,979.000000</point>
			</points>
		</object>
		<object>
			<coordinate>pixel</coordinate>
			<type>rectangle</type>
			<description>None</description>
			<possibleresult>
				<name>Small Car</name>
			</possibleresult>
			<points>
				<point>840.000000,982.000000</point>
				<point>831.000000,982.000000</point>
				<point>831.000000,967.000000</point>
				<point>840.000000,967.000000</point>
				<point>840.000000,982.000000</point>
			</points>
		</object>
		<object>
			<coordinate>pixel</coordinate>
			<type>rectangle</type>
			<description>None</description>
			<possibleresult>
				<name>Small Car</name>
			</possibleresult>
			<points>
				<point>850.000000,980.000000</point>
				<point>842.000000,980.000000</point>
				<point>842.000000,964.000000</point>
				<point>850.000000,964.000000</point>
				<point>850.000000,980.000000</point>
			</points>
		</object>
		<object>
			<coordinate>pixel</coordinate>
			<type>rectangle</type>
			<description>None</description>
			<possibleresult>
				<name>Van</name>
			</possibleresult>
			<points>
				<point>863.000000,963.000000</point>
				<point>855.000000,963.000000</point>
				<point>855.000000,948.000000</point>
				<point>863.000000,948.000000</point>
				<point>863.000000,963.000000</point>
			</points>
		</object>
		<object>
			<coordinate>pixel</coordinate>
			<type>rectangle</type>
			<description>None</description>
			<possibleresult>
				<name>Small Car</name>
			</possibleresult>
			<points>
				<point>884.000000,960.000000</point>
				<point>877.000000,960.000000</point>
				<point>877.000000,948.000000</point>
				<point>884.000000,948.000000</point>
				<point>884.000000,960.000000</point>
			</points>
		</object>
		<object>
			<coordinate>pixel</coordinate>
			<type>rectangle</type>
			<description>None</description>
			<possibleresult>
				<name>Small Car</name>
			</possibleresult>
			<points>
				<point>963.000000,803.000000</point>
				<point>943.000000,803.000000</point>
				<point>943.000000,795.000000</point>
				<point>963.000000,795.000000</point>
				<point>963.000000,803.000000</point>
			</points>
		</object>
		<object>
			<coordinate>pixel</coordinate>
			<type>rectangle</type>
			<description>None</description>
			<possibleresult>
				<name>Small Car</name>
			</possibleresult>
			<points>
				<point>961.000000,821.000000</point>
				<point>942.000000,821.000000</point>
				<point>942.000000,814.000000</point>
				<point>961.000000,814.000000</point>
				<point>961.000000,821.000000</point>
			</points>
		</object>
		<object>
			<coordinate>pixel</coordinate>
			<type>rectangle</type>
			<description>None</description>
			<possibleresult>
				<name>Van</name>
			</possibleresult>
			<points>
				<point>962.373596,856.976746</point>
				<point>946.373596,857.976746</point>
				<point>946.000061,852.000061</point>
				<point>962.000061,851.000061</point>
				<point>962.373596,856.976746</point>
			</points>
		</object>
		<object>
			<coordinate>pixel</coordinate>
			<type>rectangle</type>
			<description>None</description>
			<possibleresult>
				<name>Van</name>
			</possibleresult>
			<points>
				<point>965.000000,868.000000</point>
				<point>948.000000,868.000000</point>
				<point>948.000000,861.000000</point>
				<point>965.000000,861.000000</point>
				<point>965.000000,868.000000</point>
			</points>
		</object>
		<object>
			<coordinate>pixel</coordinate>
			<type>rectangle</type>
			<description>None</description>
			<possibleresult>
				<name>Van</name>
			</possibleresult>
			<points>
				<point>964.277039,873.984619</point>
				<point>946.000061,875.000000</point>
				<point>945.723083,870.015381</point>
				<point>964.000061,869.000000</point>
				<point>964.277039,873.984619</point>
			</points>
		</object>
		<object>
			<coordinate>pixel</coordinate>
			<type>rectangle</type>
			<description>None</description>
			<possibleresult>
				<name>Van</name>
			</possibleresult>
			<points>
				<point>965.000000,884.000000</point>
				<point>947.000000,884.000000</point>
				<point>947.000000,879.000000</point>
				<point>965.000000,879.000000</point>
				<point>965.000000,884.000000</point>
			</points>
		</object>
		<object>
			<coordinate>pixel</coordinate>
			<type>rectangle</type>
			<description>None</description>
			<possibleresult>
				<name>Van</name>
			</possibleresult>
			<points>
				<point>965.000000,894.000000</point>
				<point>947.000000,894.000000</point>
				<point>947.000000,888.000000</point>
				<point>965.000000,888.000000</point>
				<point>965.000000,894.000000</point>
			</points>
		</object>
		<object>
			<coordinate>pixel</coordinate>
			<type>rectangle</type>
			<description>None</description>
			<possibleresult>
				<name>Van</name>
			</possibleresult>
			<points>
				<point>617.000000,733.000000</point>
				<point>597.000000,733.000000</point>
				<point>597.000000,726.000000</point>
				<point>617.000000,726.000000</point>
				<point>617.000000,733.000000</point>
			</points>
		</object>
		<object>
			<coordinate>pixel</coordinate>
			<type>rectangle</type>
			<description>None</description>
			<possibleresult>
				<name>Van</name>
			</possibleresult>
			<points>
				<point>953.000000,681.000000</point>
				<point>943.000000,681.000000</point>
				<point>943.000000,664.000000</point>
				<point>953.000000,664.000000</point>
				<point>953.000000,681.000000</point>
			</points>
		</object>
		<object>
			<coordinate>pixel</coordinate>
			<type>rectangle</type>
			<description>None</description>
			<possibleresult>
				<name>Small Car</name>
			</possibleresult>
			<points>
				<point>785.000000,960.000000</point>
				<point>775.000000,960.000000</point>
				<point>775.000000,944.000000</point>
				<point>785.000000,944.000000</point>
				<point>785.000000,960.000000</point>
			</points>
		</object>
		<object>
			<coordinate>pixel</coordinate>
			<type>rectangle</type>
			<description>None</description>
			<possibleresult>
				<name>Intersection</name>
			</possibleresult>
			<points>
				<point>709.811768,689.997864</point>
				<point>709.000000,759.000061</point>
				<point>624.000000,758.000061</point>
				<point>624.811768,688.997864</point>
				<point>709.811768,689.997864</point>
			</points>
		</object>
		<object>
			<coordinate>pixel</coordinate>
			<type>rectangle</type>
			<description>None</description>
			<possibleresult>
				<name>Van</name>
			</possibleresult>
			<points>
				<point>767.169128,627.046143</point>
				<point>764.999939,635.000000</point>
				<point>742.830750,628.953857</point>
				<point>744.999939,621.000000</point>
				<point>767.169128,627.046143</point>
			</points>
		</object>
		<object>
			<coordinate>pixel</coordinate>
			<type>rectangle</type>
			<description>None</description>
			<possibleresult>
				<name>Van</name>
			</possibleresult>
			<points>
				<point>884.000000,639.000000</point>
				<point>861.000000,639.000000</point>
				<point>861.000000,632.000000</point>
				<point>884.000000,632.000000</point>
				<point>884.000000,639.000000</point>
			</points>
		</object>
		<object>
			<coordinate>pixel</coordinate>
			<type>rectangle</type>
			<description>None</description>
			<possibleresult>
				<name>Small Car</name>
			</possibleresult>
			<points>
				<point>939.000000,725.000000</point>
				<point>917.000000,725.000000</point>
				<point>917.000000,719.000000</point>
				<point>939.000000,719.000000</point>
				<point>939.000000,725.000000</point>
			</points>
		</object>
		<object>
			<coordinate>pixel</coordinate>
			<type>rectangle</type>
			<description>None</description>
			<possibleresult>
				<name>Van</name>
			</possibleresult>
			<points>
				<point>738.000000,800.000000</point>
				<point>712.000000,800.000000</point>
				<point>712.000000,793.000000</point>
				<point>738.000000,793.000000</point>
				<point>738.000000,800.000000</point>
			</points>
		</object>
		<object>
			<coordinate>pixel</coordinate>
			<type>rectangle</type>
			<description>None</description>
			<possibleresult>
				<name>Small Car</name>
			</possibleresult>
			<points>
				<point>732.000000,810.000000</point>
				<point>712.000000,810.000000</point>
				<point>712.000000,802.000000</point>
				<point>732.000000,802.000000</point>
				<point>732.000000,810.000000</point>
			</points>
		</object>
		<object>
			<coordinate>pixel</coordinate>
			<type>rectangle</type>
			<description>None</description>
			<possibleresult>
				<name>Van</name>
			</possibleresult>
			<points>
				<point>733.399048,818.980103</point>
				<point>713.000000,820.000000</point>
				<point>712.600952,812.019897</point>
				<point>733.000000,811.000000</point>
				<point>733.399048,818.980103</point>
			</points>
		</object>
		<object>
			<coordinate>pixel</coordinate>
			<type>rectangle</type>
			<description>None</description>
			<possibleresult>
				<name>Small Car</name>
			</possibleresult>
			<points>
				<point>789.000061,831.000000</point>
				<point>780.031067,831.527588</point>
				<point>779.031067,814.527588</point>
				<point>788.000061,814.000000</point>
				<point>789.000061,831.000000</point>
			</points>
		</object>
		<object>
			<coordinate>pixel</coordinate>
			<type>rectangle</type>
			<description>None</description>
			<possibleresult>
				<name>Dump Truck</name>
			</possibleresult>
			<points>
				<point>739.000000,846.000000</point>
				<point>715.000000,846.000000</point>
				<point>715.000000,840.000000</point>
				<point>739.000000,840.000000</point>
				<point>739.000000,846.000000</point>
			</points>
		</object>
		<object>
			<coordinate>pixel</coordinate>
			<type>rectangle</type>
			<description>None</description>
			<possibleresult>
				<name>Dump Truck</name>
			</possibleresult>
			<points>
				<point>735.000000,854.000000</point>
				<point>719.000000,854.000000</point>
				<point>719.000000,848.000000</point>
				<point>735.000000,848.000000</point>
				<point>735.000000,854.000000</point>
			</points>
		</object>
		<object>
			<coordinate>pixel</coordinate>
			<type>rectangle</type>
			<description>None</description>
			<possibleresult>
				<name>Van</name>
			</possibleresult>
			<points>
				<point>736.287354,863.033997</point>
				<point>715.287354,864.033997</point>
				<point>715.000000,858.000061</point>
				<point>736.000000,857.000061</point>
				<point>736.287354,863.033997</point>
			</points>
		</object>
		<object>
			<coordinate>pixel</coordinate>
			<type>rectangle</type>
			<description>None</description>
			<possibleresult>
				<name>Dump Truck</name>
			</possibleresult>
			<points>
				<point>737.000000,874.000000</point>
				<point>713.000000,874.000000</point>
				<point>713.000000,867.000000</point>
				<point>737.000000,867.000000</point>
				<point>737.000000,874.000000</point>
			</points>
		</object>
		<object>
			<coordinate>pixel</coordinate>
			<type>rectangle</type>
			<description>None</description>
			<possibleresult>
				<name>Van</name>
			</possibleresult>
			<points>
				<point>737.000000,882.000000</point>
				<point>715.000000,882.000000</point>
				<point>715.000000,876.000000</point>
				<point>737.000000,876.000000</point>
				<point>737.000000,882.000000</point>
			</points>
		</object>
		<object>
			<coordinate>pixel</coordinate>
			<type>rectangle</type>
			<description>None</description>
			<possibleresult>
				<name>Van</name>
			</possibleresult>
			<points>
				<point>734.000000,892.000000</point>
				<point>715.000000,892.000000</point>
				<point>715.000000,885.000000</point>
				<point>734.000000,885.000000</point>
				<point>734.000000,892.000000</point>
			</points>
		</object>
		<object>
			<coordinate>pixel</coordinate>
			<type>rectangle</type>
			<description>None</description>
			<possibleresult>
				<name>Van</name>
			</possibleresult>
			<points>
				<point>736.000000,900.000000</point>
				<point>718.000000,900.000000</point>
				<point>718.000000,894.000000</point>
				<point>736.000000,894.000000</point>
				<point>736.000000,900.000000</point>
			</points>
		</object>
		<object>
			<coordinate>pixel</coordinate>
			<type>rectangle</type>
			<description>None</description>
			<possibleresult>
				<name>Van</name>
			</possibleresult>
			<points>
				<point>734.000000,910.000000</point>
				<point>714.000000,910.000000</point>
				<point>714.000000,903.000000</point>
				<point>734.000000,903.000000</point>
				<point>734.000000,910.000000</point>
			</points>
		</object>
		<object>
			<coordinate>pixel</coordinate>
			<type>rectangle</type>
			<description>None</description>
			<possibleresult>
				<name>Small Car</name>
			</possibleresult>
			<points>
				<point>824.031006,915.527649</point>
				<point>816.000000,916.000061</point>
				<point>815.000000,899.000061</point>
				<point>823.031006,898.527649</point>
				<point>824.031006,915.527649</point>
			</points>
		</object>
		<object>
			<coordinate>pixel</coordinate>
			<type>rectangle</type>
			<description>None</description>
			<possibleresult>
				<name>Small Car</name>
			</possibleresult>
			<points>
				<point>834.000061,914.000061</point>
				<point>825.031067,914.527649</point>
				<point>824.031067,897.527649</point>
				<point>833.000061,897.000061</point>
				<point>834.000061,914.000061</point>
			</points>
		</object>
		<object>
			<coordinate>pixel</coordinate>
			<type>rectangle</type>
			<description>None</description>
			<possibleresult>
				<name>Small Car</name>
			</possibleresult>
			<points>
				<point>856.000000,914.000000</point>
				<point>847.035034,914.560303</point>
				<point>846.000000,898.000000</point>
				<point>854.964966,897.439697</point>
				<point>856.000000,914.000000</point>
			</points>
		</object>
		<object>
			<coordinate>pixel</coordinate>
			<type>rectangle</type>
			<description>None</description>
			<possibleresult>
				<name>Small Car</name>
			</possibleresult>
			<points>
				<point>866.000000,915.000000</point>
				<point>857.000000,915.000000</point>
				<point>857.000000,898.000000</point>
				<point>866.000000,898.000000</point>
				<point>866.000000,915.000000</point>
			</points>
		</object>
		<object>
			<coordinate>pixel</coordinate>
			<type>rectangle</type>
			<description>None</description>
			<possibleresult>
				<name>Small Car</name>
			</possibleresult>
			<points>
				<point>879.000000,915.000000</point>
				<point>868.000000,915.000000</point>
				<point>868.000000,900.000000</point>
				<point>879.000000,900.000000</point>
				<point>879.000000,915.000000</point>
			</points>
		</object>
		<object>
			<coordinate>pixel</coordinate>
			<type>rectangle</type>
			<description>None</description>
			<possibleresult>
				<name>Van</name>
			</possibleresult>
			<points>
				<point>876.000122,894.000122</point>
				<point>868.000122,898.000122</point>
				<point>860.000122,882.000122</point>
				<point>868.000122,878.000122</point>
				<point>876.000122,894.000122</point>
			</points>
		</object>
		<object>
			<coordinate>pixel</coordinate>
			<type>rectangle</type>
			<description>None</description>
			<possibleresult>
				<name>Small Car</name>
			</possibleresult>
			<points>
				<point>865.000000,892.000061</point>
				<point>857.110718,896.207703</point>
				<point>849.110718,881.207703</point>
				<point>857.000000,877.000061</point>
				<point>865.000000,892.000061</point>
			</points>
		</object>
		<object>
			<coordinate>pixel</coordinate>
			<type>rectangle</type>
			<description>None</description>
			<possibleresult>
				<name>Small Car</name>
			</possibleresult>
			<points>
				<point>874.000000,962.000000</point>
				<point>865.000000,962.000000</point>
				<point>865.000000,946.000000</point>
				<point>874.000000,946.000000</point>
				<point>874.000000,962.000000</point>
			</points>
		</object>
		<object>
			<coordinate>pixel</coordinate>
			<type>rectangle</type>
			<description>None</description>
			<possibleresult>
				<name>Small Car</name>
			</possibleresult>
			<points>
				<point>831.023315,947.626465</point>
				<point>830.000000,964.000000</point>
				<point>819.976685,963.373535</point>
				<point>821.000000,947.000000</point>
				<point>831.023315,947.626465</point>
			</points>
		</object>
		<object>
			<coordinate>pixel</coordinate>
			<type>rectangle</type>
			<description>None</description>
			<possibleresult>
				<name>Small Car</name>
			</possibleresult>
			<points>
				<point>795.000000,977.000000</point>
				<point>787.000000,977.000000</point>
				<point>787.000000,962.000000</point>
				<point>795.000000,962.000000</point>
				<point>795.000000,977.000000</point>
			</points>
		</object>
		<object>
			<coordinate>pixel</coordinate>
			<type>rectangle</type>
			<description>None</description>
			<possibleresult>
				<name>Van</name>
			</possibleresult>
			<points>
				<point>854.000061,846.000061</point>
				<point>847.292786,851.365906</point>
				<point>835.292786,836.365906</point>
				<point>842.000061,831.000061</point>
				<point>854.000061,846.000061</point>
			</points>
		</object>
		<object>
			<coordinate>pixel</coordinate>
			<type>rectangle</type>
			<description>None</description>
			<possibleresult>
				<name>Van</name>
			</possibleresult>
			<points>
				<point>862.999878,845.000000</point>
				<point>856.999878,849.000000</point>
				<point>847.769165,835.153809</point>
				<point>853.769165,831.153809</point>
				<point>862.999878,845.000000</point>
			</points>
		</object>
		<object>
			<coordinate>pixel</coordinate>
			<type>rectangle</type>
			<description>None</description>
			<possibleresult>
				<name>Van</name>
			</possibleresult>
			<points>
				<point>876.153748,845.230591</point>
				<point>868.999939,849.999878</point>
				<point>858.999939,834.999878</point>
				<point>866.153748,830.230591</point>
				<point>876.153748,845.230591</point>
			</points>
		</object>
		<object>
			<coordinate>pixel</coordinate>
			<type>rectangle</type>
			<description>None</description>
			<possibleresult>
				<name>Small Car</name>
			</possibleresult>
			<points>
				<point>887.153748,846.230652</point>
				<point>879.999939,850.999939</point>
				<point>869.846130,835.769226</point>
				<point>876.999939,830.999939</point>
				<point>887.153748,846.230652</point>
			</points>
		</object>
		<object>
			<coordinate>pixel</coordinate>
			<type>rectangle</type>
			<description>None</description>
			<possibleresult>
				<name>Small Car</name>
			</possibleresult>
			<points>
				<point>896.000122,846.000061</point>
				<point>888.000122,850.000061</point>
				<point>880.600098,835.200012</point>
				<point>888.600098,831.200012</point>
				<point>896.000122,846.000061</point>
			</points>
		</object>
		<object>
			<coordinate>pixel</coordinate>
			<type>rectangle</type>
			<description>None</description>
			<possibleresult>
				<name>Small Car</name>
			</possibleresult>
			<points>
				<point>811.000000,830.000000</point>
				<point>800.000000,830.000000</point>
				<point>800.000000,814.000000</point>
				<point>811.000000,814.000000</point>
				<point>811.000000,830.000000</point>
			</points>
		</object>
		<object>
			<coordinate>pixel</coordinate>
			<type>rectangle</type>
			<description>None</description>
			<possibleresult>
				<name>Van</name>
			</possibleresult>
			<points>
				<point>856.000000,831.000000</point>
				<point>846.000000,831.000000</point>
				<point>846.000000,816.000000</point>
				<point>856.000000,816.000000</point>
				<point>856.000000,831.000000</point>
			</points>
		</object>
		<object>
			<coordinate>pixel</coordinate>
			<type>rectangle</type>
			<description>None</description>
			<possibleresult>
				<name>Small Car</name>
			</possibleresult>
			<points>
				<point>889.000000,831.000000</point>
				<point>879.000000,831.000000</point>
				<point>879.000000,817.000000</point>
				<point>889.000000,817.000000</point>
				<point>889.000000,831.000000</point>
			</points>
		</object>
		<object>
			<coordinate>pixel</coordinate>
			<type>rectangle</type>
			<description>None</description>
			<possibleresult>
				<name>Van</name>
			</possibleresult>
			<points>
				<point>899.000000,831.000000</point>
				<point>889.000000,831.000000</point>
				<point>889.000000,816.000000</point>
				<point>899.000000,816.000000</point>
				<point>899.000000,831.000000</point>
			</points>
		</object>
		<object>
			<coordinate>pixel</coordinate>
			<type>rectangle</type>
			<description>None</description>
			<possibleresult>
				<name>Van</name>
			</possibleresult>
			<points>
				<point>960.498047,824.031128</point>
				<point>960.000000,832.000000</point>
				<point>943.501953,830.968872</point>
				<point>944.000000,823.000000</point>
				<point>960.498047,824.031128</point>
			</points>
		</object>
		<object>
			<coordinate>pixel</coordinate>
			<type>rectangle</type>
			<description>None</description>
			<possibleresult>
				<name>Van</name>
			</possibleresult>
			<points>
				<point>958.000000,839.000000</point>
				<point>946.000000,839.000000</point>
				<point>946.000000,834.000000</point>
				<point>958.000000,834.000000</point>
				<point>958.000000,839.000000</point>
			</points>
		</object>
		<object>
			<coordinate>pixel</coordinate>
			<type>rectangle</type>
			<description>None</description>
			<possibleresult>
				<name>Van</name>
			</possibleresult>
			<points>
				<point>834.000000,780.000000</point>
				<point>826.000000,780.000000</point>
				<point>826.000000,768.000000</point>
				<point>834.000000,768.000000</point>
				<point>834.000000,780.000000</point>
			</points>
		</object>
		<object>
			<coordinate>pixel</coordinate>
			<type>rectangle</type>
			<description>None</description>
			<possibleresult>
				<name>Small Car</name>
			</possibleresult>
			<points>
				<point>845.000000,781.000000</point>
				<point>836.000000,781.000000</point>
				<point>836.000000,768.000000</point>
				<point>845.000000,768.000000</point>
				<point>845.000000,781.000000</point>
			</points>
		</object>
		<object>
			<coordinate>pixel</coordinate>
			<type>rectangle</type>
			<description>None</description>
			<possibleresult>
				<name>Van</name>
			</possibleresult>
			<points>
				<point>855.000000,782.000000</point>
				<point>846.000000,782.000000</point>
				<point>846.000000,768.000000</point>
				<point>855.000000,768.000000</point>
				<point>855.000000,782.000000</point>
			</points>
		</object>
		<object>
			<coordinate>pixel</coordinate>
			<type>rectangle</type>
			<description>None</description>
			<possibleresult>
				<name>Dump Truck</name>
			</possibleresult>
			<points>
				<point>737.000000,955.000000</point>
				<point>716.000000,955.000000</point>
				<point>716.000000,949.000000</point>
				<point>737.000000,949.000000</point>
				<point>737.000000,955.000000</point>
			</points>
		</object>
	</objects>
</annotation>