<?xml version="1.0" encoding="utf-8"?>
<annotation>
	<source>
		<filename>1376.tif</filename>
		<origin>GF2/GF3</origin>
	</source>
	<research>
		<version>1.0</version>
		<provider>FAIR1M</provider>
		<author>Cyber</author>
		<pluginname>FAIR1M</pluginname>
		<pluginclass>object detection</pluginclass>
		<time>2021-03</time>
	</research>
	<size>
		<width>1000</width>
		<height>1000</height>
		<depth>3</depth>
	</size>
	<objects>
		<object>
			<coordinate>pixel</coordinate>
			<type>rectangle</type>
			<description>None</description>
			<possibleresult>
				<name>Small Car</name>
			</possibleresult>
			<points>
				<point>31.000002,5.750797</point>
				<point>31.000002,0.000000</point>
				<point>42.538467,0.000000</point>
				<point>42.538467,5.750797</point>
				<point>31.000002,5.750797</point>
			</points>
		</object>
		<object>
			<coordinate>pixel</coordinate>
			<type>rectangle</type>
			<description>None</description>
			<possibleresult>
				<name>Small Car</name>
			</possibleresult>
			<points>
				<point>58.000004,0.000000</point>
				<point>48.000004,10.000002</point>
				<point>42.000004,4.000002</point>
				<point>46.000008,0.000000</point>
				<point>58.000004,0.000000</point>
			</points>
		</object>
		<object>
			<coordinate>pixel</coordinate>
			<type>rectangle</type>
			<description>None</description>
			<possibleresult>
				<name>Van</name>
			</possibleresult>
			<points>
				<point>61.428566,0.000000</point>
				<point>64.909088,0.000000</point>
				<point>70.000000,3.999998</point>
				<point>59.000000,17.999998</point>
				<point>61.428566,0.000000</point>
			</points>
		</object>
		<object>
			<coordinate>pixel</coordinate>
			<type>rectangle</type>
			<description>None</description>
			<possibleresult>
				<name>Small Car</name>
			</possibleresult>
			<points>
				<point>79.000000,8.999998</point>
				<point>68.590164,21.491804</point>
				<point>62.000000,16.000000</point>
				<point>72.409836,3.508194</point>
				<point>79.000000,8.999998</point>
			</points>
		</object>
		<object>
			<coordinate>pixel</coordinate>
			<type>rectangle</type>
			<description>None</description>
			<possibleresult>
				<name>Small Car</name>
			</possibleresult>
			<points>
				<point>90.000008,15.999998</point>
				<point>78.000008,27.999998</point>
				<point>72.000008,21.999998</point>
				<point>84.000008,9.999998</point>
				<point>90.000008,15.999998</point>
			</points>
		</object>
		<object>
			<coordinate>pixel</coordinate>
			<type>rectangle</type>
			<description>None</description>
			<possibleresult>
				<name>Small Car</name>
			</possibleresult>
			<points>
				<point>64.000000,24.000000</point>
				<point>51.731628,37.290733</point>
				<point>46.000000,32.000000</point>
				<point>58.268372,18.709267</point>
				<point>64.000000,24.000000</point>
			</points>
		</object>
		<object>
			<coordinate>pixel</coordinate>
			<type>rectangle</type>
			<description>None</description>
			<possibleresult>
				<name>Small Car</name>
			</possibleresult>
			<points>
				<point>53.999996,17.999998</point>
				<point>42.750942,30.271696</point>
				<point>36.999996,24.999998</point>
				<point>48.249050,12.728300</point>
				<point>53.999996,17.999998</point>
			</points>
		</object>
		<object>
			<coordinate>pixel</coordinate>
			<type>rectangle</type>
			<description>None</description>
			<possibleresult>
				<name>Small Car</name>
			</possibleresult>
			<points>
				<point>74.000008,30.000004</point>
				<point>62.000008,42.000004</point>
				<point>56.000008,36.000004</point>
				<point>68.000008,24.000004</point>
				<point>74.000008,30.000004</point>
			</points>
		</object>
		<object>
			<coordinate>pixel</coordinate>
			<type>rectangle</type>
			<description>None</description>
			<possibleresult>
				<name>Bridge</name>
			</possibleresult>
			<points>
				<point>710.112061,248.070282</point>
				<point>702.000000,260.999969</point>
				<point>336.887939,31.929722</point>
				<point>345.000000,19.000031</point>
				<point>710.112061,248.070282</point>
			</points>
		</object>
		<object>
			<coordinate>pixel</coordinate>
			<type>rectangle</type>
			<description>None</description>
			<possibleresult>
				<name>Dump Truck</name>
			</possibleresult>
			<points>
				<point>992.000000,733.000000</point>
				<point>984.427246,738.579834</point>
				<point>970.000000,719.000000</point>
				<point>977.572754,713.420166</point>
				<point>992.000000,733.000000</point>
			</points>
		</object>
		<object>
			<coordinate>pixel</coordinate>
			<type>rectangle</type>
			<description>None</description>
			<possibleresult>
				<name>Van</name>
			</possibleresult>
			<points>
				<point>978.000061,662.000122</point>
				<point>969.309021,667.489258</point>
				<point>957.000061,648.000122</point>
				<point>965.691101,642.510986</point>
				<point>978.000061,662.000122</point>
			</points>
		</object>
	</objects>
</annotation>