<?xml version="1.0" encoding="utf-8"?>
<annotation>
	<source>
		<filename>1377.tif</filename>
		<origin>GF2/GF3</origin>
	</source>
	<research>
		<version>1.0</version>
		<provider>FAIR1M</provider>
		<author>Cyber</author>
		<pluginname>FAIR1M</pluginname>
		<pluginclass>object detection</pluginclass>
		<time>2021-03</time>
	</research>
	<size>
		<width>1000</width>
		<height>1000</height>
		<depth>3</depth>
	</size>
	<objects>
		<object>
			<coordinate>pixel</coordinate>
			<type>rectangle</type>
			<description>None</description>
			<possibleresult>
				<name>Intersection</name>
			</possibleresult>
			<points>
				<point>610.705933,13.324575</point>
				<point>610.705933,0.000001</point>
				<point>645.520630,0.000001</point>
				<point>645.520630,13.324575</point>
				<point>610.705933,13.324575</point>
			</points>
		</object>
		<object>
			<coordinate>pixel</coordinate>
			<type>rectangle</type>
			<description>None</description>
			<possibleresult>
				<name>Intersection</name>
			</possibleresult>
			<points>
				<point>483.999969,194.000000</point>
				<point>460.486298,250.203461</point>
				<point>362.486298,209.203461</point>
				<point>385.999969,153.000000</point>
				<point>483.999969,194.000000</point>
			</points>
		</object>
		<object>
			<coordinate>pixel</coordinate>
			<type>rectangle</type>
			<description>None</description>
			<possibleresult>
				<name>Intersection</name>
			</possibleresult>
			<points>
				<point>305.836121,446.427124</point>
				<point>279.999969,497.000000</point>
				<point>187.999985,450.000000</point>
				<point>213.836121,399.427124</point>
				<point>305.836121,446.427124</point>
			</points>
		</object>
		<object>
			<coordinate>pixel</coordinate>
			<type>rectangle</type>
			<description>None</description>
			<possibleresult>
				<name>Intersection</name>
			</possibleresult>
			<points>
				<point>127.074722,684.039185</point>
				<point>102.999985,730.000000</point>
				<point>18.588961,685.784668</point>
				<point>42.663696,639.823853</point>
				<point>127.074722,684.039185</point>
			</points>
		</object>
		<object>
			<coordinate>pixel</coordinate>
			<type>rectangle</type>
			<description>None</description>
			<possibleresult>
				<name>Small Car</name>
			</possibleresult>
			<points>
				<point>351.120667,813.051758</point>
				<point>349.000000,818.000000</point>
				<point>341.879333,814.948242</point>
				<point>344.000000,810.000000</point>
				<point>351.120667,813.051758</point>
			</points>
		</object>
		<object>
			<coordinate>pixel</coordinate>
			<type>rectangle</type>
			<description>None</description>
			<possibleresult>
				<name>Van</name>
			</possibleresult>
			<points>
				<point>372.000000,821.000000</point>
				<point>369.402344,827.169434</point>
				<point>350.000000,819.000000</point>
				<point>352.597656,812.830566</point>
				<point>372.000000,821.000000</point>
			</points>
		</object>
		<object>
			<coordinate>pixel</coordinate>
			<type>rectangle</type>
			<description>None</description>
			<possibleresult>
				<name>Small Car</name>
			</possibleresult>
			<points>
				<point>420.362061,814.155212</point>
				<point>418.241394,819.103455</point>
				<point>410.879333,815.948303</point>
				<point>413.000000,811.000061</point>
				<point>420.362061,814.155212</point>
			</points>
		</object>
		<object>
			<coordinate>pixel</coordinate>
			<type>rectangle</type>
			<description>None</description>
			<possibleresult>
				<name>Cargo Truck</name>
			</possibleresult>
			<points>
				<point>395.999969,828.000000</point>
				<point>392.344818,837.137939</point>
				<point>372.344818,829.137939</point>
				<point>375.999969,820.000000</point>
				<point>395.999969,828.000000</point>
			</points>
		</object>
		<object>
			<coordinate>pixel</coordinate>
			<type>rectangle</type>
			<description>None</description>
			<possibleresult>
				<name>Van</name>
			</possibleresult>
			<points>
				<point>443.000000,824.000000</point>
				<point>440.144470,830.067993</point>
				<point>423.000000,822.000000</point>
				<point>425.855530,815.932007</point>
				<point>443.000000,824.000000</point>
			</points>
		</object>
		<object>
			<coordinate>pixel</coordinate>
			<type>rectangle</type>
			<description>None</description>
			<possibleresult>
				<name>Van</name>
			</possibleresult>
			<points>
				<point>461.000061,832.000122</point>
				<point>458.400085,837.200073</point>
				<point>444.000061,830.000122</point>
				<point>446.600037,824.800171</point>
				<point>461.000061,832.000122</point>
			</points>
		</object>
		<object>
			<coordinate>pixel</coordinate>
			<type>rectangle</type>
			<description>None</description>
			<possibleresult>
				<name>Van</name>
			</possibleresult>
			<points>
				<point>482.000000,841.000000</point>
				<point>479.402344,847.169434</point>
				<point>460.000000,839.000000</point>
				<point>462.597656,832.830566</point>
				<point>482.000000,841.000000</point>
			</points>
		</object>
		<object>
			<coordinate>pixel</coordinate>
			<type>rectangle</type>
			<description>None</description>
			<possibleresult>
				<name>Dump Truck</name>
			</possibleresult>
			<points>
				<point>452.999969,853.999878</point>
				<point>449.140106,861.076294</point>
				<point>426.999969,848.999878</point>
				<point>430.859833,841.923462</point>
				<point>452.999969,853.999878</point>
			</points>
		</object>
		<object>
			<coordinate>pixel</coordinate>
			<type>rectangle</type>
			<description>None</description>
			<possibleresult>
				<name>Small Car</name>
			</possibleresult>
			<points>
				<point>478.000000,865.000000</point>
				<point>475.000000,872.000000</point>
				<point>454.000000,863.000000</point>
				<point>457.000000,856.000000</point>
				<point>478.000000,865.000000</point>
			</points>
		</object>
		<object>
			<coordinate>pixel</coordinate>
			<type>rectangle</type>
			<description>None</description>
			<possibleresult>
				<name>Small Car</name>
			</possibleresult>
			<points>
				<point>520.443420,855.158386</point>
				<point>518.000000,862.000061</point>
				<point>503.556580,856.841736</point>
				<point>506.000000,850.000061</point>
				<point>520.443420,855.158386</point>
			</points>
		</object>
		<object>
			<coordinate>pixel</coordinate>
			<type>rectangle</type>
			<description>None</description>
			<possibleresult>
				<name>Small Car</name>
			</possibleresult>
			<points>
				<point>505.000031,850.000000</point>
				<point>502.044708,857.018799</point>
				<point>483.000031,849.000000</point>
				<point>485.955353,841.981201</point>
				<point>505.000031,850.000000</point>
			</points>
		</object>
		<object>
			<coordinate>pixel</coordinate>
			<type>rectangle</type>
			<description>None</description>
			<possibleresult>
				<name>Van</name>
			</possibleresult>
			<points>
				<point>507.149506,878.078308</point>
				<point>503.000031,886.000061</point>
				<point>481.850555,874.921814</point>
				<point>486.000031,867.000061</point>
				<point>507.149506,878.078308</point>
			</points>
		</object>
		<object>
			<coordinate>pixel</coordinate>
			<type>rectangle</type>
			<description>None</description>
			<possibleresult>
				<name>Van</name>
			</possibleresult>
			<points>
				<point>554.000000,897.000000</point>
				<point>550.400024,904.199951</point>
				<point>540.000000,899.000000</point>
				<point>543.599976,891.800049</point>
				<point>554.000000,897.000000</point>
			</points>
		</object>
		<object>
			<coordinate>pixel</coordinate>
			<type>rectangle</type>
			<description>None</description>
			<possibleresult>
				<name>Small Car</name>
			</possibleresult>
			<points>
				<point>579.000061,881.000122</point>
				<point>575.800110,887.400146</point>
				<point>563.000061,881.000122</point>
				<point>566.200012,874.600098</point>
				<point>579.000061,881.000122</point>
			</points>
		</object>
		<object>
			<coordinate>pixel</coordinate>
			<type>rectangle</type>
			<description>None</description>
			<possibleresult>
				<name>Van</name>
			</possibleresult>
			<points>
				<point>752.400085,981.200134</point>
				<point>749.000061,988.000183</point>
				<point>731.800110,979.400208</point>
				<point>735.200134,972.600159</point>
				<point>752.400085,981.200134</point>
			</points>
		</object>
		<object>
			<coordinate>pixel</coordinate>
			<type>rectangle</type>
			<description>None</description>
			<possibleresult>
				<name>Van</name>
			</possibleresult>
			<points>
				<point>772.240784,989.113342</point>
				<point>768.999939,996.000061</point>
				<point>751.759094,987.886780</point>
				<point>754.999939,981.000061</point>
				<point>772.240784,989.113342</point>
			</points>
		</object>
		<object>
			<coordinate>pixel</coordinate>
			<type>rectangle</type>
			<description>None</description>
			<possibleresult>
				<name>Cargo Truck</name>
			</possibleresult>
			<points>
				<point>797.230591,1000.000000</point>
				<point>779.076843,1000.000000</point>
				<point>771.604614,995.776550</point>
				<point>776.000000,988.000061</point>
				<point>797.230591,1000.000000</point>
			</points>
		</object>
		<object>
			<coordinate>pixel</coordinate>
			<type>rectangle</type>
			<description>None</description>
			<possibleresult>
				<name>Van</name>
			</possibleresult>
			<points>
				<point>796.257996,973.122192</point>
				<point>793.000061,980.000000</point>
				<point>773.742126,970.877808</point>
				<point>777.000061,964.000000</point>
				<point>796.257996,973.122192</point>
			</points>
		</object>
		<object>
			<coordinate>pixel</coordinate>
			<type>rectangle</type>
			<description>None</description>
			<possibleresult>
				<name>Small Car</name>
			</possibleresult>
			<points>
				<point>817.000061,983.000122</point>
				<point>814.400085,988.200073</point>
				<point>800.400085,981.200073</point>
				<point>803.000061,976.000122</point>
				<point>817.000061,983.000122</point>
			</points>
		</object>
		<object>
			<coordinate>pixel</coordinate>
			<type>rectangle</type>
			<description>None</description>
			<possibleresult>
				<name>Van</name>
			</possibleresult>
			<points>
				<point>845.402222,993.165649</point>
				<point>842.999878,999.000000</point>
				<point>825.597534,991.834351</point>
				<point>827.999878,986.000000</point>
				<point>845.402222,993.165649</point>
			</points>
		</object>
		<object>
			<coordinate>pixel</coordinate>
			<type>rectangle</type>
			<description>None</description>
			<possibleresult>
				<name>Van</name>
			</possibleresult>
			<points>
				<point>1000.000000,774.588257</point>
				<point>1000.000000,777.428528</point>
				<point>998.452637,781.186401</point>
				<point>981.452637,774.186401</point>
				<point>1000.000000,774.588257</point>
			</points>
		</object>
		<object>
			<coordinate>pixel</coordinate>
			<type>rectangle</type>
			<description>None</description>
			<possibleresult>
				<name>Small Car</name>
			</possibleresult>
			<points>
				<point>950.999878,753.000000</point>
				<point>947.706787,760.318115</point>
				<point>927.706787,751.318115</point>
				<point>930.999878,744.000000</point>
				<point>950.999878,753.000000</point>
			</points>
		</object>
		<object>
			<coordinate>pixel</coordinate>
			<type>rectangle</type>
			<description>None</description>
			<possibleresult>
				<name>Small Car</name>
			</possibleresult>
			<points>
				<point>900.000183,732.000061</point>
				<point>897.000183,738.000061</point>
				<point>883.000183,731.000061</point>
				<point>886.000183,725.000061</point>
				<point>900.000183,732.000061</point>
			</points>
		</object>
		<object>
			<coordinate>pixel</coordinate>
			<type>rectangle</type>
			<description>None</description>
			<possibleresult>
				<name>Small Car</name>
			</possibleresult>
			<points>
				<point>881.190063,723.087708</point>
				<point>877.999878,729.999939</point>
				<point>864.999878,723.999939</point>
				<point>868.190063,717.087708</point>
				<point>881.190063,723.087708</point>
			</points>
		</object>
		<object>
			<coordinate>pixel</coordinate>
			<type>rectangle</type>
			<description>None</description>
			<possibleresult>
				<name>Van</name>
			</possibleresult>
			<points>
				<point>871.077026,693.615417</point>
				<point>868.000122,699.000061</point>
				<point>854.000122,691.000061</point>
				<point>857.077026,685.615417</point>
				<point>871.077026,693.615417</point>
			</points>
		</object>
		<object>
			<coordinate>pixel</coordinate>
			<type>rectangle</type>
			<description>None</description>
			<possibleresult>
				<name>Van</name>
			</possibleresult>
			<points>
				<point>855.000000,686.000000</point>
				<point>852.144531,692.067993</point>
				<point>835.000000,684.000000</point>
				<point>837.855469,677.932007</point>
				<point>855.000000,686.000000</point>
			</points>
		</object>
		<object>
			<coordinate>pixel</coordinate>
			<type>rectangle</type>
			<description>None</description>
			<possibleresult>
				<name>Small Car</name>
			</possibleresult>
			<points>
				<point>833.644775,675.305420</point>
				<point>830.000000,683.000000</point>
				<point>811.000000,674.000000</point>
				<point>814.644775,666.305420</point>
				<point>833.644775,675.305420</point>
			</points>
		</object>
		<object>
			<coordinate>pixel</coordinate>
			<type>rectangle</type>
			<description>None</description>
			<possibleresult>
				<name>Small Car</name>
			</possibleresult>
			<points>
				<point>714.092834,625.041382</point>
				<point>711.000061,632.000122</point>
				<point>692.907288,623.958862</point>
				<point>696.000061,617.000122</point>
				<point>714.092834,625.041382</point>
			</points>
		</object>
		<object>
			<coordinate>pixel</coordinate>
			<type>rectangle</type>
			<description>None</description>
			<possibleresult>
				<name>Small Car</name>
			</possibleresult>
			<points>
				<point>687.000061,614.000061</point>
				<point>684.314758,620.137756</point>
				<point>668.000061,613.000061</point>
				<point>670.685364,606.862366</point>
				<point>687.000061,614.000061</point>
			</points>
		</object>
		<object>
			<coordinate>pixel</coordinate>
			<type>rectangle</type>
			<description>None</description>
			<possibleresult>
				<name>Small Car</name>
			</possibleresult>
			<points>
				<point>661.000061,604.000061</point>
				<point>658.000061,610.000061</point>
				<point>650.000061,606.000061</point>
				<point>653.000061,600.000061</point>
				<point>661.000061,604.000061</point>
			</points>
		</object>
		<object>
			<coordinate>pixel</coordinate>
			<type>rectangle</type>
			<description>None</description>
			<possibleresult>
				<name>Small Car</name>
			</possibleresult>
			<points>
				<point>419.092773,529.041260</point>
				<point>416.000000,536.000000</point>
				<point>406.628845,531.835083</point>
				<point>409.721619,524.876343</point>
				<point>419.092773,529.041260</point>
			</points>
		</object>
		<object>
			<coordinate>pixel</coordinate>
			<type>rectangle</type>
			<description>None</description>
			<possibleresult>
				<name>Small Car</name>
			</possibleresult>
			<points>
				<point>440.092804,538.041260</point>
				<point>437.000031,545.000000</point>
				<point>419.000031,537.000000</point>
				<point>422.092804,530.041260</point>
				<point>440.092804,538.041260</point>
			</points>
		</object>
		<object>
			<coordinate>pixel</coordinate>
			<type>rectangle</type>
			<description>None</description>
			<possibleresult>
				<name>Small Car</name>
			</possibleresult>
			<points>
				<point>420.164856,516.086853</point>
				<point>416.000000,524.000061</point>
				<point>396.835144,513.913269</point>
				<point>401.000000,506.000061</point>
				<point>420.164856,516.086853</point>
			</points>
		</object>
		<object>
			<coordinate>pixel</coordinate>
			<type>rectangle</type>
			<description>None</description>
			<possibleresult>
				<name>Small Car</name>
			</possibleresult>
			<points>
				<point>48.400009,977.200134</point>
				<point>45.000008,984.000183</point>
				<point>28.600008,975.800232</point>
				<point>32.000008,969.000183</point>
				<point>48.400009,977.200134</point>
			</points>
		</object>
		<object>
			<coordinate>pixel</coordinate>
			<type>rectangle</type>
			<description>None</description>
			<possibleresult>
				<name>Small Car</name>
			</possibleresult>
			<points>
				<point>88.344833,993.137939</point>
				<point>85.862076,999.344849</point>
				<point>70.000000,993.000000</point>
				<point>72.482758,986.793091</point>
				<point>88.344833,993.137939</point>
			</points>
		</object>
		<object>
			<coordinate>pixel</coordinate>
			<type>rectangle</type>
			<description>None</description>
			<possibleresult>
				<name>Small Car</name>
			</possibleresult>
			<points>
				<point>152.420929,992.774780</point>
				<point>150.000031,999.000000</point>
				<point>132.000031,992.000000</point>
				<point>134.420929,985.774780</point>
				<point>152.420929,992.774780</point>
			</points>
		</object>
		<object>
			<coordinate>pixel</coordinate>
			<type>rectangle</type>
			<description>None</description>
			<possibleresult>
				<name>Van</name>
			</possibleresult>
			<points>
				<point>129.000000,983.000000</point>
				<point>125.530762,990.253906</point>
				<point>102.530762,979.253906</point>
				<point>106.000000,972.000000</point>
				<point>129.000000,983.000000</point>
			</points>
		</object>
		<object>
			<coordinate>pixel</coordinate>
			<type>rectangle</type>
			<description>None</description>
			<possibleresult>
				<name>Small Car</name>
			</possibleresult>
			<points>
				<point>99.547363,970.813538</point>
				<point>97.000031,976.999939</point>
				<point>80.000031,969.999939</point>
				<point>82.547363,963.813538</point>
				<point>99.547363,970.813538</point>
			</points>
		</object>
		<object>
			<coordinate>pixel</coordinate>
			<type>rectangle</type>
			<description>None</description>
			<possibleresult>
				<name>Cargo Truck</name>
			</possibleresult>
			<points>
				<point>21.401985,962.180115</point>
				<point>17.000004,971.999939</point>
				<point>0.000000,964.379272</point>
				<point>0.000000,952.586121</point>
				<point>21.401985,962.180115</point>
			</points>
		</object>
		<object>
			<coordinate>pixel</coordinate>
			<type>rectangle</type>
			<description>None</description>
			<possibleresult>
				<name>Cargo Truck</name>
			</possibleresult>
			<points>
				<point>533.287659,251.232880</point>
				<point>529.958923,260.109589</point>
				<point>502.671204,249.876709</point>
				<point>505.999939,241.000000</point>
				<point>533.287659,251.232880</point>
			</points>
		</object>
		<object>
			<coordinate>pixel</coordinate>
			<type>rectangle</type>
			<description>None</description>
			<possibleresult>
				<name>Cargo Truck</name>
			</possibleresult>
			<points>
				<point>535.046509,235.018829</point>
				<point>531.000061,245.000000</point>
				<point>493.953613,229.981171</point>
				<point>498.000061,220.000000</point>
				<point>535.046509,235.018829</point>
			</points>
		</object>
		<object>
			<coordinate>pixel</coordinate>
			<type>rectangle</type>
			<description>None</description>
			<possibleresult>
				<name>Small Car</name>
			</possibleresult>
			<points>
				<point>554.835876,245.923416</point>
				<point>552.000061,252.000046</point>
				<point>537.000061,245.000046</point>
				<point>539.835876,238.923416</point>
				<point>554.835876,245.923416</point>
			</points>
		</object>
		<object>
			<coordinate>pixel</coordinate>
			<type>rectangle</type>
			<description>None</description>
			<possibleresult>
				<name>Small Car</name>
			</possibleresult>
			<points>
				<point>573.646179,255.369278</point>
				<point>571.000061,260.000061</point>
				<point>556.353943,251.630814</point>
				<point>559.000061,247.000031</point>
				<point>573.646179,255.369278</point>
			</points>
		</object>
		<object>
			<coordinate>pixel</coordinate>
			<type>rectangle</type>
			<description>None</description>
			<possibleresult>
				<name>Small Car</name>
			</possibleresult>
			<points>
				<point>595.000000,272.000000</point>
				<point>592.172363,279.068970</point>
				<point>572.000000,271.000000</point>
				<point>574.827637,263.931030</point>
				<point>595.000000,272.000000</point>
			</points>
		</object>
		<object>
			<coordinate>pixel</coordinate>
			<type>rectangle</type>
			<description>None</description>
			<possibleresult>
				<name>Small Car</name>
			</possibleresult>
			<points>
				<point>604.000000,286.000000</point>
				<point>585.000000,286.000000</point>
				<point>585.000000,279.000000</point>
				<point>604.000000,279.000000</point>
				<point>604.000000,286.000000</point>
			</points>
		</object>
		<object>
			<coordinate>pixel</coordinate>
			<type>rectangle</type>
			<description>None</description>
			<possibleresult>
				<name>Van</name>
			</possibleresult>
			<points>
				<point>646.000000,314.000031</point>
				<point>643.172363,321.069000</point>
				<point>618.000000,311.000031</point>
				<point>620.827637,303.931061</point>
				<point>646.000000,314.000031</point>
			</points>
		</object>
		<object>
			<coordinate>pixel</coordinate>
			<type>rectangle</type>
			<description>None</description>
			<possibleresult>
				<name>Small Car</name>
			</possibleresult>
			<points>
				<point>645.400085,302.200043</point>
				<point>642.000061,309.000031</point>
				<point>623.600037,299.800018</point>
				<point>627.000061,293.000031</point>
				<point>645.400085,302.200043</point>
			</points>
		</object>
		<object>
			<coordinate>pixel</coordinate>
			<type>rectangle</type>
			<description>None</description>
			<possibleresult>
				<name>Small Car</name>
			</possibleresult>
			<points>
				<point>666.000061,295.000061</point>
				<point>662.600037,301.800049</point>
				<point>644.600037,292.800049</point>
				<point>648.000061,286.000061</point>
				<point>666.000061,295.000061</point>
			</points>
		</object>
		<object>
			<coordinate>pixel</coordinate>
			<type>rectangle</type>
			<description>None</description>
			<possibleresult>
				<name>Van</name>
			</possibleresult>
			<points>
				<point>669.000000,312.000000</point>
				<point>665.577881,319.271973</point>
				<point>648.577881,311.271973</point>
				<point>652.000000,304.000000</point>
				<point>669.000000,312.000000</point>
			</points>
		</object>
		<object>
			<coordinate>pixel</coordinate>
			<type>rectangle</type>
			<description>None</description>
			<possibleresult>
				<name>Small Car</name>
			</possibleresult>
			<points>
				<point>689.000000,331.000000</point>
				<point>686.106201,339.038269</point>
				<point>661.000000,330.000000</point>
				<point>663.893799,321.961731</point>
				<point>689.000000,331.000000</point>
			</points>
		</object>
		<object>
			<coordinate>pixel</coordinate>
			<type>rectangle</type>
			<description>None</description>
			<possibleresult>
				<name>Cargo Truck</name>
			</possibleresult>
			<points>
				<point>722.124878,315.051758</point>
				<point>718.000000,325.000000</point>
				<point>676.875122,307.948242</point>
				<point>681.000000,298.000000</point>
				<point>722.124878,315.051758</point>
			</points>
		</object>
		<object>
			<coordinate>pixel</coordinate>
			<type>rectangle</type>
			<description>None</description>
			<possibleresult>
				<name>Small Car</name>
			</possibleresult>
			<points>
				<point>736.000061,338.999969</point>
				<point>734.090149,347.021454</point>
				<point>713.090149,342.021454</point>
				<point>715.000061,333.999969</point>
				<point>736.000061,338.999969</point>
			</points>
		</object>
		<object>
			<coordinate>pixel</coordinate>
			<type>rectangle</type>
			<description>None</description>
			<possibleresult>
				<name>Van</name>
			</possibleresult>
			<points>
				<point>752.655212,330.862091</point>
				<point>749.000061,340.000031</point>
				<point>724.000061,330.000031</point>
				<point>727.655212,320.862091</point>
				<point>752.655212,330.862091</point>
			</points>
		</object>
		<object>
			<coordinate>pixel</coordinate>
			<type>rectangle</type>
			<description>None</description>
			<possibleresult>
				<name>Small Car</name>
			</possibleresult>
			<points>
				<point>786.067139,359.025757</point>
				<point>783.000122,367.000000</point>
				<point>769.933105,361.974243</point>
				<point>773.000122,354.000000</point>
				<point>786.067139,359.025757</point>
			</points>
		</object>
		<object>
			<coordinate>pixel</coordinate>
			<type>rectangle</type>
			<description>None</description>
			<possibleresult>
				<name>Van</name>
			</possibleresult>
			<points>
				<point>818.000000,354.999969</point>
				<point>814.332642,363.149628</point>
				<point>794.000000,353.999969</point>
				<point>797.667358,345.850311</point>
				<point>818.000000,354.999969</point>
			</points>
		</object>
		<object>
			<coordinate>pixel</coordinate>
			<type>rectangle</type>
			<description>None</description>
			<possibleresult>
				<name>Cargo Truck</name>
			</possibleresult>
			<points>
				<point>844.482056,382.220947</point>
				<point>840.000000,392.000000</point>
				<point>815.517944,380.779053</point>
				<point>820.000000,371.000000</point>
				<point>844.482056,382.220947</point>
			</points>
		</object>
		<object>
			<coordinate>pixel</coordinate>
			<type>rectangle</type>
			<description>None</description>
			<possibleresult>
				<name>Small Car</name>
			</possibleresult>
			<points>
				<point>870.000061,378.999969</point>
				<point>867.000061,384.999969</point>
				<point>849.800110,376.399994</point>
				<point>852.800110,370.399994</point>
				<point>870.000061,378.999969</point>
			</points>
		</object>
		<object>
			<coordinate>pixel</coordinate>
			<type>rectangle</type>
			<description>None</description>
			<possibleresult>
				<name>Small Car</name>
			</possibleresult>
			<points>
				<point>896.000061,389.000000</point>
				<point>893.172424,396.068970</point>
				<point>873.172424,388.068970</point>
				<point>876.000061,381.000000</point>
				<point>896.000061,389.000000</point>
			</points>
		</object>
		<object>
			<coordinate>pixel</coordinate>
			<type>rectangle</type>
			<description>None</description>
			<possibleresult>
				<name>Van</name>
			</possibleresult>
			<points>
				<point>928.036560,402.015869</point>
				<point>924.999939,409.000000</point>
				<point>901.963318,398.984070</point>
				<point>904.999939,391.999939</point>
				<point>928.036560,402.015869</point>
			</points>
		</object>
		<object>
			<coordinate>pixel</coordinate>
			<type>rectangle</type>
			<description>None</description>
			<possibleresult>
				<name>Small Car</name>
			</possibleresult>
			<points>
				<point>980.000122,424.000000</point>
				<point>977.172485,431.068970</point>
				<point>957.172485,423.068970</point>
				<point>960.000122,416.000000</point>
				<point>980.000122,424.000000</point>
			</points>
		</object>
		<object>
			<coordinate>pixel</coordinate>
			<type>rectangle</type>
			<description>None</description>
			<possibleresult>
				<name>Small Car</name>
			</possibleresult>
			<points>
				<point>1000.000122,147.111115</point>
				<point>992.000122,144.000000</point>
				<point>994.758789,136.906158</point>
				<point>1002.758789,140.017273</point>
				<point>1000.000122,147.111115</point>
			</points>
		</object>
		<object>
			<coordinate>pixel</coordinate>
			<type>rectangle</type>
			<description>None</description>
			<possibleresult>
				<name>Van</name>
			</possibleresult>
			<points>
				<point>1000.000000,137.999939</point>
				<point>985.000061,132.000000</point>
				<point>988.310364,123.724152</point>
				<point>1000.000000,128.399979</point>
				<point>1000.000000,137.999939</point>
			</points>
		</object>
		<object>
			<coordinate>pixel</coordinate>
			<type>rectangle</type>
			<description>None</description>
			<possibleresult>
				<name>Van</name>
			</possibleresult>
			<points>
				<point>1000.000000,94.714264</point>
				<point>989.000122,90.000000</point>
				<point>992.000122,83.000000</point>
				<point>1003.000000,87.714264</point>
				<point>1000.000000,94.714264</point>
			</points>
		</object>
		<object>
			<coordinate>pixel</coordinate>
			<type>rectangle</type>
			<description>None</description>
			<possibleresult>
				<name>Van</name>
			</possibleresult>
			<points>
				<point>984.999939,80.000000</point>
				<point>982.044617,87.018829</point>
				<point>962.999939,79.000000</point>
				<point>965.955261,71.981171</point>
				<point>984.999939,80.000000</point>
			</points>
		</object>
		<object>
			<coordinate>pixel</coordinate>
			<type>rectangle</type>
			<description>None</description>
			<possibleresult>
				<name>Van</name>
			</possibleresult>
			<points>
				<point>967.000061,105.000046</point>
				<point>964.000061,111.000046</point>
				<point>946.000061,102.000046</point>
				<point>949.000061,96.000046</point>
				<point>967.000061,105.000046</point>
			</points>
		</object>
		<object>
			<coordinate>pixel</coordinate>
			<type>rectangle</type>
			<description>None</description>
			<possibleresult>
				<name>Van</name>
			</possibleresult>
			<points>
				<point>923.000122,95.999977</point>
				<point>920.000122,101.999977</point>
				<point>908.000122,95.999977</point>
				<point>911.000122,89.999977</point>
				<point>923.000122,95.999977</point>
			</points>
		</object>
		<object>
			<coordinate>pixel</coordinate>
			<type>rectangle</type>
			<description>None</description>
			<possibleresult>
				<name>Cargo Truck</name>
			</possibleresult>
			<points>
				<point>918.000000,103.000015</point>
				<point>914.000000,112.000015</point>
				<point>878.835083,96.371155</point>
				<point>882.835083,87.371155</point>
				<point>918.000000,103.000015</point>
			</points>
		</object>
		<object>
			<coordinate>pixel</coordinate>
			<type>rectangle</type>
			<description>None</description>
			<possibleresult>
				<name>Dump Truck</name>
			</possibleresult>
			<points>
				<point>865.478027,80.779190</point>
				<point>862.000000,89.000015</point>
				<point>836.000000,78.000015</point>
				<point>839.478027,69.779190</point>
				<point>865.478027,80.779190</point>
			</points>
		</object>
		<object>
			<coordinate>pixel</coordinate>
			<type>rectangle</type>
			<description>None</description>
			<possibleresult>
				<name>Small Car</name>
			</possibleresult>
			<points>
				<point>958.721741,69.876312</point>
				<point>956.000061,76.000031</point>
				<point>938.000061,68.000031</point>
				<point>940.721741,61.876312</point>
				<point>958.721741,69.876312</point>
			</points>
		</object>
		<object>
			<coordinate>pixel</coordinate>
			<type>rectangle</type>
			<description>None</description>
			<possibleresult>
				<name>Van</name>
			</possibleresult>
			<points>
				<point>937.284058,60.118332</point>
				<point>934.000000,67.999985</point>
				<point>909.715942,57.881645</point>
				<point>913.000000,49.999992</point>
				<point>937.284058,60.118332</point>
			</points>
		</object>
		<object>
			<coordinate>pixel</coordinate>
			<type>rectangle</type>
			<description>None</description>
			<possibleresult>
				<name>Van</name>
			</possibleresult>
			<points>
				<point>902.200073,76.599998</point>
				<point>898.800049,83.400002</point>
				<point>881.600098,74.799995</point>
				<point>885.000122,67.999992</point>
				<point>902.200073,76.599998</point>
			</points>
		</object>
		<object>
			<coordinate>pixel</coordinate>
			<type>rectangle</type>
			<description>None</description>
			<possibleresult>
				<name>Dump Truck</name>
			</possibleresult>
			<points>
				<point>875.000122,63.000008</point>
				<point>871.400146,70.200005</point>
				<point>853.000122,61.000008</point>
				<point>856.600098,53.800011</point>
				<point>875.000122,63.000008</point>
			</points>
		</object>
		<object>
			<coordinate>pixel</coordinate>
			<type>rectangle</type>
			<description>None</description>
			<possibleresult>
				<name>Cargo Truck</name>
			</possibleresult>
			<points>
				<point>861.053528,68.024193</point>
				<point>856.999939,76.999992</point>
				<point>825.946350,62.975792</point>
				<point>829.999939,53.999992</point>
				<point>861.053528,68.024193</point>
			</points>
		</object>
		<object>
			<coordinate>pixel</coordinate>
			<type>rectangle</type>
			<description>None</description>
			<possibleresult>
				<name>Van</name>
			</possibleresult>
			<points>
				<point>817.000061,61.000031</point>
				<point>814.362122,67.155197</point>
				<point>793.000061,58.000031</point>
				<point>795.638000,51.844864</point>
				<point>817.000061,61.000031</point>
			</points>
		</object>
		<object>
			<coordinate>pixel</coordinate>
			<type>rectangle</type>
			<description>None</description>
			<possibleresult>
				<name>Van</name>
			</possibleresult>
			<points>
				<point>849.000000,51.999992</point>
				<point>846.862061,57.344818</point>
				<point>831.862061,51.344818</point>
				<point>834.000000,45.999992</point>
				<point>849.000000,51.999992</point>
			</points>
		</object>
		<object>
			<coordinate>pixel</coordinate>
			<type>rectangle</type>
			<description>None</description>
			<possibleresult>
				<name>Small Car</name>
			</possibleresult>
			<points>
				<point>891.271729,41.129417</point>
				<point>888.000000,48.000031</point>
				<point>866.728271,37.870636</point>
				<point>870.000000,31.000023</point>
				<point>891.271729,41.129417</point>
			</points>
		</object>
		<object>
			<coordinate>pixel</coordinate>
			<type>rectangle</type>
			<description>None</description>
			<possibleresult>
				<name>Small Car</name>
			</possibleresult>
			<points>
				<point>867.000061,30.000000</point>
				<point>864.172424,37.068962</point>
				<point>844.000061,29.000000</point>
				<point>846.827698,21.931038</point>
				<point>867.000061,30.000000</point>
			</points>
		</object>
		<object>
			<coordinate>pixel</coordinate>
			<type>rectangle</type>
			<description>None</description>
			<possibleresult>
				<name>Small Car</name>
			</possibleresult>
			<points>
				<point>845.674255,22.317268</point>
				<point>843.000061,27.999989</point>
				<point>825.325867,19.682709</point>
				<point>828.000061,13.999989</point>
				<point>845.674255,22.317268</point>
			</points>
		</object>
		<object>
			<coordinate>pixel</coordinate>
			<type>rectangle</type>
			<description>None</description>
			<possibleresult>
				<name>Dump Truck</name>
			</possibleresult>
			<points>
				<point>819.000000,10.000030</point>
				<point>816.172363,17.068996</point>
				<point>791.000000,7.000030</point>
				<point>793.800049,-0.000000</point>
				<point>819.000000,10.000030</point>
			</points>
		</object>
		<object>
			<coordinate>pixel</coordinate>
			<type>rectangle</type>
			<description>None</description>
			<possibleresult>
				<name>Cargo Truck</name>
			</possibleresult>
			<points>
				<point>732.800049,0.000000</point>
				<point>732.800049,0.000000</point>
				<point>734.454590,0.000000</point>
				<point>734.454590,0.000000</point>
				<point>732.800049,0.000000</point>
			</points>
		</object>
		<object>
			<coordinate>pixel</coordinate>
			<type>rectangle</type>
			<description>None</description>
			<possibleresult>
				<name>Van</name>
			</possibleresult>
			<points>
				<point>177.124741,425.056122</point>
				<point>174.000015,431.999969</point>
				<point>153.875259,422.943817</point>
				<point>156.999985,415.999969</point>
				<point>177.124741,425.056122</point>
			</points>
		</object>
		<object>
			<coordinate>pixel</coordinate>
			<type>rectangle</type>
			<description>None</description>
			<possibleresult>
				<name>Small Car</name>
			</possibleresult>
			<points>
				<point>189.104599,403.036957</point>
				<point>186.999985,409.000031</point>
				<point>169.895370,402.963104</point>
				<point>171.999985,397.000031</point>
				<point>189.104599,403.036957</point>
			</points>
		</object>
		<object>
			<coordinate>pixel</coordinate>
			<type>rectangle</type>
			<description>None</description>
			<possibleresult>
				<name>Small Car</name>
			</possibleresult>
			<points>
				<point>171.000000,396.000000</point>
				<point>168.238525,401.128418</point>
				<point>155.000000,394.000000</point>
				<point>157.761475,388.871582</point>
				<point>171.000000,396.000000</point>
			</points>
		</object>
		<object>
			<coordinate>pixel</coordinate>
			<type>rectangle</type>
			<description>None</description>
			<possibleresult>
				<name>Van</name>
			</possibleresult>
			<points>
				<point>159.157379,408.068848</point>
				<point>157.000000,413.000000</point>
				<point>140.842621,405.931152</point>
				<point>143.000000,401.000000</point>
				<point>159.157379,408.068848</point>
			</points>
		</object>
		<object>
			<coordinate>pixel</coordinate>
			<type>rectangle</type>
			<description>None</description>
			<possibleresult>
				<name>Small Car</name>
			</possibleresult>
			<points>
				<point>151.685257,386.862366</point>
				<point>149.000015,393.000061</point>
				<point>133.000015,386.000061</point>
				<point>135.685257,379.862366</point>
				<point>151.685257,386.862366</point>
			</points>
		</object>
		<object>
			<coordinate>pixel</coordinate>
			<type>rectangle</type>
			<description>None</description>
			<possibleresult>
				<name>Small Car</name>
			</possibleresult>
			<points>
				<point>131.402344,379.165710</point>
				<point>128.999985,385.000000</point>
				<point>111.597633,377.834290</point>
				<point>114.000000,372.000000</point>
				<point>131.402344,379.165710</point>
			</points>
		</object>
		<object>
			<coordinate>pixel</coordinate>
			<type>rectangle</type>
			<description>None</description>
			<possibleresult>
				<name>Small Car</name>
			</possibleresult>
			<points>
				<point>49.000004,375.000031</point>
				<point>46.000004,381.000031</point>
				<point>34.000004,375.000031</point>
				<point>37.000004,369.000031</point>
				<point>49.000004,375.000031</point>
			</points>
		</object>
		<object>
			<coordinate>pixel</coordinate>
			<type>rectangle</type>
			<description>None</description>
			<possibleresult>
				<name>Small Car</name>
			</possibleresult>
			<points>
				<point>112.447067,380.188232</point>
				<point>110.000015,386.000000</point>
				<point>90.552963,377.811768</point>
				<point>93.000015,372.000000</point>
				<point>112.447067,380.188232</point>
			</points>
		</object>
		<object>
			<coordinate>pixel</coordinate>
			<type>rectangle</type>
			<description>None</description>
			<possibleresult>
				<name>Small Car</name>
			</possibleresult>
			<points>
				<point>110.402367,369.165710</point>
				<point>108.000008,375.000000</point>
				<point>90.597649,367.834290</point>
				<point>93.000008,362.000000</point>
				<point>110.402367,369.165710</point>
			</points>
		</object>
		<object>
			<coordinate>pixel</coordinate>
			<type>rectangle</type>
			<description>None</description>
			<possibleresult>
				<name>Van</name>
			</possibleresult>
			<points>
				<point>90.000000,362.000031</point>
				<point>86.577911,369.272003</point>
				<point>69.000000,361.000031</point>
				<point>72.422089,353.728058</point>
				<point>90.000000,362.000031</point>
			</points>
		</object>
		<object>
			<coordinate>pixel</coordinate>
			<type>rectangle</type>
			<description>None</description>
			<possibleresult>
				<name>Small Car</name>
			</possibleresult>
			<points>
				<point>70.999992,354.000031</point>
				<point>67.229721,361.121674</point>
				<point>49.862152,351.927094</point>
				<point>53.632423,344.805450</point>
				<point>70.999992,354.000031</point>
			</points>
		</object>
		<object>
			<coordinate>pixel</coordinate>
			<type>rectangle</type>
			<description>None</description>
			<possibleresult>
				<name>Van</name>
			</possibleresult>
			<points>
				<point>52.000011,345.000031</point>
				<point>48.600010,351.800018</point>
				<point>32.600010,343.800018</point>
				<point>36.000011,337.000031</point>
				<point>52.000011,345.000031</point>
			</points>
		</object>
		<object>
			<coordinate>pixel</coordinate>
			<type>rectangle</type>
			<description>None</description>
			<possibleresult>
				<name>Small Car</name>
			</possibleresult>
			<points>
				<point>0.000000,329.875031</point>
				<point>0.000000,323.200012</point>
				<point>0.820225,321.887665</point>
				<point>9.000000,327.000031</point>
				<point>0.000000,329.875031</point>
			</points>
		</object>
		<object>
			<coordinate>pixel</coordinate>
			<type>rectangle</type>
			<description>None</description>
			<possibleresult>
				<name>Van</name>
			</possibleresult>
			<points>
				<point>356.573975,192.822464</point>
				<point>354.000000,198.999985</point>
				<point>342.000000,193.999985</point>
				<point>344.573975,187.822464</point>
				<point>356.573975,192.822464</point>
			</points>
		</object>
		<object>
			<coordinate>pixel</coordinate>
			<type>rectangle</type>
			<description>None</description>
			<possibleresult>
				<name>Van</name>
			</possibleresult>
			<points>
				<point>345.000061,170.000015</point>
				<point>341.800049,176.400009</point>
				<point>323.000061,167.000015</point>
				<point>326.200073,160.600021</point>
				<point>345.000061,170.000015</point>
			</points>
		</object>
		<object>
			<coordinate>pixel</coordinate>
			<type>rectangle</type>
			<description>None</description>
			<possibleresult>
				<name>Small Car</name>
			</possibleresult>
			<points>
				<point>256.400024,133.200012</point>
				<point>253.000031,140.000000</point>
				<point>237.800018,132.399994</point>
				<point>241.200012,125.600006</point>
				<point>256.400024,133.200012</point>
			</points>
		</object>
		<object>
			<coordinate>pixel</coordinate>
			<type>rectangle</type>
			<description>None</description>
			<possibleresult>
				<name>Small Car</name>
			</possibleresult>
			<points>
				<point>75.000015,71.000008</point>
				<point>71.580338,78.816399</point>
				<point>55.580341,71.816399</point>
				<point>59.000015,64.000008</point>
				<point>75.000015,71.000008</point>
			</points>
		</object>
		<object>
			<coordinate>pixel</coordinate>
			<type>rectangle</type>
			<description>None</description>
			<possibleresult>
				<name>Small Car</name>
			</possibleresult>
			<points>
				<point>55.000000,63.000004</point>
				<point>51.558823,70.264709</point>
				<point>32.000000,60.999996</point>
				<point>35.441177,53.735291</point>
				<point>55.000000,63.000004</point>
			</points>
		</object>
		<object>
			<coordinate>pixel</coordinate>
			<type>rectangle</type>
			<description>None</description>
			<possibleresult>
				<name>Bus</name>
			</possibleresult>
			<points>
				<point>92.000000,50.000000</point>
				<point>88.000000,60.000000</point>
				<point>53.000000,46.000000</point>
				<point>57.000000,36.000000</point>
				<point>92.000000,50.000000</point>
			</points>
		</object>
		<object>
			<coordinate>pixel</coordinate>
			<type>rectangle</type>
			<description>None</description>
			<possibleresult>
				<name>Van</name>
			</possibleresult>
			<points>
				<point>31.000000,53.000000</point>
				<point>27.482758,61.206894</point>
				<point>6.000000,52.000000</point>
				<point>9.517242,43.793106</point>
				<point>31.000000,53.000000</point>
			</points>
		</object>
		<object>
			<coordinate>pixel</coordinate>
			<type>rectangle</type>
			<description>None</description>
			<possibleresult>
				<name>Van</name>
			</possibleresult>
			<points>
				<point>558.121948,6.097566</point>
				<point>552.512207,1.609772</point>
				<point>557.390259,-4.487793</point>
				<point>563.000000,0.000000</point>
				<point>558.121948,6.097566</point>
			</points>
		</object>
		<object>
			<coordinate>pixel</coordinate>
			<type>rectangle</type>
			<description>None</description>
			<possibleresult>
				<name>Small Car</name>
			</possibleresult>
			<points>
				<point>593.999939,-0.000000</point>
				<point>593.999939,-0.000000</point>
				<point>593.999939,-0.000000</point>
				<point>593.999939,-0.000000</point>
				<point>593.999939,-0.000000</point>
			</points>
		</object>
		<object>
			<coordinate>pixel</coordinate>
			<type>rectangle</type>
			<description>None</description>
			<possibleresult>
				<name>Van</name>
			</possibleresult>
			<points>
				<point>610.333374,0.000000</point>
				<point>610.333374,0.000000</point>
				<point>610.333374,0.000000</point>
				<point>610.333374,0.000000</point>
				<point>610.333374,0.000000</point>
			</points>
		</object>
		<object>
			<coordinate>pixel</coordinate>
			<type>rectangle</type>
			<description>None</description>
			<possibleresult>
				<name>Van</name>
			</possibleresult>
			<points>
				<point>605.000000,7.000000</point>
				<point>591.829712,24.222708</point>
				<point>585.000000,19.000000</point>
				<point>598.170288,1.777292</point>
				<point>605.000000,7.000000</point>
			</points>
		</object>
		<object>
			<coordinate>pixel</coordinate>
			<type>rectangle</type>
			<description>None</description>
			<possibleresult>
				<name>Van</name>
			</possibleresult>
			<points>
				<point>549.472961,36.337860</point>
				<point>536.094543,55.067589</point>
				<point>528.621521,49.729752</point>
				<point>541.999939,31.000023</point>
				<point>549.472961,36.337860</point>
			</points>
		</object>
		<object>
			<coordinate>pixel</coordinate>
			<type>rectangle</type>
			<description>None</description>
			<possibleresult>
				<name>Cargo Truck</name>
			</possibleresult>
			<points>
				<point>503.000000,58.000015</point>
				<point>483.982544,85.024780</point>
				<point>474.000000,78.000015</point>
				<point>493.017456,50.975250</point>
				<point>503.000000,58.000015</point>
			</points>
		</object>
		<object>
			<coordinate>pixel</coordinate>
			<type>rectangle</type>
			<description>None</description>
			<possibleresult>
				<name>Small Car</name>
			</possibleresult>
			<points>
				<point>539.000000,32.000004</point>
				<point>529.000000,47.000004</point>
				<point>520.692261,41.461544</point>
				<point>530.692261,26.461544</point>
				<point>539.000000,32.000004</point>
			</points>
		</object>
		<object>
			<coordinate>pixel</coordinate>
			<type>rectangle</type>
			<description>None</description>
			<possibleresult>
				<name>Small Car</name>
			</possibleresult>
			<points>
				<point>568.999939,32.999989</point>
				<point>559.461487,47.307682</point>
				<point>552.769226,42.846142</point>
				<point>562.307678,28.538448</point>
				<point>568.999939,32.999989</point>
			</points>
		</object>
		<object>
			<coordinate>pixel</coordinate>
			<type>rectangle</type>
			<description>None</description>
			<possibleresult>
				<name>Van</name>
			</possibleresult>
			<points>
				<point>586.000000,50.000008</point>
				<point>575.269653,67.168549</point>
				<point>567.269653,62.168549</point>
				<point>578.000000,45.000008</point>
				<point>586.000000,50.000008</point>
			</points>
		</object>
		<object>
			<coordinate>pixel</coordinate>
			<type>rectangle</type>
			<description>None</description>
			<possibleresult>
				<name>Van</name>
			</possibleresult>
			<points>
				<point>537.137329,73.776802</point>
				<point>529.000000,86.999977</point>
				<point>522.862671,83.223152</point>
				<point>531.000000,69.999977</point>
				<point>537.137329,73.776802</point>
			</points>
		</object>
		<object>
			<coordinate>pixel</coordinate>
			<type>rectangle</type>
			<description>None</description>
			<possibleresult>
				<name>Small Car</name>
			</possibleresult>
			<points>
				<point>513.999939,82.000000</point>
				<point>504.999939,98.000000</point>
				<point>496.786316,93.379822</point>
				<point>505.786316,77.379822</point>
				<point>513.999939,82.000000</point>
			</points>
		</object>
		<object>
			<coordinate>pixel</coordinate>
			<type>rectangle</type>
			<description>None</description>
			<possibleresult>
				<name>Small Car</name>
			</possibleresult>
			<points>
				<point>513.000000,109.000000</point>
				<point>503.760010,121.320007</point>
				<point>498.000000,117.000000</point>
				<point>507.239990,104.679993</point>
				<point>513.000000,109.000000</point>
			</points>
		</object>
		<object>
			<coordinate>pixel</coordinate>
			<type>rectangle</type>
			<description>None</description>
			<possibleresult>
				<name>Van</name>
			</possibleresult>
			<points>
				<point>496.999939,88.999985</point>
				<point>485.196655,103.163925</point>
				<point>478.606506,97.672119</point>
				<point>490.409790,83.508179</point>
				<point>496.999939,88.999985</point>
			</points>
		</object>
		<object>
			<coordinate>pixel</coordinate>
			<type>rectangle</type>
			<description>None</description>
			<possibleresult>
				<name>Dump Truck</name>
			</possibleresult>
			<points>
				<point>556.000061,90.000000</point>
				<point>546.000061,104.000000</point>
				<point>539.662170,99.472977</point>
				<point>549.662170,85.472977</point>
				<point>556.000061,90.000000</point>
			</points>
		</object>
		<object>
			<coordinate>pixel</coordinate>
			<type>rectangle</type>
			<description>None</description>
			<possibleresult>
				<name>Cargo Truck</name>
			</possibleresult>
			<points>
				<point>545.000061,105.999985</point>
				<point>530.000061,127.999985</point>
				<point>520.598083,121.589554</point>
				<point>535.598083,99.589554</point>
				<point>545.000061,105.999985</point>
			</points>
		</object>
		<object>
			<coordinate>pixel</coordinate>
			<type>rectangle</type>
			<description>None</description>
			<possibleresult>
				<name>Small Car</name>
			</possibleresult>
			<points>
				<point>526.064941,129.898911</point>
				<point>517.000000,143.999985</point>
				<point>510.935028,140.101059</point>
				<point>520.000000,125.999985</point>
				<point>526.064941,129.898911</point>
			</points>
		</object>
		<object>
			<coordinate>pixel</coordinate>
			<type>rectangle</type>
			<description>None</description>
			<possibleresult>
				<name>Small Car</name>
			</possibleresult>
			<points>
				<point>491.000031,136.000015</point>
				<point>482.815399,150.323105</point>
				<point>477.000031,147.000015</point>
				<point>485.184662,132.676926</point>
				<point>491.000031,136.000015</point>
			</points>
		</object>
		<object>
			<coordinate>pixel</coordinate>
			<type>rectangle</type>
			<description>None</description>
			<possibleresult>
				<name>Small Car</name>
			</possibleresult>
			<points>
				<point>512.000000,149.000015</point>
				<point>503.753845,163.430771</point>
				<point>496.753845,159.430771</point>
				<point>505.000000,145.000015</point>
				<point>512.000000,149.000015</point>
			</points>
		</object>
		<object>
			<coordinate>pixel</coordinate>
			<type>rectangle</type>
			<description>None</description>
			<possibleresult>
				<name>Van</name>
			</possibleresult>
			<points>
				<point>444.000031,141.000015</point>
				<point>434.000031,157.000015</point>
				<point>426.000031,152.000015</point>
				<point>436.000031,136.000015</point>
				<point>444.000031,141.000015</point>
			</points>
		</object>
		<object>
			<coordinate>pixel</coordinate>
			<type>rectangle</type>
			<description>None</description>
			<possibleresult>
				<name>Van</name>
			</possibleresult>
			<points>
				<point>463.072052,152.896011</point>
				<point>454.072052,165.896011</point>
				<point>447.000031,161.000015</point>
				<point>456.000031,148.000015</point>
				<point>463.072052,152.896011</point>
			</points>
		</object>
		<object>
			<coordinate>pixel</coordinate>
			<type>rectangle</type>
			<description>None</description>
			<possibleresult>
				<name>Van</name>
			</possibleresult>
			<points>
				<point>457.538422,184.692307</point>
				<point>449.999969,196.000015</point>
				<point>443.999969,192.000015</point>
				<point>451.538422,180.692307</point>
				<point>457.538422,184.692307</point>
			</points>
		</object>
		<object>
			<coordinate>pixel</coordinate>
			<type>rectangle</type>
			<description>None</description>
			<possibleresult>
				<name>Small Car</name>
			</possibleresult>
			<points>
				<point>432.102722,211.773972</point>
				<point>427.000000,222.999985</point>
				<point>420.897278,220.225998</point>
				<point>426.000000,208.999985</point>
				<point>432.102722,211.773972</point>
			</points>
		</object>
		<object>
			<coordinate>pixel</coordinate>
			<type>rectangle</type>
			<description>None</description>
			<possibleresult>
				<name>Small Car</name>
			</possibleresult>
			<points>
				<point>380.000031,215.000000</point>
				<point>373.931061,230.172424</point>
				<point>366.000031,227.000000</point>
				<point>372.069000,211.827576</point>
				<point>380.000031,215.000000</point>
			</points>
		</object>
		<object>
			<coordinate>pixel</coordinate>
			<type>rectangle</type>
			<description>None</description>
			<possibleresult>
				<name>Small Car</name>
			</possibleresult>
			<points>
				<point>366.753845,242.430771</point>
				<point>359.000000,256.000000</point>
				<point>352.000000,252.000015</point>
				<point>359.753845,238.430786</point>
				<point>366.753845,242.430771</point>
			</points>
		</object>
		<object>
			<coordinate>pixel</coordinate>
			<type>rectangle</type>
			<description>None</description>
			<possibleresult>
				<name>Van</name>
			</possibleresult>
			<points>
				<point>376.095337,257.364319</point>
				<point>373.000000,278.000000</point>
				<point>363.904663,276.635681</point>
				<point>367.000000,256.000000</point>
				<point>376.095337,257.364319</point>
			</points>
		</object>
		<object>
			<coordinate>pixel</coordinate>
			<type>rectangle</type>
			<description>None</description>
			<possibleresult>
				<name>Small Car</name>
			</possibleresult>
			<points>
				<point>372.239990,302.679993</point>
				<point>363.000000,315.000000</point>
				<point>356.760010,310.320007</point>
				<point>366.000000,298.000000</point>
				<point>372.239990,302.679993</point>
			</points>
		</object>
		<object>
			<coordinate>pixel</coordinate>
			<type>rectangle</type>
			<description>None</description>
			<possibleresult>
				<name>Small Car</name>
			</possibleresult>
			<points>
				<point>360.000000,298.000000</point>
				<point>351.000000,312.000000</point>
				<point>343.772583,307.353821</point>
				<point>352.772583,293.353821</point>
				<point>360.000000,298.000000</point>
			</points>
		</object>
		<object>
			<coordinate>pixel</coordinate>
			<type>rectangle</type>
			<description>None</description>
			<possibleresult>
				<name>Van</name>
			</possibleresult>
			<points>
				<point>344.000031,287.000031</point>
				<point>336.400055,302.200043</point>
				<point>329.600067,298.800018</point>
				<point>337.200043,283.600006</point>
				<point>344.000031,287.000031</point>
			</points>
		</object>
		<object>
			<coordinate>pixel</coordinate>
			<type>rectangle</type>
			<description>None</description>
			<possibleresult>
				<name>Small Car</name>
			</possibleresult>
			<points>
				<point>264.631165,434.057434</point>
				<point>264.000000,441.000061</point>
				<point>241.368881,438.942688</point>
				<point>242.000031,432.000061</point>
				<point>264.631165,434.057434</point>
			</points>
		</object>
		<object>
			<coordinate>pixel</coordinate>
			<type>rectangle</type>
			<description>None</description>
			<possibleresult>
				<name>Van</name>
			</possibleresult>
			<points>
				<point>147.487839,651.390320</point>
				<point>138.121994,663.097595</point>
				<point>132.634201,658.707336</point>
				<point>142.000046,647.000061</point>
				<point>147.487839,651.390320</point>
			</points>
		</object>
		<object>
			<coordinate>pixel</coordinate>
			<type>rectangle</type>
			<description>None</description>
			<possibleresult>
				<name>Van</name>
			</possibleresult>
			<points>
				<point>167.000031,627.000061</point>
				<point>155.378418,643.270325</point>
				<point>147.716248,637.797302</point>
				<point>159.337860,621.527039</point>
				<point>167.000031,627.000061</point>
			</points>
		</object>
		<object>
			<coordinate>pixel</coordinate>
			<type>rectangle</type>
			<description>None</description>
			<possibleresult>
				<name>Van</name>
			</possibleresult>
			<points>
				<point>178.461563,609.307739</point>
				<point>170.000015,622.000000</point>
				<point>163.538467,617.692261</point>
				<point>172.000015,605.000000</point>
				<point>178.461563,609.307739</point>
			</points>
		</object>
		<object>
			<coordinate>pixel</coordinate>
			<type>rectangle</type>
			<description>None</description>
			<possibleresult>
				<name>Van</name>
			</possibleresult>
			<points>
				<point>191.000015,590.000000</point>
				<point>181.000015,604.000000</point>
				<point>175.135147,599.810791</point>
				<point>185.135147,585.810791</point>
				<point>191.000015,590.000000</point>
			</points>
		</object>
		<object>
			<coordinate>pixel</coordinate>
			<type>rectangle</type>
			<description>None</description>
			<possibleresult>
				<name>Van</name>
			</possibleresult>
			<points>
				<point>207.128555,569.781494</point>
				<point>197.128555,586.781494</point>
				<point>189.000015,582.000000</point>
				<point>199.000015,565.000000</point>
				<point>207.128555,569.781494</point>
			</points>
		</object>
		<object>
			<coordinate>pixel</coordinate>
			<type>rectangle</type>
			<description>None</description>
			<possibleresult>
				<name>Van</name>
			</possibleresult>
			<points>
				<point>245.000000,496.000000</point>
				<point>233.000000,512.000000</point>
				<point>225.000000,506.000000</point>
				<point>237.000000,490.000000</point>
				<point>245.000000,496.000000</point>
			</points>
		</object>
		<object>
			<coordinate>pixel</coordinate>
			<type>rectangle</type>
			<description>None</description>
			<possibleresult>
				<name>Small Car</name>
			</possibleresult>
			<points>
				<point>206.227478,489.646179</point>
				<point>197.227478,503.646179</point>
				<point>190.000031,499.000000</point>
				<point>199.000031,485.000000</point>
				<point>206.227478,489.646179</point>
			</points>
		</object>
		<object>
			<coordinate>pixel</coordinate>
			<type>rectangle</type>
			<description>None</description>
			<possibleresult>
				<name>Van</name>
			</possibleresult>
			<points>
				<point>196.153824,482.769226</point>
				<point>186.153824,497.769226</point>
				<point>178.999985,493.000000</point>
				<point>188.999985,478.000000</point>
				<point>196.153824,482.769226</point>
			</points>
		</object>
		<object>
			<coordinate>pixel</coordinate>
			<type>rectangle</type>
			<description>None</description>
			<possibleresult>
				<name>Van</name>
			</possibleresult>
			<points>
				<point>181.307678,500.538452</point>
				<point>171.307678,515.538452</point>
				<point>163.000000,510.000000</point>
				<point>173.000000,495.000000</point>
				<point>181.307678,500.538452</point>
			</points>
		</object>
		<object>
			<coordinate>pixel</coordinate>
			<type>rectangle</type>
			<description>None</description>
			<possibleresult>
				<name>Van</name>
			</possibleresult>
			<points>
				<point>164.999985,522.000000</point>
				<point>153.378372,538.270264</point>
				<point>145.716202,532.797241</point>
				<point>157.337814,516.526978</point>
				<point>164.999985,522.000000</point>
			</points>
		</object>
		<object>
			<coordinate>pixel</coordinate>
			<type>rectangle</type>
			<description>None</description>
			<possibleresult>
				<name>Van</name>
			</possibleresult>
			<points>
				<point>151.000000,544.000000</point>
				<point>141.000000,558.000000</point>
				<point>133.337830,552.526978</point>
				<point>143.337830,538.526978</point>
				<point>151.000000,544.000000</point>
			</points>
		</object>
		<object>
			<coordinate>pixel</coordinate>
			<type>rectangle</type>
			<description>None</description>
			<possibleresult>
				<name>Van</name>
			</possibleresult>
			<points>
				<point>136.000015,563.999939</point>
				<point>126.473000,577.337830</point>
				<point>119.472992,572.337830</point>
				<point>129.000000,558.999939</point>
				<point>136.000015,563.999939</point>
			</points>
		</object>
		<object>
			<coordinate>pixel</coordinate>
			<type>rectangle</type>
			<description>None</description>
			<possibleresult>
				<name>Van</name>
			</possibleresult>
			<points>
				<point>117.999985,585.000061</point>
				<point>107.999985,600.000061</point>
				<point>100.846146,595.230774</point>
				<point>110.846146,580.230774</point>
				<point>117.999985,585.000061</point>
			</points>
		</object>
		<object>
			<coordinate>pixel</coordinate>
			<type>rectangle</type>
			<description>None</description>
			<possibleresult>
				<name>Van</name>
			</possibleresult>
			<points>
				<point>115.000015,610.000000</point>
				<point>107.800018,624.400024</point>
				<point>101.000015,621.000000</point>
				<point>108.200012,606.599976</point>
				<point>115.000015,610.000000</point>
			</points>
		</object>
		<object>
			<coordinate>pixel</coordinate>
			<type>rectangle</type>
			<description>None</description>
			<possibleresult>
				<name>Small Car</name>
			</possibleresult>
			<points>
				<point>95.046997,617.932861</point>
				<point>88.000015,628.000000</point>
				<point>80.953033,623.067139</point>
				<point>88.000015,613.000000</point>
				<point>95.046997,617.932861</point>
			</points>
		</object>
		<object>
			<coordinate>pixel</coordinate>
			<type>rectangle</type>
			<description>None</description>
			<possibleresult>
				<name>Van</name>
			</possibleresult>
			<points>
				<point>87.999992,724.999939</point>
				<point>79.999992,736.999939</point>
				<point>73.999992,732.999939</point>
				<point>81.999992,720.999939</point>
				<point>87.999992,724.999939</point>
			</points>
		</object>
		<object>
			<coordinate>pixel</coordinate>
			<type>rectangle</type>
			<description>None</description>
			<possibleresult>
				<name>Small Car</name>
			</possibleresult>
			<points>
				<point>64.000031,728.000000</point>
				<point>54.911797,743.147095</point>
				<point>48.000031,739.000000</point>
				<point>57.088264,723.852905</point>
				<point>64.000031,728.000000</point>
			</points>
		</object>
		<object>
			<coordinate>pixel</coordinate>
			<type>rectangle</type>
			<description>None</description>
			<possibleresult>
				<name>Cargo Truck</name>
			</possibleresult>
			<points>
				<point>-0.000003,748.333191</point>
				<point>-10.441161,742.068542</point>
				<point>0.999965,722.999939</point>
				<point>11.441123,729.264587</point>
				<point>-0.000003,748.333191</point>
			</points>
		</object>
		<object>
			<coordinate>pixel</coordinate>
			<type>rectangle</type>
			<description>None</description>
			<possibleresult>
				<name>Cargo Truck</name>
			</possibleresult>
			<points>
				<point>79.000008,748.000000</point>
				<point>63.936535,770.093140</point>
				<point>55.000008,764.000000</point>
				<point>70.063477,741.906860</point>
				<point>79.000008,748.000000</point>
			</points>
		</object>
		<object>
			<coordinate>pixel</coordinate>
			<type>rectangle</type>
			<description>None</description>
			<possibleresult>
				<name>Van</name>
			</possibleresult>
			<points>
				<point>44.352913,791.411804</point>
				<point>35.352913,806.411804</point>
				<point>27.999969,802.000061</point>
				<point>36.999969,787.000061</point>
				<point>44.352913,791.411804</point>
			</points>
		</object>
		<object>
			<coordinate>pixel</coordinate>
			<type>rectangle</type>
			<description>None</description>
			<possibleresult>
				<name>Van</name>
			</possibleresult>
			<points>
				<point>0.000000,860.153809</point>
				<point>0.000000,859.000000</point>
				<point>9.000021,845.999939</point>
				<point>16.540020,851.219910</point>
				<point>0.000000,860.153809</point>
			</points>
		</object>
	</objects>
</annotation>