<?xml version="1.0" encoding="utf-8"?>
<annotation>
	<source>
		<filename>1378.tif</filename>
		<origin>GF2/GF3</origin>
	</source>
	<research>
		<version>1.0</version>
		<provider>FAIR1M</provider>
		<author>Cyber</author>
		<pluginname>FAIR1M</pluginname>
		<pluginclass>object detection</pluginclass>
		<time>2021-03</time>
	</research>
	<size>
		<width>1000</width>
		<height>1000</height>
		<depth>3</depth>
	</size>
	<objects>
		<object>
			<coordinate>pixel</coordinate>
			<type>rectangle</type>
			<description>None</description>
			<possibleresult>
				<name>Bus</name>
			</possibleresult>
			<points>
				<point>798.999878,458.999939</point>
				<point>787.014893,466.025574</point>
				<point>769.999878,436.999939</point>
				<point>781.984863,429.974304</point>
				<point>798.999878,458.999939</point>
			</points>
		</object>
		<object>
			<coordinate>pixel</coordinate>
			<type>rectangle</type>
			<description>None</description>
			<possibleresult>
				<name>Van</name>
			</possibleresult>
			<points>
				<point>977.000000,102.000000</point>
				<point>971.757324,110.468857</point>
				<point>950.000000,97.000000</point>
				<point>955.242676,88.531143</point>
				<point>977.000000,102.000000</point>
			</points>
		</object>
		<object>
			<coordinate>pixel</coordinate>
			<type>rectangle</type>
			<description>None</description>
			<possibleresult>
				<name>Van</name>
			</possibleresult>
			<points>
				<point>943.000000,26.000042</point>
				<point>933.000000,30.000042</point>
				<point>926.862061,14.655212</point>
				<point>936.862061,10.655212</point>
				<point>943.000000,26.000042</point>
			</points>
		</object>
		<object>
			<coordinate>pixel</coordinate>
			<type>rectangle</type>
			<description>None</description>
			<possibleresult>
				<name>Dump Truck</name>
			</possibleresult>
			<points>
				<point>991.907715,78.661491</point>
				<point>988.907715,67.661491</point>
				<point>1000.000000,64.636330</point>
				<point>1003.000000,75.636330</point>
				<point>991.907715,78.661491</point>
			</points>
		</object>
		<object>
			<coordinate>pixel</coordinate>
			<type>rectangle</type>
			<description>None</description>
			<possibleresult>
				<name>Small Car</name>
			</possibleresult>
			<points>
				<point>487.000061,306.000031</point>
				<point>478.200073,310.400055</point>
				<point>468.000061,290.000031</point>
				<point>476.800049,285.600006</point>
				<point>487.000061,306.000031</point>
			</points>
		</object>
		<object>
			<coordinate>pixel</coordinate>
			<type>rectangle</type>
			<description>None</description>
			<possibleresult>
				<name>Dump Truck</name>
			</possibleresult>
			<points>
				<point>403.897034,190.770264</point>
				<point>390.000000,196.999969</point>
				<point>377.000000,167.999969</point>
				<point>390.897034,161.770264</point>
				<point>403.897034,190.770264</point>
			</points>
		</object>
		<object>
			<coordinate>pixel</coordinate>
			<type>rectangle</type>
			<description>None</description>
			<possibleresult>
				<name>Dump Truck</name>
			</possibleresult>
			<points>
				<point>422.140930,183.201355</point>
				<point>411.000000,191.000000</point>
				<point>396.859070,170.798645</point>
				<point>408.000000,163.000000</point>
				<point>422.140930,183.201355</point>
			</points>
		</object>
		<object>
			<coordinate>pixel</coordinate>
			<type>rectangle</type>
			<description>None</description>
			<possibleresult>
				<name>Dump Truck</name>
			</possibleresult>
			<points>
				<point>440.000000,183.999969</point>
				<point>429.679077,189.384827</point>
				<point>417.679077,166.384827</point>
				<point>428.000000,160.999969</point>
				<point>440.000000,183.999969</point>
			</points>
		</object>
		<object>
			<coordinate>pixel</coordinate>
			<type>rectangle</type>
			<description>None</description>
			<possibleresult>
				<name>Small Car</name>
			</possibleresult>
			<points>
				<point>455.000000,181.000000</point>
				<point>443.069214,184.253845</point>
				<point>437.000000,162.000000</point>
				<point>448.930786,158.746155</point>
				<point>455.000000,181.000000</point>
			</points>
		</object>
		<object>
			<coordinate>pixel</coordinate>
			<type>rectangle</type>
			<description>None</description>
			<possibleresult>
				<name>Small Car</name>
			</possibleresult>
			<points>
				<point>384.594391,192.669800</point>
				<point>375.594391,197.669800</point>
				<point>363.000031,175.000000</point>
				<point>372.000031,170.000000</point>
				<point>384.594391,192.669800</point>
			</points>
		</object>
		<object>
			<coordinate>pixel</coordinate>
			<type>rectangle</type>
			<description>None</description>
			<possibleresult>
				<name>Bus</name>
			</possibleresult>
			<points>
				<point>306.875031,0.000000</point>
				<point>315.327301,0.000000</point>
				<point>345.189697,51.326019</point>
				<point>332.000000,59.000015</point>
				<point>306.875031,0.000000</point>
			</points>
		</object>
		<object>
			<coordinate>pixel</coordinate>
			<type>rectangle</type>
			<description>None</description>
			<possibleresult>
				<name>Bus</name>
			</possibleresult>
			<points>
				<point>305.055389,72.103813</point>
				<point>294.000031,78.000008</point>
				<point>278.000031,48.000008</point>
				<point>289.055389,42.103813</point>
				<point>305.055389,72.103813</point>
			</points>
		</object>
		<object>
			<coordinate>pixel</coordinate>
			<type>rectangle</type>
			<description>None</description>
			<possibleresult>
				<name>Bus</name>
			</possibleresult>
			<points>
				<point>285.355347,39.572540</point>
				<point>275.000000,46.000008</point>
				<point>256.644653,16.427473</point>
				<point>267.000000,10.000004</point>
				<point>285.355347,39.572540</point>
			</points>
		</object>
		<object>
			<coordinate>pixel</coordinate>
			<type>rectangle</type>
			<description>None</description>
			<possibleresult>
				<name>Bus</name>
			</possibleresult>
			<points>
				<point>273.999969,45.000000</point>
				<point>263.370758,51.597427</point>
				<point>244.999969,21.999998</point>
				<point>255.629181,15.402573</point>
				<point>273.999969,45.000000</point>
			</points>
		</object>
		<object>
			<coordinate>pixel</coordinate>
			<type>rectangle</type>
			<description>None</description>
			<possibleresult>
				<name>Dump Truck</name>
			</possibleresult>
			<points>
				<point>894.412048,588.857422</point>
				<point>867.999939,598.000122</point>
				<point>864.587830,588.142822</point>
				<point>890.999939,579.000122</point>
				<point>894.412048,588.857422</point>
			</points>
		</object>
		<object>
			<coordinate>pixel</coordinate>
			<type>rectangle</type>
			<description>None</description>
			<possibleresult>
				<name>Small Car</name>
			</possibleresult>
			<points>
				<point>883.300110,578.900024</point>
				<point>862.000061,586.000000</point>
				<point>858.000061,574.000000</point>
				<point>879.300110,566.900024</point>
				<point>883.300110,578.900024</point>
			</points>
		</object>
		<object>
			<coordinate>pixel</coordinate>
			<type>rectangle</type>
			<description>None</description>
			<possibleresult>
				<name>Van</name>
			</possibleresult>
			<points>
				<point>866.700012,555.100037</point>
				<point>845.700012,562.100037</point>
				<point>843.000061,554.000061</point>
				<point>864.000061,547.000061</point>
				<point>866.700012,555.100037</point>
			</points>
		</object>
		<object>
			<coordinate>pixel</coordinate>
			<type>rectangle</type>
			<description>None</description>
			<possibleresult>
				<name>Van</name>
			</possibleresult>
			<points>
				<point>858.043213,541.990234</point>
				<point>835.827148,547.039307</point>
				<point>833.783936,538.049072</point>
				<point>856.000000,533.000000</point>
				<point>858.043213,541.990234</point>
			</points>
		</object>
		<object>
			<coordinate>pixel</coordinate>
			<type>rectangle</type>
			<description>None</description>
			<possibleresult>
				<name>Small Car</name>
			</possibleresult>
			<points>
				<point>845.000000,526.999939</point>
				<point>821.811768,532.152893</point>
				<point>819.811768,523.152893</point>
				<point>843.000000,517.999939</point>
				<point>845.000000,526.999939</point>
			</points>
		</object>
		<object>
			<coordinate>pixel</coordinate>
			<type>rectangle</type>
			<description>None</description>
			<possibleresult>
				<name>Small Car</name>
			</possibleresult>
			<points>
				<point>902.999939,601.000000</point>
				<point>882.999939,609.000000</point>
				<point>878.999939,599.000000</point>
				<point>898.999939,591.000000</point>
				<point>902.999939,601.000000</point>
			</points>
		</object>
		<object>
			<coordinate>pixel</coordinate>
			<type>rectangle</type>
			<description>None</description>
			<possibleresult>
				<name>Dump Truck</name>
			</possibleresult>
			<points>
				<point>911.396912,612.236145</point>
				<point>888.396912,621.236145</point>
				<point>884.000183,610.000061</point>
				<point>907.000183,601.000061</point>
				<point>911.396912,612.236145</point>
			</points>
		</object>
		<object>
			<coordinate>pixel</coordinate>
			<type>rectangle</type>
			<description>None</description>
			<possibleresult>
				<name>Small Car</name>
			</possibleresult>
			<points>
				<point>926.000000,632.000000</point>
				<point>908.000000,639.000000</point>
				<point>904.227905,629.300293</point>
				<point>922.227905,622.300293</point>
				<point>926.000000,632.000000</point>
			</points>
		</object>
		<object>
			<coordinate>pixel</coordinate>
			<type>rectangle</type>
			<description>None</description>
			<possibleresult>
				<name>Van</name>
			</possibleresult>
			<points>
				<point>961.000000,678.000000</point>
				<point>939.909912,683.021484</point>
				<point>938.000000,675.000000</point>
				<point>959.090088,669.978516</point>
				<point>961.000000,678.000000</point>
			</points>
		</object>
		<object>
			<coordinate>pixel</coordinate>
			<type>rectangle</type>
			<description>None</description>
			<possibleresult>
				<name>Van</name>
			</possibleresult>
			<points>
				<point>968.000000,688.000000</point>
				<point>949.699951,694.099976</point>
				<point>947.000000,686.000000</point>
				<point>965.300049,679.900024</point>
				<point>968.000000,688.000000</point>
			</points>
		</object>
		<object>
			<coordinate>pixel</coordinate>
			<type>rectangle</type>
			<description>None</description>
			<possibleresult>
				<name>Dump Truck</name>
			</possibleresult>
			<points>
				<point>815.000000,658.000000</point>
				<point>805.000000,664.000000</point>
				<point>790.000000,639.000000</point>
				<point>800.000000,633.000000</point>
				<point>815.000000,658.000000</point>
			</points>
		</object>
		<object>
			<coordinate>pixel</coordinate>
			<type>rectangle</type>
			<description>None</description>
			<possibleresult>
				<name>Van</name>
			</possibleresult>
			<points>
				<point>901.399963,896.799988</point>
				<point>881.399963,906.799988</point>
				<point>875.999939,895.999939</point>
				<point>895.999939,885.999939</point>
				<point>901.399963,896.799988</point>
			</points>
		</object>
		<object>
			<coordinate>pixel</coordinate>
			<type>rectangle</type>
			<description>None</description>
			<possibleresult>
				<name>Van</name>
			</possibleresult>
			<points>
				<point>897.263977,967.952026</point>
				<point>874.999939,972.000000</point>
				<point>873.735901,965.047974</point>
				<point>895.999939,961.000000</point>
				<point>897.263977,967.952026</point>
			</points>
		</object>
		<object>
			<coordinate>pixel</coordinate>
			<type>rectangle</type>
			<description>None</description>
			<possibleresult>
				<name>Van</name>
			</possibleresult>
			<points>
				<point>874.734558,983.017883</point>
				<point>844.734558,985.017883</point>
				<point>844.000061,974.000183</point>
				<point>874.000061,972.000183</point>
				<point>874.734558,983.017883</point>
			</points>
		</object>
		<object>
			<coordinate>pixel</coordinate>
			<type>rectangle</type>
			<description>None</description>
			<possibleresult>
				<name>Dump Truck</name>
			</possibleresult>
			<points>
				<point>907.132446,976.224976</point>
				<point>880.132446,983.224976</point>
				<point>878.000000,975.000000</point>
				<point>905.000000,968.000000</point>
				<point>907.132446,976.224976</point>
			</points>
		</object>
		<object>
			<coordinate>pixel</coordinate>
			<type>rectangle</type>
			<description>None</description>
			<possibleresult>
				<name>Small Car</name>
			</possibleresult>
			<points>
				<point>876.000061,565.000061</point>
				<point>855.000061,573.000061</point>
				<point>850.706970,561.730774</point>
				<point>871.706970,553.730774</point>
				<point>876.000061,565.000061</point>
			</points>
		</object>
	</objects>
</annotation>