<?xml version="1.0" encoding="utf-8"?>
<annotation>
	<source>
		<filename>1381.tif</filename>
		<origin>GF2/GF3</origin>
	</source>
	<research>
		<version>1.0</version>
		<provider>FAIR1M</provider>
		<author>Cyber</author>
		<pluginname>FAIR1M</pluginname>
		<pluginclass>object detection</pluginclass>
		<time>2021-03</time>
	</research>
	<size>
		<width>1000</width>
		<height>1000</height>
		<depth>3</depth>
	</size>
	<objects>
		<object>
			<coordinate>pixel</coordinate>
			<type>rectangle</type>
			<description>None</description>
			<possibleresult>
				<name>Intersection</name>
			</possibleresult>
			<points>
				<point>341.000000,702.000000</point>
				<point>264.000000,702.000000</point>
				<point>264.000000,633.000000</point>
				<point>341.000000,633.000000</point>
				<point>341.000000,702.000000</point>
			</points>
		</object>
		<object>
			<coordinate>pixel</coordinate>
			<type>rectangle</type>
			<description>None</description>
			<possibleresult>
				<name>Small Car</name>
			</possibleresult>
			<points>
				<point>286.000000,63.000000</point>
				<point>275.000000,63.000000</point>
				<point>275.000000,44.000000</point>
				<point>286.000000,44.000000</point>
				<point>286.000000,63.000000</point>
			</points>
		</object>
		<object>
			<coordinate>pixel</coordinate>
			<type>rectangle</type>
			<description>None</description>
			<possibleresult>
				<name>Small Car</name>
			</possibleresult>
			<points>
				<point>327.000000,139.000000</point>
				<point>318.000000,139.000000</point>
				<point>318.000000,124.000000</point>
				<point>327.000000,124.000000</point>
				<point>327.000000,139.000000</point>
			</points>
		</object>
		<object>
			<coordinate>pixel</coordinate>
			<type>rectangle</type>
			<description>None</description>
			<possibleresult>
				<name>Van</name>
			</possibleresult>
			<points>
				<point>237.000000,216.000000</point>
				<point>214.000000,216.000000</point>
				<point>214.000000,206.000000</point>
				<point>237.000000,206.000000</point>
				<point>237.000000,216.000000</point>
			</points>
		</object>
		<object>
			<coordinate>pixel</coordinate>
			<type>rectangle</type>
			<description>None</description>
			<possibleresult>
				<name>Small Car</name>
			</possibleresult>
			<points>
				<point>328.027283,288.435791</point>
				<point>319.000061,289.000000</point>
				<point>317.972839,272.564209</point>
				<point>327.000061,272.000000</point>
				<point>328.027283,288.435791</point>
			</points>
		</object>
		<object>
			<coordinate>pixel</coordinate>
			<type>rectangle</type>
			<description>None</description>
			<possibleresult>
				<name>Small Car</name>
			</possibleresult>
			<points>
				<point>287.000000,355.000000</point>
				<point>275.000000,355.000000</point>
				<point>275.000000,329.000000</point>
				<point>287.000000,329.000000</point>
				<point>287.000000,355.000000</point>
			</points>
		</object>
		<object>
			<coordinate>pixel</coordinate>
			<type>rectangle</type>
			<description>None</description>
			<possibleresult>
				<name>Dump Truck</name>
			</possibleresult>
			<points>
				<point>193.000000,479.000000</point>
				<point>168.000000,479.000000</point>
				<point>168.000000,469.000000</point>
				<point>193.000000,469.000000</point>
				<point>193.000000,479.000000</point>
			</points>
		</object>
		<object>
			<coordinate>pixel</coordinate>
			<type>rectangle</type>
			<description>None</description>
			<possibleresult>
				<name>Small Car</name>
			</possibleresult>
			<points>
				<point>186.000000,396.000000</point>
				<point>167.000000,396.000000</point>
				<point>167.000000,389.000000</point>
				<point>186.000000,389.000000</point>
				<point>186.000000,396.000000</point>
			</points>
		</object>
		<object>
			<coordinate>pixel</coordinate>
			<type>rectangle</type>
			<description>None</description>
			<possibleresult>
				<name>Small Car</name>
			</possibleresult>
			<points>
				<point>209.000000,397.000000</point>
				<point>186.000000,397.000000</point>
				<point>186.000000,389.000000</point>
				<point>209.000000,389.000000</point>
				<point>209.000000,397.000000</point>
			</points>
		</object>
		<object>
			<coordinate>pixel</coordinate>
			<type>rectangle</type>
			<description>None</description>
			<possibleresult>
				<name>Cargo Truck</name>
			</possibleresult>
			<points>
				<point>265.235291,390.058899</point>
				<point>263.000000,399.000061</point>
				<point>230.764709,390.941223</point>
				<point>233.000000,382.000061</point>
				<point>265.235291,390.058899</point>
			</points>
		</object>
		<object>
			<coordinate>pixel</coordinate>
			<type>rectangle</type>
			<description>None</description>
			<possibleresult>
				<name>Small Car</name>
			</possibleresult>
			<points>
				<point>283.000000,421.000000</point>
				<point>274.000000,421.000000</point>
				<point>274.000000,403.000000</point>
				<point>283.000000,403.000000</point>
				<point>283.000000,421.000000</point>
			</points>
		</object>
		<object>
			<coordinate>pixel</coordinate>
			<type>rectangle</type>
			<description>None</description>
			<possibleresult>
				<name>Dump Truck</name>
			</possibleresult>
			<points>
				<point>277.076935,576.615417</point>
				<point>266.000031,578.000061</point>
				<point>263.000031,554.000061</point>
				<point>274.076935,552.615417</point>
				<point>277.076935,576.615417</point>
			</points>
		</object>
		<object>
			<coordinate>pixel</coordinate>
			<type>rectangle</type>
			<description>None</description>
			<possibleresult>
				<name>Small Car</name>
			</possibleresult>
			<points>
				<point>285.000031,524.000000</point>
				<point>276.035065,524.560303</point>
				<point>275.000031,508.000000</point>
				<point>283.964996,507.439697</point>
				<point>285.000031,524.000000</point>
			</points>
		</object>
		<object>
			<coordinate>pixel</coordinate>
			<type>rectangle</type>
			<description>None</description>
			<possibleresult>
				<name>Van</name>
			</possibleresult>
			<points>
				<point>328.000031,582.999939</point>
				<point>318.022675,583.475037</point>
				<point>317.000031,561.999939</point>
				<point>326.977386,561.524841</point>
				<point>328.000031,582.999939</point>
			</points>
		</object>
		<object>
			<coordinate>pixel</coordinate>
			<type>rectangle</type>
			<description>None</description>
			<possibleresult>
				<name>Van</name>
			</possibleresult>
			<points>
				<point>614.000000,137.000000</point>
				<point>604.000000,137.000000</point>
				<point>604.000000,121.000000</point>
				<point>614.000000,121.000000</point>
				<point>614.000000,137.000000</point>
			</points>
		</object>
		<object>
			<coordinate>pixel</coordinate>
			<type>rectangle</type>
			<description>None</description>
			<possibleresult>
				<name>Small Car</name>
			</possibleresult>
			<points>
				<point>764.000000,17.000000</point>
				<point>741.000000,17.000000</point>
				<point>741.000000,7.000000</point>
				<point>764.000000,7.000000</point>
				<point>764.000000,17.000000</point>
			</points>
		</object>
		<object>
			<coordinate>pixel</coordinate>
			<type>rectangle</type>
			<description>None</description>
			<possibleresult>
				<name>Dump Truck</name>
			</possibleresult>
			<points>
				<point>797.019226,387.499268</point>
				<point>784.000061,388.000000</point>
				<point>783.000061,362.000000</point>
				<point>796.019226,361.499268</point>
				<point>797.019226,387.499268</point>
			</points>
		</object>
		<object>
			<coordinate>pixel</coordinate>
			<type>rectangle</type>
			<description>None</description>
			<possibleresult>
				<name>Small Car</name>
			</possibleresult>
			<points>
				<point>549.000000,468.000000</point>
				<point>548.000000,478.000000</point>
				<point>528.000000,476.000000</point>
				<point>529.000000,466.000000</point>
				<point>549.000000,468.000000</point>
			</points>
		</object>
		<object>
			<coordinate>pixel</coordinate>
			<type>rectangle</type>
			<description>None</description>
			<possibleresult>
				<name>Small Car</name>
			</possibleresult>
			<points>
				<point>655.024170,535.410339</point>
				<point>645.000000,535.999939</point>
				<point>643.975830,518.589539</point>
				<point>654.000000,517.999939</point>
				<point>655.024170,535.410339</point>
			</points>
		</object>
		<object>
			<coordinate>pixel</coordinate>
			<type>rectangle</type>
			<description>None</description>
			<possibleresult>
				<name>Small Car</name>
			</possibleresult>
			<points>
				<point>855.000000,484.000000</point>
				<point>844.000000,484.000000</point>
				<point>844.000000,463.000000</point>
				<point>855.000000,463.000000</point>
				<point>855.000000,484.000000</point>
			</points>
		</object>
		<object>
			<coordinate>pixel</coordinate>
			<type>rectangle</type>
			<description>None</description>
			<possibleresult>
				<name>Van</name>
			</possibleresult>
			<points>
				<point>837.999939,508.000061</point>
				<point>836.999939,525.000061</point>
				<point>825.979309,524.351746</point>
				<point>826.979309,507.351746</point>
				<point>837.999939,508.000061</point>
			</points>
		</object>
		<object>
			<coordinate>pixel</coordinate>
			<type>rectangle</type>
			<description>None</description>
			<possibleresult>
				<name>Small Car</name>
			</possibleresult>
			<points>
				<point>683.000000,979.000000</point>
				<point>662.901001,981.009888</point>
				<point>662.000000,972.000000</point>
				<point>682.098999,969.990112</point>
				<point>683.000000,979.000000</point>
			</points>
		</object>
		<object>
			<coordinate>pixel</coordinate>
			<type>rectangle</type>
			<description>None</description>
			<possibleresult>
				<name>Dump Truck</name>
			</possibleresult>
			<points>
				<point>658.000000,954.000000</point>
				<point>634.000000,954.000000</point>
				<point>634.000000,945.000000</point>
				<point>658.000000,945.000000</point>
				<point>658.000000,954.000000</point>
			</points>
		</object>
		<object>
			<coordinate>pixel</coordinate>
			<type>rectangle</type>
			<description>None</description>
			<possibleresult>
				<name>Small Car</name>
			</possibleresult>
			<points>
				<point>292.000000,991.000000</point>
				<point>282.000000,991.000000</point>
				<point>282.000000,972.000000</point>
				<point>292.000000,972.000000</point>
				<point>292.000000,991.000000</point>
			</points>
		</object>
		<object>
			<coordinate>pixel</coordinate>
			<type>rectangle</type>
			<description>None</description>
			<possibleresult>
				<name>Small Car</name>
			</possibleresult>
			<points>
				<point>40.000000,851.000000</point>
				<point>30.000000,851.000000</point>
				<point>30.000000,834.000000</point>
				<point>40.000000,834.000000</point>
				<point>40.000000,851.000000</point>
			</points>
		</object>
		<object>
			<coordinate>pixel</coordinate>
			<type>rectangle</type>
			<description>None</description>
			<possibleresult>
				<name>Small Car</name>
			</possibleresult>
			<points>
				<point>40.000000,831.000000</point>
				<point>29.000000,831.000000</point>
				<point>29.000000,813.000000</point>
				<point>40.000000,813.000000</point>
				<point>40.000000,831.000000</point>
			</points>
		</object>
		<object>
			<coordinate>pixel</coordinate>
			<type>rectangle</type>
			<description>None</description>
			<possibleresult>
				<name>Small Car</name>
			</possibleresult>
			<points>
				<point>5.000000,885.000000</point>
				<point>-0.000000,885.000000</point>
				<point>0.000000,876.000000</point>
				<point>5.000000,876.000000</point>
				<point>5.000000,885.000000</point>
			</points>
		</object>
		<object>
			<coordinate>pixel</coordinate>
			<type>rectangle</type>
			<description>None</description>
			<possibleresult>
				<name>Van</name>
			</possibleresult>
			<points>
				<point>202.422455,879.983826</point>
				<point>176.000000,881.000061</point>
				<point>175.577545,870.016296</point>
				<point>202.000000,869.000061</point>
				<point>202.422455,879.983826</point>
			</points>
		</object>
		<object>
			<coordinate>pixel</coordinate>
			<type>rectangle</type>
			<description>None</description>
			<possibleresult>
				<name>Small Car</name>
			</possibleresult>
			<points>
				<point>371.000000,830.000000</point>
				<point>350.000000,830.000000</point>
				<point>350.000000,823.000000</point>
				<point>371.000000,823.000000</point>
				<point>371.000000,830.000000</point>
			</points>
		</object>
		<object>
			<coordinate>pixel</coordinate>
			<type>rectangle</type>
			<description>None</description>
			<possibleresult>
				<name>Van</name>
			</possibleresult>
			<points>
				<point>913.000000,669.000000</point>
				<point>891.000000,669.000000</point>
				<point>891.000000,662.000000</point>
				<point>913.000000,662.000000</point>
				<point>913.000000,669.000000</point>
			</points>
		</object>
		<object>
			<coordinate>pixel</coordinate>
			<type>rectangle</type>
			<description>None</description>
			<possibleresult>
				<name>Intersection</name>
			</possibleresult>
			<points>
				<point>332.000031,908.000183</point>
				<point>276.000031,909.000183</point>
				<point>275.571259,884.989929</point>
				<point>331.571259,883.989929</point>
				<point>332.000031,908.000183</point>
			</points>
		</object>
	</objects>
</annotation>