<?xml version="1.0" encoding="utf-8"?>
<annotation>
	<source>
		<filename>1382.tif</filename>
		<origin>GF2/GF3</origin>
	</source>
	<research>
		<version>1.0</version>
		<provider>FAIR1M</provider>
		<author>Cyber</author>
		<pluginname>FAIR1M</pluginname>
		<pluginclass>object detection</pluginclass>
		<time>2021-03</time>
	</research>
	<size>
		<width>1000</width>
		<height>1000</height>
		<depth>3</depth>
	</size>
	<objects>
		<object>
			<coordinate>pixel</coordinate>
			<type>rectangle</type>
			<description>None</description>
			<possibleresult>
				<name>Intersection</name>
			</possibleresult>
			<points>
				<point>25.000000,907.000000</point>
				<point>17.350517,916.288696</point>
				<point>0.000000,902.000000</point>
				<point>7.649483,892.711304</point>
				<point>25.000000,907.000000</point>
			</points>
		</object>
		<object>
			<coordinate>pixel</coordinate>
			<type>rectangle</type>
			<description>None</description>
			<possibleresult>
				<name>Intersection</name>
			</possibleresult>
			<points>
				<point>55.443626,396.730652</point>
				<point>27.000008,414.000000</point>
				<point>14.895629,394.063354</point>
				<point>43.339249,376.794006</point>
				<point>55.443626,396.730652</point>
			</points>
		</object>
		<object>
			<coordinate>pixel</coordinate>
			<type>rectangle</type>
			<description>None</description>
			<possibleresult>
				<name>Intersection</name>
			</possibleresult>
			<points>
				<point>121.375381,319.205078</point>
				<point>99.999985,336.000000</point>
				<point>88.999985,322.000000</point>
				<point>110.375381,305.205078</point>
				<point>121.375381,319.205078</point>
			</points>
		</object>
		<object>
			<coordinate>pixel</coordinate>
			<type>rectangle</type>
			<description>None</description>
			<possibleresult>
				<name>Bus</name>
			</possibleresult>
			<points>
				<point>-0.000001,335.000000</point>
				<point>0.000000,313.937469</point>
				<point>1.919880,312.857544</point>
				<point>20.000000,345.000000</point>
				<point>-0.000001,335.000000</point>
			</points>
		</object>
		<object>
			<coordinate>pixel</coordinate>
			<type>rectangle</type>
			<description>None</description>
			<possibleresult>
				<name>Cargo Truck</name>
			</possibleresult>
			<points>
				<point>0.000000,348.105347</point>
				<point>0.000000,337.083374</point>
				<point>4.976238,337.083374</point>
				<point>4.976238,348.105347</point>
				<point>0.000000,348.105347</point>
			</points>
		</object>
		<object>
			<coordinate>pixel</coordinate>
			<type>rectangle</type>
			<description>None</description>
			<possibleresult>
				<name>Van</name>
			</possibleresult>
			<points>
				<point>0.000033,623.266724</point>
				<point>-5.459503,615.821899</point>
				<point>0.000006,611.818237</point>
				<point>5.459542,619.263062</point>
				<point>0.000033,623.266724</point>
			</points>
		</object>
		<object>
			<coordinate>pixel</coordinate>
			<type>rectangle</type>
			<description>None</description>
			<possibleresult>
				<name>Cargo Truck</name>
			</possibleresult>
			<points>
				<point>92.082336,858.929443</point>
				<point>77.999985,871.000000</point>
				<point>72.917633,865.070557</point>
				<point>86.999985,853.000000</point>
				<point>92.082336,858.929443</point>
			</points>
		</object>
		<object>
			<coordinate>pixel</coordinate>
			<type>rectangle</type>
			<description>None</description>
			<possibleresult>
				<name>Van</name>
			</possibleresult>
			<points>
				<point>152.000046,891.000000</point>
				<point>147.000046,896.000000</point>
				<point>137.000046,886.000000</point>
				<point>142.000046,881.000000</point>
				<point>152.000046,891.000000</point>
			</points>
		</object>
		<object>
			<coordinate>pixel</coordinate>
			<type>rectangle</type>
			<description>None</description>
			<possibleresult>
				<name>Van</name>
			</possibleresult>
			<points>
				<point>106.290733,912.731750</point>
				<point>92.999992,925.000061</point>
				<point>87.709251,919.268372</point>
				<point>100.999992,907.000061</point>
				<point>106.290733,912.731750</point>
			</points>
		</object>
		<object>
			<coordinate>pixel</coordinate>
			<type>rectangle</type>
			<description>None</description>
			<possibleresult>
				<name>Van</name>
			</possibleresult>
			<points>
				<point>56.000042,945.999939</point>
				<point>52.000042,958.999939</point>
				<point>43.848690,956.491882</point>
				<point>47.848690,943.491882</point>
				<point>56.000042,945.999939</point>
			</points>
		</object>
		<object>
			<coordinate>pixel</coordinate>
			<type>rectangle</type>
			<description>None</description>
			<possibleresult>
				<name>Small Car</name>
			</possibleresult>
			<points>
				<point>45.000000,11.000002</point>
				<point>27.000000,20.000002</point>
				<point>23.599998,13.200003</point>
				<point>41.599998,4.200003</point>
				<point>45.000000,11.000002</point>
			</points>
		</object>
		<object>
			<coordinate>pixel</coordinate>
			<type>rectangle</type>
			<description>None</description>
			<possibleresult>
				<name>Van</name>
			</possibleresult>
			<points>
				<point>117.035538,150.497467</point>
				<point>110.000000,151.000000</point>
				<point>109.000000,137.000000</point>
				<point>116.035538,136.497467</point>
				<point>117.035538,150.497467</point>
			</points>
		</object>
		<object>
			<coordinate>pixel</coordinate>
			<type>rectangle</type>
			<description>None</description>
			<possibleresult>
				<name>Van</name>
			</possibleresult>
			<points>
				<point>137.000000,148.000015</point>
				<point>129.008728,149.065506</point>
				<point>127.000000,134.000015</point>
				<point>134.991272,132.934525</point>
				<point>137.000000,148.000015</point>
			</points>
		</object>
		<object>
			<coordinate>pixel</coordinate>
			<type>rectangle</type>
			<description>None</description>
			<possibleresult>
				<name>Van</name>
			</possibleresult>
			<points>
				<point>147.000000,144.000015</point>
				<point>141.015991,145.088028</point>
				<point>139.000000,134.000015</point>
				<point>144.984009,132.912003</point>
				<point>147.000000,144.000015</point>
			</points>
		</object>
		<object>
			<coordinate>pixel</coordinate>
			<type>rectangle</type>
			<description>None</description>
			<possibleresult>
				<name>Van</name>
			</possibleresult>
			<points>
				<point>188.000015,143.000015</point>
				<point>178.130875,144.741623</point>
				<point>175.130875,127.741623</point>
				<point>185.000015,126.000015</point>
				<point>188.000015,143.000015</point>
			</points>
		</object>
		<object>
			<coordinate>pixel</coordinate>
			<type>rectangle</type>
			<description>None</description>
			<possibleresult>
				<name>Van</name>
			</possibleresult>
			<points>
				<point>121.331863,48.977879</point>
				<point>106.000015,50.000004</point>
				<point>105.668152,45.022129</point>
				<point>121.000000,44.000004</point>
				<point>121.331863,48.977879</point>
			</points>
		</object>
		<object>
			<coordinate>pixel</coordinate>
			<type>rectangle</type>
			<description>None</description>
			<possibleresult>
				<name>Van</name>
			</possibleresult>
			<points>
				<point>209.000015,37.999996</point>
				<point>190.890244,40.012192</point>
				<point>189.999985,31.999996</point>
				<point>208.109756,29.987801</point>
				<point>209.000015,37.999996</point>
			</points>
		</object>
		<object>
			<coordinate>pixel</coordinate>
			<type>rectangle</type>
			<description>None</description>
			<possibleresult>
				<name>Van</name>
			</possibleresult>
			<points>
				<point>241.000031,87.000008</point>
				<point>233.000031,88.000008</point>
				<point>231.000031,72.000008</point>
				<point>239.000031,71.000008</point>
				<point>241.000031,87.000008</point>
			</points>
		</object>
		<object>
			<coordinate>pixel</coordinate>
			<type>rectangle</type>
			<description>None</description>
			<possibleresult>
				<name>Van</name>
			</possibleresult>
			<points>
				<point>251.031021,85.464600</point>
				<point>243.000046,86.000000</point>
				<point>241.969070,70.535400</point>
				<point>250.000046,70.000000</point>
				<point>251.031021,85.464600</point>
			</points>
		</object>
		<object>
			<coordinate>pixel</coordinate>
			<type>rectangle</type>
			<description>None</description>
			<possibleresult>
				<name>Van</name>
			</possibleresult>
			<points>
				<point>304.400024,46.800003</point>
				<point>286.000000,56.000000</point>
				<point>282.599976,49.200005</point>
				<point>301.000000,40.000008</point>
				<point>304.400024,46.800003</point>
			</points>
		</object>
		<object>
			<coordinate>pixel</coordinate>
			<type>rectangle</type>
			<description>None</description>
			<possibleresult>
				<name>Van</name>
			</possibleresult>
			<points>
				<point>308.178894,55.903652</point>
				<point>295.000000,62.999981</point>
				<point>291.821106,57.096310</point>
				<point>305.000000,49.999981</point>
				<point>308.178894,55.903652</point>
			</points>
		</object>
		<object>
			<coordinate>pixel</coordinate>
			<type>rectangle</type>
			<description>None</description>
			<possibleresult>
				<name>Van</name>
			</possibleresult>
			<points>
				<point>480.999969,37.000000</point>
				<point>474.087799,40.190243</point>
				<point>467.999969,26.999994</point>
				<point>474.912140,23.809750</point>
				<point>480.999969,37.000000</point>
			</points>
		</object>
		<object>
			<coordinate>pixel</coordinate>
			<type>rectangle</type>
			<description>None</description>
			<possibleresult>
				<name>Van</name>
			</possibleresult>
			<points>
				<point>472.525177,51.267059</point>
				<point>456.525177,60.267059</point>
				<point>452.999969,54.000000</point>
				<point>468.999969,45.000000</point>
				<point>472.525177,51.267059</point>
			</points>
		</object>
		<object>
			<coordinate>pixel</coordinate>
			<type>rectangle</type>
			<description>None</description>
			<possibleresult>
				<name>Van</name>
			</possibleresult>
			<points>
				<point>482.000000,86.999992</point>
				<point>474.118347,90.284019</point>
				<point>469.000000,77.999992</point>
				<point>476.881653,74.715965</point>
				<point>482.000000,86.999992</point>
			</points>
		</object>
		<object>
			<coordinate>pixel</coordinate>
			<type>rectangle</type>
			<description>None</description>
			<possibleresult>
				<name>Van</name>
			</possibleresult>
			<points>
				<point>140.000031,303.000031</point>
				<point>128.945572,312.044586</point>
				<point>124.000008,306.000031</point>
				<point>135.054459,296.955475</point>
				<point>140.000031,303.000031</point>
			</points>
		</object>
		<object>
			<coordinate>pixel</coordinate>
			<type>rectangle</type>
			<description>None</description>
			<possibleresult>
				<name>Small Car</name>
			</possibleresult>
			<points>
				<point>70.000008,280.000061</point>
				<point>61.039833,280.597412</point>
				<point>60.000008,265.000061</point>
				<point>68.960182,264.402710</point>
				<point>70.000008,280.000061</point>
			</points>
		</object>
		<object>
			<coordinate>pixel</coordinate>
			<type>rectangle</type>
			<description>None</description>
			<possibleresult>
				<name>Van</name>
			</possibleresult>
			<points>
				<point>58.029408,317.382294</point>
				<point>49.999996,317.999969</point>
				<point>48.999996,304.999969</point>
				<point>57.029408,304.382294</point>
				<point>58.029408,317.382294</point>
			</points>
		</object>
		<object>
			<coordinate>pixel</coordinate>
			<type>rectangle</type>
			<description>None</description>
			<possibleresult>
				<name>Small Car</name>
			</possibleresult>
			<points>
				<point>67.000000,338.000061</point>
				<point>58.015392,339.123108</point>
				<point>56.000004,323.000000</point>
				<point>64.984619,321.876953</point>
				<point>67.000000,338.000061</point>
			</points>
		</object>
		<object>
			<coordinate>pixel</coordinate>
			<type>rectangle</type>
			<description>None</description>
			<possibleresult>
				<name>Van</name>
			</possibleresult>
			<points>
				<point>75.029411,333.382324</point>
				<point>66.999992,334.000000</point>
				<point>65.970573,320.617676</point>
				<point>73.999992,320.000000</point>
				<point>75.029411,333.382324</point>
			</points>
		</object>
		<object>
			<coordinate>pixel</coordinate>
			<type>rectangle</type>
			<description>None</description>
			<possibleresult>
				<name>Van</name>
			</possibleresult>
			<points>
				<point>242.751129,220.226273</point>
				<point>231.751129,230.226273</point>
				<point>227.000000,225.000015</point>
				<point>238.000000,215.000015</point>
				<point>242.751129,220.226273</point>
			</points>
		</object>
		<object>
			<coordinate>pixel</coordinate>
			<type>rectangle</type>
			<description>None</description>
			<possibleresult>
				<name>Van</name>
			</possibleresult>
			<points>
				<point>293.000000,196.999985</point>
				<point>287.500000,202.499985</point>
				<point>278.000000,192.999985</point>
				<point>283.500000,187.499985</point>
				<point>293.000000,196.999985</point>
			</points>
		</object>
		<object>
			<coordinate>pixel</coordinate>
			<type>rectangle</type>
			<description>None</description>
			<possibleresult>
				<name>Van</name>
			</possibleresult>
			<points>
				<point>365.269653,121.831474</point>
				<point>349.000000,132.000015</point>
				<point>344.730347,125.168541</point>
				<point>361.000000,115.000000</point>
				<point>365.269653,121.831474</point>
			</points>
		</object>
		<object>
			<coordinate>pixel</coordinate>
			<type>rectangle</type>
			<description>None</description>
			<possibleresult>
				<name>Van</name>
			</possibleresult>
			<points>
				<point>616.692261,259.461578</point>
				<point>608.692261,271.461578</point>
				<point>602.000000,267.000031</point>
				<point>610.000000,255.000031</point>
				<point>616.692261,259.461578</point>
			</points>
		</object>
		<object>
			<coordinate>pixel</coordinate>
			<type>rectangle</type>
			<description>None</description>
			<possibleresult>
				<name>Small Car</name>
			</possibleresult>
			<points>
				<point>575.000000,248.000000</point>
				<point>569.172974,252.237854</point>
				<point>561.000000,241.000031</point>
				<point>566.827026,236.762177</point>
				<point>575.000000,248.000000</point>
			</points>
		</object>
		<object>
			<coordinate>pixel</coordinate>
			<type>rectangle</type>
			<description>None</description>
			<possibleresult>
				<name>Van</name>
			</possibleresult>
			<points>
				<point>564.000000,236.000031</point>
				<point>560.539062,241.348816</point>
				<point>543.000000,230.000031</point>
				<point>546.460938,224.651245</point>
				<point>564.000000,236.000031</point>
			</points>
		</object>
		<object>
			<coordinate>pixel</coordinate>
			<type>rectangle</type>
			<description>None</description>
			<possibleresult>
				<name>Van</name>
			</possibleresult>
			<points>
				<point>574.307739,193.538467</point>
				<point>568.307739,202.538467</point>
				<point>563.000000,199.000015</point>
				<point>569.000000,190.000015</point>
				<point>574.307739,193.538467</point>
			</points>
		</object>
		<object>
			<coordinate>pixel</coordinate>
			<type>rectangle</type>
			<description>None</description>
			<possibleresult>
				<name>Cargo Truck</name>
			</possibleresult>
			<points>
				<point>564.999878,188.999954</point>
				<point>554.999878,203.999954</point>
				<point>547.846069,199.230728</point>
				<point>557.846069,184.230728</point>
				<point>564.999878,188.999954</point>
			</points>
		</object>
		<object>
			<coordinate>pixel</coordinate>
			<type>rectangle</type>
			<description>None</description>
			<possibleresult>
				<name>Van</name>
			</possibleresult>
			<points>
				<point>543.269714,205.168564</point>
				<point>534.000061,220.000015</point>
				<point>525.550598,214.719101</point>
				<point>534.820251,199.887650</point>
				<point>543.269714,205.168564</point>
			</points>
		</object>
		<object>
			<coordinate>pixel</coordinate>
			<type>rectangle</type>
			<description>None</description>
			<possibleresult>
				<name>Van</name>
			</possibleresult>
			<points>
				<point>552.000000,207.000031</point>
				<point>542.911743,222.147095</point>
				<point>536.000000,218.000031</point>
				<point>545.088257,202.852966</point>
				<point>552.000000,207.000031</point>
			</points>
		</object>
		<object>
			<coordinate>pixel</coordinate>
			<type>rectangle</type>
			<description>None</description>
			<possibleresult>
				<name>Van</name>
			</possibleresult>
			<points>
				<point>562.000000,211.000046</point>
				<point>553.753906,225.430801</point>
				<point>546.000000,221.000046</point>
				<point>554.246094,206.569290</point>
				<point>562.000000,211.000046</point>
			</points>
		</object>
		<object>
			<coordinate>pixel</coordinate>
			<type>rectangle</type>
			<description>None</description>
			<possibleresult>
				<name>Van</name>
			</possibleresult>
			<points>
				<point>156.000015,545.000061</point>
				<point>147.099594,547.373474</point>
				<point>143.000015,532.000061</point>
				<point>151.900436,529.626648</point>
				<point>156.000015,545.000061</point>
			</points>
		</object>
		<object>
			<coordinate>pixel</coordinate>
			<type>rectangle</type>
			<description>None</description>
			<possibleresult>
				<name>Van</name>
			</possibleresult>
			<points>
				<point>218.041107,546.109619</point>
				<point>197.000000,554.000000</point>
				<point>194.000000,546.000000</point>
				<point>215.041107,538.109619</point>
				<point>218.041107,546.109619</point>
			</points>
		</object>
		<object>
			<coordinate>pixel</coordinate>
			<type>rectangle</type>
			<description>None</description>
			<possibleresult>
				<name>Van</name>
			</possibleresult>
			<points>
				<point>253.999969,551.000000</point>
				<point>246.233398,556.339478</point>
				<point>235.233398,540.339478</point>
				<point>242.999969,535.000000</point>
				<point>253.999969,551.000000</point>
			</points>
		</object>
		<object>
			<coordinate>pixel</coordinate>
			<type>rectangle</type>
			<description>None</description>
			<possibleresult>
				<name>Van</name>
			</possibleresult>
			<points>
				<point>227.102249,561.219055</point>
				<point>218.178879,565.383240</point>
				<point>211.000046,550.000061</point>
				<point>219.923416,545.835876</point>
				<point>227.102249,561.219055</point>
			</points>
		</object>
		<object>
			<coordinate>pixel</coordinate>
			<type>rectangle</type>
			<description>None</description>
			<possibleresult>
				<name>Van</name>
			</possibleresult>
			<points>
				<point>217.999969,564.000000</point>
				<point>210.110687,568.207642</point>
				<point>201.999969,553.000000</point>
				<point>209.889252,548.792358</point>
				<point>217.999969,564.000000</point>
			</points>
		</object>
		<object>
			<coordinate>pixel</coordinate>
			<type>rectangle</type>
			<description>None</description>
			<possibleresult>
				<name>Van</name>
			</possibleresult>
			<points>
				<point>69.000023,586.000000</point>
				<point>64.044579,590.054443</point>
				<point>55.000023,579.000000</point>
				<point>59.955467,574.945557</point>
				<point>69.000023,586.000000</point>
			</points>
		</object>
		<object>
			<coordinate>pixel</coordinate>
			<type>rectangle</type>
			<description>None</description>
			<possibleresult>
				<name>Small Car</name>
			</possibleresult>
			<points>
				<point>56.000015,721.000061</point>
				<point>51.510406,727.360291</point>
				<point>34.510399,715.360291</point>
				<point>39.000008,709.000061</point>
				<point>56.000015,721.000061</point>
			</points>
		</object>
		<object>
			<coordinate>pixel</coordinate>
			<type>rectangle</type>
			<description>None</description>
			<possibleresult>
				<name>Small Car</name>
			</possibleresult>
			<points>
				<point>97.356735,711.340637</point>
				<point>80.356735,720.340637</point>
				<point>76.999985,714.000061</point>
				<point>93.999985,705.000061</point>
				<point>97.356735,711.340637</point>
			</points>
		</object>
		<object>
			<coordinate>pixel</coordinate>
			<type>rectangle</type>
			<description>None</description>
			<possibleresult>
				<name>Trailer</name>
			</possibleresult>
			<points>
				<point>227.361771,807.349792</point>
				<point>218.999924,815.999939</point>
				<point>188.638077,786.650085</point>
				<point>196.999924,777.999939</point>
				<point>227.361771,807.349792</point>
			</points>
		</object>
		<object>
			<coordinate>pixel</coordinate>
			<type>rectangle</type>
			<description>None</description>
			<possibleresult>
				<name>Small Car</name>
			</possibleresult>
			<points>
				<point>305.239990,797.319946</point>
				<point>299.000000,802.000000</point>
				<point>286.760010,785.680054</point>
				<point>293.000000,781.000000</point>
				<point>305.239990,797.319946</point>
			</points>
		</object>
		<object>
			<coordinate>pixel</coordinate>
			<type>rectangle</type>
			<description>None</description>
			<possibleresult>
				<name>Van</name>
			</possibleresult>
			<points>
				<point>330.000000,808.000000</point>
				<point>323.185852,813.241577</point>
				<point>313.000000,800.000000</point>
				<point>319.814148,794.758423</point>
				<point>330.000000,808.000000</point>
			</points>
		</object>
		<object>
			<coordinate>pixel</coordinate>
			<type>rectangle</type>
			<description>None</description>
			<possibleresult>
				<name>Small Car</name>
			</possibleresult>
			<points>
				<point>356.000031,854.000122</point>
				<point>348.847076,859.811890</point>
				<point>335.847076,843.811890</point>
				<point>343.000031,838.000122</point>
				<point>356.000031,854.000122</point>
			</points>
		</object>
		<object>
			<coordinate>pixel</coordinate>
			<type>rectangle</type>
			<description>None</description>
			<possibleresult>
				<name>Small Car</name>
			</possibleresult>
			<points>
				<point>234.999969,557.000000</point>
				<point>227.999969,561.000000</point>
				<point>219.569214,546.246216</point>
				<point>226.569214,542.246216</point>
				<point>234.999969,557.000000</point>
			</points>
		</object>
		<object>
			<coordinate>pixel</coordinate>
			<type>rectangle</type>
			<description>None</description>
			<possibleresult>
				<name>Small Car</name>
			</possibleresult>
			<points>
				<point>308.000031,566.000061</point>
				<point>300.647064,570.411804</point>
				<point>291.647064,555.411804</point>
				<point>299.000031,551.000061</point>
				<point>308.000031,566.000061</point>
			</points>
		</object>
		<object>
			<coordinate>pixel</coordinate>
			<type>rectangle</type>
			<description>None</description>
			<possibleresult>
				<name>Small Car</name>
			</possibleresult>
			<points>
				<point>299.000031,569.000000</point>
				<point>292.227448,573.353760</point>
				<point>283.000031,559.000000</point>
				<point>289.772614,554.646240</point>
				<point>299.000031,569.000000</point>
			</points>
		</object>
		<object>
			<coordinate>pixel</coordinate>
			<type>rectangle</type>
			<description>None</description>
			<possibleresult>
				<name>Van</name>
			</possibleresult>
			<points>
				<point>286.000031,539.000061</point>
				<point>278.800018,542.600037</point>
				<point>271.800018,528.600037</point>
				<point>279.000031,525.000061</point>
				<point>286.000031,539.000061</point>
			</points>
		</object>
		<object>
			<coordinate>pixel</coordinate>
			<type>rectangle</type>
			<description>None</description>
			<possibleresult>
				<name>Van</name>
			</possibleresult>
			<points>
				<point>274.000031,581.000000</point>
				<point>267.678925,584.403687</point>
				<point>260.678925,571.403687</point>
				<point>267.000031,568.000000</point>
				<point>274.000031,581.000000</point>
			</points>
		</object>
		<object>
			<coordinate>pixel</coordinate>
			<type>rectangle</type>
			<description>None</description>
			<possibleresult>
				<name>Van</name>
			</possibleresult>
			<points>
				<point>267.000000,584.999939</point>
				<point>259.846130,589.769226</point>
				<point>249.846146,574.769226</point>
				<point>257.000000,569.999939</point>
				<point>267.000000,584.999939</point>
			</points>
		</object>
		<object>
			<coordinate>pixel</coordinate>
			<type>rectangle</type>
			<description>None</description>
			<possibleresult>
				<name>Van</name>
			</possibleresult>
			<points>
				<point>248.999969,590.000000</point>
				<point>242.227417,594.353760</point>
				<point>232.999969,580.000000</point>
				<point>239.772522,575.646240</point>
				<point>248.999969,590.000000</point>
			</points>
		</object>
		<object>
			<coordinate>pixel</coordinate>
			<type>rectangle</type>
			<description>None</description>
			<possibleresult>
				<name>Van</name>
			</possibleresult>
			<points>
				<point>232.999969,597.999939</point>
				<point>225.246124,602.430725</point>
				<point>215.461517,585.307678</point>
				<point>223.215363,580.876892</point>
				<point>232.999969,597.999939</point>
			</points>
		</object>
		<object>
			<coordinate>pixel</coordinate>
			<type>rectangle</type>
			<description>None</description>
			<possibleresult>
				<name>Van</name>
			</possibleresult>
			<points>
				<point>269.000061,604.000061</point>
				<point>262.088287,608.147156</point>
				<point>253.000015,593.000061</point>
				<point>259.911774,588.852966</point>
				<point>269.000061,604.000061</point>
			</points>
		</object>
		<object>
			<coordinate>pixel</coordinate>
			<type>rectangle</type>
			<description>None</description>
			<possibleresult>
				<name>Small Car</name>
			</possibleresult>
			<points>
				<point>347.015930,601.054199</point>
				<point>337.000000,604.000000</point>
				<point>331.984070,586.945801</point>
				<point>342.000000,584.000000</point>
				<point>347.015930,601.054199</point>
			</points>
		</object>
		<object>
			<coordinate>pixel</coordinate>
			<type>rectangle</type>
			<description>None</description>
			<possibleresult>
				<name>Small Car</name>
			</possibleresult>
			<points>
				<point>379.430756,623.753906</point>
				<point>363.061554,633.107788</point>
				<point>358.630768,625.353882</point>
				<point>374.999969,616.000000</point>
				<point>379.430756,623.753906</point>
			</points>
		</object>
		<object>
			<coordinate>pixel</coordinate>
			<type>rectangle</type>
			<description>None</description>
			<possibleresult>
				<name>Small Car</name>
			</possibleresult>
			<points>
				<point>387.000000,631.000000</point>
				<point>372.646240,640.227417</point>
				<point>368.000000,633.000000</point>
				<point>382.353760,623.772583</point>
				<point>387.000000,631.000000</point>
			</points>
		</object>
		<object>
			<coordinate>pixel</coordinate>
			<type>rectangle</type>
			<description>None</description>
			<possibleresult>
				<name>Dump Truck</name>
			</possibleresult>
			<points>
				<point>391.600006,589.200012</point>
				<point>379.600006,595.200012</point>
				<point>370.000031,576.000061</point>
				<point>382.000031,570.000061</point>
				<point>391.600006,589.200012</point>
			</points>
		</object>
		<object>
			<coordinate>pixel</coordinate>
			<type>rectangle</type>
			<description>None</description>
			<possibleresult>
				<name>Small Car</name>
			</possibleresult>
			<points>
				<point>345.000031,620.000061</point>
				<point>343.147675,627.038879</point>
				<point>324.000031,622.000061</point>
				<point>325.852386,614.961243</point>
				<point>345.000031,620.000061</point>
			</points>
		</object>
		<object>
			<coordinate>pixel</coordinate>
			<type>rectangle</type>
			<description>None</description>
			<possibleresult>
				<name>Van</name>
			</possibleresult>
			<points>
				<point>340.999969,629.000000</point>
				<point>338.699982,635.900024</point>
				<point>320.699982,629.900024</point>
				<point>322.999969,623.000000</point>
				<point>340.999969,629.000000</point>
			</points>
		</object>
		<object>
			<coordinate>pixel</coordinate>
			<type>rectangle</type>
			<description>None</description>
			<possibleresult>
				<name>Van</name>
			</possibleresult>
			<points>
				<point>336.000000,636.000000</point>
				<point>334.264160,642.075439</point>
				<point>320.000000,638.000000</point>
				<point>321.735840,631.924561</point>
				<point>336.000000,636.000000</point>
			</points>
		</object>
		<object>
			<coordinate>pixel</coordinate>
			<type>rectangle</type>
			<description>None</description>
			<possibleresult>
				<name>Van</name>
			</possibleresult>
			<points>
				<point>399.000061,796.000000</point>
				<point>386.680054,805.239990</point>
				<point>382.000061,799.000000</point>
				<point>394.320068,789.760010</point>
				<point>399.000061,796.000000</point>
			</points>
		</object>
		<object>
			<coordinate>pixel</coordinate>
			<type>rectangle</type>
			<description>None</description>
			<possibleresult>
				<name>Van</name>
			</possibleresult>
			<points>
				<point>447.000061,768.000061</point>
				<point>441.000061,774.000061</point>
				<point>427.500061,760.500061</point>
				<point>433.500061,754.500061</point>
				<point>447.000061,768.000061</point>
			</points>
		</object>
		<object>
			<coordinate>pixel</coordinate>
			<type>rectangle</type>
			<description>None</description>
			<possibleresult>
				<name>Van</name>
			</possibleresult>
			<points>
				<point>454.242889,762.309082</point>
				<point>446.999969,767.999878</point>
				<point>435.757050,753.690674</point>
				<point>442.999969,747.999878</point>
				<point>454.242889,762.309082</point>
			</points>
		</object>
		<object>
			<coordinate>pixel</coordinate>
			<type>rectangle</type>
			<description>None</description>
			<possibleresult>
				<name>Small Car</name>
			</possibleresult>
			<points>
				<point>496.000000,771.000000</point>
				<point>492.216736,776.158936</point>
				<point>477.000000,765.000000</point>
				<point>480.783264,759.841064</point>
				<point>496.000000,771.000000</point>
			</points>
		</object>
		<object>
			<coordinate>pixel</coordinate>
			<type>rectangle</type>
			<description>None</description>
			<possibleresult>
				<name>Small Car</name>
			</possibleresult>
			<points>
				<point>487.500061,781.500122</point>
				<point>482.000061,787.000122</point>
				<point>469.000061,774.000122</point>
				<point>474.500061,768.500122</point>
				<point>487.500061,781.500122</point>
			</points>
		</object>
		<object>
			<coordinate>pixel</coordinate>
			<type>rectangle</type>
			<description>None</description>
			<possibleresult>
				<name>Van</name>
			</possibleresult>
			<points>
				<point>471.000000,792.000061</point>
				<point>466.500000,796.500061</point>
				<point>455.500000,785.500061</point>
				<point>460.000000,781.000061</point>
				<point>471.000000,792.000061</point>
			</points>
		</object>
		<object>
			<coordinate>pixel</coordinate>
			<type>rectangle</type>
			<description>None</description>
			<possibleresult>
				<name>Cargo Truck</name>
			</possibleresult>
			<points>
				<point>455.500061,801.500122</point>
				<point>451.000061,806.000122</point>
				<point>441.500061,796.500122</point>
				<point>446.000061,792.000122</point>
				<point>455.500061,801.500122</point>
			</points>
		</object>
		<object>
			<coordinate>pixel</coordinate>
			<type>rectangle</type>
			<description>None</description>
			<possibleresult>
				<name>Small Car</name>
			</possibleresult>
			<points>
				<point>439.134460,815.113647</point>
				<point>435.000000,819.999878</point>
				<point>421.865540,808.886108</point>
				<point>426.000000,803.999878</point>
				<point>439.134460,815.113647</point>
			</points>
		</object>
		<object>
			<coordinate>pixel</coordinate>
			<type>rectangle</type>
			<description>None</description>
			<possibleresult>
				<name>Small Car</name>
			</possibleresult>
			<points>
				<point>416.000061,831.000122</point>
				<point>410.000061,837.000122</point>
				<point>399.000061,826.000122</point>
				<point>405.000061,820.000122</point>
				<point>416.000061,831.000122</point>
			</points>
		</object>
		<object>
			<coordinate>pixel</coordinate>
			<type>rectangle</type>
			<description>None</description>
			<possibleresult>
				<name>Van</name>
			</possibleresult>
			<points>
				<point>431.000061,821.000000</point>
				<point>425.728333,826.750977</point>
				<point>413.728333,815.750977</point>
				<point>419.000061,810.000000</point>
				<point>431.000061,821.000000</point>
			</points>
		</object>
		<object>
			<coordinate>pixel</coordinate>
			<type>rectangle</type>
			<description>None</description>
			<possibleresult>
				<name>Van</name>
			</possibleresult>
			<points>
				<point>422.298645,826.271545</point>
				<point>418.000000,831.000061</point>
				<point>406.701355,820.728577</point>
				<point>411.000000,816.000061</point>
				<point>422.298645,826.271545</point>
			</points>
		</object>
		<object>
			<coordinate>pixel</coordinate>
			<type>rectangle</type>
			<description>None</description>
			<possibleresult>
				<name>Trailer</name>
			</possibleresult>
			<points>
				<point>415.237793,947.827026</point>
				<point>403.999939,956.000000</point>
				<point>399.762085,950.172974</point>
				<point>410.999939,942.000000</point>
				<point>415.237793,947.827026</point>
			</points>
		</object>
		<object>
			<coordinate>pixel</coordinate>
			<type>rectangle</type>
			<description>None</description>
			<possibleresult>
				<name>Small Car</name>
			</possibleresult>
			<points>
				<point>475.999969,974.000000</point>
				<point>471.448273,979.379272</point>
				<point>458.448273,968.379272</point>
				<point>462.999969,963.000000</point>
				<point>475.999969,974.000000</point>
			</points>
		</object>
		<object>
			<coordinate>pixel</coordinate>
			<type>rectangle</type>
			<description>None</description>
			<possibleresult>
				<name>Cargo Truck</name>
			</possibleresult>
			<points>
				<point>497.000092,967.000000</point>
				<point>492.122040,973.097534</point>
				<point>477.000092,961.000000</point>
				<point>481.878143,954.902466</point>
				<point>497.000092,967.000000</point>
			</points>
		</object>
		<object>
			<coordinate>pixel</coordinate>
			<type>rectangle</type>
			<description>None</description>
			<possibleresult>
				<name>Small Car</name>
			</possibleresult>
			<points>
				<point>314.800018,993.400085</point>
				<point>306.000122,1000.000000</point>
				<point>293.500000,1000.000000</point>
				<point>310.000031,987.000061</point>
				<point>314.800018,993.400085</point>
			</points>
		</object>
		<object>
			<coordinate>pixel</coordinate>
			<type>rectangle</type>
			<description>None</description>
			<possibleresult>
				<name>Van</name>
			</possibleresult>
			<points>
				<point>329.000031,979.000122</point>
				<point>323.500031,984.500122</point>
				<point>311.000031,972.000122</point>
				<point>316.500031,966.500122</point>
				<point>329.000031,979.000122</point>
			</points>
		</object>
		<object>
			<coordinate>pixel</coordinate>
			<type>rectangle</type>
			<description>None</description>
			<possibleresult>
				<name>Van</name>
			</possibleresult>
			<points>
				<point>530.221008,864.198975</point>
				<point>525.000061,870.000122</point>
				<point>515.000061,861.000122</point>
				<point>520.221008,855.198975</point>
				<point>530.221008,864.198975</point>
			</points>
		</object>
		<object>
			<coordinate>pixel</coordinate>
			<type>rectangle</type>
			<description>None</description>
			<possibleresult>
				<name>Van</name>
			</possibleresult>
			<points>
				<point>560.499939,823.500000</point>
				<point>554.999939,829.000000</point>
				<point>544.999939,819.000000</point>
				<point>550.499939,813.500000</point>
				<point>560.499939,823.500000</point>
			</points>
		</object>
		<object>
			<coordinate>pixel</coordinate>
			<type>rectangle</type>
			<description>None</description>
			<possibleresult>
				<name>Van</name>
			</possibleresult>
			<points>
				<point>572.226196,810.248840</point>
				<point>567.000000,814.999939</point>
				<point>556.773804,803.751038</point>
				<point>562.000000,798.999939</point>
				<point>572.226196,810.248840</point>
			</points>
		</object>
		<object>
			<coordinate>pixel</coordinate>
			<type>rectangle</type>
			<description>None</description>
			<possibleresult>
				<name>Small Car</name>
			</possibleresult>
			<points>
				<point>581.999939,805.000061</point>
				<point>576.268250,810.290833</point>
				<point>563.999939,797.000061</point>
				<point>569.731628,791.709290</point>
				<point>581.999939,805.000061</point>
			</points>
		</object>
		<object>
			<coordinate>pixel</coordinate>
			<type>rectangle</type>
			<description>None</description>
			<possibleresult>
				<name>Small Car</name>
			</possibleresult>
			<points>
				<point>590.195068,798.243896</point>
				<point>583.000000,804.000000</point>
				<point>570.804932,788.756104</point>
				<point>578.000000,783.000000</point>
				<point>590.195068,798.243896</point>
			</points>
		</object>
		<object>
			<coordinate>pixel</coordinate>
			<type>rectangle</type>
			<description>None</description>
			<possibleresult>
				<name>Small Car</name>
			</possibleresult>
			<points>
				<point>596.000000,790.000061</point>
				<point>589.242920,795.309265</point>
				<point>578.000000,781.000061</point>
				<point>584.757080,775.690857</point>
				<point>596.000000,790.000061</point>
			</points>
		</object>
		<object>
			<coordinate>pixel</coordinate>
			<type>rectangle</type>
			<description>None</description>
			<possibleresult>
				<name>Small Car</name>
			</possibleresult>
			<points>
				<point>711.082397,958.929504</point>
				<point>697.000000,971.000061</point>
				<point>691.917603,965.070618</point>
				<point>706.000000,953.000061</point>
				<point>711.082397,958.929504</point>
			</points>
		</object>
		<object>
			<coordinate>pixel</coordinate>
			<type>rectangle</type>
			<description>None</description>
			<possibleresult>
				<name>Van</name>
			</possibleresult>
			<points>
				<point>628.600098,2.179779</point>
				<point>623.750000,2.179779</point>
				<point>623.750000,0.000000</point>
				<point>628.600098,0.000000</point>
				<point>628.600098,2.179779</point>
			</points>
		</object>
		<object>
			<coordinate>pixel</coordinate>
			<type>rectangle</type>
			<description>None</description>
			<possibleresult>
				<name>Van</name>
			</possibleresult>
			<points>
				<point>857.000122,43.000034</point>
				<point>851.000122,49.000034</point>
				<point>840.500122,38.500034</point>
				<point>846.500122,32.500034</point>
				<point>857.000122,43.000034</point>
			</points>
		</object>
		<object>
			<coordinate>pixel</coordinate>
			<type>rectangle</type>
			<description>None</description>
			<possibleresult>
				<name>Van</name>
			</possibleresult>
			<points>
				<point>809.316223,143.597290</point>
				<point>801.000061,148.000000</point>
				<point>792.000061,131.000000</point>
				<point>800.316223,126.597290</point>
				<point>809.316223,143.597290</point>
			</points>
		</object>
		<object>
			<coordinate>pixel</coordinate>
			<type>rectangle</type>
			<description>None</description>
			<possibleresult>
				<name>Van</name>
			</possibleresult>
			<points>
				<point>690.999939,722.000061</point>
				<point>675.799988,729.600037</point>
				<point>672.799988,723.600037</point>
				<point>687.999939,716.000061</point>
				<point>690.999939,722.000061</point>
			</points>
		</object>
		<object>
			<coordinate>pixel</coordinate>
			<type>rectangle</type>
			<description>None</description>
			<possibleresult>
				<name>Van</name>
			</possibleresult>
			<points>
				<point>767.000000,934.999878</point>
				<point>761.000000,938.999878</point>
				<point>754.538452,929.307617</point>
				<point>760.538452,925.307617</point>
				<point>767.000000,934.999878</point>
			</points>
		</object>
		<object>
			<coordinate>pixel</coordinate>
			<type>rectangle</type>
			<description>None</description>
			<possibleresult>
				<name>Van</name>
			</possibleresult>
			<points>
				<point>834.000000,916.000000</point>
				<point>820.000000,922.000000</point>
				<point>817.000000,915.000000</point>
				<point>831.000000,909.000000</point>
				<point>834.000000,916.000000</point>
			</points>
		</object>
		<object>
			<coordinate>pixel</coordinate>
			<type>rectangle</type>
			<description>None</description>
			<possibleresult>
				<name>Van</name>
			</possibleresult>
			<points>
				<point>825.000000,857.000000</point>
				<point>818.000000,861.000000</point>
				<point>810.000000,847.000000</point>
				<point>817.000000,843.000000</point>
				<point>825.000000,857.000000</point>
			</points>
		</object>
		<object>
			<coordinate>pixel</coordinate>
			<type>rectangle</type>
			<description>None</description>
			<possibleresult>
				<name>Van</name>
			</possibleresult>
			<points>
				<point>887.000122,904.000122</point>
				<point>875.000122,910.000122</point>
				<point>872.000122,904.000122</point>
				<point>884.000122,898.000122</point>
				<point>887.000122,904.000122</point>
			</points>
		</object>
		<object>
			<coordinate>pixel</coordinate>
			<type>rectangle</type>
			<description>None</description>
			<possibleresult>
				<name>Small Car</name>
			</possibleresult>
			<points>
				<point>987.000000,962.000122</point>
				<point>971.061523,971.107788</point>
				<point>966.815430,963.677002</point>
				<point>982.753906,954.569336</point>
				<point>987.000000,962.000122</point>
			</points>
		</object>
		<object>
			<coordinate>pixel</coordinate>
			<type>rectangle</type>
			<description>None</description>
			<possibleresult>
				<name>Small Car</name>
			</possibleresult>
			<points>
				<point>992.147034,968.911682</point>
				<point>976.999939,977.999939</point>
				<point>972.852844,971.088196</point>
				<point>987.999939,961.999939</point>
				<point>992.147034,968.911682</point>
			</points>
		</object>
		<object>
			<coordinate>pixel</coordinate>
			<type>rectangle</type>
			<description>None</description>
			<possibleresult>
				<name>Van</name>
			</possibleresult>
			<points>
				<point>979.101135,955.935059</point>
				<point>965.000061,965.000000</point>
				<point>959.898987,957.064941</point>
				<point>974.000061,948.000000</point>
				<point>979.101135,955.935059</point>
			</points>
		</object>
		<object>
			<coordinate>pixel</coordinate>
			<type>rectangle</type>
			<description>None</description>
			<possibleresult>
				<name>Van</name>
			</possibleresult>
			<points>
				<point>1000.000000,985.000000</point>
				<point>990.000000,991.000000</point>
				<point>985.852905,984.088257</point>
				<point>1000.000000,975.599976</point>
				<point>1000.000000,985.000000</point>
			</points>
		</object>
		<object>
			<coordinate>pixel</coordinate>
			<type>rectangle</type>
			<description>None</description>
			<possibleresult>
				<name>Van</name>
			</possibleresult>
			<points>
				<point>844.068970,736.172302</point>
				<point>837.000000,738.999939</point>
				<point>832.931030,728.827576</point>
				<point>840.000000,725.999939</point>
				<point>844.068970,736.172302</point>
			</points>
		</object>
		<object>
			<coordinate>pixel</coordinate>
			<type>rectangle</type>
			<description>None</description>
			<possibleresult>
				<name>Van</name>
			</possibleresult>
			<points>
				<point>930.000000,704.000000</point>
				<point>912.000000,704.000000</point>
				<point>912.000000,697.000000</point>
				<point>930.000000,697.000000</point>
				<point>930.000000,704.000000</point>
			</points>
		</object>
		<object>
			<coordinate>pixel</coordinate>
			<type>rectangle</type>
			<description>None</description>
			<possibleresult>
				<name>Van</name>
			</possibleresult>
			<points>
				<point>894.000000,713.000122</point>
				<point>886.841675,715.556641</point>
				<point>881.841675,701.556641</point>
				<point>889.000000,699.000122</point>
				<point>894.000000,713.000122</point>
			</points>
		</object>
		<object>
			<coordinate>pixel</coordinate>
			<type>rectangle</type>
			<description>None</description>
			<possibleresult>
				<name>Small Car</name>
			</possibleresult>
			<points>
				<point>869.000000,719.000000</point>
				<point>849.904297,725.030273</point>
				<point>848.000000,719.000000</point>
				<point>867.095703,712.969727</point>
				<point>869.000000,719.000000</point>
			</points>
		</object>
	</objects>
</annotation>