<?xml version="1.0" encoding="utf-8"?>
<annotation>
	<source>
		<filename>1383.tif</filename>
		<origin>GF2/GF3</origin>
	</source>
	<research>
		<version>1.0</version>
		<provider>FAIR1M</provider>
		<author>Cyber</author>
		<pluginname>FAIR1M</pluginname>
		<pluginclass>object detection</pluginclass>
		<time>2021-03</time>
	</research>
	<size>
		<width>1500</width>
		<height>1500</height>
		<depth>3</depth>
	</size>
	<objects>
		<object>
			<coordinate>pixel</coordinate>
			<type>rectangle</type>
			<description>None</description>
			<possibleresult>
				<name>Motorboat</name>
			</possibleresult>
			<points>
				<point>78.000000,1177.000000</point>
				<point>31.000000,1189.000000</point>
				<point>33.000000,1198.000000</point>
				<point>80.000000,1186.000000</point>
				<point>78.000000,1177.000000</point>
			</points>
		</object>
	</objects>
</annotation>