<?xml version="1.0" encoding="utf-8"?>
<annotation>
	<source>
		<filename>1397.tif</filename>
		<origin>GF2/GF3</origin>
	</source>
	<research>
		<version>1.0</version>
		<provider>FAIR1M</provider>
		<author>Cyber</author>
		<pluginname>FAIR1M</pluginname>
		<pluginclass>object detection</pluginclass>
		<time>2021-03</time>
	</research>
	<size>
		<width>1000</width>
		<height>1000</height>
		<depth>3</depth>
	</size>
	<objects>
		<object>
			<coordinate>pixel</coordinate>
			<type>rectangle</type>
			<description>None</description>
			<possibleresult>
				<name>Van</name>
			</possibleresult>
			<points>
				<point>673.116821,454.678833</point>
				<point>665.000000,477.000000</point>
				<point>654.883179,473.321167</point>
				<point>663.000000,451.000000</point>
				<point>673.116821,454.678833</point>
			</points>
		</object>
		<object>
			<coordinate>pixel</coordinate>
			<type>rectangle</type>
			<description>None</description>
			<possibleresult>
				<name>Dump Truck</name>
			</possibleresult>
			<points>
				<point>695.168945,470.565674</point>
				<point>688.000000,489.000000</point>
				<point>678.831055,485.434326</point>
				<point>686.000000,467.000000</point>
				<point>695.168945,470.565674</point>
			</points>
		</object>
		<object>
			<coordinate>pixel</coordinate>
			<type>rectangle</type>
			<description>None</description>
			<possibleresult>
				<name>Small Car</name>
			</possibleresult>
			<points>
				<point>635.000000,542.000000</point>
				<point>616.000000,549.000000</point>
				<point>613.370728,541.863403</point>
				<point>632.370728,534.863403</point>
				<point>635.000000,542.000000</point>
			</points>
		</object>
		<object>
			<coordinate>pixel</coordinate>
			<type>rectangle</type>
			<description>None</description>
			<possibleresult>
				<name>Van</name>
			</possibleresult>
			<points>
				<point>775.249390,550.232788</point>
				<point>768.000000,558.000000</point>
				<point>752.750610,543.767212</point>
				<point>760.000000,536.000000</point>
				<point>775.249390,550.232788</point>
			</points>
		</object>
		<object>
			<coordinate>pixel</coordinate>
			<type>rectangle</type>
			<description>None</description>
			<possibleresult>
				<name>Van</name>
			</possibleresult>
			<points>
				<point>26.811779,275.152985</point>
				<point>10.811779,288.152985</point>
				<point>5.000015,281.000031</point>
				<point>21.000015,268.000031</point>
				<point>26.811779,275.152985</point>
			</points>
		</object>
	</objects>
</annotation>