<?xml version="1.0" encoding="utf-8"?>
<annotation>
	<source>
		<filename>1400.tif</filename>
		<origin>GF2/GF3</origin>
	</source>
	<research>
		<version>1.0</version>
		<provider>FAIR1M</provider>
		<author>Cyber</author>
		<pluginname>FAIR1M</pluginname>
		<pluginclass>object detection</pluginclass>
		<time>2021-03</time>
	</research>
	<size>
		<width>1000</width>
		<height>1000</height>
		<depth>3</depth>
	</size>
	<objects>
		<object>
			<coordinate>pixel</coordinate>
			<type>rectangle</type>
			<description>None</description>
			<possibleresult>
				<name>Boeing737</name>
			</possibleresult>
			<points>
				<point>857.000000,103.000000</point>
				<point>882.000000,143.000000</point>
				<point>919.000000,121.000000</point>
				<point>894.000000,81.000000</point>
				<point>857.000000,103.000000</point>
			</points>
		</object>
		<object>
			<coordinate>pixel</coordinate>
			<type>rectangle</type>
			<description>None</description>
			<possibleresult>
				<name>Boeing737</name>
			</possibleresult>
			<points>
				<point>766.000000,165.000000</point>
				<point>791.000000,203.000000</point>
				<point>827.000000,180.000000</point>
				<point>803.000000,142.000000</point>
				<point>766.000000,165.000000</point>
			</points>
		</object>
		<object>
			<coordinate>pixel</coordinate>
			<type>rectangle</type>
			<description>None</description>
			<possibleresult>
				<name>A220</name>
			</possibleresult>
			<points>
				<point>667.000000,224.000000</point>
				<point>693.000000,265.000000</point>
				<point>728.000000,243.000000</point>
				<point>702.000000,202.000000</point>
				<point>667.000000,224.000000</point>
			</points>
		</object>
		<object>
			<coordinate>pixel</coordinate>
			<type>rectangle</type>
			<description>None</description>
			<possibleresult>
				<name>A220</name>
			</possibleresult>
			<points>
				<point>581.000000,276.000000</point>
				<point>606.000000,315.000000</point>
				<point>643.000000,292.000000</point>
				<point>618.000000,253.000000</point>
				<point>581.000000,276.000000</point>
			</points>
		</object>
		<object>
			<coordinate>pixel</coordinate>
			<type>rectangle</type>
			<description>None</description>
			<possibleresult>
				<name>Boeing737</name>
			</possibleresult>
			<points>
				<point>366.000000,436.000000</point>
				<point>392.000000,475.000000</point>
				<point>427.000000,452.000000</point>
				<point>401.000000,412.000000</point>
				<point>366.000000,436.000000</point>
			</points>
		</object>
		<object>
			<coordinate>pixel</coordinate>
			<type>rectangle</type>
			<description>None</description>
			<possibleresult>
				<name>A220</name>
			</possibleresult>
			<points>
				<point>306.000000,471.000000</point>
				<point>333.000000,512.000000</point>
				<point>369.000000,488.000000</point>
				<point>342.000000,447.000000</point>
				<point>306.000000,471.000000</point>
			</points>
		</object>
		<object>
			<coordinate>pixel</coordinate>
			<type>rectangle</type>
			<description>None</description>
			<possibleresult>
				<name>other-airplane</name>
			</possibleresult>
			<points>
				<point>190.000000,551.000000</point>
				<point>215.000000,586.000000</point>
				<point>251.000000,561.000000</point>
				<point>226.000000,526.000000</point>
				<point>190.000000,551.000000</point>
			</points>
		</object>
		<object>
			<coordinate>pixel</coordinate>
			<type>rectangle</type>
			<description>None</description>
			<possibleresult>
				<name>A321</name>
			</possibleresult>
			<points>
				<point>134.000000,590.000000</point>
				<point>165.000000,636.000000</point>
				<point>201.000000,611.000000</point>
				<point>170.000000,565.000000</point>
				<point>134.000000,590.000000</point>
			</points>
		</object>
		<object>
			<coordinate>pixel</coordinate>
			<type>rectangle</type>
			<description>None</description>
			<possibleresult>
				<name>A220</name>
			</possibleresult>
			<points>
				<point>346.000000,251.000000</point>
				<point>317.000000,209.000000</point>
				<point>280.000000,234.000000</point>
				<point>308.000000,276.000000</point>
				<point>346.000000,251.000000</point>
			</points>
		</object>
		<object>
			<coordinate>pixel</coordinate>
			<type>rectangle</type>
			<description>None</description>
			<possibleresult>
				<name>A321</name>
			</possibleresult>
			<points>
				<point>298.000000,281.000000</point>
				<point>269.000000,234.000000</point>
				<point>233.000000,257.000000</point>
				<point>262.000000,304.000000</point>
				<point>298.000000,281.000000</point>
			</points>
		</object>
		<object>
			<coordinate>pixel</coordinate>
			<type>rectangle</type>
			<description>None</description>
			<possibleresult>
				<name>A321</name>
			</possibleresult>
			<points>
				<point>236.000000,284.000000</point>
				<point>204.000000,239.000000</point>
				<point>170.000000,263.000000</point>
				<point>202.000000,308.000000</point>
				<point>236.000000,284.000000</point>
			</points>
		</object>
		<object>
			<coordinate>pixel</coordinate>
			<type>rectangle</type>
			<description>None</description>
			<possibleresult>
				<name>Boeing737</name>
			</possibleresult>
			<points>
				<point>202.000000,340.000000</point>
				<point>177.000000,301.000000</point>
				<point>141.000000,325.000000</point>
				<point>166.000000,364.000000</point>
				<point>202.000000,340.000000</point>
			</points>
		</object>
		<object>
			<coordinate>pixel</coordinate>
			<type>rectangle</type>
			<description>None</description>
			<possibleresult>
				<name>A220</name>
			</possibleresult>
			<points>
				<point>157.000000,366.000000</point>
				<point>129.000000,325.000000</point>
				<point>92.000000,350.000000</point>
				<point>119.000000,391.000000</point>
				<point>157.000000,366.000000</point>
			</points>
		</object>
		<object>
			<coordinate>pixel</coordinate>
			<type>rectangle</type>
			<description>None</description>
			<possibleresult>
				<name>other-airplane</name>
			</possibleresult>
			<points>
				<point>68.000000,425.000000</point>
				<point>44.000000,390.000000</point>
				<point>8.000000,415.000000</point>
				<point>32.000000,450.000000</point>
				<point>68.000000,425.000000</point>
			</points>
		</object>
	</objects>
</annotation>