<?xml version="1.0" encoding="utf-8"?>
<annotation>
	<source>
		<filename>1401.tif</filename>
		<origin>GF2/GF3</origin>
	</source>
	<research>
		<version>1.0</version>
		<provider>FAIR1M</provider>
		<author>Cyber</author>
		<pluginname>FAIR1M</pluginname>
		<pluginclass>object detection</pluginclass>
		<time>2021-03</time>
	</research>
	<size>
		<width>1000</width>
		<height>1000</height>
		<depth>3</depth>
	</size>
	<objects>
		<object>
			<coordinate>pixel</coordinate>
			<type>rectangle</type>
			<description>None</description>
			<possibleresult>
				<name>Van</name>
			</possibleresult>
			<points>
				<point>158.000000,23.000000</point>
				<point>147.000000,23.000000</point>
				<point>147.000000,5.000000</point>
				<point>158.000000,5.000000</point>
				<point>158.000000,23.000000</point>
			</points>
		</object>
		<object>
			<coordinate>pixel</coordinate>
			<type>rectangle</type>
			<description>None</description>
			<possibleresult>
				<name>Small Car</name>
			</possibleresult>
			<points>
				<point>418.000031,27.000011</point>
				<point>416.955780,42.663723</point>
				<point>407.000031,42.000004</point>
				<point>408.044281,26.336292</point>
				<point>418.000031,27.000011</point>
			</points>
		</object>
		<object>
			<coordinate>pixel</coordinate>
			<type>rectangle</type>
			<description>None</description>
			<possibleresult>
				<name>Small Car</name>
			</possibleresult>
			<points>
				<point>452.000000,3.000000</point>
				<point>433.000000,3.000000</point>
				<point>433.000000,0.000000</point>
				<point>452.000000,0.000000</point>
				<point>452.000000,3.000000</point>
			</points>
		</object>
		<object>
			<coordinate>pixel</coordinate>
			<type>rectangle</type>
			<description>None</description>
			<possibleresult>
				<name>Small Car</name>
			</possibleresult>
			<points>
				<point>405.000000,5.000000</point>
				<point>383.000000,5.000000</point>
				<point>383.000000,0.000000</point>
				<point>405.000000,0.000000</point>
				<point>405.000000,5.000000</point>
			</points>
		</object>
		<object>
			<coordinate>pixel</coordinate>
			<type>rectangle</type>
			<description>None</description>
			<possibleresult>
				<name>Small Car</name>
			</possibleresult>
			<points>
				<point>405.000000,14.000000</point>
				<point>383.000000,14.000000</point>
				<point>383.000000,7.000000</point>
				<point>405.000000,7.000000</point>
				<point>405.000000,14.000000</point>
			</points>
		</object>
		<object>
			<coordinate>pixel</coordinate>
			<type>rectangle</type>
			<description>None</description>
			<possibleresult>
				<name>Small Car</name>
			</possibleresult>
			<points>
				<point>416.857086,0.000000</point>
				<point>414.979919,13.139997</point>
				<point>406.999939,11.999998</point>
				<point>408.714233,-0.000001</point>
				<point>416.857086,0.000000</point>
			</points>
		</object>
		<object>
			<coordinate>pixel</coordinate>
			<type>rectangle</type>
			<description>None</description>
			<possibleresult>
				<name>Small Car</name>
			</possibleresult>
			<points>
				<point>429.000031,14.000000</point>
				<point>420.035065,14.560312</point>
				<point>419.125031,0.000000</point>
				<point>428.125031,0.000000</point>
				<point>429.000031,14.000000</point>
			</points>
		</object>
		<object>
			<coordinate>pixel</coordinate>
			<type>rectangle</type>
			<description>None</description>
			<possibleresult>
				<name>Van</name>
			</possibleresult>
			<points>
				<point>431.023376,28.626461</point>
				<point>430.023376,44.626461</point>
				<point>420.000061,44.000004</point>
				<point>421.000061,28.000004</point>
				<point>431.023376,28.626461</point>
			</points>
		</object>
		<object>
			<coordinate>pixel</coordinate>
			<type>rectangle</type>
			<description>None</description>
			<possibleresult>
				<name>Small Car</name>
			</possibleresult>
			<points>
				<point>451.000000,11.000000</point>
				<point>431.000000,11.000000</point>
				<point>431.000000,4.000000</point>
				<point>451.000000,4.000000</point>
				<point>451.000000,11.000000</point>
			</points>
		</object>
		<object>
			<coordinate>pixel</coordinate>
			<type>rectangle</type>
			<description>None</description>
			<possibleresult>
				<name>Van</name>
			</possibleresult>
			<points>
				<point>234.000015,21.000000</point>
				<point>232.270493,40.024590</point>
				<point>220.368851,38.942623</point>
				<point>222.098373,19.918034</point>
				<point>234.000015,21.000000</point>
			</points>
		</object>
		<object>
			<coordinate>pixel</coordinate>
			<type>rectangle</type>
			<description>None</description>
			<possibleresult>
				<name>Small Car</name>
			</possibleresult>
			<points>
				<point>245.024933,19.501247</point>
				<point>244.024933,39.501251</point>
				<point>234.000000,39.000004</point>
				<point>235.000000,19.000000</point>
				<point>245.024933,19.501247</point>
			</points>
		</object>
		<object>
			<coordinate>pixel</coordinate>
			<type>rectangle</type>
			<description>None</description>
			<possibleresult>
				<name>Van</name>
			</possibleresult>
			<points>
				<point>493.031158,31.498053</point>
				<point>485.000031,31.999998</point>
				<point>483.968903,15.501940</point>
				<point>492.000031,14.999994</point>
				<point>493.031158,31.498053</point>
			</points>
		</object>
		<object>
			<coordinate>pixel</coordinate>
			<type>rectangle</type>
			<description>None</description>
			<possibleresult>
				<name>Small Car</name>
			</possibleresult>
			<points>
				<point>504.999969,30.999992</point>
				<point>502.939972,45.419991</point>
				<point>492.999969,43.999992</point>
				<point>495.059967,29.579994</point>
				<point>504.999969,30.999992</point>
			</points>
		</object>
		<object>
			<coordinate>pixel</coordinate>
			<type>rectangle</type>
			<description>None</description>
			<possibleresult>
				<name>Small Car</name>
			</possibleresult>
			<points>
				<point>499.000000,66.000000</point>
				<point>488.000000,66.000000</point>
				<point>488.000000,47.000000</point>
				<point>499.000000,47.000000</point>
				<point>499.000000,66.000000</point>
			</points>
		</object>
		<object>
			<coordinate>pixel</coordinate>
			<type>rectangle</type>
			<description>None</description>
			<possibleresult>
				<name>Small Car</name>
			</possibleresult>
			<points>
				<point>504.024597,30.443081</point>
				<point>494.000000,31.000004</point>
				<point>492.975403,12.556927</point>
				<point>503.000000,12.000004</point>
				<point>504.024597,30.443081</point>
			</points>
		</object>
		<object>
			<coordinate>pixel</coordinate>
			<type>rectangle</type>
			<description>None</description>
			<possibleresult>
				<name>Small Car</name>
			</possibleresult>
			<points>
				<point>29.000000,185.000000</point>
				<point>2.000000,185.000000</point>
				<point>2.000000,178.000000</point>
				<point>29.000000,178.000000</point>
				<point>29.000000,185.000000</point>
			</points>
		</object>
		<object>
			<coordinate>pixel</coordinate>
			<type>rectangle</type>
			<description>None</description>
			<possibleresult>
				<name>Small Car</name>
			</possibleresult>
			<points>
				<point>27.000000,205.000000</point>
				<point>7.000000,205.000000</point>
				<point>7.000000,198.000000</point>
				<point>27.000000,198.000000</point>
				<point>27.000000,205.000000</point>
			</points>
		</object>
		<object>
			<coordinate>pixel</coordinate>
			<type>rectangle</type>
			<description>None</description>
			<possibleresult>
				<name>Small Car</name>
			</possibleresult>
			<points>
				<point>11.000003,426.000000</point>
				<point>-0.332575,425.460388</point>
				<point>0.000002,418.476196</point>
				<point>11.332580,419.015808</point>
				<point>11.000003,426.000000</point>
			</points>
		</object>
		<object>
			<coordinate>pixel</coordinate>
			<type>rectangle</type>
			<description>None</description>
			<possibleresult>
				<name>Van</name>
			</possibleresult>
			<points>
				<point>19.000000,415.000000</point>
				<point>0.000000,415.000000</point>
				<point>0.000000,407.000000</point>
				<point>19.000000,407.000000</point>
				<point>19.000000,415.000000</point>
			</points>
		</object>
		<object>
			<coordinate>pixel</coordinate>
			<type>rectangle</type>
			<description>None</description>
			<possibleresult>
				<name>Small Car</name>
			</possibleresult>
			<points>
				<point>17.000000,436.000000</point>
				<point>0.000000,436.000000</point>
				<point>0.000000,427.000000</point>
				<point>17.000000,427.000000</point>
				<point>17.000000,436.000000</point>
			</points>
		</object>
		<object>
			<coordinate>pixel</coordinate>
			<type>rectangle</type>
			<description>None</description>
			<possibleresult>
				<name>Small Car</name>
			</possibleresult>
			<points>
				<point>34.000000,569.999939</point>
				<point>24.034481,570.586121</point>
				<point>23.000000,552.999939</point>
				<point>32.965519,552.413757</point>
				<point>34.000000,569.999939</point>
			</points>
		</object>
		<object>
			<coordinate>pixel</coordinate>
			<type>rectangle</type>
			<description>None</description>
			<possibleresult>
				<name>Small Car</name>
			</possibleresult>
			<points>
				<point>60.000000,569.000000</point>
				<point>49.000000,569.000000</point>
				<point>49.000000,552.000000</point>
				<point>60.000000,552.000000</point>
				<point>60.000000,569.000000</point>
			</points>
		</object>
		<object>
			<coordinate>pixel</coordinate>
			<type>rectangle</type>
			<description>None</description>
			<possibleresult>
				<name>Small Car</name>
			</possibleresult>
			<points>
				<point>47.000000,569.000000</point>
				<point>37.000000,569.000000</point>
				<point>37.000000,551.000000</point>
				<point>47.000000,551.000000</point>
				<point>47.000000,569.000000</point>
			</points>
		</object>
		<object>
			<coordinate>pixel</coordinate>
			<type>rectangle</type>
			<description>None</description>
			<possibleresult>
				<name>Small Car</name>
			</possibleresult>
			<points>
				<point>22.999969,569.000000</point>
				<point>14.999969,572.000000</point>
				<point>8.999969,556.000000</point>
				<point>16.999969,553.000000</point>
				<point>22.999969,569.000000</point>
			</points>
		</object>
		<object>
			<coordinate>pixel</coordinate>
			<type>rectangle</type>
			<description>None</description>
			<possibleresult>
				<name>Van</name>
			</possibleresult>
			<points>
				<point>126.000000,640.000000</point>
				<point>112.019180,640.517822</point>
				<point>111.000000,613.000000</point>
				<point>124.980820,612.482178</point>
				<point>126.000000,640.000000</point>
			</points>
		</object>
		<object>
			<coordinate>pixel</coordinate>
			<type>rectangle</type>
			<description>None</description>
			<possibleresult>
				<name>Van</name>
			</possibleresult>
			<points>
				<point>6.000003,746.000000</point>
				<point>-0.370163,745.664673</point>
				<point>0.000002,738.631470</point>
				<point>6.370169,738.966797</point>
				<point>6.000003,746.000000</point>
			</points>
		</object>
		<object>
			<coordinate>pixel</coordinate>
			<type>rectangle</type>
			<description>None</description>
			<possibleresult>
				<name>Van</name>
			</possibleresult>
			<points>
				<point>35.000000,746.000000</point>
				<point>12.000000,746.000000</point>
				<point>12.000000,738.000000</point>
				<point>35.000000,738.000000</point>
				<point>35.000000,746.000000</point>
			</points>
		</object>
		<object>
			<coordinate>pixel</coordinate>
			<type>rectangle</type>
			<description>None</description>
			<possibleresult>
				<name>Small Car</name>
			</possibleresult>
			<points>
				<point>81.000000,747.000000</point>
				<point>59.000000,747.000000</point>
				<point>59.000000,740.000000</point>
				<point>81.000000,740.000000</point>
				<point>81.000000,747.000000</point>
			</points>
		</object>
		<object>
			<coordinate>pixel</coordinate>
			<type>rectangle</type>
			<description>None</description>
			<possibleresult>
				<name>Van</name>
			</possibleresult>
			<points>
				<point>40.402657,762.960266</point>
				<point>40.000000,769.000061</point>
				<point>25.000002,768.000061</point>
				<point>25.402657,761.960266</point>
				<point>40.402657,762.960266</point>
			</points>
		</object>
		<object>
			<coordinate>pixel</coordinate>
			<type>rectangle</type>
			<description>None</description>
			<possibleresult>
				<name>Small Car</name>
			</possibleresult>
			<points>
				<point>68.000000,769.000000</point>
				<point>44.000000,769.000000</point>
				<point>44.000000,762.000000</point>
				<point>68.000000,762.000000</point>
				<point>68.000000,769.000000</point>
			</points>
		</object>
		<object>
			<coordinate>pixel</coordinate>
			<type>rectangle</type>
			<description>None</description>
			<possibleresult>
				<name>Small Car</name>
			</possibleresult>
			<points>
				<point>97.000000,770.000000</point>
				<point>76.000000,770.000000</point>
				<point>76.000000,762.000000</point>
				<point>97.000000,762.000000</point>
				<point>97.000000,770.000000</point>
			</points>
		</object>
		<object>
			<coordinate>pixel</coordinate>
			<type>rectangle</type>
			<description>None</description>
			<possibleresult>
				<name>Small Car</name>
			</possibleresult>
			<points>
				<point>472.000031,571.000061</point>
				<point>462.030792,571.553894</point>
				<point>461.030792,553.553894</point>
				<point>471.000031,553.000061</point>
				<point>472.000031,571.000061</point>
			</points>
		</object>
		<object>
			<coordinate>pixel</coordinate>
			<type>rectangle</type>
			<description>None</description>
			<possibleresult>
				<name>Small Car</name>
			</possibleresult>
			<points>
				<point>138.000000,998.000000</point>
				<point>129.000000,998.000000</point>
				<point>129.000000,982.000000</point>
				<point>138.000000,982.000000</point>
				<point>138.000000,998.000000</point>
			</points>
		</object>
		<object>
			<coordinate>pixel</coordinate>
			<type>rectangle</type>
			<description>None</description>
			<possibleresult>
				<name>Dump Truck</name>
			</possibleresult>
			<points>
				<point>141.000000,972.000061</point>
				<point>129.008209,973.090271</point>
				<point>126.999992,951.000061</point>
				<point>138.991791,949.909851</point>
				<point>141.000000,972.000061</point>
			</points>
		</object>
		<object>
			<coordinate>pixel</coordinate>
			<type>rectangle</type>
			<description>None</description>
			<possibleresult>
				<name>Small Car</name>
			</possibleresult>
			<points>
				<point>136.000000,948.000000</point>
				<point>128.000000,948.000000</point>
				<point>128.000000,931.000000</point>
				<point>136.000000,931.000000</point>
				<point>136.000000,948.000000</point>
			</points>
		</object>
		<object>
			<coordinate>pixel</coordinate>
			<type>rectangle</type>
			<description>None</description>
			<possibleresult>
				<name>Small Car</name>
			</possibleresult>
			<points>
				<point>138.000000,916.000061</point>
				<point>127.975151,916.527649</point>
				<point>126.975151,897.527649</point>
				<point>137.000000,897.000061</point>
				<point>138.000000,916.000061</point>
			</points>
		</object>
		<object>
			<coordinate>pixel</coordinate>
			<type>rectangle</type>
			<description>None</description>
			<possibleresult>
				<name>Dump Truck</name>
			</possibleresult>
			<points>
				<point>139.000000,874.000000</point>
				<point>129.000000,874.000000</point>
				<point>129.000000,854.000000</point>
				<point>139.000000,854.000000</point>
				<point>139.000000,874.000000</point>
			</points>
		</object>
		<object>
			<coordinate>pixel</coordinate>
			<type>rectangle</type>
			<description>None</description>
			<possibleresult>
				<name>Van</name>
			</possibleresult>
			<points>
				<point>139.024933,846.498779</point>
				<point>129.000000,847.000000</point>
				<point>128.000000,827.000000</point>
				<point>138.024933,826.498779</point>
				<point>139.024933,846.498779</point>
			</points>
		</object>
		<object>
			<coordinate>pixel</coordinate>
			<type>rectangle</type>
			<description>None</description>
			<possibleresult>
				<name>Small Car</name>
			</possibleresult>
			<points>
				<point>139.000000,815.000000</point>
				<point>126.000000,815.000000</point>
				<point>126.000000,793.000000</point>
				<point>139.000000,793.000000</point>
				<point>139.000000,815.000000</point>
			</points>
		</object>
		<object>
			<coordinate>pixel</coordinate>
			<type>rectangle</type>
			<description>None</description>
			<possibleresult>
				<name>Small Car</name>
			</possibleresult>
			<points>
				<point>136.027588,770.531006</point>
				<point>135.027588,787.531006</point>
				<point>126.000000,787.000000</point>
				<point>127.000000,770.000000</point>
				<point>136.027588,770.531006</point>
			</points>
		</object>
		<object>
			<coordinate>pixel</coordinate>
			<type>rectangle</type>
			<description>None</description>
			<possibleresult>
				<name>Van</name>
			</possibleresult>
			<points>
				<point>166.000000,752.000000</point>
				<point>158.000000,752.000000</point>
				<point>158.000000,736.000000</point>
				<point>166.000000,736.000000</point>
				<point>166.000000,752.000000</point>
			</points>
		</object>
		<object>
			<coordinate>pixel</coordinate>
			<type>rectangle</type>
			<description>None</description>
			<possibleresult>
				<name>Small Car</name>
			</possibleresult>
			<points>
				<point>167.000000,651.000000</point>
				<point>158.000000,651.000000</point>
				<point>158.000000,633.000000</point>
				<point>167.000000,633.000000</point>
				<point>167.000000,651.000000</point>
			</points>
		</object>
		<object>
			<coordinate>pixel</coordinate>
			<type>rectangle</type>
			<description>None</description>
			<possibleresult>
				<name>Van</name>
			</possibleresult>
			<points>
				<point>152.000000,650.000000</point>
				<point>141.000000,650.000000</point>
				<point>141.000000,629.000000</point>
				<point>152.000000,629.000000</point>
				<point>152.000000,650.000000</point>
			</points>
		</object>
		<object>
			<coordinate>pixel</coordinate>
			<type>rectangle</type>
			<description>None</description>
			<possibleresult>
				<name>Small Car</name>
			</possibleresult>
			<points>
				<point>151.000000,605.000000</point>
				<point>141.000000,605.000000</point>
				<point>141.000000,587.000000</point>
				<point>151.000000,587.000000</point>
				<point>151.000000,605.000000</point>
			</points>
		</object>
		<object>
			<coordinate>pixel</coordinate>
			<type>rectangle</type>
			<description>None</description>
			<possibleresult>
				<name>Van</name>
			</possibleresult>
			<points>
				<point>136.000000,513.000000</point>
				<point>126.000000,513.000000</point>
				<point>126.000000,492.000000</point>
				<point>136.000000,492.000000</point>
				<point>136.000000,513.000000</point>
			</points>
		</object>
		<object>
			<coordinate>pixel</coordinate>
			<type>rectangle</type>
			<description>None</description>
			<possibleresult>
				<name>Cargo Truck</name>
			</possibleresult>
			<points>
				<point>153.982193,471.499420</point>
				<point>152.982193,499.499420</point>
				<point>139.000015,499.000031</point>
				<point>140.000015,471.000031</point>
				<point>153.982193,471.499420</point>
			</points>
		</object>
		<object>
			<coordinate>pixel</coordinate>
			<type>rectangle</type>
			<description>None</description>
			<possibleresult>
				<name>Small Car</name>
			</possibleresult>
			<points>
				<point>193.000000,416.000000</point>
				<point>192.044617,423.006104</point>
				<point>170.000000,420.000000</point>
				<point>170.955383,412.993896</point>
				<point>193.000000,416.000000</point>
			</points>
		</object>
		<object>
			<coordinate>pixel</coordinate>
			<type>rectangle</type>
			<description>None</description>
			<possibleresult>
				<name>Small Car</name>
			</possibleresult>
			<points>
				<point>281.000000,412.000031</point>
				<point>280.617676,420.029449</point>
				<point>259.617676,419.029449</point>
				<point>260.000000,411.000031</point>
				<point>281.000000,412.000031</point>
			</points>
		</object>
		<object>
			<coordinate>pixel</coordinate>
			<type>rectangle</type>
			<description>None</description>
			<possibleresult>
				<name>Van</name>
			</possibleresult>
			<points>
				<point>151.000000,410.000000</point>
				<point>141.972321,410.501526</point>
				<point>140.972321,392.501526</point>
				<point>150.000000,392.000000</point>
				<point>151.000000,410.000000</point>
			</points>
		</object>
		<object>
			<coordinate>pixel</coordinate>
			<type>rectangle</type>
			<description>None</description>
			<possibleresult>
				<name>Small Car</name>
			</possibleresult>
			<points>
				<point>152.000000,361.000000</point>
				<point>142.000000,361.000000</point>
				<point>142.000000,343.000000</point>
				<point>152.000000,343.000000</point>
				<point>152.000000,361.000000</point>
			</points>
		</object>
		<object>
			<coordinate>pixel</coordinate>
			<type>rectangle</type>
			<description>None</description>
			<possibleresult>
				<name>Small Car</name>
			</possibleresult>
			<points>
				<point>153.027679,296.498474</point>
				<point>144.000000,297.000000</point>
				<point>143.000000,279.000000</point>
				<point>152.027679,278.498474</point>
				<point>153.027679,296.498474</point>
			</points>
		</object>
		<object>
			<coordinate>pixel</coordinate>
			<type>rectangle</type>
			<description>None</description>
			<possibleresult>
				<name>Small Car</name>
			</possibleresult>
			<points>
				<point>153.999985,245.000015</point>
				<point>145.006821,246.058029</point>
				<point>143.006821,229.058029</point>
				<point>151.999985,228.000015</point>
				<point>153.999985,245.000015</point>
			</points>
		</object>
		<object>
			<coordinate>pixel</coordinate>
			<type>rectangle</type>
			<description>None</description>
			<possibleresult>
				<name>Van</name>
			</possibleresult>
			<points>
				<point>154.000000,178.000000</point>
				<point>143.000000,178.000000</point>
				<point>143.000000,156.000000</point>
				<point>154.000000,156.000000</point>
				<point>154.000000,178.000000</point>
			</points>
		</object>
		<object>
			<coordinate>pixel</coordinate>
			<type>rectangle</type>
			<description>None</description>
			<possibleresult>
				<name>Dump Truck</name>
			</possibleresult>
			<points>
				<point>156.020370,78.572403</point>
				<point>155.020370,99.572403</point>
				<point>143.000015,99.000000</point>
				<point>144.000015,78.000000</point>
				<point>156.020370,78.572403</point>
			</points>
		</object>
		<object>
			<coordinate>pixel</coordinate>
			<type>rectangle</type>
			<description>None</description>
			<possibleresult>
				<name>Small Car</name>
			</possibleresult>
			<points>
				<point>155.000000,70.000000</point>
				<point>146.000000,70.000000</point>
				<point>146.000000,53.000000</point>
				<point>155.000000,53.000000</point>
				<point>155.000000,70.000000</point>
			</points>
		</object>
		<object>
			<coordinate>pixel</coordinate>
			<type>rectangle</type>
			<description>None</description>
			<possibleresult>
				<name>Van</name>
			</possibleresult>
			<points>
				<point>221.024628,71.556923</point>
				<point>220.024628,89.556923</point>
				<point>210.000000,88.999992</point>
				<point>211.000000,70.999992</point>
				<point>221.024628,71.556923</point>
			</points>
		</object>
		<object>
			<coordinate>pixel</coordinate>
			<type>rectangle</type>
			<description>None</description>
			<possibleresult>
				<name>Van</name>
			</possibleresult>
			<points>
				<point>205.031143,133.498062</point>
				<point>197.000015,134.000015</point>
				<point>195.968887,117.501953</point>
				<point>204.000015,117.000000</point>
				<point>205.031143,133.498062</point>
			</points>
		</object>
		<object>
			<coordinate>pixel</coordinate>
			<type>rectangle</type>
			<description>None</description>
			<possibleresult>
				<name>Small Car</name>
			</possibleresult>
			<points>
				<point>222.000015,124.000015</point>
				<point>220.369247,137.046158</point>
				<point>212.369247,136.046158</point>
				<point>214.000015,123.000015</point>
				<point>222.000015,124.000015</point>
			</points>
		</object>
		<object>
			<coordinate>pixel</coordinate>
			<type>rectangle</type>
			<description>None</description>
			<possibleresult>
				<name>Small Car</name>
			</possibleresult>
			<points>
				<point>245.000000,142.000000</point>
				<point>237.000000,142.000000</point>
				<point>237.000000,127.000000</point>
				<point>245.000000,127.000000</point>
				<point>245.000000,142.000000</point>
			</points>
		</object>
		<object>
			<coordinate>pixel</coordinate>
			<type>rectangle</type>
			<description>None</description>
			<possibleresult>
				<name>Small Car</name>
			</possibleresult>
			<points>
				<point>313.560974,143.048767</point>
				<point>304.560974,144.048767</point>
				<point>303.000000,130.000000</point>
				<point>312.000000,129.000000</point>
				<point>313.560974,143.048767</point>
			</points>
		</object>
		<object>
			<coordinate>pixel</coordinate>
			<type>rectangle</type>
			<description>None</description>
			<possibleresult>
				<name>Van</name>
			</possibleresult>
			<points>
				<point>256.000000,142.000000</point>
				<point>247.000000,142.000000</point>
				<point>247.000000,128.000000</point>
				<point>256.000000,128.000000</point>
				<point>256.000000,142.000000</point>
			</points>
		</object>
		<object>
			<coordinate>pixel</coordinate>
			<type>rectangle</type>
			<description>None</description>
			<possibleresult>
				<name>Van</name>
			</possibleresult>
			<points>
				<point>274.000000,141.000000</point>
				<point>264.974609,141.644669</point>
				<point>263.974609,127.644661</point>
				<point>273.000000,126.999985</point>
				<point>274.000000,141.000000</point>
			</points>
		</object>
		<object>
			<coordinate>pixel</coordinate>
			<type>rectangle</type>
			<description>None</description>
			<possibleresult>
				<name>Van</name>
			</possibleresult>
			<points>
				<point>292.332794,104.986122</point>
				<point>268.000031,105.999992</point>
				<point>267.667267,98.013863</point>
				<point>292.000031,96.999992</point>
				<point>292.332794,104.986122</point>
			</points>
		</object>
		<object>
			<coordinate>pixel</coordinate>
			<type>rectangle</type>
			<description>None</description>
			<possibleresult>
				<name>Small Car</name>
			</possibleresult>
			<points>
				<point>339.000000,105.000000</point>
				<point>319.000000,105.000000</point>
				<point>319.000000,98.000000</point>
				<point>339.000000,98.000000</point>
				<point>339.000000,105.000000</point>
			</points>
		</object>
		<object>
			<coordinate>pixel</coordinate>
			<type>rectangle</type>
			<description>None</description>
			<possibleresult>
				<name>Small Car</name>
			</possibleresult>
			<points>
				<point>391.999969,124.000008</point>
				<point>372.843781,126.016441</point>
				<point>371.999969,118.000008</point>
				<point>391.156158,115.983574</point>
				<point>391.999969,124.000008</point>
			</points>
		</object>
		<object>
			<coordinate>pixel</coordinate>
			<type>rectangle</type>
			<description>None</description>
			<possibleresult>
				<name>Van</name>
			</possibleresult>
			<points>
				<point>390.505493,109.903717</point>
				<point>369.000000,114.000000</point>
				<point>367.494507,106.096283</point>
				<point>389.000000,102.000000</point>
				<point>390.505493,109.903717</point>
			</points>
		</object>
		<object>
			<coordinate>pixel</coordinate>
			<type>rectangle</type>
			<description>None</description>
			<possibleresult>
				<name>Van</name>
			</possibleresult>
			<points>
				<point>501.999969,90.999992</point>
				<point>493.235931,93.022469</point>
				<point>490.235931,80.022469</point>
				<point>498.999969,77.999992</point>
				<point>501.999969,90.999992</point>
			</points>
		</object>
		<object>
			<coordinate>pixel</coordinate>
			<type>rectangle</type>
			<description>None</description>
			<possibleresult>
				<name>Small Car</name>
			</possibleresult>
			<points>
				<point>497.000000,125.000000</point>
				<point>488.000000,125.000000</point>
				<point>488.000000,109.000000</point>
				<point>497.000000,109.000000</point>
				<point>497.000000,125.000000</point>
			</points>
		</object>
		<object>
			<coordinate>pixel</coordinate>
			<type>rectangle</type>
			<description>None</description>
			<possibleresult>
				<name>Van</name>
			</possibleresult>
			<points>
				<point>499.000061,92.000008</point>
				<point>498.000061,107.000008</point>
				<point>489.969116,106.464607</point>
				<point>490.969116,91.464607</point>
				<point>499.000061,92.000008</point>
			</points>
		</object>
		<object>
			<coordinate>pixel</coordinate>
			<type>rectangle</type>
			<description>None</description>
			<possibleresult>
				<name>Small Car</name>
			</possibleresult>
			<points>
				<point>471.211792,167.952927</point>
				<point>453.000000,171.999985</point>
				<point>451.000000,162.999985</point>
				<point>469.211792,158.952927</point>
				<point>471.211792,167.952927</point>
			</points>
		</object>
		<object>
			<coordinate>pixel</coordinate>
			<type>rectangle</type>
			<description>None</description>
			<possibleresult>
				<name>Small Car</name>
			</possibleresult>
			<points>
				<point>487.000000,159.000000</point>
				<point>483.000000,176.000000</point>
				<point>474.973755,174.111481</point>
				<point>478.973755,157.111481</point>
				<point>487.000000,159.000000</point>
			</points>
		</object>
		<object>
			<coordinate>pixel</coordinate>
			<type>rectangle</type>
			<description>None</description>
			<possibleresult>
				<name>Small Car</name>
			</possibleresult>
			<points>
				<point>441.027588,235.468964</point>
				<point>432.000000,236.000000</point>
				<point>430.972412,218.531036</point>
				<point>440.000000,218.000000</point>
				<point>441.027588,235.468964</point>
			</points>
		</object>
		<object>
			<coordinate>pixel</coordinate>
			<type>rectangle</type>
			<description>None</description>
			<possibleresult>
				<name>Small Car</name>
			</possibleresult>
			<points>
				<point>442.670685,252.036606</point>
				<point>433.670685,253.036606</point>
				<point>431.999969,238.000015</point>
				<point>440.999969,237.000015</point>
				<point>442.670685,252.036606</point>
			</points>
		</object>
		<object>
			<coordinate>pixel</coordinate>
			<type>rectangle</type>
			<description>None</description>
			<possibleresult>
				<name>Dump Truck</name>
			</possibleresult>
			<points>
				<point>458.000031,239.000031</point>
				<point>447.000031,240.000031</point>
				<point>445.000031,218.000031</point>
				<point>456.000031,217.000031</point>
				<point>458.000031,239.000031</point>
			</points>
		</object>
		<object>
			<coordinate>pixel</coordinate>
			<type>rectangle</type>
			<description>None</description>
			<possibleresult>
				<name>Small Car</name>
			</possibleresult>
			<points>
				<point>469.000000,252.000000</point>
				<point>459.000000,252.000000</point>
				<point>459.000000,234.000000</point>
				<point>469.000000,234.000000</point>
				<point>469.000000,252.000000</point>
			</points>
		</object>
		<object>
			<coordinate>pixel</coordinate>
			<type>rectangle</type>
			<description>None</description>
			<possibleresult>
				<name>Small Car</name>
			</possibleresult>
			<points>
				<point>470.999969,277.000031</point>
				<point>469.999969,293.000031</point>
				<point>460.972748,292.435822</point>
				<point>461.972748,276.435822</point>
				<point>470.999969,277.000031</point>
			</points>
		</object>
		<object>
			<coordinate>pixel</coordinate>
			<type>rectangle</type>
			<description>None</description>
			<possibleresult>
				<name>Van</name>
			</possibleresult>
			<points>
				<point>470.000031,276.000000</point>
				<point>463.027252,276.435791</point>
				<point>462.000031,260.000000</point>
				<point>468.972809,259.564209</point>
				<point>470.000031,276.000000</point>
			</points>
		</object>
		<object>
			<coordinate>pixel</coordinate>
			<type>rectangle</type>
			<description>None</description>
			<possibleresult>
				<name>Small Car</name>
			</possibleresult>
			<points>
				<point>442.000000,271.000000</point>
				<point>432.000000,271.000000</point>
				<point>432.000000,253.000000</point>
				<point>442.000000,253.000000</point>
				<point>442.000000,271.000000</point>
			</points>
		</object>
		<object>
			<coordinate>pixel</coordinate>
			<type>rectangle</type>
			<description>None</description>
			<possibleresult>
				<name>Small Car</name>
			</possibleresult>
			<points>
				<point>440.000000,288.000000</point>
				<point>431.000000,288.000000</point>
				<point>431.000000,270.000000</point>
				<point>440.000000,270.000000</point>
				<point>440.000000,288.000000</point>
			</points>
		</object>
		<object>
			<coordinate>pixel</coordinate>
			<type>rectangle</type>
			<description>None</description>
			<possibleresult>
				<name>Van</name>
			</possibleresult>
			<points>
				<point>470.000000,310.000000</point>
				<point>459.975830,310.589661</point>
				<point>458.975830,293.589661</point>
				<point>469.000000,293.000000</point>
				<point>470.000000,310.000000</point>
			</points>
		</object>
		<object>
			<coordinate>pixel</coordinate>
			<type>rectangle</type>
			<description>None</description>
			<possibleresult>
				<name>Van</name>
			</possibleresult>
			<points>
				<point>443.000000,364.000000</point>
				<point>434.000000,364.000000</point>
				<point>434.000000,349.000000</point>
				<point>443.000000,349.000000</point>
				<point>443.000000,364.000000</point>
			</points>
		</object>
		<object>
			<coordinate>pixel</coordinate>
			<type>rectangle</type>
			<description>None</description>
			<possibleresult>
				<name>Small Car</name>
			</possibleresult>
			<points>
				<point>469.000000,332.000031</point>
				<point>467.594055,346.059418</point>
				<point>457.594055,345.059418</point>
				<point>459.000000,331.000031</point>
				<point>469.000000,332.000031</point>
			</points>
		</object>
		<object>
			<coordinate>pixel</coordinate>
			<type>rectangle</type>
			<description>None</description>
			<possibleresult>
				<name>Dump Truck</name>
			</possibleresult>
			<points>
				<point>444.000000,384.000000</point>
				<point>433.000000,384.000000</point>
				<point>433.000000,366.000000</point>
				<point>444.000000,366.000000</point>
				<point>444.000000,384.000000</point>
			</points>
		</object>
		<object>
			<coordinate>pixel</coordinate>
			<type>rectangle</type>
			<description>None</description>
			<possibleresult>
				<name>Cargo Truck</name>
			</possibleresult>
			<points>
				<point>471.000031,381.999969</point>
				<point>470.000031,408.999969</point>
				<point>456.980865,408.517792</point>
				<point>457.980865,381.517792</point>
				<point>471.000031,381.999969</point>
			</points>
		</object>
		<object>
			<coordinate>pixel</coordinate>
			<type>rectangle</type>
			<description>None</description>
			<possibleresult>
				<name>Small Car</name>
			</possibleresult>
			<points>
				<point>522.000000,448.000000</point>
				<point>502.000000,448.000000</point>
				<point>502.000000,440.000000</point>
				<point>522.000000,440.000000</point>
				<point>522.000000,448.000000</point>
			</points>
		</object>
		<object>
			<coordinate>pixel</coordinate>
			<type>rectangle</type>
			<description>None</description>
			<possibleresult>
				<name>Small Car</name>
			</possibleresult>
			<points>
				<point>615.285156,445.013580</point>
				<point>615.000122,451.000031</point>
				<point>593.715088,449.986481</point>
				<point>594.000122,444.000031</point>
				<point>615.285156,445.013580</point>
			</points>
		</object>
		<object>
			<coordinate>pixel</coordinate>
			<type>rectangle</type>
			<description>None</description>
			<possibleresult>
				<name>Small Car</name>
			</possibleresult>
			<points>
				<point>734.024597,69.556931</point>
				<point>732.999939,88.000000</point>
				<point>722.975281,87.443069</point>
				<point>723.999939,69.000000</point>
				<point>734.024597,69.556931</point>
			</points>
		</object>
		<object>
			<coordinate>pixel</coordinate>
			<type>rectangle</type>
			<description>None</description>
			<possibleresult>
				<name>Van</name>
			</possibleresult>
			<points>
				<point>873.000061,44.000000</point>
				<point>870.278381,50.123711</point>
				<point>852.000061,42.000000</point>
				<point>854.721741,35.876289</point>
				<point>873.000061,44.000000</point>
			</points>
		</object>
		<object>
			<coordinate>pixel</coordinate>
			<type>rectangle</type>
			<description>None</description>
			<possibleresult>
				<name>Van</name>
			</possibleresult>
			<points>
				<point>862.052551,61.022987</point>
				<point>859.000061,68.000038</point>
				<point>842.947571,60.977089</point>
				<point>846.000061,54.000038</point>
				<point>862.052551,61.022987</point>
			</points>
		</object>
		<object>
			<coordinate>pixel</coordinate>
			<type>rectangle</type>
			<description>None</description>
			<possibleresult>
				<name>Small Car</name>
			</possibleresult>
			<points>
				<point>847.191284,85.060440</point>
				<point>844.999878,91.999985</point>
				<point>825.808472,85.939529</point>
				<point>827.999878,78.999985</point>
				<point>847.191284,85.060440</point>
			</points>
		</object>
		<object>
			<coordinate>pixel</coordinate>
			<type>rectangle</type>
			<description>None</description>
			<possibleresult>
				<name>Small Car</name>
			</possibleresult>
			<points>
				<point>851.828003,76.918518</point>
				<point>848.000000,84.999969</point>
				<point>829.000000,75.999969</point>
				<point>832.828003,67.918518</point>
				<point>851.828003,76.918518</point>
			</points>
		</object>
		<object>
			<coordinate>pixel</coordinate>
			<type>rectangle</type>
			<description>None</description>
			<possibleresult>
				<name>Small Car</name>
			</possibleresult>
			<points>
				<point>842.000061,94.000015</point>
				<point>839.044739,101.018845</point>
				<point>820.000061,93.000015</point>
				<point>822.955383,85.981186</point>
				<point>842.000061,94.000015</point>
			</points>
		</object>
		<object>
			<coordinate>pixel</coordinate>
			<type>rectangle</type>
			<description>None</description>
			<possibleresult>
				<name>Small Car</name>
			</possibleresult>
			<points>
				<point>834.000000,100.000023</point>
				<point>832.090088,108.021477</point>
				<point>811.000000,103.000023</point>
				<point>812.909912,94.978569</point>
				<point>834.000000,100.000023</point>
			</points>
		</object>
		<object>
			<coordinate>pixel</coordinate>
			<type>rectangle</type>
			<description>None</description>
			<possibleresult>
				<name>Small Car</name>
			</possibleresult>
			<points>
				<point>808.137817,138.072968</point>
				<point>805.000000,144.000000</point>
				<point>787.862183,134.927032</point>
				<point>791.000000,129.000000</point>
				<point>808.137817,138.072968</point>
			</points>
		</object>
		<object>
			<coordinate>pixel</coordinate>
			<type>rectangle</type>
			<description>None</description>
			<possibleresult>
				<name>Small Car</name>
			</possibleresult>
			<points>
				<point>763.000000,259.000000</point>
				<point>754.124512,260.664124</point>
				<point>751.000000,243.999985</point>
				<point>759.875488,242.335846</point>
				<point>763.000000,259.000000</point>
			</points>
		</object>
		<object>
			<coordinate>pixel</coordinate>
			<type>rectangle</type>
			<description>None</description>
			<possibleresult>
				<name>Intersection</name>
			</possibleresult>
			<points>
				<point>770.000000,419.999939</point>
				<point>768.000000,456.999939</point>
				<point>715.989746,454.188599</point>
				<point>717.989746,417.188599</point>
				<point>770.000000,419.999939</point>
			</points>
		</object>
		<object>
			<coordinate>pixel</coordinate>
			<type>rectangle</type>
			<description>None</description>
			<possibleresult>
				<name>Van</name>
			</possibleresult>
			<points>
				<point>761.000000,313.000000</point>
				<point>752.000000,313.000000</point>
				<point>752.000000,299.000000</point>
				<point>761.000000,299.000000</point>
				<point>761.000000,313.000000</point>
			</points>
		</object>
		<object>
			<coordinate>pixel</coordinate>
			<type>rectangle</type>
			<description>None</description>
			<possibleresult>
				<name>Van</name>
			</possibleresult>
			<points>
				<point>759.000000,341.000000</point>
				<point>751.000000,341.000000</point>
				<point>751.000000,323.000000</point>
				<point>759.000000,323.000000</point>
				<point>759.000000,341.000000</point>
			</points>
		</object>
		<object>
			<coordinate>pixel</coordinate>
			<type>rectangle</type>
			<description>None</description>
			<possibleresult>
				<name>Van</name>
			</possibleresult>
			<points>
				<point>759.024597,400.556946</point>
				<point>757.999939,419.000000</point>
				<point>747.975281,418.443054</point>
				<point>748.999939,400.000000</point>
				<point>759.024597,400.556946</point>
			</points>
		</object>
		<object>
			<coordinate>pixel</coordinate>
			<type>rectangle</type>
			<description>None</description>
			<possibleresult>
				<name>Small Car</name>
			</possibleresult>
			<points>
				<point>999.000000,371.999939</point>
				<point>997.979370,354.648193</point>
				<point>1000.000000,354.529358</point>
				<point>1001.020630,371.881104</point>
				<point>999.000000,371.999939</point>
			</points>
		</object>
		<object>
			<coordinate>pixel</coordinate>
			<type>rectangle</type>
			<description>None</description>
			<possibleresult>
				<name>Small Car</name>
			</possibleresult>
			<points>
				<point>853.272217,437.987610</point>
				<point>831.000000,439.000000</point>
				<point>830.727783,433.012390</point>
				<point>853.000000,432.000000</point>
				<point>853.272217,437.987610</point>
			</points>
		</object>
		<object>
			<coordinate>pixel</coordinate>
			<type>rectangle</type>
			<description>None</description>
			<possibleresult>
				<name>Small Car</name>
			</possibleresult>
			<points>
				<point>930.000000,416.000000</point>
				<point>919.000000,416.000000</point>
				<point>919.000000,400.000000</point>
				<point>930.000000,400.000000</point>
				<point>930.000000,416.000000</point>
			</points>
		</object>
		<object>
			<coordinate>pixel</coordinate>
			<type>rectangle</type>
			<description>None</description>
			<possibleresult>
				<name>Van</name>
			</possibleresult>
			<points>
				<point>940.020630,369.351746</point>
				<point>929.000000,370.000000</point>
				<point>927.979370,352.648254</point>
				<point>939.000000,352.000000</point>
				<point>940.020630,369.351746</point>
			</points>
		</object>
		<object>
			<coordinate>pixel</coordinate>
			<type>rectangle</type>
			<description>None</description>
			<possibleresult>
				<name>Small Car</name>
			</possibleresult>
			<points>
				<point>997.027710,355.501526</point>
				<point>996.000000,374.000000</point>
				<point>986.972290,373.498474</point>
				<point>988.000000,355.000000</point>
				<point>997.027710,355.501526</point>
			</points>
		</object>
		<object>
			<coordinate>pixel</coordinate>
			<type>rectangle</type>
			<description>None</description>
			<possibleresult>
				<name>Small Car</name>
			</possibleresult>
			<points>
				<point>965.000000,417.000000</point>
				<point>956.000000,417.000000</point>
				<point>956.000000,400.000000</point>
				<point>965.000000,400.000000</point>
				<point>965.000000,417.000000</point>
			</points>
		</object>
		<object>
			<coordinate>pixel</coordinate>
			<type>rectangle</type>
			<description>None</description>
			<possibleresult>
				<name>Small Car</name>
			</possibleresult>
			<points>
				<point>978.000000,372.000000</point>
				<point>968.000000,372.000000</point>
				<point>968.000000,355.000000</point>
				<point>978.000000,355.000000</point>
				<point>978.000000,372.000000</point>
			</points>
		</object>
		<object>
			<coordinate>pixel</coordinate>
			<type>rectangle</type>
			<description>None</description>
			<possibleresult>
				<name>Van</name>
			</possibleresult>
			<points>
				<point>977.000061,418.000000</point>
				<point>969.027649,418.468994</point>
				<point>968.000061,401.000000</point>
				<point>975.972473,400.531006</point>
				<point>977.000061,418.000000</point>
			</points>
		</object>
		<object>
			<coordinate>pixel</coordinate>
			<type>rectangle</type>
			<description>None</description>
			<possibleresult>
				<name>Small Car</name>
			</possibleresult>
			<points>
				<point>999.000000,418.000000</point>
				<point>990.000000,418.000000</point>
				<point>990.000000,399.000000</point>
				<point>999.000000,399.000000</point>
				<point>999.000000,418.000000</point>
			</points>
		</object>
		<object>
			<coordinate>pixel</coordinate>
			<type>rectangle</type>
			<description>None</description>
			<possibleresult>
				<name>Small Car</name>
			</possibleresult>
			<points>
				<point>442.027740,620.498413</point>
				<point>433.000031,621.000000</point>
				<point>432.000031,603.000000</point>
				<point>441.027740,602.498413</point>
				<point>442.027740,620.498413</point>
			</points>
		</object>
		<object>
			<coordinate>pixel</coordinate>
			<type>rectangle</type>
			<description>None</description>
			<possibleresult>
				<name>Small Car</name>
			</possibleresult>
			<points>
				<point>472.000000,679.999939</point>
				<point>461.975159,680.527527</point>
				<point>460.975159,661.527527</point>
				<point>471.000000,660.999939</point>
				<point>472.000000,679.999939</point>
			</points>
		</object>
		<object>
			<coordinate>pixel</coordinate>
			<type>rectangle</type>
			<description>None</description>
			<possibleresult>
				<name>Small Car</name>
			</possibleresult>
			<points>
				<point>443.027222,669.435791</point>
				<point>434.000000,670.000000</point>
				<point>433.000000,654.000000</point>
				<point>442.027222,653.435791</point>
				<point>443.027222,669.435791</point>
			</points>
		</object>
		<object>
			<coordinate>pixel</coordinate>
			<type>rectangle</type>
			<description>None</description>
			<possibleresult>
				<name>Small Car</name>
			</possibleresult>
			<points>
				<point>444.000000,692.000000</point>
				<point>434.000000,692.000000</point>
				<point>434.000000,673.000000</point>
				<point>444.000000,673.000000</point>
				<point>444.000000,692.000000</point>
			</points>
		</object>
		<object>
			<coordinate>pixel</coordinate>
			<type>rectangle</type>
			<description>None</description>
			<possibleresult>
				<name>Van</name>
			</possibleresult>
			<points>
				<point>473.000000,763.000000</point>
				<point>464.000000,763.000000</point>
				<point>464.000000,746.000000</point>
				<point>473.000000,746.000000</point>
				<point>473.000000,763.000000</point>
			</points>
		</object>
		<object>
			<coordinate>pixel</coordinate>
			<type>rectangle</type>
			<description>None</description>
			<possibleresult>
				<name>Small Car</name>
			</possibleresult>
			<points>
				<point>472.000000,815.000000</point>
				<point>464.000000,815.000000</point>
				<point>464.000000,798.000000</point>
				<point>472.000000,798.000000</point>
				<point>472.000000,815.000000</point>
			</points>
		</object>
		<object>
			<coordinate>pixel</coordinate>
			<type>rectangle</type>
			<description>None</description>
			<possibleresult>
				<name>Small Car</name>
			</possibleresult>
			<points>
				<point>444.000000,818.000000</point>
				<point>434.000000,818.000000</point>
				<point>434.000000,799.000000</point>
				<point>444.000000,799.000000</point>
				<point>444.000000,818.000000</point>
			</points>
		</object>
		<object>
			<coordinate>pixel</coordinate>
			<type>rectangle</type>
			<description>None</description>
			<possibleresult>
				<name>Dump Truck</name>
			</possibleresult>
			<points>
				<point>443.000000,862.000000</point>
				<point>432.000000,862.000000</point>
				<point>432.000000,844.000000</point>
				<point>443.000000,844.000000</point>
				<point>443.000000,862.000000</point>
			</points>
		</object>
		<object>
			<coordinate>pixel</coordinate>
			<type>rectangle</type>
			<description>None</description>
			<possibleresult>
				<name>Small Car</name>
			</possibleresult>
			<points>
				<point>733.019470,601.311279</point>
				<point>722.000061,602.000000</point>
				<point>721.000061,586.000000</point>
				<point>732.019470,585.311279</point>
				<point>733.019470,601.311279</point>
			</points>
		</object>
		<object>
			<coordinate>pixel</coordinate>
			<type>rectangle</type>
			<description>None</description>
			<possibleresult>
				<name>Van</name>
			</possibleresult>
			<points>
				<point>733.000000,582.000000</point>
				<point>724.000000,582.000000</point>
				<point>724.000000,565.000000</point>
				<point>733.000000,565.000000</point>
				<point>733.000000,582.000000</point>
			</points>
		</object>
		<object>
			<coordinate>pixel</coordinate>
			<type>rectangle</type>
			<description>None</description>
			<possibleresult>
				<name>Small Car</name>
			</possibleresult>
			<points>
				<point>760.000000,649.000000</point>
				<point>751.000000,649.000000</point>
				<point>751.000000,630.000000</point>
				<point>760.000000,630.000000</point>
				<point>760.000000,649.000000</point>
			</points>
		</object>
		<object>
			<coordinate>pixel</coordinate>
			<type>rectangle</type>
			<description>None</description>
			<possibleresult>
				<name>Van</name>
			</possibleresult>
			<points>
				<point>760.027588,670.469055</point>
				<point>751.000000,671.000061</point>
				<point>749.972412,653.531067</point>
				<point>759.000000,653.000061</point>
				<point>760.027588,670.469055</point>
			</points>
		</object>
		<object>
			<coordinate>pixel</coordinate>
			<type>rectangle</type>
			<description>None</description>
			<possibleresult>
				<name>Small Car</name>
			</possibleresult>
			<points>
				<point>733.000000,638.000000</point>
				<point>723.000000,638.000000</point>
				<point>723.000000,622.000000</point>
				<point>733.000000,622.000000</point>
				<point>733.000000,638.000000</point>
			</points>
		</object>
		<object>
			<coordinate>pixel</coordinate>
			<type>rectangle</type>
			<description>None</description>
			<possibleresult>
				<name>Small Car</name>
			</possibleresult>
			<points>
				<point>734.000000,659.000000</point>
				<point>725.000000,659.000000</point>
				<point>725.000000,641.000000</point>
				<point>734.000000,641.000000</point>
				<point>734.000000,659.000000</point>
			</points>
		</object>
		<object>
			<coordinate>pixel</coordinate>
			<type>rectangle</type>
			<description>None</description>
			<possibleresult>
				<name>Van</name>
			</possibleresult>
			<points>
				<point>733.000061,688.000061</point>
				<point>722.975891,688.589661</point>
				<point>721.975891,671.589661</point>
				<point>732.000061,671.000061</point>
				<point>733.000061,688.000061</point>
			</points>
		</object>
		<object>
			<coordinate>pixel</coordinate>
			<type>rectangle</type>
			<description>None</description>
			<possibleresult>
				<name>Small Car</name>
			</possibleresult>
			<points>
				<point>732.000000,730.000000</point>
				<point>721.000000,730.000000</point>
				<point>721.000000,716.000000</point>
				<point>732.000000,716.000000</point>
				<point>732.000000,730.000000</point>
			</points>
		</object>
		<object>
			<coordinate>pixel</coordinate>
			<type>rectangle</type>
			<description>None</description>
			<possibleresult>
				<name>Small Car</name>
			</possibleresult>
			<points>
				<point>762.999939,721.999939</point>
				<point>752.976624,722.626404</point>
				<point>751.976624,706.626404</point>
				<point>761.999939,705.999939</point>
				<point>762.999939,721.999939</point>
			</points>
		</object>
		<object>
			<coordinate>pixel</coordinate>
			<type>rectangle</type>
			<description>None</description>
			<possibleresult>
				<name>Small Car</name>
			</possibleresult>
			<points>
				<point>762.000061,696.000061</point>
				<point>754.000061,697.000061</point>
				<point>752.000061,681.000061</point>
				<point>760.000061,680.000061</point>
				<point>762.000061,696.000061</point>
			</points>
		</object>
		<object>
			<coordinate>pixel</coordinate>
			<type>rectangle</type>
			<description>None</description>
			<possibleresult>
				<name>Dump Truck</name>
			</possibleresult>
			<points>
				<point>762.000000,754.000000</point>
				<point>751.000000,754.000000</point>
				<point>751.000000,733.000000</point>
				<point>762.000000,733.000000</point>
				<point>762.000000,754.000000</point>
			</points>
		</object>
		<object>
			<coordinate>pixel</coordinate>
			<type>rectangle</type>
			<description>None</description>
			<possibleresult>
				<name>Small Car</name>
			</possibleresult>
			<points>
				<point>974.400024,851.800049</point>
				<point>972.000000,859.000000</point>
				<point>951.000000,852.000000</point>
				<point>953.400024,844.800049</point>
				<point>974.400024,851.800049</point>
			</points>
		</object>
		<object>
			<coordinate>pixel</coordinate>
			<type>rectangle</type>
			<description>None</description>
			<possibleresult>
				<name>Small Car</name>
			</possibleresult>
			<points>
				<point>961.240845,869.113281</point>
				<point>958.000000,876.000000</point>
				<point>941.000000,868.000000</point>
				<point>944.240845,861.113281</point>
				<point>961.240845,869.113281</point>
			</points>
		</object>
		<object>
			<coordinate>pixel</coordinate>
			<type>rectangle</type>
			<description>None</description>
			<possibleresult>
				<name>Intersection</name>
			</possibleresult>
			<points>
				<point>166.000000,441.000000</point>
				<point>109.000000,441.000000</point>
				<point>109.000000,407.000000</point>
				<point>166.000000,407.000000</point>
				<point>166.000000,441.000000</point>
			</points>
		</object>
		<object>
			<coordinate>pixel</coordinate>
			<type>rectangle</type>
			<description>None</description>
			<possibleresult>
				<name>Small Car</name>
			</possibleresult>
			<points>
				<point>101.317528,78.014435</point>
				<point>101.000008,85.000000</point>
				<point>78.682487,83.985565</point>
				<point>79.000008,77.000000</point>
				<point>101.317528,78.014435</point>
			</points>
		</object>
		<object>
			<coordinate>pixel</coordinate>
			<type>rectangle</type>
			<description>None</description>
			<possibleresult>
				<name>Small Car</name>
			</possibleresult>
			<points>
				<point>104.362885,71.983505</point>
				<point>82.000000,73.000000</point>
				<point>81.637115,65.016495</point>
				<point>104.000000,64.000000</point>
				<point>104.362885,71.983505</point>
			</points>
		</object>
		<object>
			<coordinate>pixel</coordinate>
			<type>rectangle</type>
			<description>None</description>
			<possibleresult>
				<name>Small Car</name>
			</possibleresult>
			<points>
				<point>488.087799,122.809753</point>
				<point>481.999969,136.000000</point>
				<point>475.912140,133.190247</point>
				<point>481.999969,120.000000</point>
				<point>488.087799,122.809753</point>
			</points>
		</object>
		<object>
			<coordinate>pixel</coordinate>
			<type>rectangle</type>
			<description>None</description>
			<possibleresult>
				<name>Van</name>
			</possibleresult>
			<points>
				<point>298.117676,129.529434</point>
				<point>295.000000,142.000015</point>
				<point>288.882324,140.470596</point>
				<point>292.000000,128.000015</point>
				<point>298.117676,129.529434</point>
			</points>
		</object>
		<object>
			<coordinate>pixel</coordinate>
			<type>rectangle</type>
			<description>None</description>
			<possibleresult>
				<name>Small Car</name>
			</possibleresult>
			<points>
				<point>286.000000,141.000000</point>
				<point>279.000000,141.000000</point>
				<point>279.000000,131.000000</point>
				<point>286.000000,131.000000</point>
				<point>286.000000,141.000000</point>
			</points>
		</object>
		<object>
			<coordinate>pixel</coordinate>
			<type>rectangle</type>
			<description>None</description>
			<possibleresult>
				<name>Intersection</name>
			</possibleresult>
			<points>
				<point>486.999969,449.000000</point>
				<point>426.267426,451.024414</point>
				<point>424.999969,413.000000</point>
				<point>485.732513,410.975586</point>
				<point>486.999969,449.000000</point>
			</points>
		</object>
		<object>
			<coordinate>pixel</coordinate>
			<type>rectangle</type>
			<description>None</description>
			<possibleresult>
				<name>Small Car</name>
			</possibleresult>
			<points>
				<point>137.000000,756.000000</point>
				<point>128.000000,756.000000</point>
				<point>128.000000,739.000000</point>
				<point>137.000000,739.000000</point>
				<point>137.000000,756.000000</point>
			</points>
		</object>
		<object>
			<coordinate>pixel</coordinate>
			<type>rectangle</type>
			<description>None</description>
			<possibleresult>
				<name>Small Car</name>
			</possibleresult>
			<points>
				<point>138.000000,722.000000</point>
				<point>127.000000,722.000000</point>
				<point>127.000000,704.000000</point>
				<point>138.000000,704.000000</point>
				<point>138.000000,722.000000</point>
			</points>
		</object>
		<object>
			<coordinate>pixel</coordinate>
			<type>rectangle</type>
			<description>None</description>
			<possibleresult>
				<name>Van</name>
			</possibleresult>
			<points>
				<point>443.000000,346.000000</point>
				<point>434.000000,346.000000</point>
				<point>434.000000,329.000000</point>
				<point>443.000000,329.000000</point>
				<point>443.000000,346.000000</point>
			</points>
		</object>
	</objects>
</annotation>