<?xml version="1.0" encoding="utf-8"?>
<annotation>
	<source>
		<filename>1402.tif</filename>
		<origin>GF2/GF3</origin>
	</source>
	<research>
		<version>1.0</version>
		<provider>FAIR1M</provider>
		<author>Cyber</author>
		<pluginname>FAIR1M</pluginname>
		<pluginclass>object detection</pluginclass>
		<time>2021-03</time>
	</research>
	<size>
		<width>1500</width>
		<height>1500</height>
		<depth>3</depth>
	</size>
	<objects>
		<object>
			<coordinate>pixel</coordinate>
			<type>rectangle</type>
			<description>None</description>
			<possibleresult>
				<name>Liquid Cargo Ship</name>
			</possibleresult>
			<points>
				<point>776.000000,931.000000</point>
				<point>801.000000,867.000000</point>
				<point>789.000000,862.000000</point>
				<point>764.000000,926.000000</point>
				<point>776.000000,931.000000</point>
			</points>
		</object>
		<object>
			<coordinate>pixel</coordinate>
			<type>rectangle</type>
			<description>None</description>
			<possibleresult>
				<name>other-ship</name>
			</possibleresult>
			<points>
				<point>792.000000,912.000000</point>
				<point>782.000000,935.000000</point>
				<point>792.000000,939.000000</point>
				<point>802.000000,916.000000</point>
				<point>792.000000,912.000000</point>
			</points>
		</object>
		<object>
			<coordinate>pixel</coordinate>
			<type>rectangle</type>
			<description>None</description>
			<possibleresult>
				<name>Liquid Cargo Ship</name>
			</possibleresult>
			<points>
				<point>630.000000,701.000000</point>
				<point>651.000000,637.000000</point>
				<point>639.000000,633.000000</point>
				<point>617.000000,697.000000</point>
				<point>630.000000,701.000000</point>
			</points>
		</object>
		<object>
			<coordinate>pixel</coordinate>
			<type>rectangle</type>
			<description>None</description>
			<possibleresult>
				<name>Dry Cargo Ship</name>
			</possibleresult>
			<points>
				<point>599.000000,367.000000</point>
				<point>588.000000,300.000000</point>
				<point>575.000000,303.000000</point>
				<point>586.000000,369.000000</point>
				<point>599.000000,367.000000</point>
			</points>
		</object>
		<object>
			<coordinate>pixel</coordinate>
			<type>rectangle</type>
			<description>None</description>
			<possibleresult>
				<name>Liquid Cargo Ship</name>
			</possibleresult>
			<points>
				<point>891.000000,175.000000</point>
				<point>850.000000,216.000000</point>
				<point>859.000000,225.000000</point>
				<point>900.000000,183.000000</point>
				<point>891.000000,175.000000</point>
			</points>
		</object>
		<object>
			<coordinate>pixel</coordinate>
			<type>rectangle</type>
			<description>None</description>
			<possibleresult>
				<name>Liquid Cargo Ship</name>
			</possibleresult>
			<points>
				<point>903.000000,180.000000</point>
				<point>859.000000,225.000000</point>
				<point>867.000000,233.000000</point>
				<point>911.000000,188.000000</point>
				<point>903.000000,180.000000</point>
			</points>
		</object>
		<object>
			<coordinate>pixel</coordinate>
			<type>rectangle</type>
			<description>None</description>
			<possibleresult>
				<name>Liquid Cargo Ship</name>
			</possibleresult>
			<points>
				<point>909.000000,188.000000</point>
				<point>871.000000,230.000000</point>
				<point>878.000000,237.000000</point>
				<point>917.000000,194.000000</point>
				<point>909.000000,188.000000</point>
			</points>
		</object>
		<object>
			<coordinate>pixel</coordinate>
			<type>rectangle</type>
			<description>None</description>
			<possibleresult>
				<name>Fishing Boat</name>
			</possibleresult>
			<points>
				<point>890.000000,240.000000</point>
				<point>913.000000,214.000000</point>
				<point>906.000000,208.000000</point>
				<point>883.000000,234.000000</point>
				<point>890.000000,240.000000</point>
			</points>
		</object>
		<object>
			<coordinate>pixel</coordinate>
			<type>rectangle</type>
			<description>None</description>
			<possibleresult>
				<name>Liquid Cargo Ship</name>
			</possibleresult>
			<points>
				<point>962.000000,149.000000</point>
				<point>913.000000,176.000000</point>
				<point>918.000000,185.000000</point>
				<point>967.000000,158.000000</point>
				<point>962.000000,149.000000</point>
			</points>
		</object>
		<object>
			<coordinate>pixel</coordinate>
			<type>rectangle</type>
			<description>None</description>
			<possibleresult>
				<name>Dry Cargo Ship</name>
			</possibleresult>
			<points>
				<point>966.000000,161.000000</point>
				<point>915.000000,188.000000</point>
				<point>920.000000,197.000000</point>
				<point>971.000000,170.000000</point>
				<point>966.000000,161.000000</point>
			</points>
		</object>
		<object>
			<coordinate>pixel</coordinate>
			<type>rectangle</type>
			<description>None</description>
			<possibleresult>
				<name>Dry Cargo Ship</name>
			</possibleresult>
			<points>
				<point>910.000000,210.000000</point>
				<point>946.000000,192.000000</point>
				<point>943.000000,185.000000</point>
				<point>907.000000,203.000000</point>
				<point>910.000000,210.000000</point>
			</points>
		</object>
		<object>
			<coordinate>pixel</coordinate>
			<type>rectangle</type>
			<description>None</description>
			<possibleresult>
				<name>Fishing Boat</name>
			</possibleresult>
			<points>
				<point>922.000000,-6.000000</point>
				<point>908.000000,33.000000</point>
				<point>921.000000,38.000000</point>
				<point>936.000000,0.000000</point>
				<point>922.000000,-6.000000</point>
			</points>
		</object>
		<object>
			<coordinate>pixel</coordinate>
			<type>rectangle</type>
			<description>None</description>
			<possibleresult>
				<name>Dry Cargo Ship</name>
			</possibleresult>
			<points>
				<point>933.000000,-3.000000</point>
				<point>912.000000,74.000000</point>
				<point>930.000000,79.000000</point>
				<point>950.000000,1.000000</point>
				<point>933.000000,-3.000000</point>
			</points>
		</object>
		<object>
			<coordinate>pixel</coordinate>
			<type>rectangle</type>
			<description>None</description>
			<possibleresult>
				<name>Dry Cargo Ship</name>
			</possibleresult>
			<points>
				<point>951.000000,-4.000000</point>
				<point>930.000000,66.000000</point>
				<point>945.000000,70.000000</point>
				<point>965.000000,0.000000</point>
				<point>951.000000,-4.000000</point>
			</points>
		</object>
		<object>
			<coordinate>pixel</coordinate>
			<type>rectangle</type>
			<description>None</description>
			<possibleresult>
				<name>Dry Cargo Ship</name>
			</possibleresult>
			<points>
				<point>962.000000,65.000000</point>
				<point>971.000000,24.000000</point>
				<point>958.000000,22.000000</point>
				<point>950.000000,62.000000</point>
				<point>962.000000,65.000000</point>
			</points>
		</object>
		<object>
			<coordinate>pixel</coordinate>
			<type>rectangle</type>
			<description>None</description>
			<possibleresult>
				<name>Dry Cargo Ship</name>
			</possibleresult>
			<points>
				<point>973.000000,21.000000</point>
				<point>962.000000,74.000000</point>
				<point>972.000000,76.000000</point>
				<point>982.000000,23.000000</point>
				<point>973.000000,21.000000</point>
			</points>
		</object>
		<object>
			<coordinate>pixel</coordinate>
			<type>rectangle</type>
			<description>None</description>
			<possibleresult>
				<name>Passenger Ship</name>
			</possibleresult>
			<points>
				<point>980.000000,32.000000</point>
				<point>975.000000,61.000000</point>
				<point>982.000000,62.000000</point>
				<point>987.000000,33.000000</point>
				<point>980.000000,32.000000</point>
			</points>
		</object>
		<object>
			<coordinate>pixel</coordinate>
			<type>rectangle</type>
			<description>None</description>
			<possibleresult>
				<name>Dry Cargo Ship</name>
			</possibleresult>
			<points>
				<point>996.000000,40.000000</point>
				<point>981.000000,63.000000</point>
				<point>987.000000,67.000000</point>
				<point>1002.000000,43.000000</point>
				<point>996.000000,40.000000</point>
			</points>
		</object>
		<object>
			<coordinate>pixel</coordinate>
			<type>rectangle</type>
			<description>None</description>
			<possibleresult>
				<name>Dry Cargo Ship</name>
			</possibleresult>
			<points>
				<point>1008.000000,33.000000</point>
				<point>983.000000,70.000000</point>
				<point>991.000000,75.000000</point>
				<point>1016.000000,38.000000</point>
				<point>1008.000000,33.000000</point>
			</points>
		</object>
		<object>
			<coordinate>pixel</coordinate>
			<type>rectangle</type>
			<description>None</description>
			<possibleresult>
				<name>Dry Cargo Ship</name>
			</possibleresult>
			<points>
				<point>1024.000000,42.000000</point>
				<point>996.000000,81.000000</point>
				<point>1004.000000,87.000000</point>
				<point>1032.000000,47.000000</point>
				<point>1024.000000,42.000000</point>
			</points>
		</object>
		<object>
			<coordinate>pixel</coordinate>
			<type>rectangle</type>
			<description>None</description>
			<possibleresult>
				<name>Dry Cargo Ship</name>
			</possibleresult>
			<points>
				<point>1036.000000,44.000000</point>
				<point>1013.000000,87.000000</point>
				<point>1023.000000,92.000000</point>
				<point>1047.000000,50.000000</point>
				<point>1036.000000,44.000000</point>
			</points>
		</object>
		<object>
			<coordinate>pixel</coordinate>
			<type>rectangle</type>
			<description>None</description>
			<possibleresult>
				<name>Dry Cargo Ship</name>
			</possibleresult>
			<points>
				<point>1031.000000,105.000000</point>
				<point>1063.000000,54.000000</point>
				<point>1051.000000,47.000000</point>
				<point>1019.000000,98.000000</point>
				<point>1031.000000,105.000000</point>
			</points>
		</object>
		<object>
			<coordinate>pixel</coordinate>
			<type>rectangle</type>
			<description>None</description>
			<possibleresult>
				<name>Dry Cargo Ship</name>
			</possibleresult>
			<points>
				<point>1074.000000,46.000000</point>
				<point>1025.000000,107.000000</point>
				<point>1037.000000,117.000000</point>
				<point>1086.000000,56.000000</point>
				<point>1074.000000,46.000000</point>
			</points>
		</object>
		<object>
			<coordinate>pixel</coordinate>
			<type>rectangle</type>
			<description>None</description>
			<possibleresult>
				<name>Dry Cargo Ship</name>
			</possibleresult>
			<points>
				<point>918.000000,-13.000000</point>
				<point>895.000000,36.000000</point>
				<point>904.000000,40.000000</point>
				<point>927.000000,-9.000000</point>
				<point>918.000000,-13.000000</point>
			</points>
		</object>
		<object>
			<coordinate>pixel</coordinate>
			<type>rectangle</type>
			<description>None</description>
			<possibleresult>
				<name>Dry Cargo Ship</name>
			</possibleresult>
			<points>
				<point>921.000000,48.000000</point>
				<point>871.000000,29.000000</point>
				<point>867.000000,38.000000</point>
				<point>917.000000,57.000000</point>
				<point>921.000000,48.000000</point>
			</points>
		</object>
		<object>
			<coordinate>pixel</coordinate>
			<type>rectangle</type>
			<description>None</description>
			<possibleresult>
				<name>Dry Cargo Ship</name>
			</possibleresult>
			<points>
				<point>1002.000000,75.000000</point>
				<point>1023.000000,41.000000</point>
				<point>1016.000000,37.000000</point>
				<point>995.000000,71.000000</point>
				<point>1002.000000,75.000000</point>
			</points>
		</object>
		<object>
			<coordinate>pixel</coordinate>
			<type>rectangle</type>
			<description>None</description>
			<possibleresult>
				<name>other-ship</name>
			</possibleresult>
			<points>
				<point>799.000000,317.000000</point>
				<point>784.000000,357.000000</point>
				<point>802.000000,363.000000</point>
				<point>816.000000,324.000000</point>
				<point>799.000000,317.000000</point>
			</points>
		</object>
	</objects>
</annotation>