<?xml version="1.0" encoding="utf-8"?>
<annotation>
	<source>
		<filename>1403.tif</filename>
		<origin>GF2/GF3</origin>
	</source>
	<research>
		<version>1.0</version>
		<provider>FAIR1M</provider>
		<author>Cyber</author>
		<pluginname>FAIR1M</pluginname>
		<pluginclass>object detection</pluginclass>
		<time>2021-03</time>
	</research>
	<size>
		<width>1000</width>
		<height>1000</height>
		<depth>3</depth>
	</size>
	<objects>
		<object>
			<coordinate>pixel</coordinate>
			<type>rectangle</type>
			<description>None</description>
			<possibleresult>
				<name>Small Car</name>
			</possibleresult>
			<points>
				<point>355.107697,35.138466</point>
				<point>354.107697,43.138466</point>
				<point>329.000031,40.000008</point>
				<point>330.000031,32.000008</point>
				<point>355.107697,35.138466</point>
			</points>
		</object>
		<object>
			<coordinate>pixel</coordinate>
			<type>rectangle</type>
			<description>None</description>
			<possibleresult>
				<name>Small Car</name>
			</possibleresult>
			<points>
				<point>20.999996,150.000015</point>
				<point>14.999997,167.000015</point>
				<point>7.258458,164.267715</point>
				<point>13.258456,147.267715</point>
				<point>20.999996,150.000015</point>
			</points>
		</object>
		<object>
			<coordinate>pixel</coordinate>
			<type>rectangle</type>
			<description>None</description>
			<possibleresult>
				<name>Small Car</name>
			</possibleresult>
			<points>
				<point>66.000000,143.000015</point>
				<point>61.000000,158.000015</point>
				<point>52.900002,155.300003</point>
				<point>57.900002,140.300003</point>
				<point>66.000000,143.000015</point>
			</points>
		</object>
		<object>
			<coordinate>pixel</coordinate>
			<type>rectangle</type>
			<description>None</description>
			<possibleresult>
				<name>Van</name>
			</possibleresult>
			<points>
				<point>60.000000,43.000000</point>
				<point>54.000000,59.000000</point>
				<point>45.123291,55.671234</point>
				<point>51.123291,39.671234</point>
				<point>60.000000,43.000000</point>
			</points>
		</object>
		<object>
			<coordinate>pixel</coordinate>
			<type>rectangle</type>
			<description>None</description>
			<possibleresult>
				<name>Van</name>
			</possibleresult>
			<points>
				<point>77.142357,35.544487</point>
				<point>72.142357,51.544487</point>
				<point>64.000008,49.000000</point>
				<point>69.000008,33.000000</point>
				<point>77.142357,35.544487</point>
			</points>
		</object>
		<object>
			<coordinate>pixel</coordinate>
			<type>rectangle</type>
			<description>None</description>
			<possibleresult>
				<name>Van</name>
			</possibleresult>
			<points>
				<point>122.000015,23.000004</point>
				<point>118.000015,39.000004</point>
				<point>110.000015,37.000004</point>
				<point>114.000015,21.000004</point>
				<point>122.000015,23.000004</point>
			</points>
		</object>
		<object>
			<coordinate>pixel</coordinate>
			<type>rectangle</type>
			<description>None</description>
			<possibleresult>
				<name>Dump Truck</name>
			</possibleresult>
			<points>
				<point>225.240356,11.867889</point>
				<point>224.000000,19.000000</point>
				<point>201.000000,14.999996</point>
				<point>202.240356,7.867886</point>
				<point>225.240356,11.867889</point>
			</points>
		</object>
		<object>
			<coordinate>pixel</coordinate>
			<type>rectangle</type>
			<description>None</description>
			<possibleresult>
				<name>Small Car</name>
			</possibleresult>
			<points>
				<point>265.000000,47.000000</point>
				<point>264.097809,53.014671</point>
				<point>244.097809,50.014671</point>
				<point>245.000000,44.000000</point>
				<point>265.000000,47.000000</point>
			</points>
		</object>
		<object>
			<coordinate>pixel</coordinate>
			<type>rectangle</type>
			<description>None</description>
			<possibleresult>
				<name>Dump Truck</name>
			</possibleresult>
			<points>
				<point>306.440002,41.080002</point>
				<point>305.000000,49.000000</point>
				<point>282.559998,44.919998</point>
				<point>284.000000,37.000000</point>
				<point>306.440002,41.080002</point>
			</points>
		</object>
		<object>
			<coordinate>pixel</coordinate>
			<type>rectangle</type>
			<description>None</description>
			<possibleresult>
				<name>Small Car</name>
			</possibleresult>
			<points>
				<point>468.042145,60.007332</point>
				<point>466.999969,65.999992</point>
				<point>443.957794,61.992653</point>
				<point>444.999969,55.999992</point>
				<point>468.042145,60.007332</point>
			</points>
		</object>
		<object>
			<coordinate>pixel</coordinate>
			<type>rectangle</type>
			<description>None</description>
			<possibleresult>
				<name>Small Car</name>
			</possibleresult>
			<points>
				<point>503.146698,64.022018</point>
				<point>502.097809,71.014679</point>
				<point>481.951080,67.992676</point>
				<point>482.999969,61.000015</point>
				<point>503.146698,64.022018</point>
			</points>
		</object>
		<object>
			<coordinate>pixel</coordinate>
			<type>rectangle</type>
			<description>None</description>
			<possibleresult>
				<name>Small Car</name>
			</possibleresult>
			<points>
				<point>531.048950,67.007339</point>
				<point>530.000000,74.000000</point>
				<point>510.000031,71.000000</point>
				<point>511.048950,64.007339</point>
				<point>531.048950,67.007339</point>
			</points>
		</object>
		<object>
			<coordinate>pixel</coordinate>
			<type>rectangle</type>
			<description>None</description>
			<possibleresult>
				<name>Van</name>
			</possibleresult>
			<points>
				<point>558.103149,38.268051</point>
				<point>551.000000,41.000011</point>
				<point>545.793823,27.463934</point>
				<point>552.896973,24.731976</point>
				<point>558.103149,38.268051</point>
			</points>
		</object>
		<object>
			<coordinate>pixel</coordinate>
			<type>rectangle</type>
			<description>None</description>
			<possibleresult>
				<name>Cargo Truck</name>
			</possibleresult>
			<points>
				<point>650.000000,586.000061</point>
				<point>649.628784,596.023376</point>
				<point>622.000000,595.000061</point>
				<point>622.371216,584.976746</point>
				<point>650.000000,586.000061</point>
			</points>
		</object>
		<object>
			<coordinate>pixel</coordinate>
			<type>rectangle</type>
			<description>None</description>
			<possibleresult>
				<name>Small Car</name>
			</possibleresult>
			<points>
				<point>609.299194,947.985107</point>
				<point>589.000000,949.000122</point>
				<point>588.700806,943.015137</point>
				<point>609.000000,942.000122</point>
				<point>609.299194,947.985107</point>
			</points>
		</object>
		<object>
			<coordinate>pixel</coordinate>
			<type>rectangle</type>
			<description>None</description>
			<possibleresult>
				<name>Small Car</name>
			</possibleresult>
			<points>
				<point>610.000000,938.000000</point>
				<point>596.000000,938.000000</point>
				<point>596.000000,931.000000</point>
				<point>610.000000,931.000000</point>
				<point>610.000000,938.000000</point>
			</points>
		</object>
		<object>
			<coordinate>pixel</coordinate>
			<type>rectangle</type>
			<description>None</description>
			<possibleresult>
				<name>Small Car</name>
			</possibleresult>
			<points>
				<point>763.933960,852.518921</point>
				<point>757.000000,865.000000</point>
				<point>748.000000,860.000000</point>
				<point>754.933960,847.518921</point>
				<point>763.933960,852.518921</point>
			</points>
		</object>
		<object>
			<coordinate>pixel</coordinate>
			<type>rectangle</type>
			<description>None</description>
			<possibleresult>
				<name>Small Car</name>
			</possibleresult>
			<points>
				<point>814.231323,866.259766</point>
				<point>809.000000,883.000000</point>
				<point>801.768677,880.740234</point>
				<point>807.000000,864.000000</point>
				<point>814.231323,866.259766</point>
			</points>
		</object>
		<object>
			<coordinate>pixel</coordinate>
			<type>rectangle</type>
			<description>None</description>
			<possibleresult>
				<name>Small Car</name>
			</possibleresult>
			<points>
				<point>906.924561,895.264160</point>
				<point>902.924561,909.264160</point>
				<point>895.000000,907.000000</point>
				<point>899.000000,893.000000</point>
				<point>906.924561,895.264160</point>
			</points>
		</object>
		<object>
			<coordinate>pixel</coordinate>
			<type>rectangle</type>
			<description>None</description>
			<possibleresult>
				<name>Small Car</name>
			</possibleresult>
			<points>
				<point>950.128113,904.296021</point>
				<point>948.000061,916.000000</point>
				<point>940.872009,914.703979</point>
				<point>943.000061,903.000000</point>
				<point>950.128113,904.296021</point>
			</points>
		</object>
		<object>
			<coordinate>pixel</coordinate>
			<type>rectangle</type>
			<description>None</description>
			<possibleresult>
				<name>Small Car</name>
			</possibleresult>
			<points>
				<point>977.294495,874.851562</point>
				<point>976.000061,881.000122</point>
				<point>957.000061,877.000122</point>
				<point>958.294495,870.851562</point>
				<point>977.294495,874.851562</point>
			</points>
		</object>
		<object>
			<coordinate>pixel</coordinate>
			<type>rectangle</type>
			<description>None</description>
			<possibleresult>
				<name>Van</name>
			</possibleresult>
			<points>
				<point>283.285126,958.986572</point>
				<point>262.000031,960.000122</point>
				<point>261.714935,954.013672</point>
				<point>283.000031,953.000122</point>
				<point>283.285126,958.986572</point>
			</points>
		</object>
		<object>
			<coordinate>pixel</coordinate>
			<type>rectangle</type>
			<description>None</description>
			<possibleresult>
				<name>Small Car</name>
			</possibleresult>
			<points>
				<point>348.249390,938.987549</point>
				<point>328.000000,940.000000</point>
				<point>327.750610,935.012451</point>
				<point>348.000000,934.000000</point>
				<point>348.249390,938.987549</point>
			</points>
		</object>
		<object>
			<coordinate>pixel</coordinate>
			<type>rectangle</type>
			<description>None</description>
			<possibleresult>
				<name>Van</name>
			</possibleresult>
			<points>
				<point>358.000061,839.000000</point>
				<point>338.000061,840.000000</point>
				<point>337.748169,834.962646</point>
				<point>357.748169,833.962646</point>
				<point>358.000061,839.000000</point>
			</points>
		</object>
		<object>
			<coordinate>pixel</coordinate>
			<type>rectangle</type>
			<description>None</description>
			<possibleresult>
				<name>Small Car</name>
			</possibleresult>
			<points>
				<point>443.000000,773.000000</point>
				<point>436.000000,773.000000</point>
				<point>436.000000,759.000000</point>
				<point>443.000000,759.000000</point>
				<point>443.000000,773.000000</point>
			</points>
		</object>
		<object>
			<coordinate>pixel</coordinate>
			<type>rectangle</type>
			<description>None</description>
			<possibleresult>
				<name>Small Car</name>
			</possibleresult>
			<points>
				<point>407.000000,774.000000</point>
				<point>397.000000,774.000000</point>
				<point>397.000000,762.000000</point>
				<point>407.000000,762.000000</point>
				<point>407.000000,774.000000</point>
			</points>
		</object>
		<object>
			<coordinate>pixel</coordinate>
			<type>rectangle</type>
			<description>None</description>
			<possibleresult>
				<name>Small Car</name>
			</possibleresult>
			<points>
				<point>365.000000,770.000000</point>
				<point>358.000000,770.000000</point>
				<point>358.000000,754.000000</point>
				<point>365.000000,754.000000</point>
				<point>365.000000,770.000000</point>
			</points>
		</object>
		<object>
			<coordinate>pixel</coordinate>
			<type>rectangle</type>
			<description>None</description>
			<possibleresult>
				<name>Van</name>
			</possibleresult>
			<points>
				<point>333.024170,754.589600</point>
				<point>332.024170,771.589600</point>
				<point>322.000000,771.000000</point>
				<point>323.000000,754.000000</point>
				<point>333.024170,754.589600</point>
			</points>
		</object>
		<object>
			<coordinate>pixel</coordinate>
			<type>rectangle</type>
			<description>None</description>
			<possibleresult>
				<name>other-vehicle</name>
			</possibleresult>
			<points>
				<point>294.027649,752.668945</point>
				<point>293.027649,764.668945</point>
				<point>285.000061,764.000000</point>
				<point>286.000061,752.000000</point>
				<point>294.027649,752.668945</point>
			</points>
		</object>
		<object>
			<coordinate>pixel</coordinate>
			<type>rectangle</type>
			<description>None</description>
			<possibleresult>
				<name>Basketball Court</name>
			</possibleresult>
			<points>
				<point>7.845528,931.070068</point>
				<point>-1.824386,930.702881</point>
				<point>-0.000001,882.658203</point>
				<point>9.669912,883.025391</point>
				<point>7.845528,931.070068</point>
			</points>
		</object>
		<object>
			<coordinate>pixel</coordinate>
			<type>rectangle</type>
			<description>None</description>
			<possibleresult>
				<name>Tennis Court</name>
			</possibleresult>
			<points>
				<point>32.000004,723.000000</point>
				<point>30.999998,769.000000</point>
				<point>4.990552,768.434570</point>
				<point>5.990557,722.434570</point>
				<point>32.000004,723.000000</point>
			</points>
		</object>
		<object>
			<coordinate>pixel</coordinate>
			<type>rectangle</type>
			<description>None</description>
			<possibleresult>
				<name>Tennis Court</name>
			</possibleresult>
			<points>
				<point>72.000000,723.999939</point>
				<point>70.987717,770.564880</point>
				<point>45.000000,769.999939</point>
				<point>46.012283,723.434998</point>
				<point>72.000000,723.999939</point>
			</points>
		</object>
		<object>
			<coordinate>pixel</coordinate>
			<type>rectangle</type>
			<description>None</description>
			<possibleresult>
				<name>Tennis Court</name>
			</possibleresult>
			<points>
				<point>30.000000,785.000122</point>
				<point>26.954823,831.692871</point>
				<point>0.999999,830.000122</point>
				<point>4.045177,783.307373</point>
				<point>30.000000,785.000122</point>
			</points>
		</object>
		<object>
			<coordinate>pixel</coordinate>
			<type>rectangle</type>
			<description>None</description>
			<possibleresult>
				<name>Tennis Court</name>
			</possibleresult>
			<points>
				<point>69.000000,786.000000</point>
				<point>66.950951,833.128296</point>
				<point>41.000004,832.000000</point>
				<point>43.049057,784.871704</point>
				<point>69.000000,786.000000</point>
			</points>
		</object>
		<object>
			<coordinate>pixel</coordinate>
			<type>rectangle</type>
			<description>None</description>
			<possibleresult>
				<name>Small Car</name>
			</possibleresult>
			<points>
				<point>463.000000,583.000000</point>
				<point>443.000000,583.000000</point>
				<point>443.000000,577.000000</point>
				<point>463.000000,577.000000</point>
				<point>463.000000,583.000000</point>
			</points>
		</object>
		<object>
			<coordinate>pixel</coordinate>
			<type>rectangle</type>
			<description>None</description>
			<possibleresult>
				<name>Small Car</name>
			</possibleresult>
			<points>
				<point>521.000000,501.000000</point>
				<point>512.000000,501.000000</point>
				<point>512.000000,485.000000</point>
				<point>521.000000,485.000000</point>
				<point>521.000000,501.000000</point>
			</points>
		</object>
		<object>
			<coordinate>pixel</coordinate>
			<type>rectangle</type>
			<description>None</description>
			<possibleresult>
				<name>Van</name>
			</possibleresult>
			<points>
				<point>512.000000,453.000000</point>
				<point>494.000000,453.000000</point>
				<point>494.000000,447.000000</point>
				<point>512.000000,447.000000</point>
				<point>512.000000,453.000000</point>
			</points>
		</object>
		<object>
			<coordinate>pixel</coordinate>
			<type>rectangle</type>
			<description>None</description>
			<possibleresult>
				<name>Van</name>
			</possibleresult>
			<points>
				<point>516.000000,442.000000</point>
				<point>493.000000,442.000000</point>
				<point>493.000000,436.000000</point>
				<point>516.000000,436.000000</point>
				<point>516.000000,442.000000</point>
			</points>
		</object>
		<object>
			<coordinate>pixel</coordinate>
			<type>rectangle</type>
			<description>None</description>
			<possibleresult>
				<name>Small Car</name>
			</possibleresult>
			<points>
				<point>512.000000,406.000000</point>
				<point>492.000000,406.000000</point>
				<point>492.000000,400.000000</point>
				<point>512.000000,400.000000</point>
				<point>512.000000,406.000000</point>
			</points>
		</object>
		<object>
			<coordinate>pixel</coordinate>
			<type>rectangle</type>
			<description>None</description>
			<possibleresult>
				<name>Dump Truck</name>
			</possibleresult>
			<points>
				<point>432.371674,435.575195</point>
				<point>417.999969,452.000000</point>
				<point>411.628265,446.424805</point>
				<point>425.999969,430.000000</point>
				<point>432.371674,435.575195</point>
			</points>
		</object>
		<object>
			<coordinate>pixel</coordinate>
			<type>rectangle</type>
			<description>None</description>
			<possibleresult>
				<name>Small Car</name>
			</possibleresult>
			<points>
				<point>415.000000,434.000031</point>
				<point>407.871582,447.238556</point>
				<point>400.000000,443.000031</point>
				<point>407.128418,429.761505</point>
				<point>415.000000,434.000031</point>
			</points>
		</object>
		<object>
			<coordinate>pixel</coordinate>
			<type>rectangle</type>
			<description>None</description>
			<possibleresult>
				<name>Small Car</name>
			</possibleresult>
			<points>
				<point>399.246216,431.569244</point>
				<point>391.000061,446.000031</point>
				<point>384.753906,442.430817</point>
				<point>393.000061,428.000031</point>
				<point>399.246216,431.569244</point>
			</points>
		</object>
		<object>
			<coordinate>pixel</coordinate>
			<type>rectangle</type>
			<description>None</description>
			<possibleresult>
				<name>Dump Truck</name>
			</possibleresult>
			<points>
				<point>389.000031,429.000000</point>
				<point>380.323090,444.184631</point>
				<point>373.323090,440.184631</point>
				<point>382.000031,425.000000</point>
				<point>389.000031,429.000000</point>
			</points>
		</object>
		<object>
			<coordinate>pixel</coordinate>
			<type>rectangle</type>
			<description>None</description>
			<possibleresult>
				<name>Small Car</name>
			</possibleresult>
			<points>
				<point>378.600006,425.800049</point>
				<point>370.600006,441.800049</point>
				<point>363.000031,438.000061</point>
				<point>371.000031,422.000061</point>
				<point>378.600006,425.800049</point>
			</points>
		</object>
		<object>
			<coordinate>pixel</coordinate>
			<type>rectangle</type>
			<description>None</description>
			<possibleresult>
				<name>Van</name>
			</possibleresult>
			<points>
				<point>366.352966,425.588287</point>
				<point>354.000000,440.000031</point>
				<point>348.647034,435.411774</point>
				<point>361.000000,421.000031</point>
				<point>366.352966,425.588287</point>
			</points>
		</object>
		<object>
			<coordinate>pixel</coordinate>
			<type>rectangle</type>
			<description>None</description>
			<possibleresult>
				<name>Small Car</name>
			</possibleresult>
			<points>
				<point>354.184631,421.677002</point>
				<point>346.000000,436.000061</point>
				<point>339.000000,432.000061</point>
				<point>347.184631,417.677002</point>
				<point>354.184631,421.677002</point>
			</points>
		</object>
		<object>
			<coordinate>pixel</coordinate>
			<type>rectangle</type>
			<description>None</description>
			<possibleresult>
				<name>Van</name>
			</possibleresult>
			<points>
				<point>343.337799,419.527039</point>
				<point>333.337799,433.527039</point>
				<point>326.999969,429.000000</point>
				<point>336.999969,415.000000</point>
				<point>343.337799,419.527039</point>
			</points>
		</object>
		<object>
			<coordinate>pixel</coordinate>
			<type>rectangle</type>
			<description>None</description>
			<possibleresult>
				<name>Small Car</name>
			</possibleresult>
			<points>
				<point>333.097534,416.878052</point>
				<point>321.000000,432.000000</point>
				<point>314.902466,427.121948</point>
				<point>327.000000,412.000000</point>
				<point>333.097534,416.878052</point>
			</points>
		</object>
		<object>
			<coordinate>pixel</coordinate>
			<type>rectangle</type>
			<description>None</description>
			<possibleresult>
				<name>Small Car</name>
			</possibleresult>
			<points>
				<point>321.280914,414.550537</point>
				<point>311.280914,430.550537</point>
				<point>304.000031,426.000000</point>
				<point>314.000031,410.000000</point>
				<point>321.280914,414.550537</point>
			</points>
		</object>
		<object>
			<coordinate>pixel</coordinate>
			<type>rectangle</type>
			<description>None</description>
			<possibleresult>
				<name>Small Car</name>
			</possibleresult>
			<points>
				<point>343.999969,372.000000</point>
				<point>339.750763,390.059021</point>
				<point>330.999969,388.000000</point>
				<point>335.249176,369.940979</point>
				<point>343.999969,372.000000</point>
			</points>
		</object>
		<object>
			<coordinate>pixel</coordinate>
			<type>rectangle</type>
			<description>None</description>
			<possibleresult>
				<name>Small Car</name>
			</possibleresult>
			<points>
				<point>356.175140,373.404449</point>
				<point>351.175140,390.404449</point>
				<point>342.999969,387.999969</point>
				<point>347.999969,370.999969</point>
				<point>356.175140,373.404449</point>
			</points>
		</object>
		<object>
			<coordinate>pixel</coordinate>
			<type>rectangle</type>
			<description>None</description>
			<possibleresult>
				<name>Small Car</name>
			</possibleresult>
			<points>
				<point>368.038422,377.807709</point>
				<point>364.999969,393.000031</point>
				<point>354.999969,391.000031</point>
				<point>358.038422,375.807709</point>
				<point>368.038422,377.807709</point>
			</points>
		</object>
		<object>
			<coordinate>pixel</coordinate>
			<type>rectangle</type>
			<description>None</description>
			<possibleresult>
				<name>Small Car</name>
			</possibleresult>
			<points>
				<point>380.264130,376.075531</point>
				<point>376.264130,390.075531</point>
				<point>368.999969,388.000031</point>
				<point>372.999969,374.000031</point>
				<point>380.264130,376.075531</point>
			</points>
		</object>
		<object>
			<coordinate>pixel</coordinate>
			<type>rectangle</type>
			<description>None</description>
			<possibleresult>
				<name>Van</name>
			</possibleresult>
			<points>
				<point>388.000031,379.000061</point>
				<point>386.000031,395.000061</point>
				<point>378.000031,394.000061</point>
				<point>380.000031,378.000061</point>
				<point>388.000031,379.000061</point>
			</points>
		</object>
		<object>
			<coordinate>pixel</coordinate>
			<type>rectangle</type>
			<description>None</description>
			<possibleresult>
				<name>Small Car</name>
			</possibleresult>
			<points>
				<point>399.015442,381.876984</point>
				<point>397.000061,398.000031</point>
				<point>389.000061,397.000031</point>
				<point>391.015442,380.876984</point>
				<point>399.015442,381.876984</point>
			</points>
		</object>
		<object>
			<coordinate>pixel</coordinate>
			<type>rectangle</type>
			<description>None</description>
			<possibleresult>
				<name>Small Car</name>
			</possibleresult>
			<points>
				<point>413.000031,388.000000</point>
				<point>408.900055,400.299988</point>
				<point>402.000031,398.000000</point>
				<point>406.100006,385.700012</point>
				<point>413.000031,388.000000</point>
			</points>
		</object>
		<object>
			<coordinate>pixel</coordinate>
			<type>rectangle</type>
			<description>None</description>
			<possibleresult>
				<name>Van</name>
			</possibleresult>
			<points>
				<point>167.000000,404.000000</point>
				<point>159.008728,405.065491</point>
				<point>157.000000,390.000000</point>
				<point>164.991272,388.934509</point>
				<point>167.000000,404.000000</point>
			</points>
		</object>
		<object>
			<coordinate>pixel</coordinate>
			<type>rectangle</type>
			<description>None</description>
			<possibleresult>
				<name>Small Car</name>
			</possibleresult>
			<points>
				<point>154.045242,401.126740</point>
				<point>145.999985,404.000031</point>
				<point>140.954727,389.873322</point>
				<point>148.999985,387.000031</point>
				<point>154.045242,401.126740</point>
			</points>
		</object>
		<object>
			<coordinate>pixel</coordinate>
			<type>rectangle</type>
			<description>None</description>
			<possibleresult>
				<name>Van</name>
			</possibleresult>
			<points>
				<point>105.000000,403.000000</point>
				<point>96.000000,403.000000</point>
				<point>96.000000,387.000000</point>
				<point>105.000000,387.000000</point>
				<point>105.000000,403.000000</point>
			</points>
		</object>
		<object>
			<coordinate>pixel</coordinate>
			<type>rectangle</type>
			<description>None</description>
			<possibleresult>
				<name>Small Car</name>
			</possibleresult>
			<points>
				<point>91.038467,392.807678</point>
				<point>88.000000,408.000000</point>
				<point>78.961533,406.192322</point>
				<point>82.000000,391.000000</point>
				<point>91.038467,392.807678</point>
			</points>
		</object>
		<object>
			<coordinate>pixel</coordinate>
			<type>rectangle</type>
			<description>None</description>
			<possibleresult>
				<name>Small Car</name>
			</possibleresult>
			<points>
				<point>145.335068,359.871124</point>
				<point>132.000015,364.999969</point>
				<point>128.932999,357.025726</point>
				<point>142.268051,351.896881</point>
				<point>145.335068,359.871124</point>
			</points>
		</object>
		<object>
			<coordinate>pixel</coordinate>
			<type>rectangle</type>
			<description>None</description>
			<possibleresult>
				<name>Small Car</name>
			</possibleresult>
			<points>
				<point>447.000061,331.000031</point>
				<point>446.330383,338.031464</point>
				<point>425.000061,336.000031</point>
				<point>425.669739,328.968597</point>
				<point>447.000061,331.000031</point>
			</points>
		</object>
		<object>
			<coordinate>pixel</coordinate>
			<type>rectangle</type>
			<description>None</description>
			<possibleresult>
				<name>Small Car</name>
			</possibleresult>
			<points>
				<point>617.000000,370.000000</point>
				<point>598.000000,370.000000</point>
				<point>598.000000,364.000000</point>
				<point>617.000000,364.000000</point>
				<point>617.000000,370.000000</point>
			</points>
		</object>
		<object>
			<coordinate>pixel</coordinate>
			<type>rectangle</type>
			<description>None</description>
			<possibleresult>
				<name>Small Car</name>
			</possibleresult>
			<points>
				<point>705.000000,378.000000</point>
				<point>688.000000,378.000000</point>
				<point>688.000000,372.000000</point>
				<point>705.000000,372.000000</point>
				<point>705.000000,378.000000</point>
			</points>
		</object>
		<object>
			<coordinate>pixel</coordinate>
			<type>rectangle</type>
			<description>None</description>
			<possibleresult>
				<name>Small Car</name>
			</possibleresult>
			<points>
				<point>756.000000,384.000000</point>
				<point>736.000000,384.000000</point>
				<point>736.000000,378.000000</point>
				<point>756.000000,378.000000</point>
				<point>756.000000,384.000000</point>
			</points>
		</object>
		<object>
			<coordinate>pixel</coordinate>
			<type>rectangle</type>
			<description>None</description>
			<possibleresult>
				<name>Small Car</name>
			</possibleresult>
			<points>
				<point>582.000000,405.999969</point>
				<point>577.699951,418.899994</point>
				<point>568.699951,415.899994</point>
				<point>573.000000,402.999969</point>
				<point>582.000000,405.999969</point>
			</points>
		</object>
		<object>
			<coordinate>pixel</coordinate>
			<type>rectangle</type>
			<description>None</description>
			<possibleresult>
				<name>Van</name>
			</possibleresult>
			<points>
				<point>631.047119,403.788177</point>
				<point>627.000000,421.999969</point>
				<point>618.952881,420.211761</point>
				<point>623.000000,401.999969</point>
				<point>631.047119,403.788177</point>
			</points>
		</object>
		<object>
			<coordinate>pixel</coordinate>
			<type>rectangle</type>
			<description>None</description>
			<possibleresult>
				<name>Small Car</name>
			</possibleresult>
			<points>
				<point>653.000000,406.000000</point>
				<point>650.979980,420.140015</point>
				<point>643.000000,419.000000</point>
				<point>645.020020,404.859985</point>
				<point>653.000000,406.000000</point>
			</points>
		</object>
		<object>
			<coordinate>pixel</coordinate>
			<type>rectangle</type>
			<description>None</description>
			<possibleresult>
				<name>Small Car</name>
			</possibleresult>
			<points>
				<point>683.000000,427.000000</point>
				<point>674.000000,427.000000</point>
				<point>674.000000,411.000000</point>
				<point>683.000000,411.000000</point>
				<point>683.000000,427.000000</point>
			</points>
		</object>
		<object>
			<coordinate>pixel</coordinate>
			<type>rectangle</type>
			<description>None</description>
			<possibleresult>
				<name>Cargo Truck</name>
			</possibleresult>
			<points>
				<point>731.420044,445.939972</point>
				<point>703.000000,449.999969</point>
				<point>701.579956,440.059967</point>
				<point>730.000000,435.999969</point>
				<point>731.420044,445.939972</point>
			</points>
		</object>
		<object>
			<coordinate>pixel</coordinate>
			<type>rectangle</type>
			<description>None</description>
			<possibleresult>
				<name>Cargo Truck</name>
			</possibleresult>
			<points>
				<point>768.000000,460.000000</point>
				<point>766.192261,469.038452</point>
				<point>741.000000,464.000000</point>
				<point>742.807739,454.961548</point>
				<point>768.000000,460.000000</point>
			</points>
		</object>
		<object>
			<coordinate>pixel</coordinate>
			<type>rectangle</type>
			<description>None</description>
			<possibleresult>
				<name>Cargo Truck</name>
			</possibleresult>
			<points>
				<point>776.022278,639.424011</point>
				<point>775.022278,665.424011</point>
				<point>764.000061,665.000061</point>
				<point>765.000061,639.000061</point>
				<point>776.022278,639.424011</point>
			</points>
		</object>
		<object>
			<coordinate>pixel</coordinate>
			<type>rectangle</type>
			<description>None</description>
			<possibleresult>
				<name>Van</name>
			</possibleresult>
			<points>
				<point>772.000000,719.000000</point>
				<point>771.665771,728.024658</point>
				<point>744.665771,727.024658</point>
				<point>745.000000,718.000000</point>
				<point>772.000000,719.000000</point>
			</points>
		</object>
		<object>
			<coordinate>pixel</coordinate>
			<type>rectangle</type>
			<description>None</description>
			<possibleresult>
				<name>Small Car</name>
			</possibleresult>
			<points>
				<point>771.249573,730.010315</point>
				<point>771.000061,735.999939</point>
				<point>746.750549,734.989563</point>
				<point>747.000061,728.999939</point>
				<point>771.249573,730.010315</point>
			</points>
		</object>
		<object>
			<coordinate>pixel</coordinate>
			<type>rectangle</type>
			<description>None</description>
			<possibleresult>
				<name>Cargo Truck</name>
			</possibleresult>
			<points>
				<point>767.818848,740.084717</point>
				<point>767.000000,748.000000</point>
				<point>737.181152,744.915283</point>
				<point>738.000000,737.000000</point>
				<point>767.818848,740.084717</point>
			</points>
		</object>
		<object>
			<coordinate>pixel</coordinate>
			<type>rectangle</type>
			<description>None</description>
			<possibleresult>
				<name>Cargo Truck</name>
			</possibleresult>
			<points>
				<point>767.299744,749.010010</point>
				<point>767.000061,758.000000</point>
				<point>736.700378,756.989990</point>
				<point>737.000061,748.000000</point>
				<point>767.299744,749.010010</point>
			</points>
		</object>
		<object>
			<coordinate>pixel</coordinate>
			<type>rectangle</type>
			<description>None</description>
			<possibleresult>
				<name>Dump Truck</name>
			</possibleresult>
			<points>
				<point>767.000061,775.000061</point>
				<point>766.123108,782.015442</point>
				<point>742.000061,779.000061</point>
				<point>742.877014,771.984680</point>
				<point>767.000061,775.000061</point>
			</points>
		</object>
		<object>
			<coordinate>pixel</coordinate>
			<type>rectangle</type>
			<description>None</description>
			<possibleresult>
				<name>Van</name>
			</possibleresult>
			<points>
				<point>763.000000,767.000000</point>
				<point>744.000000,767.000000</point>
				<point>744.000000,760.000000</point>
				<point>763.000000,760.000000</point>
				<point>763.000000,767.000000</point>
			</points>
		</object>
		<object>
			<coordinate>pixel</coordinate>
			<type>rectangle</type>
			<description>None</description>
			<possibleresult>
				<name>Dump Truck</name>
			</possibleresult>
			<points>
				<point>726.320984,742.027039</point>
				<point>701.320984,743.027039</point>
				<point>700.999939,734.999939</point>
				<point>725.999939,733.999939</point>
				<point>726.320984,742.027039</point>
			</points>
		</object>
		<object>
			<coordinate>pixel</coordinate>
			<type>rectangle</type>
			<description>None</description>
			<possibleresult>
				<name>Dump Truck</name>
			</possibleresult>
			<points>
				<point>722.233643,752.904419</point>
				<point>700.000000,762.000000</point>
				<point>696.766357,754.095581</point>
				<point>719.000000,745.000000</point>
				<point>722.233643,752.904419</point>
			</points>
		</object>
		<object>
			<coordinate>pixel</coordinate>
			<type>rectangle</type>
			<description>None</description>
			<possibleresult>
				<name>Van</name>
			</possibleresult>
			<points>
				<point>666.024902,759.527649</point>
				<point>665.024902,778.527649</point>
				<point>655.000000,778.000061</point>
				<point>656.000000,759.000061</point>
				<point>666.024902,759.527649</point>
			</points>
		</object>
		<object>
			<coordinate>pixel</coordinate>
			<type>rectangle</type>
			<description>None</description>
			<possibleresult>
				<name>Small Car</name>
			</possibleresult>
			<points>
				<point>818.332581,384.015839</point>
				<point>818.000061,391.000031</point>
				<point>796.667419,389.984222</point>
				<point>796.999939,383.000031</point>
				<point>818.332581,384.015839</point>
			</points>
		</object>
		<object>
			<coordinate>pixel</coordinate>
			<type>rectangle</type>
			<description>None</description>
			<possibleresult>
				<name>Small Car</name>
			</possibleresult>
			<points>
				<point>890.188721,474.339600</point>
				<point>885.396240,491.113159</point>
				<point>877.207520,488.773560</point>
				<point>882.000000,472.000000</point>
				<point>890.188721,474.339600</point>
			</points>
		</object>
		<object>
			<coordinate>pixel</coordinate>
			<type>rectangle</type>
			<description>None</description>
			<possibleresult>
				<name>Small Car</name>
			</possibleresult>
			<points>
				<point>902.188660,475.339661</point>
				<point>897.396179,492.113220</point>
				<point>889.207458,489.773621</point>
				<point>893.999939,473.000061</point>
				<point>902.188660,475.339661</point>
			</points>
		</object>
		<object>
			<coordinate>pixel</coordinate>
			<type>rectangle</type>
			<description>None</description>
			<possibleresult>
				<name>Small Car</name>
			</possibleresult>
			<points>
				<point>951.000122,484.000061</point>
				<point>947.941284,496.235352</point>
				<point>939.941284,494.235352</point>
				<point>943.000122,482.000061</point>
				<point>951.000122,484.000061</point>
			</points>
		</object>
		<object>
			<coordinate>pixel</coordinate>
			<type>rectangle</type>
			<description>None</description>
			<possibleresult>
				<name>Small Car</name>
			</possibleresult>
			<points>
				<point>1000.000000,587.444458</point>
				<point>983.999939,583.000000</point>
				<point>985.690491,576.914062</point>
				<point>1000.000000,580.888916</point>
				<point>1000.000000,587.444458</point>
			</points>
		</object>
		<object>
			<coordinate>pixel</coordinate>
			<type>rectangle</type>
			<description>None</description>
			<possibleresult>
				<name>Small Car</name>
			</possibleresult>
			<points>
				<point>995.000000,601.000061</point>
				<point>992.599976,608.200012</point>
				<point>975.799927,602.600037</point>
				<point>978.199951,595.400085</point>
				<point>995.000000,601.000061</point>
			</points>
		</object>
		<object>
			<coordinate>pixel</coordinate>
			<type>rectangle</type>
			<description>None</description>
			<possibleresult>
				<name>Cargo Truck</name>
			</possibleresult>
			<points>
				<point>912.355469,730.053772</point>
				<point>911.000000,738.999939</point>
				<point>877.644531,733.946106</point>
				<point>879.000000,724.999939</point>
				<point>912.355469,730.053772</point>
			</points>
		</object>
		<object>
			<coordinate>pixel</coordinate>
			<type>rectangle</type>
			<description>None</description>
			<possibleresult>
				<name>Cargo Truck</name>
			</possibleresult>
			<points>
				<point>904.000061,745.000061</point>
				<point>902.232727,753.051086</point>
				<point>861.232727,744.051086</point>
				<point>863.000061,736.000061</point>
				<point>904.000061,745.000061</point>
			</points>
		</object>
		<object>
			<coordinate>pixel</coordinate>
			<type>rectangle</type>
			<description>None</description>
			<possibleresult>
				<name>Cargo Truck</name>
			</possibleresult>
			<points>
				<point>897.420105,753.060059</point>
				<point>896.000061,763.000000</point>
				<point>860.580017,757.939941</point>
				<point>862.000061,748.000000</point>
				<point>897.420105,753.060059</point>
			</points>
		</object>
		<object>
			<coordinate>pixel</coordinate>
			<type>rectangle</type>
			<description>None</description>
			<possibleresult>
				<name>Cargo Truck</name>
			</possibleresult>
			<points>
				<point>898.000061,764.999939</point>
				<point>896.444153,774.076111</point>
				<point>861.000061,767.999939</point>
				<point>862.555969,758.923767</point>
				<point>898.000061,764.999939</point>
			</points>
		</object>
		<object>
			<coordinate>pixel</coordinate>
			<type>rectangle</type>
			<description>None</description>
			<possibleresult>
				<name>Cargo Truck</name>
			</possibleresult>
			<points>
				<point>899.999939,775.999878</point>
				<point>898.152649,786.027954</point>
				<point>859.999939,778.999878</point>
				<point>861.847229,768.971802</point>
				<point>899.999939,775.999878</point>
			</points>
		</object>
		<object>
			<coordinate>pixel</coordinate>
			<type>rectangle</type>
			<description>None</description>
			<possibleresult>
				<name>Small Car</name>
			</possibleresult>
			<points>
				<point>885.423523,795.094055</point>
				<point>882.999939,805.999939</point>
				<point>846.576355,797.905823</point>
				<point>848.999939,786.999939</point>
				<point>885.423523,795.094055</point>
			</points>
		</object>
		<object>
			<coordinate>pixel</coordinate>
			<type>rectangle</type>
			<description>None</description>
			<possibleresult>
				<name>Van</name>
			</possibleresult>
			<points>
				<point>827.000000,191.000000</point>
				<point>826.364380,197.038361</point>
				<point>807.000000,195.000000</point>
				<point>807.635620,188.961639</point>
				<point>827.000000,191.000000</point>
			</points>
		</object>
		<object>
			<coordinate>pixel</coordinate>
			<type>rectangle</type>
			<description>None</description>
			<possibleresult>
				<name>Van</name>
			</possibleresult>
			<points>
				<point>996.999939,235.000015</point>
				<point>992.870178,248.421646</point>
				<point>984.999939,246.000015</point>
				<point>989.129700,232.578384</point>
				<point>996.999939,235.000015</point>
			</points>
		</object>
		<object>
			<coordinate>pixel</coordinate>
			<type>rectangle</type>
			<description>None</description>
			<possibleresult>
				<name>Van</name>
			</possibleresult>
			<points>
				<point>724.000000,434.000000</point>
				<point>702.669678,436.031433</point>
				<point>702.000000,429.000000</point>
				<point>723.330322,426.968567</point>
				<point>724.000000,434.000000</point>
			</points>
		</object>
		<object>
			<coordinate>pixel</coordinate>
			<type>rectangle</type>
			<description>None</description>
			<possibleresult>
				<name>Van</name>
			</possibleresult>
			<points>
				<point>610.314941,956.983337</point>
				<point>591.000000,957.999939</point>
				<point>590.685059,952.016541</point>
				<point>610.000000,950.999939</point>
				<point>610.314941,956.983337</point>
			</points>
		</object>
	</objects>
</annotation>