<?xml version="1.0" encoding="utf-8"?>
<annotation>
	<source>
		<filename>1404.tif</filename>
		<origin>GF2/GF3</origin>
	</source>
	<research>
		<version>1.0</version>
		<provider>FAIR1M</provider>
		<author>Cyber</author>
		<pluginname>FAIR1M</pluginname>
		<pluginclass>object detection</pluginclass>
		<time>2021-03</time>
	</research>
	<size>
		<width>1000</width>
		<height>1000</height>
		<depth>3</depth>
	</size>
	<objects>
		<object>
			<coordinate>pixel</coordinate>
			<type>rectangle</type>
			<description>None</description>
			<possibleresult>
				<name>Intersection</name>
			</possibleresult>
			<points>
				<point>662.000000,915.999939</point>
				<point>636.178711,931.301453</point>
				<point>620.000000,903.999939</point>
				<point>645.821289,888.698425</point>
				<point>662.000000,915.999939</point>
			</points>
		</object>
		<object>
			<coordinate>pixel</coordinate>
			<type>rectangle</type>
			<description>None</description>
			<possibleresult>
				<name>Intersection</name>
			</possibleresult>
			<points>
				<point>35.000000,405.000000</point>
				<point>13.000000,405.000000</point>
				<point>13.000000,386.000000</point>
				<point>35.000000,386.000000</point>
				<point>35.000000,405.000000</point>
			</points>
		</object>
		<object>
			<coordinate>pixel</coordinate>
			<type>rectangle</type>
			<description>None</description>
			<possibleresult>
				<name>Intersection</name>
			</possibleresult>
			<points>
				<point>240.000015,330.000031</point>
				<point>224.933640,331.004425</point>
				<point>223.933640,316.004425</point>
				<point>239.000015,315.000031</point>
				<point>240.000015,330.000031</point>
			</points>
		</object>
		<object>
			<coordinate>pixel</coordinate>
			<type>rectangle</type>
			<description>None</description>
			<possibleresult>
				<name>Intersection</name>
			</possibleresult>
			<points>
				<point>422.000000,196.000000</point>
				<point>401.000000,196.000000</point>
				<point>401.000000,181.000000</point>
				<point>422.000000,181.000000</point>
				<point>422.000000,196.000000</point>
			</points>
		</object>
		<object>
			<coordinate>pixel</coordinate>
			<type>rectangle</type>
			<description>None</description>
			<possibleresult>
				<name>Intersection</name>
			</possibleresult>
			<points>
				<point>784.000061,367.000000</point>
				<point>765.000061,369.000000</point>
				<point>763.000061,350.000000</point>
				<point>782.000061,348.000000</point>
				<point>784.000061,367.000000</point>
			</points>
		</object>
		<object>
			<coordinate>pixel</coordinate>
			<type>rectangle</type>
			<description>None</description>
			<possibleresult>
				<name>Basketball Court</name>
			</possibleresult>
			<points>
				<point>945.000061,198.000015</point>
				<point>828.764099,207.096725</point>
				<point>825.000061,158.999985</point>
				<point>941.236023,149.903275</point>
				<point>945.000061,198.000015</point>
			</points>
		</object>
		<object>
			<coordinate>pixel</coordinate>
			<type>rectangle</type>
			<description>None</description>
			<possibleresult>
				<name>Intersection</name>
			</possibleresult>
			<points>
				<point>432.879974,328.159973</point>
				<point>412.999969,331.000000</point>
				<point>408.999969,303.000000</point>
				<point>428.879974,300.159973</point>
				<point>432.879974,328.159973</point>
			</points>
		</object>
		<object>
			<coordinate>pixel</coordinate>
			<type>rectangle</type>
			<description>None</description>
			<possibleresult>
				<name>Van</name>
			</possibleresult>
			<points>
				<point>213.999969,36.000004</point>
				<point>210.461517,41.307697</point>
				<point>195.461517,31.307697</point>
				<point>198.999969,26.000004</point>
				<point>213.999969,36.000004</point>
			</points>
		</object>
		<object>
			<coordinate>pixel</coordinate>
			<type>rectangle</type>
			<description>None</description>
			<possibleresult>
				<name>Van</name>
			</possibleresult>
			<points>
				<point>167.035507,42.497459</point>
				<point>159.999985,43.000000</point>
				<point>158.999985,28.999998</point>
				<point>166.035507,28.497459</point>
				<point>167.035507,42.497459</point>
			</points>
		</object>
		<object>
			<coordinate>pixel</coordinate>
			<type>rectangle</type>
			<description>None</description>
			<possibleresult>
				<name>Van</name>
			</possibleresult>
			<points>
				<point>157.000000,44.000000</point>
				<point>150.000000,44.000000</point>
				<point>150.000000,32.000000</point>
				<point>157.000000,32.000000</point>
				<point>157.000000,44.000000</point>
			</points>
		</object>
		<object>
			<coordinate>pixel</coordinate>
			<type>rectangle</type>
			<description>None</description>
			<possibleresult>
				<name>Van</name>
			</possibleresult>
			<points>
				<point>159.000015,73.000008</point>
				<point>152.189194,74.135139</point>
				<point>150.189194,62.135139</point>
				<point>157.000015,61.000008</point>
				<point>159.000015,73.000008</point>
			</points>
		</object>
		<object>
			<coordinate>pixel</coordinate>
			<type>rectangle</type>
			<description>None</description>
			<possibleresult>
				<name>Van</name>
			</possibleresult>
			<points>
				<point>172.000015,71.000000</point>
				<point>164.965530,71.586212</point>
				<point>163.965530,59.586208</point>
				<point>171.000015,59.000000</point>
				<point>172.000015,71.000000</point>
			</points>
		</object>
		<object>
			<coordinate>pixel</coordinate>
			<type>rectangle</type>
			<description>None</description>
			<possibleresult>
				<name>Van</name>
			</possibleresult>
			<points>
				<point>210.000031,69.000008</point>
				<point>202.000031,70.000008</point>
				<point>200.246185,55.969238</point>
				<point>208.246185,54.969238</point>
				<point>210.000031,69.000008</point>
			</points>
		</object>
		<object>
			<coordinate>pixel</coordinate>
			<type>rectangle</type>
			<description>None</description>
			<possibleresult>
				<name>Van</name>
			</possibleresult>
			<points>
				<point>105.331879,146.977890</point>
				<point>90.000015,148.000015</point>
				<point>89.668152,143.022141</point>
				<point>105.000015,142.000015</point>
				<point>105.331879,146.977890</point>
			</points>
		</object>
		<object>
			<coordinate>pixel</coordinate>
			<type>rectangle</type>
			<description>None</description>
			<possibleresult>
				<name>Van</name>
			</possibleresult>
			<points>
				<point>97.000008,165.000015</point>
				<point>91.049187,165.541000</point>
				<point>90.000008,154.000015</point>
				<point>95.950829,153.459030</point>
				<point>97.000008,165.000015</point>
			</points>
		</object>
		<object>
			<coordinate>pixel</coordinate>
			<type>rectangle</type>
			<description>None</description>
			<possibleresult>
				<name>Small Car</name>
			</possibleresult>
			<points>
				<point>190.000015,176.000031</point>
				<point>170.000015,180.000031</point>
				<point>168.384628,171.923096</point>
				<point>188.384628,167.923096</point>
				<point>190.000015,176.000031</point>
			</points>
		</object>
		<object>
			<coordinate>pixel</coordinate>
			<type>rectangle</type>
			<description>None</description>
			<possibleresult>
				<name>Small Car</name>
			</possibleresult>
			<points>
				<point>213.000015,173.000015</point>
				<point>205.031143,173.498062</point>
				<point>204.000015,157.000015</point>
				<point>211.968887,156.501968</point>
				<point>213.000015,173.000015</point>
			</points>
		</object>
		<object>
			<coordinate>pixel</coordinate>
			<type>rectangle</type>
			<description>None</description>
			<possibleresult>
				<name>Van</name>
			</possibleresult>
			<points>
				<point>203.890762,641.071655</point>
				<point>195.999985,642.000000</point>
				<point>193.999985,625.000000</point>
				<point>201.890762,624.071655</point>
				<point>203.890762,641.071655</point>
			</points>
		</object>
		<object>
			<coordinate>pixel</coordinate>
			<type>rectangle</type>
			<description>None</description>
			<possibleresult>
				<name>Van</name>
			</possibleresult>
			<points>
				<point>155.032791,643.360657</point>
				<point>148.000015,644.000061</point>
				<point>147.000015,633.000061</point>
				<point>154.032791,632.360657</point>
				<point>155.032791,643.360657</point>
			</points>
		</object>
		<object>
			<coordinate>pixel</coordinate>
			<type>rectangle</type>
			<description>None</description>
			<possibleresult>
				<name>Van</name>
			</possibleresult>
			<points>
				<point>240.155701,618.916931</point>
				<point>225.000000,626.999939</point>
				<point>221.844299,621.082947</point>
				<point>237.000000,612.999939</point>
				<point>240.155701,618.916931</point>
			</points>
		</object>
		<object>
			<coordinate>pixel</coordinate>
			<type>rectangle</type>
			<description>None</description>
			<possibleresult>
				<name>Van</name>
			</possibleresult>
			<points>
				<point>8.000000,955.000000</point>
				<point>1.000000,955.000000</point>
				<point>1.000000,942.000000</point>
				<point>8.000000,942.000000</point>
				<point>8.000000,955.000000</point>
			</points>
		</object>
		<object>
			<coordinate>pixel</coordinate>
			<type>rectangle</type>
			<description>None</description>
			<possibleresult>
				<name>other-vehicle</name>
			</possibleresult>
			<points>
				<point>18.000000,956.000000</point>
				<point>10.000000,956.000000</point>
				<point>10.000000,942.000000</point>
				<point>18.000000,942.000000</point>
				<point>18.000000,956.000000</point>
			</points>
		</object>
		<object>
			<coordinate>pixel</coordinate>
			<type>rectangle</type>
			<description>None</description>
			<possibleresult>
				<name>Van</name>
			</possibleresult>
			<points>
				<point>29.000010,940.000061</point>
				<point>27.000010,956.000061</point>
				<point>19.000010,955.000061</point>
				<point>21.000010,939.000061</point>
				<point>29.000010,940.000061</point>
			</points>
		</object>
		<object>
			<coordinate>pixel</coordinate>
			<type>rectangle</type>
			<description>None</description>
			<possibleresult>
				<name>Van</name>
			</possibleresult>
			<points>
				<point>81.999992,945.000000</point>
				<point>80.999992,959.000000</point>
				<point>72.969536,958.426392</point>
				<point>73.969536,944.426392</point>
				<point>81.999992,945.000000</point>
			</points>
		</object>
		<object>
			<coordinate>pixel</coordinate>
			<type>rectangle</type>
			<description>None</description>
			<possibleresult>
				<name>Small Car</name>
			</possibleresult>
			<points>
				<point>92.000000,959.000000</point>
				<point>85.000000,959.000000</point>
				<point>85.000000,947.000000</point>
				<point>92.000000,947.000000</point>
				<point>92.000000,959.000000</point>
			</points>
		</object>
		<object>
			<coordinate>pixel</coordinate>
			<type>rectangle</type>
			<description>None</description>
			<possibleresult>
				<name>Small Car</name>
			</possibleresult>
			<points>
				<point>101.000000,959.000000</point>
				<point>93.000000,959.000000</point>
				<point>93.000000,945.000000</point>
				<point>101.000000,945.000000</point>
				<point>101.000000,959.000000</point>
			</points>
		</object>
		<object>
			<coordinate>pixel</coordinate>
			<type>rectangle</type>
			<description>None</description>
			<possibleresult>
				<name>Small Car</name>
			</possibleresult>
			<points>
				<point>123.000000,958.000000</point>
				<point>115.000000,958.000000</point>
				<point>115.000000,945.000000</point>
				<point>123.000000,945.000000</point>
				<point>123.000000,958.000000</point>
			</points>
		</object>
		<object>
			<coordinate>pixel</coordinate>
			<type>rectangle</type>
			<description>None</description>
			<possibleresult>
				<name>Small Car</name>
			</possibleresult>
			<points>
				<point>133.000000,961.000000</point>
				<point>125.000000,961.000000</point>
				<point>125.000000,946.000000</point>
				<point>133.000000,946.000000</point>
				<point>133.000000,961.000000</point>
			</points>
		</object>
		<object>
			<coordinate>pixel</coordinate>
			<type>rectangle</type>
			<description>None</description>
			<possibleresult>
				<name>Van</name>
			</possibleresult>
			<points>
				<point>143.000000,960.000000</point>
				<point>137.000000,960.000000</point>
				<point>137.000000,951.000000</point>
				<point>143.000000,951.000000</point>
				<point>143.000000,960.000000</point>
			</points>
		</object>
		<object>
			<coordinate>pixel</coordinate>
			<type>rectangle</type>
			<description>None</description>
			<possibleresult>
				<name>Van</name>
			</possibleresult>
			<points>
				<point>154.000000,959.000000</point>
				<point>147.000000,959.000000</point>
				<point>147.000000,946.000000</point>
				<point>154.000000,946.000000</point>
				<point>154.000000,959.000000</point>
			</points>
		</object>
		<object>
			<coordinate>pixel</coordinate>
			<type>rectangle</type>
			<description>None</description>
			<possibleresult>
				<name>Van</name>
			</possibleresult>
			<points>
				<point>165.000000,946.999878</point>
				<point>163.000000,960.999878</point>
				<point>156.000000,959.999878</point>
				<point>158.000000,945.999878</point>
				<point>165.000000,946.999878</point>
			</points>
		</object>
		<object>
			<coordinate>pixel</coordinate>
			<type>rectangle</type>
			<description>None</description>
			<possibleresult>
				<name>Small Car</name>
			</possibleresult>
			<points>
				<point>282.337799,978.526978</point>
				<point>271.999969,993.000000</point>
				<point>265.662140,988.473022</point>
				<point>275.999969,974.000000</point>
				<point>282.337799,978.526978</point>
			</points>
		</object>
		<object>
			<coordinate>pixel</coordinate>
			<type>rectangle</type>
			<description>None</description>
			<possibleresult>
				<name>Small Car</name>
			</possibleresult>
			<points>
				<point>293.138824,982.823425</point>
				<point>282.000031,997.000061</point>
				<point>275.861237,992.176697</point>
				<point>287.000031,978.000061</point>
				<point>293.138824,982.823425</point>
			</points>
		</object>
		<object>
			<coordinate>pixel</coordinate>
			<type>rectangle</type>
			<description>None</description>
			<possibleresult>
				<name>Van</name>
			</possibleresult>
			<points>
				<point>300.000031,989.000061</point>
				<point>289.499908,1000.000000</point>
				<point>284.000031,995.000061</point>
				<point>294.226288,983.751160</point>
				<point>300.000031,989.000061</point>
			</points>
		</object>
		<object>
			<coordinate>pixel</coordinate>
			<type>rectangle</type>
			<description>None</description>
			<possibleresult>
				<name>Small Car</name>
			</possibleresult>
			<points>
				<point>296.428436,1000.000000</point>
				<point>294.999969,999.000061</point>
				<point>302.093903,988.865784</point>
				<point>307.999969,993.000061</point>
				<point>296.428436,1000.000000</point>
			</points>
		</object>
		<object>
			<coordinate>pixel</coordinate>
			<type>rectangle</type>
			<description>None</description>
			<possibleresult>
				<name>Small Car</name>
			</possibleresult>
			<points>
				<point>293.000000,632.000000</point>
				<point>285.000000,632.000000</point>
				<point>285.000000,617.000000</point>
				<point>293.000000,617.000000</point>
				<point>293.000000,632.000000</point>
			</points>
		</object>
		<object>
			<coordinate>pixel</coordinate>
			<type>rectangle</type>
			<description>None</description>
			<possibleresult>
				<name>Van</name>
			</possibleresult>
			<points>
				<point>362.030975,628.464661</point>
				<point>354.000031,629.000061</point>
				<point>352.969086,613.535461</point>
				<point>361.000031,613.000061</point>
				<point>362.030975,628.464661</point>
			</points>
		</object>
		<object>
			<coordinate>pixel</coordinate>
			<type>rectangle</type>
			<description>None</description>
			<possibleresult>
				<name>Van</name>
			</possibleresult>
			<points>
				<point>293.999969,559.000000</point>
				<point>290.248260,563.220703</point>
				<point>280.999969,555.000000</point>
				<point>284.751678,550.779297</point>
				<point>293.999969,559.000000</point>
			</points>
		</object>
		<object>
			<coordinate>pixel</coordinate>
			<type>rectangle</type>
			<description>None</description>
			<possibleresult>
				<name>Van</name>
			</possibleresult>
			<points>
				<point>256.032776,407.360657</point>
				<point>249.000015,408.000000</point>
				<point>247.967239,396.639343</point>
				<point>255.000015,396.000000</point>
				<point>256.032776,407.360657</point>
			</points>
		</object>
		<object>
			<coordinate>pixel</coordinate>
			<type>rectangle</type>
			<description>None</description>
			<possibleresult>
				<name>Van</name>
			</possibleresult>
			<points>
				<point>365.000000,377.000000</point>
				<point>347.000000,377.000000</point>
				<point>347.000000,370.000000</point>
				<point>365.000000,370.000000</point>
				<point>365.000000,377.000000</point>
			</points>
		</object>
		<object>
			<coordinate>pixel</coordinate>
			<type>rectangle</type>
			<description>None</description>
			<possibleresult>
				<name>Dump Truck</name>
			</possibleresult>
			<points>
				<point>378.027618,367.331055</point>
				<point>370.000031,368.000000</point>
				<point>368.972443,355.668945</point>
				<point>377.000031,355.000000</point>
				<point>378.027618,367.331055</point>
			</points>
		</object>
		<object>
			<coordinate>pixel</coordinate>
			<type>rectangle</type>
			<description>None</description>
			<possibleresult>
				<name>Van</name>
			</possibleresult>
			<points>
				<point>394.000000,368.000000</point>
				<point>385.968872,368.501953</point>
				<point>384.968872,352.501953</point>
				<point>393.000000,352.000000</point>
				<point>394.000000,368.000000</point>
			</points>
		</object>
		<object>
			<coordinate>pixel</coordinate>
			<type>rectangle</type>
			<description>None</description>
			<possibleresult>
				<name>Van</name>
			</possibleresult>
			<points>
				<point>319.000031,311.999969</point>
				<point>300.000031,312.999969</point>
				<point>299.629852,305.966827</point>
				<point>318.629852,304.966827</point>
				<point>319.000031,311.999969</point>
			</points>
		</object>
		<object>
			<coordinate>pixel</coordinate>
			<type>rectangle</type>
			<description>None</description>
			<possibleresult>
				<name>Van</name>
			</possibleresult>
			<points>
				<point>246.000015,313.000031</point>
				<point>239.958633,313.503448</point>
				<point>238.958633,301.503448</point>
				<point>245.000015,301.000031</point>
				<point>246.000015,313.000031</point>
			</points>
		</object>
		<object>
			<coordinate>pixel</coordinate>
			<type>rectangle</type>
			<description>None</description>
			<possibleresult>
				<name>Small Car</name>
			</possibleresult>
			<points>
				<point>258.000000,259.000000</point>
				<point>250.000000,259.000000</point>
				<point>250.000000,243.000000</point>
				<point>258.000000,243.000000</point>
				<point>258.000000,259.000000</point>
			</points>
		</object>
		<object>
			<coordinate>pixel</coordinate>
			<type>rectangle</type>
			<description>None</description>
			<possibleresult>
				<name>Small Car</name>
			</possibleresult>
			<points>
				<point>269.984650,255.876938</point>
				<point>261.000031,257.000000</point>
				<point>259.000031,241.000015</point>
				<point>267.984650,239.876953</point>
				<point>269.984650,255.876938</point>
			</points>
		</object>
		<object>
			<coordinate>pixel</coordinate>
			<type>rectangle</type>
			<description>None</description>
			<possibleresult>
				<name>Van</name>
			</possibleresult>
			<points>
				<point>248.000000,228.000000</point>
				<point>228.000000,228.000000</point>
				<point>228.000000,218.000000</point>
				<point>248.000000,218.000000</point>
				<point>248.000000,228.000000</point>
			</points>
		</object>
		<object>
			<coordinate>pixel</coordinate>
			<type>rectangle</type>
			<description>None</description>
			<possibleresult>
				<name>Small Car</name>
			</possibleresult>
			<points>
				<point>335.000000,181.000015</point>
				<point>327.000000,182.000015</point>
				<point>325.000000,166.000015</point>
				<point>333.000000,165.000015</point>
				<point>335.000000,181.000015</point>
			</points>
		</object>
		<object>
			<coordinate>pixel</coordinate>
			<type>rectangle</type>
			<description>None</description>
			<possibleresult>
				<name>Van</name>
			</possibleresult>
			<points>
				<point>394.000000,3.000000</point>
				<point>387.000000,3.000000</point>
				<point>387.000000,0.000000</point>
				<point>394.000000,0.000000</point>
				<point>394.000000,3.000000</point>
			</points>
		</object>
		<object>
			<coordinate>pixel</coordinate>
			<type>rectangle</type>
			<description>None</description>
			<possibleresult>
				<name>Van</name>
			</possibleresult>
			<points>
				<point>426.000031,28.000004</point>
				<point>409.000031,29.000004</point>
				<point>408.586212,21.965519</point>
				<point>425.586212,20.965519</point>
				<point>426.000031,28.000004</point>
			</points>
		</object>
		<object>
			<coordinate>pixel</coordinate>
			<type>rectangle</type>
			<description>None</description>
			<possibleresult>
				<name>Van</name>
			</possibleresult>
			<points>
				<point>568.000000,22.000000</point>
				<point>559.000000,22.000000</point>
				<point>559.000000,4.000000</point>
				<point>568.000000,4.000000</point>
				<point>568.000000,22.000000</point>
			</points>
		</object>
		<object>
			<coordinate>pixel</coordinate>
			<type>rectangle</type>
			<description>None</description>
			<possibleresult>
				<name>Small Car</name>
			</possibleresult>
			<points>
				<point>432.399017,75.980064</point>
				<point>412.000031,77.000008</point>
				<point>411.601044,69.019951</point>
				<point>432.000031,68.000008</point>
				<point>432.399017,75.980064</point>
			</points>
		</object>
		<object>
			<coordinate>pixel</coordinate>
			<type>rectangle</type>
			<description>None</description>
			<possibleresult>
				<name>Van</name>
			</possibleresult>
			<points>
				<point>394.355164,98.037933</point>
				<point>377.355164,99.037933</point>
				<point>377.000000,93.000000</point>
				<point>394.000000,92.000000</point>
				<point>394.355164,98.037933</point>
			</points>
		</object>
		<object>
			<coordinate>pixel</coordinate>
			<type>rectangle</type>
			<description>None</description>
			<possibleresult>
				<name>Van</name>
			</possibleresult>
			<points>
				<point>400.296570,107.041382</point>
				<point>383.296570,108.041382</point>
				<point>383.000000,103.000000</point>
				<point>400.000000,102.000000</point>
				<point>400.296570,107.041382</point>
			</points>
		</object>
		<object>
			<coordinate>pixel</coordinate>
			<type>rectangle</type>
			<description>None</description>
			<possibleresult>
				<name>Van</name>
			</possibleresult>
			<points>
				<point>401.000000,133.000000</point>
				<point>393.000000,133.000000</point>
				<point>393.000000,118.000000</point>
				<point>401.000000,118.000000</point>
				<point>401.000000,133.000000</point>
			</points>
		</object>
		<object>
			<coordinate>pixel</coordinate>
			<type>rectangle</type>
			<description>None</description>
			<possibleresult>
				<name>Van</name>
			</possibleresult>
			<points>
				<point>566.102722,114.983772</point>
				<point>547.102722,117.983772</point>
				<point>546.000061,110.999992</point>
				<point>565.000061,107.999992</point>
				<point>566.102722,114.983772</point>
			</points>
		</object>
		<object>
			<coordinate>pixel</coordinate>
			<type>rectangle</type>
			<description>None</description>
			<possibleresult>
				<name>Van</name>
			</possibleresult>
			<points>
				<point>458.426392,181.969543</point>
				<point>444.000000,183.000000</point>
				<point>443.573608,177.030457</point>
				<point>458.000000,176.000000</point>
				<point>458.426392,181.969543</point>
			</points>
		</object>
		<object>
			<coordinate>pixel</coordinate>
			<type>rectangle</type>
			<description>None</description>
			<possibleresult>
				<name>Small Car</name>
			</possibleresult>
			<points>
				<point>561.999939,168.999985</point>
				<point>553.969177,169.446152</point>
				<point>552.969177,151.446152</point>
				<point>560.999939,150.999985</point>
				<point>561.999939,168.999985</point>
			</points>
		</object>
		<object>
			<coordinate>pixel</coordinate>
			<type>rectangle</type>
			<description>None</description>
			<possibleresult>
				<name>Van</name>
			</possibleresult>
			<points>
				<point>549.041138,166.535309</point>
				<point>543.000000,167.000000</point>
				<point>542.000000,154.000000</point>
				<point>548.041138,153.535309</point>
				<point>549.041138,166.535309</point>
			</points>
		</object>
		<object>
			<coordinate>pixel</coordinate>
			<type>rectangle</type>
			<description>None</description>
			<possibleresult>
				<name>Cargo Truck</name>
			</possibleresult>
			<points>
				<point>423.000000,232.000000</point>
				<point>416.000000,232.000000</point>
				<point>416.000000,219.000000</point>
				<point>423.000000,219.000000</point>
				<point>423.000000,232.000000</point>
			</points>
		</object>
		<object>
			<coordinate>pixel</coordinate>
			<type>rectangle</type>
			<description>None</description>
			<possibleresult>
				<name>Dump Truck</name>
			</possibleresult>
			<points>
				<point>425.000031,264.000031</point>
				<point>415.972382,264.475189</point>
				<point>414.972382,245.475159</point>
				<point>424.000031,245.000000</point>
				<point>425.000031,264.000031</point>
			</points>
		</object>
		<object>
			<coordinate>pixel</coordinate>
			<type>rectangle</type>
			<description>None</description>
			<possibleresult>
				<name>Van</name>
			</possibleresult>
			<points>
				<point>427.000000,277.000000</point>
				<point>420.048279,277.579285</point>
				<point>419.000000,265.000000</point>
				<point>425.951721,264.420715</point>
				<point>427.000000,277.000000</point>
			</points>
		</object>
		<object>
			<coordinate>pixel</coordinate>
			<type>rectangle</type>
			<description>None</description>
			<possibleresult>
				<name>Van</name>
			</possibleresult>
			<points>
				<point>427.000000,290.000000</point>
				<point>421.000000,290.000000</point>
				<point>421.000000,277.000000</point>
				<point>427.000000,277.000000</point>
				<point>427.000000,290.000000</point>
			</points>
		</object>
		<object>
			<coordinate>pixel</coordinate>
			<type>rectangle</type>
			<description>None</description>
			<possibleresult>
				<name>Small Car</name>
			</possibleresult>
			<points>
				<point>457.000000,522.000000</point>
				<point>435.000000,522.000000</point>
				<point>435.000000,514.000000</point>
				<point>457.000000,514.000000</point>
				<point>457.000000,522.000000</point>
			</points>
		</object>
		<object>
			<coordinate>pixel</coordinate>
			<type>rectangle</type>
			<description>None</description>
			<possibleresult>
				<name>Van</name>
			</possibleresult>
			<points>
				<point>459.999969,548.999878</point>
				<point>452.019989,550.139893</point>
				<point>449.999969,535.999878</point>
				<point>457.979950,534.859863</point>
				<point>459.999969,548.999878</point>
			</points>
		</object>
		<object>
			<coordinate>pixel</coordinate>
			<type>rectangle</type>
			<description>None</description>
			<possibleresult>
				<name>Van</name>
			</possibleresult>
			<points>
				<point>522.000000,604.000000</point>
				<point>514.000000,604.000000</point>
				<point>514.000000,590.000000</point>
				<point>522.000000,590.000000</point>
				<point>522.000000,604.000000</point>
			</points>
		</object>
		<object>
			<coordinate>pixel</coordinate>
			<type>rectangle</type>
			<description>None</description>
			<possibleresult>
				<name>Small Car</name>
			</possibleresult>
			<points>
				<point>470.000000,652.999939</point>
				<point>462.964478,653.502502</point>
				<point>461.964478,639.502502</point>
				<point>469.000000,638.999939</point>
				<point>470.000000,652.999939</point>
			</points>
		</object>
		<object>
			<coordinate>pixel</coordinate>
			<type>rectangle</type>
			<description>None</description>
			<possibleresult>
				<name>Van</name>
			</possibleresult>
			<points>
				<point>618.000000,601.000061</point>
				<point>609.000000,602.000061</point>
				<point>607.329224,586.963440</point>
				<point>616.329224,585.963440</point>
				<point>618.000000,601.000061</point>
			</points>
		</object>
		<object>
			<coordinate>pixel</coordinate>
			<type>rectangle</type>
			<description>None</description>
			<possibleresult>
				<name>Van</name>
			</possibleresult>
			<points>
				<point>710.739746,582.027344</point>
				<point>691.739746,584.027344</point>
				<point>691.000000,577.000000</point>
				<point>710.000000,575.000000</point>
				<point>710.739746,582.027344</point>
			</points>
		</object>
		<object>
			<coordinate>pixel</coordinate>
			<type>rectangle</type>
			<description>None</description>
			<possibleresult>
				<name>Van</name>
			</possibleresult>
			<points>
				<point>714.387695,594.978455</point>
				<point>696.000000,595.999939</point>
				<point>695.612305,589.021423</point>
				<point>714.000000,587.999939</point>
				<point>714.387695,594.978455</point>
			</points>
		</object>
		<object>
			<coordinate>pixel</coordinate>
			<type>rectangle</type>
			<description>None</description>
			<possibleresult>
				<name>Van</name>
			</possibleresult>
			<points>
				<point>723.000000,646.000061</point>
				<point>703.739746,648.027405</point>
				<point>703.000000,641.000061</point>
				<point>722.260254,638.972717</point>
				<point>723.000000,646.000061</point>
			</points>
		</object>
		<object>
			<coordinate>pixel</coordinate>
			<type>rectangle</type>
			<description>None</description>
			<possibleresult>
				<name>Van</name>
			</possibleresult>
			<points>
				<point>607.000000,529.000000</point>
				<point>600.000000,529.000000</point>
				<point>600.000000,515.000000</point>
				<point>607.000000,515.000000</point>
				<point>607.000000,529.000000</point>
			</points>
		</object>
		<object>
			<coordinate>pixel</coordinate>
			<type>rectangle</type>
			<description>None</description>
			<possibleresult>
				<name>Van</name>
			</possibleresult>
			<points>
				<point>622.000000,529.000000</point>
				<point>614.000000,529.000000</point>
				<point>614.000000,514.000000</point>
				<point>622.000000,514.000000</point>
				<point>622.000000,529.000000</point>
			</points>
		</object>
		<object>
			<coordinate>pixel</coordinate>
			<type>rectangle</type>
			<description>None</description>
			<possibleresult>
				<name>Van</name>
			</possibleresult>
			<points>
				<point>577.000000,351.000000</point>
				<point>562.000000,351.000000</point>
				<point>562.000000,344.000000</point>
				<point>577.000000,344.000000</point>
				<point>577.000000,351.000000</point>
			</points>
		</object>
		<object>
			<coordinate>pixel</coordinate>
			<type>rectangle</type>
			<description>None</description>
			<possibleresult>
				<name>Van</name>
			</possibleresult>
			<points>
				<point>579.000000,360.000000</point>
				<point>558.000000,360.000000</point>
				<point>558.000000,353.000000</point>
				<point>579.000000,353.000000</point>
				<point>579.000000,360.000000</point>
			</points>
		</object>
		<object>
			<coordinate>pixel</coordinate>
			<type>rectangle</type>
			<description>None</description>
			<possibleresult>
				<name>Van</name>
			</possibleresult>
			<points>
				<point>579.000000,377.000000</point>
				<point>558.000000,377.000000</point>
				<point>558.000000,369.000000</point>
				<point>579.000000,369.000000</point>
				<point>579.000000,377.000000</point>
			</points>
		</object>
		<object>
			<coordinate>pixel</coordinate>
			<type>rectangle</type>
			<description>None</description>
			<possibleresult>
				<name>Van</name>
			</possibleresult>
			<points>
				<point>578.000000,384.000000</point>
				<point>562.000000,384.000000</point>
				<point>562.000000,378.000000</point>
				<point>578.000000,378.000000</point>
				<point>578.000000,384.000000</point>
			</points>
		</object>
		<object>
			<coordinate>pixel</coordinate>
			<type>rectangle</type>
			<description>None</description>
			<possibleresult>
				<name>Van</name>
			</possibleresult>
			<points>
				<point>699.964722,289.469025</point>
				<point>692.000122,289.999969</point>
				<point>691.000122,274.999969</point>
				<point>698.964722,274.469025</point>
				<point>699.964722,289.469025</point>
			</points>
		</object>
		<object>
			<coordinate>pixel</coordinate>
			<type>rectangle</type>
			<description>None</description>
			<possibleresult>
				<name>Van</name>
			</possibleresult>
			<points>
				<point>687.026611,289.398315</point>
				<point>678.000122,290.000061</point>
				<point>676.973633,274.601807</point>
				<point>686.000122,274.000061</point>
				<point>687.026611,289.398315</point>
			</points>
		</object>
		<object>
			<coordinate>pixel</coordinate>
			<type>rectangle</type>
			<description>None</description>
			<possibleresult>
				<name>Small Car</name>
			</possibleresult>
			<points>
				<point>651.000000,260.000000</point>
				<point>630.000000,260.000000</point>
				<point>630.000000,253.000000</point>
				<point>651.000000,253.000000</point>
				<point>651.000000,260.000000</point>
			</points>
		</object>
		<object>
			<coordinate>pixel</coordinate>
			<type>rectangle</type>
			<description>None</description>
			<possibleresult>
				<name>Van</name>
			</possibleresult>
			<points>
				<point>646.000000,270.000000</point>
				<point>630.000000,270.000000</point>
				<point>630.000000,263.000000</point>
				<point>646.000000,263.000000</point>
				<point>646.000000,270.000000</point>
			</points>
		</object>
		<object>
			<coordinate>pixel</coordinate>
			<type>rectangle</type>
			<description>None</description>
			<possibleresult>
				<name>Van</name>
			</possibleresult>
			<points>
				<point>690.000000,258.000000</point>
				<point>683.000000,258.000000</point>
				<point>683.000000,247.000000</point>
				<point>690.000000,247.000000</point>
				<point>690.000000,258.000000</point>
			</points>
		</object>
		<object>
			<coordinate>pixel</coordinate>
			<type>rectangle</type>
			<description>None</description>
			<possibleresult>
				<name>Van</name>
			</possibleresult>
			<points>
				<point>605.000000,174.000000</point>
				<point>589.000000,174.000000</point>
				<point>589.000000,168.000000</point>
				<point>605.000000,168.000000</point>
				<point>605.000000,174.000000</point>
			</points>
		</object>
		<object>
			<coordinate>pixel</coordinate>
			<type>rectangle</type>
			<description>None</description>
			<possibleresult>
				<name>Van</name>
			</possibleresult>
			<points>
				<point>590.000061,51.999981</point>
				<point>584.072083,56.103977</point>
				<point>575.000061,42.999981</point>
				<point>580.928040,38.895985</point>
				<point>590.000061,51.999981</point>
			</points>
		</object>
		<object>
			<coordinate>pixel</coordinate>
			<type>rectangle</type>
			<description>None</description>
			<possibleresult>
				<name>Van</name>
			</possibleresult>
			<points>
				<point>600.153748,47.230766</point>
				<point>592.999939,51.999992</point>
				<point>582.999939,36.999992</point>
				<point>590.153748,32.230766</point>
				<point>600.153748,47.230766</point>
			</points>
		</object>
		<object>
			<coordinate>pixel</coordinate>
			<type>rectangle</type>
			<description>None</description>
			<possibleresult>
				<name>Van</name>
			</possibleresult>
			<points>
				<point>728.029419,259.382324</point>
				<point>720.000000,259.999969</point>
				<point>718.970581,246.617615</point>
				<point>727.000000,245.999969</point>
				<point>728.029419,259.382324</point>
			</points>
		</object>
		<object>
			<coordinate>pixel</coordinate>
			<type>rectangle</type>
			<description>None</description>
			<possibleresult>
				<name>Small Car</name>
			</possibleresult>
			<points>
				<point>819.000000,284.000031</point>
				<point>798.000000,285.000031</point>
				<point>797.617676,276.970612</point>
				<point>818.617676,275.970612</point>
				<point>819.000000,284.000031</point>
			</points>
		</object>
		<object>
			<coordinate>pixel</coordinate>
			<type>rectangle</type>
			<description>None</description>
			<possibleresult>
				<name>Van</name>
			</possibleresult>
			<points>
				<point>826.507812,372.061554</point>
				<point>818.507812,373.061554</point>
				<point>817.000122,361.000031</point>
				<point>825.000122,360.000031</point>
				<point>826.507812,372.061554</point>
			</points>
		</object>
		<object>
			<coordinate>pixel</coordinate>
			<type>rectangle</type>
			<description>None</description>
			<possibleresult>
				<name>Van</name>
			</possibleresult>
			<points>
				<point>863.000122,373.000000</point>
				<point>843.923218,375.384644</point>
				<point>842.923218,367.384644</point>
				<point>862.000122,365.000000</point>
				<point>863.000122,373.000000</point>
			</points>
		</object>
		<object>
			<coordinate>pixel</coordinate>
			<type>rectangle</type>
			<description>None</description>
			<possibleresult>
				<name>Van</name>
			</possibleresult>
			<points>
				<point>865.000000,381.000000</point>
				<point>847.000000,381.000000</point>
				<point>847.000000,374.000000</point>
				<point>865.000000,374.000000</point>
				<point>865.000000,381.000000</point>
			</points>
		</object>
		<object>
			<coordinate>pixel</coordinate>
			<type>rectangle</type>
			<description>None</description>
			<possibleresult>
				<name>Small Car</name>
			</possibleresult>
			<points>
				<point>895.000000,357.000000</point>
				<point>877.709839,359.034119</point>
				<point>877.000000,353.000000</point>
				<point>894.290161,350.965881</point>
				<point>895.000000,357.000000</point>
			</points>
		</object>
		<object>
			<coordinate>pixel</coordinate>
			<type>rectangle</type>
			<description>None</description>
			<possibleresult>
				<name>Van</name>
			</possibleresult>
			<points>
				<point>898.000000,367.000000</point>
				<point>878.739746,369.027405</point>
				<point>878.000000,362.000000</point>
				<point>897.260254,359.972595</point>
				<point>898.000000,367.000000</point>
			</points>
		</object>
		<object>
			<coordinate>pixel</coordinate>
			<type>rectangle</type>
			<description>None</description>
			<possibleresult>
				<name>Van</name>
			</possibleresult>
			<points>
				<point>899.000000,376.000000</point>
				<point>879.843872,378.016418</point>
				<point>879.000000,370.000000</point>
				<point>898.156128,367.983582</point>
				<point>899.000000,376.000000</point>
			</points>
		</object>
		<object>
			<coordinate>pixel</coordinate>
			<type>rectangle</type>
			<description>None</description>
			<possibleresult>
				<name>Van</name>
			</possibleresult>
			<points>
				<point>900.162109,383.972900</point>
				<point>882.162109,386.972900</point>
				<point>881.000000,379.999939</point>
				<point>899.000000,376.999939</point>
				<point>900.162109,383.972900</point>
			</points>
		</object>
		<object>
			<coordinate>pixel</coordinate>
			<type>rectangle</type>
			<description>None</description>
			<possibleresult>
				<name>Van</name>
			</possibleresult>
			<points>
				<point>767.000000,978.000000</point>
				<point>747.000000,979.000000</point>
				<point>746.648438,971.967529</point>
				<point>766.648438,970.967529</point>
				<point>767.000000,978.000000</point>
			</points>
		</object>
		<object>
			<coordinate>pixel</coordinate>
			<type>rectangle</type>
			<description>None</description>
			<possibleresult>
				<name>Van</name>
			</possibleresult>
			<points>
				<point>768.999939,986.999878</point>
				<point>751.825867,989.020386</point>
				<point>750.999939,981.999878</point>
				<point>768.174011,979.979370</point>
				<point>768.999939,986.999878</point>
			</points>
		</object>
		<object>
			<coordinate>pixel</coordinate>
			<type>rectangle</type>
			<description>None</description>
			<possibleresult>
				<name>Van</name>
			</possibleresult>
			<points>
				<point>767.000000,1000.000000</point>
				<point>751.533325,1000.000000</point>
				<point>751.000000,996.000061</point>
				<point>766.196533,993.973816</point>
				<point>767.000000,1000.000000</point>
			</points>
		</object>
		<object>
			<coordinate>pixel</coordinate>
			<type>rectangle</type>
			<description>None</description>
			<possibleresult>
				<name>Van</name>
			</possibleresult>
			<points>
				<point>786.999939,832.000000</point>
				<point>779.999939,833.000000</point>
				<point>777.999939,819.000000</point>
				<point>784.999939,818.000000</point>
				<point>786.999939,832.000000</point>
			</points>
		</object>
		<object>
			<coordinate>pixel</coordinate>
			<type>rectangle</type>
			<description>None</description>
			<possibleresult>
				<name>Dump Truck</name>
			</possibleresult>
			<points>
				<point>805.000122,829.000061</point>
				<point>797.008911,830.065613</point>
				<point>795.000122,815.000061</point>
				<point>802.991333,813.934509</point>
				<point>805.000122,829.000061</point>
			</points>
		</object>
		<object>
			<coordinate>pixel</coordinate>
			<type>rectangle</type>
			<description>None</description>
			<possibleresult>
				<name>Small Car</name>
			</possibleresult>
			<points>
				<point>829.008850,822.065552</point>
				<point>821.017639,823.131104</point>
				<point>819.000183,808.000122</point>
				<point>826.991394,806.934570</point>
				<point>829.008850,822.065552</point>
			</points>
		</object>
		<object>
			<coordinate>pixel</coordinate>
			<type>rectangle</type>
			<description>None</description>
			<possibleresult>
				<name>Small Car</name>
			</possibleresult>
			<points>
				<point>863.020569,817.174072</point>
				<point>856.000061,818.000000</point>
				<point>853.979553,800.825928</point>
				<point>861.000061,800.000000</point>
				<point>863.020569,817.174072</point>
			</points>
		</object>
		<object>
			<coordinate>pixel</coordinate>
			<type>rectangle</type>
			<description>None</description>
			<possibleresult>
				<name>Small Car</name>
			</possibleresult>
			<points>
				<point>875.123169,815.984680</point>
				<point>867.000122,817.000061</point>
				<point>865.000122,801.000061</point>
				<point>873.123169,799.984680</point>
				<point>875.123169,815.984680</point>
			</points>
		</object>
		<object>
			<coordinate>pixel</coordinate>
			<type>rectangle</type>
			<description>None</description>
			<possibleresult>
				<name>Small Car</name>
			</possibleresult>
			<points>
				<point>899.875549,811.335815</point>
				<point>891.000061,813.000000</point>
				<point>888.000061,797.000000</point>
				<point>896.875549,795.335815</point>
				<point>899.875549,811.335815</point>
			</points>
		</object>
		<object>
			<coordinate>pixel</coordinate>
			<type>rectangle</type>
			<description>None</description>
			<possibleresult>
				<name>Van</name>
			</possibleresult>
			<points>
				<point>910.000122,987.000122</point>
				<point>902.035522,987.531128</point>
				<point>901.000122,972.000122</point>
				<point>908.964722,971.469116</point>
				<point>910.000122,987.000122</point>
			</points>
		</object>
		<object>
			<coordinate>pixel</coordinate>
			<type>rectangle</type>
			<description>None</description>
			<possibleresult>
				<name>Van</name>
			</possibleresult>
			<points>
				<point>963.000000,985.000000</point>
				<point>955.000000,985.000000</point>
				<point>955.000000,970.000000</point>
				<point>963.000000,970.000000</point>
				<point>963.000000,985.000000</point>
			</points>
		</object>
		<object>
			<coordinate>pixel</coordinate>
			<type>rectangle</type>
			<description>None</description>
			<possibleresult>
				<name>Van</name>
			</possibleresult>
			<points>
				<point>987.367493,799.980652</point>
				<point>968.000061,800.999939</point>
				<point>967.632629,794.019226</point>
				<point>987.000061,792.999939</point>
				<point>987.367493,799.980652</point>
			</points>
		</object>
		<object>
			<coordinate>pixel</coordinate>
			<type>rectangle</type>
			<description>None</description>
			<possibleresult>
				<name>Van</name>
			</possibleresult>
			<points>
				<point>1000.000000,709.750061</point>
				<point>987.626526,708.976746</point>
				<point>988.000061,703.000061</point>
				<point>1000.000000,703.750061</point>
				<point>1000.000000,709.750061</point>
			</points>
		</object>
		<object>
			<coordinate>pixel</coordinate>
			<type>rectangle</type>
			<description>None</description>
			<possibleresult>
				<name>Van</name>
			</possibleresult>
			<points>
				<point>1000.000000,703.000000</point>
				<point>990.000000,703.000000</point>
				<point>990.000000,696.000000</point>
				<point>1000.000000,696.000000</point>
				<point>1000.000000,703.000000</point>
			</points>
		</object>
		<object>
			<coordinate>pixel</coordinate>
			<type>rectangle</type>
			<description>None</description>
			<possibleresult>
				<name>Van</name>
			</possibleresult>
			<points>
				<point>259.000000,313.999969</point>
				<point>251.008728,315.065460</point>
				<point>249.000000,299.999969</point>
				<point>256.991272,298.934479</point>
				<point>259.000000,313.999969</point>
			</points>
		</object>
		<object>
			<coordinate>pixel</coordinate>
			<type>rectangle</type>
			<description>None</description>
			<possibleresult>
				<name>Small Car</name>
			</possibleresult>
			<points>
				<point>379.000000,403.000000</point>
				<point>370.027710,403.498474</point>
				<point>369.000000,385.000000</point>
				<point>377.972290,384.501526</point>
				<point>379.000000,403.000000</point>
			</points>
		</object>
		<object>
			<coordinate>pixel</coordinate>
			<type>rectangle</type>
			<description>None</description>
			<possibleresult>
				<name>Cargo Truck</name>
			</possibleresult>
			<points>
				<point>558.000000,20.999996</point>
				<point>550.000000,21.999996</point>
				<point>547.876953,5.015381</point>
				<point>555.876953,4.015381</point>
				<point>558.000000,20.999996</point>
			</points>
		</object>
		<object>
			<coordinate>pixel</coordinate>
			<type>rectangle</type>
			<description>None</description>
			<possibleresult>
				<name>Dump Truck</name>
			</possibleresult>
			<points>
				<point>750.999939,271.000000</point>
				<point>749.999939,285.000000</point>
				<point>742.964417,284.497437</point>
				<point>743.964417,270.497437</point>
				<point>750.999939,271.000000</point>
			</points>
		</object>
	</objects>
</annotation>