<?xml version="1.0" encoding="utf-8"?>
<annotation>
	<source>
		<filename>1405.tif</filename>
		<origin>GF2/GF3</origin>
	</source>
	<research>
		<version>1.0</version>
		<provider>FAIR1M</provider>
		<author>Cyber</author>
		<pluginname>FAIR1M</pluginname>
		<pluginclass>object detection</pluginclass>
		<time>2021-03</time>
	</research>
	<size>
		<width>1000</width>
		<height>1000</height>
		<depth>3</depth>
	</size>
	<objects>
		<object>
			<coordinate>pixel</coordinate>
			<type>rectangle</type>
			<description>None</description>
			<possibleresult>
				<name>other-airplane</name>
			</possibleresult>
			<points>
				<point>84.000000,878.000000</point>
				<point>71.000000,895.000000</point>
				<point>86.000000,907.000000</point>
				<point>99.000000,889.000000</point>
				<point>84.000000,878.000000</point>
			</points>
		</object>
	</objects>
</annotation>