<?xml version="1.0" encoding="utf-8"?>
<annotation>
	<source>
		<filename>1409.tif</filename>
		<origin>GF2/GF3</origin>
	</source>
	<research>
		<version>1.0</version>
		<provider>FAIR1M</provider>
		<author>Cyber</author>
		<pluginname>FAIR1M</pluginname>
		<pluginclass>object detection</pluginclass>
		<time>2021-03</time>
	</research>
	<size>
		<width>1000</width>
		<height>1000</height>
		<depth>3</depth>
	</size>
	<objects>
		<object>
			<coordinate>pixel</coordinate>
			<type>rectangle</type>
			<description>None</description>
			<possibleresult>
				<name>Dump Truck</name>
			</possibleresult>
			<points>
				<point>854.000061,822.000061</point>
				<point>830.000061,824.000061</point>
				<point>829.000061,812.000061</point>
				<point>853.000061,810.000061</point>
				<point>854.000061,822.000061</point>
			</points>
		</object>
		<object>
			<coordinate>pixel</coordinate>
			<type>rectangle</type>
			<description>None</description>
			<possibleresult>
				<name>Van</name>
			</possibleresult>
			<points>
				<point>755.000000,811.000000</point>
				<point>731.000000,811.000000</point>
				<point>731.000000,803.000000</point>
				<point>755.000000,803.000000</point>
				<point>755.000000,811.000000</point>
			</points>
		</object>
		<object>
			<coordinate>pixel</coordinate>
			<type>rectangle</type>
			<description>None</description>
			<possibleresult>
				<name>Van</name>
			</possibleresult>
			<points>
				<point>761.308777,773.026672</point>
				<point>735.308777,774.026672</point>
				<point>735.000061,766.000061</point>
				<point>761.000061,765.000061</point>
				<point>761.308777,773.026672</point>
			</points>
		</object>
		<object>
			<coordinate>pixel</coordinate>
			<type>rectangle</type>
			<description>None</description>
			<possibleresult>
				<name>Van</name>
			</possibleresult>
			<points>
				<point>757.999878,763.000000</point>
				<point>734.784180,765.018799</point>
				<point>734.000000,756.000000</point>
				<point>757.215698,753.981201</point>
				<point>757.999878,763.000000</point>
			</points>
		</object>
		<object>
			<coordinate>pixel</coordinate>
			<type>rectangle</type>
			<description>None</description>
			<possibleresult>
				<name>Van</name>
			</possibleresult>
			<points>
				<point>758.000000,750.999939</point>
				<point>731.000000,753.999939</point>
				<point>730.000000,744.999939</point>
				<point>757.000000,741.999939</point>
				<point>758.000000,750.999939</point>
			</points>
		</object>
		<object>
			<coordinate>pixel</coordinate>
			<type>rectangle</type>
			<description>None</description>
			<possibleresult>
				<name>Dump Truck</name>
			</possibleresult>
			<points>
				<point>727.222412,714.364014</point>
				<point>718.000000,720.000000</point>
				<point>706.777588,701.635986</point>
				<point>716.000000,696.000000</point>
				<point>727.222412,714.364014</point>
			</points>
		</object>
		<object>
			<coordinate>pixel</coordinate>
			<type>rectangle</type>
			<description>None</description>
			<possibleresult>
				<name>Dump Truck</name>
			</possibleresult>
			<points>
				<point>695.000000,742.000000</point>
				<point>683.000000,742.000000</point>
				<point>683.000000,723.000000</point>
				<point>695.000000,723.000000</point>
				<point>695.000000,742.000000</point>
			</points>
		</object>
		<object>
			<coordinate>pixel</coordinate>
			<type>rectangle</type>
			<description>None</description>
			<possibleresult>
				<name>Van</name>
			</possibleresult>
			<points>
				<point>678.000000,742.000000</point>
				<point>667.000000,742.000000</point>
				<point>667.000000,722.000000</point>
				<point>678.000000,722.000000</point>
				<point>678.000000,742.000000</point>
			</points>
		</object>
		<object>
			<coordinate>pixel</coordinate>
			<type>rectangle</type>
			<description>None</description>
			<possibleresult>
				<name>Van</name>
			</possibleresult>
			<points>
				<point>663.019287,743.367432</point>
				<point>651.000000,744.000000</point>
				<point>649.980713,724.632568</point>
				<point>662.000000,724.000000</point>
				<point>663.019287,743.367432</point>
			</points>
		</object>
		<object>
			<coordinate>pixel</coordinate>
			<type>rectangle</type>
			<description>None</description>
			<possibleresult>
				<name>Van</name>
			</possibleresult>
			<points>
				<point>647.019958,743.399048</point>
				<point>635.000061,744.000000</point>
				<point>633.980164,723.600952</point>
				<point>646.000061,723.000000</point>
				<point>647.019958,743.399048</point>
			</points>
		</object>
		<object>
			<coordinate>pixel</coordinate>
			<type>rectangle</type>
			<description>None</description>
			<possibleresult>
				<name>Van</name>
			</possibleresult>
			<points>
				<point>616.019409,727.688721</point>
				<point>615.000000,744.000000</point>
				<point>603.980591,743.311279</point>
				<point>605.000000,727.000000</point>
				<point>616.019409,727.688721</point>
			</points>
		</object>
		<object>
			<coordinate>pixel</coordinate>
			<type>rectangle</type>
			<description>None</description>
			<possibleresult>
				<name>Van</name>
			</possibleresult>
			<points>
				<point>601.000000,748.000000</point>
				<point>589.000000,748.000000</point>
				<point>589.000000,724.000000</point>
				<point>601.000000,724.000000</point>
				<point>601.000000,748.000000</point>
			</points>
		</object>
		<object>
			<coordinate>pixel</coordinate>
			<type>rectangle</type>
			<description>None</description>
			<possibleresult>
				<name>Van</name>
			</possibleresult>
			<points>
				<point>549.000000,790.000000</point>
				<point>519.000000,790.000000</point>
				<point>519.000000,777.000000</point>
				<point>549.000000,777.000000</point>
				<point>549.000000,790.000000</point>
			</points>
		</object>
		<object>
			<coordinate>pixel</coordinate>
			<type>rectangle</type>
			<description>None</description>
			<possibleresult>
				<name>Van</name>
			</possibleresult>
			<points>
				<point>562.000000,747.000000</point>
				<point>549.000000,747.000000</point>
				<point>549.000000,724.000000</point>
				<point>562.000000,724.000000</point>
				<point>562.000000,747.000000</point>
			</points>
		</object>
		<object>
			<coordinate>pixel</coordinate>
			<type>rectangle</type>
			<description>None</description>
			<possibleresult>
				<name>Van</name>
			</possibleresult>
			<points>
				<point>240.000000,1010.000000</point>
				<point>213.275848,999.310303</point>
				<point>217.275848,989.310303</point>
				<point>244.000000,1000.000000</point>
				<point>240.000000,1010.000000</point>
			</points>
		</object>
		<object>
			<coordinate>pixel</coordinate>
			<type>rectangle</type>
			<description>None</description>
			<possibleresult>
				<name>Dump Truck</name>
			</possibleresult>
			<points>
				<point>157.109756,404.987732</point>
				<point>129.999985,407.999939</point>
				<point>128.890244,398.012146</point>
				<point>156.000015,394.999939</point>
				<point>157.109756,404.987732</point>
			</points>
		</object>
		<object>
			<coordinate>pixel</coordinate>
			<type>rectangle</type>
			<description>None</description>
			<possibleresult>
				<name>Van</name>
			</possibleresult>
			<points>
				<point>161.999985,417.999969</point>
				<point>135.740372,423.049896</point>
				<point>134.000015,413.999969</point>
				<point>160.259628,408.950043</point>
				<point>161.999985,417.999969</point>
			</points>
		</object>
		<object>
			<coordinate>pixel</coordinate>
			<type>rectangle</type>
			<description>None</description>
			<possibleresult>
				<name>Small Car</name>
			</possibleresult>
			<points>
				<point>171.000000,427.999969</point>
				<point>145.000000,434.999969</point>
				<point>142.537933,425.855133</point>
				<point>168.537933,418.855133</point>
				<point>171.000000,427.999969</point>
			</points>
		</object>
		<object>
			<coordinate>pixel</coordinate>
			<type>rectangle</type>
			<description>None</description>
			<possibleresult>
				<name>Small Car</name>
			</possibleresult>
			<points>
				<point>198.000000,440.000031</point>
				<point>175.000000,445.000031</point>
				<point>172.833923,435.036102</point>
				<point>195.833923,430.036102</point>
				<point>198.000000,440.000031</point>
			</points>
		</object>
		<object>
			<coordinate>pixel</coordinate>
			<type>rectangle</type>
			<description>None</description>
			<possibleresult>
				<name>Small Car</name>
			</possibleresult>
			<points>
				<point>203.135193,452.967804</point>
				<point>182.000000,457.999969</point>
				<point>179.864807,449.032135</point>
				<point>201.000000,443.999969</point>
				<point>203.135193,452.967804</point>
			</points>
		</object>
		<object>
			<coordinate>pixel</coordinate>
			<type>rectangle</type>
			<description>None</description>
			<possibleresult>
				<name>Van</name>
			</possibleresult>
			<points>
				<point>0.000000,639.999939</point>
				<point>0.000000,637.000000</point>
				<point>20.000004,633.000000</point>
				<point>21.576927,640.884644</point>
				<point>0.000000,639.999939</point>
			</points>
		</object>
		<object>
			<coordinate>pixel</coordinate>
			<type>rectangle</type>
			<description>None</description>
			<possibleresult>
				<name>Van</name>
			</possibleresult>
			<points>
				<point>48.027023,671.162109</point>
				<point>37.000000,673.000000</point>
				<point>33.972969,654.837891</point>
				<point>44.999992,653.000000</point>
				<point>48.027023,671.162109</point>
			</points>
		</object>
		<object>
			<coordinate>pixel</coordinate>
			<type>rectangle</type>
			<description>None</description>
			<possibleresult>
				<name>Van</name>
			</possibleresult>
			<points>
				<point>37.999969,786.000000</point>
				<point>24.900986,801.114258</point>
				<point>18.999969,796.000000</point>
				<point>32.098953,780.885742</point>
				<point>37.999969,786.000000</point>
			</points>
		</object>
		<object>
			<coordinate>pixel</coordinate>
			<type>rectangle</type>
			<description>None</description>
			<possibleresult>
				<name>Basketball Court</name>
			</possibleresult>
			<points>
				<point>744.000000,884.000000</point>
				<point>676.000000,884.000000</point>
				<point>676.000000,788.000000</point>
				<point>744.000000,788.000000</point>
				<point>744.000000,884.000000</point>
			</points>
		</object>
		<object>
			<coordinate>pixel</coordinate>
			<type>rectangle</type>
			<description>None</description>
			<possibleresult>
				<name>Small Car</name>
			</possibleresult>
			<points>
				<point>341.000031,285.000000</point>
				<point>339.036530,293.246765</point>
				<point>317.000031,288.000000</point>
				<point>318.963531,279.753235</point>
				<point>341.000031,285.000000</point>
			</points>
		</object>
	</objects>
</annotation>