<?xml version="1.0" encoding="utf-8"?>
<annotation>
	<source>
		<filename>1411.tif</filename>
		<origin>GF2/GF3</origin>
	</source>
	<research>
		<version>1.0</version>
		<provider>FAIR1M</provider>
		<author>Cyber</author>
		<pluginname>FAIR1M</pluginname>
		<pluginclass>object detection</pluginclass>
		<time>2021-03</time>
	</research>
	<size>
		<width>1000</width>
		<height>1000</height>
		<depth>3</depth>
	</size>
	<objects>
		<object>
			<coordinate>pixel</coordinate>
			<type>rectangle</type>
			<description>None</description>
			<possibleresult>
				<name>Intersection</name>
			</possibleresult>
			<points>
				<point>135.000000,11.000000</point>
				<point>108.000000,11.000000</point>
				<point>108.000000,0.000000</point>
				<point>135.000000,0.000000</point>
				<point>135.000000,11.000000</point>
			</points>
		</object>
		<object>
			<coordinate>pixel</coordinate>
			<type>rectangle</type>
			<description>None</description>
			<possibleresult>
				<name>Intersection</name>
			</possibleresult>
			<points>
				<point>363.665527,8.972269</point>
				<point>339.000000,9.999998</point>
				<point>338.583313,0.000000</point>
				<point>363.291687,0.000000</point>
				<point>363.665527,8.972269</point>
			</points>
		</object>
		<object>
			<coordinate>pixel</coordinate>
			<type>rectangle</type>
			<description>None</description>
			<possibleresult>
				<name>Intersection</name>
			</possibleresult>
			<points>
				<point>852.457458,8.980933</point>
				<point>827.999939,9.999997</point>
				<point>827.583313,0.000000</point>
				<point>852.083252,0.000000</point>
				<point>852.457458,8.980933</point>
			</points>
		</object>
		<object>
			<coordinate>pixel</coordinate>
			<type>rectangle</type>
			<description>None</description>
			<possibleresult>
				<name>Intersection</name>
			</possibleresult>
			<points>
				<point>363.000000,334.000000</point>
				<point>341.000000,334.000000</point>
				<point>341.000000,317.000000</point>
				<point>363.000000,317.000000</point>
				<point>363.000000,334.000000</point>
			</points>
		</object>
		<object>
			<coordinate>pixel</coordinate>
			<type>rectangle</type>
			<description>None</description>
			<possibleresult>
				<name>Intersection</name>
			</possibleresult>
			<points>
				<point>416.000000,770.999939</point>
				<point>415.125000,834.001648</point>
				<point>271.000000,831.999939</point>
				<point>271.875000,768.998230</point>
				<point>416.000000,770.999939</point>
			</points>
		</object>
		<object>
			<coordinate>pixel</coordinate>
			<type>rectangle</type>
			<description>None</description>
			<possibleresult>
				<name>Intersection</name>
			</possibleresult>
			<points>
				<point>857.000000,830.000061</point>
				<point>821.002197,832.037659</point>
				<point>818.000122,779.000061</point>
				<point>853.997925,776.962463</point>
				<point>857.000000,830.000061</point>
			</points>
		</object>
		<object>
			<coordinate>pixel</coordinate>
			<type>rectangle</type>
			<description>None</description>
			<possibleresult>
				<name>Intersection</name>
			</possibleresult>
			<points>
				<point>605.098999,7.990099</point>
				<point>585.098999,9.990099</point>
				<point>584.099976,0.000000</point>
				<point>604.299988,0.000000</point>
				<point>605.098999,7.990099</point>
			</points>
		</object>
		<object>
			<coordinate>pixel</coordinate>
			<type>rectangle</type>
			<description>None</description>
			<possibleresult>
				<name>Intersection</name>
			</possibleresult>
			<points>
				<point>599.000000,335.000000</point>
				<point>586.000000,335.000000</point>
				<point>586.000000,323.000000</point>
				<point>599.000000,323.000000</point>
				<point>599.000000,335.000000</point>
			</points>
		</object>
		<object>
			<coordinate>pixel</coordinate>
			<type>rectangle</type>
			<description>None</description>
			<possibleresult>
				<name>Small Car</name>
			</possibleresult>
			<points>
				<point>343.000031,15.999987</point>
				<point>333.801117,26.220982</point>
				<point>328.000031,20.999987</point>
				<point>337.198944,10.778992</point>
				<point>343.000031,15.999987</point>
			</points>
		</object>
		<object>
			<coordinate>pixel</coordinate>
			<type>rectangle</type>
			<description>None</description>
			<possibleresult>
				<name>Van</name>
			</possibleresult>
			<points>
				<point>336.309265,116.804123</point>
				<point>328.000000,120.000000</point>
				<point>323.000000,107.000000</point>
				<point>331.309265,103.804123</point>
				<point>336.309265,116.804123</point>
			</points>
		</object>
		<object>
			<coordinate>pixel</coordinate>
			<type>rectangle</type>
			<description>None</description>
			<possibleresult>
				<name>Van</name>
			</possibleresult>
			<points>
				<point>307.000000,117.000000</point>
				<point>302.810791,122.864868</point>
				<point>288.810791,112.864868</point>
				<point>293.000000,107.000000</point>
				<point>307.000000,117.000000</point>
			</points>
		</object>
		<object>
			<coordinate>pixel</coordinate>
			<type>rectangle</type>
			<description>None</description>
			<possibleresult>
				<name>Small Car</name>
			</possibleresult>
			<points>
				<point>281.334839,113.968330</point>
				<point>281.000000,121.000008</point>
				<point>260.000000,120.000008</point>
				<point>260.334839,112.968330</point>
				<point>281.334839,113.968330</point>
			</points>
		</object>
		<object>
			<coordinate>pixel</coordinate>
			<type>rectangle</type>
			<description>None</description>
			<possibleresult>
				<name>Small Car</name>
			</possibleresult>
			<points>
				<point>231.000000,125.000000</point>
				<point>209.000000,125.000000</point>
				<point>209.000000,116.000000</point>
				<point>231.000000,116.000000</point>
				<point>231.000000,125.000000</point>
			</points>
		</object>
		<object>
			<coordinate>pixel</coordinate>
			<type>rectangle</type>
			<description>None</description>
			<possibleresult>
				<name>Small Car</name>
			</possibleresult>
			<points>
				<point>75.307701,386.461517</point>
				<point>67.000008,391.999969</point>
				<point>56.692314,376.538422</point>
				<point>65.000008,370.999969</point>
				<point>75.307701,386.461517</point>
			</points>
		</object>
		<object>
			<coordinate>pixel</coordinate>
			<type>rectangle</type>
			<description>None</description>
			<possibleresult>
				<name>Van</name>
			</possibleresult>
			<points>
				<point>26.000000,411.000000</point>
				<point>17.000000,411.000000</point>
				<point>17.000000,397.000000</point>
				<point>26.000000,397.000000</point>
				<point>26.000000,411.000000</point>
			</points>
		</object>
		<object>
			<coordinate>pixel</coordinate>
			<type>rectangle</type>
			<description>None</description>
			<possibleresult>
				<name>Van</name>
			</possibleresult>
			<points>
				<point>37.000000,412.000000</point>
				<point>28.000000,412.000000</point>
				<point>28.000000,397.000000</point>
				<point>37.000000,397.000000</point>
				<point>37.000000,412.000000</point>
			</points>
		</object>
		<object>
			<coordinate>pixel</coordinate>
			<type>rectangle</type>
			<description>None</description>
			<possibleresult>
				<name>Cargo Truck</name>
			</possibleresult>
			<points>
				<point>119.000008,452.000000</point>
				<point>110.128548,457.218506</point>
				<point>100.000008,440.000000</point>
				<point>108.871468,434.781494</point>
				<point>119.000008,452.000000</point>
			</points>
		</object>
		<object>
			<coordinate>pixel</coordinate>
			<type>rectangle</type>
			<description>None</description>
			<possibleresult>
				<name>Van</name>
			</possibleresult>
			<points>
				<point>142.000000,492.000031</point>
				<point>134.000000,497.000031</point>
				<point>125.910126,484.056183</point>
				<point>133.910126,479.056183</point>
				<point>142.000000,492.000031</point>
			</points>
		</object>
		<object>
			<coordinate>pixel</coordinate>
			<type>rectangle</type>
			<description>None</description>
			<possibleresult>
				<name>Small Car</name>
			</possibleresult>
			<points>
				<point>160.153809,523.230713</point>
				<point>152.999969,528.000000</point>
				<point>144.846130,515.769287</point>
				<point>151.999969,511.000000</point>
				<point>160.153809,523.230713</point>
			</points>
		</object>
		<object>
			<coordinate>pixel</coordinate>
			<type>rectangle</type>
			<description>None</description>
			<possibleresult>
				<name>Small Car</name>
			</possibleresult>
			<points>
				<point>176.794128,545.676514</point>
				<point>170.000000,550.000000</point>
				<point>163.000000,539.000000</point>
				<point>169.794128,534.676514</point>
				<point>176.794128,545.676514</point>
			</points>
		</object>
		<object>
			<coordinate>pixel</coordinate>
			<type>rectangle</type>
			<description>None</description>
			<possibleresult>
				<name>Small Car</name>
			</possibleresult>
			<points>
				<point>189.889313,570.792358</point>
				<point>182.000031,575.000000</point>
				<point>174.000031,560.000000</point>
				<point>181.889313,555.792358</point>
				<point>189.889313,570.792358</point>
			</points>
		</object>
		<object>
			<coordinate>pixel</coordinate>
			<type>rectangle</type>
			<description>None</description>
			<possibleresult>
				<name>Small Car</name>
			</possibleresult>
			<points>
				<point>202.461563,587.692261</point>
				<point>195.769241,592.153809</point>
				<point>187.000015,579.000000</point>
				<point>193.692337,574.538452</point>
				<point>202.461563,587.692261</point>
			</points>
		</object>
		<object>
			<coordinate>pixel</coordinate>
			<type>rectangle</type>
			<description>None</description>
			<possibleresult>
				<name>Van</name>
			</possibleresult>
			<points>
				<point>212.999985,607.000000</point>
				<point>206.137314,611.223145</point>
				<point>197.999985,598.000000</point>
				<point>204.862656,593.776855</point>
				<point>212.999985,607.000000</point>
			</points>
		</object>
		<object>
			<coordinate>pixel</coordinate>
			<type>rectangle</type>
			<description>None</description>
			<possibleresult>
				<name>Dump Truck</name>
			</possibleresult>
			<points>
				<point>233.000031,635.000061</point>
				<point>224.746674,639.539368</point>
				<point>213.746674,619.539368</point>
				<point>222.000031,615.000061</point>
				<point>233.000031,635.000061</point>
			</points>
		</object>
		<object>
			<coordinate>pixel</coordinate>
			<type>rectangle</type>
			<description>None</description>
			<possibleresult>
				<name>Cargo Truck</name>
			</possibleresult>
			<points>
				<point>256.000031,666.000000</point>
				<point>244.306976,672.548096</point>
				<point>230.000031,647.000000</point>
				<point>241.693085,640.451904</point>
				<point>256.000031,666.000000</point>
			</points>
		</object>
		<object>
			<coordinate>pixel</coordinate>
			<type>rectangle</type>
			<description>None</description>
			<possibleresult>
				<name>Van</name>
			</possibleresult>
			<points>
				<point>266.289032,686.536804</point>
				<point>258.000031,691.000061</point>
				<point>251.000031,678.000061</point>
				<point>259.289032,673.536804</point>
				<point>266.289032,686.536804</point>
			</points>
		</object>
		<object>
			<coordinate>pixel</coordinate>
			<type>rectangle</type>
			<description>None</description>
			<possibleresult>
				<name>Van</name>
			</possibleresult>
			<points>
				<point>234.000031,573.000000</point>
				<point>227.200043,576.400024</point>
				<point>220.000031,562.000000</point>
				<point>226.800018,558.599976</point>
				<point>234.000031,573.000000</point>
			</points>
		</object>
		<object>
			<coordinate>pixel</coordinate>
			<type>rectangle</type>
			<description>None</description>
			<possibleresult>
				<name>Van</name>
			</possibleresult>
			<points>
				<point>233.000031,591.999939</point>
				<point>224.280914,597.449402</point>
				<point>214.280914,581.449402</point>
				<point>223.000031,575.999939</point>
				<point>233.000031,591.999939</point>
			</points>
		</object>
		<object>
			<coordinate>pixel</coordinate>
			<type>rectangle</type>
			<description>None</description>
			<possibleresult>
				<name>Small Car</name>
			</possibleresult>
			<points>
				<point>326.000000,351.000000</point>
				<point>318.000000,351.000000</point>
				<point>318.000000,335.000000</point>
				<point>326.000000,335.000000</point>
				<point>326.000000,351.000000</point>
			</points>
		</object>
		<object>
			<coordinate>pixel</coordinate>
			<type>rectangle</type>
			<description>None</description>
			<possibleresult>
				<name>Small Car</name>
			</possibleresult>
			<points>
				<point>339.000000,362.000000</point>
				<point>321.000000,362.000000</point>
				<point>321.000000,353.000000</point>
				<point>339.000000,353.000000</point>
				<point>339.000000,362.000000</point>
			</points>
		</object>
		<object>
			<coordinate>pixel</coordinate>
			<type>rectangle</type>
			<description>None</description>
			<possibleresult>
				<name>Van</name>
			</possibleresult>
			<points>
				<point>339.000000,371.000000</point>
				<point>321.000000,371.000000</point>
				<point>321.000000,362.000000</point>
				<point>339.000000,362.000000</point>
				<point>339.000000,371.000000</point>
			</points>
		</object>
		<object>
			<coordinate>pixel</coordinate>
			<type>rectangle</type>
			<description>None</description>
			<possibleresult>
				<name>Van</name>
			</possibleresult>
			<points>
				<point>338.410339,378.975891</point>
				<point>321.000000,380.000000</point>
				<point>320.589661,373.024109</point>
				<point>338.000000,372.000000</point>
				<point>338.410339,378.975891</point>
			</points>
		</object>
		<object>
			<coordinate>pixel</coordinate>
			<type>rectangle</type>
			<description>None</description>
			<possibleresult>
				<name>Cargo Truck</name>
			</possibleresult>
			<points>
				<point>241.000000,808.000000</point>
				<point>207.000000,808.000000</point>
				<point>207.000000,797.000000</point>
				<point>241.000000,797.000000</point>
				<point>241.000000,808.000000</point>
			</points>
		</object>
		<object>
			<coordinate>pixel</coordinate>
			<type>rectangle</type>
			<description>None</description>
			<possibleresult>
				<name>Small Car</name>
			</possibleresult>
			<points>
				<point>233.000000,796.000000</point>
				<point>220.000000,796.000000</point>
				<point>220.000000,790.000000</point>
				<point>233.000000,790.000000</point>
				<point>233.000000,796.000000</point>
			</points>
		</object>
		<object>
			<coordinate>pixel</coordinate>
			<type>rectangle</type>
			<description>None</description>
			<possibleresult>
				<name>Van</name>
			</possibleresult>
			<points>
				<point>208.000000,796.000000</point>
				<point>188.000000,796.000000</point>
				<point>188.000000,789.000000</point>
				<point>208.000000,789.000000</point>
				<point>208.000000,796.000000</point>
			</points>
		</object>
		<object>
			<coordinate>pixel</coordinate>
			<type>rectangle</type>
			<description>None</description>
			<possibleresult>
				<name>Van</name>
			</possibleresult>
			<points>
				<point>195.000000,807.000000</point>
				<point>176.000000,807.000000</point>
				<point>176.000000,799.000000</point>
				<point>195.000000,799.000000</point>
				<point>195.000000,807.000000</point>
			</points>
		</object>
		<object>
			<coordinate>pixel</coordinate>
			<type>rectangle</type>
			<description>None</description>
			<possibleresult>
				<name>Small Car</name>
			</possibleresult>
			<points>
				<point>175.000000,798.000000</point>
				<point>156.000000,798.000000</point>
				<point>156.000000,790.000000</point>
				<point>175.000000,790.000000</point>
				<point>175.000000,798.000000</point>
			</points>
		</object>
		<object>
			<coordinate>pixel</coordinate>
			<type>rectangle</type>
			<description>None</description>
			<possibleresult>
				<name>Van</name>
			</possibleresult>
			<points>
				<point>163.000000,807.000000</point>
				<point>144.000000,807.000000</point>
				<point>144.000000,799.000000</point>
				<point>163.000000,799.000000</point>
				<point>163.000000,807.000000</point>
			</points>
		</object>
		<object>
			<coordinate>pixel</coordinate>
			<type>rectangle</type>
			<description>None</description>
			<possibleresult>
				<name>Small Car</name>
			</possibleresult>
			<points>
				<point>142.000000,796.000000</point>
				<point>125.000000,796.000000</point>
				<point>125.000000,790.000000</point>
				<point>142.000000,790.000000</point>
				<point>142.000000,796.000000</point>
			</points>
		</object>
		<object>
			<coordinate>pixel</coordinate>
			<type>rectangle</type>
			<description>None</description>
			<possibleresult>
				<name>Van</name>
			</possibleresult>
			<points>
				<point>137.000000,807.000000</point>
				<point>123.000000,807.000000</point>
				<point>123.000000,800.000000</point>
				<point>137.000000,800.000000</point>
				<point>137.000000,807.000000</point>
			</points>
		</object>
		<object>
			<coordinate>pixel</coordinate>
			<type>rectangle</type>
			<description>None</description>
			<possibleresult>
				<name>Van</name>
			</possibleresult>
			<points>
				<point>115.000000,808.000000</point>
				<point>95.000000,808.000000</point>
				<point>95.000000,799.000000</point>
				<point>115.000000,799.000000</point>
				<point>115.000000,808.000000</point>
			</points>
		</object>
		<object>
			<coordinate>pixel</coordinate>
			<type>rectangle</type>
			<description>None</description>
			<possibleresult>
				<name>Small Car</name>
			</possibleresult>
			<points>
				<point>109.000000,796.000000</point>
				<point>88.000000,796.000000</point>
				<point>88.000000,788.000000</point>
				<point>109.000000,788.000000</point>
				<point>109.000000,796.000000</point>
			</points>
		</object>
		<object>
			<coordinate>pixel</coordinate>
			<type>rectangle</type>
			<description>None</description>
			<possibleresult>
				<name>Dump Truck</name>
			</possibleresult>
			<points>
				<point>76.000000,796.000000</point>
				<point>47.000000,796.000000</point>
				<point>47.000000,787.000000</point>
				<point>76.000000,787.000000</point>
				<point>76.000000,796.000000</point>
			</points>
		</object>
		<object>
			<coordinate>pixel</coordinate>
			<type>rectangle</type>
			<description>None</description>
			<possibleresult>
				<name>Cargo Truck</name>
			</possibleresult>
			<points>
				<point>85.297821,797.981079</point>
				<point>85.000008,809.000000</point>
				<point>48.000004,808.000000</point>
				<point>48.297813,796.981079</point>
				<point>85.297821,797.981079</point>
			</points>
		</object>
		<object>
			<coordinate>pixel</coordinate>
			<type>rectangle</type>
			<description>None</description>
			<possibleresult>
				<name>Small Car</name>
			</possibleresult>
			<points>
				<point>41.000000,808.000000</point>
				<point>24.000000,808.000000</point>
				<point>24.000000,800.000000</point>
				<point>41.000000,800.000000</point>
				<point>41.000000,808.000000</point>
			</points>
		</object>
		<object>
			<coordinate>pixel</coordinate>
			<type>rectangle</type>
			<description>None</description>
			<possibleresult>
				<name>Small Car</name>
			</possibleresult>
			<points>
				<point>46.000000,787.000000</point>
				<point>29.000000,787.000000</point>
				<point>29.000000,779.000000</point>
				<point>46.000000,779.000000</point>
				<point>46.000000,787.000000</point>
			</points>
		</object>
		<object>
			<coordinate>pixel</coordinate>
			<type>rectangle</type>
			<description>None</description>
			<possibleresult>
				<name>Small Car</name>
			</possibleresult>
			<points>
				<point>97.000000,787.000000</point>
				<point>74.000000,787.000000</point>
				<point>74.000000,778.000000</point>
				<point>97.000000,778.000000</point>
				<point>97.000000,787.000000</point>
			</points>
		</object>
		<object>
			<coordinate>pixel</coordinate>
			<type>rectangle</type>
			<description>None</description>
			<possibleresult>
				<name>Van</name>
			</possibleresult>
			<points>
				<point>142.000000,787.000000</point>
				<point>126.000000,787.000000</point>
				<point>126.000000,779.000000</point>
				<point>142.000000,779.000000</point>
				<point>142.000000,787.000000</point>
			</points>
		</object>
		<object>
			<coordinate>pixel</coordinate>
			<type>rectangle</type>
			<description>None</description>
			<possibleresult>
				<name>Small Car</name>
			</possibleresult>
			<points>
				<point>218.419907,786.977966</point>
				<point>199.000015,788.000061</point>
				<point>198.580124,780.022156</point>
				<point>218.000015,779.000061</point>
				<point>218.419907,786.977966</point>
			</points>
		</object>
		<object>
			<coordinate>pixel</coordinate>
			<type>rectangle</type>
			<description>None</description>
			<possibleresult>
				<name>Bus</name>
			</possibleresult>
			<points>
				<point>213.239014,812.005249</point>
				<point>213.000000,823.000000</point>
				<point>166.760986,821.994751</point>
				<point>167.000000,811.000000</point>
				<point>213.239014,812.005249</point>
			</points>
		</object>
		<object>
			<coordinate>pixel</coordinate>
			<type>rectangle</type>
			<description>None</description>
			<possibleresult>
				<name>Dump Truck</name>
			</possibleresult>
			<points>
				<point>283.000000,822.000000</point>
				<point>262.000000,822.000000</point>
				<point>262.000000,812.000000</point>
				<point>283.000000,812.000000</point>
				<point>283.000000,822.000000</point>
			</points>
		</object>
		<object>
			<coordinate>pixel</coordinate>
			<type>rectangle</type>
			<description>None</description>
			<possibleresult>
				<name>Van</name>
			</possibleresult>
			<points>
				<point>85.000000,820.000000</point>
				<point>68.000000,820.000000</point>
				<point>68.000000,813.000000</point>
				<point>85.000000,813.000000</point>
				<point>85.000000,820.000000</point>
			</points>
		</object>
		<object>
			<coordinate>pixel</coordinate>
			<type>rectangle</type>
			<description>None</description>
			<possibleresult>
				<name>Van</name>
			</possibleresult>
			<points>
				<point>33.000000,818.000000</point>
				<point>14.000000,818.000000</point>
				<point>14.000000,811.000000</point>
				<point>33.000000,811.000000</point>
				<point>33.000000,818.000000</point>
			</points>
		</object>
		<object>
			<coordinate>pixel</coordinate>
			<type>rectangle</type>
			<description>None</description>
			<possibleresult>
				<name>Van</name>
			</possibleresult>
			<points>
				<point>342.000000,821.000000</point>
				<point>326.000000,821.000000</point>
				<point>326.000000,813.000000</point>
				<point>342.000000,813.000000</point>
				<point>342.000000,821.000000</point>
			</points>
		</object>
		<object>
			<coordinate>pixel</coordinate>
			<type>rectangle</type>
			<description>None</description>
			<possibleresult>
				<name>Small Car</name>
			</possibleresult>
			<points>
				<point>409.000000,822.000000</point>
				<point>387.000000,822.000000</point>
				<point>387.000000,815.000000</point>
				<point>409.000000,815.000000</point>
				<point>409.000000,822.000000</point>
			</points>
		</object>
		<object>
			<coordinate>pixel</coordinate>
			<type>rectangle</type>
			<description>None</description>
			<possibleresult>
				<name>Van</name>
			</possibleresult>
			<points>
				<point>518.000000,823.000000</point>
				<point>501.000000,823.000000</point>
				<point>501.000000,815.000000</point>
				<point>518.000000,815.000000</point>
				<point>518.000000,823.000000</point>
			</points>
		</object>
		<object>
			<coordinate>pixel</coordinate>
			<type>rectangle</type>
			<description>None</description>
			<possibleresult>
				<name>Bus</name>
			</possibleresult>
			<points>
				<point>548.000000,813.000000</point>
				<point>503.000000,813.000000</point>
				<point>503.000000,804.000000</point>
				<point>548.000000,804.000000</point>
				<point>548.000000,813.000000</point>
			</points>
		</object>
		<object>
			<coordinate>pixel</coordinate>
			<type>rectangle</type>
			<description>None</description>
			<possibleresult>
				<name>Cargo Truck</name>
			</possibleresult>
			<points>
				<point>589.000000,812.000000</point>
				<point>562.000000,812.000000</point>
				<point>562.000000,803.000000</point>
				<point>589.000000,803.000000</point>
				<point>589.000000,812.000000</point>
			</points>
		</object>
		<object>
			<coordinate>pixel</coordinate>
			<type>rectangle</type>
			<description>None</description>
			<possibleresult>
				<name>Bus</name>
			</possibleresult>
			<points>
				<point>617.999939,825.000000</point>
				<point>570.999939,825.000000</point>
				<point>570.999939,814.000000</point>
				<point>617.999939,814.000000</point>
				<point>617.999939,825.000000</point>
			</points>
		</object>
		<object>
			<coordinate>pixel</coordinate>
			<type>rectangle</type>
			<description>None</description>
			<possibleresult>
				<name>Van</name>
			</possibleresult>
			<points>
				<point>671.000000,822.000000</point>
				<point>654.000000,822.000000</point>
				<point>654.000000,816.000000</point>
				<point>671.000000,816.000000</point>
				<point>671.000000,822.000000</point>
			</points>
		</object>
		<object>
			<coordinate>pixel</coordinate>
			<type>rectangle</type>
			<description>None</description>
			<possibleresult>
				<name>Van</name>
			</possibleresult>
			<points>
				<point>679.000000,804.000000</point>
				<point>658.000000,804.000000</point>
				<point>658.000000,796.000000</point>
				<point>679.000000,796.000000</point>
				<point>679.000000,804.000000</point>
			</points>
		</object>
		<object>
			<coordinate>pixel</coordinate>
			<type>rectangle</type>
			<description>None</description>
			<possibleresult>
				<name>Van</name>
			</possibleresult>
			<points>
				<point>738.000000,805.000000</point>
				<point>719.000000,805.000000</point>
				<point>719.000000,796.000000</point>
				<point>738.000000,796.000000</point>
				<point>738.000000,805.000000</point>
			</points>
		</object>
		<object>
			<coordinate>pixel</coordinate>
			<type>rectangle</type>
			<description>None</description>
			<possibleresult>
				<name>Small Car</name>
			</possibleresult>
			<points>
				<point>781.000000,803.000000</point>
				<point>760.000000,803.000000</point>
				<point>760.000000,795.000000</point>
				<point>781.000000,795.000000</point>
				<point>781.000000,803.000000</point>
			</points>
		</object>
		<object>
			<coordinate>pixel</coordinate>
			<type>rectangle</type>
			<description>None</description>
			<possibleresult>
				<name>Van</name>
			</possibleresult>
			<points>
				<point>783.000000,793.000000</point>
				<point>769.000000,793.000000</point>
				<point>769.000000,785.000000</point>
				<point>783.000000,785.000000</point>
				<point>783.000000,793.000000</point>
			</points>
		</object>
		<object>
			<coordinate>pixel</coordinate>
			<type>rectangle</type>
			<description>None</description>
			<possibleresult>
				<name>Cargo Truck</name>
			</possibleresult>
			<points>
				<point>727.000000,791.000000</point>
				<point>701.000000,791.000000</point>
				<point>701.000000,781.000000</point>
				<point>727.000000,781.000000</point>
				<point>727.000000,791.000000</point>
			</points>
		</object>
		<object>
			<coordinate>pixel</coordinate>
			<type>rectangle</type>
			<description>None</description>
			<possibleresult>
				<name>Cargo Truck</name>
			</possibleresult>
			<points>
				<point>698.000000,793.000000</point>
				<point>665.000000,793.000000</point>
				<point>665.000000,780.000000</point>
				<point>698.000000,780.000000</point>
				<point>698.000000,793.000000</point>
			</points>
		</object>
		<object>
			<coordinate>pixel</coordinate>
			<type>rectangle</type>
			<description>None</description>
			<possibleresult>
				<name>Small Car</name>
			</possibleresult>
			<points>
				<point>560.000000,801.000000</point>
				<point>537.000000,801.000000</point>
				<point>537.000000,792.000000</point>
				<point>560.000000,792.000000</point>
				<point>560.000000,801.000000</point>
			</points>
		</object>
		<object>
			<coordinate>pixel</coordinate>
			<type>rectangle</type>
			<description>None</description>
			<possibleresult>
				<name>Cargo Truck</name>
			</possibleresult>
			<points>
				<point>491.000000,791.000000</point>
				<point>462.000000,791.000000</point>
				<point>462.000000,781.000000</point>
				<point>491.000000,781.000000</point>
				<point>491.000000,791.000000</point>
			</points>
		</object>
		<object>
			<coordinate>pixel</coordinate>
			<type>rectangle</type>
			<description>None</description>
			<possibleresult>
				<name>Van</name>
			</possibleresult>
			<points>
				<point>479.000000,801.000000</point>
				<point>458.000000,801.000000</point>
				<point>458.000000,794.000000</point>
				<point>479.000000,794.000000</point>
				<point>479.000000,801.000000</point>
			</points>
		</object>
		<object>
			<coordinate>pixel</coordinate>
			<type>rectangle</type>
			<description>None</description>
			<possibleresult>
				<name>Small Car</name>
			</possibleresult>
			<points>
				<point>386.123108,788.015503</point>
				<point>385.000061,797.000122</point>
				<point>369.000061,795.000122</point>
				<point>370.123108,786.015503</point>
				<point>386.123108,788.015503</point>
			</points>
		</object>
		<object>
			<coordinate>pixel</coordinate>
			<type>rectangle</type>
			<description>None</description>
			<possibleresult>
				<name>Small Car</name>
			</possibleresult>
			<points>
				<point>300.000000,789.000000</point>
				<point>277.000000,789.000000</point>
				<point>277.000000,778.000000</point>
				<point>300.000000,778.000000</point>
				<point>300.000000,789.000000</point>
			</points>
		</object>
		<object>
			<coordinate>pixel</coordinate>
			<type>rectangle</type>
			<description>None</description>
			<possibleresult>
				<name>Small Car</name>
			</possibleresult>
			<points>
				<point>455.000000,865.000000</point>
				<point>445.000000,865.000000</point>
				<point>445.000000,849.000000</point>
				<point>455.000000,849.000000</point>
				<point>455.000000,865.000000</point>
			</points>
		</object>
		<object>
			<coordinate>pixel</coordinate>
			<type>rectangle</type>
			<description>None</description>
			<possibleresult>
				<name>Van</name>
			</possibleresult>
			<points>
				<point>465.000000,864.000000</point>
				<point>456.000000,864.000000</point>
				<point>456.000000,846.000000</point>
				<point>465.000000,846.000000</point>
				<point>465.000000,864.000000</point>
			</points>
		</object>
		<object>
			<coordinate>pixel</coordinate>
			<type>rectangle</type>
			<description>None</description>
			<possibleresult>
				<name>Van</name>
			</possibleresult>
			<points>
				<point>480.000000,887.000000</point>
				<point>463.000000,887.000000</point>
				<point>463.000000,879.000000</point>
				<point>480.000000,879.000000</point>
				<point>480.000000,887.000000</point>
			</points>
		</object>
		<object>
			<coordinate>pixel</coordinate>
			<type>rectangle</type>
			<description>None</description>
			<possibleresult>
				<name>Small Car</name>
			</possibleresult>
			<points>
				<point>406.137299,906.223145</point>
				<point>399.999969,910.000000</point>
				<point>391.862640,896.776855</point>
				<point>397.999969,893.000000</point>
				<point>406.137299,906.223145</point>
			</points>
		</object>
		<object>
			<coordinate>pixel</coordinate>
			<type>rectangle</type>
			<description>None</description>
			<possibleresult>
				<name>Van</name>
			</possibleresult>
			<points>
				<point>423.000000,909.999878</point>
				<point>416.538452,914.307617</point>
				<point>408.538452,902.307617</point>
				<point>415.000000,897.999878</point>
				<point>423.000000,909.999878</point>
			</points>
		</object>
		<object>
			<coordinate>pixel</coordinate>
			<type>rectangle</type>
			<description>None</description>
			<possibleresult>
				<name>Cargo Truck</name>
			</possibleresult>
			<points>
				<point>410.000000,931.000000</point>
				<point>398.759277,937.589355</point>
				<point>381.759277,908.589355</point>
				<point>393.000000,902.000000</point>
				<point>410.000000,931.000000</point>
			</points>
		</object>
		<object>
			<coordinate>pixel</coordinate>
			<type>rectangle</type>
			<description>None</description>
			<possibleresult>
				<name>Small Car</name>
			</possibleresult>
			<points>
				<point>420.309021,926.502136</point>
				<point>413.000000,930.999939</point>
				<point>404.690979,917.497742</point>
				<point>412.000000,912.999939</point>
				<point>420.309021,926.502136</point>
			</points>
		</object>
		<object>
			<coordinate>pixel</coordinate>
			<type>rectangle</type>
			<description>None</description>
			<possibleresult>
				<name>Small Car</name>
			</possibleresult>
			<points>
				<point>436.309021,930.502136</point>
				<point>429.000000,934.999939</point>
				<point>420.690979,921.497742</point>
				<point>428.000000,916.999939</point>
				<point>436.309021,930.502136</point>
			</points>
		</object>
		<object>
			<coordinate>pixel</coordinate>
			<type>rectangle</type>
			<description>None</description>
			<possibleresult>
				<name>Small Car</name>
			</possibleresult>
			<points>
				<point>435.213623,950.379883</point>
				<point>427.000000,955.000000</point>
				<point>417.786377,938.620117</point>
				<point>426.000000,934.000000</point>
				<point>435.213623,950.379883</point>
			</points>
		</object>
		<object>
			<coordinate>pixel</coordinate>
			<type>rectangle</type>
			<description>None</description>
			<possibleresult>
				<name>Van</name>
			</possibleresult>
			<points>
				<point>425.000000,957.000000</point>
				<point>418.000000,962.000000</point>
				<point>407.054077,946.675659</point>
				<point>414.054077,941.675659</point>
				<point>425.000000,957.000000</point>
			</points>
		</object>
		<object>
			<coordinate>pixel</coordinate>
			<type>rectangle</type>
			<description>None</description>
			<possibleresult>
				<name>Van</name>
			</possibleresult>
			<points>
				<point>449.000061,971.000122</point>
				<point>442.088318,975.147217</point>
				<point>433.000061,960.000122</point>
				<point>439.911804,955.853027</point>
				<point>449.000061,971.000122</point>
			</points>
		</object>
		<object>
			<coordinate>pixel</coordinate>
			<type>rectangle</type>
			<description>None</description>
			<possibleresult>
				<name>Small Car</name>
			</possibleresult>
			<points>
				<point>436.082306,976.129333</point>
				<point>429.999969,979.999939</point>
				<point>422.917633,968.870544</point>
				<point>428.999969,964.999939</point>
				<point>436.082306,976.129333</point>
			</points>
		</object>
		<object>
			<coordinate>pixel</coordinate>
			<type>rectangle</type>
			<description>None</description>
			<possibleresult>
				<name>Van</name>
			</possibleresult>
			<points>
				<point>456.999939,987.000000</point>
				<point>450.694214,990.439453</point>
				<point>444.694214,979.439453</point>
				<point>450.999939,976.000000</point>
				<point>456.999939,987.000000</point>
			</points>
		</object>
		<object>
			<coordinate>pixel</coordinate>
			<type>rectangle</type>
			<description>None</description>
			<possibleresult>
				<name>Small Car</name>
			</possibleresult>
			<points>
				<point>441.857147,1000.000000</point>
				<point>434.815338,987.676819</point>
				<point>442.999969,982.999939</point>
				<point>451.184601,997.323059</point>
				<point>441.857147,1000.000000</point>
			</points>
		</object>
		<object>
			<coordinate>pixel</coordinate>
			<type>rectangle</type>
			<description>None</description>
			<possibleresult>
				<name>Van</name>
			</possibleresult>
			<points>
				<point>459.089172,1005.047424</point>
				<point>453.999939,995.999939</point>
				<point>462.973206,990.952454</point>
				<point>468.062439,999.999939</point>
				<point>459.089172,1005.047424</point>
			</points>
		</object>
		<object>
			<coordinate>pixel</coordinate>
			<type>rectangle</type>
			<description>None</description>
			<possibleresult>
				<name>Trailer</name>
			</possibleresult>
			<points>
				<point>452.357147,1000.000000</point>
				<point>452.357147,999.000000</point>
				<point>454.608734,999.000000</point>
				<point>454.608734,1000.000000</point>
				<point>452.357147,1000.000000</point>
			</points>
		</object>
		<object>
			<coordinate>pixel</coordinate>
			<type>rectangle</type>
			<description>None</description>
			<possibleresult>
				<name>Small Car</name>
			</possibleresult>
			<points>
				<point>788.000000,908.000000</point>
				<point>762.000000,908.000000</point>
				<point>762.000000,897.000000</point>
				<point>788.000000,897.000000</point>
				<point>788.000000,908.000000</point>
			</points>
		</object>
		<object>
			<coordinate>pixel</coordinate>
			<type>rectangle</type>
			<description>None</description>
			<possibleresult>
				<name>Small Car</name>
			</possibleresult>
			<points>
				<point>813.000000,908.000000</point>
				<point>790.000000,908.000000</point>
				<point>790.000000,898.000000</point>
				<point>813.000000,898.000000</point>
				<point>813.000000,908.000000</point>
			</points>
		</object>
		<object>
			<coordinate>pixel</coordinate>
			<type>rectangle</type>
			<description>None</description>
			<possibleresult>
				<name>Van</name>
			</possibleresult>
			<points>
				<point>955.000000,927.000000</point>
				<point>947.000000,927.000000</point>
				<point>947.000000,910.000000</point>
				<point>955.000000,910.000000</point>
				<point>955.000000,927.000000</point>
			</points>
		</object>
		<object>
			<coordinate>pixel</coordinate>
			<type>rectangle</type>
			<description>None</description>
			<possibleresult>
				<name>Van</name>
			</possibleresult>
			<points>
				<point>965.000000,928.000000</point>
				<point>957.000000,928.000000</point>
				<point>957.000000,910.000000</point>
				<point>965.000000,910.000000</point>
				<point>965.000000,928.000000</point>
			</points>
		</object>
		<object>
			<coordinate>pixel</coordinate>
			<type>rectangle</type>
			<description>None</description>
			<possibleresult>
				<name>Van</name>
			</possibleresult>
			<points>
				<point>974.000000,927.000000</point>
				<point>967.000000,927.000000</point>
				<point>967.000000,914.000000</point>
				<point>974.000000,914.000000</point>
				<point>974.000000,927.000000</point>
			</points>
		</object>
		<object>
			<coordinate>pixel</coordinate>
			<type>rectangle</type>
			<description>None</description>
			<possibleresult>
				<name>Van</name>
			</possibleresult>
			<points>
				<point>985.000000,927.000000</point>
				<point>977.000000,927.000000</point>
				<point>977.000000,911.000000</point>
				<point>985.000000,911.000000</point>
				<point>985.000000,927.000000</point>
			</points>
		</object>
		<object>
			<coordinate>pixel</coordinate>
			<type>rectangle</type>
			<description>None</description>
			<possibleresult>
				<name>Van</name>
			</possibleresult>
			<points>
				<point>974.000000,961.000000</point>
				<point>966.000000,961.000000</point>
				<point>966.000000,946.000000</point>
				<point>974.000000,946.000000</point>
				<point>974.000000,961.000000</point>
			</points>
		</object>
		<object>
			<coordinate>pixel</coordinate>
			<type>rectangle</type>
			<description>None</description>
			<possibleresult>
				<name>Van</name>
			</possibleresult>
			<points>
				<point>994.000000,961.000000</point>
				<point>986.000000,961.000000</point>
				<point>986.000000,947.000000</point>
				<point>994.000000,947.000000</point>
				<point>994.000000,961.000000</point>
			</points>
		</object>
		<object>
			<coordinate>pixel</coordinate>
			<type>rectangle</type>
			<description>None</description>
			<possibleresult>
				<name>Van</name>
			</possibleresult>
			<points>
				<point>940.000000,997.000000</point>
				<point>932.000000,997.000000</point>
				<point>932.000000,983.000000</point>
				<point>940.000000,983.000000</point>
				<point>940.000000,997.000000</point>
			</points>
		</object>
		<object>
			<coordinate>pixel</coordinate>
			<type>rectangle</type>
			<description>None</description>
			<possibleresult>
				<name>Van</name>
			</possibleresult>
			<points>
				<point>873.000000,993.000000</point>
				<point>855.000000,993.000000</point>
				<point>855.000000,985.000000</point>
				<point>873.000000,985.000000</point>
				<point>873.000000,993.000000</point>
			</points>
		</object>
		<object>
			<coordinate>pixel</coordinate>
			<type>rectangle</type>
			<description>None</description>
			<possibleresult>
				<name>Van</name>
			</possibleresult>
			<points>
				<point>811.000000,983.000000</point>
				<point>795.000000,983.000000</point>
				<point>795.000000,976.000000</point>
				<point>811.000000,976.000000</point>
				<point>811.000000,983.000000</point>
			</points>
		</object>
		<object>
			<coordinate>pixel</coordinate>
			<type>rectangle</type>
			<description>None</description>
			<possibleresult>
				<name>Van</name>
			</possibleresult>
			<points>
				<point>669.435791,992.972778</point>
				<point>653.000000,994.000000</point>
				<point>652.564209,987.027222</point>
				<point>669.000000,986.000000</point>
				<point>669.435791,992.972778</point>
			</points>
		</object>
		<object>
			<coordinate>pixel</coordinate>
			<type>rectangle</type>
			<description>None</description>
			<possibleresult>
				<name>Small Car</name>
			</possibleresult>
			<points>
				<point>382.000000,430.000000</point>
				<point>375.000000,430.000000</point>
				<point>375.000000,414.000000</point>
				<point>382.000000,414.000000</point>
				<point>382.000000,430.000000</point>
			</points>
		</object>
		<object>
			<coordinate>pixel</coordinate>
			<type>rectangle</type>
			<description>None</description>
			<possibleresult>
				<name>Van</name>
			</possibleresult>
			<points>
				<point>393.000000,430.000000</point>
				<point>385.000000,430.000000</point>
				<point>385.000000,413.000000</point>
				<point>393.000000,413.000000</point>
				<point>393.000000,430.000000</point>
			</points>
		</object>
		<object>
			<coordinate>pixel</coordinate>
			<type>rectangle</type>
			<description>None</description>
			<possibleresult>
				<name>Small Car</name>
			</possibleresult>
			<points>
				<point>416.000000,413.000031</point>
				<point>415.000000,431.000031</point>
				<point>406.969238,430.553864</point>
				<point>407.969238,412.553864</point>
				<point>416.000000,413.000031</point>
			</points>
		</object>
		<object>
			<coordinate>pixel</coordinate>
			<type>rectangle</type>
			<description>None</description>
			<possibleresult>
				<name>Small Car</name>
			</possibleresult>
			<points>
				<point>426.000000,429.000000</point>
				<point>418.000000,429.000000</point>
				<point>418.000000,414.000000</point>
				<point>426.000000,414.000000</point>
				<point>426.000000,429.000000</point>
			</points>
		</object>
		<object>
			<coordinate>pixel</coordinate>
			<type>rectangle</type>
			<description>None</description>
			<possibleresult>
				<name>Small Car</name>
			</possibleresult>
			<points>
				<point>437.000000,431.000000</point>
				<point>428.000000,431.000000</point>
				<point>428.000000,414.000000</point>
				<point>437.000000,414.000000</point>
				<point>437.000000,431.000000</point>
			</points>
		</object>
		<object>
			<coordinate>pixel</coordinate>
			<type>rectangle</type>
			<description>None</description>
			<possibleresult>
				<name>Small Car</name>
			</possibleresult>
			<points>
				<point>446.000000,431.000000</point>
				<point>439.000000,431.000000</point>
				<point>439.000000,416.000000</point>
				<point>446.000000,416.000000</point>
				<point>446.000000,431.000000</point>
			</points>
		</object>
		<object>
			<coordinate>pixel</coordinate>
			<type>rectangle</type>
			<description>None</description>
			<possibleresult>
				<name>Van</name>
			</possibleresult>
			<points>
				<point>407.347198,458.984924</point>
				<point>384.000031,460.000000</point>
				<point>383.652863,452.015076</point>
				<point>407.000031,451.000000</point>
				<point>407.347198,458.984924</point>
			</points>
		</object>
		<object>
			<coordinate>pixel</coordinate>
			<type>rectangle</type>
			<description>None</description>
			<possibleresult>
				<name>Van</name>
			</possibleresult>
			<points>
				<point>381.000000,471.000000</point>
				<point>362.000000,471.000000</point>
				<point>362.000000,464.000000</point>
				<point>381.000000,464.000000</point>
				<point>381.000000,471.000000</point>
			</points>
		</object>
		<object>
			<coordinate>pixel</coordinate>
			<type>rectangle</type>
			<description>None</description>
			<possibleresult>
				<name>Small Car</name>
			</possibleresult>
			<points>
				<point>385.000000,481.000000</point>
				<point>364.000000,481.000000</point>
				<point>364.000000,475.000000</point>
				<point>385.000000,475.000000</point>
				<point>385.000000,481.000000</point>
			</points>
		</object>
		<object>
			<coordinate>pixel</coordinate>
			<type>rectangle</type>
			<description>None</description>
			<possibleresult>
				<name>Small Car</name>
			</possibleresult>
			<points>
				<point>381.000000,483.000000</point>
				<point>380.622559,489.038940</point>
				<point>364.622559,488.038940</point>
				<point>365.000000,482.000000</point>
				<point>381.000000,483.000000</point>
			</points>
		</object>
		<object>
			<coordinate>pixel</coordinate>
			<type>rectangle</type>
			<description>None</description>
			<possibleresult>
				<name>Small Car</name>
			</possibleresult>
			<points>
				<point>383.000000,497.000000</point>
				<point>363.000000,497.000000</point>
				<point>363.000000,490.000000</point>
				<point>383.000000,490.000000</point>
				<point>383.000000,497.000000</point>
			</points>
		</object>
		<object>
			<coordinate>pixel</coordinate>
			<type>rectangle</type>
			<description>None</description>
			<possibleresult>
				<name>Small Car</name>
			</possibleresult>
			<points>
				<point>383.000000,506.000000</point>
				<point>365.000000,506.000000</point>
				<point>365.000000,500.000000</point>
				<point>383.000000,500.000000</point>
				<point>383.000000,506.000000</point>
			</points>
		</object>
		<object>
			<coordinate>pixel</coordinate>
			<type>rectangle</type>
			<description>None</description>
			<possibleresult>
				<name>Cargo Truck</name>
			</possibleresult>
			<points>
				<point>361.024994,587.501282</point>
				<point>360.000031,608.000061</point>
				<point>349.975067,607.498840</point>
				<point>351.000031,587.000061</point>
				<point>361.024994,587.501282</point>
			</points>
		</object>
		<object>
			<coordinate>pixel</coordinate>
			<type>rectangle</type>
			<description>None</description>
			<possibleresult>
				<name>Cargo Truck</name>
			</possibleresult>
			<points>
				<point>350.000031,584.000000</point>
				<point>340.013702,584.369873</point>
				<point>339.000031,557.000000</point>
				<point>348.986359,556.630127</point>
				<point>350.000031,584.000000</point>
			</points>
		</object>
		<object>
			<coordinate>pixel</coordinate>
			<type>rectangle</type>
			<description>None</description>
			<possibleresult>
				<name>Cargo Truck</name>
			</possibleresult>
			<points>
				<point>348.000000,551.000000</point>
				<point>339.000000,551.000000</point>
				<point>339.000000,531.000000</point>
				<point>348.000000,531.000000</point>
				<point>348.000000,551.000000</point>
			</points>
		</object>
		<object>
			<coordinate>pixel</coordinate>
			<type>rectangle</type>
			<description>None</description>
			<possibleresult>
				<name>Small Car</name>
			</possibleresult>
			<points>
				<point>578.000000,676.000000</point>
				<point>558.000000,676.000000</point>
				<point>558.000000,669.000000</point>
				<point>578.000000,669.000000</point>
				<point>578.000000,676.000000</point>
			</points>
		</object>
		<object>
			<coordinate>pixel</coordinate>
			<type>rectangle</type>
			<description>None</description>
			<possibleresult>
				<name>Van</name>
			</possibleresult>
			<points>
				<point>575.000000,685.000000</point>
				<point>556.000000,685.000000</point>
				<point>556.000000,678.000000</point>
				<point>575.000000,678.000000</point>
				<point>575.000000,685.000000</point>
			</points>
		</object>
		<object>
			<coordinate>pixel</coordinate>
			<type>rectangle</type>
			<description>None</description>
			<possibleresult>
				<name>Small Car</name>
			</possibleresult>
			<points>
				<point>473.000000,353.000000</point>
				<point>466.000000,353.000000</point>
				<point>466.000000,339.000000</point>
				<point>473.000000,339.000000</point>
				<point>473.000000,353.000000</point>
			</points>
		</object>
		<object>
			<coordinate>pixel</coordinate>
			<type>rectangle</type>
			<description>None</description>
			<possibleresult>
				<name>Small Car</name>
			</possibleresult>
			<points>
				<point>483.000000,354.000000</point>
				<point>476.000000,354.000000</point>
				<point>476.000000,340.000000</point>
				<point>483.000000,340.000000</point>
				<point>483.000000,354.000000</point>
			</points>
		</object>
		<object>
			<coordinate>pixel</coordinate>
			<type>rectangle</type>
			<description>None</description>
			<possibleresult>
				<name>Small Car</name>
			</possibleresult>
			<points>
				<point>531.000000,316.000000</point>
				<point>511.000000,316.000000</point>
				<point>511.000000,309.000000</point>
				<point>531.000000,309.000000</point>
				<point>531.000000,316.000000</point>
			</points>
		</object>
		<object>
			<coordinate>pixel</coordinate>
			<type>rectangle</type>
			<description>None</description>
			<possibleresult>
				<name>Van</name>
			</possibleresult>
			<points>
				<point>578.000000,305.000000</point>
				<point>563.000000,305.000000</point>
				<point>563.000000,299.000000</point>
				<point>578.000000,299.000000</point>
				<point>578.000000,305.000000</point>
			</points>
		</object>
		<object>
			<coordinate>pixel</coordinate>
			<type>rectangle</type>
			<description>None</description>
			<possibleresult>
				<name>Van</name>
			</possibleresult>
			<points>
				<point>579.000000,314.000000</point>
				<point>563.000000,314.000000</point>
				<point>563.000000,306.000000</point>
				<point>579.000000,306.000000</point>
				<point>579.000000,314.000000</point>
			</points>
		</object>
		<object>
			<coordinate>pixel</coordinate>
			<type>rectangle</type>
			<description>None</description>
			<possibleresult>
				<name>Van</name>
			</possibleresult>
			<points>
				<point>201.000000,316.000000</point>
				<point>183.000000,316.000000</point>
				<point>183.000000,310.000000</point>
				<point>201.000000,310.000000</point>
				<point>201.000000,316.000000</point>
			</points>
		</object>
		<object>
			<coordinate>pixel</coordinate>
			<type>rectangle</type>
			<description>None</description>
			<possibleresult>
				<name>Van</name>
			</possibleresult>
			<points>
				<point>214.000000,313.000000</point>
				<point>208.000000,313.000000</point>
				<point>208.000000,301.000000</point>
				<point>214.000000,301.000000</point>
				<point>214.000000,313.000000</point>
			</points>
		</object>
		<object>
			<coordinate>pixel</coordinate>
			<type>rectangle</type>
			<description>None</description>
			<possibleresult>
				<name>Van</name>
			</possibleresult>
			<points>
				<point>224.000000,318.000000</point>
				<point>218.000000,318.000000</point>
				<point>218.000000,306.000000</point>
				<point>224.000000,306.000000</point>
				<point>224.000000,318.000000</point>
			</points>
		</object>
		<object>
			<coordinate>pixel</coordinate>
			<type>rectangle</type>
			<description>None</description>
			<possibleresult>
				<name>Small Car</name>
			</possibleresult>
			<points>
				<point>104.000000,150.000000</point>
				<point>95.000000,150.000000</point>
				<point>95.000000,133.000000</point>
				<point>104.000000,133.000000</point>
				<point>104.000000,150.000000</point>
			</points>
		</object>
		<object>
			<coordinate>pixel</coordinate>
			<type>rectangle</type>
			<description>None</description>
			<possibleresult>
				<name>Van</name>
			</possibleresult>
			<points>
				<point>128.000000,43.000000</point>
				<point>119.000000,43.000000</point>
				<point>119.000000,28.000000</point>
				<point>128.000000,28.000000</point>
				<point>128.000000,43.000000</point>
			</points>
		</object>
		<object>
			<coordinate>pixel</coordinate>
			<type>rectangle</type>
			<description>None</description>
			<possibleresult>
				<name>Small Car</name>
			</possibleresult>
			<points>
				<point>29.000000,797.000000</point>
				<point>9.000000,797.000000</point>
				<point>9.000000,789.000000</point>
				<point>29.000000,789.000000</point>
				<point>29.000000,797.000000</point>
			</points>
		</object>
		<object>
			<coordinate>pixel</coordinate>
			<type>rectangle</type>
			<description>None</description>
			<possibleresult>
				<name>Van</name>
			</possibleresult>
			<points>
				<point>56.000000,768.000000</point>
				<point>39.000000,768.000000</point>
				<point>39.000000,762.000000</point>
				<point>56.000000,762.000000</point>
				<point>56.000000,768.000000</point>
			</points>
		</object>
		<object>
			<coordinate>pixel</coordinate>
			<type>rectangle</type>
			<description>None</description>
			<possibleresult>
				<name>Small Car</name>
			</possibleresult>
			<points>
				<point>966.000000,826.000000</point>
				<point>943.000000,826.000000</point>
				<point>943.000000,818.000000</point>
				<point>966.000000,818.000000</point>
				<point>966.000000,826.000000</point>
			</points>
		</object>
		<object>
			<coordinate>pixel</coordinate>
			<type>rectangle</type>
			<description>None</description>
			<possibleresult>
				<name>Small Car</name>
			</possibleresult>
			<points>
				<point>60.000000,678.000000</point>
				<point>40.000000,678.000000</point>
				<point>40.000000,669.000000</point>
				<point>60.000000,669.000000</point>
				<point>60.000000,678.000000</point>
			</points>
		</object>
		<object>
			<coordinate>pixel</coordinate>
			<type>rectangle</type>
			<description>None</description>
			<possibleresult>
				<name>Small Car</name>
			</possibleresult>
			<points>
				<point>219.000000,747.000000</point>
				<point>201.000000,747.000000</point>
				<point>201.000000,739.000000</point>
				<point>219.000000,739.000000</point>
				<point>219.000000,747.000000</point>
			</points>
		</object>
		<object>
			<coordinate>pixel</coordinate>
			<type>rectangle</type>
			<description>None</description>
			<possibleresult>
				<name>Cargo Truck</name>
			</possibleresult>
			<points>
				<point>834.027588,465.468994</point>
				<point>825.000000,466.000000</point>
				<point>824.000000,449.000000</point>
				<point>833.027588,448.468994</point>
				<point>834.027588,465.468994</point>
			</points>
		</object>
		<object>
			<coordinate>pixel</coordinate>
			<type>rectangle</type>
			<description>None</description>
			<possibleresult>
				<name>Cargo Truck</name>
			</possibleresult>
			<points>
				<point>839.022278,339.424011</point>
				<point>838.022278,365.424011</point>
				<point>827.000061,365.000061</point>
				<point>828.000061,339.000061</point>
				<point>839.022278,339.424011</point>
			</points>
		</object>
		<object>
			<coordinate>pixel</coordinate>
			<type>rectangle</type>
			<description>None</description>
			<possibleresult>
				<name>Cargo Truck</name>
			</possibleresult>
			<points>
				<point>855.000000,426.000000</point>
				<point>845.000000,426.000000</point>
				<point>845.000000,403.000000</point>
				<point>855.000000,403.000000</point>
				<point>855.000000,426.000000</point>
			</points>
		</object>
		<object>
			<coordinate>pixel</coordinate>
			<type>rectangle</type>
			<description>None</description>
			<possibleresult>
				<name>Van</name>
			</possibleresult>
			<points>
				<point>898.000000,334.000000</point>
				<point>884.000000,334.000000</point>
				<point>884.000000,328.000000</point>
				<point>898.000000,328.000000</point>
				<point>898.000000,334.000000</point>
			</points>
		</object>
		<object>
			<coordinate>pixel</coordinate>
			<type>rectangle</type>
			<description>None</description>
			<possibleresult>
				<name>Small Car</name>
			</possibleresult>
			<points>
				<point>932.000000,342.000000</point>
				<point>916.000000,342.000000</point>
				<point>916.000000,335.000000</point>
				<point>932.000000,335.000000</point>
				<point>932.000000,342.000000</point>
			</points>
		</object>
		<object>
			<coordinate>pixel</coordinate>
			<type>rectangle</type>
			<description>None</description>
			<possibleresult>
				<name>Small Car</name>
			</possibleresult>
			<points>
				<point>834.000000,273.000000</point>
				<point>827.000000,273.000000</point>
				<point>827.000000,262.000000</point>
				<point>834.000000,262.000000</point>
				<point>834.000000,273.000000</point>
			</points>
		</object>
		<object>
			<coordinate>pixel</coordinate>
			<type>rectangle</type>
			<description>None</description>
			<possibleresult>
				<name>Cargo Truck</name>
			</possibleresult>
			<points>
				<point>851.800171,30.599968</point>
				<point>843.000122,34.999969</point>
				<point>835.000122,18.999973</point>
				<point>843.800171,14.599972</point>
				<point>851.800171,30.599968</point>
			</points>
		</object>
		<object>
			<coordinate>pixel</coordinate>
			<type>rectangle</type>
			<description>None</description>
			<possibleresult>
				<name>Small Car</name>
			</possibleresult>
			<points>
				<point>485.000031,170.000031</point>
				<point>484.000031,185.000031</point>
				<point>474.973480,184.398254</point>
				<point>475.973480,169.398254</point>
				<point>485.000031,170.000031</point>
			</points>
		</object>
		<object>
			<coordinate>pixel</coordinate>
			<type>rectangle</type>
			<description>None</description>
			<possibleresult>
				<name>Small Car</name>
			</possibleresult>
			<points>
				<point>495.015442,168.876938</point>
				<point>493.000061,185.000015</point>
				<point>485.984680,184.123093</point>
				<point>488.000061,168.000015</point>
				<point>495.015442,168.876938</point>
			</points>
		</object>
		<object>
			<coordinate>pixel</coordinate>
			<type>rectangle</type>
			<description>None</description>
			<possibleresult>
				<name>Van</name>
			</possibleresult>
			<points>
				<point>509.000000,183.000000</point>
				<point>503.000000,183.000000</point>
				<point>503.000000,171.000000</point>
				<point>509.000000,171.000000</point>
				<point>509.000000,183.000000</point>
			</points>
		</object>
		<object>
			<coordinate>pixel</coordinate>
			<type>rectangle</type>
			<description>None</description>
			<possibleresult>
				<name>Small Car</name>
			</possibleresult>
			<points>
				<point>547.000000,186.000000</point>
				<point>539.000000,186.000000</point>
				<point>539.000000,168.000000</point>
				<point>547.000000,168.000000</point>
				<point>547.000000,186.000000</point>
			</points>
		</object>
		<object>
			<coordinate>pixel</coordinate>
			<type>rectangle</type>
			<description>None</description>
			<possibleresult>
				<name>Van</name>
			</possibleresult>
			<points>
				<point>608.000000,126.000000</point>
				<point>601.000000,126.000000</point>
				<point>601.000000,112.000000</point>
				<point>608.000000,112.000000</point>
				<point>608.000000,126.000000</point>
			</points>
		</object>
		<object>
			<coordinate>pixel</coordinate>
			<type>rectangle</type>
			<description>None</description>
			<possibleresult>
				<name>Van</name>
			</possibleresult>
			<points>
				<point>582.000000,262.000000</point>
				<point>564.000000,262.000000</point>
				<point>564.000000,255.000000</point>
				<point>582.000000,255.000000</point>
				<point>582.000000,262.000000</point>
			</points>
		</object>
		<object>
			<coordinate>pixel</coordinate>
			<type>rectangle</type>
			<description>None</description>
			<possibleresult>
				<name>Van</name>
			</possibleresult>
			<points>
				<point>195.000000,354.000000</point>
				<point>177.000000,354.000000</point>
				<point>177.000000,347.000000</point>
				<point>195.000000,347.000000</point>
				<point>195.000000,354.000000</point>
			</points>
		</object>
		<object>
			<coordinate>pixel</coordinate>
			<type>rectangle</type>
			<description>None</description>
			<possibleresult>
				<name>Small Car</name>
			</possibleresult>
			<points>
				<point>19.519852,258.808655</point>
				<point>12.999996,263.000000</point>
				<point>3.480141,248.191345</point>
				<point>9.999996,244.000000</point>
				<point>19.519852,258.808655</point>
			</points>
		</object>
		<object>
			<coordinate>pixel</coordinate>
			<type>rectangle</type>
			<description>None</description>
			<possibleresult>
				<name>Van</name>
			</possibleresult>
			<points>
				<point>664.000000,711.000000</point>
				<point>658.000000,711.000000</point>
				<point>658.000000,695.000000</point>
				<point>664.000000,695.000000</point>
				<point>664.000000,711.000000</point>
			</points>
		</object>
		<object>
			<coordinate>pixel</coordinate>
			<type>rectangle</type>
			<description>None</description>
			<possibleresult>
				<name>Van</name>
			</possibleresult>
			<points>
				<point>657.000000,194.000000</point>
				<point>643.000000,194.000000</point>
				<point>643.000000,188.000000</point>
				<point>657.000000,188.000000</point>
				<point>657.000000,194.000000</point>
			</points>
		</object>
		<object>
			<coordinate>pixel</coordinate>
			<type>rectangle</type>
			<description>None</description>
			<possibleresult>
				<name>Dump Truck</name>
			</possibleresult>
			<points>
				<point>635.000000,187.000000</point>
				<point>622.000000,187.000000</point>
				<point>622.000000,180.000000</point>
				<point>635.000000,180.000000</point>
				<point>635.000000,187.000000</point>
			</points>
		</object>
		<object>
			<coordinate>pixel</coordinate>
			<type>rectangle</type>
			<description>None</description>
			<possibleresult>
				<name>Van</name>
			</possibleresult>
			<points>
				<point>143.000000,904.000000</point>
				<point>135.000000,904.000000</point>
				<point>135.000000,890.000000</point>
				<point>143.000000,890.000000</point>
				<point>143.000000,904.000000</point>
			</points>
		</object>
	</objects>
</annotation>