<?xml version="1.0" encoding="utf-8"?>
<annotation>
	<source>
		<filename>1412.tif</filename>
		<origin>GF2/GF3</origin>
	</source>
	<research>
		<version>1.0</version>
		<provider>FAIR1M</provider>
		<author>Cyber</author>
		<pluginname>FAIR1M</pluginname>
		<pluginclass>object detection</pluginclass>
		<time>2021-03</time>
	</research>
	<size>
		<width>1500</width>
		<height>1500</height>
		<depth>3</depth>
	</size>
	<objects>
		<object>
			<coordinate>pixel</coordinate>
			<type>rectangle</type>
			<description>None</description>
			<possibleresult>
				<name>Passenger Ship</name>
			</possibleresult>
			<points>
				<point>223.000000,991.000000</point>
				<point>292.000000,985.000000</point>
				<point>291.000000,969.000000</point>
				<point>222.000000,975.000000</point>
				<point>223.000000,991.000000</point>
			</points>
		</object>
		<object>
			<coordinate>pixel</coordinate>
			<type>rectangle</type>
			<description>None</description>
			<possibleresult>
				<name>Motorboat</name>
			</possibleresult>
			<points>
				<point>197.000000,222.000000</point>
				<point>139.000000,243.000000</point>
				<point>143.000000,253.000000</point>
				<point>200.000000,231.000000</point>
				<point>197.000000,222.000000</point>
			</points>
		</object>
		<object>
			<coordinate>pixel</coordinate>
			<type>rectangle</type>
			<description>None</description>
			<possibleresult>
				<name>Motorboat</name>
			</possibleresult>
			<points>
				<point>191.000000,211.000000</point>
				<point>133.000000,233.000000</point>
				<point>137.000000,243.000000</point>
				<point>195.000000,221.000000</point>
				<point>191.000000,211.000000</point>
			</points>
		</object>
		<object>
			<coordinate>pixel</coordinate>
			<type>rectangle</type>
			<description>None</description>
			<possibleresult>
				<name>Motorboat</name>
			</possibleresult>
			<points>
				<point>108.000000,245.000000</point>
				<point>69.000000,259.000000</point>
				<point>72.000000,268.000000</point>
				<point>111.000000,253.000000</point>
				<point>108.000000,245.000000</point>
			</points>
		</object>
		<object>
			<coordinate>pixel</coordinate>
			<type>rectangle</type>
			<description>None</description>
			<possibleresult>
				<name>Motorboat</name>
			</possibleresult>
			<points>
				<point>55.000000,267.000000</point>
				<point>-8.000000,291.000000</point>
				<point>-4.000000,301.000000</point>
				<point>59.000000,277.000000</point>
				<point>55.000000,267.000000</point>
			</points>
		</object>
		<object>
			<coordinate>pixel</coordinate>
			<type>rectangle</type>
			<description>None</description>
			<possibleresult>
				<name>Dry Cargo Ship</name>
			</possibleresult>
			<points>
				<point>154.000000,177.000000</point>
				<point>81.000000,205.000000</point>
				<point>90.000000,229.000000</point>
				<point>163.000000,201.000000</point>
				<point>154.000000,177.000000</point>
			</points>
		</object>
		<object>
			<coordinate>pixel</coordinate>
			<type>rectangle</type>
			<description>None</description>
			<possibleresult>
				<name>Dry Cargo Ship</name>
			</possibleresult>
			<points>
				<point>66.000000,214.000000</point>
				<point>-30.000000,250.000000</point>
				<point>-22.000000,270.000000</point>
				<point>73.000000,234.000000</point>
				<point>66.000000,214.000000</point>
			</points>
		</object>
		<object>
			<coordinate>pixel</coordinate>
			<type>rectangle</type>
			<description>None</description>
			<possibleresult>
				<name>Motorboat</name>
			</possibleresult>
			<points>
				<point>207.000000,292.000000</point>
				<point>174.000000,293.000000</point>
				<point>174.000000,303.000000</point>
				<point>207.000000,303.000000</point>
				<point>207.000000,292.000000</point>
			</points>
		</object>
		<object>
			<coordinate>pixel</coordinate>
			<type>rectangle</type>
			<description>None</description>
			<possibleresult>
				<name>Warship</name>
			</possibleresult>
			<points>
				<point>390.000000,403.000000</point>
				<point>157.000000,408.000000</point>
				<point>158.000000,439.000000</point>
				<point>391.000000,434.000000</point>
				<point>390.000000,403.000000</point>
			</points>
		</object>
		<object>
			<coordinate>pixel</coordinate>
			<type>rectangle</type>
			<description>None</description>
			<possibleresult>
				<name>Warship</name>
			</possibleresult>
			<points>
				<point>389.000000,376.000000</point>
				<point>155.000000,382.000000</point>
				<point>156.000000,407.000000</point>
				<point>390.000000,401.000000</point>
				<point>389.000000,376.000000</point>
			</points>
		</object>
		<object>
			<coordinate>pixel</coordinate>
			<type>rectangle</type>
			<description>None</description>
			<possibleresult>
				<name>Warship</name>
			</possibleresult>
			<points>
				<point>315.000000,341.000000</point>
				<point>183.000000,344.000000</point>
				<point>183.000000,363.000000</point>
				<point>316.000000,360.000000</point>
				<point>315.000000,341.000000</point>
			</points>
		</object>
		<object>
			<coordinate>pixel</coordinate>
			<type>rectangle</type>
			<description>None</description>
			<possibleresult>
				<name>other-ship</name>
			</possibleresult>
			<points>
				<point>289.000000,930.000000</point>
				<point>231.000000,932.000000</point>
				<point>231.000000,942.000000</point>
				<point>289.000000,941.000000</point>
				<point>289.000000,930.000000</point>
			</points>
		</object>
		<object>
			<coordinate>pixel</coordinate>
			<type>rectangle</type>
			<description>None</description>
			<possibleresult>
				<name>other-ship</name>
			</possibleresult>
			<points>
				<point>358.000000,969.000000</point>
				<point>302.000000,971.000000</point>
				<point>302.000000,982.000000</point>
				<point>359.000000,980.000000</point>
				<point>358.000000,969.000000</point>
			</points>
		</object>
		<object>
			<coordinate>pixel</coordinate>
			<type>rectangle</type>
			<description>None</description>
			<possibleresult>
				<name>other-ship</name>
			</possibleresult>
			<points>
				<point>358.000000,959.000000</point>
				<point>299.000000,960.000000</point>
				<point>299.000000,970.000000</point>
				<point>358.000000,968.000000</point>
				<point>358.000000,959.000000</point>
			</points>
		</object>
		<object>
			<coordinate>pixel</coordinate>
			<type>rectangle</type>
			<description>None</description>
			<possibleresult>
				<name>other-ship</name>
			</possibleresult>
			<points>
				<point>420.000000,928.000000</point>
				<point>364.000000,929.000000</point>
				<point>364.000000,938.000000</point>
				<point>420.000000,937.000000</point>
				<point>420.000000,928.000000</point>
			</points>
		</object>
		<object>
			<coordinate>pixel</coordinate>
			<type>rectangle</type>
			<description>None</description>
			<possibleresult>
				<name>other-ship</name>
			</possibleresult>
			<points>
				<point>354.000000,929.000000</point>
				<point>298.000000,930.000000</point>
				<point>298.000000,940.000000</point>
				<point>354.000000,939.000000</point>
				<point>354.000000,929.000000</point>
			</points>
		</object>
		<object>
			<coordinate>pixel</coordinate>
			<type>rectangle</type>
			<description>None</description>
			<possibleresult>
				<name>other-ship</name>
			</possibleresult>
			<points>
				<point>419.000000,918.000000</point>
				<point>363.000000,919.000000</point>
				<point>363.000000,928.000000</point>
				<point>419.000000,926.000000</point>
				<point>419.000000,918.000000</point>
			</points>
		</object>
		<object>
			<coordinate>pixel</coordinate>
			<type>rectangle</type>
			<description>None</description>
			<possibleresult>
				<name>other-ship</name>
			</possibleresult>
			<points>
				<point>301.000000,758.000000</point>
				<point>223.000000,760.000000</point>
				<point>224.000000,773.000000</point>
				<point>301.000000,771.000000</point>
				<point>301.000000,758.000000</point>
			</points>
		</object>
		<object>
			<coordinate>pixel</coordinate>
			<type>rectangle</type>
			<description>None</description>
			<possibleresult>
				<name>other-ship</name>
			</possibleresult>
			<points>
				<point>327.000000,1161.000000</point>
				<point>239.000000,1163.000000</point>
				<point>240.000000,1177.000000</point>
				<point>327.000000,1175.000000</point>
				<point>327.000000,1161.000000</point>
			</points>
		</object>
		<object>
			<coordinate>pixel</coordinate>
			<type>rectangle</type>
			<description>None</description>
			<possibleresult>
				<name>Motorboat</name>
			</possibleresult>
			<points>
				<point>412.000000,1172.000000</point>
				<point>376.000000,1172.000000</point>
				<point>376.000000,1181.000000</point>
				<point>413.000000,1181.000000</point>
				<point>412.000000,1172.000000</point>
			</points>
		</object>
		<object>
			<coordinate>pixel</coordinate>
			<type>rectangle</type>
			<description>None</description>
			<possibleresult>
				<name>other-ship</name>
			</possibleresult>
			<points>
				<point>372.000000,1161.000000</point>
				<point>335.000000,1162.000000</point>
				<point>336.000000,1170.000000</point>
				<point>372.000000,1169.000000</point>
				<point>372.000000,1161.000000</point>
			</points>
		</object>
		<object>
			<coordinate>pixel</coordinate>
			<type>rectangle</type>
			<description>None</description>
			<possibleresult>
				<name>other-ship</name>
			</possibleresult>
			<points>
				<point>410.000000,1162.000000</point>
				<point>373.000000,1163.000000</point>
				<point>373.000000,1172.000000</point>
				<point>411.000000,1171.000000</point>
				<point>410.000000,1162.000000</point>
			</points>
		</object>
		<object>
			<coordinate>pixel</coordinate>
			<type>rectangle</type>
			<description>None</description>
			<possibleresult>
				<name>Liquid Cargo Ship</name>
			</possibleresult>
			<points>
				<point>1347.000000,1401.000000</point>
				<point>1426.000000,1385.000000</point>
				<point>1422.000000,1362.000000</point>
				<point>1342.000000,1378.000000</point>
				<point>1347.000000,1401.000000</point>
			</points>
		</object>
		<object>
			<coordinate>pixel</coordinate>
			<type>rectangle</type>
			<description>None</description>
			<possibleresult>
				<name>Liquid Cargo Ship</name>
			</possibleresult>
			<points>
				<point>1413.000000,1386.000000</point>
				<point>1360.000000,1397.000000</point>
				<point>1363.000000,1412.000000</point>
				<point>1416.000000,1401.000000</point>
				<point>1413.000000,1386.000000</point>
			</points>
		</object>
		<object>
			<coordinate>pixel</coordinate>
			<type>rectangle</type>
			<description>None</description>
			<possibleresult>
				<name>Dry Cargo Ship</name>
			</possibleresult>
			<points>
				<point>1355.000000,1103.000000</point>
				<point>1410.000000,1139.000000</point>
				<point>1418.000000,1126.000000</point>
				<point>1363.000000,1090.000000</point>
				<point>1355.000000,1103.000000</point>
			</points>
		</object>
		<object>
			<coordinate>pixel</coordinate>
			<type>rectangle</type>
			<description>None</description>
			<possibleresult>
				<name>Dry Cargo Ship</name>
			</possibleresult>
			<points>
				<point>1379.000000,1129.000000</point>
				<point>1411.000000,1150.000000</point>
				<point>1415.000000,1144.000000</point>
				<point>1384.000000,1123.000000</point>
				<point>1379.000000,1129.000000</point>
			</points>
		</object>
		<object>
			<coordinate>pixel</coordinate>
			<type>rectangle</type>
			<description>None</description>
			<possibleresult>
				<name>Dry Cargo Ship</name>
			</possibleresult>
			<points>
				<point>1368.000000,1136.000000</point>
				<point>1402.000000,1159.000000</point>
				<point>1409.000000,1149.000000</point>
				<point>1375.000000,1127.000000</point>
				<point>1368.000000,1136.000000</point>
			</points>
		</object>
		<object>
			<coordinate>pixel</coordinate>
			<type>rectangle</type>
			<description>None</description>
			<possibleresult>
				<name>Dry Cargo Ship</name>
			</possibleresult>
			<points>
				<point>1178.000000,1173.000000</point>
				<point>1233.000000,1209.000000</point>
				<point>1239.000000,1200.000000</point>
				<point>1184.000000,1163.000000</point>
				<point>1178.000000,1173.000000</point>
			</points>
		</object>
		<object>
			<coordinate>pixel</coordinate>
			<type>rectangle</type>
			<description>None</description>
			<possibleresult>
				<name>Dry Cargo Ship</name>
			</possibleresult>
			<points>
				<point>1200.000000,1173.000000</point>
				<point>1242.000000,1201.000000</point>
				<point>1248.000000,1192.000000</point>
				<point>1206.000000,1164.000000</point>
				<point>1200.000000,1173.000000</point>
			</points>
		</object>
		<object>
			<coordinate>pixel</coordinate>
			<type>rectangle</type>
			<description>None</description>
			<possibleresult>
				<name>Dry Cargo Ship</name>
			</possibleresult>
			<points>
				<point>1243.000000,1204.000000</point>
				<point>1279.000000,1228.000000</point>
				<point>1285.000000,1219.000000</point>
				<point>1248.000000,1196.000000</point>
				<point>1243.000000,1204.000000</point>
			</points>
		</object>
		<object>
			<coordinate>pixel</coordinate>
			<type>rectangle</type>
			<description>None</description>
			<possibleresult>
				<name>Dry Cargo Ship</name>
			</possibleresult>
			<points>
				<point>1233.000000,1214.000000</point>
				<point>1293.000000,1253.000000</point>
				<point>1299.000000,1244.000000</point>
				<point>1239.000000,1204.000000</point>
				<point>1233.000000,1214.000000</point>
			</points>
		</object>
		<object>
			<coordinate>pixel</coordinate>
			<type>rectangle</type>
			<description>None</description>
			<possibleresult>
				<name>Dry Cargo Ship</name>
			</possibleresult>
			<points>
				<point>1255.000000,1201.000000</point>
				<point>1289.000000,1224.000000</point>
				<point>1295.000000,1215.000000</point>
				<point>1260.000000,1193.000000</point>
				<point>1255.000000,1201.000000</point>
			</points>
		</object>
		<object>
			<coordinate>pixel</coordinate>
			<type>rectangle</type>
			<description>None</description>
			<possibleresult>
				<name>Dry Cargo Ship</name>
			</possibleresult>
			<points>
				<point>1211.000000,1169.000000</point>
				<point>1253.000000,1197.000000</point>
				<point>1260.000000,1186.000000</point>
				<point>1218.000000,1158.000000</point>
				<point>1211.000000,1169.000000</point>
			</points>
		</object>
		<object>
			<coordinate>pixel</coordinate>
			<type>rectangle</type>
			<description>None</description>
			<possibleresult>
				<name>Dry Cargo Ship</name>
			</possibleresult>
			<points>
				<point>1229.000000,1165.000000</point>
				<point>1259.000000,1185.000000</point>
				<point>1264.000000,1178.000000</point>
				<point>1233.000000,1158.000000</point>
				<point>1229.000000,1165.000000</point>
			</points>
		</object>
		<object>
			<coordinate>pixel</coordinate>
			<type>rectangle</type>
			<description>None</description>
			<possibleresult>
				<name>Motorboat</name>
			</possibleresult>
			<points>
				<point>1242.000000,1155.000000</point>
				<point>1262.000000,1167.000000</point>
				<point>1266.000000,1161.000000</point>
				<point>1247.000000,1148.000000</point>
				<point>1242.000000,1155.000000</point>
			</points>
		</object>
		<object>
			<coordinate>pixel</coordinate>
			<type>rectangle</type>
			<description>None</description>
			<possibleresult>
				<name>Motorboat</name>
			</possibleresult>
			<points>
				<point>1236.000000,1159.000000</point>
				<point>1255.000000,1172.000000</point>
				<point>1259.000000,1166.000000</point>
				<point>1239.000000,1153.000000</point>
				<point>1236.000000,1159.000000</point>
			</points>
		</object>
		<object>
			<coordinate>pixel</coordinate>
			<type>rectangle</type>
			<description>None</description>
			<possibleresult>
				<name>Dry Cargo Ship</name>
			</possibleresult>
			<points>
				<point>1286.000000,1189.000000</point>
				<point>1354.000000,1213.000000</point>
				<point>1361.000000,1192.000000</point>
				<point>1294.000000,1168.000000</point>
				<point>1286.000000,1189.000000</point>
			</points>
		</object>
		<object>
			<coordinate>pixel</coordinate>
			<type>rectangle</type>
			<description>None</description>
			<possibleresult>
				<name>Dry Cargo Ship</name>
			</possibleresult>
			<points>
				<point>1260.000000,1194.000000</point>
				<point>1335.000000,1220.000000</point>
				<point>1340.000000,1206.000000</point>
				<point>1265.000000,1179.000000</point>
				<point>1260.000000,1194.000000</point>
			</points>
		</object>
		<object>
			<coordinate>pixel</coordinate>
			<type>rectangle</type>
			<description>None</description>
			<possibleresult>
				<name>Dry Cargo Ship</name>
			</possibleresult>
			<points>
				<point>1280.000000,1209.000000</point>
				<point>1314.000000,1221.000000</point>
				<point>1317.000000,1213.000000</point>
				<point>1283.000000,1201.000000</point>
				<point>1280.000000,1209.000000</point>
			</points>
		</object>
		<object>
			<coordinate>pixel</coordinate>
			<type>rectangle</type>
			<description>None</description>
			<possibleresult>
				<name>Motorboat</name>
			</possibleresult>
			<points>
				<point>1305.000000,1121.000000</point>
				<point>1327.000000,1147.000000</point>
				<point>1334.000000,1142.000000</point>
				<point>1311.000000,1116.000000</point>
				<point>1305.000000,1121.000000</point>
			</points>
		</object>
		<object>
			<coordinate>pixel</coordinate>
			<type>rectangle</type>
			<description>None</description>
			<possibleresult>
				<name>Motorboat</name>
			</possibleresult>
			<points>
				<point>1298.000000,1127.000000</point>
				<point>1317.000000,1149.000000</point>
				<point>1322.000000,1144.000000</point>
				<point>1303.000000,1122.000000</point>
				<point>1298.000000,1127.000000</point>
			</points>
		</object>
		<object>
			<coordinate>pixel</coordinate>
			<type>rectangle</type>
			<description>None</description>
			<possibleresult>
				<name>Motorboat</name>
			</possibleresult>
			<points>
				<point>1280.000000,1135.000000</point>
				<point>1308.000000,1161.000000</point>
				<point>1314.000000,1154.000000</point>
				<point>1286.000000,1128.000000</point>
				<point>1280.000000,1135.000000</point>
			</points>
		</object>
		<object>
			<coordinate>pixel</coordinate>
			<type>rectangle</type>
			<description>None</description>
			<possibleresult>
				<name>Motorboat</name>
			</possibleresult>
			<points>
				<point>1262.000000,1137.000000</point>
				<point>1299.000000,1168.000000</point>
				<point>1306.000000,1159.000000</point>
				<point>1269.000000,1129.000000</point>
				<point>1262.000000,1137.000000</point>
			</points>
		</object>
		<object>
			<coordinate>pixel</coordinate>
			<type>rectangle</type>
			<description>None</description>
			<possibleresult>
				<name>Motorboat</name>
			</possibleresult>
			<points>
				<point>1253.000000,1142.000000</point>
				<point>1268.000000,1170.000000</point>
				<point>1279.000000,1165.000000</point>
				<point>1264.000000,1136.000000</point>
				<point>1253.000000,1142.000000</point>
			</points>
		</object>
		<object>
			<coordinate>pixel</coordinate>
			<type>rectangle</type>
			<description>None</description>
			<possibleresult>
				<name>Motorboat</name>
			</possibleresult>
			<points>
				<point>1230.000000,1278.000000</point>
				<point>1267.000000,1302.000000</point>
				<point>1272.000000,1295.000000</point>
				<point>1235.000000,1271.000000</point>
				<point>1230.000000,1278.000000</point>
			</points>
		</object>
		<object>
			<coordinate>pixel</coordinate>
			<type>rectangle</type>
			<description>None</description>
			<possibleresult>
				<name>Dry Cargo Ship</name>
			</possibleresult>
			<points>
				<point>1227.000000,1288.000000</point>
				<point>1261.000000,1311.000000</point>
				<point>1265.000000,1304.000000</point>
				<point>1231.000000,1282.000000</point>
				<point>1227.000000,1288.000000</point>
			</points>
		</object>
		<object>
			<coordinate>pixel</coordinate>
			<type>rectangle</type>
			<description>None</description>
			<possibleresult>
				<name>Dry Cargo Ship</name>
			</possibleresult>
			<points>
				<point>1206.000000,1235.000000</point>
				<point>1262.000000,1271.000000</point>
				<point>1268.000000,1262.000000</point>
				<point>1212.000000,1226.000000</point>
				<point>1206.000000,1235.000000</point>
			</points>
		</object>
		<object>
			<coordinate>pixel</coordinate>
			<type>rectangle</type>
			<description>None</description>
			<possibleresult>
				<name>Dry Cargo Ship</name>
			</possibleresult>
			<points>
				<point>1199.000000,1247.000000</point>
				<point>1258.000000,1286.000000</point>
				<point>1265.000000,1276.000000</point>
				<point>1205.000000,1237.000000</point>
				<point>1199.000000,1247.000000</point>
			</points>
		</object>
		<object>
			<coordinate>pixel</coordinate>
			<type>rectangle</type>
			<description>None</description>
			<possibleresult>
				<name>Motorboat</name>
			</possibleresult>
			<points>
				<point>1085.000000,1327.000000</point>
				<point>1119.000000,1355.000000</point>
				<point>1125.000000,1348.000000</point>
				<point>1091.000000,1320.000000</point>
				<point>1085.000000,1327.000000</point>
			</points>
		</object>
		<object>
			<coordinate>pixel</coordinate>
			<type>rectangle</type>
			<description>None</description>
			<possibleresult>
				<name>Motorboat</name>
			</possibleresult>
			<points>
				<point>1095.000000,1323.000000</point>
				<point>1128.000000,1350.000000</point>
				<point>1135.000000,1342.000000</point>
				<point>1101.000000,1314.000000</point>
				<point>1095.000000,1323.000000</point>
			</points>
		</object>
		<object>
			<coordinate>pixel</coordinate>
			<type>rectangle</type>
			<description>None</description>
			<possibleresult>
				<name>Motorboat</name>
			</possibleresult>
			<points>
				<point>1106.000000,1317.000000</point>
				<point>1139.000000,1344.000000</point>
				<point>1146.000000,1335.000000</point>
				<point>1114.000000,1308.000000</point>
				<point>1106.000000,1317.000000</point>
			</points>
		</object>
		<object>
			<coordinate>pixel</coordinate>
			<type>rectangle</type>
			<description>None</description>
			<possibleresult>
				<name>Motorboat</name>
			</possibleresult>
			<points>
				<point>1119.000000,1311.000000</point>
				<point>1151.000000,1338.000000</point>
				<point>1157.000000,1331.000000</point>
				<point>1124.000000,1304.000000</point>
				<point>1119.000000,1311.000000</point>
			</points>
		</object>
		<object>
			<coordinate>pixel</coordinate>
			<type>rectangle</type>
			<description>None</description>
			<possibleresult>
				<name>Motorboat</name>
			</possibleresult>
			<points>
				<point>1131.000000,1308.000000</point>
				<point>1162.000000,1334.000000</point>
				<point>1168.000000,1327.000000</point>
				<point>1137.000000,1301.000000</point>
				<point>1131.000000,1308.000000</point>
			</points>
		</object>
		<object>
			<coordinate>pixel</coordinate>
			<type>rectangle</type>
			<description>None</description>
			<possibleresult>
				<name>Motorboat</name>
			</possibleresult>
			<points>
				<point>1142.000000,1305.000000</point>
				<point>1173.000000,1327.000000</point>
				<point>1178.000000,1319.000000</point>
				<point>1148.000000,1297.000000</point>
				<point>1142.000000,1305.000000</point>
			</points>
		</object>
		<object>
			<coordinate>pixel</coordinate>
			<type>rectangle</type>
			<description>None</description>
			<possibleresult>
				<name>Motorboat</name>
			</possibleresult>
			<points>
				<point>1142.000000,1293.000000</point>
				<point>1182.000000,1321.000000</point>
				<point>1187.000000,1314.000000</point>
				<point>1147.000000,1286.000000</point>
				<point>1142.000000,1293.000000</point>
			</points>
		</object>
		<object>
			<coordinate>pixel</coordinate>
			<type>rectangle</type>
			<description>None</description>
			<possibleresult>
				<name>Motorboat</name>
			</possibleresult>
			<points>
				<point>963.000000,1375.000000</point>
				<point>988.000000,1393.000000</point>
				<point>992.000000,1387.000000</point>
				<point>967.000000,1369.000000</point>
				<point>963.000000,1375.000000</point>
			</points>
		</object>
		<object>
			<coordinate>pixel</coordinate>
			<type>rectangle</type>
			<description>None</description>
			<possibleresult>
				<name>Motorboat</name>
			</possibleresult>
			<points>
				<point>965.000000,1368.000000</point>
				<point>995.000000,1389.000000</point>
				<point>1000.000000,1382.000000</point>
				<point>970.000000,1361.000000</point>
				<point>965.000000,1368.000000</point>
			</points>
		</object>
		<object>
			<coordinate>pixel</coordinate>
			<type>rectangle</type>
			<description>None</description>
			<possibleresult>
				<name>Motorboat</name>
			</possibleresult>
			<points>
				<point>977.000000,1365.000000</point>
				<point>999.000000,1381.000000</point>
				<point>1003.000000,1376.000000</point>
				<point>980.000000,1360.000000</point>
				<point>977.000000,1365.000000</point>
			</points>
		</object>
		<object>
			<coordinate>pixel</coordinate>
			<type>rectangle</type>
			<description>None</description>
			<possibleresult>
				<name>Motorboat</name>
			</possibleresult>
			<points>
				<point>983.000000,1360.000000</point>
				<point>1005.000000,1376.000000</point>
				<point>1010.000000,1370.000000</point>
				<point>987.000000,1354.000000</point>
				<point>983.000000,1360.000000</point>
			</points>
		</object>
		<object>
			<coordinate>pixel</coordinate>
			<type>rectangle</type>
			<description>None</description>
			<possibleresult>
				<name>Motorboat</name>
			</possibleresult>
			<points>
				<point>984.000000,1352.000000</point>
				<point>1009.000000,1370.000000</point>
				<point>1015.000000,1362.000000</point>
				<point>989.000000,1344.000000</point>
				<point>984.000000,1352.000000</point>
			</points>
		</object>
		<object>
			<coordinate>pixel</coordinate>
			<type>rectangle</type>
			<description>None</description>
			<possibleresult>
				<name>Motorboat</name>
			</possibleresult>
			<points>
				<point>989.000000,1343.000000</point>
				<point>1013.000000,1360.000000</point>
				<point>1018.000000,1354.000000</point>
				<point>994.000000,1336.000000</point>
				<point>989.000000,1343.000000</point>
			</points>
		</object>
		<object>
			<coordinate>pixel</coordinate>
			<type>rectangle</type>
			<description>None</description>
			<possibleresult>
				<name>Motorboat</name>
			</possibleresult>
			<points>
				<point>988.000000,1332.000000</point>
				<point>1025.000000,1358.000000</point>
				<point>1031.000000,1350.000000</point>
				<point>994.000000,1323.000000</point>
				<point>988.000000,1332.000000</point>
			</points>
		</object>
		<object>
			<coordinate>pixel</coordinate>
			<type>rectangle</type>
			<description>None</description>
			<possibleresult>
				<name>Motorboat</name>
			</possibleresult>
			<points>
				<point>991.000000,1321.000000</point>
				<point>1031.000000,1349.000000</point>
				<point>1038.000000,1340.000000</point>
				<point>998.000000,1312.000000</point>
				<point>991.000000,1321.000000</point>
			</points>
		</object>
		<object>
			<coordinate>pixel</coordinate>
			<type>rectangle</type>
			<description>None</description>
			<possibleresult>
				<name>Motorboat</name>
			</possibleresult>
			<points>
				<point>1037.000000,1364.000000</point>
				<point>1073.000000,1390.000000</point>
				<point>1079.000000,1381.000000</point>
				<point>1043.000000,1356.000000</point>
				<point>1037.000000,1364.000000</point>
			</points>
		</object>
		<object>
			<coordinate>pixel</coordinate>
			<type>rectangle</type>
			<description>None</description>
			<possibleresult>
				<name>Motorboat</name>
			</possibleresult>
			<points>
				<point>1045.000000,1357.000000</point>
				<point>1076.000000,1379.000000</point>
				<point>1082.000000,1372.000000</point>
				<point>1050.000000,1350.000000</point>
				<point>1045.000000,1357.000000</point>
			</points>
		</object>
		<object>
			<coordinate>pixel</coordinate>
			<type>rectangle</type>
			<description>None</description>
			<possibleresult>
				<name>Liquid Cargo Ship</name>
			</possibleresult>
			<points>
				<point>996.000000,1308.000000</point>
				<point>1040.000000,1339.000000</point>
				<point>1046.000000,1331.000000</point>
				<point>1002.000000,1300.000000</point>
				<point>996.000000,1308.000000</point>
			</points>
		</object>
		<object>
			<coordinate>pixel</coordinate>
			<type>rectangle</type>
			<description>None</description>
			<possibleresult>
				<name>Motorboat</name>
			</possibleresult>
			<points>
				<point>1045.000000,1345.000000</point>
				<point>1087.000000,1375.000000</point>
				<point>1093.000000,1367.000000</point>
				<point>1051.000000,1337.000000</point>
				<point>1045.000000,1345.000000</point>
			</points>
		</object>
		<object>
			<coordinate>pixel</coordinate>
			<type>rectangle</type>
			<description>None</description>
			<possibleresult>
				<name>Motorboat</name>
			</possibleresult>
			<points>
				<point>1029.000000,1288.000000</point>
				<point>1052.000000,1305.000000</point>
				<point>1056.000000,1299.000000</point>
				<point>1033.000000,1283.000000</point>
				<point>1029.000000,1288.000000</point>
			</points>
		</object>
		<object>
			<coordinate>pixel</coordinate>
			<type>rectangle</type>
			<description>None</description>
			<possibleresult>
				<name>Motorboat</name>
			</possibleresult>
			<points>
				<point>1037.000000,1286.000000</point>
				<point>1061.000000,1304.000000</point>
				<point>1066.000000,1297.000000</point>
				<point>1042.000000,1280.000000</point>
				<point>1037.000000,1286.000000</point>
			</points>
		</object>
		<object>
			<coordinate>pixel</coordinate>
			<type>rectangle</type>
			<description>None</description>
			<possibleresult>
				<name>Motorboat</name>
			</possibleresult>
			<points>
				<point>1048.000000,1281.000000</point>
				<point>1067.000000,1301.000000</point>
				<point>1072.000000,1296.000000</point>
				<point>1053.000000,1276.000000</point>
				<point>1048.000000,1281.000000</point>
			</points>
		</object>
		<object>
			<coordinate>pixel</coordinate>
			<type>rectangle</type>
			<description>None</description>
			<possibleresult>
				<name>Motorboat</name>
			</possibleresult>
			<points>
				<point>1054.000000,1277.000000</point>
				<point>1072.000000,1297.000000</point>
				<point>1079.000000,1292.000000</point>
				<point>1061.000000,1271.000000</point>
				<point>1054.000000,1277.000000</point>
			</points>
		</object>
		<object>
			<coordinate>pixel</coordinate>
			<type>rectangle</type>
			<description>None</description>
			<possibleresult>
				<name>Motorboat</name>
			</possibleresult>
			<points>
				<point>1064.000000,1272.000000</point>
				<point>1077.000000,1289.000000</point>
				<point>1083.000000,1284.000000</point>
				<point>1070.000000,1267.000000</point>
				<point>1064.000000,1272.000000</point>
			</points>
		</object>
		<object>
			<coordinate>pixel</coordinate>
			<type>rectangle</type>
			<description>None</description>
			<possibleresult>
				<name>Dry Cargo Ship</name>
			</possibleresult>
			<points>
				<point>1053.000000,1308.000000</point>
				<point>1073.000000,1322.000000</point>
				<point>1078.000000,1316.000000</point>
				<point>1058.000000,1302.000000</point>
				<point>1053.000000,1308.000000</point>
			</points>
		</object>
		<object>
			<coordinate>pixel</coordinate>
			<type>rectangle</type>
			<description>None</description>
			<possibleresult>
				<name>Dry Cargo Ship</name>
			</possibleresult>
			<points>
				<point>1126.000000,1284.000000</point>
				<point>1132.000000,1304.000000</point>
				<point>1141.000000,1301.000000</point>
				<point>1135.000000,1281.000000</point>
				<point>1126.000000,1284.000000</point>
			</points>
		</object>
		<object>
			<coordinate>pixel</coordinate>
			<type>rectangle</type>
			<description>None</description>
			<possibleresult>
				<name>Dry Cargo Ship</name>
			</possibleresult>
			<points>
				<point>1114.000000,1285.000000</point>
				<point>1121.000000,1306.000000</point>
				<point>1130.000000,1303.000000</point>
				<point>1124.000000,1282.000000</point>
				<point>1114.000000,1285.000000</point>
			</points>
		</object>
		<object>
			<coordinate>pixel</coordinate>
			<type>rectangle</type>
			<description>None</description>
			<possibleresult>
				<name>Dry Cargo Ship</name>
			</possibleresult>
			<points>
				<point>1105.000000,1288.000000</point>
				<point>1111.000000,1310.000000</point>
				<point>1119.000000,1308.000000</point>
				<point>1112.000000,1285.000000</point>
				<point>1105.000000,1288.000000</point>
			</points>
		</object>
		<object>
			<coordinate>pixel</coordinate>
			<type>rectangle</type>
			<description>None</description>
			<possibleresult>
				<name>Dry Cargo Ship</name>
			</possibleresult>
			<points>
				<point>1093.000000,1293.000000</point>
				<point>1103.000000,1314.000000</point>
				<point>1111.000000,1311.000000</point>
				<point>1102.000000,1290.000000</point>
				<point>1093.000000,1293.000000</point>
			</points>
		</object>
		<object>
			<coordinate>pixel</coordinate>
			<type>rectangle</type>
			<description>None</description>
			<possibleresult>
				<name>Dry Cargo Ship</name>
			</possibleresult>
			<points>
				<point>1072.000000,1301.000000</point>
				<point>1089.000000,1321.000000</point>
				<point>1096.000000,1315.000000</point>
				<point>1079.000000,1295.000000</point>
				<point>1072.000000,1301.000000</point>
			</points>
		</object>
		<object>
			<coordinate>pixel</coordinate>
			<type>rectangle</type>
			<description>None</description>
			<possibleresult>
				<name>Dry Cargo Ship</name>
			</possibleresult>
			<points>
				<point>1085.000000,1297.000000</point>
				<point>1094.000000,1319.000000</point>
				<point>1102.000000,1315.000000</point>
				<point>1093.000000,1293.000000</point>
				<point>1085.000000,1297.000000</point>
			</points>
		</object>
		<object>
			<coordinate>pixel</coordinate>
			<type>rectangle</type>
			<description>None</description>
			<possibleresult>
				<name>Dry Cargo Ship</name>
			</possibleresult>
			<points>
				<point>1222.000000,1282.000000</point>
				<point>1186.000000,1267.000000</point>
				<point>1182.000000,1276.000000</point>
				<point>1218.000000,1291.000000</point>
				<point>1222.000000,1282.000000</point>
			</points>
		</object>
		<object>
			<coordinate>pixel</coordinate>
			<type>rectangle</type>
			<description>None</description>
			<possibleresult>
				<name>Dry Cargo Ship</name>
			</possibleresult>
			<points>
				<point>1229.000000,1275.000000</point>
				<point>1191.000000,1260.000000</point>
				<point>1188.000000,1268.000000</point>
				<point>1226.000000,1284.000000</point>
				<point>1229.000000,1275.000000</point>
			</points>
		</object>
		<object>
			<coordinate>pixel</coordinate>
			<type>rectangle</type>
			<description>None</description>
			<possibleresult>
				<name>Dry Cargo Ship</name>
			</possibleresult>
			<points>
				<point>1229.000000,1266.000000</point>
				<point>1200.000000,1254.000000</point>
				<point>1197.000000,1262.000000</point>
				<point>1226.000000,1273.000000</point>
				<point>1229.000000,1266.000000</point>
			</points>
		</object>
		<object>
			<coordinate>pixel</coordinate>
			<type>rectangle</type>
			<description>None</description>
			<possibleresult>
				<name>Dry Cargo Ship</name>
			</possibleresult>
			<points>
				<point>1191.000000,1261.000000</point>
				<point>1156.000000,1249.000000</point>
				<point>1153.000000,1257.000000</point>
				<point>1189.000000,1269.000000</point>
				<point>1191.000000,1261.000000</point>
			</points>
		</object>
		<object>
			<coordinate>pixel</coordinate>
			<type>rectangle</type>
			<description>None</description>
			<possibleresult>
				<name>Dry Cargo Ship</name>
			</possibleresult>
			<points>
				<point>1196.000000,1255.000000</point>
				<point>1164.000000,1244.000000</point>
				<point>1162.000000,1251.000000</point>
				<point>1194.000000,1262.000000</point>
				<point>1196.000000,1255.000000</point>
			</points>
		</object>
		<object>
			<coordinate>pixel</coordinate>
			<type>rectangle</type>
			<description>None</description>
			<possibleresult>
				<name>Dry Cargo Ship</name>
			</possibleresult>
			<points>
				<point>1201.000000,1249.000000</point>
				<point>1168.000000,1238.000000</point>
				<point>1165.000000,1245.000000</point>
				<point>1199.000000,1256.000000</point>
				<point>1201.000000,1249.000000</point>
			</points>
		</object>
		<object>
			<coordinate>pixel</coordinate>
			<type>rectangle</type>
			<description>None</description>
			<possibleresult>
				<name>Dry Cargo Ship</name>
			</possibleresult>
			<points>
				<point>1201.000000,1239.000000</point>
				<point>1174.000000,1230.000000</point>
				<point>1172.000000,1238.000000</point>
				<point>1198.000000,1247.000000</point>
				<point>1201.000000,1239.000000</point>
			</points>
		</object>
		<object>
			<coordinate>pixel</coordinate>
			<type>rectangle</type>
			<description>None</description>
			<possibleresult>
				<name>Motorboat</name>
			</possibleresult>
			<points>
				<point>1202.000000,1232.000000</point>
				<point>1166.000000,1217.000000</point>
				<point>1163.000000,1223.000000</point>
				<point>1200.000000,1239.000000</point>
				<point>1202.000000,1232.000000</point>
			</points>
		</object>
		<object>
			<coordinate>pixel</coordinate>
			<type>rectangle</type>
			<description>None</description>
			<possibleresult>
				<name>Motorboat</name>
			</possibleresult>
			<points>
				<point>1202.000000,1225.000000</point>
				<point>1171.000000,1212.000000</point>
				<point>1169.000000,1217.000000</point>
				<point>1200.000000,1230.000000</point>
				<point>1202.000000,1225.000000</point>
			</points>
		</object>
		<object>
			<coordinate>pixel</coordinate>
			<type>rectangle</type>
			<description>None</description>
			<possibleresult>
				<name>Motorboat</name>
			</possibleresult>
			<points>
				<point>1203.000000,1219.000000</point>
				<point>1183.000000,1207.000000</point>
				<point>1180.000000,1211.000000</point>
				<point>1200.000000,1223.000000</point>
				<point>1203.000000,1219.000000</point>
			</points>
		</object>
		<object>
			<coordinate>pixel</coordinate>
			<type>rectangle</type>
			<description>None</description>
			<possibleresult>
				<name>Motorboat</name>
			</possibleresult>
			<points>
				<point>1161.000000,1225.000000</point>
				<point>1139.000000,1211.000000</point>
				<point>1136.000000,1216.000000</point>
				<point>1158.000000,1230.000000</point>
				<point>1161.000000,1225.000000</point>
			</points>
		</object>
		<object>
			<coordinate>pixel</coordinate>
			<type>rectangle</type>
			<description>None</description>
			<possibleresult>
				<name>Motorboat</name>
			</possibleresult>
			<points>
				<point>1166.000000,1220.000000</point>
				<point>1145.000000,1207.000000</point>
				<point>1142.000000,1212.000000</point>
				<point>1163.000000,1225.000000</point>
				<point>1166.000000,1220.000000</point>
			</points>
		</object>
		<object>
			<coordinate>pixel</coordinate>
			<type>rectangle</type>
			<description>None</description>
			<possibleresult>
				<name>Motorboat</name>
			</possibleresult>
			<points>
				<point>1166.000000,1215.000000</point>
				<point>1148.000000,1204.000000</point>
				<point>1146.000000,1207.000000</point>
				<point>1165.000000,1218.000000</point>
				<point>1166.000000,1215.000000</point>
			</points>
		</object>
		<object>
			<coordinate>pixel</coordinate>
			<type>rectangle</type>
			<description>None</description>
			<possibleresult>
				<name>Motorboat</name>
			</possibleresult>
			<points>
				<point>1168.000000,1210.000000</point>
				<point>1150.000000,1199.000000</point>
				<point>1148.000000,1202.000000</point>
				<point>1166.000000,1213.000000</point>
				<point>1168.000000,1210.000000</point>
			</points>
		</object>
		<object>
			<coordinate>pixel</coordinate>
			<type>rectangle</type>
			<description>None</description>
			<possibleresult>
				<name>Dry Cargo Ship</name>
			</possibleresult>
			<points>
				<point>1180.000000,1200.000000</point>
				<point>1153.000000,1184.000000</point>
				<point>1146.000000,1196.000000</point>
				<point>1173.000000,1212.000000</point>
				<point>1180.000000,1200.000000</point>
			</points>
		</object>
		<object>
			<coordinate>pixel</coordinate>
			<type>rectangle</type>
			<description>None</description>
			<possibleresult>
				<name>Dry Cargo Ship</name>
			</possibleresult>
			<points>
				<point>1294.000000,1284.000000</point>
				<point>1316.000000,1256.000000</point>
				<point>1308.000000,1250.000000</point>
				<point>1286.000000,1278.000000</point>
				<point>1294.000000,1284.000000</point>
			</points>
		</object>
		<object>
			<coordinate>pixel</coordinate>
			<type>rectangle</type>
			<description>None</description>
			<possibleresult>
				<name>Dry Cargo Ship</name>
			</possibleresult>
			<points>
				<point>1303.000000,1290.000000</point>
				<point>1326.000000,1260.000000</point>
				<point>1318.000000,1254.000000</point>
				<point>1295.000000,1283.000000</point>
				<point>1303.000000,1290.000000</point>
			</points>
		</object>
		<object>
			<coordinate>pixel</coordinate>
			<type>rectangle</type>
			<description>None</description>
			<possibleresult>
				<name>Dry Cargo Ship</name>
			</possibleresult>
			<points>
				<point>1287.000000,1276.000000</point>
				<point>1304.000000,1254.000000</point>
				<point>1297.000000,1248.000000</point>
				<point>1279.000000,1270.000000</point>
				<point>1287.000000,1276.000000</point>
			</points>
		</object>
		<object>
			<coordinate>pixel</coordinate>
			<type>rectangle</type>
			<description>None</description>
			<possibleresult>
				<name>Dry Cargo Ship</name>
			</possibleresult>
			<points>
				<point>1313.000000,1165.000000</point>
				<point>1335.000000,1149.000000</point>
				<point>1329.000000,1140.000000</point>
				<point>1307.000000,1156.000000</point>
				<point>1313.000000,1165.000000</point>
			</points>
		</object>
		<object>
			<coordinate>pixel</coordinate>
			<type>rectangle</type>
			<description>None</description>
			<possibleresult>
				<name>Dry Cargo Ship</name>
			</possibleresult>
			<points>
				<point>1255.000000,1176.000000</point>
				<point>1289.000000,1187.000000</point>
				<point>1291.000000,1180.000000</point>
				<point>1258.000000,1168.000000</point>
				<point>1255.000000,1176.000000</point>
			</points>
		</object>
		<object>
			<coordinate>pixel</coordinate>
			<type>rectangle</type>
			<description>None</description>
			<possibleresult>
				<name>Dry Cargo Ship</name>
			</possibleresult>
			<points>
				<point>1278.000000,1134.000000</point>
				<point>1310.000000,1114.000000</point>
				<point>1306.000000,1108.000000</point>
				<point>1275.000000,1128.000000</point>
				<point>1278.000000,1134.000000</point>
			</points>
		</object>
		<object>
			<coordinate>pixel</coordinate>
			<type>rectangle</type>
			<description>None</description>
			<possibleresult>
				<name>Dry Cargo Ship</name>
			</possibleresult>
			<points>
				<point>852.000000,1480.000000</point>
				<point>876.000000,1509.000000</point>
				<point>885.000000,1502.000000</point>
				<point>861.000000,1473.000000</point>
				<point>852.000000,1480.000000</point>
			</points>
		</object>
		<object>
			<coordinate>pixel</coordinate>
			<type>rectangle</type>
			<description>None</description>
			<possibleresult>
				<name>Dry Cargo Ship</name>
			</possibleresult>
			<points>
				<point>864.000000,1479.000000</point>
				<point>881.000000,1499.000000</point>
				<point>889.000000,1492.000000</point>
				<point>872.000000,1472.000000</point>
				<point>864.000000,1479.000000</point>
			</points>
		</object>
		<object>
			<coordinate>pixel</coordinate>
			<type>rectangle</type>
			<description>None</description>
			<possibleresult>
				<name>Dry Cargo Ship</name>
			</possibleresult>
			<points>
				<point>873.000000,1472.000000</point>
				<point>890.000000,1494.000000</point>
				<point>899.000000,1487.000000</point>
				<point>881.000000,1465.000000</point>
				<point>873.000000,1472.000000</point>
			</points>
		</object>
	</objects>
</annotation>