<?xml version="1.0" encoding="utf-8"?>
<annotation>
	<source>
		<filename>1413.tif</filename>
		<origin>GF2/GF3</origin>
	</source>
	<research>
		<version>1.0</version>
		<provider>FAIR1M</provider>
		<author>Cyber</author>
		<pluginname>FAIR1M</pluginname>
		<pluginclass>object detection</pluginclass>
		<time>2021-03</time>
	</research>
	<size>
		<width>1000</width>
		<height>1000</height>
		<depth>3</depth>
	</size>
	<objects>
		<object>
			<coordinate>pixel</coordinate>
			<type>rectangle</type>
			<description>None</description>
			<possibleresult>
				<name>Van</name>
			</possibleresult>
			<points>
				<point>152.000000,274.000000</point>
				<point>132.000000,274.000000</point>
				<point>132.000000,267.000000</point>
				<point>152.000000,267.000000</point>
				<point>152.000000,274.000000</point>
			</points>
		</object>
		<object>
			<coordinate>pixel</coordinate>
			<type>rectangle</type>
			<description>None</description>
			<possibleresult>
				<name>Van</name>
			</possibleresult>
			<points>
				<point>13.000002,615.000000</point>
				<point>12.458824,622.035278</point>
				<point>0.000000,621.076904</point>
				<point>0.000000,614.000000</point>
				<point>13.000002,615.000000</point>
			</points>
		</object>
		<object>
			<coordinate>pixel</coordinate>
			<type>rectangle</type>
			<description>None</description>
			<possibleresult>
				<name>Van</name>
			</possibleresult>
			<points>
				<point>90.000000,207.000000</point>
				<point>71.000000,207.000000</point>
				<point>71.000000,199.000000</point>
				<point>90.000000,199.000000</point>
				<point>90.000000,207.000000</point>
			</points>
		</object>
	</objects>
</annotation>