<?xml version="1.0" encoding="utf-8"?>
<annotation>
	<source>
		<filename>1418.tif</filename>
		<origin>GF2/GF3</origin>
	</source>
	<research>
		<version>1.0</version>
		<provider>FAIR1M</provider>
		<author>Cyber</author>
		<pluginname>FAIR1M</pluginname>
		<pluginclass>object detection</pluginclass>
		<time>2021-03</time>
	</research>
	<size>
		<width>1500</width>
		<height>1500</height>
		<depth>3</depth>
	</size>
	<objects>
		<object>
			<coordinate>pixel</coordinate>
			<type>rectangle</type>
			<description>None</description>
			<possibleresult>
				<name>Liquid Cargo Ship</name>
			</possibleresult>
			<points>
				<point>234.000000,239.000000</point>
				<point>9.000000,281.000000</point>
				<point>18.000000,329.000000</point>
				<point>243.000000,287.000000</point>
				<point>234.000000,239.000000</point>
			</points>
		</object>
		<object>
			<coordinate>pixel</coordinate>
			<type>rectangle</type>
			<description>None</description>
			<possibleresult>
				<name>Dry Cargo Ship</name>
			</possibleresult>
			<points>
				<point>788.000000,614.000000</point>
				<point>1003.000000,1009.000000</point>
				<point>1062.000000,976.000000</point>
				<point>847.000000,582.000000</point>
				<point>788.000000,614.000000</point>
			</points>
		</object>
		<object>
			<coordinate>pixel</coordinate>
			<type>rectangle</type>
			<description>None</description>
			<possibleresult>
				<name>other-ship</name>
			</possibleresult>
			<points>
				<point>928.000000,1164.000000</point>
				<point>962.000000,1213.000000</point>
				<point>980.000000,1201.000000</point>
				<point>947.000000,1152.000000</point>
				<point>928.000000,1164.000000</point>
			</points>
		</object>
		<object>
			<coordinate>pixel</coordinate>
			<type>rectangle</type>
			<description>None</description>
			<possibleresult>
				<name>Motorboat</name>
			</possibleresult>
			<points>
				<point>914.000000,1343.000000</point>
				<point>926.000000,1308.000000</point>
				<point>915.000000,1304.000000</point>
				<point>903.000000,1339.000000</point>
				<point>914.000000,1343.000000</point>
			</points>
		</object>
	</objects>
</annotation>