<?xml version="1.0" encoding="utf-8"?>
<annotation>
	<source>
		<filename>1421.tif</filename>
		<origin>GF2/GF3</origin>
	</source>
	<research>
		<version>1.0</version>
		<provider>FAIR1M</provider>
		<author>Cyber</author>
		<pluginname>FAIR1M</pluginname>
		<pluginclass>object detection</pluginclass>
		<time>2021-03</time>
	</research>
	<size>
		<width>1000</width>
		<height>1000</height>
		<depth>3</depth>
	</size>
	<objects>
		<object>
			<coordinate>pixel</coordinate>
			<type>rectangle</type>
			<description>None</description>
			<possibleresult>
				<name>Football Field</name>
			</possibleresult>
			<points>
				<point>0.000000,722.774109</point>
				<point>-3.048859,628.259583</point>
				<point>5.000000,627.999939</point>
				<point>8.048859,722.514465</point>
				<point>0.000000,722.774109</point>
			</points>
		</object>
		<object>
			<coordinate>pixel</coordinate>
			<type>rectangle</type>
			<description>None</description>
			<possibleresult>
				<name>Tennis Court</name>
			</possibleresult>
			<points>
				<point>361.000000,356.000000</point>
				<point>311.505859,359.093384</point>
				<point>309.000000,319.000000</point>
				<point>358.494141,315.906616</point>
				<point>361.000000,356.000000</point>
			</points>
		</object>
		<object>
			<coordinate>pixel</coordinate>
			<type>rectangle</type>
			<description>None</description>
			<possibleresult>
				<name>Tennis Court</name>
			</possibleresult>
			<points>
				<point>427.000031,351.000031</point>
				<point>378.420746,355.048309</point>
				<point>375.000031,314.000031</point>
				<point>423.579315,309.951752</point>
				<point>427.000031,351.000031</point>
			</points>
		</object>
		<object>
			<coordinate>pixel</coordinate>
			<type>rectangle</type>
			<description>None</description>
			<possibleresult>
				<name>Tennis Court</name>
			</possibleresult>
			<points>
				<point>499.000061,386.000031</point>
				<point>450.082153,390.831451</point>
				<point>442.000061,309.000031</point>
				<point>490.917969,304.168610</point>
				<point>499.000061,386.000031</point>
			</points>
		</object>
		<object>
			<coordinate>pixel</coordinate>
			<type>rectangle</type>
			<description>None</description>
			<possibleresult>
				<name>Tennis Court</name>
			</possibleresult>
			<points>
				<point>593.000000,380.000000</point>
				<point>546.168335,384.683167</point>
				<point>538.000000,303.000000</point>
				<point>584.831665,298.316833</point>
				<point>593.000000,380.000000</point>
			</points>
		</object>
		<object>
			<coordinate>pixel</coordinate>
			<type>rectangle</type>
			<description>None</description>
			<possibleresult>
				<name>Tennis Court</name>
			</possibleresult>
			<points>
				<point>661.000000,375.000000</point>
				<point>613.266602,380.369995</point>
				<point>604.000000,298.000000</point>
				<point>651.733398,292.630005</point>
				<point>661.000000,375.000000</point>
			</points>
		</object>
		<object>
			<coordinate>pixel</coordinate>
			<type>rectangle</type>
			<description>None</description>
			<possibleresult>
				<name>Tennis Court</name>
			</possibleresult>
			<points>
				<point>727.000000,371.000000</point>
				<point>678.287109,375.871277</point>
				<point>670.000000,293.000000</point>
				<point>718.712891,288.128723</point>
				<point>727.000000,371.000000</point>
			</points>
		</object>
		<object>
			<coordinate>pixel</coordinate>
			<type>rectangle</type>
			<description>None</description>
			<possibleresult>
				<name>Tennis Court</name>
			</possibleresult>
			<points>
				<point>657.000061,235.000000</point>
				<point>608.196716,239.942108</point>
				<point>600.000061,159.000000</point>
				<point>648.803406,154.057892</point>
				<point>657.000061,235.000000</point>
			</points>
		</object>
		<object>
			<coordinate>pixel</coordinate>
			<type>rectangle</type>
			<description>None</description>
			<possibleresult>
				<name>Tennis Court</name>
			</possibleresult>
			<points>
				<point>594.000061,239.000000</point>
				<point>547.134216,244.207306</point>
				<point>538.000061,162.000000</point>
				<point>584.865906,156.792694</point>
				<point>594.000061,239.000000</point>
			</points>
		</object>
		<object>
			<coordinate>pixel</coordinate>
			<type>rectangle</type>
			<description>None</description>
			<possibleresult>
				<name>Tennis Court</name>
			</possibleresult>
			<points>
				<point>535.000000,243.999985</point>
				<point>487.137512,249.253189</point>
				<point>477.999939,165.999985</point>
				<point>525.862427,160.746780</point>
				<point>535.000000,243.999985</point>
			</points>
		</object>
		<object>
			<coordinate>pixel</coordinate>
			<type>rectangle</type>
			<description>None</description>
			<possibleresult>
				<name>Tennis Court</name>
			</possibleresult>
			<points>
				<point>472.000000,249.000000</point>
				<point>424.104187,253.190887</point>
				<point>417.000000,172.000000</point>
				<point>464.895813,167.809113</point>
				<point>472.000000,249.000000</point>
			</points>
		</object>
		<object>
			<coordinate>pixel</coordinate>
			<type>rectangle</type>
			<description>None</description>
			<possibleresult>
				<name>Dump Truck</name>
			</possibleresult>
			<points>
				<point>467.000061,453.000000</point>
				<point>435.000061,455.000000</point>
				<point>434.498108,446.968872</point>
				<point>466.498108,444.968872</point>
				<point>467.000061,453.000000</point>
			</points>
		</object>
		<object>
			<coordinate>pixel</coordinate>
			<type>rectangle</type>
			<description>None</description>
			<possibleresult>
				<name>Cargo Truck</name>
			</possibleresult>
			<points>
				<point>536.000000,633.999939</point>
				<point>532.253662,642.117004</point>
				<point>506.253662,630.117004</point>
				<point>510.000000,621.999939</point>
				<point>536.000000,633.999939</point>
			</points>
		</object>
		<object>
			<coordinate>pixel</coordinate>
			<type>rectangle</type>
			<description>None</description>
			<possibleresult>
				<name>Cargo Truck</name>
			</possibleresult>
			<points>
				<point>529.000000,647.000000</point>
				<point>525.275879,655.689697</point>
				<point>504.275879,646.689697</point>
				<point>508.000000,638.000000</point>
				<point>529.000000,647.000000</point>
			</points>
		</object>
		<object>
			<coordinate>pixel</coordinate>
			<type>rectangle</type>
			<description>None</description>
			<possibleresult>
				<name>Van</name>
			</possibleresult>
			<points>
				<point>946.000122,668.000061</point>
				<point>933.576538,682.494202</point>
				<point>926.576538,676.494202</point>
				<point>939.000122,662.000061</point>
				<point>946.000122,668.000061</point>
			</points>
		</object>
		<object>
			<coordinate>pixel</coordinate>
			<type>rectangle</type>
			<description>None</description>
			<possibleresult>
				<name>Cargo Truck</name>
			</possibleresult>
			<points>
				<point>840.999939,757.000000</point>
				<point>818.509460,769.267578</point>
				<point>813.999939,761.000122</point>
				<point>836.490417,748.732544</point>
				<point>840.999939,757.000000</point>
			</points>
		</object>
		<object>
			<coordinate>pixel</coordinate>
			<type>rectangle</type>
			<description>None</description>
			<possibleresult>
				<name>Van</name>
			</possibleresult>
			<points>
				<point>835.000000,798.000061</point>
				<point>827.000000,809.000061</point>
				<point>818.913574,803.118958</point>
				<point>826.913574,792.118958</point>
				<point>835.000000,798.000061</point>
			</points>
		</object>
		<object>
			<coordinate>pixel</coordinate>
			<type>rectangle</type>
			<description>None</description>
			<possibleresult>
				<name>Van</name>
			</possibleresult>
			<points>
				<point>846.298401,804.668640</point>
				<point>837.000061,815.000183</point>
				<point>830.701721,809.331726</point>
				<point>840.000061,799.000183</point>
				<point>846.298401,804.668640</point>
			</points>
		</object>
		<object>
			<coordinate>pixel</coordinate>
			<type>rectangle</type>
			<description>None</description>
			<possibleresult>
				<name>Small Car</name>
			</possibleresult>
			<points>
				<point>857.000000,809.000061</point>
				<point>847.000000,822.000061</point>
				<point>839.074341,815.903381</point>
				<point>849.074341,802.903381</point>
				<point>857.000000,809.000061</point>
			</points>
		</object>
		<object>
			<coordinate>pixel</coordinate>
			<type>rectangle</type>
			<description>None</description>
			<possibleresult>
				<name>Van</name>
			</possibleresult>
			<points>
				<point>866.999939,815.999939</point>
				<point>852.999939,827.999939</point>
				<point>847.423523,821.494080</point>
				<point>861.423523,809.494080</point>
				<point>866.999939,815.999939</point>
			</points>
		</object>
		<object>
			<coordinate>pixel</coordinate>
			<type>rectangle</type>
			<description>None</description>
			<possibleresult>
				<name>Small Car</name>
			</possibleresult>
			<points>
				<point>874.000122,820.000122</point>
				<point>861.500122,832.500122</point>
				<point>856.500122,827.500122</point>
				<point>869.000122,815.000122</point>
				<point>874.000122,820.000122</point>
			</points>
		</object>
		<object>
			<coordinate>pixel</coordinate>
			<type>rectangle</type>
			<description>None</description>
			<possibleresult>
				<name>Dump Truck</name>
			</possibleresult>
			<points>
				<point>999.999939,951.799866</point>
				<point>993.999939,946.999939</point>
				<point>998.877991,940.902405</point>
				<point>1004.877991,945.702332</point>
				<point>999.999939,951.799866</point>
			</points>
		</object>
		<object>
			<coordinate>pixel</coordinate>
			<type>rectangle</type>
			<description>None</description>
			<possibleresult>
				<name>Van</name>
			</possibleresult>
			<points>
				<point>1000.000000,928.062439</point>
				<point>984.999878,913.999939</point>
				<point>989.833618,908.844055</point>
				<point>1000.000000,918.375000</point>
				<point>1000.000000,928.062439</point>
			</points>
		</object>
		<object>
			<coordinate>pixel</coordinate>
			<type>rectangle</type>
			<description>None</description>
			<possibleresult>
				<name>Van</name>
			</possibleresult>
			<points>
				<point>989.000061,908.000061</point>
				<point>984.000061,913.000061</point>
				<point>970.000061,899.000061</point>
				<point>975.000061,894.000061</point>
				<point>989.000061,908.000061</point>
			</points>
		</object>
		<object>
			<coordinate>pixel</coordinate>
			<type>rectangle</type>
			<description>None</description>
			<possibleresult>
				<name>Van</name>
			</possibleresult>
			<points>
				<point>970.207458,890.226440</point>
				<point>964.999939,895.000000</point>
				<point>953.792419,882.773560</point>
				<point>958.999939,878.000000</point>
				<point>970.207458,890.226440</point>
			</points>
		</object>
		<object>
			<coordinate>pixel</coordinate>
			<type>rectangle</type>
			<description>None</description>
			<possibleresult>
				<name>Van</name>
			</possibleresult>
			<points>
				<point>953.252014,868.364014</point>
				<point>948.000061,872.000000</point>
				<point>938.748108,858.635986</point>
				<point>944.000061,855.000000</point>
				<point>953.252014,868.364014</point>
			</points>
		</object>
		<object>
			<coordinate>pixel</coordinate>
			<type>rectangle</type>
			<description>None</description>
			<possibleresult>
				<name>Van</name>
			</possibleresult>
			<points>
				<point>941.000000,846.999878</point>
				<point>934.119995,852.159912</point>
				<point>922.119995,836.159912</point>
				<point>929.000000,830.999878</point>
				<point>941.000000,846.999878</point>
			</points>
		</object>
		<object>
			<coordinate>pixel</coordinate>
			<type>rectangle</type>
			<description>None</description>
			<possibleresult>
				<name>Van</name>
			</possibleresult>
			<points>
				<point>918.000061,814.000000</point>
				<point>907.004578,815.047241</point>
				<point>905.004578,794.047241</point>
				<point>916.000061,793.000000</point>
				<point>918.000061,814.000000</point>
			</points>
		</object>
		<object>
			<coordinate>pixel</coordinate>
			<type>rectangle</type>
			<description>None</description>
			<possibleresult>
				<name>Van</name>
			</possibleresult>
			<points>
				<point>913.000000,790.999939</point>
				<point>905.054077,792.324280</point>
				<point>902.054077,774.324280</point>
				<point>910.000000,772.999939</point>
				<point>913.000000,790.999939</point>
			</points>
		</object>
		<object>
			<coordinate>pixel</coordinate>
			<type>rectangle</type>
			<description>None</description>
			<possibleresult>
				<name>Van</name>
			</possibleresult>
			<points>
				<point>911.999939,772.000061</point>
				<point>903.006775,773.058044</point>
				<point>901.006775,756.058044</point>
				<point>909.999939,755.000061</point>
				<point>911.999939,772.000061</point>
			</points>
		</object>
		<object>
			<coordinate>pixel</coordinate>
			<type>rectangle</type>
			<description>None</description>
			<possibleresult>
				<name>Van</name>
			</possibleresult>
			<points>
				<point>909.000000,754.000000</point>
				<point>900.000000,754.000000</point>
				<point>900.000000,735.000000</point>
				<point>909.000000,735.000000</point>
				<point>909.000000,754.000000</point>
			</points>
		</object>
		<object>
			<coordinate>pixel</coordinate>
			<type>rectangle</type>
			<description>None</description>
			<possibleresult>
				<name>Small Car</name>
			</possibleresult>
			<points>
				<point>917.000122,701.000061</point>
				<point>909.800171,715.400085</point>
				<point>901.000122,711.000061</point>
				<point>908.200073,696.600037</point>
				<point>917.000122,701.000061</point>
			</points>
		</object>
		<object>
			<coordinate>pixel</coordinate>
			<type>rectangle</type>
			<description>None</description>
			<possibleresult>
				<name>Van</name>
			</possibleresult>
			<points>
				<point>1000.000000,498.999939</point>
				<point>988.000061,487.000000</point>
				<point>993.500061,481.500000</point>
				<point>1000.000000,487.999939</point>
				<point>1000.000000,498.999939</point>
			</points>
		</object>
		<object>
			<coordinate>pixel</coordinate>
			<type>rectangle</type>
			<description>None</description>
			<possibleresult>
				<name>Small Car</name>
			</possibleresult>
			<points>
				<point>987.000061,477.000000</point>
				<point>982.000061,485.000000</point>
				<point>964.831482,474.269653</point>
				<point>969.831482,466.269653</point>
				<point>987.000061,477.000000</point>
			</points>
		</object>
		<object>
			<coordinate>pixel</coordinate>
			<type>rectangle</type>
			<description>None</description>
			<possibleresult>
				<name>Dump Truck</name>
			</possibleresult>
			<points>
				<point>962.116272,465.040466</point>
				<point>958.999939,474.000000</point>
				<point>935.689636,465.892090</point>
				<point>938.805969,456.932556</point>
				<point>962.116272,465.040466</point>
			</points>
		</object>
		<object>
			<coordinate>pixel</coordinate>
			<type>rectangle</type>
			<description>None</description>
			<possibleresult>
				<name>Van</name>
			</possibleresult>
			<points>
				<point>931.816528,455.944977</point>
				<point>930.000000,462.000031</point>
				<point>910.000000,456.000031</point>
				<point>911.816528,449.944977</point>
				<point>931.816528,455.944977</point>
			</points>
		</object>
		<object>
			<coordinate>pixel</coordinate>
			<type>rectangle</type>
			<description>None</description>
			<possibleresult>
				<name>Van</name>
			</possibleresult>
			<points>
				<point>900.139893,447.019958</point>
				<point>899.139893,454.019958</point>
				<point>877.999878,450.999939</point>
				<point>878.999878,443.999939</point>
				<point>900.139893,447.019958</point>
			</points>
		</object>
		<object>
			<coordinate>pixel</coordinate>
			<type>rectangle</type>
			<description>None</description>
			<possibleresult>
				<name>Van</name>
			</possibleresult>
			<points>
				<point>826.000000,452.000000</point>
				<point>805.000000,452.000000</point>
				<point>805.000000,445.000000</point>
				<point>826.000000,445.000000</point>
				<point>826.000000,452.000000</point>
			</points>
		</object>
		<object>
			<coordinate>pixel</coordinate>
			<type>rectangle</type>
			<description>None</description>
			<possibleresult>
				<name>Van</name>
			</possibleresult>
			<points>
				<point>767.000000,456.000061</point>
				<point>747.948608,459.008179</point>
				<point>747.000000,453.000061</point>
				<point>766.051392,449.991943</point>
				<point>767.000000,456.000061</point>
			</points>
		</object>
		<object>
			<coordinate>pixel</coordinate>
			<type>rectangle</type>
			<description>None</description>
			<possibleresult>
				<name>Van</name>
			</possibleresult>
			<points>
				<point>742.285095,461.986450</point>
				<point>721.000061,463.000000</point>
				<point>720.715027,457.013550</point>
				<point>742.000061,456.000000</point>
				<point>742.285095,461.986450</point>
			</points>
		</object>
		<object>
			<coordinate>pixel</coordinate>
			<type>rectangle</type>
			<description>None</description>
			<possibleresult>
				<name>Van</name>
			</possibleresult>
			<points>
				<point>592.000000,508.000031</point>
				<point>574.855469,516.067993</point>
				<point>572.000000,510.000031</point>
				<point>589.144531,501.932068</point>
				<point>592.000000,508.000031</point>
			</points>
		</object>
		<object>
			<coordinate>pixel</coordinate>
			<type>rectangle</type>
			<description>None</description>
			<possibleresult>
				<name>Small Car</name>
			</possibleresult>
			<points>
				<point>561.000000,521.999939</point>
				<point>546.000000,531.999939</point>
				<point>541.692261,525.538391</point>
				<point>556.692261,515.538391</point>
				<point>561.000000,521.999939</point>
			</points>
		</object>
		<object>
			<coordinate>pixel</coordinate>
			<type>rectangle</type>
			<description>None</description>
			<possibleresult>
				<name>Small Car</name>
			</possibleresult>
			<points>
				<point>539.000000,538.000061</point>
				<point>521.807373,546.090759</point>
				<point>518.000000,538.000061</point>
				<point>535.192627,529.909363</point>
				<point>539.000000,538.000061</point>
			</points>
		</object>
		<object>
			<coordinate>pixel</coordinate>
			<type>rectangle</type>
			<description>None</description>
			<possibleresult>
				<name>Small Car</name>
			</possibleresult>
			<points>
				<point>519.123108,548.215454</point>
				<point>502.000061,558.000122</point>
				<point>497.569275,550.246216</point>
				<point>514.692322,540.461548</point>
				<point>519.123108,548.215454</point>
			</points>
		</object>
		<object>
			<coordinate>pixel</coordinate>
			<type>rectangle</type>
			<description>None</description>
			<possibleresult>
				<name>Van</name>
			</possibleresult>
			<points>
				<point>484.242981,572.690796</point>
				<point>473.242981,586.690796</point>
				<point>466.000061,581.000000</point>
				<point>477.000061,567.000000</point>
				<point>484.242981,572.690796</point>
			</points>
		</object>
		<object>
			<coordinate>pixel</coordinate>
			<type>rectangle</type>
			<description>None</description>
			<possibleresult>
				<name>Small Car</name>
			</possibleresult>
			<points>
				<point>468.400085,595.200012</point>
				<point>461.400085,609.200012</point>
				<point>453.000061,605.000061</point>
				<point>460.000061,591.000061</point>
				<point>468.400085,595.200012</point>
			</points>
		</object>
		<object>
			<coordinate>pixel</coordinate>
			<type>rectangle</type>
			<description>None</description>
			<possibleresult>
				<name>Van</name>
			</possibleresult>
			<points>
				<point>440.000000,677.999939</point>
				<point>436.000000,691.999939</point>
				<point>429.000000,689.999939</point>
				<point>433.000000,675.999939</point>
				<point>440.000000,677.999939</point>
			</points>
		</object>
		<object>
			<coordinate>pixel</coordinate>
			<type>rectangle</type>
			<description>None</description>
			<possibleresult>
				<name>Van</name>
			</possibleresult>
			<points>
				<point>435.231323,697.259827</point>
				<point>430.231323,713.259827</point>
				<point>423.000000,711.000061</point>
				<point>428.000000,695.000061</point>
				<point>435.231323,697.259827</point>
			</points>
		</object>
		<object>
			<coordinate>pixel</coordinate>
			<type>rectangle</type>
			<description>None</description>
			<possibleresult>
				<name>Small Car</name>
			</possibleresult>
			<points>
				<point>425.000000,730.000061</point>
				<point>415.911743,745.147156</point>
				<point>409.000000,741.000061</point>
				<point>418.088257,725.852966</point>
				<point>425.000000,730.000061</point>
			</points>
		</object>
		<object>
			<coordinate>pixel</coordinate>
			<type>rectangle</type>
			<description>None</description>
			<possibleresult>
				<name>Small Car</name>
			</possibleresult>
			<points>
				<point>415.087524,747.872681</point>
				<point>404.087524,763.872681</point>
				<point>397.000000,759.000000</point>
				<point>408.000000,743.000000</point>
				<point>415.087524,747.872681</point>
			</points>
		</object>
		<object>
			<coordinate>pixel</coordinate>
			<type>rectangle</type>
			<description>None</description>
			<possibleresult>
				<name>Van</name>
			</possibleresult>
			<points>
				<point>399.455170,768.461914</point>
				<point>388.455170,781.461914</point>
				<point>381.999969,775.999878</point>
				<point>392.999969,762.999878</point>
				<point>399.455170,768.461914</point>
			</points>
		</object>
		<object>
			<coordinate>pixel</coordinate>
			<type>rectangle</type>
			<description>None</description>
			<possibleresult>
				<name>Van</name>
			</possibleresult>
			<points>
				<point>379.999969,788.999939</point>
				<point>369.917999,801.098328</point>
				<point>364.999969,796.999939</point>
				<point>375.081940,784.901550</point>
				<point>379.999969,788.999939</point>
			</points>
		</object>
		<object>
			<coordinate>pixel</coordinate>
			<type>rectangle</type>
			<description>None</description>
			<possibleresult>
				<name>Van</name>
			</possibleresult>
			<points>
				<point>344.000000,530.000000</point>
				<point>323.000000,530.000000</point>
				<point>323.000000,523.000000</point>
				<point>344.000000,523.000000</point>
				<point>344.000000,530.000000</point>
			</points>
		</object>
		<object>
			<coordinate>pixel</coordinate>
			<type>rectangle</type>
			<description>None</description>
			<possibleresult>
				<name>Van</name>
			</possibleresult>
			<points>
				<point>345.000000,540.000000</point>
				<point>323.000000,540.000000</point>
				<point>323.000000,532.000000</point>
				<point>345.000000,532.000000</point>
				<point>345.000000,540.000000</point>
			</points>
		</object>
		<object>
			<coordinate>pixel</coordinate>
			<type>rectangle</type>
			<description>None</description>
			<possibleresult>
				<name>Van</name>
			</possibleresult>
			<points>
				<point>347.000000,549.000000</point>
				<point>325.000000,549.000000</point>
				<point>325.000000,543.000000</point>
				<point>347.000000,543.000000</point>
				<point>347.000000,549.000000</point>
			</points>
		</object>
		<object>
			<coordinate>pixel</coordinate>
			<type>rectangle</type>
			<description>None</description>
			<possibleresult>
				<name>Small Car</name>
			</possibleresult>
			<points>
				<point>151.603973,502.039612</point>
				<point>141.603973,503.039612</point>
				<point>140.000000,487.000000</point>
				<point>150.000000,486.000000</point>
				<point>151.603973,502.039612</point>
			</points>
		</object>
		<object>
			<coordinate>pixel</coordinate>
			<type>rectangle</type>
			<description>None</description>
			<possibleresult>
				<name>Dump Truck</name>
			</possibleresult>
			<points>
				<point>187.000000,505.000000</point>
				<point>177.018860,505.433960</point>
				<point>176.000000,482.000000</point>
				<point>185.981140,481.566040</point>
				<point>187.000000,505.000000</point>
			</points>
		</object>
		<object>
			<coordinate>pixel</coordinate>
			<type>rectangle</type>
			<description>None</description>
			<possibleresult>
				<name>Dump Truck</name>
			</possibleresult>
			<points>
				<point>227.000000,501.000000</point>
				<point>218.030426,502.223145</point>
				<point>215.000000,480.000000</point>
				<point>223.969574,478.776855</point>
				<point>227.000000,501.000000</point>
			</points>
		</object>
		<object>
			<coordinate>pixel</coordinate>
			<type>rectangle</type>
			<description>None</description>
			<possibleresult>
				<name>Dump Truck</name>
			</possibleresult>
			<points>
				<point>300.354736,495.096130</point>
				<point>253.354736,502.096130</point>
				<point>252.000000,493.000000</point>
				<point>299.000000,486.000000</point>
				<point>300.354736,495.096130</point>
			</points>
		</object>
		<object>
			<coordinate>pixel</coordinate>
			<type>rectangle</type>
			<description>None</description>
			<possibleresult>
				<name>Cargo Truck</name>
			</possibleresult>
			<points>
				<point>241.000000,511.999939</point>
				<point>204.501526,514.027649</point>
				<point>204.000000,504.999939</point>
				<point>240.498474,502.972229</point>
				<point>241.000000,511.999939</point>
			</points>
		</object>
		<object>
			<coordinate>pixel</coordinate>
			<type>rectangle</type>
			<description>None</description>
			<possibleresult>
				<name>Van</name>
			</possibleresult>
			<points>
				<point>139.000000,640.000000</point>
				<point>119.000000,640.000000</point>
				<point>119.000000,632.000000</point>
				<point>139.000000,632.000000</point>
				<point>139.000000,640.000000</point>
			</points>
		</object>
		<object>
			<coordinate>pixel</coordinate>
			<type>rectangle</type>
			<description>None</description>
			<possibleresult>
				<name>Van</name>
			</possibleresult>
			<points>
				<point>195.285065,636.986511</point>
				<point>174.000000,638.000061</point>
				<point>173.714935,632.013611</point>
				<point>195.000000,631.000061</point>
				<point>195.285065,636.986511</point>
			</points>
		</object>
		<object>
			<coordinate>pixel</coordinate>
			<type>rectangle</type>
			<description>None</description>
			<possibleresult>
				<name>Van</name>
			</possibleresult>
			<points>
				<point>195.000000,612.000061</point>
				<point>194.725769,618.033020</point>
				<point>172.725769,617.033020</point>
				<point>173.000000,611.000061</point>
				<point>195.000000,612.000061</point>
			</points>
		</object>
		<object>
			<coordinate>pixel</coordinate>
			<type>rectangle</type>
			<description>None</description>
			<possibleresult>
				<name>Van</name>
			</possibleresult>
			<points>
				<point>193.000000,600.000000</point>
				<point>171.000000,600.000000</point>
				<point>171.000000,594.000000</point>
				<point>193.000000,594.000000</point>
				<point>193.000000,600.000000</point>
			</points>
		</object>
		<object>
			<coordinate>pixel</coordinate>
			<type>rectangle</type>
			<description>None</description>
			<possibleresult>
				<name>Cargo Truck</name>
			</possibleresult>
			<points>
				<point>190.332581,585.015930</point>
				<point>190.000000,592.000061</point>
				<point>168.667419,590.984192</point>
				<point>169.000000,584.000061</point>
				<point>190.332581,585.015930</point>
			</points>
		</object>
		<object>
			<coordinate>pixel</coordinate>
			<type>rectangle</type>
			<description>None</description>
			<possibleresult>
				<name>Van</name>
			</possibleresult>
			<points>
				<point>192.000000,581.000000</point>
				<point>171.000000,581.000000</point>
				<point>171.000000,575.000000</point>
				<point>192.000000,575.000000</point>
				<point>192.000000,581.000000</point>
			</points>
		</object>
		<object>
			<coordinate>pixel</coordinate>
			<type>rectangle</type>
			<description>None</description>
			<possibleresult>
				<name>Van</name>
			</possibleresult>
			<points>
				<point>192.000000,572.000000</point>
				<point>172.000000,572.000000</point>
				<point>172.000000,566.000000</point>
				<point>192.000000,566.000000</point>
				<point>192.000000,572.000000</point>
			</points>
		</object>
		<object>
			<coordinate>pixel</coordinate>
			<type>rectangle</type>
			<description>None</description>
			<possibleresult>
				<name>Van</name>
			</possibleresult>
			<points>
				<point>189.000000,547.000000</point>
				<point>171.000000,547.000000</point>
				<point>171.000000,541.000000</point>
				<point>189.000000,541.000000</point>
				<point>189.000000,547.000000</point>
			</points>
		</object>
		<object>
			<coordinate>pixel</coordinate>
			<type>rectangle</type>
			<description>None</description>
			<possibleresult>
				<name>Van</name>
			</possibleresult>
			<points>
				<point>215.000000,553.000000</point>
				<point>194.000000,553.000000</point>
				<point>194.000000,547.000000</point>
				<point>215.000000,547.000000</point>
				<point>215.000000,553.000000</point>
			</points>
		</object>
		<object>
			<coordinate>pixel</coordinate>
			<type>rectangle</type>
			<description>None</description>
			<possibleresult>
				<name>Dump Truck</name>
			</possibleresult>
			<points>
				<point>216.000000,565.000000</point>
				<point>215.617645,573.029419</point>
				<point>194.000000,572.000000</point>
				<point>194.382355,563.970581</point>
				<point>216.000000,565.000000</point>
			</points>
		</object>
		<object>
			<coordinate>pixel</coordinate>
			<type>rectangle</type>
			<description>None</description>
			<possibleresult>
				<name>Small Car</name>
			</possibleresult>
			<points>
				<point>218.000000,598.000000</point>
				<point>197.000000,598.000000</point>
				<point>197.000000,593.000000</point>
				<point>218.000000,593.000000</point>
				<point>218.000000,598.000000</point>
			</points>
		</object>
		<object>
			<coordinate>pixel</coordinate>
			<type>rectangle</type>
			<description>None</description>
			<possibleresult>
				<name>Van</name>
			</possibleresult>
			<points>
				<point>217.000000,609.000000</point>
				<point>197.000000,609.000000</point>
				<point>197.000000,603.000000</point>
				<point>217.000000,603.000000</point>
				<point>217.000000,609.000000</point>
			</points>
		</object>
		<object>
			<coordinate>pixel</coordinate>
			<type>rectangle</type>
			<description>None</description>
			<possibleresult>
				<name>Small Car</name>
			</possibleresult>
			<points>
				<point>218.000000,616.000000</point>
				<point>198.000000,616.000000</point>
				<point>198.000000,611.000000</point>
				<point>218.000000,611.000000</point>
				<point>218.000000,616.000000</point>
			</points>
		</object>
		<object>
			<coordinate>pixel</coordinate>
			<type>rectangle</type>
			<description>None</description>
			<possibleresult>
				<name>Small Car</name>
			</possibleresult>
			<points>
				<point>216.000000,627.000000</point>
				<point>195.000000,627.000000</point>
				<point>195.000000,621.000000</point>
				<point>216.000000,621.000000</point>
				<point>216.000000,627.000000</point>
			</points>
		</object>
		<object>
			<coordinate>pixel</coordinate>
			<type>rectangle</type>
			<description>None</description>
			<possibleresult>
				<name>Van</name>
			</possibleresult>
			<points>
				<point>217.000000,637.000000</point>
				<point>199.000000,637.000000</point>
				<point>199.000000,629.000000</point>
				<point>217.000000,629.000000</point>
				<point>217.000000,637.000000</point>
			</points>
		</object>
		<object>
			<coordinate>pixel</coordinate>
			<type>rectangle</type>
			<description>None</description>
			<possibleresult>
				<name>Van</name>
			</possibleresult>
			<points>
				<point>273.000000,635.000000</point>
				<point>251.000000,635.000000</point>
				<point>251.000000,627.000000</point>
				<point>273.000000,627.000000</point>
				<point>273.000000,635.000000</point>
			</points>
		</object>
		<object>
			<coordinate>pixel</coordinate>
			<type>rectangle</type>
			<description>None</description>
			<possibleresult>
				<name>Van</name>
			</possibleresult>
			<points>
				<point>274.399048,615.980042</point>
				<point>254.000015,616.999939</point>
				<point>253.601028,609.019836</point>
				<point>274.000061,607.999939</point>
				<point>274.399048,615.980042</point>
			</points>
		</object>
		<object>
			<coordinate>pixel</coordinate>
			<type>rectangle</type>
			<description>None</description>
			<possibleresult>
				<name>Dump Truck</name>
			</possibleresult>
			<points>
				<point>272.297272,588.026062</point>
				<point>245.297272,589.026062</point>
				<point>245.000031,581.000061</point>
				<point>272.000031,580.000061</point>
				<point>272.297272,588.026062</point>
			</points>
		</object>
		<object>
			<coordinate>pixel</coordinate>
			<type>rectangle</type>
			<description>None</description>
			<possibleresult>
				<name>Small Car</name>
			</possibleresult>
			<points>
				<point>269.000000,569.000000</point>
				<point>247.000000,569.000000</point>
				<point>247.000000,561.000000</point>
				<point>269.000000,561.000000</point>
				<point>269.000000,569.000000</point>
			</points>
		</object>
		<object>
			<coordinate>pixel</coordinate>
			<type>rectangle</type>
			<description>None</description>
			<possibleresult>
				<name>Dump Truck</name>
			</possibleresult>
			<points>
				<point>271.000000,533.000061</point>
				<point>270.677734,542.024231</point>
				<point>242.677719,541.024231</point>
				<point>243.000000,532.000061</point>
				<point>271.000000,533.000061</point>
			</points>
		</object>
		<object>
			<coordinate>pixel</coordinate>
			<type>rectangle</type>
			<description>None</description>
			<possibleresult>
				<name>Van</name>
			</possibleresult>
			<points>
				<point>292.000000,542.000000</point>
				<point>272.000000,542.000000</point>
				<point>272.000000,534.000000</point>
				<point>292.000000,534.000000</point>
				<point>292.000000,542.000000</point>
			</points>
		</object>
		<object>
			<coordinate>pixel</coordinate>
			<type>rectangle</type>
			<description>None</description>
			<possibleresult>
				<name>Van</name>
			</possibleresult>
			<points>
				<point>292.000000,568.000000</point>
				<point>271.000000,568.000000</point>
				<point>271.000000,562.000000</point>
				<point>292.000000,562.000000</point>
				<point>292.000000,568.000000</point>
			</points>
		</object>
		<object>
			<coordinate>pixel</coordinate>
			<type>rectangle</type>
			<description>None</description>
			<possibleresult>
				<name>Van</name>
			</possibleresult>
			<points>
				<point>293.000000,559.000000</point>
				<point>273.000000,559.000000</point>
				<point>273.000000,552.000000</point>
				<point>293.000000,552.000000</point>
				<point>293.000000,559.000000</point>
			</points>
		</object>
		<object>
			<coordinate>pixel</coordinate>
			<type>rectangle</type>
			<description>None</description>
			<possibleresult>
				<name>Van</name>
			</possibleresult>
			<points>
				<point>293.000000,578.000000</point>
				<point>272.000000,578.000000</point>
				<point>272.000000,571.000000</point>
				<point>293.000000,571.000000</point>
				<point>293.000000,578.000000</point>
			</points>
		</object>
		<object>
			<coordinate>pixel</coordinate>
			<type>rectangle</type>
			<description>None</description>
			<possibleresult>
				<name>Small Car</name>
			</possibleresult>
			<points>
				<point>294.000000,588.000000</point>
				<point>273.000000,588.000000</point>
				<point>273.000000,580.000000</point>
				<point>294.000000,580.000000</point>
				<point>294.000000,588.000000</point>
			</points>
		</object>
		<object>
			<coordinate>pixel</coordinate>
			<type>rectangle</type>
			<description>None</description>
			<possibleresult>
				<name>Small Car</name>
			</possibleresult>
			<points>
				<point>295.334839,596.031616</point>
				<point>274.334839,597.031616</point>
				<point>274.000000,590.000000</point>
				<point>295.000000,589.000000</point>
				<point>295.334839,596.031616</point>
			</points>
		</object>
		<object>
			<coordinate>pixel</coordinate>
			<type>rectangle</type>
			<description>None</description>
			<possibleresult>
				<name>Van</name>
			</possibleresult>
			<points>
				<point>296.000000,606.000000</point>
				<point>274.000000,606.000000</point>
				<point>274.000000,599.000000</point>
				<point>296.000000,599.000000</point>
				<point>296.000000,606.000000</point>
			</points>
		</object>
		<object>
			<coordinate>pixel</coordinate>
			<type>rectangle</type>
			<description>None</description>
			<possibleresult>
				<name>Van</name>
			</possibleresult>
			<points>
				<point>297.370178,617.966858</point>
				<point>297.000000,625.000061</point>
				<point>278.000000,624.000061</point>
				<point>278.370178,616.966858</point>
				<point>297.370178,617.966858</point>
			</points>
		</object>
		<object>
			<coordinate>pixel</coordinate>
			<type>rectangle</type>
			<description>None</description>
			<possibleresult>
				<name>Van</name>
			</possibleresult>
			<points>
				<point>295.000000,634.000000</point>
				<point>274.000000,634.000000</point>
				<point>274.000000,627.000000</point>
				<point>295.000000,627.000000</point>
				<point>295.000000,634.000000</point>
			</points>
		</object>
		<object>
			<coordinate>pixel</coordinate>
			<type>rectangle</type>
			<description>None</description>
			<possibleresult>
				<name>Small Car</name>
			</possibleresult>
			<points>
				<point>352.000031,623.000000</point>
				<point>330.382355,624.029419</point>
				<point>330.000031,616.000000</point>
				<point>351.617706,614.970581</point>
				<point>352.000031,623.000000</point>
			</points>
		</object>
		<object>
			<coordinate>pixel</coordinate>
			<type>rectangle</type>
			<description>None</description>
			<possibleresult>
				<name>Small Car</name>
			</possibleresult>
			<points>
				<point>352.000000,633.000000</point>
				<point>331.000000,633.000000</point>
				<point>331.000000,626.000000</point>
				<point>352.000000,626.000000</point>
				<point>352.000000,633.000000</point>
			</points>
		</object>
		<object>
			<coordinate>pixel</coordinate>
			<type>rectangle</type>
			<description>None</description>
			<possibleresult>
				<name>Van</name>
			</possibleresult>
			<points>
				<point>352.048889,639.992737</point>
				<point>332.000000,643.000061</point>
				<point>330.951111,636.007385</point>
				<point>351.000000,633.000061</point>
				<point>352.048889,639.992737</point>
			</points>
		</object>
		<object>
			<coordinate>pixel</coordinate>
			<type>rectangle</type>
			<description>None</description>
			<possibleresult>
				<name>Van</name>
			</possibleresult>
			<points>
				<point>352.000000,649.000000</point>
				<point>330.000000,649.000000</point>
				<point>330.000000,643.000000</point>
				<point>352.000000,643.000000</point>
				<point>352.000000,649.000000</point>
			</points>
		</object>
		<object>
			<coordinate>pixel</coordinate>
			<type>rectangle</type>
			<description>None</description>
			<possibleresult>
				<name>Small Car</name>
			</possibleresult>
			<points>
				<point>355.000031,658.000061</point>
				<point>334.603973,660.039612</point>
				<point>334.000031,654.000061</point>
				<point>354.396088,651.960510</point>
				<point>355.000031,658.000061</point>
			</points>
		</object>
		<object>
			<coordinate>pixel</coordinate>
			<type>rectangle</type>
			<description>None</description>
			<possibleresult>
				<name>Van</name>
			</possibleresult>
			<points>
				<point>354.380096,668.981934</point>
				<point>333.000031,670.000000</point>
				<point>332.619965,662.018066</point>
				<point>354.000031,661.000000</point>
				<point>354.380096,668.981934</point>
			</points>
		</object>
		<object>
			<coordinate>pixel</coordinate>
			<type>rectangle</type>
			<description>None</description>
			<possibleresult>
				<name>Van</name>
			</possibleresult>
			<points>
				<point>355.000031,685.000000</point>
				<point>338.000031,686.000000</point>
				<point>337.644867,679.962036</point>
				<point>354.644867,678.962036</point>
				<point>355.000031,685.000000</point>
			</points>
		</object>
		<object>
			<coordinate>pixel</coordinate>
			<type>rectangle</type>
			<description>None</description>
			<possibleresult>
				<name>Van</name>
			</possibleresult>
			<points>
				<point>356.000031,694.000061</point>
				<point>334.000031,696.000061</point>
				<point>333.450836,689.959045</point>
				<point>355.450836,687.959045</point>
				<point>356.000031,694.000061</point>
			</points>
		</object>
		<object>
			<coordinate>pixel</coordinate>
			<type>rectangle</type>
			<description>None</description>
			<possibleresult>
				<name>Van</name>
			</possibleresult>
			<points>
				<point>357.000000,706.000000</point>
				<point>336.000000,706.000000</point>
				<point>336.000000,699.000000</point>
				<point>357.000000,699.000000</point>
				<point>357.000000,706.000000</point>
			</points>
		</object>
		<object>
			<coordinate>pixel</coordinate>
			<type>rectangle</type>
			<description>None</description>
			<possibleresult>
				<name>Van</name>
			</possibleresult>
			<points>
				<point>356.999969,714.000000</point>
				<point>338.999969,715.000000</point>
				<point>338.609222,707.966187</point>
				<point>356.609222,706.966187</point>
				<point>356.999969,714.000000</point>
			</points>
		</object>
		<object>
			<coordinate>pixel</coordinate>
			<type>rectangle</type>
			<description>None</description>
			<possibleresult>
				<name>Small Car</name>
			</possibleresult>
			<points>
				<point>359.000000,722.000000</point>
				<point>338.251892,723.037354</point>
				<point>338.000000,718.000000</point>
				<point>358.748108,716.962646</point>
				<point>359.000000,722.000000</point>
			</points>
		</object>
		<object>
			<coordinate>pixel</coordinate>
			<type>rectangle</type>
			<description>None</description>
			<possibleresult>
				<name>Small Car</name>
			</possibleresult>
			<points>
				<point>276.332733,689.986084</point>
				<point>251.999969,691.000000</point>
				<point>251.667206,683.013916</point>
				<point>275.999969,682.000000</point>
				<point>276.332733,689.986084</point>
			</points>
		</object>
		<object>
			<coordinate>pixel</coordinate>
			<type>rectangle</type>
			<description>None</description>
			<possibleresult>
				<name>Van</name>
			</possibleresult>
			<points>
				<point>276.000000,679.000000</point>
				<point>256.000000,681.000000</point>
				<point>255.306946,674.069336</point>
				<point>275.306946,672.069336</point>
				<point>276.000000,679.000000</point>
			</points>
		</object>
		<object>
			<coordinate>pixel</coordinate>
			<type>rectangle</type>
			<description>None</description>
			<possibleresult>
				<name>Small Car</name>
			</possibleresult>
			<points>
				<point>277.000000,672.000061</point>
				<point>255.334839,673.031677</point>
				<point>255.000000,666.000061</point>
				<point>276.665161,664.968445</point>
				<point>277.000000,672.000061</point>
			</points>
		</object>
		<object>
			<coordinate>pixel</coordinate>
			<type>rectangle</type>
			<description>None</description>
			<possibleresult>
				<name>Van</name>
			</possibleresult>
			<points>
				<point>273.658508,661.926880</point>
				<point>254.999985,664.000000</point>
				<point>254.341476,658.073120</point>
				<point>273.000000,656.000000</point>
				<point>273.658508,661.926880</point>
			</points>
		</object>
		<object>
			<coordinate>pixel</coordinate>
			<type>rectangle</type>
			<description>None</description>
			<possibleresult>
				<name>Small Car</name>
			</possibleresult>
			<points>
				<point>297.000000,661.000000</point>
				<point>277.000000,661.000000</point>
				<point>277.000000,655.000000</point>
				<point>297.000000,655.000000</point>
				<point>297.000000,661.000000</point>
			</points>
		</object>
		<object>
			<coordinate>pixel</coordinate>
			<type>rectangle</type>
			<description>None</description>
			<possibleresult>
				<name>Small Car</name>
			</possibleresult>
			<points>
				<point>299.285126,669.986450</point>
				<point>278.000031,671.000000</point>
				<point>277.714935,665.013550</point>
				<point>299.000031,664.000000</point>
				<point>299.285126,669.986450</point>
			</points>
		</object>
		<object>
			<coordinate>pixel</coordinate>
			<type>rectangle</type>
			<description>None</description>
			<possibleresult>
				<name>Small Car</name>
			</possibleresult>
			<points>
				<point>298.349121,678.982544</point>
				<point>278.000000,680.000000</point>
				<point>277.650879,673.017456</point>
				<point>298.000000,672.000000</point>
				<point>298.349121,678.982544</point>
			</points>
		</object>
		<object>
			<coordinate>pixel</coordinate>
			<type>rectangle</type>
			<description>None</description>
			<possibleresult>
				<name>Small Car</name>
			</possibleresult>
			<points>
				<point>299.000000,688.000000</point>
				<point>279.000000,688.000000</point>
				<point>279.000000,682.000000</point>
				<point>299.000000,682.000000</point>
				<point>299.000000,688.000000</point>
			</points>
		</object>
		<object>
			<coordinate>pixel</coordinate>
			<type>rectangle</type>
			<description>None</description>
			<possibleresult>
				<name>Small Car</name>
			</possibleresult>
			<points>
				<point>306.305664,706.030090</point>
				<point>283.305664,707.030090</point>
				<point>283.000000,699.999939</point>
				<point>306.000000,698.999939</point>
				<point>306.305664,706.030090</point>
			</points>
		</object>
		<object>
			<coordinate>pixel</coordinate>
			<type>rectangle</type>
			<description>None</description>
			<possibleresult>
				<name>Small Car</name>
			</possibleresult>
			<points>
				<point>302.000000,716.000000</point>
				<point>282.000000,716.000000</point>
				<point>282.000000,710.000000</point>
				<point>302.000000,710.000000</point>
				<point>302.000000,716.000000</point>
			</points>
		</object>
		<object>
			<coordinate>pixel</coordinate>
			<type>rectangle</type>
			<description>None</description>
			<possibleresult>
				<name>Van</name>
			</possibleresult>
			<points>
				<point>282.260376,706.988708</point>
				<point>259.000000,708.000061</point>
				<point>258.739624,702.011414</point>
				<point>282.000000,701.000061</point>
				<point>282.260376,706.988708</point>
			</points>
		</object>
		<object>
			<coordinate>pixel</coordinate>
			<type>rectangle</type>
			<description>None</description>
			<possibleresult>
				<name>Small Car</name>
			</possibleresult>
			<points>
				<point>279.367432,716.980713</point>
				<point>260.000000,718.000000</point>
				<point>259.632568,711.019287</point>
				<point>279.000000,710.000000</point>
				<point>279.367432,716.980713</point>
			</points>
		</object>
		<object>
			<coordinate>pixel</coordinate>
			<type>rectangle</type>
			<description>None</description>
			<possibleresult>
				<name>Van</name>
			</possibleresult>
			<points>
				<point>280.566315,721.053955</point>
				<point>280.000031,727.000000</point>
				<point>258.433746,724.946045</point>
				<point>259.000031,719.000000</point>
				<point>280.566315,721.053955</point>
			</points>
		</object>
		<object>
			<coordinate>pixel</coordinate>
			<type>rectangle</type>
			<description>None</description>
			<possibleresult>
				<name>Small Car</name>
			</possibleresult>
			<points>
				<point>279.000000,736.000000</point>
				<point>259.000000,736.000000</point>
				<point>259.000000,729.000000</point>
				<point>279.000000,729.000000</point>
				<point>279.000000,736.000000</point>
			</points>
		</object>
		<object>
			<coordinate>pixel</coordinate>
			<type>rectangle</type>
			<description>None</description>
			<possibleresult>
				<name>Van</name>
			</possibleresult>
			<points>
				<point>280.317535,738.014343</point>
				<point>280.000031,744.999939</point>
				<point>257.682526,743.985535</point>
				<point>258.000031,736.999939</point>
				<point>280.317535,738.014343</point>
			</points>
		</object>
		<object>
			<coordinate>pixel</coordinate>
			<type>rectangle</type>
			<description>None</description>
			<possibleresult>
				<name>Van</name>
			</possibleresult>
			<points>
				<point>300.000000,735.000000</point>
				<point>282.000000,735.000000</point>
				<point>282.000000,729.000000</point>
				<point>300.000000,729.000000</point>
				<point>300.000000,735.000000</point>
			</points>
		</object>
		<object>
			<coordinate>pixel</coordinate>
			<type>rectangle</type>
			<description>None</description>
			<possibleresult>
				<name>Van</name>
			</possibleresult>
			<points>
				<point>303.301758,744.034912</point>
				<point>283.301758,745.034912</point>
				<point>283.000000,739.000000</point>
				<point>303.000000,738.000000</point>
				<point>303.301758,744.034912</point>
			</points>
		</object>
		<object>
			<coordinate>pixel</coordinate>
			<type>rectangle</type>
			<description>None</description>
			<possibleresult>
				<name>Small Car</name>
			</possibleresult>
			<points>
				<point>303.000000,755.000000</point>
				<point>280.000000,755.000000</point>
				<point>280.000000,748.000000</point>
				<point>303.000000,748.000000</point>
				<point>303.000000,755.000000</point>
			</points>
		</object>
		<object>
			<coordinate>pixel</coordinate>
			<type>rectangle</type>
			<description>None</description>
			<possibleresult>
				<name>Small Car</name>
			</possibleresult>
			<points>
				<point>280.000000,754.000000</point>
				<point>259.000000,754.000000</point>
				<point>259.000000,747.000000</point>
				<point>280.000000,747.000000</point>
				<point>280.000000,754.000000</point>
			</points>
		</object>
		<object>
			<coordinate>pixel</coordinate>
			<type>rectangle</type>
			<description>None</description>
			<possibleresult>
				<name>Small Car</name>
			</possibleresult>
			<points>
				<point>311.123047,805.984741</point>
				<point>303.000000,807.000122</point>
				<point>301.000000,791.000122</point>
				<point>309.123047,789.984741</point>
				<point>311.123047,805.984741</point>
			</points>
		</object>
		<object>
			<coordinate>pixel</coordinate>
			<type>rectangle</type>
			<description>None</description>
			<possibleresult>
				<name>Small Car</name>
			</possibleresult>
			<points>
				<point>301.136017,804.430725</point>
				<point>292.999969,806.999939</point>
				<point>286.999969,787.999939</point>
				<point>295.136017,785.430725</point>
				<point>301.136017,804.430725</point>
			</points>
		</object>
		<object>
			<coordinate>pixel</coordinate>
			<type>rectangle</type>
			<description>None</description>
			<possibleresult>
				<name>Small Car</name>
			</possibleresult>
			<points>
				<point>288.999969,805.000000</point>
				<point>280.026215,807.111450</point>
				<point>276.026215,790.111450</point>
				<point>284.999969,788.000000</point>
				<point>288.999969,805.000000</point>
			</points>
		</object>
		<object>
			<coordinate>pixel</coordinate>
			<type>rectangle</type>
			<description>None</description>
			<possibleresult>
				<name>Small Car</name>
			</possibleresult>
			<points>
				<point>263.924500,805.735901</point>
				<point>256.924500,807.735901</point>
				<point>253.000000,794.000061</point>
				<point>260.000000,792.000061</point>
				<point>263.924500,805.735901</point>
			</points>
		</object>
		<object>
			<coordinate>pixel</coordinate>
			<type>rectangle</type>
			<description>None</description>
			<possibleresult>
				<name>Van</name>
			</possibleresult>
			<points>
				<point>253.000000,809.000000</point>
				<point>244.000000,809.000000</point>
				<point>244.000000,791.000000</point>
				<point>253.000000,791.000000</point>
				<point>253.000000,809.000000</point>
			</points>
		</object>
		<object>
			<coordinate>pixel</coordinate>
			<type>rectangle</type>
			<description>None</description>
			<possibleresult>
				<name>Van</name>
			</possibleresult>
			<points>
				<point>241.000031,808.000061</point>
				<point>232.969055,808.535461</point>
				<point>231.969055,793.535461</point>
				<point>240.000031,793.000061</point>
				<point>241.000031,808.000061</point>
			</points>
		</object>
		<object>
			<coordinate>pixel</coordinate>
			<type>rectangle</type>
			<description>None</description>
			<possibleresult>
				<name>Small Car</name>
			</possibleresult>
			<points>
				<point>228.999985,808.999939</point>
				<point>219.972305,809.501526</point>
				<point>218.972305,791.501526</point>
				<point>227.999985,790.999939</point>
				<point>228.999985,808.999939</point>
			</points>
		</object>
		<object>
			<coordinate>pixel</coordinate>
			<type>rectangle</type>
			<description>None</description>
			<possibleresult>
				<name>Small Car</name>
			</possibleresult>
			<points>
				<point>218.000000,809.000000</point>
				<point>210.027588,809.468994</point>
				<point>209.000000,792.000000</point>
				<point>216.972412,791.531006</point>
				<point>218.000000,809.000000</point>
			</points>
		</object>
		<object>
			<coordinate>pixel</coordinate>
			<type>rectangle</type>
			<description>None</description>
			<possibleresult>
				<name>Van</name>
			</possibleresult>
			<points>
				<point>224.000000,778.000000</point>
				<point>203.000000,778.000000</point>
				<point>203.000000,771.000000</point>
				<point>224.000000,771.000000</point>
				<point>224.000000,778.000000</point>
			</points>
		</object>
		<object>
			<coordinate>pixel</coordinate>
			<type>rectangle</type>
			<description>None</description>
			<possibleresult>
				<name>Van</name>
			</possibleresult>
			<points>
				<point>201.000000,759.000000</point>
				<point>180.000000,759.000000</point>
				<point>180.000000,751.000000</point>
				<point>201.000000,751.000000</point>
				<point>201.000000,759.000000</point>
			</points>
		</object>
		<object>
			<coordinate>pixel</coordinate>
			<type>rectangle</type>
			<description>None</description>
			<possibleresult>
				<name>Van</name>
			</possibleresult>
			<points>
				<point>200.317551,737.014343</point>
				<point>200.000015,743.999939</point>
				<point>177.682480,742.985535</point>
				<point>178.000015,735.999939</point>
				<point>200.317551,737.014343</point>
			</points>
		</object>
		<object>
			<coordinate>pixel</coordinate>
			<type>rectangle</type>
			<description>None</description>
			<possibleresult>
				<name>Van</name>
			</possibleresult>
			<points>
				<point>225.000000,743.000000</point>
				<point>206.000000,743.000000</point>
				<point>206.000000,737.000000</point>
				<point>225.000000,737.000000</point>
				<point>225.000000,743.000000</point>
			</points>
		</object>
		<object>
			<coordinate>pixel</coordinate>
			<type>rectangle</type>
			<description>None</description>
			<possibleresult>
				<name>Van</name>
			</possibleresult>
			<points>
				<point>225.000000,721.000000</point>
				<point>204.000000,721.000000</point>
				<point>204.000000,714.000000</point>
				<point>225.000000,714.000000</point>
				<point>225.000000,721.000000</point>
			</points>
		</object>
		<object>
			<coordinate>pixel</coordinate>
			<type>rectangle</type>
			<description>None</description>
			<possibleresult>
				<name>Small Car</name>
			</possibleresult>
			<points>
				<point>224.999985,706.999939</point>
				<point>224.696213,713.986755</point>
				<point>201.696213,712.986755</point>
				<point>201.999985,705.999939</point>
				<point>224.999985,706.999939</point>
			</points>
		</object>
		<object>
			<coordinate>pixel</coordinate>
			<type>rectangle</type>
			<description>None</description>
			<possibleresult>
				<name>Van</name>
			</possibleresult>
			<points>
				<point>201.000000,722.000000</point>
				<point>179.000000,722.000000</point>
				<point>179.000000,714.000000</point>
				<point>201.000000,714.000000</point>
				<point>201.000000,722.000000</point>
			</points>
		</object>
		<object>
			<coordinate>pixel</coordinate>
			<type>rectangle</type>
			<description>None</description>
			<possibleresult>
				<name>Van</name>
			</possibleresult>
			<points>
				<point>200.000000,713.000000</point>
				<point>180.000000,713.000000</point>
				<point>180.000000,707.000000</point>
				<point>200.000000,707.000000</point>
				<point>200.000000,713.000000</point>
			</points>
		</object>
		<object>
			<coordinate>pixel</coordinate>
			<type>rectangle</type>
			<description>None</description>
			<possibleresult>
				<name>Small Car</name>
			</possibleresult>
			<points>
				<point>199.000000,704.000000</point>
				<point>180.000000,704.000000</point>
				<point>180.000000,698.000000</point>
				<point>199.000000,698.000000</point>
				<point>199.000000,704.000000</point>
			</points>
		</object>
		<object>
			<coordinate>pixel</coordinate>
			<type>rectangle</type>
			<description>None</description>
			<possibleresult>
				<name>Small Car</name>
			</possibleresult>
			<points>
				<point>223.000000,703.000000</point>
				<point>202.000000,703.000000</point>
				<point>202.000000,697.000000</point>
				<point>223.000000,697.000000</point>
				<point>223.000000,703.000000</point>
			</points>
		</object>
		<object>
			<coordinate>pixel</coordinate>
			<type>rectangle</type>
			<description>None</description>
			<possibleresult>
				<name>Van</name>
			</possibleresult>
			<points>
				<point>220.000000,693.000000</point>
				<point>200.000000,693.000000</point>
				<point>200.000000,686.000000</point>
				<point>220.000000,686.000000</point>
				<point>220.000000,693.000000</point>
			</points>
		</object>
		<object>
			<coordinate>pixel</coordinate>
			<type>rectangle</type>
			<description>None</description>
			<possibleresult>
				<name>Van</name>
			</possibleresult>
			<points>
				<point>200.000000,688.000061</point>
				<point>199.665161,695.031677</point>
				<point>178.000000,694.000061</point>
				<point>178.334839,686.968445</point>
				<point>200.000000,688.000061</point>
			</points>
		</object>
		<object>
			<coordinate>pixel</coordinate>
			<type>rectangle</type>
			<description>None</description>
			<possibleresult>
				<name>Van</name>
			</possibleresult>
			<points>
				<point>221.000000,684.000000</point>
				<point>200.000000,684.000000</point>
				<point>200.000000,678.000000</point>
				<point>221.000000,678.000000</point>
				<point>221.000000,684.000000</point>
			</points>
		</object>
		<object>
			<coordinate>pixel</coordinate>
			<type>rectangle</type>
			<description>None</description>
			<possibleresult>
				<name>Van</name>
			</possibleresult>
			<points>
				<point>197.000000,686.000000</point>
				<point>177.000000,686.000000</point>
				<point>177.000000,679.000000</point>
				<point>197.000000,679.000000</point>
				<point>197.000000,686.000000</point>
			</points>
		</object>
		<object>
			<coordinate>pixel</coordinate>
			<type>rectangle</type>
			<description>None</description>
			<possibleresult>
				<name>Small Car</name>
			</possibleresult>
			<points>
				<point>220.000000,665.000000</point>
				<point>201.000000,665.000000</point>
				<point>201.000000,659.000000</point>
				<point>220.000000,659.000000</point>
				<point>220.000000,665.000000</point>
			</points>
		</object>
		<object>
			<coordinate>pixel</coordinate>
			<type>rectangle</type>
			<description>None</description>
			<possibleresult>
				<name>Van</name>
			</possibleresult>
			<points>
				<point>199.000000,676.000000</point>
				<point>178.000000,676.000000</point>
				<point>178.000000,670.000000</point>
				<point>199.000000,670.000000</point>
				<point>199.000000,676.000000</point>
			</points>
		</object>
		<object>
			<coordinate>pixel</coordinate>
			<type>rectangle</type>
			<description>None</description>
			<possibleresult>
				<name>Van</name>
			</possibleresult>
			<points>
				<point>199.000000,667.000000</point>
				<point>178.000000,667.000000</point>
				<point>178.000000,660.000000</point>
				<point>199.000000,660.000000</point>
				<point>199.000000,667.000000</point>
			</points>
		</object>
		<object>
			<coordinate>pixel</coordinate>
			<type>rectangle</type>
			<description>None</description>
			<possibleresult>
				<name>Van</name>
			</possibleresult>
			<points>
				<point>143.000000,680.000000</point>
				<point>123.000000,680.000000</point>
				<point>123.000000,672.000000</point>
				<point>143.000000,672.000000</point>
				<point>143.000000,680.000000</point>
			</points>
		</object>
		<object>
			<coordinate>pixel</coordinate>
			<type>rectangle</type>
			<description>None</description>
			<possibleresult>
				<name>Van</name>
			</possibleresult>
			<points>
				<point>143.349121,683.017456</point>
				<point>143.000000,690.000000</point>
				<point>122.650879,688.982544</point>
				<point>123.000000,682.000000</point>
				<point>143.349121,683.017456</point>
			</points>
		</object>
		<object>
			<coordinate>pixel</coordinate>
			<type>rectangle</type>
			<description>None</description>
			<possibleresult>
				<name>Van</name>
			</possibleresult>
			<points>
				<point>144.000000,726.000000</point>
				<point>124.000000,726.000000</point>
				<point>124.000000,718.000000</point>
				<point>144.000000,718.000000</point>
				<point>144.000000,726.000000</point>
			</points>
		</object>
		<object>
			<coordinate>pixel</coordinate>
			<type>rectangle</type>
			<description>None</description>
			<possibleresult>
				<name>Cargo Truck</name>
			</possibleresult>
			<points>
				<point>88.295891,780.989014</point>
				<point>61.295891,781.989014</point>
				<point>61.000008,774.000000</point>
				<point>88.000008,773.000000</point>
				<point>88.295891,780.989014</point>
			</points>
		</object>
	</objects>
</annotation>