<?xml version="1.0" encoding="utf-8"?>
<annotation>
	<source>
		<filename>1422.tif</filename>
		<origin>GF2/GF3</origin>
	</source>
	<research>
		<version>1.0</version>
		<provider>FAIR1M</provider>
		<author>Cyber</author>
		<pluginname>FAIR1M</pluginname>
		<pluginclass>object detection</pluginclass>
		<time>2021-03</time>
	</research>
	<size>
		<width>1000</width>
		<height>1000</height>
		<depth>3</depth>
	</size>
	<objects>
		<object>
			<coordinate>pixel</coordinate>
			<type>rectangle</type>
			<description>None</description>
			<possibleresult>
				<name>Van</name>
			</possibleresult>
			<points>
				<point>501.511993,1002.368835</point>
				<point>475.454620,999.999939</point>
				<point>475.942657,994.631165</point>
				<point>502.000031,997.000061</point>
				<point>501.511993,1002.368835</point>
			</points>
		</object>
		<object>
			<coordinate>pixel</coordinate>
			<type>rectangle</type>
			<description>None</description>
			<possibleresult>
				<name>Van</name>
			</possibleresult>
			<points>
				<point>992.000000,932.000000</point>
				<point>988.918945,950.486450</point>
				<point>980.000000,949.000000</point>
				<point>983.081055,930.513550</point>
				<point>992.000000,932.000000</point>
			</points>
		</object>
		<object>
			<coordinate>pixel</coordinate>
			<type>rectangle</type>
			<description>None</description>
			<possibleresult>
				<name>Dump Truck</name>
			</possibleresult>
			<points>
				<point>867.069214,166.253860</point>
				<point>856.069214,169.253860</point>
				<point>850.000000,147.000015</point>
				<point>861.000000,144.000015</point>
				<point>867.069214,166.253860</point>
			</points>
		</object>
		<object>
			<coordinate>pixel</coordinate>
			<type>rectangle</type>
			<description>None</description>
			<possibleresult>
				<name>Van</name>
			</possibleresult>
			<points>
				<point>882.000000,113.999992</point>
				<point>871.000000,116.999992</point>
				<point>865.000000,94.999992</point>
				<point>876.000000,91.999992</point>
				<point>882.000000,113.999992</point>
			</points>
		</object>
		<object>
			<coordinate>pixel</coordinate>
			<type>rectangle</type>
			<description>None</description>
			<possibleresult>
				<name>Van</name>
			</possibleresult>
			<points>
				<point>875.258728,126.603455</point>
				<point>865.000061,131.000000</point>
				<point>856.000061,110.000000</point>
				<point>866.258728,105.603455</point>
				<point>875.258728,126.603455</point>
			</points>
		</object>
		<object>
			<coordinate>pixel</coordinate>
			<type>rectangle</type>
			<description>None</description>
			<possibleresult>
				<name>Cargo Truck</name>
			</possibleresult>
			<points>
				<point>972.412476,132.946777</point>
				<point>941.000000,137.000000</point>
				<point>939.587524,126.053223</point>
				<point>971.000000,122.000000</point>
				<point>972.412476,132.946777</point>
			</points>
		</object>
		<object>
			<coordinate>pixel</coordinate>
			<type>rectangle</type>
			<description>None</description>
			<possibleresult>
				<name>Dump Truck</name>
			</possibleresult>
			<points>
				<point>987.000000,132.000031</point>
				<point>985.652344,122.903381</point>
				<point>1000.000000,120.777802</point>
				<point>1001.347656,129.874451</point>
				<point>987.000000,132.000031</point>
			</points>
		</object>
		<object>
			<coordinate>pixel</coordinate>
			<type>rectangle</type>
			<description>None</description>
			<possibleresult>
				<name>Dump Truck</name>
			</possibleresult>
			<points>
				<point>993.931763,148.014664</point>
				<point>992.000000,139.000015</point>
				<point>1000.000000,137.285690</point>
				<point>1001.931763,146.300339</point>
				<point>993.931763,148.014664</point>
			</points>
		</object>
		<object>
			<coordinate>pixel</coordinate>
			<type>rectangle</type>
			<description>None</description>
			<possibleresult>
				<name>Small Car</name>
			</possibleresult>
			<points>
				<point>919.529480,216.117661</point>
				<point>907.529480,219.117661</point>
				<point>903.000061,201.000015</point>
				<point>915.000061,198.000015</point>
				<point>919.529480,216.117661</point>
			</points>
		</object>
		<object>
			<coordinate>pixel</coordinate>
			<type>rectangle</type>
			<description>None</description>
			<possibleresult>
				<name>Van</name>
			</possibleresult>
			<points>
				<point>980.548523,148.904602</point>
				<point>956.999939,153.000000</point>
				<point>955.451355,144.095398</point>
				<point>978.999939,140.000000</point>
				<point>980.548523,148.904602</point>
			</points>
		</object>
		<object>
			<coordinate>pixel</coordinate>
			<type>rectangle</type>
			<description>None</description>
			<possibleresult>
				<name>Van</name>
			</possibleresult>
			<points>
				<point>897.063843,268.302429</point>
				<point>889.000122,270.000031</point>
				<point>885.000122,251.000015</point>
				<point>893.063843,249.302399</point>
				<point>897.063843,268.302429</point>
			</points>
		</object>
		<object>
			<coordinate>pixel</coordinate>
			<type>rectangle</type>
			<description>None</description>
			<possibleresult>
				<name>Dump Truck</name>
			</possibleresult>
			<points>
				<point>934.000061,412.999939</point>
				<point>921.115417,415.576843</point>
				<point>912.000061,369.999939</point>
				<point>924.884705,367.423035</point>
				<point>934.000061,412.999939</point>
			</points>
		</object>
		<object>
			<coordinate>pixel</coordinate>
			<type>rectangle</type>
			<description>None</description>
			<possibleresult>
				<name>Truck Tractor</name>
			</possibleresult>
			<points>
				<point>964.013428,593.091309</point>
				<point>951.000000,595.000000</point>
				<point>939.986572,519.908691</point>
				<point>953.000000,518.000000</point>
				<point>964.013428,593.091309</point>
			</points>
		</object>
		<object>
			<coordinate>pixel</coordinate>
			<type>rectangle</type>
			<description>None</description>
			<possibleresult>
				<name>Dump Truck</name>
			</possibleresult>
			<points>
				<point>994.069336,585.596558</point>
				<point>982.000000,587.000000</point>
				<point>977.000000,544.000000</point>
				<point>989.069336,542.596558</point>
				<point>994.069336,585.596558</point>
			</points>
		</object>
		<object>
			<coordinate>pixel</coordinate>
			<type>rectangle</type>
			<description>None</description>
			<possibleresult>
				<name>Small Car</name>
			</possibleresult>
			<points>
				<point>997.000000,670.000000</point>
				<point>988.000000,670.000000</point>
				<point>988.000000,651.000000</point>
				<point>997.000000,651.000000</point>
				<point>997.000000,670.000000</point>
			</points>
		</object>
		<object>
			<coordinate>pixel</coordinate>
			<type>rectangle</type>
			<description>None</description>
			<possibleresult>
				<name>Small Car</name>
			</possibleresult>
			<points>
				<point>1000.000000,782.420959</point>
				<point>991.999939,781.999939</point>
				<point>992.999939,762.999939</point>
				<point>1000.000000,763.368347</point>
				<point>1000.000000,782.420959</point>
			</points>
		</object>
		<object>
			<coordinate>pixel</coordinate>
			<type>rectangle</type>
			<description>None</description>
			<possibleresult>
				<name>Van</name>
			</possibleresult>
			<points>
				<point>970.000000,862.000000</point>
				<point>961.027710,862.498413</point>
				<point>960.000000,844.000000</point>
				<point>968.972290,843.501587</point>
				<point>970.000000,862.000000</point>
			</points>
		</object>
		<object>
			<coordinate>pixel</coordinate>
			<type>rectangle</type>
			<description>None</description>
			<possibleresult>
				<name>Van</name>
			</possibleresult>
			<points>
				<point>974.076965,463.384613</point>
				<point>966.000061,464.999969</point>
				<point>961.923157,444.615326</point>
				<point>970.000061,442.999969</point>
				<point>974.076965,463.384613</point>
			</points>
		</object>
		<object>
			<coordinate>pixel</coordinate>
			<type>rectangle</type>
			<description>None</description>
			<possibleresult>
				<name>Intersection</name>
			</possibleresult>
			<points>
				<point>941.164551,190.960678</point>
				<point>849.000000,213.000015</point>
				<point>830.835449,137.039352</point>
				<point>923.000000,115.000015</point>
				<point>941.164551,190.960678</point>
			</points>
		</object>
		<object>
			<coordinate>pixel</coordinate>
			<type>rectangle</type>
			<description>None</description>
			<possibleresult>
				<name>Van</name>
			</possibleresult>
			<points>
				<point>845.000000,22.000031</point>
				<point>836.046753,25.133659</point>
				<point>829.000000,5.000030</point>
				<point>837.953247,1.866402</point>
				<point>845.000000,22.000031</point>
			</points>
		</object>
		<object>
			<coordinate>pixel</coordinate>
			<type>rectangle</type>
			<description>None</description>
			<possibleresult>
				<name>Van</name>
			</possibleresult>
			<points>
				<point>811.299988,20.900021</point>
				<point>801.999939,24.000019</point>
				<point>795.699890,5.100021</point>
				<point>804.999939,2.000023</point>
				<point>811.299988,20.900021</point>
			</points>
		</object>
		<object>
			<coordinate>pixel</coordinate>
			<type>rectangle</type>
			<description>None</description>
			<possibleresult>
				<name>Intersection</name>
			</possibleresult>
			<points>
				<point>192.000000,412.000000</point>
				<point>142.000000,453.000000</point>
				<point>106.844543,410.127502</point>
				<point>156.844543,369.127502</point>
				<point>192.000000,412.000000</point>
			</points>
		</object>
		<object>
			<coordinate>pixel</coordinate>
			<type>rectangle</type>
			<description>None</description>
			<possibleresult>
				<name>Van</name>
			</possibleresult>
			<points>
				<point>401.040283,600.771851</point>
				<point>398.000000,618.000000</point>
				<point>387.959717,616.228149</point>
				<point>391.000000,599.000000</point>
				<point>401.040283,600.771851</point>
			</points>
		</object>
		<object>
			<coordinate>pixel</coordinate>
			<type>rectangle</type>
			<description>None</description>
			<possibleresult>
				<name>Small Car</name>
			</possibleresult>
			<points>
				<point>500.819702,541.983643</point>
				<point>500.000000,551.000000</point>
				<point>478.000000,549.000000</point>
				<point>478.819702,539.983643</point>
				<point>500.819702,541.983643</point>
			</points>
		</object>
		<object>
			<coordinate>pixel</coordinate>
			<type>rectangle</type>
			<description>None</description>
			<possibleresult>
				<name>Small Car</name>
			</possibleresult>
			<points>
				<point>522.304504,407.429077</point>
				<point>514.000000,423.000000</point>
				<point>505.695496,418.570923</point>
				<point>514.000000,403.000000</point>
				<point>522.304504,407.429077</point>
			</points>
		</object>
		<object>
			<coordinate>pixel</coordinate>
			<type>rectangle</type>
			<description>None</description>
			<possibleresult>
				<name>Small Car</name>
			</possibleresult>
			<points>
				<point>512.000000,404.000061</point>
				<point>503.745331,418.858582</point>
				<point>494.745331,413.858582</point>
				<point>503.000031,399.000061</point>
				<point>512.000000,404.000061</point>
			</points>
		</object>
		<object>
			<coordinate>pixel</coordinate>
			<type>rectangle</type>
			<description>None</description>
			<possibleresult>
				<name>Small Car</name>
			</possibleresult>
			<points>
				<point>456.400055,423.800049</point>
				<point>450.000031,427.000061</point>
				<point>442.600006,412.200073</point>
				<point>449.000031,409.000061</point>
				<point>456.400055,423.800049</point>
			</points>
		</object>
		<object>
			<coordinate>pixel</coordinate>
			<type>rectangle</type>
			<description>None</description>
			<possibleresult>
				<name>Small Car</name>
			</possibleresult>
			<points>
				<point>445.999969,426.000000</point>
				<point>440.249054,431.271729</point>
				<point>428.999969,419.000000</point>
				<point>434.750885,413.728271</point>
				<point>445.999969,426.000000</point>
			</points>
		</object>
		<object>
			<coordinate>pixel</coordinate>
			<type>rectangle</type>
			<description>None</description>
			<possibleresult>
				<name>Van</name>
			</possibleresult>
			<points>
				<point>447.205475,441.218292</point>
				<point>439.999969,447.999969</point>
				<point>423.794464,430.781647</point>
				<point>430.999969,423.999969</point>
				<point>447.205475,441.218292</point>
			</points>
		</object>
		<object>
			<coordinate>pixel</coordinate>
			<type>rectangle</type>
			<description>None</description>
			<possibleresult>
				<name>Small Car</name>
			</possibleresult>
			<points>
				<point>513.000000,532.999939</point>
				<point>511.812195,542.105896</point>
				<point>488.812225,539.105896</point>
				<point>490.000000,529.999939</point>
				<point>513.000000,532.999939</point>
			</points>
		</object>
		<object>
			<coordinate>pixel</coordinate>
			<type>rectangle</type>
			<description>None</description>
			<possibleresult>
				<name>Small Car</name>
			</possibleresult>
			<points>
				<point>593.427673,669.979614</point>
				<point>572.000061,671.000000</point>
				<point>571.572449,662.020386</point>
				<point>593.000061,661.000000</point>
				<point>593.427673,669.979614</point>
			</points>
		</object>
		<object>
			<coordinate>pixel</coordinate>
			<type>rectangle</type>
			<description>None</description>
			<possibleresult>
				<name>Van</name>
			</possibleresult>
			<points>
				<point>597.000000,731.000000</point>
				<point>578.000000,731.000000</point>
				<point>578.000000,723.000000</point>
				<point>597.000000,723.000000</point>
				<point>597.000000,731.000000</point>
			</points>
		</object>
		<object>
			<coordinate>pixel</coordinate>
			<type>rectangle</type>
			<description>None</description>
			<possibleresult>
				<name>Small Car</name>
			</possibleresult>
			<points>
				<point>524.000000,963.999878</point>
				<point>514.973999,964.375977</point>
				<point>513.973999,940.375977</point>
				<point>523.000000,939.999878</point>
				<point>524.000000,963.999878</point>
			</points>
		</object>
		<object>
			<coordinate>pixel</coordinate>
			<type>rectangle</type>
			<description>None</description>
			<possibleresult>
				<name>Van</name>
			</possibleresult>
			<points>
				<point>201.000000,878.000000</point>
				<point>193.855042,895.352051</point>
				<point>183.896454,891.251465</point>
				<point>191.041412,873.899414</point>
				<point>201.000000,878.000000</point>
			</points>
		</object>
		<object>
			<coordinate>pixel</coordinate>
			<type>rectangle</type>
			<description>None</description>
			<possibleresult>
				<name>Van</name>
			</possibleresult>
			<points>
				<point>98.000008,967.000061</point>
				<point>97.691292,975.026672</point>
				<point>71.000008,974.000061</point>
				<point>71.308723,965.973450</point>
				<point>98.000008,967.000061</point>
			</points>
		</object>
		<object>
			<coordinate>pixel</coordinate>
			<type>rectangle</type>
			<description>None</description>
			<possibleresult>
				<name>Dump Truck</name>
			</possibleresult>
			<points>
				<point>44.000000,978.000000</point>
				<point>20.000000,978.000000</point>
				<point>20.000000,970.000000</point>
				<point>44.000000,970.000000</point>
				<point>44.000000,978.000000</point>
			</points>
		</object>
		<object>
			<coordinate>pixel</coordinate>
			<type>rectangle</type>
			<description>None</description>
			<possibleresult>
				<name>Van</name>
			</possibleresult>
			<points>
				<point>963.000000,983.000000</point>
				<point>952.000000,983.000000</point>
				<point>952.000000,958.000000</point>
				<point>963.000000,958.000000</point>
				<point>963.000000,983.000000</point>
			</points>
		</object>
		<object>
			<coordinate>pixel</coordinate>
			<type>rectangle</type>
			<description>None</description>
			<possibleresult>
				<name>Bus</name>
			</possibleresult>
			<points>
				<point>175.000000,729.000000</point>
				<point>174.000000,740.000000</point>
				<point>137.934448,736.721313</point>
				<point>138.934448,725.721313</point>
				<point>175.000000,729.000000</point>
			</points>
		</object>
		<object>
			<coordinate>pixel</coordinate>
			<type>rectangle</type>
			<description>None</description>
			<possibleresult>
				<name>Dump Truck</name>
			</possibleresult>
			<points>
				<point>859.000000,145.000000</point>
				<point>848.139526,147.585831</point>
				<point>843.000000,125.999977</point>
				<point>853.860474,123.414139</point>
				<point>859.000000,145.000000</point>
			</points>
		</object>
		<object>
			<coordinate>pixel</coordinate>
			<type>rectangle</type>
			<description>None</description>
			<possibleresult>
				<name>Small Car</name>
			</possibleresult>
			<points>
				<point>122.095566,753.633606</point>
				<point>116.095566,776.633606</point>
				<point>105.999985,773.999939</point>
				<point>111.999985,750.999939</point>
				<point>122.095566,753.633606</point>
			</points>
		</object>
		<object>
			<coordinate>pixel</coordinate>
			<type>rectangle</type>
			<description>None</description>
			<possibleresult>
				<name>Dump Truck</name>
			</possibleresult>
			<points>
				<point>13.000001,979.999878</point>
				<point>0.000001,980.999878</point>
				<point>-0.000000,971.922974</point>
				<point>12.305883,970.976318</point>
				<point>13.000001,979.999878</point>
			</points>
		</object>
		<object>
			<coordinate>pixel</coordinate>
			<type>rectangle</type>
			<description>None</description>
			<possibleresult>
				<name>Cargo Truck</name>
			</possibleresult>
			<points>
				<point>527.012207,919.910828</point>
				<point>524.000061,942.000061</point>
				<point>509.987915,940.089294</point>
				<point>513.000061,918.000061</point>
				<point>527.012207,919.910828</point>
			</points>
		</object>
	</objects>
</annotation>