<?xml version="1.0" encoding="utf-8"?>
<annotation>
	<source>
		<filename>1423.tif</filename>
		<origin>GF2/GF3</origin>
	</source>
	<research>
		<version>1.0</version>
		<provider>FAIR1M</provider>
		<author>Cyber</author>
		<pluginname>FAIR1M</pluginname>
		<pluginclass>object detection</pluginclass>
		<time>2021-03</time>
	</research>
	<size>
		<width>1000</width>
		<height>1000</height>
		<depth>3</depth>
	</size>
	<objects>
		<object>
			<coordinate>pixel</coordinate>
			<type>rectangle</type>
			<description>None</description>
			<possibleresult>
				<name>Van</name>
			</possibleresult>
			<points>
				<point>302.162201,45.972980</point>
				<point>284.000031,49.000004</point>
				<point>282.837860,42.027027</point>
				<point>301.000031,39.000004</point>
				<point>302.162201,45.972980</point>
			</points>
		</object>
		<object>
			<coordinate>pixel</coordinate>
			<type>rectangle</type>
			<description>None</description>
			<possibleresult>
				<name>Small Car</name>
			</possibleresult>
			<points>
				<point>341.999969,121.000015</point>
				<point>325.999969,134.000015</point>
				<point>319.698822,126.244720</point>
				<point>335.698822,113.244720</point>
				<point>341.999969,121.000015</point>
			</points>
		</object>
		<object>
			<coordinate>pixel</coordinate>
			<type>rectangle</type>
			<description>None</description>
			<possibleresult>
				<name>Small Car</name>
			</possibleresult>
			<points>
				<point>452.082367,45.929443</point>
				<point>438.000031,58.000031</point>
				<point>432.917694,52.070618</point>
				<point>447.000031,40.000031</point>
				<point>452.082367,45.929443</point>
			</points>
		</object>
		<object>
			<coordinate>pixel</coordinate>
			<type>rectangle</type>
			<description>None</description>
			<possibleresult>
				<name>Small Car</name>
			</possibleresult>
			<points>
				<point>75.000000,340.000000</point>
				<point>63.000000,340.000000</point>
				<point>63.000000,323.000000</point>
				<point>75.000000,323.000000</point>
				<point>75.000000,340.000000</point>
			</points>
		</object>
		<object>
			<coordinate>pixel</coordinate>
			<type>rectangle</type>
			<description>None</description>
			<possibleresult>
				<name>Small Car</name>
			</possibleresult>
			<points>
				<point>68.988678,382.060364</point>
				<point>65.988678,398.060364</point>
				<point>55.000000,396.000000</point>
				<point>58.000000,380.000000</point>
				<point>68.988678,382.060364</point>
			</points>
		</object>
		<object>
			<coordinate>pixel</coordinate>
			<type>rectangle</type>
			<description>None</description>
			<possibleresult>
				<name>Van</name>
			</possibleresult>
			<points>
				<point>94.000000,372.000000</point>
				<point>74.000000,372.000000</point>
				<point>74.000000,364.000000</point>
				<point>94.000000,364.000000</point>
				<point>94.000000,372.000000</point>
			</points>
		</object>
		<object>
			<coordinate>pixel</coordinate>
			<type>rectangle</type>
			<description>None</description>
			<possibleresult>
				<name>Dump Truck</name>
			</possibleresult>
			<points>
				<point>123.000000,358.000031</point>
				<point>96.000000,359.000031</point>
				<point>95.739731,351.972626</point>
				<point>122.739731,350.972626</point>
				<point>123.000000,358.000031</point>
			</points>
		</object>
		<object>
			<coordinate>pixel</coordinate>
			<type>rectangle</type>
			<description>None</description>
			<possibleresult>
				<name>Cargo Truck</name>
			</possibleresult>
			<points>
				<point>123.000000,372.000000</point>
				<point>100.000000,372.000000</point>
				<point>100.000000,362.000000</point>
				<point>123.000000,362.000000</point>
				<point>123.000000,372.000000</point>
			</points>
		</object>
		<object>
			<coordinate>pixel</coordinate>
			<type>rectangle</type>
			<description>None</description>
			<possibleresult>
				<name>Van</name>
			</possibleresult>
			<points>
				<point>93.387695,447.021545</point>
				<point>93.000000,454.000000</point>
				<point>74.612305,452.978455</point>
				<point>75.000000,446.000000</point>
				<point>93.387695,447.021545</point>
			</points>
		</object>
		<object>
			<coordinate>pixel</coordinate>
			<type>rectangle</type>
			<description>None</description>
			<possibleresult>
				<name>Small Car</name>
			</possibleresult>
			<points>
				<point>33.026230,477.888519</point>
				<point>29.000000,494.999969</point>
				<point>20.973770,493.111420</point>
				<point>25.000000,475.999969</point>
				<point>33.026230,477.888519</point>
			</points>
		</object>
		<object>
			<coordinate>pixel</coordinate>
			<type>rectangle</type>
			<description>None</description>
			<possibleresult>
				<name>Dump Truck</name>
			</possibleresult>
			<points>
				<point>64.362877,550.016479</point>
				<point>63.999992,558.000000</point>
				<point>41.637108,556.983521</point>
				<point>41.999992,549.000000</point>
				<point>64.362877,550.016479</point>
			</points>
		</object>
		<object>
			<coordinate>pixel</coordinate>
			<type>rectangle</type>
			<description>None</description>
			<possibleresult>
				<name>Van</name>
			</possibleresult>
			<points>
				<point>64.000008,560.000000</point>
				<point>63.235962,568.022461</point>
				<point>42.000008,566.000000</point>
				<point>42.764053,557.977539</point>
				<point>64.000008,560.000000</point>
			</points>
		</object>
		<object>
			<coordinate>pixel</coordinate>
			<type>rectangle</type>
			<description>None</description>
			<possibleresult>
				<name>Van</name>
			</possibleresult>
			<points>
				<point>290.000000,563.000000</point>
				<point>283.119995,568.160034</point>
				<point>271.000000,552.000000</point>
				<point>277.880005,546.839966</point>
				<point>290.000000,563.000000</point>
			</points>
		</object>
		<object>
			<coordinate>pixel</coordinate>
			<type>rectangle</type>
			<description>None</description>
			<possibleresult>
				<name>Dump Truck</name>
			</possibleresult>
			<points>
				<point>307.028839,565.035034</point>
				<point>300.999969,570.000000</point>
				<point>286.971100,552.964966</point>
				<point>292.999969,548.000000</point>
				<point>307.028839,565.035034</point>
			</points>
		</object>
		<object>
			<coordinate>pixel</coordinate>
			<type>rectangle</type>
			<description>None</description>
			<possibleresult>
				<name>Small Car</name>
			</possibleresult>
			<points>
				<point>360.040283,429.228241</point>
				<point>350.000000,431.000031</point>
				<point>346.959717,413.771820</point>
				<point>357.000000,412.000031</point>
				<point>360.040283,429.228241</point>
			</points>
		</object>
		<object>
			<coordinate>pixel</coordinate>
			<type>rectangle</type>
			<description>None</description>
			<possibleresult>
				<name>Small Car</name>
			</possibleresult>
			<points>
				<point>372.670715,432.036560</point>
				<point>363.670715,433.036560</point>
				<point>362.000000,418.000000</point>
				<point>371.000000,417.000000</point>
				<point>372.670715,432.036560</point>
			</points>
		</object>
		<object>
			<coordinate>pixel</coordinate>
			<type>rectangle</type>
			<description>None</description>
			<possibleresult>
				<name>Small Car</name>
			</possibleresult>
			<points>
				<point>433.347015,434.558411</point>
				<point>422.347015,448.558411</point>
				<point>414.000031,442.000061</point>
				<point>425.000031,428.000061</point>
				<point>433.347015,434.558411</point>
			</points>
		</object>
		<object>
			<coordinate>pixel</coordinate>
			<type>rectangle</type>
			<description>None</description>
			<possibleresult>
				<name>Dump Truck</name>
			</possibleresult>
			<points>
				<point>426.000000,537.000000</point>
				<point>422.000000,546.000000</point>
				<point>392.958740,533.092773</point>
				<point>396.958740,524.092773</point>
				<point>426.000000,537.000000</point>
			</points>
		</object>
		<object>
			<coordinate>pixel</coordinate>
			<type>rectangle</type>
			<description>None</description>
			<possibleresult>
				<name>Small Car</name>
			</possibleresult>
			<points>
				<point>442.000000,532.000061</point>
				<point>438.876709,540.328796</point>
				<point>416.958923,532.109558</point>
				<point>420.082214,523.780823</point>
				<point>442.000000,532.000061</point>
			</points>
		</object>
		<object>
			<coordinate>pixel</coordinate>
			<type>rectangle</type>
			<description>None</description>
			<possibleresult>
				<name>Van</name>
			</possibleresult>
			<points>
				<point>445.541473,524.142578</point>
				<point>444.000031,530.000122</point>
				<point>424.458588,524.857666</point>
				<point>426.000031,519.000122</point>
				<point>445.541473,524.142578</point>
			</points>
		</object>
		<object>
			<coordinate>pixel</coordinate>
			<type>rectangle</type>
			<description>None</description>
			<possibleresult>
				<name>Small Car</name>
			</possibleresult>
			<points>
				<point>688.716797,425.752197</point>
				<point>678.000000,438.000000</point>
				<point>670.000000,431.000000</point>
				<point>680.716797,418.752197</point>
				<point>688.716797,425.752197</point>
			</points>
		</object>
		<object>
			<coordinate>pixel</coordinate>
			<type>rectangle</type>
			<description>None</description>
			<possibleresult>
				<name>Dump Truck</name>
			</possibleresult>
			<points>
				<point>771.999939,612.000000</point>
				<point>767.230652,619.153809</point>
				<point>748.999939,607.000000</point>
				<point>753.769226,599.846191</point>
				<point>771.999939,612.000000</point>
			</points>
		</object>
		<object>
			<coordinate>pixel</coordinate>
			<type>rectangle</type>
			<description>None</description>
			<possibleresult>
				<name>Van</name>
			</possibleresult>
			<points>
				<point>786.550476,585.719116</point>
				<point>781.550476,593.719116</point>
				<point>765.999939,584.000000</point>
				<point>770.999939,576.000000</point>
				<point>786.550476,585.719116</point>
			</points>
		</object>
		<object>
			<coordinate>pixel</coordinate>
			<type>rectangle</type>
			<description>None</description>
			<possibleresult>
				<name>Small Car</name>
			</possibleresult>
			<points>
				<point>777.260193,592.190796</point>
				<point>773.000061,598.000000</point>
				<point>758.000061,587.000000</point>
				<point>762.260193,581.190796</point>
				<point>777.260193,592.190796</point>
			</points>
		</object>
		<object>
			<coordinate>pixel</coordinate>
			<type>rectangle</type>
			<description>None</description>
			<possibleresult>
				<name>Small Car</name>
			</possibleresult>
			<points>
				<point>739.999939,572.999939</point>
				<point>728.196716,587.163879</point>
				<point>721.606506,581.672058</point>
				<point>733.409729,567.508118</point>
				<point>739.999939,572.999939</point>
			</points>
		</object>
		<object>
			<coordinate>pixel</coordinate>
			<type>rectangle</type>
			<description>None</description>
			<possibleresult>
				<name>Small Car</name>
			</possibleresult>
			<points>
				<point>775.000061,536.000061</point>
				<point>762.929504,550.082458</point>
				<point>757.000061,545.000061</point>
				<point>769.070618,530.917664</point>
				<point>775.000061,536.000061</point>
			</points>
		</object>
		<object>
			<coordinate>pixel</coordinate>
			<type>rectangle</type>
			<description>None</description>
			<possibleresult>
				<name>Small Car</name>
			</possibleresult>
			<points>
				<point>688.000000,739.000000</point>
				<point>684.000000,747.000000</point>
				<point>666.800049,738.400024</point>
				<point>670.800049,730.400024</point>
				<point>688.000000,739.000000</point>
			</points>
		</object>
		<object>
			<coordinate>pixel</coordinate>
			<type>rectangle</type>
			<description>None</description>
			<possibleresult>
				<name>Dump Truck</name>
			</possibleresult>
			<points>
				<point>949.000000,734.000000</point>
				<point>924.000000,734.000000</point>
				<point>924.000000,726.000000</point>
				<point>949.000000,726.000000</point>
				<point>949.000000,734.000000</point>
			</points>
		</object>
		<object>
			<coordinate>pixel</coordinate>
			<type>rectangle</type>
			<description>None</description>
			<possibleresult>
				<name>Dump Truck</name>
			</possibleresult>
			<points>
				<point>937.000000,779.000000</point>
				<point>929.000000,779.000000</point>
				<point>929.000000,759.000000</point>
				<point>937.000000,759.000000</point>
				<point>937.000000,779.000000</point>
			</points>
		</object>
		<object>
			<coordinate>pixel</coordinate>
			<type>rectangle</type>
			<description>None</description>
			<possibleresult>
				<name>Small Car</name>
			</possibleresult>
			<points>
				<point>913.000000,799.000000</point>
				<point>892.000000,799.000000</point>
				<point>892.000000,791.000000</point>
				<point>913.000000,791.000000</point>
				<point>913.000000,799.000000</point>
			</points>
		</object>
		<object>
			<coordinate>pixel</coordinate>
			<type>rectangle</type>
			<description>None</description>
			<possibleresult>
				<name>Van</name>
			</possibleresult>
			<points>
				<point>916.000000,813.000000</point>
				<point>889.000000,813.000000</point>
				<point>889.000000,805.000000</point>
				<point>916.000000,805.000000</point>
				<point>916.000000,813.000000</point>
			</points>
		</object>
		<object>
			<coordinate>pixel</coordinate>
			<type>rectangle</type>
			<description>None</description>
			<possibleresult>
				<name>Dump Truck</name>
			</possibleresult>
			<points>
				<point>1000.000000,834.000122</point>
				<point>994.000061,840.000061</point>
				<point>988.000061,834.000061</point>
				<point>1000.000000,822.000122</point>
				<point>1000.000000,834.000122</point>
			</points>
		</object>
		<object>
			<coordinate>pixel</coordinate>
			<type>rectangle</type>
			<description>None</description>
			<possibleresult>
				<name>Dump Truck</name>
			</possibleresult>
			<points>
				<point>1000.000000,820.294312</point>
				<point>989.000122,830.000061</point>
				<point>982.900879,823.087585</point>
				<point>1000.000000,808.199951</point>
				<point>1000.000000,820.294312</point>
			</points>
		</object>
		<object>
			<coordinate>pixel</coordinate>
			<type>rectangle</type>
			<description>None</description>
			<possibleresult>
				<name>Dump Truck</name>
			</possibleresult>
			<points>
				<point>996.500061,809.500061</point>
				<point>980.500061,825.500061</point>
				<point>974.000061,819.000061</point>
				<point>990.000061,803.000061</point>
				<point>996.500061,809.500061</point>
			</points>
		</object>
		<object>
			<coordinate>pixel</coordinate>
			<type>rectangle</type>
			<description>None</description>
			<possibleresult>
				<name>Dump Truck</name>
			</possibleresult>
			<points>
				<point>992.500122,799.500122</point>
				<point>978.000122,814.000122</point>
				<point>971.000122,807.000122</point>
				<point>985.500122,792.500122</point>
				<point>992.500122,799.500122</point>
			</points>
		</object>
		<object>
			<coordinate>pixel</coordinate>
			<type>rectangle</type>
			<description>None</description>
			<possibleresult>
				<name>Dump Truck</name>
			</possibleresult>
			<points>
				<point>1000.000000,780.071411</point>
				<point>983.455688,794.624756</point>
				<point>978.000000,788.000000</point>
				<point>995.000000,774.000000</point>
				<point>1000.000000,780.071411</point>
			</points>
		</object>
		<object>
			<coordinate>pixel</coordinate>
			<type>rectangle</type>
			<description>None</description>
			<possibleresult>
				<name>Dump Truck</name>
			</possibleresult>
			<points>
				<point>994.000000,797.999878</point>
				<point>988.913330,791.063477</point>
				<point>1000.000000,782.933228</point>
				<point>1005.086670,789.869629</point>
				<point>994.000000,797.999878</point>
			</points>
		</object>
		<object>
			<coordinate>pixel</coordinate>
			<type>rectangle</type>
			<description>None</description>
			<possibleresult>
				<name>Dump Truck</name>
			</possibleresult>
			<points>
				<point>993.929199,809.000000</point>
				<point>993.929199,796.750000</point>
				<point>1000.000000,796.750000</point>
				<point>1000.000000,809.000000</point>
				<point>993.929199,809.000000</point>
			</points>
		</object>
		<object>
			<coordinate>pixel</coordinate>
			<type>rectangle</type>
			<description>None</description>
			<possibleresult>
				<name>Trailer</name>
			</possibleresult>
			<points>
				<point>943.018738,852.343384</point>
				<point>942.018738,887.343384</point>
				<point>929.999939,887.000000</point>
				<point>930.999939,852.000000</point>
				<point>943.018738,852.343384</point>
			</points>
		</object>
		<object>
			<coordinate>pixel</coordinate>
			<type>rectangle</type>
			<description>None</description>
			<possibleresult>
				<name>other-vehicle</name>
			</possibleresult>
			<points>
				<point>958.002747,860.963135</point>
				<point>956.000061,888.000000</point>
				<point>942.997375,887.036865</point>
				<point>945.000061,860.000000</point>
				<point>958.002747,860.963135</point>
			</points>
		</object>
		<object>
			<coordinate>pixel</coordinate>
			<type>rectangle</type>
			<description>None</description>
			<possibleresult>
				<name>Cargo Truck</name>
			</possibleresult>
			<points>
				<point>1000.000000,730.000000</point>
				<point>965.000000,730.000000</point>
				<point>965.000000,720.000000</point>
				<point>1000.000000,720.000000</point>
				<point>1000.000000,730.000000</point>
			</points>
		</object>
		<object>
			<coordinate>pixel</coordinate>
			<type>rectangle</type>
			<description>None</description>
			<possibleresult>
				<name>Van</name>
			</possibleresult>
			<points>
				<point>988.076904,592.615295</point>
				<point>985.000000,607.999939</point>
				<point>976.923096,606.384583</point>
				<point>980.000000,590.999939</point>
				<point>988.076904,592.615295</point>
			</points>
		</object>
		<object>
			<coordinate>pixel</coordinate>
			<type>rectangle</type>
			<description>None</description>
			<possibleresult>
				<name>Small Car</name>
			</possibleresult>
			<points>
				<point>977.014587,590.931763</point>
				<point>973.970642,605.136597</point>
				<point>963.999939,603.000000</point>
				<point>967.043884,588.795166</point>
				<point>977.014587,590.931763</point>
			</points>
		</object>
		<object>
			<coordinate>pixel</coordinate>
			<type>rectangle</type>
			<description>None</description>
			<possibleresult>
				<name>Van</name>
			</possibleresult>
			<points>
				<point>739.000061,286.000031</point>
				<point>725.000061,293.000031</point>
				<point>721.400085,285.800018</point>
				<point>735.400085,278.800018</point>
				<point>739.000061,286.000031</point>
			</points>
		</object>
		<object>
			<coordinate>pixel</coordinate>
			<type>rectangle</type>
			<description>None</description>
			<possibleresult>
				<name>Van</name>
			</possibleresult>
			<points>
				<point>798.000000,293.000000</point>
				<point>781.952515,302.026733</point>
				<point>778.000000,295.000000</point>
				<point>794.047485,285.973267</point>
				<point>798.000000,293.000000</point>
			</points>
		</object>
		<object>
			<coordinate>pixel</coordinate>
			<type>rectangle</type>
			<description>None</description>
			<possibleresult>
				<name>Van</name>
			</possibleresult>
			<points>
				<point>780.999939,301.999969</point>
				<point>764.599915,310.199982</point>
				<point>760.999939,302.999969</point>
				<point>777.399963,294.799957</point>
				<point>780.999939,301.999969</point>
			</points>
		</object>
		<object>
			<coordinate>pixel</coordinate>
			<type>rectangle</type>
			<description>None</description>
			<possibleresult>
				<name>Dump Truck</name>
			</possibleresult>
			<points>
				<point>814.706055,387.823608</point>
				<point>794.000122,393.000061</point>
				<point>792.000122,385.000061</point>
				<point>812.706055,379.823608</point>
				<point>814.706055,387.823608</point>
			</points>
		</object>
		<object>
			<coordinate>pixel</coordinate>
			<type>rectangle</type>
			<description>None</description>
			<possibleresult>
				<name>Small Car</name>
			</possibleresult>
			<points>
				<point>816.000000,377.000061</point>
				<point>800.000000,383.000061</point>
				<point>797.000000,375.000061</point>
				<point>813.000000,369.000061</point>
				<point>816.000000,377.000061</point>
			</points>
		</object>
		<object>
			<coordinate>pixel</coordinate>
			<type>rectangle</type>
			<description>None</description>
			<possibleresult>
				<name>Small Car</name>
			</possibleresult>
			<points>
				<point>639.000061,783.000061</point>
				<point>632.000061,789.000061</point>
				<point>620.000061,775.000061</point>
				<point>627.000061,769.000061</point>
				<point>639.000061,783.000061</point>
			</points>
		</object>
		<object>
			<coordinate>pixel</coordinate>
			<type>rectangle</type>
			<description>None</description>
			<possibleresult>
				<name>Small Car</name>
			</possibleresult>
			<points>
				<point>550.307739,921.538452</point>
				<point>532.000000,932.000000</point>
				<point>528.000000,925.000000</point>
				<point>546.307739,914.538452</point>
				<point>550.307739,921.538452</point>
			</points>
		</object>
		<object>
			<coordinate>pixel</coordinate>
			<type>rectangle</type>
			<description>None</description>
			<possibleresult>
				<name>Small Car</name>
			</possibleresult>
			<points>
				<point>189.000015,779.000000</point>
				<point>169.947952,781.005493</point>
				<point>169.000015,772.000000</point>
				<point>188.052078,769.994507</point>
				<point>189.000015,779.000000</point>
			</points>
		</object>
		<object>
			<coordinate>pixel</coordinate>
			<type>rectangle</type>
			<description>None</description>
			<possibleresult>
				<name>Small Car</name>
			</possibleresult>
			<points>
				<point>276.000000,713.000000</point>
				<point>257.000000,713.000000</point>
				<point>257.000000,706.000000</point>
				<point>276.000000,706.000000</point>
				<point>276.000000,713.000000</point>
			</points>
		</object>
		<object>
			<coordinate>pixel</coordinate>
			<type>rectangle</type>
			<description>None</description>
			<possibleresult>
				<name>Small Car</name>
			</possibleresult>
			<points>
				<point>800.000000,88.000015</point>
				<point>793.000000,105.000015</point>
				<point>784.751465,101.603561</point>
				<point>791.751465,84.603561</point>
				<point>800.000000,88.000015</point>
			</points>
		</object>
		<object>
			<coordinate>pixel</coordinate>
			<type>rectangle</type>
			<description>None</description>
			<possibleresult>
				<name>Small Car</name>
			</possibleresult>
			<points>
				<point>725.000000,73.000000</point>
				<point>723.090088,81.021454</point>
				<point>702.000000,76.000000</point>
				<point>703.909912,67.978546</point>
				<point>725.000000,73.000000</point>
			</points>
		</object>
		<object>
			<coordinate>pixel</coordinate>
			<type>rectangle</type>
			<description>None</description>
			<possibleresult>
				<name>Van</name>
			</possibleresult>
			<points>
				<point>662.000000,374.000031</point>
				<point>648.731934,379.103119</point>
				<point>646.000000,372.000031</point>
				<point>659.268066,366.896942</point>
				<point>662.000000,374.000031</point>
			</points>
		</object>
		<object>
			<coordinate>pixel</coordinate>
			<type>rectangle</type>
			<description>None</description>
			<possibleresult>
				<name>Dump Truck</name>
			</possibleresult>
			<points>
				<point>27.000000,653.000061</point>
				<point>26.198021,661.019836</point>
				<point>6.000000,659.000061</point>
				<point>6.801979,650.980286</point>
				<point>27.000000,653.000061</point>
			</points>
		</object>
	</objects>
</annotation>