<?xml version="1.0" encoding="utf-8"?>
<annotation>
	<source>
		<filename>1424.tif</filename>
		<origin>GF2/GF3</origin>
	</source>
	<research>
		<version>1.0</version>
		<provider>FAIR1M</provider>
		<author>Cyber</author>
		<pluginname>FAIR1M</pluginname>
		<pluginclass>object detection</pluginclass>
		<time>2021-03</time>
	</research>
	<size>
		<width>1000</width>
		<height>1000</height>
		<depth>3</depth>
	</size>
	<objects>
		<object>
			<coordinate>pixel</coordinate>
			<type>rectangle</type>
			<description>None</description>
			<possibleresult>
				<name>Cargo Truck</name>
			</possibleresult>
			<points>
				<point>289.000000,315.000031</point>
				<point>255.947556,328.020721</point>
				<point>252.000046,318.000031</point>
				<point>285.052490,304.979340</point>
				<point>289.000000,315.000031</point>
			</points>
		</object>
		<object>
			<coordinate>pixel</coordinate>
			<type>rectangle</type>
			<description>None</description>
			<possibleresult>
				<name>Bus</name>
			</possibleresult>
			<points>
				<point>297.366974,323.889923</point>
				<point>266.999969,333.000031</point>
				<point>264.633026,325.110138</point>
				<point>295.000031,316.000031</point>
				<point>297.366974,323.889923</point>
			</points>
		</object>
		<object>
			<coordinate>pixel</coordinate>
			<type>rectangle</type>
			<description>None</description>
			<possibleresult>
				<name>Small Car</name>
			</possibleresult>
			<points>
				<point>593.000000,971.000061</point>
				<point>582.770508,975.475525</point>
				<point>575.770508,959.475525</point>
				<point>586.000000,955.000061</point>
				<point>593.000000,971.000061</point>
			</points>
		</object>
		<object>
			<coordinate>pixel</coordinate>
			<type>rectangle</type>
			<description>None</description>
			<possibleresult>
				<name>Small Car</name>
			</possibleresult>
			<points>
				<point>958.875000,1000.000000</point>
				<point>958.000000,997.000000</point>
				<point>982.000000,990.000000</point>
				<point>984.385620,998.179199</point>
				<point>958.875000,1000.000000</point>
			</points>
		</object>
		<object>
			<coordinate>pixel</coordinate>
			<type>rectangle</type>
			<description>None</description>
			<possibleresult>
				<name>Van</name>
			</possibleresult>
			<points>
				<point>981.000122,988.000183</point>
				<point>961.000122,995.000183</point>
				<point>958.911011,989.031311</point>
				<point>978.911011,982.031311</point>
				<point>981.000122,988.000183</point>
			</points>
		</object>
		<object>
			<coordinate>pixel</coordinate>
			<type>rectangle</type>
			<description>None</description>
			<possibleresult>
				<name>Van</name>
			</possibleresult>
			<points>
				<point>950.000000,988.000000</point>
				<point>941.751465,991.396484</point>
				<point>934.751465,974.396484</point>
				<point>943.000000,971.000000</point>
				<point>950.000000,988.000000</point>
			</points>
		</object>
		<object>
			<coordinate>pixel</coordinate>
			<type>rectangle</type>
			<description>None</description>
			<possibleresult>
				<name>Van</name>
			</possibleresult>
			<points>
				<point>972.150879,981.528320</point>
				<point>953.000000,987.000000</point>
				<point>951.000000,980.000000</point>
				<point>970.150879,974.528320</point>
				<point>972.150879,981.528320</point>
			</points>
		</object>
		<object>
			<coordinate>pixel</coordinate>
			<type>rectangle</type>
			<description>None</description>
			<possibleresult>
				<name>Small Car</name>
			</possibleresult>
			<points>
				<point>968.000122,973.000122</point>
				<point>947.764771,978.058960</point>
				<point>946.000122,971.000122</point>
				<point>966.235474,965.941284</point>
				<point>968.000122,973.000122</point>
			</points>
		</object>
		<object>
			<coordinate>pixel</coordinate>
			<type>rectangle</type>
			<description>None</description>
			<possibleresult>
				<name>other-vehicle</name>
			</possibleresult>
			<points>
				<point>961.054138,961.984009</point>
				<point>943.999939,966.999878</point>
				<point>941.945740,960.015747</point>
				<point>958.999939,954.999878</point>
				<point>961.054138,961.984009</point>
			</points>
		</object>
		<object>
			<coordinate>pixel</coordinate>
			<type>rectangle</type>
			<description>None</description>
			<possibleresult>
				<name>Small Car</name>
			</possibleresult>
			<points>
				<point>886.430664,1002.861450</point>
				<point>885.000000,1000.000000</point>
				<point>891.000000,997.000122</point>
				<point>892.430664,999.861572</point>
				<point>886.430664,1002.861450</point>
			</points>
		</object>
		<object>
			<coordinate>pixel</coordinate>
			<type>rectangle</type>
			<description>None</description>
			<possibleresult>
				<name>Small Car</name>
			</possibleresult>
			<points>
				<point>881.294739,1001.000000</point>
				<point>880.833191,1000.000000</point>
				<point>882.999939,998.999878</point>
				<point>883.461487,999.999878</point>
				<point>881.294739,1001.000000</point>
			</points>
		</object>
		<object>
			<coordinate>pixel</coordinate>
			<type>rectangle</type>
			<description>None</description>
			<possibleresult>
				<name>Small Car</name>
			</possibleresult>
			<points>
				<point>732.500061,1005.000122</point>
				<point>727.000183,994.000244</point>
				<point>737.000183,989.000244</point>
				<point>742.500061,1000.000122</point>
				<point>732.500061,1005.000122</point>
			</points>
		</object>
		<object>
			<coordinate>pixel</coordinate>
			<type>rectangle</type>
			<description>None</description>
			<possibleresult>
				<name>Van</name>
			</possibleresult>
			<points>
				<point>738.110718,987.207764</point>
				<point>731.000000,991.000122</point>
				<point>722.889282,975.792480</point>
				<point>730.000000,972.000122</point>
				<point>738.110718,987.207764</point>
			</points>
		</object>
		<object>
			<coordinate>pixel</coordinate>
			<type>rectangle</type>
			<description>None</description>
			<possibleresult>
				<name>Small Car</name>
			</possibleresult>
			<points>
				<point>707.111145,1000.000000</point>
				<point>701.000000,989.000000</point>
				<point>710.000000,984.000000</point>
				<point>718.490601,999.282959</point>
				<point>707.111145,1000.000000</point>
			</points>
		</object>
		<object>
			<coordinate>pixel</coordinate>
			<type>rectangle</type>
			<description>None</description>
			<possibleresult>
				<name>Small Car</name>
			</possibleresult>
			<points>
				<point>709.000061,983.000000</point>
				<point>701.128479,987.238525</point>
				<point>694.000061,974.000000</point>
				<point>701.871643,969.761475</point>
				<point>709.000061,983.000000</point>
			</points>
		</object>
		<object>
			<coordinate>pixel</coordinate>
			<type>rectangle</type>
			<description>None</description>
			<possibleresult>
				<name>Intersection</name>
			</possibleresult>
			<points>
				<point>724.000000,958.000061</point>
				<point>689.458618,968.159241</point>
				<point>685.000000,953.000061</point>
				<point>719.541382,942.840881</point>
				<point>724.000000,958.000061</point>
			</points>
		</object>
		<object>
			<coordinate>pixel</coordinate>
			<type>rectangle</type>
			<description>None</description>
			<possibleresult>
				<name>Intersection</name>
			</possibleresult>
			<points>
				<point>906.999939,912.000000</point>
				<point>884.075500,919.239258</point>
				<point>877.984802,899.952148</point>
				<point>900.909241,892.712891</point>
				<point>906.999939,912.000000</point>
			</points>
		</object>
		<object>
			<coordinate>pixel</coordinate>
			<type>rectangle</type>
			<description>None</description>
			<possibleresult>
				<name>Small Car</name>
			</possibleresult>
			<points>
				<point>702.000000,804.000000</point>
				<point>684.899414,811.041382</point>
				<point>682.000000,804.000000</point>
				<point>699.100586,796.958618</point>
				<point>702.000000,804.000000</point>
			</points>
		</object>
		<object>
			<coordinate>pixel</coordinate>
			<type>rectangle</type>
			<description>None</description>
			<possibleresult>
				<name>Small Car</name>
			</possibleresult>
			<points>
				<point>727.000061,798.000122</point>
				<point>707.000061,803.000122</point>
				<point>705.000061,795.000122</point>
				<point>725.000061,790.000122</point>
				<point>727.000061,798.000122</point>
			</points>
		</object>
		<object>
			<coordinate>pixel</coordinate>
			<type>rectangle</type>
			<description>None</description>
			<possibleresult>
				<name>Small Car</name>
			</possibleresult>
			<points>
				<point>752.999939,790.000061</point>
				<point>730.999939,795.000061</point>
				<point>729.388977,787.911682</point>
				<point>751.388977,782.911682</point>
				<point>752.999939,790.000061</point>
			</points>
		</object>
		<object>
			<coordinate>pixel</coordinate>
			<type>rectangle</type>
			<description>None</description>
			<possibleresult>
				<name>Van</name>
			</possibleresult>
			<points>
				<point>790.238342,748.207581</point>
				<point>768.238342,754.207581</point>
				<point>765.999939,745.999939</point>
				<point>787.999939,739.999939</point>
				<point>790.238342,748.207581</point>
			</points>
		</object>
		<object>
			<coordinate>pixel</coordinate>
			<type>rectangle</type>
			<description>None</description>
			<possibleresult>
				<name>Small Car</name>
			</possibleresult>
			<points>
				<point>754.075134,757.988403</point>
				<point>740.999939,760.000000</point>
				<point>739.924744,753.011597</point>
				<point>752.999939,751.000000</point>
				<point>754.075134,757.988403</point>
			</points>
		</object>
		<object>
			<coordinate>pixel</coordinate>
			<type>rectangle</type>
			<description>None</description>
			<possibleresult>
				<name>Intersection</name>
			</possibleresult>
			<points>
				<point>659.000061,812.000061</point>
				<point>617.000061,826.000061</point>
				<point>607.000061,796.000061</point>
				<point>649.000061,782.000061</point>
				<point>659.000061,812.000061</point>
			</points>
		</object>
		<object>
			<coordinate>pixel</coordinate>
			<type>rectangle</type>
			<description>None</description>
			<possibleresult>
				<name>Small Car</name>
			</possibleresult>
			<points>
				<point>991.558838,628.264648</point>
				<point>981.558838,634.264648</point>
				<point>973.000000,620.000000</point>
				<point>983.000000,614.000000</point>
				<point>991.558838,628.264648</point>
			</points>
		</object>
		<object>
			<coordinate>pixel</coordinate>
			<type>rectangle</type>
			<description>None</description>
			<possibleresult>
				<name>Small Car</name>
			</possibleresult>
			<points>
				<point>977.000061,631.000061</point>
				<point>967.800110,635.600037</point>
				<point>959.800110,619.600037</point>
				<point>969.000061,615.000061</point>
				<point>977.000061,631.000061</point>
			</points>
		</object>
		<object>
			<coordinate>pixel</coordinate>
			<type>rectangle</type>
			<description>None</description>
			<possibleresult>
				<name>Small Car</name>
			</possibleresult>
			<points>
				<point>969.000122,611.000000</point>
				<point>959.561890,616.898926</point>
				<point>949.561890,600.898926</point>
				<point>959.000122,595.000000</point>
				<point>969.000122,611.000000</point>
			</points>
		</object>
		<object>
			<coordinate>pixel</coordinate>
			<type>rectangle</type>
			<description>None</description>
			<possibleresult>
				<name>Small Car</name>
			</possibleresult>
			<points>
				<point>959.000000,592.000000</point>
				<point>949.267090,597.474731</point>
				<point>940.000000,581.000000</point>
				<point>949.732910,575.525269</point>
				<point>959.000000,592.000000</point>
			</points>
		</object>
		<object>
			<coordinate>pixel</coordinate>
			<type>rectangle</type>
			<description>None</description>
			<possibleresult>
				<name>Van</name>
			</possibleresult>
			<points>
				<point>950.000000,574.000000</point>
				<point>941.026733,579.047485</point>
				<point>932.000000,563.000000</point>
				<point>940.973267,557.952515</point>
				<point>950.000000,574.000000</point>
			</points>
		</object>
		<object>
			<coordinate>pixel</coordinate>
			<type>rectangle</type>
			<description>None</description>
			<possibleresult>
				<name>Small Car</name>
			</possibleresult>
			<points>
				<point>989.000000,565.999939</point>
				<point>981.103516,569.251404</point>
				<point>974.000000,551.999939</point>
				<point>981.896484,548.748474</point>
				<point>989.000000,565.999939</point>
			</points>
		</object>
		<object>
			<coordinate>pixel</coordinate>
			<type>rectangle</type>
			<description>None</description>
			<possibleresult>
				<name>Small Car</name>
			</possibleresult>
			<points>
				<point>977.055481,544.156982</point>
				<point>969.000061,547.000000</point>
				<point>962.944641,529.843018</point>
				<point>971.000061,527.000000</point>
				<point>977.055481,544.156982</point>
			</points>
		</object>
		<object>
			<coordinate>pixel</coordinate>
			<type>rectangle</type>
			<description>None</description>
			<possibleresult>
				<name>Van</name>
			</possibleresult>
			<points>
				<point>942.102356,554.278076</point>
				<point>931.999939,558.000000</point>
				<point>924.897522,538.721924</point>
				<point>934.999939,535.000000</point>
				<point>942.102356,554.278076</point>
			</points>
		</object>
		<object>
			<coordinate>pixel</coordinate>
			<type>rectangle</type>
			<description>None</description>
			<possibleresult>
				<name>Small Car</name>
			</possibleresult>
			<points>
				<point>930.862427,533.685303</point>
				<point>921.000122,538.000000</point>
				<point>914.000122,522.000000</point>
				<point>923.862427,517.685303</point>
				<point>930.862427,533.685303</point>
			</points>
		</object>
		<object>
			<coordinate>pixel</coordinate>
			<type>rectangle</type>
			<description>None</description>
			<possibleresult>
				<name>Small Car</name>
			</possibleresult>
			<points>
				<point>922.183716,514.419678</point>
				<point>914.000122,517.999939</point>
				<point>907.000122,501.999969</point>
				<point>915.183716,498.419678</point>
				<point>922.183716,514.419678</point>
			</points>
		</object>
		<object>
			<coordinate>pixel</coordinate>
			<type>rectangle</type>
			<description>None</description>
			<possibleresult>
				<name>Van</name>
			</possibleresult>
			<points>
				<point>945.000183,467.000000</point>
				<point>936.200134,471.400024</point>
				<point>927.200134,453.400024</point>
				<point>936.000183,449.000000</point>
				<point>945.000183,467.000000</point>
			</points>
		</object>
		<object>
			<coordinate>pixel</coordinate>
			<type>rectangle</type>
			<description>None</description>
			<possibleresult>
				<name>Small Car</name>
			</possibleresult>
			<points>
				<point>921.000122,475.000092</point>
				<point>909.800171,480.600067</point>
				<point>900.800171,462.600067</point>
				<point>912.000122,457.000092</point>
				<point>921.000122,475.000092</point>
			</points>
		</object>
		<object>
			<coordinate>pixel</coordinate>
			<type>rectangle</type>
			<description>None</description>
			<possibleresult>
				<name>Small Car</name>
			</possibleresult>
			<points>
				<point>904.169006,477.434326</point>
				<point>895.000061,481.000000</point>
				<point>887.831116,462.565674</point>
				<point>897.000061,459.000000</point>
				<point>904.169006,477.434326</point>
			</points>
		</object>
		<object>
			<coordinate>pixel</coordinate>
			<type>rectangle</type>
			<description>None</description>
			<possibleresult>
				<name>Small Car</name>
			</possibleresult>
			<points>
				<point>896.113342,458.240784</point>
				<point>886.000061,463.000000</point>
				<point>877.886780,445.759216</point>
				<point>888.000061,441.000000</point>
				<point>896.113342,458.240784</point>
			</points>
		</object>
		<object>
			<coordinate>pixel</coordinate>
			<type>rectangle</type>
			<description>None</description>
			<possibleresult>
				<name>Small Car</name>
			</possibleresult>
			<points>
				<point>950.923462,486.835815</point>
				<point>942.000122,491.000061</point>
				<point>935.000122,476.000061</point>
				<point>943.923462,471.835815</point>
				<point>950.923462,486.835815</point>
			</points>
		</object>
		<object>
			<coordinate>pixel</coordinate>
			<type>rectangle</type>
			<description>None</description>
			<possibleresult>
				<name>Van</name>
			</possibleresult>
			<points>
				<point>934.068970,445.157410</point>
				<point>923.000122,450.000061</point>
				<point>915.931274,433.842712</point>
				<point>927.000122,429.000061</point>
				<point>934.068970,445.157410</point>
			</points>
		</object>
		<object>
			<coordinate>pixel</coordinate>
			<type>rectangle</type>
			<description>None</description>
			<possibleresult>
				<name>Van</name>
			</possibleresult>
			<points>
				<point>924.022949,429.052460</point>
				<point>915.000000,433.000031</point>
				<point>907.977051,416.947601</point>
				<point>917.000000,413.000031</point>
				<point>924.022949,429.052460</point>
			</points>
		</object>
		<object>
			<coordinate>pixel</coordinate>
			<type>rectangle</type>
			<description>None</description>
			<possibleresult>
				<name>Small Car</name>
			</possibleresult>
			<points>
				<point>883.000000,370.000031</point>
				<point>873.000000,374.000031</point>
				<point>867.000000,359.000031</point>
				<point>877.000000,355.000031</point>
				<point>883.000000,370.000031</point>
			</points>
		</object>
		<object>
			<coordinate>pixel</coordinate>
			<type>rectangle</type>
			<description>None</description>
			<possibleresult>
				<name>Intersection</name>
			</possibleresult>
			<points>
				<point>913.000122,402.000031</point>
				<point>865.000122,423.000031</point>
				<point>833.580444,351.183624</point>
				<point>881.580444,330.183624</point>
				<point>913.000122,402.000031</point>
			</points>
		</object>
		<object>
			<coordinate>pixel</coordinate>
			<type>rectangle</type>
			<description>None</description>
			<possibleresult>
				<name>Small Car</name>
			</possibleresult>
			<points>
				<point>834.000122,425.000000</point>
				<point>817.000122,431.000000</point>
				<point>814.267822,423.258484</point>
				<point>831.267822,417.258484</point>
				<point>834.000122,425.000000</point>
			</points>
		</object>
		<object>
			<coordinate>pixel</coordinate>
			<type>rectangle</type>
			<description>None</description>
			<possibleresult>
				<name>Small Car</name>
			</possibleresult>
			<points>
				<point>973.684570,365.075134</point>
				<point>952.684570,370.075134</point>
				<point>951.000000,363.000000</point>
				<point>972.000000,358.000000</point>
				<point>973.684570,365.075134</point>
			</points>
		</object>
		<object>
			<coordinate>pixel</coordinate>
			<type>rectangle</type>
			<description>None</description>
			<possibleresult>
				<name>Small Car</name>
			</possibleresult>
			<points>
				<point>995.611023,359.088348</point>
				<point>973.611023,364.088348</point>
				<point>972.000061,356.999969</point>
				<point>994.000061,351.999969</point>
				<point>995.611023,359.088348</point>
			</points>
		</object>
		<object>
			<coordinate>pixel</coordinate>
			<type>rectangle</type>
			<description>None</description>
			<possibleresult>
				<name>Small Car</name>
			</possibleresult>
			<points>
				<point>957.541626,389.857513</point>
				<point>938.000122,395.000031</point>
				<point>936.458618,389.142548</point>
				<point>956.000122,384.000031</point>
				<point>957.541626,389.857513</point>
			</points>
		</object>
		<object>
			<coordinate>pixel</coordinate>
			<type>rectangle</type>
			<description>None</description>
			<possibleresult>
				<name>Small Car</name>
			</possibleresult>
			<points>
				<point>881.000000,337.000000</point>
				<point>869.792969,340.296204</point>
				<point>864.792969,323.296204</point>
				<point>876.000000,320.000000</point>
				<point>881.000000,337.000000</point>
			</points>
		</object>
		<object>
			<coordinate>pixel</coordinate>
			<type>rectangle</type>
			<description>None</description>
			<possibleresult>
				<name>Small Car</name>
			</possibleresult>
			<points>
				<point>867.000000,310.000031</point>
				<point>858.751465,313.396454</point>
				<point>851.751465,296.396454</point>
				<point>860.000000,293.000031</point>
				<point>867.000000,310.000031</point>
			</points>
		</object>
		<object>
			<coordinate>pixel</coordinate>
			<type>rectangle</type>
			<description>None</description>
			<possibleresult>
				<name>Small Car</name>
			</possibleresult>
			<points>
				<point>818.000000,290.999969</point>
				<point>809.026733,296.047455</point>
				<point>800.000000,279.999969</point>
				<point>808.973267,274.952484</point>
				<point>818.000000,290.999969</point>
			</points>
		</object>
		<object>
			<coordinate>pixel</coordinate>
			<type>rectangle</type>
			<description>None</description>
			<possibleresult>
				<name>Small Car</name>
			</possibleresult>
			<points>
				<point>851.000061,276.000061</point>
				<point>842.076721,280.164307</point>
				<point>835.076721,265.164307</point>
				<point>844.000061,261.000061</point>
				<point>851.000061,276.000061</point>
			</points>
		</object>
		<object>
			<coordinate>pixel</coordinate>
			<type>rectangle</type>
			<description>None</description>
			<possibleresult>
				<name>Small Car</name>
			</possibleresult>
			<points>
				<point>808.000000,272.000000</point>
				<point>798.000000,276.000000</point>
				<point>792.000000,261.000000</point>
				<point>802.000000,257.000000</point>
				<point>808.000000,272.000000</point>
			</points>
		</object>
		<object>
			<coordinate>pixel</coordinate>
			<type>rectangle</type>
			<description>None</description>
			<possibleresult>
				<name>Van</name>
			</possibleresult>
			<points>
				<point>842.999939,257.000000</point>
				<point>834.058533,261.126831</point>
				<point>827.999939,248.000000</point>
				<point>836.941345,243.873169</point>
				<point>842.999939,257.000000</point>
			</points>
		</object>
		<object>
			<coordinate>pixel</coordinate>
			<type>rectangle</type>
			<description>None</description>
			<possibleresult>
				<name>Small Car</name>
			</possibleresult>
			<points>
				<point>1000.000000,45.999294</point>
				<point>1000.000000,47.000034</point>
				<point>988.000122,49.999989</point>
				<point>985.764771,41.058811</point>
				<point>1000.000000,45.999294</point>
			</points>
		</object>
		<object>
			<coordinate>pixel</coordinate>
			<type>rectangle</type>
			<description>None</description>
			<possibleresult>
				<name>Van</name>
			</possibleresult>
			<points>
				<point>1000.000000,12.600352</point>
				<point>1000.000000,15.999967</point>
				<point>981.999878,20.999990</point>
				<point>980.123047,14.243544</point>
				<point>1000.000000,12.600352</point>
			</points>
		</object>
		<object>
			<coordinate>pixel</coordinate>
			<type>rectangle</type>
			<description>None</description>
			<possibleresult>
				<name>Small Car</name>
			</possibleresult>
			<points>
				<point>913.264221,39.924519</point>
				<point>892.000061,45.999989</point>
				<point>890.000061,38.999989</point>
				<point>911.264221,32.924519</point>
				<point>913.264221,39.924519</point>
			</points>
		</object>
		<object>
			<coordinate>pixel</coordinate>
			<type>rectangle</type>
			<description>None</description>
			<possibleresult>
				<name>Small Car</name>
			</possibleresult>
			<points>
				<point>921.191345,68.939545</point>
				<point>901.999939,75.000000</point>
				<point>899.808533,68.060455</point>
				<point>918.999939,62.000000</point>
				<point>921.191345,68.939545</point>
			</points>
		</object>
		<object>
			<coordinate>pixel</coordinate>
			<type>rectangle</type>
			<description>None</description>
			<possibleresult>
				<name>Van</name>
			</possibleresult>
			<points>
				<point>893.000061,78.000008</point>
				<point>873.000061,83.000008</point>
				<point>870.941223,74.764717</point>
				<point>890.941223,69.764717</point>
				<point>893.000061,78.000008</point>
			</points>
		</object>
		<object>
			<coordinate>pixel</coordinate>
			<type>rectangle</type>
			<description>None</description>
			<possibleresult>
				<name>Van</name>
			</possibleresult>
			<points>
				<point>758.376831,99.828751</point>
				<point>747.000122,104.999985</point>
				<point>739.774048,89.102722</point>
				<point>751.150757,83.931488</point>
				<point>758.376831,99.828751</point>
			</points>
		</object>
		<object>
			<coordinate>pixel</coordinate>
			<type>rectangle</type>
			<description>None</description>
			<possibleresult>
				<name>Intersection</name>
			</possibleresult>
			<points>
				<point>770.999939,111.999985</point>
				<point>719.999939,126.999985</point>
				<point>707.133728,83.254761</point>
				<point>758.133728,68.254761</point>
				<point>770.999939,111.999985</point>
			</points>
		</object>
		<object>
			<coordinate>pixel</coordinate>
			<type>rectangle</type>
			<description>None</description>
			<possibleresult>
				<name>Small Car</name>
			</possibleresult>
			<points>
				<point>638.750061,0.000000</point>
				<point>645.142822,0.000000</point>
				<point>648.000000,5.000031</point>
				<point>641.000000,9.000031</point>
				<point>638.750061,0.000000</point>
			</points>
		</object>
		<object>
			<coordinate>pixel</coordinate>
			<type>rectangle</type>
			<description>None</description>
			<possibleresult>
				<name>Bus</name>
			</possibleresult>
			<points>
				<point>572.000061,13.000001</point>
				<point>565.275940,15.689656</point>
				<point>559.000061,0.000000</point>
				<point>566.800049,0.000000</point>
				<point>572.000061,13.000001</point>
			</points>
		</object>
		<object>
			<coordinate>pixel</coordinate>
			<type>rectangle</type>
			<description>None</description>
			<possibleresult>
				<name>other-vehicle</name>
			</possibleresult>
			<points>
				<point>560.000000,15.000001</point>
				<point>551.168945,18.434317</point>
				<point>544.000000,0.000000</point>
				<point>554.166626,0.000000</point>
				<point>560.000000,15.000001</point>
			</points>
		</object>
		<object>
			<coordinate>pixel</coordinate>
			<type>rectangle</type>
			<description>None</description>
			<possibleresult>
				<name>Small Car</name>
			</possibleresult>
			<points>
				<point>548.000000,18.000000</point>
				<point>539.026733,23.047478</point>
				<point>530.000000,7.000000</point>
				<point>538.973267,1.952522</point>
				<point>548.000000,18.000000</point>
			</points>
		</object>
		<object>
			<coordinate>pixel</coordinate>
			<type>rectangle</type>
			<description>None</description>
			<possibleresult>
				<name>Van</name>
			</possibleresult>
			<points>
				<point>563.169189,135.953857</point>
				<point>541.000000,142.000000</point>
				<point>538.830811,134.046143</point>
				<point>561.000000,128.000000</point>
				<point>563.169189,135.953857</point>
			</points>
		</object>
		<object>
			<coordinate>pixel</coordinate>
			<type>rectangle</type>
			<description>None</description>
			<possibleresult>
				<name>Small Car</name>
			</possibleresult>
			<points>
				<point>805.000061,703.000061</point>
				<point>796.280945,708.449524</point>
				<point>786.000061,692.000061</point>
				<point>794.719177,686.550598</point>
				<point>805.000061,703.000061</point>
			</points>
		</object>
		<object>
			<coordinate>pixel</coordinate>
			<type>rectangle</type>
			<description>None</description>
			<possibleresult>
				<name>Small Car</name>
			</possibleresult>
			<points>
				<point>830.000122,667.000061</point>
				<point>802.000122,674.000061</point>
				<point>799.470703,663.882385</point>
				<point>827.470703,656.882385</point>
				<point>830.000122,667.000061</point>
			</points>
		</object>
		<object>
			<coordinate>pixel</coordinate>
			<type>rectangle</type>
			<description>None</description>
			<possibleresult>
				<name>Van</name>
			</possibleresult>
			<points>
				<point>818.000061,652.000061</point>
				<point>798.852356,657.038879</point>
				<point>797.000061,650.000061</point>
				<point>816.147766,644.961243</point>
				<point>818.000061,652.000061</point>
			</points>
		</object>
		<object>
			<coordinate>pixel</coordinate>
			<type>rectangle</type>
			<description>None</description>
			<possibleresult>
				<name>Small Car</name>
			</possibleresult>
			<points>
				<point>801.000061,627.000061</point>
				<point>781.496033,631.106140</point>
				<point>780.000061,624.000061</point>
				<point>799.504089,619.893982</point>
				<point>801.000061,627.000061</point>
			</points>
		</object>
		<object>
			<coordinate>pixel</coordinate>
			<type>rectangle</type>
			<description>None</description>
			<possibleresult>
				<name>Small Car</name>
			</possibleresult>
			<points>
				<point>795.210999,611.963257</point>
				<point>771.999939,616.000000</point>
				<point>770.788879,609.036743</point>
				<point>793.999939,605.000000</point>
				<point>795.210999,611.963257</point>
			</points>
		</object>
		<object>
			<coordinate>pixel</coordinate>
			<type>rectangle</type>
			<description>None</description>
			<possibleresult>
				<name>Van</name>
			</possibleresult>
			<points>
				<point>790.587280,604.131287</point>
				<point>768.587280,611.131287</point>
				<point>766.000000,602.999939</point>
				<point>788.000000,595.999939</point>
				<point>790.587280,604.131287</point>
			</points>
		</object>
		<object>
			<coordinate>pixel</coordinate>
			<type>rectangle</type>
			<description>None</description>
			<possibleresult>
				<name>Small Car</name>
			</possibleresult>
			<points>
				<point>785.091797,592.972595</point>
				<point>765.000000,599.000061</point>
				<point>762.908203,592.027527</point>
				<point>783.000000,586.000061</point>
				<point>785.091797,592.972595</point>
			</points>
		</object>
		<object>
			<coordinate>pixel</coordinate>
			<type>rectangle</type>
			<description>None</description>
			<possibleresult>
				<name>Small Car</name>
			</possibleresult>
			<points>
				<point>782.089050,583.968872</point>
				<point>761.999939,591.000000</point>
				<point>759.910828,585.031128</point>
				<point>779.999939,578.000000</point>
				<point>782.089050,583.968872</point>
			</points>
		</object>
		<object>
			<coordinate>pixel</coordinate>
			<type>rectangle</type>
			<description>None</description>
			<possibleresult>
				<name>Small Car</name>
			</possibleresult>
			<points>
				<point>777.999939,572.999939</point>
				<point>755.915344,579.023010</point>
				<point>753.999939,571.999939</point>
				<point>776.084534,565.976868</point>
				<point>777.999939,572.999939</point>
			</points>
		</object>
		<object>
			<coordinate>pixel</coordinate>
			<type>rectangle</type>
			<description>None</description>
			<possibleresult>
				<name>Small Car</name>
			</possibleresult>
			<points>
				<point>719.000000,634.000061</point>
				<point>711.352905,638.588318</point>
				<point>702.000000,623.000061</point>
				<point>709.647095,618.411804</point>
				<point>719.000000,634.000061</point>
			</points>
		</object>
		<object>
			<coordinate>pixel</coordinate>
			<type>rectangle</type>
			<description>None</description>
			<possibleresult>
				<name>Small Car</name>
			</possibleresult>
			<points>
				<point>300.090637,985.192627</point>
				<point>292.000000,989.000000</point>
				<point>283.909363,971.807373</point>
				<point>292.000000,968.000000</point>
				<point>300.090637,985.192627</point>
			</points>
		</object>
		<object>
			<coordinate>pixel</coordinate>
			<type>rectangle</type>
			<description>None</description>
			<possibleresult>
				<name>Small Car</name>
			</possibleresult>
			<points>
				<point>271.000031,947.000000</point>
				<point>262.026215,948.196533</point>
				<point>260.000031,933.000000</point>
				<point>268.973846,931.803467</point>
				<point>271.000031,947.000000</point>
			</points>
		</object>
		<object>
			<coordinate>pixel</coordinate>
			<type>rectangle</type>
			<description>None</description>
			<possibleresult>
				<name>Small Car</name>
			</possibleresult>
			<points>
				<point>265.000000,916.000000</point>
				<point>241.750916,921.054199</point>
				<point>240.000000,913.000000</point>
				<point>263.249084,907.945801</point>
				<point>265.000000,916.000000</point>
			</points>
		</object>
		<object>
			<coordinate>pixel</coordinate>
			<type>rectangle</type>
			<description>None</description>
			<possibleresult>
				<name>Intersection</name>
			</possibleresult>
			<points>
				<point>272.000000,921.000000</point>
				<point>222.930023,941.028564</point>
				<point>207.000000,902.000000</point>
				<point>256.069977,881.971436</point>
				<point>272.000000,921.000000</point>
			</points>
		</object>
		<object>
			<coordinate>pixel</coordinate>
			<type>rectangle</type>
			<description>None</description>
			<possibleresult>
				<name>Small Car</name>
			</possibleresult>
			<points>
				<point>442.846161,874.769348</point>
				<point>420.846161,880.769348</point>
				<point>419.000031,874.000061</point>
				<point>441.000031,868.000061</point>
				<point>442.846161,874.769348</point>
			</points>
		</object>
		<object>
			<coordinate>pixel</coordinate>
			<type>rectangle</type>
			<description>None</description>
			<possibleresult>
				<name>Small Car</name>
			</possibleresult>
			<points>
				<point>476.000061,868.000183</point>
				<point>452.941223,873.764832</point>
				<point>450.941223,865.764832</point>
				<point>474.000061,860.000183</point>
				<point>476.000061,868.000183</point>
			</points>
		</object>
		<object>
			<coordinate>pixel</coordinate>
			<type>rectangle</type>
			<description>None</description>
			<possibleresult>
				<name>Small Car</name>
			</possibleresult>
			<points>
				<point>395.000000,855.000000</point>
				<point>372.917419,862.026245</point>
				<point>371.000000,856.000000</point>
				<point>393.082581,848.973755</point>
				<point>395.000000,855.000000</point>
			</points>
		</object>
		<object>
			<coordinate>pixel</coordinate>
			<type>rectangle</type>
			<description>None</description>
			<possibleresult>
				<name>Small Car</name>
			</possibleresult>
			<points>
				<point>447.496094,842.106140</point>
				<point>428.496094,846.106140</point>
				<point>427.000061,839.000061</point>
				<point>446.000061,835.000061</point>
				<point>447.496094,842.106140</point>
			</points>
		</object>
		<object>
			<coordinate>pixel</coordinate>
			<type>rectangle</type>
			<description>None</description>
			<possibleresult>
				<name>Small Car</name>
			</possibleresult>
			<points>
				<point>479.000000,833.000122</point>
				<point>458.000000,839.000122</point>
				<point>455.735840,831.075562</point>
				<point>476.735840,825.075562</point>
				<point>479.000000,833.000122</point>
			</points>
		</object>
		<object>
			<coordinate>pixel</coordinate>
			<type>rectangle</type>
			<description>None</description>
			<possibleresult>
				<name>Small Car</name>
			</possibleresult>
			<points>
				<point>500.282074,826.226685</point>
				<point>481.282074,832.226685</point>
				<point>478.999969,825.000000</point>
				<point>497.999969,819.000000</point>
				<point>500.282074,826.226685</point>
			</points>
		</object>
		<object>
			<coordinate>pixel</coordinate>
			<type>rectangle</type>
			<description>None</description>
			<possibleresult>
				<name>Small Car</name>
			</possibleresult>
			<points>
				<point>527.137939,819.973877</point>
				<point>506.000031,824.000122</point>
				<point>504.862213,818.026367</point>
				<point>526.000122,814.000122</point>
				<point>527.137939,819.973877</point>
			</points>
		</object>
		<object>
			<coordinate>pixel</coordinate>
			<type>rectangle</type>
			<description>None</description>
			<possibleresult>
				<name>Small Car</name>
			</possibleresult>
			<points>
				<point>546.317627,814.929382</point>
				<point>528.000000,818.999939</point>
				<point>526.682373,813.070496</point>
				<point>545.000000,808.999939</point>
				<point>546.317627,814.929382</point>
			</points>
		</object>
		<object>
			<coordinate>pixel</coordinate>
			<type>rectangle</type>
			<description>None</description>
			<possibleresult>
				<name>Small Car</name>
			</possibleresult>
			<points>
				<point>604.222534,829.937744</point>
				<point>579.000000,837.000000</point>
				<point>576.777466,829.062256</point>
				<point>602.000000,822.000000</point>
				<point>604.222534,829.937744</point>
			</points>
		</object>
		<object>
			<coordinate>pixel</coordinate>
			<type>rectangle</type>
			<description>None</description>
			<possibleresult>
				<name>Van</name>
			</possibleresult>
			<points>
				<point>586.000061,954.000000</point>
				<point>576.705383,958.373901</point>
				<point>568.705383,941.373901</point>
				<point>578.000061,937.000000</point>
				<point>586.000061,954.000000</point>
			</points>
		</object>
		<object>
			<coordinate>pixel</coordinate>
			<type>rectangle</type>
			<description>None</description>
			<possibleresult>
				<name>Van</name>
			</possibleresult>
			<points>
				<point>631.023010,767.052490</point>
				<point>622.000061,771.000000</point>
				<point>614.977112,754.947510</point>
				<point>624.000061,751.000000</point>
				<point>631.023010,767.052490</point>
			</points>
		</object>
		<object>
			<coordinate>pixel</coordinate>
			<type>rectangle</type>
			<description>None</description>
			<possibleresult>
				<name>Van</name>
			</possibleresult>
			<points>
				<point>595.000061,740.000000</point>
				<point>586.128601,745.218506</point>
				<point>576.000061,728.000000</point>
				<point>584.871521,722.781494</point>
				<point>595.000061,740.000000</point>
			</points>
		</object>
		<object>
			<coordinate>pixel</coordinate>
			<type>rectangle</type>
			<description>None</description>
			<possibleresult>
				<name>Small Car</name>
			</possibleresult>
			<points>
				<point>617.000000,739.000000</point>
				<point>608.724121,742.310303</point>
				<point>602.724121,727.310303</point>
				<point>611.000000,724.000000</point>
				<point>617.000000,739.000000</point>
			</points>
		</object>
		<object>
			<coordinate>pixel</coordinate>
			<type>rectangle</type>
			<description>None</description>
			<possibleresult>
				<name>Van</name>
			</possibleresult>
			<points>
				<point>608.304443,718.570923</point>
				<point>600.000000,723.000000</point>
				<point>591.695557,707.429077</point>
				<point>600.000000,703.000000</point>
				<point>608.304443,718.570923</point>
			</points>
		</object>
		<object>
			<coordinate>pixel</coordinate>
			<type>rectangle</type>
			<description>None</description>
			<possibleresult>
				<name>Van</name>
			</possibleresult>
			<points>
				<point>572.000000,693.000061</point>
				<point>562.800049,697.600037</point>
				<point>555.800049,683.600037</point>
				<point>565.000000,679.000061</point>
				<point>572.000000,693.000061</point>
			</points>
		</object>
		<object>
			<coordinate>pixel</coordinate>
			<type>rectangle</type>
			<description>None</description>
			<possibleresult>
				<name>Intersection</name>
			</possibleresult>
			<points>
				<point>576.000061,653.000061</point>
				<point>547.000061,663.000061</point>
				<point>541.431458,646.851257</point>
				<point>570.431458,636.851257</point>
				<point>576.000061,653.000061</point>
			</points>
		</object>
		<object>
			<coordinate>pixel</coordinate>
			<type>rectangle</type>
			<description>None</description>
			<possibleresult>
				<name>Small Car</name>
			</possibleresult>
			<points>
				<point>722.999939,591.000000</point>
				<point>705.783386,596.063721</point>
				<point>703.999939,590.000000</point>
				<point>721.216492,584.936279</point>
				<point>722.999939,591.000000</point>
			</points>
		</object>
		<object>
			<coordinate>pixel</coordinate>
			<type>rectangle</type>
			<description>None</description>
			<possibleresult>
				<name>Van</name>
			</possibleresult>
			<points>
				<point>706.999939,568.000000</point>
				<point>684.999939,574.000000</point>
				<point>683.084534,566.976929</point>
				<point>705.084534,560.976929</point>
				<point>706.999939,568.000000</point>
			</points>
		</object>
		<object>
			<coordinate>pixel</coordinate>
			<type>rectangle</type>
			<description>None</description>
			<possibleresult>
				<name>Small Car</name>
			</possibleresult>
			<points>
				<point>701.442566,551.131042</point>
				<point>684.442566,555.131042</point>
				<point>682.999939,548.999939</point>
				<point>699.999939,544.999939</point>
				<point>701.442566,551.131042</point>
			</points>
		</object>
		<object>
			<coordinate>pixel</coordinate>
			<type>rectangle</type>
			<description>None</description>
			<possibleresult>
				<name>Small Car</name>
			</possibleresult>
			<points>
				<point>696.404419,502.175171</point>
				<point>679.404419,507.175171</point>
				<point>677.000000,499.000000</point>
				<point>694.000000,494.000000</point>
				<point>696.404419,502.175171</point>
			</points>
		</object>
		<object>
			<coordinate>pixel</coordinate>
			<type>rectangle</type>
			<description>None</description>
			<possibleresult>
				<name>Van</name>
			</possibleresult>
			<points>
				<point>779.576904,529.884705</point>
				<point>754.576904,534.884705</point>
				<point>753.000000,527.000061</point>
				<point>778.000000,522.000061</point>
				<point>779.576904,529.884705</point>
			</points>
		</object>
		<object>
			<coordinate>pixel</coordinate>
			<type>rectangle</type>
			<description>None</description>
			<possibleresult>
				<name>Small Car</name>
			</possibleresult>
			<points>
				<point>758.000000,525.000000</point>
				<point>737.482788,533.206909</point>
				<point>735.000000,527.000000</point>
				<point>755.517212,518.793091</point>
				<point>758.000000,525.000000</point>
			</points>
		</object>
		<object>
			<coordinate>pixel</coordinate>
			<type>rectangle</type>
			<description>None</description>
			<possibleresult>
				<name>Small Car</name>
			</possibleresult>
			<points>
				<point>751.000000,516.000000</point>
				<point>733.000000,519.000000</point>
				<point>732.000000,513.000000</point>
				<point>750.000000,510.000000</point>
				<point>751.000000,516.000000</point>
			</points>
		</object>
		<object>
			<coordinate>pixel</coordinate>
			<type>rectangle</type>
			<description>None</description>
			<possibleresult>
				<name>Van</name>
			</possibleresult>
			<points>
				<point>732.453613,487.904541</point>
				<point>713.000000,492.000061</point>
				<point>711.546387,485.095581</point>
				<point>731.000000,481.000061</point>
				<point>732.453613,487.904541</point>
			</points>
		</object>
		<object>
			<coordinate>pixel</coordinate>
			<type>rectangle</type>
			<description>None</description>
			<possibleresult>
				<name>Van</name>
			</possibleresult>
			<points>
				<point>794.000000,416.000000</point>
				<point>772.735840,422.075500</point>
				<point>771.000000,416.000000</point>
				<point>792.264160,409.924500</point>
				<point>794.000000,416.000000</point>
			</points>
		</object>
		<object>
			<coordinate>pixel</coordinate>
			<type>rectangle</type>
			<description>None</description>
			<possibleresult>
				<name>Small Car</name>
			</possibleresult>
			<points>
				<point>769.000061,423.999969</point>
				<point>747.684631,429.075104</point>
				<point>746.000061,421.999969</point>
				<point>767.315491,416.924835</point>
				<point>769.000061,423.999969</point>
			</points>
		</object>
		<object>
			<coordinate>pixel</coordinate>
			<type>rectangle</type>
			<description>None</description>
			<possibleresult>
				<name>Small Car</name>
			</possibleresult>
			<points>
				<point>781.081482,438.978790</point>
				<point>758.000061,445.000031</point>
				<point>755.918640,437.021271</point>
				<point>779.000061,431.000031</point>
				<point>781.081482,438.978790</point>
			</points>
		</object>
		<object>
			<coordinate>pixel</coordinate>
			<type>rectangle</type>
			<description>None</description>
			<possibleresult>
				<name>Small Car</name>
			</possibleresult>
			<points>
				<point>734.000000,451.000031</point>
				<point>711.827148,456.039337</point>
				<point>710.000000,448.000031</point>
				<point>732.172852,442.960724</point>
				<point>734.000000,451.000031</point>
			</points>
		</object>
		<object>
			<coordinate>pixel</coordinate>
			<type>rectangle</type>
			<description>None</description>
			<possibleresult>
				<name>Van</name>
			</possibleresult>
			<points>
				<point>661.459229,452.128784</point>
				<point>640.459229,457.128784</point>
				<point>639.000000,451.000000</point>
				<point>660.000000,446.000000</point>
				<point>661.459229,452.128784</point>
			</points>
		</object>
		<object>
			<coordinate>pixel</coordinate>
			<type>rectangle</type>
			<description>None</description>
			<possibleresult>
				<name>Van</name>
			</possibleresult>
			<points>
				<point>604.133911,486.981750</point>
				<point>582.000000,490.000000</point>
				<point>580.910767,482.012146</point>
				<point>603.044678,478.993896</point>
				<point>604.133911,486.981750</point>
			</points>
		</object>
		<object>
			<coordinate>pixel</coordinate>
			<type>rectangle</type>
			<description>None</description>
			<possibleresult>
				<name>Small Car</name>
			</possibleresult>
			<points>
				<point>564.000000,479.000061</point>
				<point>542.356689,483.122620</point>
				<point>541.000000,476.000061</point>
				<point>562.643311,471.877502</point>
				<point>564.000000,479.000061</point>
			</points>
		</object>
		<object>
			<coordinate>pixel</coordinate>
			<type>rectangle</type>
			<description>None</description>
			<possibleresult>
				<name>Small Car</name>
			</possibleresult>
			<points>
				<point>443.999969,511.000061</point>
				<point>420.999969,517.000061</point>
				<point>419.162811,509.957581</point>
				<point>442.162811,503.957581</point>
				<point>443.999969,511.000061</point>
			</points>
		</object>
		<object>
			<coordinate>pixel</coordinate>
			<type>rectangle</type>
			<description>None</description>
			<possibleresult>
				<name>Intersection</name>
			</possibleresult>
			<points>
				<point>511.000000,512.999939</point>
				<point>477.000000,523.999939</point>
				<point>467.653870,495.111938</point>
				<point>501.653870,484.111938</point>
				<point>511.000000,512.999939</point>
			</points>
		</object>
		<object>
			<coordinate>pixel</coordinate>
			<type>rectangle</type>
			<description>None</description>
			<possibleresult>
				<name>Van</name>
			</possibleresult>
			<points>
				<point>554.000000,605.000000</point>
				<point>545.344238,608.786865</point>
				<point>538.000000,592.000000</point>
				<point>546.655762,588.213135</point>
				<point>554.000000,605.000000</point>
			</points>
		</object>
		<object>
			<coordinate>pixel</coordinate>
			<type>rectangle</type>
			<description>None</description>
			<possibleresult>
				<name>Van</name>
			</possibleresult>
			<points>
				<point>543.000000,581.000000</point>
				<point>533.138428,586.259521</point>
				<point>525.000000,571.000000</point>
				<point>534.861572,565.740479</point>
				<point>543.000000,581.000000</point>
			</points>
		</object>
		<object>
			<coordinate>pixel</coordinate>
			<type>rectangle</type>
			<description>None</description>
			<possibleresult>
				<name>Van</name>
			</possibleresult>
			<points>
				<point>534.000000,564.000000</point>
				<point>524.041382,568.100586</point>
				<point>517.000000,551.000000</point>
				<point>526.958618,546.899414</point>
				<point>534.000000,564.000000</point>
			</points>
		</object>
		<object>
			<coordinate>pixel</coordinate>
			<type>rectangle</type>
			<description>None</description>
			<possibleresult>
				<name>Van</name>
			</possibleresult>
			<points>
				<point>523.137939,541.344910</point>
				<point>514.000000,545.000061</point>
				<point>507.862061,529.655212</point>
				<point>517.000000,526.000061</point>
				<point>523.137939,541.344910</point>
			</points>
		</object>
		<object>
			<coordinate>pixel</coordinate>
			<type>rectangle</type>
			<description>None</description>
			<possibleresult>
				<name>Van</name>
			</possibleresult>
			<points>
				<point>545.000000,636.000000</point>
				<point>538.113281,639.240845</point>
				<point>530.000000,622.000000</point>
				<point>536.886719,618.759155</point>
				<point>545.000000,636.000000</point>
			</points>
		</object>
		<object>
			<coordinate>pixel</coordinate>
			<type>rectangle</type>
			<description>None</description>
			<possibleresult>
				<name>Small Car</name>
			</possibleresult>
			<points>
				<point>534.137695,615.314697</point>
				<point>528.000000,618.000000</point>
				<point>521.000000,602.000000</point>
				<point>527.137695,599.314697</point>
				<point>534.137695,615.314697</point>
			</points>
		</object>
		<object>
			<coordinate>pixel</coordinate>
			<type>rectangle</type>
			<description>None</description>
			<possibleresult>
				<name>Van</name>
			</possibleresult>
			<points>
				<point>513.200073,568.400085</point>
				<point>507.200073,571.400085</point>
				<point>501.000061,559.000061</point>
				<point>507.000061,556.000061</point>
				<point>513.200073,568.400085</point>
			</points>
		</object>
		<object>
			<coordinate>pixel</coordinate>
			<type>rectangle</type>
			<description>None</description>
			<possibleresult>
				<name>Small Car</name>
			</possibleresult>
			<points>
				<point>524.000061,592.000000</point>
				<point>518.247498,594.556641</point>
				<point>514.000061,585.000000</point>
				<point>519.752625,582.443359</point>
				<point>524.000061,592.000000</point>
			</points>
		</object>
		<object>
			<coordinate>pixel</coordinate>
			<type>rectangle</type>
			<description>None</description>
			<possibleresult>
				<name>Small Car</name>
			</possibleresult>
			<points>
				<point>505.000061,553.000061</point>
				<point>499.045288,555.126770</point>
				<point>494.045288,541.126770</point>
				<point>500.000061,539.000061</point>
				<point>505.000061,553.000061</point>
			</points>
		</object>
		<object>
			<coordinate>pixel</coordinate>
			<type>rectangle</type>
			<description>None</description>
			<possibleresult>
				<name>Small Car</name>
			</possibleresult>
			<points>
				<point>706.064880,293.789185</point>
				<point>702.000061,307.000000</point>
				<point>692.935242,304.210815</point>
				<point>697.000061,291.000000</point>
				<point>706.064880,293.789185</point>
			</points>
		</object>
		<object>
			<coordinate>pixel</coordinate>
			<type>rectangle</type>
			<description>None</description>
			<possibleresult>
				<name>Small Car</name>
			</possibleresult>
			<points>
				<point>683.000000,290.999969</point>
				<point>679.932617,304.292084</point>
				<point>670.000000,301.999969</point>
				<point>673.067383,288.707855</point>
				<point>683.000000,290.999969</point>
			</points>
		</object>
		<object>
			<coordinate>pixel</coordinate>
			<type>rectangle</type>
			<description>None</description>
			<possibleresult>
				<name>Small Car</name>
			</possibleresult>
			<points>
				<point>583.600037,257.200012</point>
				<point>576.000061,261.000000</point>
				<point>567.000061,243.000015</point>
				<point>574.600037,239.200043</point>
				<point>583.600037,257.200012</point>
			</points>
		</object>
		<object>
			<coordinate>pixel</coordinate>
			<type>rectangle</type>
			<description>None</description>
			<possibleresult>
				<name>Small Car</name>
			</possibleresult>
			<points>
				<point>623.000000,255.000000</point>
				<point>612.264648,261.441162</point>
				<point>603.264648,246.441162</point>
				<point>614.000000,240.000000</point>
				<point>623.000000,255.000000</point>
			</points>
		</object>
		<object>
			<coordinate>pixel</coordinate>
			<type>rectangle</type>
			<description>None</description>
			<possibleresult>
				<name>Small Car</name>
			</possibleresult>
			<points>
				<point>651.068909,256.157349</point>
				<point>640.000061,261.000000</point>
				<point>632.931213,244.842606</point>
				<point>644.000061,239.999969</point>
				<point>651.068909,256.157349</point>
			</points>
		</object>
		<object>
			<coordinate>pixel</coordinate>
			<type>rectangle</type>
			<description>None</description>
			<possibleresult>
				<name>Van</name>
			</possibleresult>
			<points>
				<point>666.117004,250.253662</point>
				<point>657.175598,254.380493</point>
				<point>650.999939,241.000000</point>
				<point>659.941345,236.873169</point>
				<point>666.117004,250.253662</point>
			</points>
		</object>
		<object>
			<coordinate>pixel</coordinate>
			<type>rectangle</type>
			<description>None</description>
			<possibleresult>
				<name>Small Car</name>
			</possibleresult>
			<points>
				<point>679.000000,249.000000</point>
				<point>670.123291,252.328766</point>
				<point>664.000000,236.000000</point>
				<point>672.876709,232.671234</point>
				<point>679.000000,249.000000</point>
			</points>
		</object>
		<object>
			<coordinate>pixel</coordinate>
			<type>rectangle</type>
			<description>None</description>
			<possibleresult>
				<name>Small Car</name>
			</possibleresult>
			<points>
				<point>691.000061,239.000015</point>
				<point>683.155212,242.362076</point>
				<point>677.000061,228.000015</point>
				<point>684.844910,224.637955</point>
				<point>691.000061,239.000015</point>
			</points>
		</object>
		<object>
			<coordinate>pixel</coordinate>
			<type>rectangle</type>
			<description>None</description>
			<possibleresult>
				<name>Van</name>
			</possibleresult>
			<points>
				<point>706.082153,236.219177</point>
				<point>696.000000,240.000000</point>
				<point>689.917847,223.780823</point>
				<point>700.000000,220.000000</point>
				<point>706.082153,236.219177</point>
			</points>
		</object>
		<object>
			<coordinate>pixel</coordinate>
			<type>rectangle</type>
			<description>None</description>
			<possibleresult>
				<name>Small Car</name>
			</possibleresult>
			<points>
				<point>310.166077,229.963898</point>
				<point>286.958496,235.009033</point>
				<point>284.792419,225.045135</point>
				<point>308.000000,220.000000</point>
				<point>310.166077,229.963898</point>
			</points>
		</object>
		<object>
			<coordinate>pixel</coordinate>
			<type>rectangle</type>
			<description>None</description>
			<possibleresult>
				<name>Intersection</name>
			</possibleresult>
			<points>
				<point>353.517578,225.877136</point>
				<point>214.000000,259.000000</point>
				<point>205.482422,223.122894</point>
				<point>345.000000,190.000031</point>
				<point>353.517578,225.877136</point>
			</points>
		</object>
		<object>
			<coordinate>pixel</coordinate>
			<type>rectangle</type>
			<description>None</description>
			<possibleresult>
				<name>Van</name>
			</possibleresult>
			<points>
				<point>128.058365,283.777191</point>
				<point>109.058365,287.777191</point>
				<point>107.000015,278.000031</point>
				<point>126.000015,274.000031</point>
				<point>128.058365,283.777191</point>
			</points>
		</object>
		<object>
			<coordinate>pixel</coordinate>
			<type>rectangle</type>
			<description>None</description>
			<possibleresult>
				<name>Van</name>
			</possibleresult>
			<points>
				<point>63.999992,141.000000</point>
				<point>62.766090,146.182404</point>
				<point>41.766090,141.182404</point>
				<point>42.999992,136.000000</point>
				<point>63.999992,141.000000</point>
			</points>
		</object>
		<object>
			<coordinate>pixel</coordinate>
			<type>rectangle</type>
			<description>None</description>
			<possibleresult>
				<name>Van</name>
			</possibleresult>
			<points>
				<point>69.000000,33.000000</point>
				<point>62.000000,40.000000</point>
				<point>43.000000,21.000000</point>
				<point>50.000000,14.000000</point>
				<point>69.000000,33.000000</point>
			</points>
		</object>
		<object>
			<coordinate>pixel</coordinate>
			<type>rectangle</type>
			<description>None</description>
			<possibleresult>
				<name>Van</name>
			</possibleresult>
			<points>
				<point>84.000000,24.000002</point>
				<point>73.119995,32.160000</point>
				<point>58.119999,12.160002</point>
				<point>69.000000,4.000004</point>
				<point>84.000000,24.000002</point>
			</points>
		</object>
		<object>
			<coordinate>pixel</coordinate>
			<type>rectangle</type>
			<description>None</description>
			<possibleresult>
				<name>Small Car</name>
			</possibleresult>
			<points>
				<point>482.000000,448.999969</point>
				<point>474.128418,453.238495</point>
				<point>467.000000,439.999969</point>
				<point>474.871582,435.761444</point>
				<point>482.000000,448.999969</point>
			</points>
		</object>
		<object>
			<coordinate>pixel</coordinate>
			<type>rectangle</type>
			<description>None</description>
			<possibleresult>
				<name>Small Car</name>
			</possibleresult>
			<points>
				<point>469.114594,472.210144</point>
				<point>463.999969,474.999939</point>
				<point>457.885345,463.789734</point>
				<point>462.999969,460.999939</point>
				<point>469.114594,472.210144</point>
			</points>
		</object>
		<object>
			<coordinate>pixel</coordinate>
			<type>rectangle</type>
			<description>None</description>
			<possibleresult>
				<name>Small Car</name>
			</possibleresult>
			<points>
				<point>456.000000,450.000031</point>
				<point>448.200012,452.600006</point>
				<point>443.200012,437.600006</point>
				<point>451.000000,435.000031</point>
				<point>456.000000,450.000031</point>
			</points>
		</object>
		<object>
			<coordinate>pixel</coordinate>
			<type>rectangle</type>
			<description>None</description>
			<possibleresult>
				<name>Van</name>
			</possibleresult>
			<points>
				<point>448.670105,429.257751</point>
				<point>438.000000,434.000000</point>
				<point>430.000000,416.000000</point>
				<point>440.670105,411.257751</point>
				<point>448.670105,429.257751</point>
			</points>
		</object>
		<object>
			<coordinate>pixel</coordinate>
			<type>rectangle</type>
			<description>None</description>
			<possibleresult>
				<name>Small Car</name>
			</possibleresult>
			<points>
				<point>472.299988,430.900024</point>
				<point>463.000000,434.000000</point>
				<point>458.000000,419.000000</point>
				<point>467.299988,415.900024</point>
				<point>472.299988,430.900024</point>
			</points>
		</object>
		<object>
			<coordinate>pixel</coordinate>
			<type>rectangle</type>
			<description>None</description>
			<possibleresult>
				<name>Small Car</name>
			</possibleresult>
			<points>
				<point>466.000000,413.999969</point>
				<point>456.000000,417.999969</point>
				<point>448.827576,400.068939</point>
				<point>458.827576,396.068939</point>
				<point>466.000000,413.999969</point>
			</points>
		</object>
		<object>
			<coordinate>pixel</coordinate>
			<type>rectangle</type>
			<description>None</description>
			<possibleresult>
				<name>Small Car</name>
			</possibleresult>
			<points>
				<point>437.999969,408.000000</point>
				<point>431.307648,412.461548</point>
				<point>420.999969,397.000000</point>
				<point>427.692291,392.538452</point>
				<point>437.999969,408.000000</point>
			</points>
		</object>
		<object>
			<coordinate>pixel</coordinate>
			<type>rectangle</type>
			<description>None</description>
			<possibleresult>
				<name>Dump Truck</name>
			</possibleresult>
			<points>
				<point>360.999969,378.999969</point>
				<point>338.598541,387.145966</point>
				<point>336.000031,379.999969</point>
				<point>358.401459,371.853973</point>
				<point>360.999969,378.999969</point>
			</points>
		</object>
		<object>
			<coordinate>pixel</coordinate>
			<type>rectangle</type>
			<description>None</description>
			<possibleresult>
				<name>Cargo Truck</name>
			</possibleresult>
			<points>
				<point>332.999939,331.000031</point>
				<point>294.999939,348.000031</point>
				<point>290.811279,338.637054</point>
				<point>328.811279,321.637054</point>
				<point>332.999939,331.000031</point>
			</points>
		</object>
		<object>
			<coordinate>pixel</coordinate>
			<type>rectangle</type>
			<description>None</description>
			<possibleresult>
				<name>Van</name>
			</possibleresult>
			<points>
				<point>339.000000,318.000031</point>
				<point>333.061584,325.051910</point>
				<point>314.000000,309.000031</point>
				<point>319.938416,301.948151</point>
				<point>339.000000,318.000031</point>
			</points>
		</object>
		<object>
			<coordinate>pixel</coordinate>
			<type>rectangle</type>
			<description>None</description>
			<possibleresult>
				<name>Van</name>
			</possibleresult>
			<points>
				<point>401.311798,655.890808</point>
				<point>380.999969,662.999939</point>
				<point>377.866364,654.046692</point>
				<point>398.178192,646.937561</point>
				<point>401.311798,655.890808</point>
			</points>
		</object>
		<object>
			<coordinate>pixel</coordinate>
			<type>rectangle</type>
			<description>None</description>
			<possibleresult>
				<name>Small Car</name>
			</possibleresult>
			<points>
				<point>393.307159,638.910400</point>
				<point>368.999969,646.000000</point>
				<point>366.692780,638.089600</point>
				<point>390.999969,631.000000</point>
				<point>393.307159,638.910400</point>
			</points>
		</object>
		<object>
			<coordinate>pixel</coordinate>
			<type>rectangle</type>
			<description>None</description>
			<possibleresult>
				<name>Small Car</name>
			</possibleresult>
			<points>
				<point>343.320770,654.377380</point>
				<point>334.320770,659.377380</point>
				<point>328.000031,648.000061</point>
				<point>337.000031,643.000061</point>
				<point>343.320770,654.377380</point>
			</points>
		</object>
		<object>
			<coordinate>pixel</coordinate>
			<type>rectangle</type>
			<description>None</description>
			<possibleresult>
				<name>Small Car</name>
			</possibleresult>
			<points>
				<point>326.692322,642.538452</point>
				<point>317.692322,648.538452</point>
				<point>308.000000,634.000000</point>
				<point>317.000000,628.000000</point>
				<point>326.692322,642.538452</point>
			</points>
		</object>
		<object>
			<coordinate>pixel</coordinate>
			<type>rectangle</type>
			<description>None</description>
			<possibleresult>
				<name>Van</name>
			</possibleresult>
			<points>
				<point>388.000000,631.000000</point>
				<point>367.000000,637.000000</point>
				<point>365.000000,630.000000</point>
				<point>386.000000,624.000000</point>
				<point>388.000000,631.000000</point>
			</points>
		</object>
		<object>
			<coordinate>pixel</coordinate>
			<type>rectangle</type>
			<description>None</description>
			<possibleresult>
				<name>Small Car</name>
			</possibleresult>
			<points>
				<point>329.000000,602.000000</point>
				<point>319.164978,606.371094</point>
				<point>315.000000,597.000000</point>
				<point>324.835022,592.628906</point>
				<point>329.000000,602.000000</point>
			</points>
		</object>
		<object>
			<coordinate>pixel</coordinate>
			<type>rectangle</type>
			<description>None</description>
			<possibleresult>
				<name>Van</name>
			</possibleresult>
			<points>
				<point>324.000031,782.000122</point>
				<point>308.000031,786.000122</point>
				<point>306.000031,778.000122</point>
				<point>322.000031,774.000122</point>
				<point>324.000031,782.000122</point>
			</points>
		</object>
		<object>
			<coordinate>pixel</coordinate>
			<type>rectangle</type>
			<description>None</description>
			<possibleresult>
				<name>Dump Truck</name>
			</possibleresult>
			<points>
				<point>223.037567,879.096619</point>
				<point>213.000031,883.000061</point>
				<point>205.962494,864.903503</point>
				<point>216.000031,861.000061</point>
				<point>223.037567,879.096619</point>
			</points>
		</object>
		<object>
			<coordinate>pixel</coordinate>
			<type>rectangle</type>
			<description>None</description>
			<possibleresult>
				<name>Van</name>
			</possibleresult>
			<points>
				<point>178.999985,869.999878</point>
				<point>152.999985,875.999878</point>
				<point>151.415726,869.134766</point>
				<point>177.415726,863.134766</point>
				<point>178.999985,869.999878</point>
			</points>
		</object>
		<object>
			<coordinate>pixel</coordinate>
			<type>rectangle</type>
			<description>None</description>
			<possibleresult>
				<name>Van</name>
			</possibleresult>
			<points>
				<point>175.379822,861.933899</point>
				<point>152.000000,865.999939</point>
				<point>150.620178,858.065979</point>
				<point>174.000000,853.999939</point>
				<point>175.379822,861.933899</point>
			</points>
		</object>
		<object>
			<coordinate>pixel</coordinate>
			<type>rectangle</type>
			<description>None</description>
			<possibleresult>
				<name>Dump Truck</name>
			</possibleresult>
			<points>
				<point>170.543335,854.099243</point>
				<point>147.543335,859.099243</point>
				<point>146.000000,852.000000</point>
				<point>169.000000,847.000000</point>
				<point>170.543335,854.099243</point>
			</points>
		</object>
		<object>
			<coordinate>pixel</coordinate>
			<type>rectangle</type>
			<description>None</description>
			<possibleresult>
				<name>Small Car</name>
			</possibleresult>
			<points>
				<point>165.000000,844.999939</point>
				<point>145.904297,851.030212</point>
				<point>144.000000,844.999939</point>
				<point>163.095703,838.969666</point>
				<point>165.000000,844.999939</point>
			</points>
		</object>
		<object>
			<coordinate>pixel</coordinate>
			<type>rectangle</type>
			<description>None</description>
			<possibleresult>
				<name>Van</name>
			</possibleresult>
			<points>
				<point>163.941177,837.764709</point>
				<point>139.000015,844.000061</point>
				<point>137.000015,836.000061</point>
				<point>161.941177,829.764709</point>
				<point>163.941177,837.764709</point>
			</points>
		</object>
		<object>
			<coordinate>pixel</coordinate>
			<type>rectangle</type>
			<description>None</description>
			<possibleresult>
				<name>Van</name>
			</possibleresult>
			<points>
				<point>159.000015,827.000000</point>
				<point>140.948441,832.014282</point>
				<point>139.000015,825.000000</point>
				<point>157.051590,819.985718</point>
				<point>159.000015,827.000000</point>
			</points>
		</object>
		<object>
			<coordinate>pixel</coordinate>
			<type>rectangle</type>
			<description>None</description>
			<possibleresult>
				<name>Van</name>
			</possibleresult>
			<points>
				<point>129.000015,770.000122</point>
				<point>109.606232,775.103760</point>
				<point>108.000015,769.000122</point>
				<point>127.393799,763.896484</point>
				<point>129.000015,770.000122</point>
			</points>
		</object>
		<object>
			<coordinate>pixel</coordinate>
			<type>rectangle</type>
			<description>None</description>
			<possibleresult>
				<name>Van</name>
			</possibleresult>
			<points>
				<point>126.000000,761.000000</point>
				<point>106.496017,765.106079</point>
				<point>105.000000,758.000000</point>
				<point>124.503983,753.893921</point>
				<point>126.000000,761.000000</point>
			</points>
		</object>
		<object>
			<coordinate>pixel</coordinate>
			<type>rectangle</type>
			<description>None</description>
			<possibleresult>
				<name>Van</name>
			</possibleresult>
			<points>
				<point>124.162155,750.973022</point>
				<point>100.000000,755.000000</point>
				<point>98.837845,748.026978</point>
				<point>123.000000,744.000000</point>
				<point>124.162155,750.973022</point>
			</points>
		</object>
		<object>
			<coordinate>pixel</coordinate>
			<type>rectangle</type>
			<description>None</description>
			<possibleresult>
				<name>Van</name>
			</possibleresult>
			<points>
				<point>130.110748,706.207642</point>
				<point>123.000008,710.000000</point>
				<point>114.889275,694.792358</point>
				<point>122.000008,691.000000</point>
				<point>130.110748,706.207642</point>
			</points>
		</object>
		<object>
			<coordinate>pixel</coordinate>
			<type>rectangle</type>
			<description>None</description>
			<possibleresult>
				<name>Small Car</name>
			</possibleresult>
			<points>
				<point>62.400578,671.712158</point>
				<point>52.999981,677.000000</point>
				<point>43.999981,661.000000</point>
				<point>53.400578,655.712158</point>
				<point>62.400578,671.712158</point>
			</points>
		</object>
		<object>
			<coordinate>pixel</coordinate>
			<type>rectangle</type>
			<description>None</description>
			<possibleresult>
				<name>Small Car</name>
			</possibleresult>
			<points>
				<point>32.000000,676.000061</point>
				<point>24.833849,678.529236</point>
				<point>18.833849,661.529236</point>
				<point>26.000002,659.000061</point>
				<point>32.000000,676.000061</point>
			</points>
		</object>
		<object>
			<coordinate>pixel</coordinate>
			<type>rectangle</type>
			<description>None</description>
			<possibleresult>
				<name>Small Car</name>
			</possibleresult>
			<points>
				<point>24.000011,679.000000</point>
				<point>15.200012,683.400024</point>
				<point>7.200014,667.400024</point>
				<point>16.000013,663.000000</point>
				<point>24.000011,679.000000</point>
			</points>
		</object>
		<object>
			<coordinate>pixel</coordinate>
			<type>rectangle</type>
			<description>None</description>
			<possibleresult>
				<name>Small Car</name>
			</possibleresult>
			<points>
				<point>0.000000,682.666748</point>
				<point>0.000000,668.285767</point>
				<point>2.999989,667.000061</point>
				<point>9.206886,681.482849</point>
				<point>0.000000,682.666748</point>
			</points>
		</object>
		<object>
			<coordinate>pixel</coordinate>
			<type>rectangle</type>
			<description>None</description>
			<possibleresult>
				<name>Van</name>
			</possibleresult>
			<points>
				<point>41.000000,594.000000</point>
				<point>30.654053,601.524292</point>
				<point>14.654054,579.524292</point>
				<point>25.000000,572.000000</point>
				<point>41.000000,594.000000</point>
			</points>
		</object>
		<object>
			<coordinate>pixel</coordinate>
			<type>rectangle</type>
			<description>None</description>
			<possibleresult>
				<name>Small Car</name>
			</possibleresult>
			<points>
				<point>24.000004,540.000000</point>
				<point>0.000000,548.000000</point>
				<point>0.000000,540.000061</point>
				<point>21.600006,532.800049</point>
				<point>24.000004,540.000000</point>
			</points>
		</object>
		<object>
			<coordinate>pixel</coordinate>
			<type>rectangle</type>
			<description>None</description>
			<possibleresult>
				<name>Small Car</name>
			</possibleresult>
			<points>
				<point>14.999997,535.000061</point>
				<point>-0.000001,538.947388</point>
				<point>0.000000,531.421143</point>
				<point>13.147666,527.961243</point>
				<point>14.999997,535.000061</point>
			</points>
		</object>
		<object>
			<coordinate>pixel</coordinate>
			<type>rectangle</type>
			<description>None</description>
			<possibleresult>
				<name>Intersection</name>
			</possibleresult>
			<points>
				<point>129.060394,617.982910</point>
				<point>83.000008,631.000000</point>
				<point>75.939613,606.017090</point>
				<point>122.000008,593.000000</point>
				<point>129.060394,617.982910</point>
			</points>
		</object>
		<object>
			<coordinate>pixel</coordinate>
			<type>rectangle</type>
			<description>None</description>
			<possibleresult>
				<name>Van</name>
			</possibleresult>
			<points>
				<point>75.000000,531.000000</point>
				<point>64.137924,535.344849</point>
				<point>56.000000,515.000000</point>
				<point>66.862076,510.655151</point>
				<point>75.000000,531.000000</point>
			</points>
		</object>
		<object>
			<coordinate>pixel</coordinate>
			<type>rectangle</type>
			<description>None</description>
			<possibleresult>
				<name>Small Car</name>
			</possibleresult>
			<points>
				<point>200.269043,1001.207703</point>
				<point>199.624969,1000.000061</point>
				<point>201.889282,998.792419</point>
				<point>202.533356,1000.000061</point>
				<point>200.269043,1001.207703</point>
			</points>
		</object>
		<object>
			<coordinate>pixel</coordinate>
			<type>rectangle</type>
			<description>None</description>
			<possibleresult>
				<name>Van</name>
			</possibleresult>
			<points>
				<point>139.600037,1000.000000</point>
				<point>136.827621,993.068970</point>
				<point>156.827621,985.068970</point>
				<point>160.000046,993.000000</point>
				<point>139.600037,1000.000000</point>
			</points>
		</object>
		<object>
			<coordinate>pixel</coordinate>
			<type>rectangle</type>
			<description>None</description>
			<possibleresult>
				<name>Small Car</name>
			</possibleresult>
			<points>
				<point>80.999786,1000.000000</point>
				<point>58.809525,1000.000000</point>
				<point>58.369106,998.150269</point>
				<point>80.000000,993.000000</point>
				<point>80.999786,1000.000000</point>
			</points>
		</object>
		<object>
			<coordinate>pixel</coordinate>
			<type>rectangle</type>
			<description>None</description>
			<possibleresult>
				<name>Small Car</name>
			</possibleresult>
			<points>
				<point>-0.000003,989.210571</point>
				<point>-2.191437,982.270996</point>
				<point>5.095749,979.969727</point>
				<point>7.287183,986.909302</point>
				<point>-0.000003,989.210571</point>
			</points>
		</object>
		<object>
			<coordinate>pixel</coordinate>
			<type>rectangle</type>
			<description>None</description>
			<possibleresult>
				<name>Van</name>
			</possibleresult>
			<points>
				<point>688.848999,526.471680</point>
				<point>673.000000,531.000000</point>
				<point>671.000000,524.000000</point>
				<point>686.848999,519.471680</point>
				<point>688.848999,526.471680</point>
			</points>
		</object>
		<object>
			<coordinate>pixel</coordinate>
			<type>rectangle</type>
			<description>None</description>
			<possibleresult>
				<name>Intersection</name>
			</possibleresult>
			<points>
				<point>961.103149,59.268044</point>
				<point>941.000000,67.000000</point>
				<point>926.000000,28.000000</point>
				<point>946.103149,20.268044</point>
				<point>961.103149,59.268044</point>
			</points>
		</object>
		<object>
			<coordinate>pixel</coordinate>
			<type>rectangle</type>
			<description>None</description>
			<possibleresult>
				<name>Small Car</name>
			</possibleresult>
			<points>
				<point>20.375610,604.580444</point>
				<point>12.000000,610.000000</point>
				<point>1.000000,593.000000</point>
				<point>9.375610,587.580444</point>
				<point>20.375610,604.580444</point>
			</points>
		</object>
		<object>
			<coordinate>pixel</coordinate>
			<type>rectangle</type>
			<description>None</description>
			<possibleresult>
				<name>Small Car</name>
			</possibleresult>
			<points>
				<point>0.000000,613.117676</point>
				<point>0.000000,607.142822</point>
				<point>2.103550,607.142822</point>
				<point>2.103550,613.117676</point>
				<point>0.000000,613.117676</point>
			</points>
		</object>
		<object>
			<coordinate>pixel</coordinate>
			<type>rectangle</type>
			<description>None</description>
			<possibleresult>
				<name>Small Car</name>
			</possibleresult>
			<points>
				<point>139.360519,534.914185</point>
				<point>117.999992,540.000000</point>
				<point>115.639481,530.085815</point>
				<point>137.000000,525.000000</point>
				<point>139.360519,534.914185</point>
			</points>
		</object>
	</objects>
</annotation>