<?xml version="1.0" encoding="utf-8"?>
<annotation>
	<source>
		<filename>1426.tif</filename>
		<origin>GF2/GF3</origin>
	</source>
	<research>
		<version>1.0</version>
		<provider>FAIR1M</provider>
		<author>Cyber</author>
		<pluginname>FAIR1M</pluginname>
		<pluginclass>object detection</pluginclass>
		<time>2021-03</time>
	</research>
	<size>
		<width>1000</width>
		<height>1000</height>
		<depth>3</depth>
	</size>
	<objects>
		<object>
			<coordinate>pixel</coordinate>
			<type>rectangle</type>
			<description>None</description>
			<possibleresult>
				<name>Small Car</name>
			</possibleresult>
			<points>
				<point>871.119873,672.840027</point>
				<point>855.159912,675.120056</point>
				<point>853.999878,667.000061</point>
				<point>869.959839,664.720032</point>
				<point>871.119873,672.840027</point>
			</points>
		</object>
		<object>
			<coordinate>pixel</coordinate>
			<type>rectangle</type>
			<description>None</description>
			<possibleresult>
				<name>Van</name>
			</possibleresult>
			<points>
				<point>890.279419,443.988800</point>
				<point>864.999878,444.999969</point>
				<point>864.720337,438.011139</point>
				<point>889.999878,436.999969</point>
				<point>890.279419,443.988800</point>
			</points>
		</object>
		<object>
			<coordinate>pixel</coordinate>
			<type>rectangle</type>
			<description>None</description>
			<possibleresult>
				<name>Small Car</name>
			</possibleresult>
			<points>
				<point>858.334473,347.027679</point>
				<point>834.334473,348.027679</point>
				<point>834.000000,339.999969</point>
				<point>858.000000,338.999969</point>
				<point>858.334473,347.027679</point>
			</points>
		</object>
		<object>
			<coordinate>pixel</coordinate>
			<type>rectangle</type>
			<description>None</description>
			<possibleresult>
				<name>Van</name>
			</possibleresult>
			<points>
				<point>929.999939,121.000000</point>
				<point>919.976624,121.626465</point>
				<point>918.976624,105.626465</point>
				<point>928.999939,105.000000</point>
				<point>929.999939,121.000000</point>
			</points>
		</object>
		<object>
			<coordinate>pixel</coordinate>
			<type>rectangle</type>
			<description>None</description>
			<possibleresult>
				<name>Van</name>
			</possibleresult>
			<points>
				<point>983.000000,125.000000</point>
				<point>971.000000,125.000000</point>
				<point>971.000000,101.000000</point>
				<point>983.000000,101.000000</point>
				<point>983.000000,125.000000</point>
			</points>
		</object>
		<object>
			<coordinate>pixel</coordinate>
			<type>rectangle</type>
			<description>None</description>
			<possibleresult>
				<name>Small Car</name>
			</possibleresult>
			<points>
				<point>929.000000,183.000000</point>
				<point>919.000000,183.000000</point>
				<point>919.000000,161.000000</point>
				<point>929.000000,161.000000</point>
				<point>929.000000,183.000000</point>
			</points>
		</object>
		<object>
			<coordinate>pixel</coordinate>
			<type>rectangle</type>
			<description>None</description>
			<possibleresult>
				<name>Small Car</name>
			</possibleresult>
			<points>
				<point>977.999939,225.999985</point>
				<point>969.027649,226.498459</point>
				<point>967.999939,207.999985</point>
				<point>976.972229,207.501511</point>
				<point>977.999939,225.999985</point>
			</points>
		</object>
		<object>
			<coordinate>pixel</coordinate>
			<type>rectangle</type>
			<description>None</description>
			<possibleresult>
				<name>Small Car</name>
			</possibleresult>
			<points>
				<point>929.999939,260.000000</point>
				<point>928.382263,281.029419</point>
				<point>915.382263,280.029419</point>
				<point>916.999939,259.000000</point>
				<point>929.999939,260.000000</point>
			</points>
		</object>
		<object>
			<coordinate>pixel</coordinate>
			<type>rectangle</type>
			<description>None</description>
			<possibleresult>
				<name>Van</name>
			</possibleresult>
			<points>
				<point>901.000000,338.000000</point>
				<point>876.000000,338.000000</point>
				<point>876.000000,331.000000</point>
				<point>901.000000,331.000000</point>
				<point>901.000000,338.000000</point>
			</points>
		</object>
		<object>
			<coordinate>pixel</coordinate>
			<type>rectangle</type>
			<description>None</description>
			<possibleresult>
				<name>Van</name>
			</possibleresult>
			<points>
				<point>957.000000,535.000000</point>
				<point>946.000000,535.000000</point>
				<point>946.000000,517.000000</point>
				<point>957.000000,517.000000</point>
				<point>957.000000,535.000000</point>
			</points>
		</object>
		<object>
			<coordinate>pixel</coordinate>
			<type>rectangle</type>
			<description>None</description>
			<possibleresult>
				<name>Van</name>
			</possibleresult>
			<points>
				<point>955.000000,678.000000</point>
				<point>947.000000,678.000000</point>
				<point>947.000000,663.000000</point>
				<point>955.000000,663.000000</point>
				<point>955.000000,678.000000</point>
			</points>
		</object>
		<object>
			<coordinate>pixel</coordinate>
			<type>rectangle</type>
			<description>None</description>
			<possibleresult>
				<name>Small Car</name>
			</possibleresult>
			<points>
				<point>685.000061,446.000000</point>
				<point>664.351624,447.032410</point>
				<point>664.000061,440.000000</point>
				<point>684.648499,438.967590</point>
				<point>685.000061,446.000000</point>
			</points>
		</object>
		<object>
			<coordinate>pixel</coordinate>
			<type>rectangle</type>
			<description>None</description>
			<possibleresult>
				<name>Van</name>
			</possibleresult>
			<points>
				<point>704.000000,628.000000</point>
				<point>701.980225,648.197998</point>
				<point>690.000000,647.000000</point>
				<point>692.019775,626.802002</point>
				<point>704.000000,628.000000</point>
			</points>
		</object>
		<object>
			<coordinate>pixel</coordinate>
			<type>rectangle</type>
			<description>None</description>
			<possibleresult>
				<name>Small Car</name>
			</possibleresult>
			<points>
				<point>559.000061,545.000000</point>
				<point>550.031067,545.527588</point>
				<point>549.000061,528.000000</point>
				<point>557.969055,527.472412</point>
				<point>559.000061,545.000000</point>
			</points>
		</object>
		<object>
			<coordinate>pixel</coordinate>
			<type>rectangle</type>
			<description>None</description>
			<possibleresult>
				<name>Dump Truck</name>
			</possibleresult>
			<points>
				<point>562.000061,477.000031</point>
				<point>558.926697,497.489044</point>
				<point>549.000061,496.000031</point>
				<point>552.073425,475.511017</point>
				<point>562.000061,477.000031</point>
			</points>
		</object>
		<object>
			<coordinate>pixel</coordinate>
			<type>rectangle</type>
			<description>None</description>
			<possibleresult>
				<name>Small Car</name>
			</possibleresult>
			<points>
				<point>562.000000,400.000031</point>
				<point>561.000000,422.000031</point>
				<point>549.977295,421.498993</point>
				<point>550.977295,399.498993</point>
				<point>562.000000,400.000031</point>
			</points>
		</object>
		<object>
			<coordinate>pixel</coordinate>
			<type>rectangle</type>
			<description>None</description>
			<possibleresult>
				<name>Small Car</name>
			</possibleresult>
			<points>
				<point>561.000000,400.000000</point>
				<point>550.000000,400.000000</point>
				<point>550.000000,383.000000</point>
				<point>561.000000,383.000000</point>
				<point>561.000000,400.000000</point>
			</points>
		</object>
		<object>
			<coordinate>pixel</coordinate>
			<type>rectangle</type>
			<description>None</description>
			<possibleresult>
				<name>Small Car</name>
			</possibleresult>
			<points>
				<point>585.000000,372.000000</point>
				<point>576.000000,372.000000</point>
				<point>576.000000,358.000000</point>
				<point>585.000000,358.000000</point>
				<point>585.000000,372.000000</point>
			</points>
		</object>
		<object>
			<coordinate>pixel</coordinate>
			<type>rectangle</type>
			<description>None</description>
			<possibleresult>
				<name>Van</name>
			</possibleresult>
			<points>
				<point>586.000000,333.000000</point>
				<point>577.000000,333.000000</point>
				<point>577.000000,317.000000</point>
				<point>586.000000,317.000000</point>
				<point>586.000000,333.000000</point>
			</points>
		</object>
		<object>
			<coordinate>pixel</coordinate>
			<type>rectangle</type>
			<description>None</description>
			<possibleresult>
				<name>Van</name>
			</possibleresult>
			<points>
				<point>560.000000,358.000000</point>
				<point>550.000000,358.000000</point>
				<point>550.000000,339.000000</point>
				<point>560.000000,339.000000</point>
				<point>560.000000,358.000000</point>
			</points>
		</object>
		<object>
			<coordinate>pixel</coordinate>
			<type>rectangle</type>
			<description>None</description>
			<possibleresult>
				<name>Van</name>
			</possibleresult>
			<points>
				<point>562.000000,326.000000</point>
				<point>551.000000,326.000000</point>
				<point>551.000000,305.000000</point>
				<point>562.000000,305.000000</point>
				<point>562.000000,326.000000</point>
			</points>
		</object>
		<object>
			<coordinate>pixel</coordinate>
			<type>rectangle</type>
			<description>None</description>
			<possibleresult>
				<name>Small Car</name>
			</possibleresult>
			<points>
				<point>562.024658,243.556915</point>
				<point>561.024658,261.556915</point>
				<point>551.000000,261.000000</point>
				<point>552.000000,243.000000</point>
				<point>562.024658,243.556915</point>
			</points>
		</object>
		<object>
			<coordinate>pixel</coordinate>
			<type>rectangle</type>
			<description>None</description>
			<possibleresult>
				<name>Small Car</name>
			</possibleresult>
			<points>
				<point>561.000000,240.000000</point>
				<point>552.000000,240.000000</point>
				<point>552.000000,222.000000</point>
				<point>561.000000,222.000000</point>
				<point>561.000000,240.000000</point>
			</points>
		</object>
		<object>
			<coordinate>pixel</coordinate>
			<type>rectangle</type>
			<description>None</description>
			<possibleresult>
				<name>Small Car</name>
			</possibleresult>
			<points>
				<point>308.000000,694.000061</point>
				<point>307.665161,701.031677</point>
				<point>286.000000,700.000061</point>
				<point>286.334839,692.968445</point>
				<point>308.000000,694.000061</point>
			</points>
		</object>
		<object>
			<coordinate>pixel</coordinate>
			<type>rectangle</type>
			<description>None</description>
			<possibleresult>
				<name>Small Car</name>
			</possibleresult>
			<points>
				<point>391.999969,627.000061</point>
				<point>382.058807,627.764709</point>
				<point>381.058807,614.764709</point>
				<point>390.999969,614.000061</point>
				<point>391.999969,627.000061</point>
			</points>
		</object>
		<object>
			<coordinate>pixel</coordinate>
			<type>rectangle</type>
			<description>None</description>
			<possibleresult>
				<name>Van</name>
			</possibleresult>
			<points>
				<point>289.000000,597.000000</point>
				<point>270.000000,597.000000</point>
				<point>270.000000,590.000000</point>
				<point>289.000000,590.000000</point>
				<point>289.000000,597.000000</point>
			</points>
		</object>
		<object>
			<coordinate>pixel</coordinate>
			<type>rectangle</type>
			<description>None</description>
			<possibleresult>
				<name>Cargo Truck</name>
			</possibleresult>
			<points>
				<point>443.366302,435.012146</point>
				<point>443.000031,445.999939</point>
				<point>412.633759,444.987732</point>
				<point>413.000031,433.999939</point>
				<point>443.366302,435.012146</point>
			</points>
		</object>
		<object>
			<coordinate>pixel</coordinate>
			<type>rectangle</type>
			<description>None</description>
			<possibleresult>
				<name>Cargo Truck</name>
			</possibleresult>
			<points>
				<point>535.644653,303.025391</point>
				<point>507.644653,305.025391</point>
				<point>507.000000,296.000000</point>
				<point>535.000000,294.000000</point>
				<point>535.644653,303.025391</point>
			</points>
		</object>
		<object>
			<coordinate>pixel</coordinate>
			<type>rectangle</type>
			<description>None</description>
			<possibleresult>
				<name>Dump Truck</name>
			</possibleresult>
			<points>
				<point>457.000000,297.000031</point>
				<point>437.000000,298.000031</point>
				<point>436.498779,287.975067</point>
				<point>456.498779,286.975067</point>
				<point>457.000000,297.000031</point>
			</points>
		</object>
		<object>
			<coordinate>pixel</coordinate>
			<type>rectangle</type>
			<description>None</description>
			<possibleresult>
				<name>Cargo Truck</name>
			</possibleresult>
			<points>
				<point>294.000000,304.000000</point>
				<point>269.000000,304.000000</point>
				<point>269.000000,295.000000</point>
				<point>294.000000,295.000000</point>
				<point>294.000000,304.000000</point>
			</points>
		</object>
		<object>
			<coordinate>pixel</coordinate>
			<type>rectangle</type>
			<description>None</description>
			<possibleresult>
				<name>Van</name>
			</possibleresult>
			<points>
				<point>273.000000,244.000000</point>
				<point>272.215759,253.018768</point>
				<point>249.000000,251.000000</point>
				<point>249.784241,241.981232</point>
				<point>273.000000,244.000000</point>
			</points>
		</object>
		<object>
			<coordinate>pixel</coordinate>
			<type>rectangle</type>
			<description>None</description>
			<possibleresult>
				<name>Van</name>
			</possibleresult>
			<points>
				<point>263.293121,232.982742</point>
				<point>246.000000,233.999985</point>
				<point>245.706909,229.017227</point>
				<point>263.000031,227.999985</point>
				<point>263.293121,232.982742</point>
			</points>
		</object>
		<object>
			<coordinate>pixel</coordinate>
			<type>rectangle</type>
			<description>None</description>
			<possibleresult>
				<name>Van</name>
			</possibleresult>
			<points>
				<point>210.000000,537.000000</point>
				<point>200.000000,537.000000</point>
				<point>200.000000,520.000000</point>
				<point>210.000000,520.000000</point>
				<point>210.000000,537.000000</point>
			</points>
		</object>
		<object>
			<coordinate>pixel</coordinate>
			<type>rectangle</type>
			<description>None</description>
			<possibleresult>
				<name>Van</name>
			</possibleresult>
			<points>
				<point>252.000015,597.000061</point>
				<point>231.301773,598.034973</point>
				<point>231.000015,592.000061</point>
				<point>251.698257,590.965149</point>
				<point>252.000015,597.000061</point>
			</points>
		</object>
		<object>
			<coordinate>pixel</coordinate>
			<type>rectangle</type>
			<description>None</description>
			<possibleresult>
				<name>Dump Truck</name>
			</possibleresult>
			<points>
				<point>191.024628,569.556885</point>
				<point>190.000000,588.000000</point>
				<point>179.975372,587.443115</point>
				<point>181.000000,569.000000</point>
				<point>191.024628,569.556885</point>
			</points>
		</object>
		<object>
			<coordinate>pixel</coordinate>
			<type>rectangle</type>
			<description>None</description>
			<possibleresult>
				<name>Dump Truck</name>
			</possibleresult>
			<points>
				<point>210.019333,603.632507</point>
				<point>208.999985,622.999939</point>
				<point>196.980637,622.367371</point>
				<point>197.999985,602.999939</point>
				<point>210.019333,603.632507</point>
			</points>
		</object>
		<object>
			<coordinate>pixel</coordinate>
			<type>rectangle</type>
			<description>None</description>
			<possibleresult>
				<name>Small Car</name>
			</possibleresult>
			<points>
				<point>209.000000,639.000000</point>
				<point>197.000000,639.000000</point>
				<point>197.000000,622.000000</point>
				<point>209.000000,622.000000</point>
				<point>209.000000,639.000000</point>
			</points>
		</object>
		<object>
			<coordinate>pixel</coordinate>
			<type>rectangle</type>
			<description>None</description>
			<possibleresult>
				<name>Van</name>
			</possibleresult>
			<points>
				<point>177.000000,616.000000</point>
				<point>175.961090,632.622559</point>
				<point>166.000000,632.000000</point>
				<point>167.038910,615.377441</point>
				<point>177.000000,616.000000</point>
			</points>
		</object>
		<object>
			<coordinate>pixel</coordinate>
			<type>rectangle</type>
			<description>None</description>
			<possibleresult>
				<name>Van</name>
			</possibleresult>
			<points>
				<point>95.347168,689.984924</point>
				<point>72.000000,691.000061</point>
				<point>71.652832,683.015198</point>
				<point>95.000000,682.000061</point>
				<point>95.347168,689.984924</point>
			</points>
		</object>
		<object>
			<coordinate>pixel</coordinate>
			<type>rectangle</type>
			<description>None</description>
			<possibleresult>
				<name>Dump Truck</name>
			</possibleresult>
			<points>
				<point>120.000000,650.000000</point>
				<point>90.000000,650.000000</point>
				<point>90.000000,641.000000</point>
				<point>120.000000,641.000000</point>
				<point>120.000000,650.000000</point>
			</points>
		</object>
		<object>
			<coordinate>pixel</coordinate>
			<type>rectangle</type>
			<description>None</description>
			<possibleresult>
				<name>Cargo Truck</name>
			</possibleresult>
			<points>
				<point>30.000000,425.000000</point>
				<point>3.000000,425.000000</point>
				<point>3.000000,419.000000</point>
				<point>30.000000,419.000000</point>
				<point>30.000000,425.000000</point>
			</points>
		</object>
		<object>
			<coordinate>pixel</coordinate>
			<type>rectangle</type>
			<description>None</description>
			<possibleresult>
				<name>Small Car</name>
			</possibleresult>
			<points>
				<point>28.000000,311.000000</point>
				<point>8.000000,311.000000</point>
				<point>8.000000,303.000000</point>
				<point>28.000000,303.000000</point>
				<point>28.000000,311.000000</point>
			</points>
		</object>
		<object>
			<coordinate>pixel</coordinate>
			<type>rectangle</type>
			<description>None</description>
			<possibleresult>
				<name>Dump Truck</name>
			</possibleresult>
			<points>
				<point>32.000000,91.000000</point>
				<point>18.000000,91.000000</point>
				<point>18.000000,83.000000</point>
				<point>32.000000,83.000000</point>
				<point>32.000000,91.000000</point>
			</points>
		</object>
		<object>
			<coordinate>pixel</coordinate>
			<type>rectangle</type>
			<description>None</description>
			<possibleresult>
				<name>Van</name>
			</possibleresult>
			<points>
				<point>211.000000,143.000000</point>
				<point>201.000000,143.000000</point>
				<point>201.000000,127.000000</point>
				<point>211.000000,127.000000</point>
				<point>211.000000,143.000000</point>
			</points>
		</object>
		<object>
			<coordinate>pixel</coordinate>
			<type>rectangle</type>
			<description>None</description>
			<possibleresult>
				<name>Van</name>
			</possibleresult>
			<points>
				<point>180.000015,123.000000</point>
				<point>177.991287,138.065491</point>
				<point>170.000015,137.000000</point>
				<point>172.008743,121.934509</point>
				<point>180.000015,123.000000</point>
			</points>
		</object>
		<object>
			<coordinate>pixel</coordinate>
			<type>rectangle</type>
			<description>None</description>
			<possibleresult>
				<name>Small Car</name>
			</possibleresult>
			<points>
				<point>127.000000,262.000000</point>
				<point>116.000000,262.000000</point>
				<point>116.000000,244.000000</point>
				<point>127.000000,244.000000</point>
				<point>127.000000,262.000000</point>
			</points>
		</object>
		<object>
			<coordinate>pixel</coordinate>
			<type>rectangle</type>
			<description>None</description>
			<possibleresult>
				<name>Van</name>
			</possibleresult>
			<points>
				<point>109.000008,246.000031</point>
				<point>107.964607,261.531006</point>
				<point>100.000008,261.000031</point>
				<point>101.035408,245.469055</point>
				<point>109.000008,246.000031</point>
			</points>
		</object>
		<object>
			<coordinate>pixel</coordinate>
			<type>rectangle</type>
			<description>None</description>
			<possibleresult>
				<name>Van</name>
			</possibleresult>
			<points>
				<point>180.000000,38.000000</point>
				<point>168.000000,38.000000</point>
				<point>168.000000,22.000000</point>
				<point>180.000000,22.000000</point>
				<point>180.000000,38.000000</point>
			</points>
		</object>
		<object>
			<coordinate>pixel</coordinate>
			<type>rectangle</type>
			<description>None</description>
			<possibleresult>
				<name>Cargo Truck</name>
			</possibleresult>
			<points>
				<point>677.000000,293.000000</point>
				<point>651.000000,293.000000</point>
				<point>651.000000,286.000000</point>
				<point>677.000000,286.000000</point>
				<point>677.000000,293.000000</point>
			</points>
		</object>
		<object>
			<coordinate>pixel</coordinate>
			<type>rectangle</type>
			<description>None</description>
			<possibleresult>
				<name>Small Car</name>
			</possibleresult>
			<points>
				<point>206.000000,863.000000</point>
				<point>197.000000,863.000000</point>
				<point>197.000000,846.000000</point>
				<point>206.000000,846.000000</point>
				<point>206.000000,863.000000</point>
			</points>
		</object>
		<object>
			<coordinate>pixel</coordinate>
			<type>rectangle</type>
			<description>None</description>
			<possibleresult>
				<name>Dump Truck</name>
			</possibleresult>
			<points>
				<point>177.000000,874.000061</point>
				<point>176.000000,892.000061</point>
				<point>164.978455,891.387756</point>
				<point>165.978455,873.387756</point>
				<point>177.000000,874.000061</point>
			</points>
		</object>
		<object>
			<coordinate>pixel</coordinate>
			<type>rectangle</type>
			<description>None</description>
			<possibleresult>
				<name>Van</name>
			</possibleresult>
			<points>
				<point>209.000000,843.000000</point>
				<point>198.000000,843.000000</point>
				<point>198.000000,823.000000</point>
				<point>209.000000,823.000000</point>
				<point>209.000000,843.000000</point>
			</points>
		</object>
		<object>
			<coordinate>pixel</coordinate>
			<type>rectangle</type>
			<description>None</description>
			<possibleresult>
				<name>other-vehicle</name>
			</possibleresult>
			<points>
				<point>208.000015,761.000000</point>
				<point>196.008224,762.090210</point>
				<point>195.008224,751.090210</point>
				<point>207.000015,750.000000</point>
				<point>208.000015,761.000000</point>
			</points>
		</object>
		<object>
			<coordinate>pixel</coordinate>
			<type>rectangle</type>
			<description>None</description>
			<possibleresult>
				<name>Van</name>
			</possibleresult>
			<points>
				<point>207.000000,742.000000</point>
				<point>199.040619,742.568481</point>
				<point>198.000000,728.000000</point>
				<point>205.959381,727.431519</point>
				<point>207.000000,742.000000</point>
			</points>
		</object>
		<object>
			<coordinate>pixel</coordinate>
			<type>rectangle</type>
			<description>None</description>
			<possibleresult>
				<name>Van</name>
			</possibleresult>
			<points>
				<point>309.000000,806.000000</point>
				<point>284.000000,806.000000</point>
				<point>284.000000,798.000000</point>
				<point>309.000000,798.000000</point>
				<point>309.000000,806.000000</point>
			</points>
		</object>
		<object>
			<coordinate>pixel</coordinate>
			<type>rectangle</type>
			<description>None</description>
			<possibleresult>
				<name>Van</name>
			</possibleresult>
			<points>
				<point>392.024994,767.498840</point>
				<point>382.000031,768.000061</point>
				<point>380.975067,747.501282</point>
				<point>391.000031,747.000061</point>
				<point>392.024994,767.498840</point>
			</points>
		</object>
		<object>
			<coordinate>pixel</coordinate>
			<type>rectangle</type>
			<description>None</description>
			<possibleresult>
				<name>Bus</name>
			</possibleresult>
			<points>
				<point>523.349854,855.008850</point>
				<point>523.000061,869.000061</point>
				<point>482.650238,867.991272</point>
				<point>483.000000,854.000061</point>
				<point>523.349854,855.008850</point>
			</points>
		</object>
		<object>
			<coordinate>pixel</coordinate>
			<type>rectangle</type>
			<description>None</description>
			<possibleresult>
				<name>Van</name>
			</possibleresult>
			<points>
				<point>663.332764,801.013855</point>
				<point>663.000000,808.999939</point>
				<point>638.667236,807.986023</point>
				<point>639.000000,799.999939</point>
				<point>663.332764,801.013855</point>
			</points>
		</object>
		<object>
			<coordinate>pixel</coordinate>
			<type>rectangle</type>
			<description>None</description>
			<possibleresult>
				<name>Small Car</name>
			</possibleresult>
			<points>
				<point>680.000000,820.000061</point>
				<point>679.607544,829.026428</point>
				<point>656.000000,828.000061</point>
				<point>656.392456,818.973694</point>
				<point>680.000000,820.000061</point>
			</points>
		</object>
		<object>
			<coordinate>pixel</coordinate>
			<type>rectangle</type>
			<description>None</description>
			<possibleresult>
				<name>Small Car</name>
			</possibleresult>
			<points>
				<point>772.000000,734.000000</point>
				<point>763.000000,734.000000</point>
				<point>763.000000,716.000000</point>
				<point>772.000000,716.000000</point>
				<point>772.000000,734.000000</point>
			</points>
		</object>
		<object>
			<coordinate>pixel</coordinate>
			<type>rectangle</type>
			<description>None</description>
			<possibleresult>
				<name>Small Car</name>
			</possibleresult>
			<points>
				<point>825.000000,777.000000</point>
				<point>802.000000,777.000000</point>
				<point>802.000000,771.000000</point>
				<point>825.000000,771.000000</point>
				<point>825.000000,777.000000</point>
			</points>
		</object>
		<object>
			<coordinate>pixel</coordinate>
			<type>rectangle</type>
			<description>None</description>
			<possibleresult>
				<name>Small Car</name>
			</possibleresult>
			<points>
				<point>661.000000,972.000000</point>
				<point>635.000000,972.000000</point>
				<point>635.000000,963.000000</point>
				<point>661.000000,963.000000</point>
				<point>661.000000,972.000000</point>
			</points>
		</object>
		<object>
			<coordinate>pixel</coordinate>
			<type>rectangle</type>
			<description>None</description>
			<possibleresult>
				<name>Small Car</name>
			</possibleresult>
			<points>
				<point>922.000000,996.000000</point>
				<point>912.000000,996.000000</point>
				<point>912.000000,978.000000</point>
				<point>922.000000,978.000000</point>
				<point>922.000000,996.000000</point>
			</points>
		</object>
		<object>
			<coordinate>pixel</coordinate>
			<type>rectangle</type>
			<description>None</description>
			<possibleresult>
				<name>Van</name>
			</possibleresult>
			<points>
				<point>971.000000,988.000000</point>
				<point>960.000000,988.000000</point>
				<point>960.000000,972.000000</point>
				<point>971.000000,972.000000</point>
				<point>971.000000,988.000000</point>
			</points>
		</object>
		<object>
			<coordinate>pixel</coordinate>
			<type>rectangle</type>
			<description>None</description>
			<possibleresult>
				<name>Van</name>
			</possibleresult>
			<points>
				<point>973.024170,935.589600</point>
				<point>972.024170,952.589600</point>
				<point>962.000000,952.000000</point>
				<point>963.000000,935.000000</point>
				<point>973.024170,935.589600</point>
			</points>
		</object>
		<object>
			<coordinate>pixel</coordinate>
			<type>rectangle</type>
			<description>None</description>
			<possibleresult>
				<name>Small Car</name>
			</possibleresult>
			<points>
				<point>974.019287,898.367493</point>
				<point>962.000000,899.000061</point>
				<point>960.980713,879.632629</point>
				<point>973.000000,879.000061</point>
				<point>974.019287,898.367493</point>
			</points>
		</object>
		<object>
			<coordinate>pixel</coordinate>
			<type>rectangle</type>
			<description>None</description>
			<possibleresult>
				<name>Small Car</name>
			</possibleresult>
			<points>
				<point>976.079224,855.207947</point>
				<point>974.079224,875.207947</point>
				<point>962.000000,874.000061</point>
				<point>964.000000,854.000061</point>
				<point>976.079224,855.207947</point>
			</points>
		</object>
		<object>
			<coordinate>pixel</coordinate>
			<type>rectangle</type>
			<description>None</description>
			<possibleresult>
				<name>Van</name>
			</possibleresult>
			<points>
				<point>921.027283,909.435791</point>
				<point>912.000061,910.000000</point>
				<point>910.972839,893.564209</point>
				<point>920.000061,893.000000</point>
				<point>921.027283,909.435791</point>
			</points>
		</object>
		<object>
			<coordinate>pixel</coordinate>
			<type>rectangle</type>
			<description>None</description>
			<possibleresult>
				<name>Van</name>
			</possibleresult>
			<points>
				<point>1000.000000,931.000000</point>
				<point>993.000000,931.000000</point>
				<point>993.000000,922.000000</point>
				<point>1000.000000,922.000000</point>
				<point>1000.000000,931.000000</point>
			</points>
		</object>
		<object>
			<coordinate>pixel</coordinate>
			<type>rectangle</type>
			<description>None</description>
			<possibleresult>
				<name>Small Car</name>
			</possibleresult>
			<points>
				<point>1000.000000,829.000000</point>
				<point>989.000000,829.000000</point>
				<point>989.000000,819.000000</point>
				<point>1000.000000,819.000000</point>
				<point>1000.000000,829.000000</point>
			</points>
		</object>
		<object>
			<coordinate>pixel</coordinate>
			<type>rectangle</type>
			<description>None</description>
			<possibleresult>
				<name>Intersection</name>
			</possibleresult>
			<points>
				<point>214.999985,660.000000</point>
				<point>210.577499,699.065430</point>
				<point>156.999985,693.000000</point>
				<point>161.422470,653.934570</point>
				<point>214.999985,660.000000</point>
			</points>
		</object>
		<object>
			<coordinate>pixel</coordinate>
			<type>rectangle</type>
			<description>None</description>
			<possibleresult>
				<name>Intersection</name>
			</possibleresult>
			<points>
				<point>603.678162,660.994446</point>
				<point>603.000061,700.999939</point>
				<point>544.000061,699.999939</point>
				<point>544.678162,659.994446</point>
				<point>603.678162,660.994446</point>
			</points>
		</object>
		<object>
			<coordinate>pixel</coordinate>
			<type>rectangle</type>
			<description>None</description>
			<possibleresult>
				<name>Intersection</name>
			</possibleresult>
			<points>
				<point>981.575867,666.993530</point>
				<point>981.000061,705.000000</point>
				<point>915.000061,704.000000</point>
				<point>915.575867,665.993530</point>
				<point>981.575867,666.993530</point>
			</points>
		</object>
	</objects>
</annotation>