<?xml version="1.0" encoding="utf-8"?>
<annotation>
	<source>
		<filename>143.tif</filename>
		<origin>GF2/GF3</origin>
	</source>
	<research>
		<version>1.0</version>
		<provider>FAIR1M</provider>
		<author>Cyber</author>
		<pluginname>FAIR1M</pluginname>
		<pluginclass>object detection</pluginclass>
		<time>2021-03</time>
	</research>
	<size>
		<width>1000</width>
		<height>1000</height>
		<depth>3</depth>
	</size>
	<objects>
		<object>
			<coordinate>pixel</coordinate>
			<type>rectangle</type>
			<description>None</description>
			<possibleresult>
				<name>Cargo Truck</name>
			</possibleresult>
			<points>
				<point>125.303764,107.986778</point>
				<point>101.999992,108.999992</point>
				<point>101.696220,102.013206</point>
				<point>124.999992,100.999992</point>
				<point>125.303764,107.986778</point>
			</points>
		</object>
		<object>
			<coordinate>pixel</coordinate>
			<type>rectangle</type>
			<description>None</description>
			<possibleresult>
				<name>Dump Truck</name>
			</possibleresult>
			<points>
				<point>95.000000,473.000000</point>
				<point>74.000000,473.000000</point>
				<point>74.000000,466.000000</point>
				<point>95.000000,466.000000</point>
				<point>95.000000,473.000000</point>
			</points>
		</object>
		<object>
			<coordinate>pixel</coordinate>
			<type>rectangle</type>
			<description>None</description>
			<possibleresult>
				<name>Small Car</name>
			</possibleresult>
			<points>
				<point>202.000000,891.000000</point>
				<point>192.000000,891.000000</point>
				<point>192.000000,873.000000</point>
				<point>202.000000,873.000000</point>
				<point>202.000000,891.000000</point>
			</points>
		</object>
		<object>
			<coordinate>pixel</coordinate>
			<type>rectangle</type>
			<description>None</description>
			<possibleresult>
				<name>Dump Truck</name>
			</possibleresult>
			<points>
				<point>203.999985,889.999939</point>
				<point>202.999985,908.999939</point>
				<point>189.983414,908.314880</point>
				<point>190.983414,889.314880</point>
				<point>203.999985,889.999939</point>
			</points>
		</object>
		<object>
			<coordinate>pixel</coordinate>
			<type>rectangle</type>
			<description>None</description>
			<possibleresult>
				<name>Dump Truck</name>
			</possibleresult>
			<points>
				<point>173.000000,900.000000</point>
				<point>162.000000,900.000000</point>
				<point>162.000000,880.000000</point>
				<point>173.000000,880.000000</point>
				<point>173.000000,900.000000</point>
			</points>
		</object>
		<object>
			<coordinate>pixel</coordinate>
			<type>rectangle</type>
			<description>None</description>
			<possibleresult>
				<name>Van</name>
			</possibleresult>
			<points>
				<point>172.000000,872.000000</point>
				<point>162.000000,872.000000</point>
				<point>162.000000,851.000000</point>
				<point>172.000000,851.000000</point>
				<point>172.000000,872.000000</point>
			</points>
		</object>
		<object>
			<coordinate>pixel</coordinate>
			<type>rectangle</type>
			<description>None</description>
			<possibleresult>
				<name>Small Car</name>
			</possibleresult>
			<points>
				<point>203.000000,823.000000</point>
				<point>194.000000,823.000000</point>
				<point>194.000000,806.000000</point>
				<point>203.000000,806.000000</point>
				<point>203.000000,823.000000</point>
			</points>
		</object>
		<object>
			<coordinate>pixel</coordinate>
			<type>rectangle</type>
			<description>None</description>
			<possibleresult>
				<name>Small Car</name>
			</possibleresult>
			<points>
				<point>141.000000,798.000000</point>
				<point>119.000000,799.000000</point>
				<point>118.680420,791.969116</point>
				<point>140.680420,790.969116</point>
				<point>141.000000,798.000000</point>
			</points>
		</object>
		<object>
			<coordinate>pixel</coordinate>
			<type>rectangle</type>
			<description>None</description>
			<possibleresult>
				<name>Small Car</name>
			</possibleresult>
			<points>
				<point>175.000000,748.999939</point>
				<point>172.979523,766.174011</point>
				<point>163.000000,764.999939</point>
				<point>165.020477,747.825867</point>
				<point>175.000000,748.999939</point>
			</points>
		</object>
		<object>
			<coordinate>pixel</coordinate>
			<type>rectangle</type>
			<description>None</description>
			<possibleresult>
				<name>Small Car</name>
			</possibleresult>
			<points>
				<point>204.000000,766.000061</point>
				<point>193.030396,766.577454</point>
				<point>192.000000,747.000061</point>
				<point>202.969604,746.422668</point>
				<point>204.000000,766.000061</point>
			</points>
		</object>
		<object>
			<coordinate>pixel</coordinate>
			<type>rectangle</type>
			<description>None</description>
			<possibleresult>
				<name>Excavator</name>
			</possibleresult>
			<points>
				<point>174.000000,737.000000</point>
				<point>161.000000,737.000000</point>
				<point>161.000000,717.000000</point>
				<point>174.000000,717.000000</point>
				<point>174.000000,737.000000</point>
			</points>
		</object>
		<object>
			<coordinate>pixel</coordinate>
			<type>rectangle</type>
			<description>None</description>
			<possibleresult>
				<name>Dump Truck</name>
			</possibleresult>
			<points>
				<point>206.000000,736.000000</point>
				<point>190.000000,736.000000</point>
				<point>190.000000,707.000000</point>
				<point>206.000000,707.000000</point>
				<point>206.000000,736.000000</point>
			</points>
		</object>
		<object>
			<coordinate>pixel</coordinate>
			<type>rectangle</type>
			<description>None</description>
			<possibleresult>
				<name>Dump Truck</name>
			</possibleresult>
			<points>
				<point>203.024933,688.498840</point>
				<point>193.000000,689.000061</point>
				<point>192.000000,669.000061</point>
				<point>202.024933,668.498840</point>
				<point>203.024933,688.498840</point>
			</points>
		</object>
		<object>
			<coordinate>pixel</coordinate>
			<type>rectangle</type>
			<description>None</description>
			<possibleresult>
				<name>Van</name>
			</possibleresult>
			<points>
				<point>173.000000,717.000000</point>
				<point>161.000000,717.000000</point>
				<point>161.000000,700.000000</point>
				<point>173.000000,700.000000</point>
				<point>173.000000,717.000000</point>
			</points>
		</object>
		<object>
			<coordinate>pixel</coordinate>
			<type>rectangle</type>
			<description>None</description>
			<possibleresult>
				<name>Small Car</name>
			</possibleresult>
			<points>
				<point>205.000000,523.000000</point>
				<point>194.000000,523.000000</point>
				<point>194.000000,505.000000</point>
				<point>205.000000,505.000000</point>
				<point>205.000000,523.000000</point>
			</points>
		</object>
		<object>
			<coordinate>pixel</coordinate>
			<type>rectangle</type>
			<description>None</description>
			<possibleresult>
				<name>Van</name>
			</possibleresult>
			<points>
				<point>175.024933,419.498810</point>
				<point>165.000000,420.000031</point>
				<point>163.975067,399.501251</point>
				<point>174.000000,399.000031</point>
				<point>175.024933,419.498810</point>
			</points>
		</object>
		<object>
			<coordinate>pixel</coordinate>
			<type>rectangle</type>
			<description>None</description>
			<possibleresult>
				<name>Van</name>
			</possibleresult>
			<points>
				<point>174.000000,393.000000</point>
				<point>164.000000,393.000000</point>
				<point>164.000000,377.000000</point>
				<point>174.000000,377.000000</point>
				<point>174.000000,393.000000</point>
			</points>
		</object>
		<object>
			<coordinate>pixel</coordinate>
			<type>rectangle</type>
			<description>None</description>
			<possibleresult>
				<name>Small Car</name>
			</possibleresult>
			<points>
				<point>177.000000,340.000000</point>
				<point>166.000000,340.000000</point>
				<point>166.000000,323.000000</point>
				<point>177.000000,323.000000</point>
				<point>177.000000,340.000000</point>
			</points>
		</object>
		<object>
			<coordinate>pixel</coordinate>
			<type>rectangle</type>
			<description>None</description>
			<possibleresult>
				<name>Van</name>
			</possibleresult>
			<points>
				<point>176.000000,311.000031</point>
				<point>166.121948,312.097565</point>
				<point>164.000000,293.000031</point>
				<point>173.878052,291.902496</point>
				<point>176.000000,311.000031</point>
			</points>
		</object>
		<object>
			<coordinate>pixel</coordinate>
			<type>rectangle</type>
			<description>None</description>
			<possibleresult>
				<name>Small Car</name>
			</possibleresult>
			<points>
				<point>204.000000,292.000000</point>
				<point>195.000000,292.000000</point>
				<point>195.000000,280.000000</point>
				<point>204.000000,280.000000</point>
				<point>204.000000,292.000000</point>
			</points>
		</object>
		<object>
			<coordinate>pixel</coordinate>
			<type>rectangle</type>
			<description>None</description>
			<possibleresult>
				<name>Van</name>
			</possibleresult>
			<points>
				<point>206.024139,253.410339</point>
				<point>196.000000,254.000000</point>
				<point>195.000000,237.000000</point>
				<point>205.024139,236.410339</point>
				<point>206.024139,253.410339</point>
			</points>
		</object>
		<object>
			<coordinate>pixel</coordinate>
			<type>rectangle</type>
			<description>None</description>
			<possibleresult>
				<name>Dump Truck</name>
			</possibleresult>
			<points>
				<point>174.000000,201.000015</point>
				<point>163.975250,201.455673</point>
				<point>162.975250,179.455673</point>
				<point>173.000000,179.000015</point>
				<point>174.000000,201.000015</point>
			</points>
		</object>
		<object>
			<coordinate>pixel</coordinate>
			<type>rectangle</type>
			<description>None</description>
			<possibleresult>
				<name>Dump Truck</name>
			</possibleresult>
			<points>
				<point>175.000000,179.000000</point>
				<point>164.000000,179.000000</point>
				<point>164.000000,160.000000</point>
				<point>175.000000,160.000000</point>
				<point>175.000000,179.000000</point>
			</points>
		</object>
		<object>
			<coordinate>pixel</coordinate>
			<type>rectangle</type>
			<description>None</description>
			<possibleresult>
				<name>Van</name>
			</possibleresult>
			<points>
				<point>175.000000,82.000000</point>
				<point>166.000000,82.000000</point>
				<point>166.000000,66.000000</point>
				<point>175.000000,66.000000</point>
				<point>175.000000,82.000000</point>
			</points>
		</object>
		<object>
			<coordinate>pixel</coordinate>
			<type>rectangle</type>
			<description>None</description>
			<possibleresult>
				<name>Dump Truck</name>
			</possibleresult>
			<points>
				<point>332.000000,60.000000</point>
				<point>304.000000,60.000000</point>
				<point>304.000000,53.000000</point>
				<point>332.000000,53.000000</point>
				<point>332.000000,60.000000</point>
			</points>
		</object>
		<object>
			<coordinate>pixel</coordinate>
			<type>rectangle</type>
			<description>None</description>
			<possibleresult>
				<name>Van</name>
			</possibleresult>
			<points>
				<point>550.000000,91.000000</point>
				<point>539.000000,91.000000</point>
				<point>539.000000,71.000000</point>
				<point>550.000000,71.000000</point>
				<point>550.000000,91.000000</point>
			</points>
		</object>
		<object>
			<coordinate>pixel</coordinate>
			<type>rectangle</type>
			<description>None</description>
			<possibleresult>
				<name>Van</name>
			</possibleresult>
			<points>
				<point>518.291138,169.987854</point>
				<point>493.999969,171.000000</point>
				<point>493.708832,164.012146</point>
				<point>518.000000,163.000000</point>
				<point>518.291138,169.987854</point>
			</points>
		</object>
		<object>
			<coordinate>pixel</coordinate>
			<type>rectangle</type>
			<description>None</description>
			<possibleresult>
				<name>Van</name>
			</possibleresult>
			<points>
				<point>491.000000,169.000000</point>
				<point>470.000000,169.000000</point>
				<point>470.000000,161.000000</point>
				<point>491.000000,161.000000</point>
				<point>491.000000,169.000000</point>
			</points>
		</object>
		<object>
			<coordinate>pixel</coordinate>
			<type>rectangle</type>
			<description>None</description>
			<possibleresult>
				<name>Van</name>
			</possibleresult>
			<points>
				<point>322.000000,217.000000</point>
				<point>302.953674,224.017059</point>
				<point>300.000000,216.000000</point>
				<point>319.046326,208.982941</point>
				<point>322.000000,217.000000</point>
			</points>
		</object>
		<object>
			<coordinate>pixel</coordinate>
			<type>rectangle</type>
			<description>None</description>
			<possibleresult>
				<name>Small Car</name>
			</possibleresult>
			<points>
				<point>380.000000,326.000000</point>
				<point>369.000000,326.000000</point>
				<point>369.000000,308.000000</point>
				<point>380.000000,308.000000</point>
				<point>380.000000,326.000000</point>
			</points>
		</object>
		<object>
			<coordinate>pixel</coordinate>
			<type>rectangle</type>
			<description>None</description>
			<possibleresult>
				<name>Van</name>
			</possibleresult>
			<points>
				<point>398.000000,340.000000</point>
				<point>386.000000,340.000000</point>
				<point>386.000000,322.000000</point>
				<point>398.000000,322.000000</point>
				<point>398.000000,340.000000</point>
			</points>
		</object>
		<object>
			<coordinate>pixel</coordinate>
			<type>rectangle</type>
			<description>None</description>
			<possibleresult>
				<name>Small Car</name>
			</possibleresult>
			<points>
				<point>548.000000,338.000000</point>
				<point>535.000000,338.000000</point>
				<point>535.000000,322.000000</point>
				<point>548.000000,322.000000</point>
				<point>548.000000,338.000000</point>
			</points>
		</object>
		<object>
			<coordinate>pixel</coordinate>
			<type>rectangle</type>
			<description>None</description>
			<possibleresult>
				<name>Small Car</name>
			</possibleresult>
			<points>
				<point>268.367432,315.980652</point>
				<point>249.367432,316.980652</point>
				<point>249.000000,310.000000</point>
				<point>268.000000,309.000000</point>
				<point>268.367432,315.980652</point>
			</points>
		</object>
		<object>
			<coordinate>pixel</coordinate>
			<type>rectangle</type>
			<description>None</description>
			<possibleresult>
				<name>Van</name>
			</possibleresult>
			<points>
				<point>862.000000,21.000000</point>
				<point>841.000000,21.000000</point>
				<point>841.000000,13.000000</point>
				<point>862.000000,13.000000</point>
				<point>862.000000,21.000000</point>
			</points>
		</object>
		<object>
			<coordinate>pixel</coordinate>
			<type>rectangle</type>
			<description>None</description>
			<possibleresult>
				<name>Small Car</name>
			</possibleresult>
			<points>
				<point>635.999939,84.000008</point>
				<point>610.999939,86.000008</point>
				<point>610.437195,78.965034</point>
				<point>635.437195,76.965034</point>
				<point>635.999939,84.000008</point>
			</points>
		</object>
		<object>
			<coordinate>pixel</coordinate>
			<type>rectangle</type>
			<description>None</description>
			<possibleresult>
				<name>Small Car</name>
			</possibleresult>
			<points>
				<point>654.742249,68.019104</point>
				<point>627.742249,70.019104</point>
				<point>627.000061,60.000000</point>
				<point>654.000061,58.000000</point>
				<point>654.742249,68.019104</point>
			</points>
		</object>
		<object>
			<coordinate>pixel</coordinate>
			<type>rectangle</type>
			<description>None</description>
			<possibleresult>
				<name>Small Car</name>
			</possibleresult>
			<points>
				<point>683.000000,70.000000</point>
				<point>657.000000,70.000000</point>
				<point>657.000000,62.000000</point>
				<point>683.000000,62.000000</point>
				<point>683.000000,70.000000</point>
			</points>
		</object>
		<object>
			<coordinate>pixel</coordinate>
			<type>rectangle</type>
			<description>None</description>
			<possibleresult>
				<name>Van</name>
			</possibleresult>
			<points>
				<point>838.000000,68.999985</point>
				<point>812.000000,70.999992</point>
				<point>811.382324,62.970577</point>
				<point>837.382324,60.970573</point>
				<point>838.000000,68.999985</point>
			</points>
		</object>
		<object>
			<coordinate>pixel</coordinate>
			<type>rectangle</type>
			<description>None</description>
			<possibleresult>
				<name>Van</name>
			</possibleresult>
			<points>
				<point>889.000000,119.000000</point>
				<point>867.000000,119.000000</point>
				<point>867.000000,110.000000</point>
				<point>889.000000,110.000000</point>
				<point>889.000000,119.000000</point>
			</points>
		</object>
		<object>
			<coordinate>pixel</coordinate>
			<type>rectangle</type>
			<description>None</description>
			<possibleresult>
				<name>Van</name>
			</possibleresult>
			<points>
				<point>631.000061,347.000031</point>
				<point>630.180359,356.016449</point>
				<point>608.000061,354.000031</point>
				<point>608.819763,344.983612</point>
				<point>631.000061,347.000031</point>
			</points>
		</object>
		<object>
			<coordinate>pixel</coordinate>
			<type>rectangle</type>
			<description>None</description>
			<possibleresult>
				<name>Small Car</name>
			</possibleresult>
			<points>
				<point>662.000000,346.000000</point>
				<point>661.607544,355.026428</point>
				<point>638.000000,354.000000</point>
				<point>638.392456,344.973572</point>
				<point>662.000000,346.000000</point>
			</points>
		</object>
		<object>
			<coordinate>pixel</coordinate>
			<type>rectangle</type>
			<description>None</description>
			<possibleresult>
				<name>Van</name>
			</possibleresult>
			<points>
				<point>761.364929,372.028839</point>
				<point>739.364929,373.028839</point>
				<point>738.999939,364.999969</point>
				<point>760.999939,363.999969</point>
				<point>761.364929,372.028839</point>
			</points>
		</object>
		<object>
			<coordinate>pixel</coordinate>
			<type>rectangle</type>
			<description>None</description>
			<possibleresult>
				<name>Van</name>
			</possibleresult>
			<points>
				<point>777.000000,354.000000</point>
				<point>755.000000,354.000000</point>
				<point>755.000000,347.000000</point>
				<point>777.000000,347.000000</point>
				<point>777.000000,354.000000</point>
			</points>
		</object>
		<object>
			<coordinate>pixel</coordinate>
			<type>rectangle</type>
			<description>None</description>
			<possibleresult>
				<name>Van</name>
			</possibleresult>
			<points>
				<point>1000.000000,349.000000</point>
				<point>997.000000,349.000000</point>
				<point>997.000000,341.000000</point>
				<point>1000.000000,341.000000</point>
				<point>1000.000000,349.000000</point>
			</points>
		</object>
		<object>
			<coordinate>pixel</coordinate>
			<type>rectangle</type>
			<description>None</description>
			<possibleresult>
				<name>Small Car</name>
			</possibleresult>
			<points>
				<point>972.000000,156.000000</point>
				<point>961.000000,156.000000</point>
				<point>961.000000,141.000000</point>
				<point>972.000000,141.000000</point>
				<point>972.000000,156.000000</point>
			</points>
		</object>
		<object>
			<coordinate>pixel</coordinate>
			<type>rectangle</type>
			<description>None</description>
			<possibleresult>
				<name>Van</name>
			</possibleresult>
			<points>
				<point>435.000000,467.999969</point>
				<point>427.027588,468.468964</point>
				<point>426.027588,451.468964</point>
				<point>434.000000,450.999969</point>
				<point>435.000000,467.999969</point>
			</points>
		</object>
		<object>
			<coordinate>pixel</coordinate>
			<type>rectangle</type>
			<description>None</description>
			<possibleresult>
				<name>Small Car</name>
			</possibleresult>
			<points>
				<point>550.000000,448.999969</point>
				<point>549.000000,472.999969</point>
				<point>538.975708,472.582306</point>
				<point>539.975708,448.582306</point>
				<point>550.000000,448.999969</point>
			</points>
		</object>
		<object>
			<coordinate>pixel</coordinate>
			<type>rectangle</type>
			<description>None</description>
			<possibleresult>
				<name>Small Car</name>
			</possibleresult>
			<points>
				<point>576.000000,440.000000</point>
				<point>567.000000,440.000000</point>
				<point>567.000000,422.000000</point>
				<point>576.000000,422.000000</point>
				<point>576.000000,440.000000</point>
			</points>
		</object>
		<object>
			<coordinate>pixel</coordinate>
			<type>rectangle</type>
			<description>None</description>
			<possibleresult>
				<name>Van</name>
			</possibleresult>
			<points>
				<point>637.000000,461.000000</point>
				<point>612.000000,461.000000</point>
				<point>612.000000,453.000000</point>
				<point>637.000000,453.000000</point>
				<point>637.000000,461.000000</point>
			</points>
		</object>
		<object>
			<coordinate>pixel</coordinate>
			<type>rectangle</type>
			<description>None</description>
			<possibleresult>
				<name>Van</name>
			</possibleresult>
			<points>
				<point>472.000000,543.000000</point>
				<point>449.000000,543.000000</point>
				<point>449.000000,534.000000</point>
				<point>472.000000,534.000000</point>
				<point>472.000000,543.000000</point>
			</points>
		</object>
		<object>
			<coordinate>pixel</coordinate>
			<type>rectangle</type>
			<description>None</description>
			<possibleresult>
				<name>Small Car</name>
			</possibleresult>
			<points>
				<point>249.347168,595.015076</point>
				<point>249.000000,602.999939</point>
				<point>225.652832,601.984802</point>
				<point>226.000000,593.999939</point>
				<point>249.347168,595.015076</point>
			</points>
		</object>
		<object>
			<coordinate>pixel</coordinate>
			<type>rectangle</type>
			<description>None</description>
			<possibleresult>
				<name>Van</name>
			</possibleresult>
			<points>
				<point>448.000000,591.000000</point>
				<point>429.000000,591.000000</point>
				<point>429.000000,584.000000</point>
				<point>448.000000,584.000000</point>
				<point>448.000000,591.000000</point>
			</points>
		</object>
		<object>
			<coordinate>pixel</coordinate>
			<type>rectangle</type>
			<description>None</description>
			<possibleresult>
				<name>Small Car</name>
			</possibleresult>
			<points>
				<point>465.000000,644.000000</point>
				<point>443.000000,644.000000</point>
				<point>443.000000,637.000000</point>
				<point>465.000000,637.000000</point>
				<point>465.000000,644.000000</point>
			</points>
		</object>
		<object>
			<coordinate>pixel</coordinate>
			<type>rectangle</type>
			<description>None</description>
			<possibleresult>
				<name>Small Car</name>
			</possibleresult>
			<points>
				<point>487.999969,644.000061</point>
				<point>471.501923,645.031189</point>
				<point>470.999969,637.000061</point>
				<point>487.498016,635.968933</point>
				<point>487.999969,644.000061</point>
			</points>
		</object>
		<object>
			<coordinate>pixel</coordinate>
			<type>rectangle</type>
			<description>None</description>
			<possibleresult>
				<name>Van</name>
			</possibleresult>
			<points>
				<point>334.000000,651.000000</point>
				<point>308.000000,651.000000</point>
				<point>308.000000,642.000000</point>
				<point>334.000000,642.000000</point>
				<point>334.000000,651.000000</point>
			</points>
		</object>
		<object>
			<coordinate>pixel</coordinate>
			<type>rectangle</type>
			<description>None</description>
			<possibleresult>
				<name>Van</name>
			</possibleresult>
			<points>
				<point>535.360962,734.974487</point>
				<point>535.000000,744.000000</point>
				<point>509.999969,743.000000</point>
				<point>510.360962,733.974487</point>
				<point>535.360962,734.974487</point>
			</points>
		</object>
		<object>
			<coordinate>pixel</coordinate>
			<type>rectangle</type>
			<description>None</description>
			<possibleresult>
				<name>Small Car</name>
			</possibleresult>
			<points>
				<point>256.392456,925.026428</point>
				<point>233.392456,926.026428</point>
				<point>233.000000,917.000061</point>
				<point>256.000000,916.000061</point>
				<point>256.392456,925.026428</point>
			</points>
		</object>
		<object>
			<coordinate>pixel</coordinate>
			<type>rectangle</type>
			<description>None</description>
			<possibleresult>
				<name>Small Car</name>
			</possibleresult>
			<points>
				<point>442.000000,955.000000</point>
				<point>429.000000,955.000000</point>
				<point>429.000000,932.000000</point>
				<point>442.000000,932.000000</point>
				<point>442.000000,955.000000</point>
			</points>
		</object>
		<object>
			<coordinate>pixel</coordinate>
			<type>rectangle</type>
			<description>None</description>
			<possibleresult>
				<name>Van</name>
			</possibleresult>
			<points>
				<point>546.000000,977.000000</point>
				<point>536.000000,977.000000</point>
				<point>536.000000,959.000000</point>
				<point>546.000000,959.000000</point>
				<point>546.000000,977.000000</point>
			</points>
		</object>
		<object>
			<coordinate>pixel</coordinate>
			<type>rectangle</type>
			<description>None</description>
			<possibleresult>
				<name>Small Car</name>
			</possibleresult>
			<points>
				<point>546.024109,922.589600</point>
				<point>545.024109,939.589600</point>
				<point>534.999939,939.000000</point>
				<point>535.999939,922.000000</point>
				<point>546.024109,922.589600</point>
			</points>
		</object>
		<object>
			<coordinate>pixel</coordinate>
			<type>rectangle</type>
			<description>None</description>
			<possibleresult>
				<name>Small Car</name>
			</possibleresult>
			<points>
				<point>714.000000,409.000000</point>
				<point>703.000000,409.000000</point>
				<point>703.000000,392.000000</point>
				<point>714.000000,392.000000</point>
				<point>714.000000,409.000000</point>
			</points>
		</object>
		<object>
			<coordinate>pixel</coordinate>
			<type>rectangle</type>
			<description>None</description>
			<possibleresult>
				<name>Small Car</name>
			</possibleresult>
			<points>
				<point>726.017822,394.734528</point>
				<point>725.000122,410.000031</point>
				<point>713.982422,409.265533</point>
				<point>715.000122,394.000031</point>
				<point>726.017822,394.734528</point>
			</points>
		</object>
		<object>
			<coordinate>pixel</coordinate>
			<type>rectangle</type>
			<description>None</description>
			<possibleresult>
				<name>Van</name>
			</possibleresult>
			<points>
				<point>771.063660,392.913300</point>
				<point>760.000061,408.000031</point>
				<point>751.936462,402.086761</point>
				<point>763.000061,387.000031</point>
				<point>771.063660,392.913300</point>
			</points>
		</object>
		<object>
			<coordinate>pixel</coordinate>
			<type>rectangle</type>
			<description>None</description>
			<possibleresult>
				<name>Small Car</name>
			</possibleresult>
			<points>
				<point>702.000000,548.000000</point>
				<point>680.000000,548.000000</point>
				<point>680.000000,540.000000</point>
				<point>702.000000,540.000000</point>
				<point>702.000000,548.000000</point>
			</points>
		</object>
		<object>
			<coordinate>pixel</coordinate>
			<type>rectangle</type>
			<description>None</description>
			<possibleresult>
				<name>Cargo Truck</name>
			</possibleresult>
			<points>
				<point>732.000000,531.000000</point>
				<point>706.000000,531.000000</point>
				<point>706.000000,522.000000</point>
				<point>732.000000,522.000000</point>
				<point>732.000000,531.000000</point>
			</points>
		</object>
		<object>
			<coordinate>pixel</coordinate>
			<type>rectangle</type>
			<description>None</description>
			<possibleresult>
				<name>Van</name>
			</possibleresult>
			<points>
				<point>814.000000,659.000000</point>
				<point>799.000000,659.000000</point>
				<point>799.000000,653.000000</point>
				<point>814.000000,653.000000</point>
				<point>814.000000,659.000000</point>
			</points>
		</object>
		<object>
			<coordinate>pixel</coordinate>
			<type>rectangle</type>
			<description>None</description>
			<possibleresult>
				<name>Van</name>
			</possibleresult>
			<points>
				<point>824.000000,785.000000</point>
				<point>807.550537,795.280884</point>
				<point>803.000000,788.000000</point>
				<point>819.449463,777.719116</point>
				<point>824.000000,785.000000</point>
			</points>
		</object>
		<object>
			<coordinate>pixel</coordinate>
			<type>rectangle</type>
			<description>None</description>
			<possibleresult>
				<name>Small Car</name>
			</possibleresult>
			<points>
				<point>846.152954,765.188293</point>
				<point>839.000000,771.000061</point>
				<point>825.847046,754.811829</point>
				<point>833.000000,749.000061</point>
				<point>846.152954,765.188293</point>
			</points>
		</object>
		<object>
			<coordinate>pixel</coordinate>
			<type>rectangle</type>
			<description>None</description>
			<possibleresult>
				<name>Van</name>
			</possibleresult>
			<points>
				<point>914.000000,790.000000</point>
				<point>912.965576,807.586182</point>
				<point>903.000000,807.000000</point>
				<point>904.034424,789.413818</point>
				<point>914.000000,790.000000</point>
			</points>
		</object>
		<object>
			<coordinate>pixel</coordinate>
			<type>rectangle</type>
			<description>None</description>
			<possibleresult>
				<name>Small Car</name>
			</possibleresult>
			<points>
				<point>914.000000,741.000061</point>
				<point>913.000000,757.000061</point>
				<point>903.972778,756.435852</point>
				<point>904.972778,740.435852</point>
				<point>914.000000,741.000061</point>
			</points>
		</object>
		<object>
			<coordinate>pixel</coordinate>
			<type>rectangle</type>
			<description>None</description>
			<possibleresult>
				<name>Van</name>
			</possibleresult>
			<points>
				<point>912.000000,813.999939</point>
				<point>911.000000,831.999939</point>
				<point>902.969238,831.553772</point>
				<point>903.969238,813.553772</point>
				<point>912.000000,813.999939</point>
			</points>
		</object>
		<object>
			<coordinate>pixel</coordinate>
			<type>rectangle</type>
			<description>None</description>
			<possibleresult>
				<name>Van</name>
			</possibleresult>
			<points>
				<point>929.000000,863.000000</point>
				<point>918.000000,863.000000</point>
				<point>918.000000,845.000000</point>
				<point>929.000000,845.000000</point>
				<point>929.000000,863.000000</point>
			</points>
		</object>
		<object>
			<coordinate>pixel</coordinate>
			<type>rectangle</type>
			<description>None</description>
			<possibleresult>
				<name>Small Car</name>
			</possibleresult>
			<points>
				<point>635.000000,841.000000</point>
				<point>625.000000,841.000000</point>
				<point>625.000000,826.000000</point>
				<point>635.000000,826.000000</point>
				<point>635.000000,841.000000</point>
			</points>
		</object>
		<object>
			<coordinate>pixel</coordinate>
			<type>rectangle</type>
			<description>None</description>
			<possibleresult>
				<name>Small Car</name>
			</possibleresult>
			<points>
				<point>928.000000,987.999878</point>
				<point>913.076172,989.065918</point>
				<point>911.573608,968.030396</point>
				<point>926.497437,966.964355</point>
				<point>928.000000,987.999878</point>
			</points>
		</object>
		<object>
			<coordinate>pixel</coordinate>
			<type>rectangle</type>
			<description>None</description>
			<possibleresult>
				<name>Small Car</name>
			</possibleresult>
			<points>
				<point>963.019897,836.399048</point>
				<point>951.000000,837.000000</point>
				<point>950.000000,817.000000</point>
				<point>962.019897,816.399048</point>
				<point>963.019897,836.399048</point>
			</points>
		</object>
		<object>
			<coordinate>pixel</coordinate>
			<type>rectangle</type>
			<description>None</description>
			<possibleresult>
				<name>Small Car</name>
			</possibleresult>
			<points>
				<point>967.019897,731.399109</point>
				<point>955.000000,732.000061</point>
				<point>954.000000,712.000061</point>
				<point>966.019897,711.399109</point>
				<point>967.019897,731.399109</point>
			</points>
		</object>
		<object>
			<coordinate>pixel</coordinate>
			<type>rectangle</type>
			<description>None</description>
			<possibleresult>
				<name>Small Car</name>
			</possibleresult>
			<points>
				<point>967.015381,696.276978</point>
				<point>954.000000,697.000000</point>
				<point>952.984619,678.723022</point>
				<point>966.000000,678.000000</point>
				<point>967.015381,696.276978</point>
			</points>
		</object>
		<object>
			<coordinate>pixel</coordinate>
			<type>rectangle</type>
			<description>None</description>
			<possibleresult>
				<name>Small Car</name>
			</possibleresult>
			<points>
				<point>963.027222,676.435852</point>
				<point>954.000000,677.000061</point>
				<point>953.000000,661.000061</point>
				<point>962.027222,660.435852</point>
				<point>963.027222,676.435852</point>
			</points>
		</object>
		<object>
			<coordinate>pixel</coordinate>
			<type>rectangle</type>
			<description>None</description>
			<possibleresult>
				<name>Small Car</name>
			</possibleresult>
			<points>
				<point>969.000000,582.000000</point>
				<point>959.000000,582.000000</point>
				<point>959.000000,565.000000</point>
				<point>969.000000,565.000000</point>
				<point>969.000000,582.000000</point>
			</points>
		</object>
		<object>
			<coordinate>pixel</coordinate>
			<type>rectangle</type>
			<description>None</description>
			<possibleresult>
				<name>Small Car</name>
			</possibleresult>
			<points>
				<point>969.000000,561.000000</point>
				<point>958.000000,561.000000</point>
				<point>958.000000,544.000000</point>
				<point>969.000000,544.000000</point>
				<point>969.000000,561.000000</point>
			</points>
		</object>
		<object>
			<coordinate>pixel</coordinate>
			<type>rectangle</type>
			<description>None</description>
			<possibleresult>
				<name>Small Car</name>
			</possibleresult>
			<points>
				<point>915.000000,570.000000</point>
				<point>905.000000,570.000000</point>
				<point>905.000000,559.000000</point>
				<point>915.000000,559.000000</point>
				<point>915.000000,570.000000</point>
			</points>
		</object>
		<object>
			<coordinate>pixel</coordinate>
			<type>rectangle</type>
			<description>None</description>
			<possibleresult>
				<name>Van</name>
			</possibleresult>
			<points>
				<point>1000.000000,609.217407</point>
				<point>981.999939,610.000000</point>
				<point>981.737732,603.967896</point>
				<point>1000.000000,603.173889</point>
				<point>1000.000000,609.217407</point>
			</points>
		</object>
		<object>
			<coordinate>pixel</coordinate>
			<type>rectangle</type>
			<description>None</description>
			<possibleresult>
				<name>Intersection</name>
			</possibleresult>
			<points>
				<point>591.000000,372.000000</point>
				<point>540.000000,372.000000</point>
				<point>540.000000,337.000000</point>
				<point>591.000000,337.000000</point>
				<point>591.000000,372.000000</point>
			</points>
		</object>
		<object>
			<coordinate>pixel</coordinate>
			<type>rectangle</type>
			<description>None</description>
			<possibleresult>
				<name>Intersection</name>
			</possibleresult>
			<points>
				<point>969.999939,377.000031</point>
				<point>906.999939,378.000031</point>
				<point>906.380798,338.993988</point>
				<point>969.380798,337.993988</point>
				<point>969.999939,377.000031</point>
			</points>
		</object>
		<object>
			<coordinate>pixel</coordinate>
			<type>rectangle</type>
			<description>None</description>
			<possibleresult>
				<name>Dump Truck</name>
			</possibleresult>
			<points>
				<point>706.000000,898.000000</point>
				<point>697.000000,898.000000</point>
				<point>697.000000,880.000000</point>
				<point>706.000000,880.000000</point>
				<point>706.000000,898.000000</point>
			</points>
		</object>
		<object>
			<coordinate>pixel</coordinate>
			<type>rectangle</type>
			<description>None</description>
			<possibleresult>
				<name>Dump Truck</name>
			</possibleresult>
			<points>
				<point>721.000000,879.999939</point>
				<point>718.000000,899.999939</point>
				<point>708.904663,898.635681</point>
				<point>711.904663,878.635681</point>
				<point>721.000000,879.999939</point>
			</points>
		</object>
	</objects>
</annotation>