<?xml version="1.0" encoding="utf-8"?>
<annotation>
	<source>
		<filename>1430.tif</filename>
		<origin>GF2/GF3</origin>
	</source>
	<research>
		<version>1.0</version>
		<provider>FAIR1M</provider>
		<author>Cyber</author>
		<pluginname>FAIR1M</pluginname>
		<pluginclass>object detection</pluginclass>
		<time>2021-03</time>
	</research>
	<size>
		<width>1000</width>
		<height>1000</height>
		<depth>3</depth>
	</size>
	<objects>
		<object>
			<coordinate>pixel</coordinate>
			<type>rectangle</type>
			<description>None</description>
			<possibleresult>
				<name>Intersection</name>
			</possibleresult>
			<points>
				<point>133.546051,935.983521</point>
				<point>133.000000,951.000000</point>
				<point>78.000000,949.000000</point>
				<point>78.546051,933.983521</point>
				<point>133.546051,935.983521</point>
			</points>
		</object>
		<object>
			<coordinate>pixel</coordinate>
			<type>rectangle</type>
			<description>None</description>
			<possibleresult>
				<name>Intersection</name>
			</possibleresult>
			<points>
				<point>267.600006,404.800018</point>
				<point>244.600006,450.800018</point>
				<point>195.000000,426.000031</point>
				<point>218.000000,380.000031</point>
				<point>267.600006,404.800018</point>
			</points>
		</object>
		<object>
			<coordinate>pixel</coordinate>
			<type>rectangle</type>
			<description>None</description>
			<possibleresult>
				<name>Van</name>
			</possibleresult>
			<points>
				<point>0.000000,480.684204</point>
				<point>0.000000,469.500031</point>
				<point>4.075310,459.821167</point>
				<point>14.000015,464.000000</point>
				<point>0.000000,480.684204</point>
			</points>
		</object>
		<object>
			<coordinate>pixel</coordinate>
			<type>rectangle</type>
			<description>None</description>
			<possibleresult>
				<name>Van</name>
			</possibleresult>
			<points>
				<point>60.999981,459.000031</point>
				<point>54.862049,474.344879</point>
				<point>46.931019,471.172455</point>
				<point>53.068951,455.827606</point>
				<point>60.999981,459.000031</point>
			</points>
		</object>
		<object>
			<coordinate>pixel</coordinate>
			<type>rectangle</type>
			<description>None</description>
			<possibleresult>
				<name>Van</name>
			</possibleresult>
			<points>
				<point>-0.000000,601.000000</point>
				<point>-0.000000,601.000000</point>
				<point>-0.000000,593.000000</point>
				<point>-0.000000,593.000000</point>
				<point>-0.000000,601.000000</point>
			</points>
		</object>
		<object>
			<coordinate>pixel</coordinate>
			<type>rectangle</type>
			<description>None</description>
			<possibleresult>
				<name>Van</name>
			</possibleresult>
			<points>
				<point>0.000000,117.444466</point>
				<point>0.000000,98.600006</point>
				<point>2.424522,94.235870</point>
				<point>11.424522,99.235870</point>
				<point>0.000000,117.444466</point>
			</points>
		</object>
		<object>
			<coordinate>pixel</coordinate>
			<type>rectangle</type>
			<description>None</description>
			<possibleresult>
				<name>Van</name>
			</possibleresult>
			<points>
				<point>9.999999,163.000000</point>
				<point>0.000000,163.625000</point>
				<point>0.000000,147.562500</point>
				<point>8.999999,147.000000</point>
				<point>9.999999,163.000000</point>
			</points>
		</object>
		<object>
			<coordinate>pixel</coordinate>
			<type>rectangle</type>
			<description>None</description>
			<possibleresult>
				<name>Van</name>
			</possibleresult>
			<points>
				<point>0.000000,264.333282</point>
				<point>0.000000,256.199951</point>
				<point>1.409844,254.508148</point>
				<point>13.409843,264.508148</point>
				<point>0.000000,264.333282</point>
			</points>
		</object>
		<object>
			<coordinate>pixel</coordinate>
			<type>rectangle</type>
			<description>None</description>
			<possibleresult>
				<name>Cargo Truck</name>
			</possibleresult>
			<points>
				<point>119.945557,257.955444</point>
				<point>115.000015,264.000000</point>
				<point>104.000015,255.000000</point>
				<point>108.945557,248.955444</point>
				<point>119.945557,257.955444</point>
			</points>
		</object>
		<object>
			<coordinate>pixel</coordinate>
			<type>rectangle</type>
			<description>None</description>
			<possibleresult>
				<name>Bus</name>
			</possibleresult>
			<points>
				<point>237.413788,430.034485</point>
				<point>203.413788,432.034485</point>
				<point>203.000000,425.000000</point>
				<point>237.000000,423.000000</point>
				<point>237.413788,430.034485</point>
			</points>
		</object>
		<object>
			<coordinate>pixel</coordinate>
			<type>rectangle</type>
			<description>None</description>
			<possibleresult>
				<name>Bus</name>
			</possibleresult>
			<points>
				<point>412.000000,378.000000</point>
				<point>366.000000,378.000000</point>
				<point>366.000000,369.000000</point>
				<point>412.000000,369.000000</point>
				<point>412.000000,378.000000</point>
			</points>
		</object>
		<object>
			<coordinate>pixel</coordinate>
			<type>rectangle</type>
			<description>None</description>
			<possibleresult>
				<name>Bus</name>
			</possibleresult>
			<points>
				<point>459.326477,431.400665</point>
				<point>450.000000,439.000031</point>
				<point>427.673523,411.599396</point>
				<point>437.000000,404.000031</point>
				<point>459.326477,431.400665</point>
			</points>
		</object>
		<object>
			<coordinate>pixel</coordinate>
			<type>rectangle</type>
			<description>None</description>
			<possibleresult>
				<name>Van</name>
			</possibleresult>
			<points>
				<point>677.166199,285.470734</point>
				<point>670.000061,287.999969</point>
				<point>664.000061,270.999969</point>
				<point>671.166199,268.470734</point>
				<point>677.166199,285.470734</point>
			</points>
		</object>
		<object>
			<coordinate>pixel</coordinate>
			<type>rectangle</type>
			<description>None</description>
			<possibleresult>
				<name>Van</name>
			</possibleresult>
			<points>
				<point>697.000061,280.000000</point>
				<point>691.000061,282.000000</point>
				<point>687.000061,270.000000</point>
				<point>693.000061,268.000000</point>
				<point>697.000061,280.000000</point>
			</points>
		</object>
		<object>
			<coordinate>pixel</coordinate>
			<type>rectangle</type>
			<description>None</description>
			<possibleresult>
				<name>Van</name>
			</possibleresult>
			<points>
				<point>665.084229,287.365143</point>
				<point>658.000000,288.999969</point>
				<point>654.915771,275.634796</point>
				<point>662.000000,273.999969</point>
				<point>665.084229,287.365143</point>
			</points>
		</object>
		<object>
			<coordinate>pixel</coordinate>
			<type>rectangle</type>
			<description>None</description>
			<possibleresult>
				<name>Van</name>
			</possibleresult>
			<points>
				<point>992.390076,286.908203</point>
				<point>974.999939,291.000000</point>
				<point>973.609802,285.091797</point>
				<point>990.999939,281.000000</point>
				<point>992.390076,286.908203</point>
			</points>
		</object>
		<object>
			<coordinate>pixel</coordinate>
			<type>rectangle</type>
			<description>None</description>
			<possibleresult>
				<name>Van</name>
			</possibleresult>
			<points>
				<point>968.384705,224.923065</point>
				<point>953.000061,228.000000</point>
				<point>951.615417,221.076935</point>
				<point>967.000061,218.000000</point>
				<point>968.384705,224.923065</point>
			</points>
		</object>
		<object>
			<coordinate>pixel</coordinate>
			<type>rectangle</type>
			<description>None</description>
			<possibleresult>
				<name>Van</name>
			</possibleresult>
			<points>
				<point>971.000000,234.000000</point>
				<point>953.000000,236.000000</point>
				<point>952.329224,229.963409</point>
				<point>970.329224,227.963409</point>
				<point>971.000000,234.000000</point>
			</points>
		</object>
		<object>
			<coordinate>pixel</coordinate>
			<type>rectangle</type>
			<description>None</description>
			<possibleresult>
				<name>Van</name>
			</possibleresult>
			<points>
				<point>974.000061,242.000015</point>
				<point>957.000061,245.000015</point>
				<point>955.943054,239.010086</point>
				<point>972.943054,236.010086</point>
				<point>974.000061,242.000015</point>
			</points>
		</object>
		<object>
			<coordinate>pixel</coordinate>
			<type>rectangle</type>
			<description>None</description>
			<possibleresult>
				<name>Van</name>
			</possibleresult>
			<points>
				<point>980.000000,249.999985</point>
				<point>962.000000,252.999985</point>
				<point>961.000000,246.999985</point>
				<point>979.000000,243.999985</point>
				<point>980.000000,249.999985</point>
			</points>
		</object>
		<object>
			<coordinate>pixel</coordinate>
			<type>rectangle</type>
			<description>None</description>
			<possibleresult>
				<name>Van</name>
			</possibleresult>
			<points>
				<point>980.999878,259.000031</point>
				<point>963.999878,261.000031</point>
				<point>963.290039,254.965912</point>
				<point>980.290039,252.965912</point>
				<point>980.999878,259.000031</point>
			</points>
		</object>
		<object>
			<coordinate>pixel</coordinate>
			<type>rectangle</type>
			<description>None</description>
			<possibleresult>
				<name>Van</name>
			</possibleresult>
			<points>
				<point>984.000000,266.000031</point>
				<point>968.038452,269.192352</point>
				<point>967.000000,264.000031</point>
				<point>982.961548,260.807709</point>
				<point>984.000000,266.000031</point>
			</points>
		</object>
		<object>
			<coordinate>pixel</coordinate>
			<type>rectangle</type>
			<description>None</description>
			<possibleresult>
				<name>Van</name>
			</possibleresult>
			<points>
				<point>996.210999,294.963287</point>
				<point>972.999939,298.999969</point>
				<point>971.788879,292.036652</point>
				<point>994.999939,287.999969</point>
				<point>996.210999,294.963287</point>
			</points>
		</object>
		<object>
			<coordinate>pixel</coordinate>
			<type>rectangle</type>
			<description>None</description>
			<possibleresult>
				<name>Van</name>
			</possibleresult>
			<points>
				<point>996.000061,302.000000</point>
				<point>976.794617,305.032410</point>
				<point>976.000061,300.000000</point>
				<point>995.205505,296.967590</point>
				<point>996.000061,302.000000</point>
			</points>
		</object>
		<object>
			<coordinate>pixel</coordinate>
			<type>rectangle</type>
			<description>None</description>
			<possibleresult>
				<name>Van</name>
			</possibleresult>
			<points>
				<point>996.560303,309.850616</point>
				<point>981.000122,313.999969</point>
				<point>979.439941,308.149323</point>
				<point>995.000122,303.999969</point>
				<point>996.560303,309.850616</point>
			</points>
		</object>
		<object>
			<coordinate>pixel</coordinate>
			<type>rectangle</type>
			<description>None</description>
			<possibleresult>
				<name>Van</name>
			</possibleresult>
			<points>
				<point>996.774414,317.034637</point>
				<point>983.774414,319.034637</point>
				<point>982.999878,313.999969</point>
				<point>995.999878,311.999969</point>
				<point>996.774414,317.034637</point>
			</points>
		</object>
		<object>
			<coordinate>pixel</coordinate>
			<type>rectangle</type>
			<description>None</description>
			<possibleresult>
				<name>Van</name>
			</possibleresult>
			<points>
				<point>999.192322,322.961548</point>
				<point>984.000061,326.000000</point>
				<point>982.807800,320.038452</point>
				<point>998.000061,317.000000</point>
				<point>999.192322,322.961548</point>
			</points>
		</object>
		<object>
			<coordinate>pixel</coordinate>
			<type>rectangle</type>
			<description>None</description>
			<possibleresult>
				<name>Van</name>
			</possibleresult>
			<points>
				<point>1000.000000,331.400024</point>
				<point>987.000000,334.000000</point>
				<point>985.615356,327.076904</point>
				<point>1000.000000,324.200012</point>
				<point>1000.000000,331.400024</point>
			</points>
		</object>
		<object>
			<coordinate>pixel</coordinate>
			<type>rectangle</type>
			<description>None</description>
			<possibleresult>
				<name>Small Car</name>
			</possibleresult>
			<points>
				<point>52.199997,46.600006</point>
				<point>44.000000,63.000008</point>
				<point>34.800003,58.400009</point>
				<point>43.000000,42.000008</point>
				<point>52.199997,46.600006</point>
			</points>
		</object>
		<object>
			<coordinate>pixel</coordinate>
			<type>rectangle</type>
			<description>None</description>
			<possibleresult>
				<name>Van</name>
			</possibleresult>
			<points>
				<point>0.000000,481.349976</point>
				<point>0.000000,473.333313</point>
				<point>6.000000,459.999969</point>
				<point>14.981289,464.041534</point>
				<point>0.000000,481.349976</point>
			</points>
		</object>
		<object>
			<coordinate>pixel</coordinate>
			<type>rectangle</type>
			<description>None</description>
			<possibleresult>
				<name>Van</name>
			</possibleresult>
			<points>
				<point>60.999981,459.000031</point>
				<point>54.862049,474.344879</point>
				<point>46.931019,471.172455</point>
				<point>53.068951,455.827606</point>
				<point>60.999981,459.000031</point>
			</points>
		</object>
		<object>
			<coordinate>pixel</coordinate>
			<type>rectangle</type>
			<description>None</description>
			<possibleresult>
				<name>Van</name>
			</possibleresult>
			<points>
				<point>-0.000000,601.000000</point>
				<point>-0.000000,601.000000</point>
				<point>-0.000000,593.000000</point>
				<point>-0.000000,593.000000</point>
				<point>-0.000000,601.000000</point>
			</points>
		</object>
		<object>
			<coordinate>pixel</coordinate>
			<type>rectangle</type>
			<description>None</description>
			<possibleresult>
				<name>Van</name>
			</possibleresult>
			<points>
				<point>0.000000,117.444466</point>
				<point>0.000000,98.600006</point>
				<point>2.424522,94.235870</point>
				<point>11.424522,99.235870</point>
				<point>0.000000,117.444466</point>
			</points>
		</object>
		<object>
			<coordinate>pixel</coordinate>
			<type>rectangle</type>
			<description>None</description>
			<possibleresult>
				<name>Van</name>
			</possibleresult>
			<points>
				<point>9.999999,163.000000</point>
				<point>0.000000,163.625000</point>
				<point>0.000000,147.562500</point>
				<point>8.999999,147.000000</point>
				<point>9.999999,163.000000</point>
			</points>
		</object>
		<object>
			<coordinate>pixel</coordinate>
			<type>rectangle</type>
			<description>None</description>
			<possibleresult>
				<name>Van</name>
			</possibleresult>
			<points>
				<point>0.000000,264.333282</point>
				<point>0.000000,256.199951</point>
				<point>1.409844,254.508148</point>
				<point>13.409843,264.508148</point>
				<point>0.000000,264.333282</point>
			</points>
		</object>
		<object>
			<coordinate>pixel</coordinate>
			<type>rectangle</type>
			<description>None</description>
			<possibleresult>
				<name>Cargo Truck</name>
			</possibleresult>
			<points>
				<point>119.945557,257.955444</point>
				<point>115.000015,264.000000</point>
				<point>104.000015,255.000000</point>
				<point>108.945557,248.955444</point>
				<point>119.945557,257.955444</point>
			</points>
		</object>
		<object>
			<coordinate>pixel</coordinate>
			<type>rectangle</type>
			<description>None</description>
			<possibleresult>
				<name>Bus</name>
			</possibleresult>
			<points>
				<point>238.413803,428.034454</point>
				<point>204.413803,430.034454</point>
				<point>204.000015,422.999969</point>
				<point>238.000015,420.999969</point>
				<point>238.413803,428.034454</point>
			</points>
		</object>
		<object>
			<coordinate>pixel</coordinate>
			<type>rectangle</type>
			<description>None</description>
			<possibleresult>
				<name>Bus</name>
			</possibleresult>
			<points>
				<point>412.000000,378.000000</point>
				<point>366.000000,378.000000</point>
				<point>366.000000,369.000000</point>
				<point>412.000000,369.000000</point>
				<point>412.000000,378.000000</point>
			</points>
		</object>
		<object>
			<coordinate>pixel</coordinate>
			<type>rectangle</type>
			<description>None</description>
			<possibleresult>
				<name>Bus</name>
			</possibleresult>
			<points>
				<point>459.326477,431.400665</point>
				<point>450.000000,439.000031</point>
				<point>427.673523,411.599396</point>
				<point>437.000000,404.000031</point>
				<point>459.326477,431.400665</point>
			</points>
		</object>
		<object>
			<coordinate>pixel</coordinate>
			<type>rectangle</type>
			<description>None</description>
			<possibleresult>
				<name>Van</name>
			</possibleresult>
			<points>
				<point>677.166199,285.470734</point>
				<point>670.000061,287.999969</point>
				<point>664.000061,270.999969</point>
				<point>671.166199,268.470734</point>
				<point>677.166199,285.470734</point>
			</points>
		</object>
		<object>
			<coordinate>pixel</coordinate>
			<type>rectangle</type>
			<description>None</description>
			<possibleresult>
				<name>Van</name>
			</possibleresult>
			<points>
				<point>697.000061,280.000000</point>
				<point>691.000061,282.000000</point>
				<point>687.000061,270.000000</point>
				<point>693.000061,268.000000</point>
				<point>697.000061,280.000000</point>
			</points>
		</object>
		<object>
			<coordinate>pixel</coordinate>
			<type>rectangle</type>
			<description>None</description>
			<possibleresult>
				<name>Van</name>
			</possibleresult>
			<points>
				<point>665.084229,287.365143</point>
				<point>658.000000,288.999969</point>
				<point>654.915771,275.634796</point>
				<point>662.000000,273.999969</point>
				<point>665.084229,287.365143</point>
			</points>
		</object>
		<object>
			<coordinate>pixel</coordinate>
			<type>rectangle</type>
			<description>None</description>
			<possibleresult>
				<name>Van</name>
			</possibleresult>
			<points>
				<point>992.390076,286.908203</point>
				<point>974.999939,291.000000</point>
				<point>973.609802,285.091797</point>
				<point>990.999939,281.000000</point>
				<point>992.390076,286.908203</point>
			</points>
		</object>
		<object>
			<coordinate>pixel</coordinate>
			<type>rectangle</type>
			<description>None</description>
			<possibleresult>
				<name>Van</name>
			</possibleresult>
			<points>
				<point>968.384705,224.923065</point>
				<point>953.000061,228.000000</point>
				<point>951.615417,221.076935</point>
				<point>967.000061,218.000000</point>
				<point>968.384705,224.923065</point>
			</points>
		</object>
		<object>
			<coordinate>pixel</coordinate>
			<type>rectangle</type>
			<description>None</description>
			<possibleresult>
				<name>Van</name>
			</possibleresult>
			<points>
				<point>971.000000,234.000000</point>
				<point>953.000000,236.000000</point>
				<point>952.329224,229.963409</point>
				<point>970.329224,227.963409</point>
				<point>971.000000,234.000000</point>
			</points>
		</object>
		<object>
			<coordinate>pixel</coordinate>
			<type>rectangle</type>
			<description>None</description>
			<possibleresult>
				<name>Van</name>
			</possibleresult>
			<points>
				<point>974.000061,242.000015</point>
				<point>957.000061,245.000015</point>
				<point>955.943054,239.010086</point>
				<point>972.943054,236.010086</point>
				<point>974.000061,242.000015</point>
			</points>
		</object>
		<object>
			<coordinate>pixel</coordinate>
			<type>rectangle</type>
			<description>None</description>
			<possibleresult>
				<name>Van</name>
			</possibleresult>
			<points>
				<point>980.000000,249.999985</point>
				<point>962.000000,252.999985</point>
				<point>961.000000,246.999985</point>
				<point>979.000000,243.999985</point>
				<point>980.000000,249.999985</point>
			</points>
		</object>
		<object>
			<coordinate>pixel</coordinate>
			<type>rectangle</type>
			<description>None</description>
			<possibleresult>
				<name>Van</name>
			</possibleresult>
			<points>
				<point>980.999878,259.000031</point>
				<point>963.999878,261.000031</point>
				<point>963.290039,254.965912</point>
				<point>980.290039,252.965912</point>
				<point>980.999878,259.000031</point>
			</points>
		</object>
		<object>
			<coordinate>pixel</coordinate>
			<type>rectangle</type>
			<description>None</description>
			<possibleresult>
				<name>Van</name>
			</possibleresult>
			<points>
				<point>984.000000,266.000031</point>
				<point>968.038452,269.192352</point>
				<point>967.000000,264.000031</point>
				<point>982.961548,260.807709</point>
				<point>984.000000,266.000031</point>
			</points>
		</object>
		<object>
			<coordinate>pixel</coordinate>
			<type>rectangle</type>
			<description>None</description>
			<possibleresult>
				<name>Van</name>
			</possibleresult>
			<points>
				<point>996.210999,294.963287</point>
				<point>972.999939,298.999969</point>
				<point>971.788879,292.036652</point>
				<point>994.999939,287.999969</point>
				<point>996.210999,294.963287</point>
			</points>
		</object>
		<object>
			<coordinate>pixel</coordinate>
			<type>rectangle</type>
			<description>None</description>
			<possibleresult>
				<name>Van</name>
			</possibleresult>
			<points>
				<point>996.000061,302.000000</point>
				<point>976.794617,305.032410</point>
				<point>976.000061,300.000000</point>
				<point>995.205505,296.967590</point>
				<point>996.000061,302.000000</point>
			</points>
		</object>
		<object>
			<coordinate>pixel</coordinate>
			<type>rectangle</type>
			<description>None</description>
			<possibleresult>
				<name>Van</name>
			</possibleresult>
			<points>
				<point>996.560303,309.850616</point>
				<point>981.000122,313.999969</point>
				<point>979.439941,308.149323</point>
				<point>995.000122,303.999969</point>
				<point>996.560303,309.850616</point>
			</points>
		</object>
		<object>
			<coordinate>pixel</coordinate>
			<type>rectangle</type>
			<description>None</description>
			<possibleresult>
				<name>Van</name>
			</possibleresult>
			<points>
				<point>996.774414,317.034637</point>
				<point>983.774414,319.034637</point>
				<point>982.999878,313.999969</point>
				<point>995.999878,311.999969</point>
				<point>996.774414,317.034637</point>
			</points>
		</object>
		<object>
			<coordinate>pixel</coordinate>
			<type>rectangle</type>
			<description>None</description>
			<possibleresult>
				<name>Van</name>
			</possibleresult>
			<points>
				<point>999.192322,322.961548</point>
				<point>984.000061,326.000000</point>
				<point>982.807800,320.038452</point>
				<point>998.000061,317.000000</point>
				<point>999.192322,322.961548</point>
			</points>
		</object>
		<object>
			<coordinate>pixel</coordinate>
			<type>rectangle</type>
			<description>None</description>
			<possibleresult>
				<name>Van</name>
			</possibleresult>
			<points>
				<point>1000.000000,331.400024</point>
				<point>987.000000,334.000000</point>
				<point>985.615356,327.076904</point>
				<point>1000.000000,324.200012</point>
				<point>1000.000000,331.400024</point>
			</points>
		</object>
		<object>
			<coordinate>pixel</coordinate>
			<type>rectangle</type>
			<description>None</description>
			<possibleresult>
				<name>Small Car</name>
			</possibleresult>
			<points>
				<point>52.199997,46.600006</point>
				<point>44.000000,63.000008</point>
				<point>34.800003,58.400009</point>
				<point>43.000000,42.000008</point>
				<point>52.199997,46.600006</point>
			</points>
		</object>
		<object>
			<coordinate>pixel</coordinate>
			<type>rectangle</type>
			<description>None</description>
			<possibleresult>
				<name>Small Car</name>
			</possibleresult>
			<points>
				<point>435.999969,328.999969</point>
				<point>428.095490,331.324799</point>
				<point>422.999969,313.999969</point>
				<point>430.904449,311.675140</point>
				<point>435.999969,328.999969</point>
			</points>
		</object>
		<object>
			<coordinate>pixel</coordinate>
			<type>rectangle</type>
			<description>None</description>
			<possibleresult>
				<name>Small Car</name>
			</possibleresult>
			<points>
				<point>441.000061,231.000031</point>
				<point>433.033264,233.124512</point>
				<point>429.000061,218.000031</point>
				<point>436.966858,215.875549</point>
				<point>441.000061,231.000031</point>
			</points>
		</object>
		<object>
			<coordinate>pixel</coordinate>
			<type>rectangle</type>
			<description>None</description>
			<possibleresult>
				<name>Small Car</name>
			</possibleresult>
			<points>
				<point>461.033691,224.146057</point>
				<point>453.000000,226.000000</point>
				<point>449.966309,212.853943</point>
				<point>458.000000,211.000000</point>
				<point>461.033691,224.146057</point>
			</points>
		</object>
		<object>
			<coordinate>pixel</coordinate>
			<type>rectangle</type>
			<description>None</description>
			<possibleresult>
				<name>Small Car</name>
			</possibleresult>
			<points>
				<point>478.999969,220.999969</point>
				<point>474.033661,222.146027</point>
				<point>470.999969,208.999969</point>
				<point>475.966278,207.853912</point>
				<point>478.999969,220.999969</point>
			</points>
		</object>
		<object>
			<coordinate>pixel</coordinate>
			<type>rectangle</type>
			<description>None</description>
			<possibleresult>
				<name>Small Car</name>
			</possibleresult>
			<points>
				<point>489.000000,219.999969</point>
				<point>483.058533,221.273132</point>
				<point>480.000000,206.999969</point>
				<point>485.941467,205.726807</point>
				<point>489.000000,219.999969</point>
			</points>
		</object>
		<object>
			<coordinate>pixel</coordinate>
			<type>rectangle</type>
			<description>None</description>
			<possibleresult>
				<name>Small Car</name>
			</possibleresult>
			<points>
				<point>499.000000,218.000000</point>
				<point>494.014648,219.068298</point>
				<point>491.000000,205.000000</point>
				<point>495.985352,203.931702</point>
				<point>499.000000,218.000000</point>
			</points>
		</object>
		<object>
			<coordinate>pixel</coordinate>
			<type>rectangle</type>
			<description>None</description>
			<possibleresult>
				<name>Small Car</name>
			</possibleresult>
			<points>
				<point>514.000000,219.000031</point>
				<point>506.999969,221.000031</point>
				<point>502.396210,204.886810</point>
				<point>509.396210,202.886810</point>
				<point>514.000000,219.000031</point>
			</points>
		</object>
		<object>
			<coordinate>pixel</coordinate>
			<type>rectangle</type>
			<description>None</description>
			<possibleresult>
				<name>Small Car</name>
			</possibleresult>
			<points>
				<point>524.000000,215.999985</point>
				<point>516.339600,218.188675</point>
				<point>511.471680,201.150955</point>
				<point>519.132080,198.962265</point>
				<point>524.000000,215.999985</point>
			</points>
		</object>
		<object>
			<coordinate>pixel</coordinate>
			<type>rectangle</type>
			<description>None</description>
			<possibleresult>
				<name>Small Car</name>
			</possibleresult>
			<points>
				<point>533.115295,210.576965</point>
				<point>525.999939,212.000031</point>
				<point>522.884583,196.423096</point>
				<point>529.999939,195.000031</point>
				<point>533.115295,210.576965</point>
			</points>
		</object>
		<object>
			<coordinate>pixel</coordinate>
			<type>rectangle</type>
			<description>None</description>
			<possibleresult>
				<name>Van</name>
			</possibleresult>
			<points>
				<point>556.000000,209.000000</point>
				<point>547.231323,211.740204</point>
				<point>542.231323,195.740204</point>
				<point>551.000000,193.000000</point>
				<point>556.000000,209.000000</point>
			</points>
		</object>
		<object>
			<coordinate>pixel</coordinate>
			<type>rectangle</type>
			<description>None</description>
			<possibleresult>
				<name>Small Car</name>
			</possibleresult>
			<points>
				<point>617.000061,193.000000</point>
				<point>609.075500,195.264160</point>
				<point>605.075500,181.264160</point>
				<point>613.000061,179.000000</point>
				<point>617.000061,193.000000</point>
			</points>
		</object>
		<object>
			<coordinate>pixel</coordinate>
			<type>rectangle</type>
			<description>None</description>
			<possibleresult>
				<name>Small Car</name>
			</possibleresult>
			<points>
				<point>653.000061,184.000015</point>
				<point>645.000061,185.000015</point>
				<point>643.615417,173.923080</point>
				<point>651.615417,172.923080</point>
				<point>653.000061,184.000015</point>
			</points>
		</object>
		<object>
			<coordinate>pixel</coordinate>
			<type>rectangle</type>
			<description>None</description>
			<possibleresult>
				<name>Van</name>
			</possibleresult>
			<points>
				<point>654.117676,249.470642</point>
				<point>648.000000,251.000061</point>
				<point>644.000000,235.000061</point>
				<point>650.117676,233.470642</point>
				<point>654.117676,249.470642</point>
			</points>
		</object>
		<object>
			<coordinate>pixel</coordinate>
			<type>rectangle</type>
			<description>None</description>
			<possibleresult>
				<name>Small Car</name>
			</possibleresult>
			<points>
				<point>642.000061,249.000000</point>
				<point>636.823547,250.294128</point>
				<point>633.823547,238.294128</point>
				<point>639.000061,237.000000</point>
				<point>642.000061,249.000000</point>
			</points>
		</object>
		<object>
			<coordinate>pixel</coordinate>
			<type>rectangle</type>
			<description>None</description>
			<possibleresult>
				<name>Small Car</name>
			</possibleresult>
			<points>
				<point>633.000061,251.000015</point>
				<point>626.882385,252.529434</point>
				<point>623.882385,240.529434</point>
				<point>630.000061,239.000015</point>
				<point>633.000061,251.000015</point>
			</points>
		</object>
		<object>
			<coordinate>pixel</coordinate>
			<type>rectangle</type>
			<description>None</description>
			<possibleresult>
				<name>Small Car</name>
			</possibleresult>
			<points>
				<point>472.000031,266.000000</point>
				<point>465.158417,268.443420</point>
				<point>460.000031,254.000000</point>
				<point>466.841644,251.556580</point>
				<point>472.000031,266.000000</point>
			</points>
		</object>
		<object>
			<coordinate>pixel</coordinate>
			<type>rectangle</type>
			<description>None</description>
			<possibleresult>
				<name>Small Car</name>
			</possibleresult>
			<points>
				<point>482.000031,263.000000</point>
				<point>475.100006,265.299988</point>
				<point>471.000031,253.000000</point>
				<point>477.900055,250.700012</point>
				<point>482.000031,263.000000</point>
			</points>
		</object>
		<object>
			<coordinate>pixel</coordinate>
			<type>rectangle</type>
			<description>None</description>
			<possibleresult>
				<name>Small Car</name>
			</possibleresult>
			<points>
				<point>493.200012,261.600037</point>
				<point>486.000000,264.000031</point>
				<point>480.799988,248.400009</point>
				<point>488.000000,246.000000</point>
				<point>493.200012,261.600037</point>
			</points>
		</object>
		<object>
			<coordinate>pixel</coordinate>
			<type>rectangle</type>
			<description>None</description>
			<possibleresult>
				<name>Small Car</name>
			</possibleresult>
			<points>
				<point>512.000000,258.999969</point>
				<point>505.099976,261.299957</point>
				<point>500.000000,245.999969</point>
				<point>506.900024,243.699982</point>
				<point>512.000000,258.999969</point>
			</points>
		</object>
		<object>
			<coordinate>pixel</coordinate>
			<type>rectangle</type>
			<description>None</description>
			<possibleresult>
				<name>Small Car</name>
			</possibleresult>
			<points>
				<point>523.000000,255.000015</point>
				<point>515.271484,257.760193</point>
				<point>510.000000,243.000015</point>
				<point>517.728516,240.239838</point>
				<point>523.000000,255.000015</point>
			</points>
		</object>
		<object>
			<coordinate>pixel</coordinate>
			<type>rectangle</type>
			<description>None</description>
			<possibleresult>
				<name>Small Car</name>
			</possibleresult>
			<points>
				<point>535.000000,255.000031</point>
				<point>528.053345,257.170868</point>
				<point>523.000000,241.000031</point>
				<point>529.946655,238.829193</point>
				<point>535.000000,255.000031</point>
			</points>
		</object>
		<object>
			<coordinate>pixel</coordinate>
			<type>rectangle</type>
			<description>None</description>
			<possibleresult>
				<name>Small Car</name>
			</possibleresult>
			<points>
				<point>544.000061,251.000015</point>
				<point>538.000061,253.000015</point>
				<point>534.000061,241.000015</point>
				<point>540.000061,239.000015</point>
				<point>544.000061,251.000015</point>
			</points>
		</object>
		<object>
			<coordinate>pixel</coordinate>
			<type>rectangle</type>
			<description>None</description>
			<possibleresult>
				<name>Small Car</name>
			</possibleresult>
			<points>
				<point>555.000000,250.000000</point>
				<point>548.158325,252.443451</point>
				<point>543.000000,238.000000</point>
				<point>549.841675,235.556549</point>
				<point>555.000000,250.000000</point>
			</points>
		</object>
		<object>
			<coordinate>pixel</coordinate>
			<type>rectangle</type>
			<description>None</description>
			<possibleresult>
				<name>Small Car</name>
			</possibleresult>
			<points>
				<point>565.000061,247.000031</point>
				<point>557.129822,249.421661</point>
				<point>553.000061,236.000031</point>
				<point>560.870300,233.578400</point>
				<point>565.000061,247.000031</point>
			</points>
		</object>
		<object>
			<coordinate>pixel</coordinate>
			<type>rectangle</type>
			<description>None</description>
			<possibleresult>
				<name>Small Car</name>
			</possibleresult>
			<points>
				<point>574.000061,245.000000</point>
				<point>567.043274,247.140533</point>
				<point>563.000061,234.000000</point>
				<point>569.956848,231.859467</point>
				<point>574.000061,245.000000</point>
			</points>
		</object>
		<object>
			<coordinate>pixel</coordinate>
			<type>rectangle</type>
			<description>None</description>
			<possibleresult>
				<name>Small Car</name>
			</possibleresult>
			<points>
				<point>586.000061,241.999985</point>
				<point>577.811340,244.339615</point>
				<point>573.811340,230.339615</point>
				<point>582.000061,227.999985</point>
				<point>586.000061,241.999985</point>
			</points>
		</object>
		<object>
			<coordinate>pixel</coordinate>
			<type>rectangle</type>
			<description>None</description>
			<possibleresult>
				<name>Small Car</name>
			</possibleresult>
			<points>
				<point>594.400024,241.200012</point>
				<point>588.400024,243.200012</point>
				<point>584.000000,230.000000</point>
				<point>590.000000,228.000000</point>
				<point>594.400024,241.200012</point>
			</points>
		</object>
		<object>
			<coordinate>pixel</coordinate>
			<type>rectangle</type>
			<description>None</description>
			<possibleresult>
				<name>Small Car</name>
			</possibleresult>
			<points>
				<point>606.000000,239.000015</point>
				<point>599.043213,241.140549</point>
				<point>595.000000,228.000015</point>
				<point>601.956787,225.859482</point>
				<point>606.000000,239.000015</point>
			</points>
		</object>
		<object>
			<coordinate>pixel</coordinate>
			<type>rectangle</type>
			<description>None</description>
			<possibleresult>
				<name>Small Car</name>
			</possibleresult>
			<points>
				<point>619.043213,234.140549</point>
				<point>612.086426,236.281082</point>
				<point>607.999878,222.999985</point>
				<point>614.956665,220.859451</point>
				<point>619.043213,234.140549</point>
			</points>
		</object>
		<object>
			<coordinate>pixel</coordinate>
			<type>rectangle</type>
			<description>None</description>
			<possibleresult>
				<name>Small Car</name>
			</possibleresult>
			<points>
				<point>687.999939,282.999969</point>
				<point>680.999939,284.999969</point>
				<point>676.999939,270.999969</point>
				<point>683.999939,268.999969</point>
				<point>687.999939,282.999969</point>
			</points>
		</object>
		<object>
			<coordinate>pixel</coordinate>
			<type>rectangle</type>
			<description>None</description>
			<possibleresult>
				<name>Small Car</name>
			</possibleresult>
			<points>
				<point>654.117737,290.470551</point>
				<point>648.000061,291.999969</point>
				<point>643.882385,275.529388</point>
				<point>650.000061,273.999969</point>
				<point>654.117737,290.470551</point>
			</points>
		</object>
		<object>
			<coordinate>pixel</coordinate>
			<type>rectangle</type>
			<description>None</description>
			<possibleresult>
				<name>Small Car</name>
			</possibleresult>
			<points>
				<point>645.000061,291.000031</point>
				<point>638.000061,293.000031</point>
				<point>633.396301,276.886810</point>
				<point>640.396301,274.886810</point>
				<point>645.000061,291.000031</point>
			</points>
		</object>
		<object>
			<coordinate>pixel</coordinate>
			<type>rectangle</type>
			<description>None</description>
			<possibleresult>
				<name>Small Car</name>
			</possibleresult>
			<points>
				<point>171.000000,218.000000</point>
				<point>168.132080,228.037750</point>
				<point>147.000000,222.000000</point>
				<point>149.867920,211.962250</point>
				<point>171.000000,218.000000</point>
			</points>
		</object>
		<object>
			<coordinate>pixel</coordinate>
			<type>rectangle</type>
			<description>None</description>
			<possibleresult>
				<name>Van</name>
			</possibleresult>
			<points>
				<point>480.000000,24.000000</point>
				<point>470.000000,24.000000</point>
				<point>470.000000,10.000000</point>
				<point>480.000000,10.000000</point>
				<point>480.000000,24.000000</point>
			</points>
		</object>
		<object>
			<coordinate>pixel</coordinate>
			<type>rectangle</type>
			<description>None</description>
			<possibleresult>
				<name>Van</name>
			</possibleresult>
			<points>
				<point>482.000000,77.000023</point>
				<point>466.626587,81.099602</point>
				<point>465.000061,75.000023</point>
				<point>480.373474,70.900444</point>
				<point>482.000000,77.000023</point>
			</points>
		</object>
		<object>
			<coordinate>pixel</coordinate>
			<type>rectangle</type>
			<description>None</description>
			<possibleresult>
				<name>Small Car</name>
			</possibleresult>
			<points>
				<point>926.999939,239.999985</point>
				<point>912.719910,242.039993</point>
				<point>911.999939,236.999985</point>
				<point>926.279968,234.959976</point>
				<point>926.999939,239.999985</point>
			</points>
		</object>
		<object>
			<coordinate>pixel</coordinate>
			<type>rectangle</type>
			<description>None</description>
			<possibleresult>
				<name>Cargo Truck</name>
			</possibleresult>
			<points>
				<point>939.480835,247.108170</point>
				<point>915.480835,252.108170</point>
				<point>914.000000,245.000015</point>
				<point>938.000000,240.000015</point>
				<point>939.480835,247.108170</point>
			</points>
		</object>
		<object>
			<coordinate>pixel</coordinate>
			<type>rectangle</type>
			<description>None</description>
			<possibleresult>
				<name>Small Car</name>
			</possibleresult>
			<points>
				<point>762.017090,114.046341</point>
				<point>754.000000,117.000000</point>
				<point>746.982910,97.953659</point>
				<point>755.000000,95.000000</point>
				<point>762.017090,114.046341</point>
			</points>
		</object>
		<object>
			<coordinate>pixel</coordinate>
			<type>rectangle</type>
			<description>None</description>
			<possibleresult>
				<name>Small Car</name>
			</possibleresult>
			<points>
				<point>921.576904,593.115356</point>
				<point>920.000000,601.000000</point>
				<point>904.423096,597.884644</point>
				<point>906.000000,590.000000</point>
				<point>921.576904,593.115356</point>
			</points>
		</object>
		<object>
			<coordinate>pixel</coordinate>
			<type>rectangle</type>
			<description>None</description>
			<possibleresult>
				<name>Small Car</name>
			</possibleresult>
			<points>
				<point>733.660461,555.188660</point>
				<point>732.000061,560.999939</point>
				<point>717.339661,556.811218</point>
				<point>719.000061,550.999939</point>
				<point>733.660461,555.188660</point>
			</points>
		</object>
		<object>
			<coordinate>pixel</coordinate>
			<type>rectangle</type>
			<description>None</description>
			<possibleresult>
				<name>Van</name>
			</possibleresult>
			<points>
				<point>600.000061,525.000061</point>
				<point>598.235413,532.058899</point>
				<point>582.000061,528.000061</point>
				<point>583.764709,520.941223</point>
				<point>600.000061,525.000061</point>
			</points>
		</object>
		<object>
			<coordinate>pixel</coordinate>
			<type>rectangle</type>
			<description>None</description>
			<possibleresult>
				<name>Small Car</name>
			</possibleresult>
			<points>
				<point>933.137268,657.776855</point>
				<point>924.999939,671.000000</point>
				<point>918.862610,667.223145</point>
				<point>926.999939,654.000000</point>
				<point>933.137268,657.776855</point>
			</points>
		</object>
		<object>
			<coordinate>pixel</coordinate>
			<type>rectangle</type>
			<description>None</description>
			<possibleresult>
				<name>Small Car</name>
			</possibleresult>
			<points>
				<point>926.000061,651.000061</point>
				<point>916.000061,667.000061</point>
				<point>908.000061,662.000061</point>
				<point>918.000061,646.000061</point>
				<point>926.000061,651.000061</point>
			</points>
		</object>
		<object>
			<coordinate>pixel</coordinate>
			<type>rectangle</type>
			<description>None</description>
			<possibleresult>
				<name>Van</name>
			</possibleresult>
			<points>
				<point>822.646240,627.369263</point>
				<point>816.000122,639.000000</point>
				<point>809.000122,635.000000</point>
				<point>815.646240,623.369263</point>
				<point>822.646240,627.369263</point>
			</points>
		</object>
		<object>
			<coordinate>pixel</coordinate>
			<type>rectangle</type>
			<description>None</description>
			<possibleresult>
				<name>Small Car</name>
			</possibleresult>
			<points>
				<point>815.103210,653.731995</point>
				<point>810.000061,667.000061</point>
				<point>802.896912,664.268127</point>
				<point>808.000061,651.000061</point>
				<point>815.103210,653.731995</point>
			</points>
		</object>
		<object>
			<coordinate>pixel</coordinate>
			<type>rectangle</type>
			<description>None</description>
			<possibleresult>
				<name>Small Car</name>
			</possibleresult>
			<points>
				<point>770.000061,702.000122</point>
				<point>764.249207,708.230103</point>
				<point>751.249207,696.230103</point>
				<point>757.000061,690.000122</point>
				<point>770.000061,702.000122</point>
			</points>
		</object>
		<object>
			<coordinate>pixel</coordinate>
			<type>rectangle</type>
			<description>None</description>
			<possibleresult>
				<name>Van</name>
			</possibleresult>
			<points>
				<point>753.000000,675.000000</point>
				<point>748.701416,679.728516</point>
				<point>737.701416,669.728516</point>
				<point>742.000000,665.000000</point>
				<point>753.000000,675.000000</point>
			</points>
		</object>
		<object>
			<coordinate>pixel</coordinate>
			<type>rectangle</type>
			<description>None</description>
			<possibleresult>
				<name>Small Car</name>
			</possibleresult>
			<points>
				<point>753.000000,687.999939</point>
				<point>748.372437,693.468933</point>
				<point>735.372437,682.468933</point>
				<point>740.000000,676.999939</point>
				<point>753.000000,687.999939</point>
			</points>
		</object>
		<object>
			<coordinate>pixel</coordinate>
			<type>rectangle</type>
			<description>None</description>
			<possibleresult>
				<name>Van</name>
			</possibleresult>
			<points>
				<point>755.569214,719.246033</point>
				<point>749.000000,722.999939</point>
				<point>741.000000,708.999939</point>
				<point>747.569214,705.246033</point>
				<point>755.569214,719.246033</point>
			</points>
		</object>
		<object>
			<coordinate>pixel</coordinate>
			<type>rectangle</type>
			<description>None</description>
			<possibleresult>
				<name>Small Car</name>
			</possibleresult>
			<points>
				<point>988.000122,747.000061</point>
				<point>983.104126,754.072083</point>
				<point>969.896118,744.928040</point>
				<point>974.792114,737.856018</point>
				<point>988.000122,747.000061</point>
			</points>
		</object>
		<object>
			<coordinate>pixel</coordinate>
			<type>rectangle</type>
			<description>None</description>
			<possibleresult>
				<name>Van</name>
			</possibleresult>
			<points>
				<point>974.482788,748.793091</point>
				<point>972.000000,755.000000</point>
				<point>952.000000,747.000000</point>
				<point>954.482788,740.793091</point>
				<point>974.482788,748.793091</point>
			</points>
		</object>
		<object>
			<coordinate>pixel</coordinate>
			<type>rectangle</type>
			<description>None</description>
			<possibleresult>
				<name>Small Car</name>
			</possibleresult>
			<points>
				<point>1000.000000,789.999939</point>
				<point>992.095581,792.324768</point>
				<point>987.000000,774.999939</point>
				<point>994.904419,772.675110</point>
				<point>1000.000000,789.999939</point>
			</points>
		</object>
		<object>
			<coordinate>pixel</coordinate>
			<type>rectangle</type>
			<description>None</description>
			<possibleresult>
				<name>Small Car</name>
			</possibleresult>
			<points>
				<point>922.000000,782.000000</point>
				<point>914.057251,784.206299</point>
				<point>909.000000,766.000000</point>
				<point>916.942749,763.793701</point>
				<point>922.000000,782.000000</point>
			</points>
		</object>
		<object>
			<coordinate>pixel</coordinate>
			<type>rectangle</type>
			<description>None</description>
			<possibleresult>
				<name>Van</name>
			</possibleresult>
			<points>
				<point>901.500122,798.500122</point>
				<point>896.500122,803.500122</point>
				<point>883.000122,790.000122</point>
				<point>888.000122,785.000122</point>
				<point>901.500122,798.500122</point>
			</points>
		</object>
		<object>
			<coordinate>pixel</coordinate>
			<type>rectangle</type>
			<description>None</description>
			<possibleresult>
				<name>Van</name>
			</possibleresult>
			<points>
				<point>893.455200,803.537964</point>
				<point>887.000000,809.000000</point>
				<point>876.000000,796.000000</point>
				<point>882.455200,790.537964</point>
				<point>893.455200,803.537964</point>
			</points>
		</object>
		<object>
			<coordinate>pixel</coordinate>
			<type>rectangle</type>
			<description>None</description>
			<possibleresult>
				<name>Small Car</name>
			</possibleresult>
			<points>
				<point>936.000000,828.000000</point>
				<point>931.319946,834.239990</point>
				<point>919.000000,825.000000</point>
				<point>923.680054,818.760010</point>
				<point>936.000000,828.000000</point>
			</points>
		</object>
		<object>
			<coordinate>pixel</coordinate>
			<type>rectangle</type>
			<description>None</description>
			<possibleresult>
				<name>Small Car</name>
			</possibleresult>
			<points>
				<point>957.999878,854.999939</point>
				<point>953.999878,860.999939</point>
				<point>938.999878,850.999939</point>
				<point>942.999878,844.999939</point>
				<point>957.999878,854.999939</point>
			</points>
		</object>
		<object>
			<coordinate>pixel</coordinate>
			<type>rectangle</type>
			<description>None</description>
			<possibleresult>
				<name>Small Car</name>
			</possibleresult>
			<points>
				<point>941.114258,856.901062</point>
				<point>926.000000,870.000061</point>
				<point>920.885742,864.099060</point>
				<point>936.000000,851.000061</point>
				<point>941.114258,856.901062</point>
			</points>
		</object>
		<object>
			<coordinate>pixel</coordinate>
			<type>rectangle</type>
			<description>None</description>
			<possibleresult>
				<name>Small Car</name>
			</possibleresult>
			<points>
				<point>922.084839,850.941650</point>
				<point>906.000000,862.000000</point>
				<point>901.915161,856.058350</point>
				<point>918.000000,845.000000</point>
				<point>922.084839,850.941650</point>
			</points>
		</object>
		<object>
			<coordinate>pixel</coordinate>
			<type>rectangle</type>
			<description>None</description>
			<possibleresult>
				<name>Small Car</name>
			</possibleresult>
			<points>
				<point>916.086731,842.936340</point>
				<point>901.000061,853.999939</point>
				<point>895.913391,847.063538</point>
				<point>911.000061,835.999939</point>
				<point>916.086731,842.936340</point>
			</points>
		</object>
		<object>
			<coordinate>pixel</coordinate>
			<type>rectangle</type>
			<description>None</description>
			<possibleresult>
				<name>Small Car</name>
			</possibleresult>
			<points>
				<point>917.248901,889.773743</point>
				<point>906.000000,899.999939</point>
				<point>900.751099,894.226135</point>
				<point>912.000000,883.999939</point>
				<point>917.248901,889.773743</point>
			</points>
		</object>
		<object>
			<coordinate>pixel</coordinate>
			<type>rectangle</type>
			<description>None</description>
			<possibleresult>
				<name>Small Car</name>
			</possibleresult>
			<points>
				<point>996.084778,945.058289</point>
				<point>991.999939,950.999939</point>
				<point>975.915100,939.941589</point>
				<point>979.999939,933.999939</point>
				<point>996.084778,945.058289</point>
			</points>
		</object>
		<object>
			<coordinate>pixel</coordinate>
			<type>rectangle</type>
			<description>None</description>
			<possibleresult>
				<name>Small Car</name>
			</possibleresult>
			<points>
				<point>892.000000,933.000000</point>
				<point>880.936401,948.086670</point>
				<point>874.000000,943.000000</point>
				<point>885.063599,927.913330</point>
				<point>892.000000,933.000000</point>
			</points>
		</object>
		<object>
			<coordinate>pixel</coordinate>
			<type>rectangle</type>
			<description>None</description>
			<possibleresult>
				<name>Small Car</name>
			</possibleresult>
			<points>
				<point>864.000000,941.000000</point>
				<point>860.096680,946.074341</point>
				<point>847.000000,936.000000</point>
				<point>850.903320,930.925659</point>
				<point>864.000000,941.000000</point>
			</points>
		</object>
		<object>
			<coordinate>pixel</coordinate>
			<type>rectangle</type>
			<description>None</description>
			<possibleresult>
				<name>Small Car</name>
			</possibleresult>
			<points>
				<point>840.500000,909.500000</point>
				<point>830.500000,919.500000</point>
				<point>825.000000,914.000000</point>
				<point>835.000000,904.000000</point>
				<point>840.500000,909.500000</point>
			</points>
		</object>
		<object>
			<coordinate>pixel</coordinate>
			<type>rectangle</type>
			<description>None</description>
			<possibleresult>
				<name>Small Car</name>
			</possibleresult>
			<points>
				<point>774.000061,986.000000</point>
				<point>768.173035,990.237793</point>
				<point>760.000061,979.000000</point>
				<point>765.827087,974.762207</point>
				<point>774.000061,986.000000</point>
			</points>
		</object>
		<object>
			<coordinate>pixel</coordinate>
			<type>rectangle</type>
			<description>None</description>
			<possibleresult>
				<name>Small Car</name>
			</possibleresult>
			<points>
				<point>518.999939,866.000000</point>
				<point>510.026184,868.111450</point>
				<point>506.026184,851.111450</point>
				<point>514.999939,849.000000</point>
				<point>518.999939,866.000000</point>
			</points>
		</object>
		<object>
			<coordinate>pixel</coordinate>
			<type>rectangle</type>
			<description>None</description>
			<possibleresult>
				<name>Van</name>
			</possibleresult>
			<points>
				<point>528.033203,858.124634</point>
				<point>521.000000,860.000122</point>
				<point>516.966797,844.875610</point>
				<point>524.000000,843.000122</point>
				<point>528.033203,858.124634</point>
			</points>
		</object>
		<object>
			<coordinate>pixel</coordinate>
			<type>rectangle</type>
			<description>None</description>
			<possibleresult>
				<name>Small Car</name>
			</possibleresult>
			<points>
				<point>467.439728,961.035095</point>
				<point>451.439728,962.035095</point>
				<point>451.000031,955.000061</point>
				<point>467.000031,954.000061</point>
				<point>467.439728,961.035095</point>
			</points>
		</object>
		<object>
			<coordinate>pixel</coordinate>
			<type>rectangle</type>
			<description>None</description>
			<possibleresult>
				<name>Small Car</name>
			</possibleresult>
			<points>
				<point>533.000000,985.999939</point>
				<point>515.000000,991.999939</point>
				<point>513.000000,985.999939</point>
				<point>531.000000,979.999939</point>
				<point>533.000000,985.999939</point>
			</points>
		</object>
		<object>
			<coordinate>pixel</coordinate>
			<type>rectangle</type>
			<description>None</description>
			<possibleresult>
				<name>Van</name>
			</possibleresult>
			<points>
				<point>636.000427,1000.000000</point>
				<point>636.000427,997.000000</point>
				<point>652.562561,997.000000</point>
				<point>652.562561,1000.000000</point>
				<point>636.000427,1000.000000</point>
			</points>
		</object>
		<object>
			<coordinate>pixel</coordinate>
			<type>rectangle</type>
			<description>None</description>
			<possibleresult>
				<name>Small Car</name>
			</possibleresult>
			<points>
				<point>638.000000,768.999939</point>
				<point>622.000000,779.999939</point>
				<point>617.448242,773.379211</point>
				<point>633.448242,762.379211</point>
				<point>638.000000,768.999939</point>
			</points>
		</object>
		<object>
			<coordinate>pixel</coordinate>
			<type>rectangle</type>
			<description>None</description>
			<possibleresult>
				<name>Dump Truck</name>
			</possibleresult>
			<points>
				<point>637.711243,796.649475</point>
				<point>629.999939,802.999939</point>
				<point>615.999939,785.999939</point>
				<point>623.711243,779.649475</point>
				<point>637.711243,796.649475</point>
			</points>
		</object>
		<object>
			<coordinate>pixel</coordinate>
			<type>rectangle</type>
			<description>None</description>
			<possibleresult>
				<name>Small Car</name>
			</possibleresult>
			<points>
				<point>572.000000,743.000000</point>
				<point>568.536133,750.793823</point>
				<point>550.536133,742.793823</point>
				<point>554.000000,735.000000</point>
				<point>572.000000,743.000000</point>
			</points>
		</object>
		<object>
			<coordinate>pixel</coordinate>
			<type>rectangle</type>
			<description>None</description>
			<possibleresult>
				<name>Small Car</name>
			</possibleresult>
			<points>
				<point>69.324821,969.095520</point>
				<point>66.999977,976.999939</point>
				<point>49.675140,971.904358</point>
				<point>51.999985,963.999939</point>
				<point>69.324821,969.095520</point>
			</points>
		</object>
		<object>
			<coordinate>pixel</coordinate>
			<type>rectangle</type>
			<description>None</description>
			<possibleresult>
				<name>Small Car</name>
			</possibleresult>
			<points>
				<point>220.000061,989.000000</point>
				<point>217.287354,996.750610</point>
				<point>197.287354,989.750610</point>
				<point>200.000061,982.000000</point>
				<point>220.000061,989.000000</point>
			</points>
		</object>
		<object>
			<coordinate>pixel</coordinate>
			<type>rectangle</type>
			<description>None</description>
			<possibleresult>
				<name>Small Car</name>
			</possibleresult>
			<points>
				<point>233.000031,973.000000</point>
				<point>230.241302,980.093872</point>
				<point>212.000031,973.000000</point>
				<point>214.758759,965.906128</point>
				<point>233.000031,973.000000</point>
			</points>
		</object>
		<object>
			<coordinate>pixel</coordinate>
			<type>rectangle</type>
			<description>None</description>
			<possibleresult>
				<name>Small Car</name>
			</possibleresult>
			<points>
				<point>204.999969,961.000000</point>
				<point>202.100555,968.041382</point>
				<point>184.999969,961.000000</point>
				<point>187.899384,953.958618</point>
				<point>204.999969,961.000000</point>
			</points>
		</object>
		<object>
			<coordinate>pixel</coordinate>
			<type>rectangle</type>
			<description>None</description>
			<possibleresult>
				<name>Small Car</name>
			</possibleresult>
			<points>
				<point>285.110718,952.792358</point>
				<point>277.110718,967.792358</point>
				<point>270.000000,964.000000</point>
				<point>278.000000,949.000000</point>
				<point>285.110718,952.792358</point>
			</points>
		</object>
		<object>
			<coordinate>pixel</coordinate>
			<type>rectangle</type>
			<description>None</description>
			<possibleresult>
				<name>Small Car</name>
			</possibleresult>
			<points>
				<point>365.271729,980.750977</point>
				<point>353.271729,991.750977</point>
				<point>348.000000,986.000000</point>
				<point>360.000000,975.000000</point>
				<point>365.271729,980.750977</point>
			</points>
		</object>
		<object>
			<coordinate>pixel</coordinate>
			<type>rectangle</type>
			<description>None</description>
			<possibleresult>
				<name>Van</name>
			</possibleresult>
			<points>
				<point>489.430756,847.246216</point>
				<point>484.999969,855.000000</point>
				<point>469.815338,846.323120</point>
				<point>474.246124,838.569336</point>
				<point>489.430756,847.246216</point>
			</points>
		</object>
		<object>
			<coordinate>pixel</coordinate>
			<type>rectangle</type>
			<description>None</description>
			<possibleresult>
				<name>Small Car</name>
			</possibleresult>
			<points>
				<point>493.000000,798.999939</point>
				<point>481.962097,812.044739</point>
				<point>476.000000,806.999939</point>
				<point>487.037903,793.955139</point>
				<point>493.000000,798.999939</point>
			</points>
		</object>
		<object>
			<coordinate>pixel</coordinate>
			<type>rectangle</type>
			<description>None</description>
			<possibleresult>
				<name>Van</name>
			</possibleresult>
			<points>
				<point>417.435791,777.027283</point>
				<point>417.000000,784.000061</point>
				<point>400.564209,782.972839</point>
				<point>401.000000,776.000061</point>
				<point>417.435791,777.027283</point>
			</points>
		</object>
		<object>
			<coordinate>pixel</coordinate>
			<type>rectangle</type>
			<description>None</description>
			<possibleresult>
				<name>Small Car</name>
			</possibleresult>
			<points>
				<point>350.000000,819.999939</point>
				<point>343.000000,832.999939</point>
				<point>335.903687,829.178894</point>
				<point>342.903687,816.178894</point>
				<point>350.000000,819.999939</point>
			</points>
		</object>
		<object>
			<coordinate>pixel</coordinate>
			<type>rectangle</type>
			<description>None</description>
			<possibleresult>
				<name>Van</name>
			</possibleresult>
			<points>
				<point>460.027649,759.475098</point>
				<point>459.027649,778.475098</point>
				<point>450.000000,778.000000</point>
				<point>451.000000,759.000000</point>
				<point>460.027649,759.475098</point>
			</points>
		</object>
		<object>
			<coordinate>pixel</coordinate>
			<type>rectangle</type>
			<description>None</description>
			<possibleresult>
				<name>Small Car</name>
			</possibleresult>
			<points>
				<point>537.000061,752.000061</point>
				<point>532.941223,768.235413</point>
				<point>524.000061,766.000061</point>
				<point>528.058899,749.764709</point>
				<point>537.000061,752.000061</point>
			</points>
		</object>
		<object>
			<coordinate>pixel</coordinate>
			<type>rectangle</type>
			<description>None</description>
			<possibleresult>
				<name>Small Car</name>
			</possibleresult>
			<points>
				<point>622.064209,674.880737</point>
				<point>615.000000,688.000000</point>
				<point>605.935791,683.119263</point>
				<point>613.000000,670.000000</point>
				<point>622.064209,674.880737</point>
			</points>
		</object>
		<object>
			<coordinate>pixel</coordinate>
			<type>rectangle</type>
			<description>None</description>
			<possibleresult>
				<name>Van</name>
			</possibleresult>
			<points>
				<point>701.000000,578.000000</point>
				<point>693.000000,591.000000</point>
				<point>687.308960,587.497803</point>
				<point>695.308960,574.497803</point>
				<point>701.000000,578.000000</point>
			</points>
		</object>
		<object>
			<coordinate>pixel</coordinate>
			<type>rectangle</type>
			<description>None</description>
			<possibleresult>
				<name>Small Car</name>
			</possibleresult>
			<points>
				<point>667.188660,612.339539</point>
				<point>662.999939,626.999939</point>
				<point>654.811218,624.660339</point>
				<point>658.999939,609.999939</point>
				<point>667.188660,612.339539</point>
			</points>
		</object>
		<object>
			<coordinate>pixel</coordinate>
			<type>rectangle</type>
			<description>None</description>
			<possibleresult>
				<name>Small Car</name>
			</possibleresult>
			<points>
				<point>407.800018,555.400085</point>
				<point>400.800018,569.400085</point>
				<point>394.000031,566.000061</point>
				<point>401.000031,552.000061</point>
				<point>407.800018,555.400085</point>
			</points>
		</object>
		<object>
			<coordinate>pixel</coordinate>
			<type>rectangle</type>
			<description>None</description>
			<possibleresult>
				<name>Small Car</name>
			</possibleresult>
			<points>
				<point>306.941162,699.235352</point>
				<point>302.941162,715.235352</point>
				<point>294.000000,713.000000</point>
				<point>298.000000,697.000000</point>
				<point>306.941162,699.235352</point>
			</points>
		</object>
		<object>
			<coordinate>pixel</coordinate>
			<type>rectangle</type>
			<description>None</description>
			<possibleresult>
				<name>Van</name>
			</possibleresult>
			<points>
				<point>282.999969,759.000000</point>
				<point>276.844818,773.362061</point>
				<point>268.999969,770.000000</point>
				<point>275.155121,755.637939</point>
				<point>282.999969,759.000000</point>
			</points>
		</object>
		<object>
			<coordinate>pixel</coordinate>
			<type>rectangle</type>
			<description>None</description>
			<possibleresult>
				<name>Van</name>
			</possibleresult>
			<points>
				<point>223.200073,819.600098</point>
				<point>220.200073,825.600098</point>
				<point>207.000061,819.000122</point>
				<point>210.000061,813.000122</point>
				<point>223.200073,819.600098</point>
			</points>
		</object>
		<object>
			<coordinate>pixel</coordinate>
			<type>rectangle</type>
			<description>None</description>
			<possibleresult>
				<name>Van</name>
			</possibleresult>
			<points>
				<point>187.000031,805.000000</point>
				<point>184.623779,811.237671</point>
				<point>163.623779,803.237671</point>
				<point>166.000031,797.000000</point>
				<point>187.000031,805.000000</point>
			</points>
		</object>
		<object>
			<coordinate>pixel</coordinate>
			<type>rectangle</type>
			<description>None</description>
			<possibleresult>
				<name>Van</name>
			</possibleresult>
			<points>
				<point>173.000000,791.000000</point>
				<point>170.100586,798.041382</point>
				<point>153.000000,791.000000</point>
				<point>155.899414,783.958618</point>
				<point>173.000000,791.000000</point>
			</points>
		</object>
		<object>
			<coordinate>pixel</coordinate>
			<type>rectangle</type>
			<description>None</description>
			<possibleresult>
				<name>Van</name>
			</possibleresult>
			<points>
				<point>138.000015,901.000000</point>
				<point>134.600021,907.800049</point>
				<point>118.600021,899.800049</point>
				<point>122.000015,893.000000</point>
				<point>138.000015,901.000000</point>
			</points>
		</object>
		<object>
			<coordinate>pixel</coordinate>
			<type>rectangle</type>
			<description>None</description>
			<possibleresult>
				<name>Van</name>
			</possibleresult>
			<points>
				<point>156.517242,868.793152</point>
				<point>153.000000,877.000061</point>
				<point>132.000000,868.000061</point>
				<point>135.517242,859.793152</point>
				<point>156.517242,868.793152</point>
			</points>
		</object>
		<object>
			<coordinate>pixel</coordinate>
			<type>rectangle</type>
			<description>None</description>
			<possibleresult>
				<name>Small Car</name>
			</possibleresult>
			<points>
				<point>104.999985,827.000000</point>
				<point>103.090118,835.021484</point>
				<point>81.999985,830.000000</point>
				<point>83.909851,821.978516</point>
				<point>104.999985,827.000000</point>
			</points>
		</object>
		<object>
			<coordinate>pixel</coordinate>
			<type>rectangle</type>
			<description>None</description>
			<possibleresult>
				<name>Small Car</name>
			</possibleresult>
			<points>
				<point>87.999969,798.000000</point>
				<point>78.839737,814.284912</point>
				<point>72.999969,811.000000</point>
				<point>82.160202,794.715088</point>
				<point>87.999969,798.000000</point>
			</points>
		</object>
		<object>
			<coordinate>pixel</coordinate>
			<type>rectangle</type>
			<description>None</description>
			<possibleresult>
				<name>Small Car</name>
			</possibleresult>
			<points>
				<point>152.029572,523.928955</point>
				<point>146.822479,536.426025</point>
				<point>139.792877,533.497070</point>
				<point>144.999969,521.000000</point>
				<point>152.029572,523.928955</point>
			</points>
		</object>
		<object>
			<coordinate>pixel</coordinate>
			<type>rectangle</type>
			<description>None</description>
			<possibleresult>
				<name>Van</name>
			</possibleresult>
			<points>
				<point>196.999985,566.000000</point>
				<point>194.172409,573.068970</point>
				<point>179.172409,567.068970</point>
				<point>181.999985,560.000000</point>
				<point>196.999985,566.000000</point>
			</points>
		</object>
		<object>
			<coordinate>pixel</coordinate>
			<type>rectangle</type>
			<description>None</description>
			<possibleresult>
				<name>Small Car</name>
			</possibleresult>
			<points>
				<point>178.000015,588.000061</point>
				<point>170.000015,589.000061</point>
				<point>168.000015,573.000061</point>
				<point>176.000015,572.000061</point>
				<point>178.000015,588.000061</point>
			</points>
		</object>
		<object>
			<coordinate>pixel</coordinate>
			<type>rectangle</type>
			<description>None</description>
			<possibleresult>
				<name>Small Car</name>
			</possibleresult>
			<points>
				<point>8.000000,591.000000</point>
				<point>-0.000000,591.000000</point>
				<point>0.000000,583.000000</point>
				<point>8.000000,583.000000</point>
				<point>8.000000,591.000000</point>
			</points>
		</object>
		<object>
			<coordinate>pixel</coordinate>
			<type>rectangle</type>
			<description>None</description>
			<possibleresult>
				<name>Small Car</name>
			</possibleresult>
			<points>
				<point>0.000000,573.571411</point>
				<point>0.000000,571.250000</point>
				<point>6.999985,559.000000</point>
				<point>13.999985,563.000000</point>
				<point>0.000000,573.571411</point>
			</points>
		</object>
		<object>
			<coordinate>pixel</coordinate>
			<type>rectangle</type>
			<description>None</description>
			<possibleresult>
				<name>Small Car</name>
			</possibleresult>
			<points>
				<point>28.000000,564.000000</point>
				<point>18.000000,578.000000</point>
				<point>10.999999,573.000000</point>
				<point>21.000000,559.000000</point>
				<point>28.000000,564.000000</point>
			</points>
		</object>
		<object>
			<coordinate>pixel</coordinate>
			<type>rectangle</type>
			<description>None</description>
			<possibleresult>
				<name>Van</name>
			</possibleresult>
			<points>
				<point>0.000000,689.571472</point>
				<point>0.000000,687.181824</point>
				<point>1.082370,687.181824</point>
				<point>1.082370,689.571472</point>
				<point>0.000000,689.571472</point>
			</points>
		</object>
		<object>
			<coordinate>pixel</coordinate>
			<type>rectangle</type>
			<description>None</description>
			<possibleresult>
				<name>Small Car</name>
			</possibleresult>
			<points>
				<point>127.999992,592.000000</point>
				<point>119.941460,593.726807</point>
				<point>116.941460,579.726807</point>
				<point>124.999992,578.000000</point>
				<point>127.999992,592.000000</point>
			</points>
		</object>
		<object>
			<coordinate>pixel</coordinate>
			<type>rectangle</type>
			<description>None</description>
			<possibleresult>
				<name>Van</name>
			</possibleresult>
			<points>
				<point>117.026230,596.111450</point>
				<point>109.000000,598.000000</point>
				<point>104.973770,580.888550</point>
				<point>113.000000,579.000000</point>
				<point>117.026230,596.111450</point>
			</points>
		</object>
		<object>
			<coordinate>pixel</coordinate>
			<type>rectangle</type>
			<description>None</description>
			<possibleresult>
				<name>Van</name>
			</possibleresult>
			<points>
				<point>106.000008,595.000061</point>
				<point>98.000008,597.000061</point>
				<point>94.764717,584.058899</point>
				<point>102.764717,582.058899</point>
				<point>106.000008,595.000061</point>
			</points>
		</object>
		<object>
			<coordinate>pixel</coordinate>
			<type>rectangle</type>
			<description>None</description>
			<possibleresult>
				<name>Van</name>
			</possibleresult>
			<points>
				<point>95.134804,596.584167</point>
				<point>88.999977,597.999939</point>
				<point>85.999977,584.999939</point>
				<point>92.134804,583.584167</point>
				<point>95.134804,596.584167</point>
			</points>
		</object>
		<object>
			<coordinate>pixel</coordinate>
			<type>rectangle</type>
			<description>None</description>
			<possibleresult>
				<name>Van</name>
			</possibleresult>
			<points>
				<point>88.999992,602.000000</point>
				<point>79.999992,604.000000</point>
				<point>75.999992,586.000000</point>
				<point>84.999992,584.000000</point>
				<point>88.999992,602.000000</point>
			</points>
		</object>
		<object>
			<coordinate>pixel</coordinate>
			<type>rectangle</type>
			<description>None</description>
			<possibleresult>
				<name>Van</name>
			</possibleresult>
			<points>
				<point>78.000008,602.000000</point>
				<point>69.026237,604.111450</point>
				<point>65.000008,587.000000</point>
				<point>73.973778,584.888550</point>
				<point>78.000008,602.000000</point>
			</points>
		</object>
		<object>
			<coordinate>pixel</coordinate>
			<type>rectangle</type>
			<description>None</description>
			<possibleresult>
				<name>Small Car</name>
			</possibleresult>
			<points>
				<point>66.764717,605.058899</point>
				<point>59.000008,607.000061</point>
				<point>55.000008,591.000061</point>
				<point>62.764717,589.058899</point>
				<point>66.764717,605.058899</point>
			</points>
		</object>
		<object>
			<coordinate>pixel</coordinate>
			<type>rectangle</type>
			<description>None</description>
			<possibleresult>
				<name>Small Car</name>
			</possibleresult>
			<points>
				<point>57.000000,607.999939</point>
				<point>49.196724,609.835999</point>
				<point>45.000000,591.999939</point>
				<point>52.803276,590.163879</point>
				<point>57.000000,607.999939</point>
			</points>
		</object>
		<object>
			<coordinate>pixel</coordinate>
			<type>rectangle</type>
			<description>None</description>
			<possibleresult>
				<name>Small Car</name>
			</possibleresult>
			<points>
				<point>46.084259,607.365051</point>
				<point>38.999992,608.999939</point>
				<point>35.915726,595.634827</point>
				<point>42.999992,593.999939</point>
				<point>46.084259,607.365051</point>
			</points>
		</object>
		<object>
			<coordinate>pixel</coordinate>
			<type>rectangle</type>
			<description>None</description>
			<possibleresult>
				<name>Small Car</name>
			</possibleresult>
			<points>
				<point>136.000015,626.000000</point>
				<point>129.000015,628.000000</point>
				<point>124.735855,613.075439</point>
				<point>131.735855,611.075439</point>
				<point>136.000015,626.000000</point>
			</points>
		</object>
		<object>
			<coordinate>pixel</coordinate>
			<type>rectangle</type>
			<description>None</description>
			<possibleresult>
				<name>Small Car</name>
			</possibleresult>
			<points>
				<point>128.000031,631.000000</point>
				<point>118.275246,633.917480</point>
				<point>112.275246,613.917480</point>
				<point>122.000023,611.000000</point>
				<point>128.000031,631.000000</point>
			</points>
		</object>
		<object>
			<coordinate>pixel</coordinate>
			<type>rectangle</type>
			<description>None</description>
			<possibleresult>
				<name>Small Car</name>
			</possibleresult>
			<points>
				<point>115.603760,630.113098</point>
				<point>108.603760,632.113098</point>
				<point>103.999985,615.999939</point>
				<point>110.999985,613.999939</point>
				<point>115.603760,630.113098</point>
			</points>
		</object>
		<object>
			<coordinate>pixel</coordinate>
			<type>rectangle</type>
			<description>None</description>
			<possibleresult>
				<name>Small Car</name>
			</possibleresult>
			<points>
				<point>106.000008,631.000061</point>
				<point>99.043251,633.140564</point>
				<point>95.000008,620.000061</point>
				<point>101.956764,617.859558</point>
				<point>106.000008,631.000061</point>
			</points>
		</object>
		<object>
			<coordinate>pixel</coordinate>
			<type>rectangle</type>
			<description>None</description>
			<possibleresult>
				<name>Small Car</name>
			</possibleresult>
			<points>
				<point>88.000015,637.000000</point>
				<point>79.128952,639.464233</point>
				<point>74.000015,621.000000</point>
				<point>82.871078,618.535767</point>
				<point>88.000015,637.000000</point>
			</points>
		</object>
		<object>
			<coordinate>pixel</coordinate>
			<type>rectangle</type>
			<description>None</description>
			<possibleresult>
				<name>Van</name>
			</possibleresult>
			<points>
				<point>76.078690,638.334473</point>
				<point>69.000000,640.000000</point>
				<point>64.921310,622.665527</point>
				<point>72.000000,621.000000</point>
				<point>76.078690,638.334473</point>
			</points>
		</object>
		<object>
			<coordinate>pixel</coordinate>
			<type>rectangle</type>
			<description>None</description>
			<possibleresult>
				<name>Van</name>
			</possibleresult>
			<points>
				<point>65.999992,638.000000</point>
				<point>58.999992,640.000000</point>
				<point>54.999992,626.000000</point>
				<point>61.999992,624.000000</point>
				<point>65.999992,638.000000</point>
			</points>
		</object>
		<object>
			<coordinate>pixel</coordinate>
			<type>rectangle</type>
			<description>None</description>
			<possibleresult>
				<name>Van</name>
			</possibleresult>
			<points>
				<point>36.999985,643.999939</point>
				<point>27.999981,645.999939</point>
				<point>24.847040,631.811707</point>
				<point>33.847042,629.811707</point>
				<point>36.999985,643.999939</point>
			</points>
		</object>
		<object>
			<coordinate>pixel</coordinate>
			<type>rectangle</type>
			<description>None</description>
			<possibleresult>
				<name>Small Car</name>
			</possibleresult>
			<points>
				<point>17.128941,649.464233</point>
				<point>8.000000,652.000000</point>
				<point>3.000000,634.000000</point>
				<point>12.128941,631.464233</point>
				<point>17.128941,649.464233</point>
			</points>
		</object>
		<object>
			<coordinate>pixel</coordinate>
			<type>rectangle</type>
			<description>None</description>
			<possibleresult>
				<name>Small Car</name>
			</possibleresult>
			<points>
				<point>141.033203,662.124512</point>
				<point>134.000000,664.000000</point>
				<point>129.966797,648.875488</point>
				<point>137.000000,647.000000</point>
				<point>141.033203,662.124512</point>
			</points>
		</object>
		<object>
			<coordinate>pixel</coordinate>
			<type>rectangle</type>
			<description>None</description>
			<possibleresult>
				<name>Small Car</name>
			</possibleresult>
			<points>
				<point>95.000008,670.000061</point>
				<point>85.850624,672.439880</point>
				<point>81.850624,657.439880</point>
				<point>91.000008,655.000061</point>
				<point>95.000008,670.000061</point>
			</points>
		</object>
		<object>
			<coordinate>pixel</coordinate>
			<type>rectangle</type>
			<description>None</description>
			<possibleresult>
				<name>Small Car</name>
			</possibleresult>
			<points>
				<point>75.999992,674.999939</point>
				<point>67.026222,677.111389</point>
				<point>62.973763,659.888489</point>
				<point>71.947533,657.777039</point>
				<point>75.999992,674.999939</point>
			</points>
		</object>
		<object>
			<coordinate>pixel</coordinate>
			<type>rectangle</type>
			<description>None</description>
			<possibleresult>
				<name>Small Car</name>
			</possibleresult>
			<points>
				<point>65.000000,676.000000</point>
				<point>58.015923,678.054199</point>
				<point>53.000000,661.000000</point>
				<point>59.984077,658.945801</point>
				<point>65.000000,676.000000</point>
			</points>
		</object>
		<object>
			<coordinate>pixel</coordinate>
			<type>rectangle</type>
			<description>None</description>
			<possibleresult>
				<name>Small Car</name>
			</possibleresult>
			<points>
				<point>55.000000,679.000000</point>
				<point>48.015923,681.054199</point>
				<point>43.000000,664.000000</point>
				<point>49.984077,661.945801</point>
				<point>55.000000,679.000000</point>
			</points>
		</object>
		<object>
			<coordinate>pixel</coordinate>
			<type>rectangle</type>
			<description>None</description>
			<possibleresult>
				<name>Small Car</name>
			</possibleresult>
			<points>
				<point>45.014324,681.051697</point>
				<point>37.999996,683.000061</point>
				<point>32.985668,664.948425</point>
				<point>39.999996,663.000061</point>
				<point>45.014324,681.051697</point>
			</points>
		</object>
		<object>
			<coordinate>pixel</coordinate>
			<type>rectangle</type>
			<description>None</description>
			<possibleresult>
				<name>Van</name>
			</possibleresult>
			<points>
				<point>35.000000,679.000000</point>
				<point>26.150944,681.528320</point>
				<point>22.000000,667.000000</point>
				<point>30.849056,664.471680</point>
				<point>35.000000,679.000000</point>
			</points>
		</object>
		<object>
			<coordinate>pixel</coordinate>
			<type>rectangle</type>
			<description>None</description>
			<possibleresult>
				<name>Van</name>
			</possibleresult>
			<points>
				<point>73.078682,579.334412</point>
				<point>65.999992,580.999939</point>
				<point>61.999992,563.999939</point>
				<point>69.078682,562.334412</point>
				<point>73.078682,579.334412</point>
			</points>
		</object>
		<object>
			<coordinate>pixel</coordinate>
			<type>rectangle</type>
			<description>None</description>
			<possibleresult>
				<name>Small Car</name>
			</possibleresult>
			<points>
				<point>62.999977,579.999878</point>
				<point>57.736565,582.429199</point>
				<point>51.736565,569.429199</point>
				<point>56.999977,566.999878</point>
				<point>62.999977,579.999878</point>
			</points>
		</object>
		<object>
			<coordinate>pixel</coordinate>
			<type>rectangle</type>
			<description>None</description>
			<possibleresult>
				<name>Small Car</name>
			</possibleresult>
			<points>
				<point>50.015381,588.123047</point>
				<point>42.015381,589.123047</point>
				<point>40.000000,573.000000</point>
				<point>48.000000,572.000000</point>
				<point>50.015381,588.123047</point>
			</points>
		</object>
	</objects>
</annotation>