<?xml version="1.0" encoding="utf-8"?>
<annotation>
	<source>
		<filename>1431.tif</filename>
		<origin>GF2/GF3</origin>
	</source>
	<research>
		<version>1.0</version>
		<provider>FAIR1M</provider>
		<author>Cyber</author>
		<pluginname>FAIR1M</pluginname>
		<pluginclass>object detection</pluginclass>
		<time>2021-03</time>
	</research>
	<size>
		<width>1500</width>
		<height>1500</height>
		<depth>3</depth>
	</size>
	<objects>
		<object>
			<coordinate>pixel</coordinate>
			<type>rectangle</type>
			<description>None</description>
			<possibleresult>
				<name>Liquid Cargo Ship</name>
			</possibleresult>
			<points>
				<point>257.000000,158.000000</point>
				<point>194.000000,128.000000</point>
				<point>183.000000,150.000000</point>
				<point>247.000000,180.000000</point>
				<point>257.000000,158.000000</point>
			</points>
		</object>
		<object>
			<coordinate>pixel</coordinate>
			<type>rectangle</type>
			<description>None</description>
			<possibleresult>
				<name>other-ship</name>
			</possibleresult>
			<points>
				<point>149.000000,1064.000000</point>
				<point>156.000000,1041.000000</point>
				<point>148.000000,1039.000000</point>
				<point>141.000000,1061.000000</point>
				<point>149.000000,1064.000000</point>
			</points>
		</object>
		<object>
			<coordinate>pixel</coordinate>
			<type>rectangle</type>
			<description>None</description>
			<possibleresult>
				<name>other-ship</name>
			</possibleresult>
			<points>
				<point>87.000000,1178.000000</point>
				<point>96.000000,1158.000000</point>
				<point>86.000000,1153.000000</point>
				<point>76.000000,1173.000000</point>
				<point>87.000000,1178.000000</point>
			</points>
		</object>
		<object>
			<coordinate>pixel</coordinate>
			<type>rectangle</type>
			<description>None</description>
			<possibleresult>
				<name>Engineering Ship</name>
			</possibleresult>
			<points>
				<point>936.000000,1032.000000</point>
				<point>929.000000,1064.000000</point>
				<point>945.000000,1068.000000</point>
				<point>953.000000,1036.000000</point>
				<point>936.000000,1032.000000</point>
			</points>
		</object>
	</objects>
</annotation>