<?xml version="1.0" encoding="utf-8"?>
<annotation>
	<source>
		<filename>1432.tif</filename>
		<origin>GF2/GF3</origin>
	</source>
	<research>
		<version>1.0</version>
		<provider>FAIR1M</provider>
		<author>Cyber</author>
		<pluginname>FAIR1M</pluginname>
		<pluginclass>object detection</pluginclass>
		<time>2021-03</time>
	</research>
	<size>
		<width>1000</width>
		<height>1000</height>
		<depth>3</depth>
	</size>
	<objects>
		<object>
			<coordinate>pixel</coordinate>
			<type>rectangle</type>
			<description>None</description>
			<possibleresult>
				<name>Dump Truck</name>
			</possibleresult>
			<points>
				<point>1000.000000,578.999878</point>
				<point>1000.000000,578.999878</point>
				<point>1000.000000,578.999878</point>
				<point>1000.000000,578.999878</point>
				<point>1000.000000,578.999878</point>
			</points>
		</object>
		<object>
			<coordinate>pixel</coordinate>
			<type>rectangle</type>
			<description>None</description>
			<possibleresult>
				<name>Dump Truck</name>
			</possibleresult>
			<points>
				<point>978.999939,594.000000</point>
				<point>972.159119,606.541382</point>
				<point>950.159119,594.541382</point>
				<point>956.999939,582.000000</point>
				<point>978.999939,594.000000</point>
			</points>
		</object>
		<object>
			<coordinate>pixel</coordinate>
			<type>rectangle</type>
			<description>None</description>
			<possibleresult>
				<name>Intersection</name>
			</possibleresult>
			<points>
				<point>1000.000000,924.666748</point>
				<point>997.915039,916.674316</point>
				<point>1000.000000,916.130371</point>
				<point>1002.084961,924.122803</point>
				<point>1000.000000,924.666748</point>
			</points>
		</object>
		<object>
			<coordinate>pixel</coordinate>
			<type>rectangle</type>
			<description>None</description>
			<possibleresult>
				<name>Van</name>
			</possibleresult>
			<points>
				<point>785.000000,983.000122</point>
				<point>777.000000,987.000122</point>
				<point>767.800049,968.600098</point>
				<point>775.800049,964.600098</point>
				<point>785.000000,983.000122</point>
			</points>
		</object>
		<object>
			<coordinate>pixel</coordinate>
			<type>rectangle</type>
			<description>None</description>
			<possibleresult>
				<name>Small Car</name>
			</possibleresult>
			<points>
				<point>660.000122,857.000061</point>
				<point>654.072144,861.104065</point>
				<point>645.000122,848.000061</point>
				<point>650.928101,843.896057</point>
				<point>660.000122,857.000061</point>
			</points>
		</object>
		<object>
			<coordinate>pixel</coordinate>
			<type>rectangle</type>
			<description>None</description>
			<possibleresult>
				<name>Van</name>
			</possibleresult>
			<points>
				<point>708.449585,754.165283</point>
				<point>688.449585,760.165283</point>
				<point>686.000000,752.000122</point>
				<point>706.000000,746.000122</point>
				<point>708.449585,754.165283</point>
			</points>
		</object>
		<object>
			<coordinate>pixel</coordinate>
			<type>rectangle</type>
			<description>None</description>
			<possibleresult>
				<name>Van</name>
			</possibleresult>
			<points>
				<point>701.999939,744.000061</point>
				<point>683.999939,751.000061</point>
				<point>681.241272,743.906189</point>
				<point>699.241272,736.906189</point>
				<point>701.999939,744.000061</point>
			</points>
		</object>
		<object>
			<coordinate>pixel</coordinate>
			<type>rectangle</type>
			<description>None</description>
			<possibleresult>
				<name>Small Car</name>
			</possibleresult>
			<points>
				<point>752.999939,736.000000</point>
				<point>730.999939,741.000000</point>
				<point>729.221985,733.176758</point>
				<point>751.221985,728.176758</point>
				<point>752.999939,736.000000</point>
			</points>
		</object>
		<object>
			<coordinate>pixel</coordinate>
			<type>rectangle</type>
			<description>None</description>
			<possibleresult>
				<name>Small Car</name>
			</possibleresult>
			<points>
				<point>748.000061,725.000061</point>
				<point>728.000061,730.000061</point>
				<point>726.000061,722.000061</point>
				<point>746.000061,717.000061</point>
				<point>748.000061,725.000061</point>
			</points>
		</object>
		<object>
			<coordinate>pixel</coordinate>
			<type>rectangle</type>
			<description>None</description>
			<possibleresult>
				<name>Van</name>
			</possibleresult>
			<points>
				<point>743.301819,716.056580</point>
				<point>725.339539,721.188660</point>
				<point>722.999939,712.999939</point>
				<point>740.962219,707.867859</point>
				<point>743.301819,716.056580</point>
			</points>
		</object>
		<object>
			<coordinate>pixel</coordinate>
			<type>rectangle</type>
			<description>None</description>
			<possibleresult>
				<name>Small Car</name>
			</possibleresult>
			<points>
				<point>738.000000,707.000061</point>
				<point>719.773560,712.207581</point>
				<point>717.773560,705.207581</point>
				<point>736.000000,700.000061</point>
				<point>738.000000,707.000061</point>
			</points>
		</object>
		<object>
			<coordinate>pixel</coordinate>
			<type>rectangle</type>
			<description>None</description>
			<possibleresult>
				<name>Small Car</name>
			</possibleresult>
			<points>
				<point>695.000061,727.000061</point>
				<point>673.000061,734.000061</point>
				<point>670.412781,725.868713</point>
				<point>692.412781,718.868713</point>
				<point>695.000061,727.000061</point>
			</points>
		</object>
		<object>
			<coordinate>pixel</coordinate>
			<type>rectangle</type>
			<description>None</description>
			<possibleresult>
				<name>Van</name>
			</possibleresult>
			<points>
				<point>686.000000,710.000000</point>
				<point>666.282104,716.226685</point>
				<point>664.000000,709.000000</point>
				<point>683.717896,702.773315</point>
				<point>686.000000,710.000000</point>
			</points>
		</object>
		<object>
			<coordinate>pixel</coordinate>
			<type>rectangle</type>
			<description>None</description>
			<possibleresult>
				<name>Small Car</name>
			</possibleresult>
			<points>
				<point>678.000061,693.000122</point>
				<point>657.000061,700.000122</point>
				<point>654.700012,693.100098</point>
				<point>675.700012,686.100098</point>
				<point>678.000061,693.000122</point>
			</points>
		</object>
		<object>
			<coordinate>pixel</coordinate>
			<type>rectangle</type>
			<description>None</description>
			<possibleresult>
				<name>Dump Truck</name>
			</possibleresult>
			<points>
				<point>676.999939,684.000000</point>
				<point>651.962830,691.010376</point>
				<point>649.999939,684.000000</point>
				<point>675.037048,676.989624</point>
				<point>676.999939,684.000000</point>
			</points>
		</object>
		<object>
			<coordinate>pixel</coordinate>
			<type>rectangle</type>
			<description>None</description>
			<possibleresult>
				<name>Van</name>
			</possibleresult>
			<points>
				<point>670.000061,676.000122</point>
				<point>654.875549,680.033325</point>
				<point>653.000061,673.000122</point>
				<point>668.124573,668.966919</point>
				<point>670.000061,676.000122</point>
			</points>
		</object>
		<object>
			<coordinate>pixel</coordinate>
			<type>rectangle</type>
			<description>None</description>
			<possibleresult>
				<name>Dump Truck</name>
			</possibleresult>
			<points>
				<point>637.000000,789.000000</point>
				<point>613.000000,789.000000</point>
				<point>613.000000,781.000000</point>
				<point>637.000000,781.000000</point>
				<point>637.000000,789.000000</point>
			</points>
		</object>
		<object>
			<coordinate>pixel</coordinate>
			<type>rectangle</type>
			<description>None</description>
			<possibleresult>
				<name>Van</name>
			</possibleresult>
			<points>
				<point>578.068970,783.172363</point>
				<point>571.000000,786.000000</point>
				<point>564.931030,770.827637</point>
				<point>572.000000,768.000000</point>
				<point>578.068970,783.172363</point>
			</points>
		</object>
		<object>
			<coordinate>pixel</coordinate>
			<type>rectangle</type>
			<description>None</description>
			<possibleresult>
				<name>Dump Truck</name>
			</possibleresult>
			<points>
				<point>540.102356,672.278076</point>
				<point>529.999939,676.000000</point>
				<point>522.897522,656.721924</point>
				<point>532.999939,653.000000</point>
				<point>540.102356,672.278076</point>
			</points>
		</object>
		<object>
			<coordinate>pixel</coordinate>
			<type>rectangle</type>
			<description>None</description>
			<possibleresult>
				<name>Van</name>
			</possibleresult>
			<points>
				<point>620.206543,644.472168</point>
				<point>611.183594,648.419678</point>
				<point>603.977051,631.947510</point>
				<point>613.000000,628.000000</point>
				<point>620.206543,644.472168</point>
			</points>
		</object>
		<object>
			<coordinate>pixel</coordinate>
			<type>rectangle</type>
			<description>None</description>
			<possibleresult>
				<name>Dump Truck</name>
			</possibleresult>
			<points>
				<point>522.958618,653.899414</point>
				<point>513.000000,658.000000</point>
				<point>506.000031,641.000000</point>
				<point>515.958618,636.899414</point>
				<point>522.958618,653.899414</point>
			</points>
		</object>
		<object>
			<coordinate>pixel</coordinate>
			<type>rectangle</type>
			<description>None</description>
			<possibleresult>
				<name>Small Car</name>
			</possibleresult>
			<points>
				<point>436.000000,681.000000</point>
				<point>428.000000,684.000000</point>
				<point>422.000000,668.000000</point>
				<point>430.000000,665.000000</point>
				<point>436.000000,681.000000</point>
			</points>
		</object>
		<object>
			<coordinate>pixel</coordinate>
			<type>rectangle</type>
			<description>None</description>
			<possibleresult>
				<name>Small Car</name>
			</possibleresult>
			<points>
				<point>429.705353,683.373901</point>
				<point>421.999969,687.000000</point>
				<point>413.999969,670.000000</point>
				<point>421.705353,666.373901</point>
				<point>429.705353,683.373901</point>
			</points>
		</object>
		<object>
			<coordinate>pixel</coordinate>
			<type>rectangle</type>
			<description>None</description>
			<possibleresult>
				<name>Small Car</name>
			</possibleresult>
			<points>
				<point>308.697632,799.063843</point>
				<point>289.697632,803.063843</point>
				<point>288.000000,795.000122</point>
				<point>307.000000,791.000122</point>
				<point>308.697632,799.063843</point>
			</points>
		</object>
		<object>
			<coordinate>pixel</coordinate>
			<type>rectangle</type>
			<description>None</description>
			<possibleresult>
				<name>Small Car</name>
			</possibleresult>
			<points>
				<point>270.000031,930.000122</point>
				<point>251.000031,935.000122</point>
				<point>248.344574,924.909424</point>
				<point>267.344574,919.909424</point>
				<point>270.000031,930.000122</point>
			</points>
		</object>
		<object>
			<coordinate>pixel</coordinate>
			<type>rectangle</type>
			<description>None</description>
			<possibleresult>
				<name>Small Car</name>
			</possibleresult>
			<points>
				<point>251.000000,818.999878</point>
				<point>245.114655,822.210083</point>
				<point>239.000000,810.999878</point>
				<point>244.885345,807.789673</point>
				<point>251.000000,818.999878</point>
			</points>
		</object>
		<object>
			<coordinate>pixel</coordinate>
			<type>rectangle</type>
			<description>None</description>
			<possibleresult>
				<name>Van</name>
			</possibleresult>
			<points>
				<point>235.000000,848.000061</point>
				<point>215.000000,853.000061</point>
				<point>213.058838,845.235413</point>
				<point>233.058838,840.235413</point>
				<point>235.000000,848.000061</point>
			</points>
		</object>
		<object>
			<coordinate>pixel</coordinate>
			<type>rectangle</type>
			<description>None</description>
			<possibleresult>
				<name>Small Car</name>
			</possibleresult>
			<points>
				<point>241.999969,883.000000</point>
				<point>232.999969,884.000000</point>
				<point>231.438995,869.951172</point>
				<point>240.438995,868.951172</point>
				<point>241.999969,883.000000</point>
			</points>
		</object>
		<object>
			<coordinate>pixel</coordinate>
			<type>rectangle</type>
			<description>None</description>
			<possibleresult>
				<name>Small Car</name>
			</possibleresult>
			<points>
				<point>212.000000,783.000061</point>
				<point>193.000000,791.000061</point>
				<point>189.329407,782.282410</point>
				<point>208.329407,774.282410</point>
				<point>212.000000,783.000061</point>
			</points>
		</object>
		<object>
			<coordinate>pixel</coordinate>
			<type>rectangle</type>
			<description>None</description>
			<possibleresult>
				<name>Intersection</name>
			</possibleresult>
			<points>
				<point>704.638367,150.806549</point>
				<point>671.000061,160.999985</point>
				<point>661.361755,129.193420</point>
				<point>695.000061,118.999985</point>
				<point>704.638367,150.806549</point>
			</points>
		</object>
		<object>
			<coordinate>pixel</coordinate>
			<type>rectangle</type>
			<description>None</description>
			<possibleresult>
				<name>Intersection</name>
			</possibleresult>
			<points>
				<point>228.524887,717.163269</point>
				<point>196.524887,728.163269</point>
				<point>180.999985,682.999939</point>
				<point>212.999985,671.999939</point>
				<point>228.524887,717.163269</point>
			</points>
		</object>
		<object>
			<coordinate>pixel</coordinate>
			<type>rectangle</type>
			<description>None</description>
			<possibleresult>
				<name>Small Car</name>
			</possibleresult>
			<points>
				<point>585.000000,579.000061</point>
				<point>561.000000,586.000061</point>
				<point>558.692749,578.089661</point>
				<point>582.692749,571.089661</point>
				<point>585.000000,579.000061</point>
			</points>
		</object>
		<object>
			<coordinate>pixel</coordinate>
			<type>rectangle</type>
			<description>None</description>
			<possibleresult>
				<name>Intersection</name>
			</possibleresult>
			<points>
				<point>864.603760,520.113220</point>
				<point>822.603760,532.113220</point>
				<point>810.000000,488.000000</point>
				<point>852.000000,476.000000</point>
				<point>864.603760,520.113220</point>
			</points>
		</object>
		<object>
			<coordinate>pixel</coordinate>
			<type>rectangle</type>
			<description>None</description>
			<possibleresult>
				<name>Small Car</name>
			</possibleresult>
			<points>
				<point>1000.000000,401.428558</point>
				<point>1000.000000,404.388885</point>
				<point>992.699707,407.227905</point>
				<point>985.699707,389.227905</point>
				<point>1000.000000,401.428558</point>
			</points>
		</object>
		<object>
			<coordinate>pixel</coordinate>
			<type>rectangle</type>
			<description>None</description>
			<possibleresult>
				<name>Small Car</name>
			</possibleresult>
			<points>
				<point>983.000061,293.000092</point>
				<point>965.000061,299.000092</point>
				<point>963.000061,293.000092</point>
				<point>981.000061,287.000092</point>
				<point>983.000061,293.000092</point>
			</points>
		</object>
		<object>
			<coordinate>pixel</coordinate>
			<type>rectangle</type>
			<description>None</description>
			<possibleresult>
				<name>Small Car</name>
			</possibleresult>
			<points>
				<point>964.017090,323.046326</point>
				<point>956.000000,326.000000</point>
				<point>948.982910,306.953674</point>
				<point>957.000000,304.000000</point>
				<point>964.017090,323.046326</point>
			</points>
		</object>
		<object>
			<coordinate>pixel</coordinate>
			<type>rectangle</type>
			<description>None</description>
			<possibleresult>
				<name>Van</name>
			</possibleresult>
			<points>
				<point>405.000061,258.000031</point>
				<point>398.102234,261.219025</point>
				<point>391.000061,246.000031</point>
				<point>397.897888,242.781036</point>
				<point>405.000061,258.000031</point>
			</points>
		</object>
		<object>
			<coordinate>pixel</coordinate>
			<type>rectangle</type>
			<description>None</description>
			<possibleresult>
				<name>Small Car</name>
			</possibleresult>
			<points>
				<point>353.000000,599.000061</point>
				<point>347.000000,601.000061</point>
				<point>342.000000,586.000061</point>
				<point>348.000000,584.000061</point>
				<point>353.000000,599.000061</point>
			</points>
		</object>
		<object>
			<coordinate>pixel</coordinate>
			<type>rectangle</type>
			<description>None</description>
			<possibleresult>
				<name>Van</name>
			</possibleresult>
			<points>
				<point>430.235840,443.424500</point>
				<point>421.235840,448.424500</point>
				<point>411.000000,430.000000</point>
				<point>420.000000,425.000000</point>
				<point>430.235840,443.424500</point>
			</points>
		</object>
		<object>
			<coordinate>pixel</coordinate>
			<type>rectangle</type>
			<description>None</description>
			<possibleresult>
				<name>Van</name>
			</possibleresult>
			<points>
				<point>482.206604,423.472198</point>
				<point>473.183655,427.419769</point>
				<point>465.977112,410.947662</point>
				<point>475.000061,407.000092</point>
				<point>482.206604,423.472198</point>
			</points>
		</object>
		<object>
			<coordinate>pixel</coordinate>
			<type>rectangle</type>
			<description>None</description>
			<possibleresult>
				<name>Small Car</name>
			</possibleresult>
			<points>
				<point>620.000000,438.000000</point>
				<point>600.955322,446.018799</point>
				<point>598.000000,439.000000</point>
				<point>617.044678,430.981201</point>
				<point>620.000000,438.000000</point>
			</points>
		</object>
		<object>
			<coordinate>pixel</coordinate>
			<type>rectangle</type>
			<description>None</description>
			<possibleresult>
				<name>Small Car</name>
			</possibleresult>
			<points>
				<point>638.000000,484.000000</point>
				<point>620.000000,488.000000</point>
				<point>618.000000,479.000000</point>
				<point>636.000000,475.000000</point>
				<point>638.000000,484.000000</point>
			</points>
		</object>
		<object>
			<coordinate>pixel</coordinate>
			<type>rectangle</type>
			<description>None</description>
			<possibleresult>
				<name>Van</name>
			</possibleresult>
			<points>
				<point>645.000000,494.000031</point>
				<point>624.000000,500.000031</point>
				<point>622.264160,493.924530</point>
				<point>643.264160,487.924530</point>
				<point>645.000000,494.000031</point>
			</points>
		</object>
		<object>
			<coordinate>pixel</coordinate>
			<type>rectangle</type>
			<description>None</description>
			<possibleresult>
				<name>Dump Truck</name>
			</possibleresult>
			<points>
				<point>416.000061,357.000000</point>
				<point>406.221985,360.602417</point>
				<point>399.221985,341.602417</point>
				<point>409.000061,338.000000</point>
				<point>416.000061,357.000000</point>
			</points>
		</object>
		<object>
			<coordinate>pixel</coordinate>
			<type>rectangle</type>
			<description>None</description>
			<possibleresult>
				<name>Van</name>
			</possibleresult>
			<points>
				<point>91.166153,426.470795</point>
				<point>84.000000,429.000031</point>
				<point>78.000000,412.000031</point>
				<point>85.166153,409.470795</point>
				<point>91.166153,426.470795</point>
			</points>
		</object>
		<object>
			<coordinate>pixel</coordinate>
			<type>rectangle</type>
			<description>None</description>
			<possibleresult>
				<name>Van</name>
			</possibleresult>
			<points>
				<point>55.000023,417.000031</point>
				<point>48.000023,438.000031</point>
				<point>39.000023,435.000031</point>
				<point>46.000023,414.000031</point>
				<point>55.000023,417.000031</point>
			</points>
		</object>
		<object>
			<coordinate>pixel</coordinate>
			<type>rectangle</type>
			<description>None</description>
			<possibleresult>
				<name>Cargo Truck</name>
			</possibleresult>
			<points>
				<point>44.141380,415.561707</point>
				<point>34.000000,447.000000</point>
				<point>19.858627,442.438293</point>
				<point>30.000008,411.000000</point>
				<point>44.141380,415.561707</point>
			</points>
		</object>
		<object>
			<coordinate>pixel</coordinate>
			<type>rectangle</type>
			<description>None</description>
			<possibleresult>
				<name>Cargo Truck</name>
			</possibleresult>
			<points>
				<point>26.176474,412.294189</point>
				<point>20.000006,437.000061</point>
				<point>6.823534,433.705933</point>
				<point>13.000002,409.000061</point>
				<point>26.176474,412.294189</point>
			</points>
		</object>
		<object>
			<coordinate>pixel</coordinate>
			<type>rectangle</type>
			<description>None</description>
			<possibleresult>
				<name>Small Car</name>
			</possibleresult>
			<points>
				<point>84.021225,299.100800</point>
				<point>75.000000,301.000031</point>
				<point>70.978775,281.899261</point>
				<point>80.000000,280.000031</point>
				<point>84.021225,299.100800</point>
			</points>
		</object>
		<object>
			<coordinate>pixel</coordinate>
			<type>rectangle</type>
			<description>None</description>
			<possibleresult>
				<name>Intersection</name>
			</possibleresult>
			<points>
				<point>0.000000,166.199997</point>
				<point>0.000000,165.000015</point>
				<point>26.000008,100.000000</point>
				<point>73.413803,118.965515</point>
				<point>0.000000,166.199997</point>
			</points>
		</object>
		<object>
			<coordinate>pixel</coordinate>
			<type>rectangle</type>
			<description>None</description>
			<possibleresult>
				<name>Small Car</name>
			</possibleresult>
			<points>
				<point>536.000000,179.000000</point>
				<point>514.909912,184.021454</point>
				<point>513.000000,176.000000</point>
				<point>534.090088,170.978546</point>
				<point>536.000000,179.000000</point>
			</points>
		</object>
		<object>
			<coordinate>pixel</coordinate>
			<type>rectangle</type>
			<description>None</description>
			<possibleresult>
				<name>Small Car</name>
			</possibleresult>
			<points>
				<point>494.300293,153.772110</point>
				<point>486.000000,156.999985</point>
				<point>479.000000,138.999985</point>
				<point>487.300293,135.772110</point>
				<point>494.300293,153.772110</point>
			</points>
		</object>
		<object>
			<coordinate>pixel</coordinate>
			<type>rectangle</type>
			<description>None</description>
			<possibleresult>
				<name>Small Car</name>
			</possibleresult>
			<points>
				<point>355.022980,182.947571</point>
				<point>348.000031,199.000031</point>
				<point>338.977081,195.052490</point>
				<point>346.000031,179.000031</point>
				<point>355.022980,182.947571</point>
			</points>
		</object>
		<object>
			<coordinate>pixel</coordinate>
			<type>rectangle</type>
			<description>None</description>
			<possibleresult>
				<name>Small Car</name>
			</possibleresult>
			<points>
				<point>310.000000,102.000000</point>
				<point>303.000000,121.000000</point>
				<point>292.897583,117.278046</point>
				<point>299.897583,98.278046</point>
				<point>310.000000,102.000000</point>
			</points>
		</object>
		<object>
			<coordinate>pixel</coordinate>
			<type>rectangle</type>
			<description>None</description>
			<possibleresult>
				<name>Intersection</name>
			</possibleresult>
			<points>
				<point>0.000008,364.770233</point>
				<point>-9.469063,327.890656</point>
				<point>68.000000,307.999969</point>
				<point>77.469070,344.879547</point>
				<point>0.000008,364.770233</point>
			</points>
		</object>
	</objects>
</annotation>