<?xml version="1.0" encoding="utf-8"?>
<annotation>
	<source>
		<filename>1434.tif</filename>
		<origin>GF2/GF3</origin>
	</source>
	<research>
		<version>1.0</version>
		<provider>FAIR1M</provider>
		<author>Cyber</author>
		<pluginname>FAIR1M</pluginname>
		<pluginclass>object detection</pluginclass>
		<time>2021-03</time>
	</research>
	<size>
		<width>1500</width>
		<height>1500</height>
		<depth>3</depth>
	</size>
	<objects>
		<object>
			<coordinate>pixel</coordinate>
			<type>rectangle</type>
			<description>None</description>
			<possibleresult>
				<name>Tugboat</name>
			</possibleresult>
			<points>
				<point>1126.000000,854.000000</point>
				<point>1139.000000,884.000000</point>
				<point>1150.000000,880.000000</point>
				<point>1137.000000,849.000000</point>
				<point>1126.000000,854.000000</point>
			</points>
		</object>
		<object>
			<coordinate>pixel</coordinate>
			<type>rectangle</type>
			<description>None</description>
			<possibleresult>
				<name>Dry Cargo Ship</name>
			</possibleresult>
			<points>
				<point>745.000000,826.000000</point>
				<point>793.000000,844.000000</point>
				<point>798.000000,832.000000</point>
				<point>749.000000,814.000000</point>
				<point>745.000000,826.000000</point>
			</points>
		</object>
		<object>
			<coordinate>pixel</coordinate>
			<type>rectangle</type>
			<description>None</description>
			<possibleresult>
				<name>Dry Cargo Ship</name>
			</possibleresult>
			<points>
				<point>206.000000,71.000000</point>
				<point>323.000000,123.000000</point>
				<point>332.000000,104.000000</point>
				<point>215.000000,52.000000</point>
				<point>206.000000,71.000000</point>
			</points>
		</object>
		<object>
			<coordinate>pixel</coordinate>
			<type>rectangle</type>
			<description>None</description>
			<possibleresult>
				<name>Tugboat</name>
			</possibleresult>
			<points>
				<point>476.000000,389.000000</point>
				<point>475.000000,354.000000</point>
				<point>461.000000,355.000000</point>
				<point>462.000000,390.000000</point>
				<point>476.000000,389.000000</point>
			</points>
		</object>
		<object>
			<coordinate>pixel</coordinate>
			<type>rectangle</type>
			<description>None</description>
			<possibleresult>
				<name>Tugboat</name>
			</possibleresult>
			<points>
				<point>286.000000,371.000000</point>
				<point>283.000000,335.000000</point>
				<point>270.000000,336.000000</point>
				<point>273.000000,372.000000</point>
				<point>286.000000,371.000000</point>
			</points>
		</object>
		<object>
			<coordinate>pixel</coordinate>
			<type>rectangle</type>
			<description>None</description>
			<possibleresult>
				<name>Dry Cargo Ship</name>
			</possibleresult>
			<points>
				<point>500.000000,388.000000</point>
				<point>282.000000,443.000000</point>
				<point>292.000000,484.000000</point>
				<point>510.000000,430.000000</point>
				<point>500.000000,388.000000</point>
			</points>
		</object>
		<object>
			<coordinate>pixel</coordinate>
			<type>rectangle</type>
			<description>None</description>
			<possibleresult>
				<name>Dry Cargo Ship</name>
			</possibleresult>
			<points>
				<point>478.000000,628.000000</point>
				<point>461.000000,867.000000</point>
				<point>503.000000,870.000000</point>
				<point>520.000000,631.000000</point>
				<point>478.000000,628.000000</point>
			</points>
		</object>
		<object>
			<coordinate>pixel</coordinate>
			<type>rectangle</type>
			<description>None</description>
			<possibleresult>
				<name>Liquid Cargo Ship</name>
			</possibleresult>
			<points>
				<point>872.000000,1018.000000</point>
				<point>970.000000,981.000000</point>
				<point>961.000000,958.000000</point>
				<point>863.000000,995.000000</point>
				<point>872.000000,1018.000000</point>
			</points>
		</object>
		<object>
			<coordinate>pixel</coordinate>
			<type>rectangle</type>
			<description>None</description>
			<possibleresult>
				<name>Dry Cargo Ship</name>
			</possibleresult>
			<points>
				<point>811.000000,953.000000</point>
				<point>804.000000,1036.000000</point>
				<point>820.000000,1038.000000</point>
				<point>828.000000,954.000000</point>
				<point>811.000000,953.000000</point>
			</points>
		</object>
		<object>
			<coordinate>pixel</coordinate>
			<type>rectangle</type>
			<description>None</description>
			<possibleresult>
				<name>Dry Cargo Ship</name>
			</possibleresult>
			<points>
				<point>818.000000,827.000000</point>
				<point>808.000000,935.000000</point>
				<point>827.000000,937.000000</point>
				<point>838.000000,829.000000</point>
				<point>818.000000,827.000000</point>
			</points>
		</object>
		<object>
			<coordinate>pixel</coordinate>
			<type>rectangle</type>
			<description>None</description>
			<possibleresult>
				<name>Dry Cargo Ship</name>
			</possibleresult>
			<points>
				<point>690.000000,834.000000</point>
				<point>680.000000,953.000000</point>
				<point>699.000000,955.000000</point>
				<point>708.000000,835.000000</point>
				<point>690.000000,834.000000</point>
			</points>
		</object>
		<object>
			<coordinate>pixel</coordinate>
			<type>rectangle</type>
			<description>None</description>
			<possibleresult>
				<name>Dry Cargo Ship</name>
			</possibleresult>
			<points>
				<point>707.000000,859.000000</point>
				<point>699.000000,945.000000</point>
				<point>717.000000,947.000000</point>
				<point>724.000000,860.000000</point>
				<point>707.000000,859.000000</point>
			</points>
		</object>
		<object>
			<coordinate>pixel</coordinate>
			<type>rectangle</type>
			<description>None</description>
			<possibleresult>
				<name>Dry Cargo Ship</name>
			</possibleresult>
			<points>
				<point>723.000000,870.000000</point>
				<point>716.000000,953.000000</point>
				<point>732.000000,955.000000</point>
				<point>739.000000,871.000000</point>
				<point>723.000000,870.000000</point>
			</points>
		</object>
		<object>
			<coordinate>pixel</coordinate>
			<type>rectangle</type>
			<description>None</description>
			<possibleresult>
				<name>Dry Cargo Ship</name>
			</possibleresult>
			<points>
				<point>693.000000,772.000000</point>
				<point>690.000000,832.000000</point>
				<point>704.000000,833.000000</point>
				<point>707.000000,773.000000</point>
				<point>693.000000,772.000000</point>
			</points>
		</object>
		<object>
			<coordinate>pixel</coordinate>
			<type>rectangle</type>
			<description>None</description>
			<possibleresult>
				<name>Dry Cargo Ship</name>
			</possibleresult>
			<points>
				<point>708.000000,773.000000</point>
				<point>704.000000,835.000000</point>
				<point>716.000000,835.000000</point>
				<point>719.000000,773.000000</point>
				<point>708.000000,773.000000</point>
			</points>
		</object>
		<object>
			<coordinate>pixel</coordinate>
			<type>rectangle</type>
			<description>None</description>
			<possibleresult>
				<name>Dry Cargo Ship</name>
			</possibleresult>
			<points>
				<point>719.000000,777.000000</point>
				<point>717.000000,834.000000</point>
				<point>728.000000,834.000000</point>
				<point>730.000000,778.000000</point>
				<point>719.000000,777.000000</point>
			</points>
		</object>
		<object>
			<coordinate>pixel</coordinate>
			<type>rectangle</type>
			<description>None</description>
			<possibleresult>
				<name>Dry Cargo Ship</name>
			</possibleresult>
			<points>
				<point>744.000000,811.000000</point>
				<point>805.000000,833.000000</point>
				<point>810.000000,822.000000</point>
				<point>748.000000,799.000000</point>
				<point>744.000000,811.000000</point>
			</points>
		</object>
		<object>
			<coordinate>pixel</coordinate>
			<type>rectangle</type>
			<description>None</description>
			<possibleresult>
				<name>Dry Cargo Ship</name>
			</possibleresult>
			<points>
				<point>745.000000,796.000000</point>
				<point>794.000000,814.000000</point>
				<point>797.000000,804.000000</point>
				<point>748.000000,787.000000</point>
				<point>745.000000,796.000000</point>
			</points>
		</object>
		<object>
			<coordinate>pixel</coordinate>
			<type>rectangle</type>
			<description>None</description>
			<possibleresult>
				<name>other-ship</name>
			</possibleresult>
			<points>
				<point>59.000000,1412.000000</point>
				<point>77.000000,1370.000000</point>
				<point>67.000000,1366.000000</point>
				<point>49.000000,1408.000000</point>
				<point>59.000000,1412.000000</point>
			</points>
		</object>
		<object>
			<coordinate>pixel</coordinate>
			<type>rectangle</type>
			<description>None</description>
			<possibleresult>
				<name>Engineering Ship</name>
			</possibleresult>
			<points>
				<point>68.000000,1363.000000</point>
				<point>-5.000000,1332.000000</point>
				<point>-26.000000,1383.000000</point>
				<point>47.000000,1414.000000</point>
				<point>68.000000,1363.000000</point>
			</points>
		</object>
		<object>
			<coordinate>pixel</coordinate>
			<type>rectangle</type>
			<description>None</description>
			<possibleresult>
				<name>other-ship</name>
			</possibleresult>
			<points>
				<point>87.000000,1394.000000</point>
				<point>103.000000,1366.000000</point>
				<point>93.000000,1360.000000</point>
				<point>77.000000,1388.000000</point>
				<point>87.000000,1394.000000</point>
			</points>
		</object>
		<object>
			<coordinate>pixel</coordinate>
			<type>rectangle</type>
			<description>None</description>
			<possibleresult>
				<name>Engineering Ship</name>
			</possibleresult>
			<points>
				<point>105.000000,1437.000000</point>
				<point>146.000000,1364.000000</point>
				<point>123.000000,1351.000000</point>
				<point>82.000000,1424.000000</point>
				<point>105.000000,1437.000000</point>
			</points>
		</object>
		<object>
			<coordinate>pixel</coordinate>
			<type>rectangle</type>
			<description>None</description>
			<possibleresult>
				<name>other-ship</name>
			</possibleresult>
			<points>
				<point>97.000000,1397.000000</point>
				<point>112.000000,1370.000000</point>
				<point>104.000000,1365.000000</point>
				<point>88.000000,1393.000000</point>
				<point>97.000000,1397.000000</point>
			</points>
		</object>
		<object>
			<coordinate>pixel</coordinate>
			<type>rectangle</type>
			<description>None</description>
			<possibleresult>
				<name>Engineering Ship</name>
			</possibleresult>
			<points>
				<point>145.000000,1458.000000</point>
				<point>177.000000,1392.000000</point>
				<point>140.000000,1374.000000</point>
				<point>108.000000,1441.000000</point>
				<point>145.000000,1458.000000</point>
			</points>
		</object>
		<object>
			<coordinate>pixel</coordinate>
			<type>rectangle</type>
			<description>None</description>
			<possibleresult>
				<name>Engineering Ship</name>
			</possibleresult>
			<points>
				<point>177.000000,1474.000000</point>
				<point>205.000000,1419.000000</point>
				<point>178.000000,1405.000000</point>
				<point>150.000000,1460.000000</point>
				<point>177.000000,1474.000000</point>
			</points>
		</object>
		<object>
			<coordinate>pixel</coordinate>
			<type>rectangle</type>
			<description>None</description>
			<possibleresult>
				<name>Engineering Ship</name>
			</possibleresult>
			<points>
				<point>208.000000,1489.000000</point>
				<point>251.000000,1414.000000</point>
				<point>219.000000,1396.000000</point>
				<point>176.000000,1471.000000</point>
				<point>208.000000,1489.000000</point>
			</points>
		</object>
		<object>
			<coordinate>pixel</coordinate>
			<type>rectangle</type>
			<description>None</description>
			<possibleresult>
				<name>Dry Cargo Ship</name>
			</possibleresult>
			<points>
				<point>936.000000,1337.000000</point>
				<point>1037.000000,1398.000000</point>
				<point>1048.000000,1379.000000</point>
				<point>947.000000,1318.000000</point>
				<point>936.000000,1337.000000</point>
			</points>
		</object>
		<object>
			<coordinate>pixel</coordinate>
			<type>rectangle</type>
			<description>None</description>
			<possibleresult>
				<name>Motorboat</name>
			</possibleresult>
			<points>
				<point>1387.000000,1329.000000</point>
				<point>1364.000000,1320.000000</point>
				<point>1360.000000,1330.000000</point>
				<point>1383.000000,1339.000000</point>
				<point>1387.000000,1329.000000</point>
			</points>
		</object>
		<object>
			<coordinate>pixel</coordinate>
			<type>rectangle</type>
			<description>None</description>
			<possibleresult>
				<name>Dry Cargo Ship</name>
			</possibleresult>
			<points>
				<point>1314.000000,919.000000</point>
				<point>1331.000000,1145.000000</point>
				<point>1372.000000,1142.000000</point>
				<point>1356.000000,916.000000</point>
				<point>1314.000000,919.000000</point>
			</points>
		</object>
		<object>
			<coordinate>pixel</coordinate>
			<type>rectangle</type>
			<description>None</description>
			<possibleresult>
				<name>Tugboat</name>
			</possibleresult>
			<points>
				<point>1305.000000,1158.000000</point>
				<point>1304.000000,1117.000000</point>
				<point>1281.000000,1117.000000</point>
				<point>1282.000000,1158.000000</point>
				<point>1305.000000,1158.000000</point>
			</points>
		</object>
		<object>
			<coordinate>pixel</coordinate>
			<type>rectangle</type>
			<description>None</description>
			<possibleresult>
				<name>Dry Cargo Ship</name>
			</possibleresult>
			<points>
				<point>1288.000000,597.000000</point>
				<point>1307.000000,855.000000</point>
				<point>1351.000000,852.000000</point>
				<point>1332.000000,594.000000</point>
				<point>1288.000000,597.000000</point>
			</points>
		</object>
		<object>
			<coordinate>pixel</coordinate>
			<type>rectangle</type>
			<description>None</description>
			<possibleresult>
				<name>Dry Cargo Ship</name>
			</possibleresult>
			<points>
				<point>877.000000,552.000000</point>
				<point>858.000000,805.000000</point>
				<point>900.000000,808.000000</point>
				<point>920.000000,555.000000</point>
				<point>877.000000,552.000000</point>
			</points>
		</object>
		<object>
			<coordinate>pixel</coordinate>
			<type>rectangle</type>
			<description>None</description>
			<possibleresult>
				<name>Dry Cargo Ship</name>
			</possibleresult>
			<points>
				<point>903.000000,505.000000</point>
				<point>914.000000,380.000000</point>
				<point>892.000000,378.000000</point>
				<point>880.000000,503.000000</point>
				<point>903.000000,505.000000</point>
			</points>
		</object>
		<object>
			<coordinate>pixel</coordinate>
			<type>rectangle</type>
			<description>None</description>
			<possibleresult>
				<name>Dry Cargo Ship</name>
			</possibleresult>
			<points>
				<point>982.000000,425.000000</point>
				<point>1138.000000,493.000000</point>
				<point>1150.000000,464.000000</point>
				<point>995.000000,396.000000</point>
				<point>982.000000,425.000000</point>
			</points>
		</object>
		<object>
			<coordinate>pixel</coordinate>
			<type>rectangle</type>
			<description>None</description>
			<possibleresult>
				<name>Tugboat</name>
			</possibleresult>
			<points>
				<point>1289.000000,625.000000</point>
				<point>1267.000000,621.000000</point>
				<point>1264.000000,634.000000</point>
				<point>1286.000000,638.000000</point>
				<point>1289.000000,625.000000</point>
			</points>
		</object>
		<object>
			<coordinate>pixel</coordinate>
			<type>rectangle</type>
			<description>None</description>
			<possibleresult>
				<name>Dry Cargo Ship</name>
			</possibleresult>
			<points>
				<point>906.000000,739.000000</point>
				<point>901.000000,808.000000</point>
				<point>915.000000,809.000000</point>
				<point>920.000000,740.000000</point>
				<point>906.000000,739.000000</point>
			</points>
		</object>
	</objects>
</annotation>