<?xml version="1.0" encoding="utf-8"?>
<annotation>
	<source>
		<filename>1435.tif</filename>
		<origin>GF2/GF3</origin>
	</source>
	<research>
		<version>1.0</version>
		<provider>FAIR1M</provider>
		<author>Cyber</author>
		<pluginname>FAIR1M</pluginname>
		<pluginclass>object detection</pluginclass>
		<time>2021-03</time>
	</research>
	<size>
		<width>1000</width>
		<height>1000</height>
		<depth>3</depth>
	</size>
	<objects>
		<object>
			<coordinate>pixel</coordinate>
			<type>rectangle</type>
			<description>None</description>
			<possibleresult>
				<name>Van</name>
			</possibleresult>
			<points>
				<point>906.000000,946.000000</point>
				<point>897.000000,946.000000</point>
				<point>897.000000,930.000000</point>
				<point>906.000000,930.000000</point>
				<point>906.000000,946.000000</point>
			</points>
		</object>
		<object>
			<coordinate>pixel</coordinate>
			<type>rectangle</type>
			<description>None</description>
			<possibleresult>
				<name>Van</name>
			</possibleresult>
			<points>
				<point>990.362915,677.016479</point>
				<point>990.000000,685.000000</point>
				<point>967.637085,683.983521</point>
				<point>968.000000,676.000000</point>
				<point>990.362915,677.016479</point>
			</points>
		</object>
		<object>
			<coordinate>pixel</coordinate>
			<type>rectangle</type>
			<description>None</description>
			<possibleresult>
				<name>Small Car</name>
			</possibleresult>
			<points>
				<point>993.374390,321.015594</point>
				<point>993.000000,329.999969</point>
				<point>969.000000,328.999969</point>
				<point>969.374390,320.015594</point>
				<point>993.374390,321.015594</point>
			</points>
		</object>
		<object>
			<coordinate>pixel</coordinate>
			<type>rectangle</type>
			<description>None</description>
			<possibleresult>
				<name>Van</name>
			</possibleresult>
			<points>
				<point>866.999939,278.999969</point>
				<point>866.707092,286.029449</point>
				<point>842.707092,285.029449</point>
				<point>842.999939,277.999969</point>
				<point>866.999939,278.999969</point>
			</points>
		</object>
		<object>
			<coordinate>pixel</coordinate>
			<type>rectangle</type>
			<description>None</description>
			<possibleresult>
				<name>Small Car</name>
			</possibleresult>
			<points>
				<point>900.019470,255.688751</point>
				<point>899.000061,272.000031</point>
				<point>887.980652,271.311310</point>
				<point>889.000061,255.000031</point>
				<point>900.019470,255.688751</point>
			</points>
		</object>
		<object>
			<coordinate>pixel</coordinate>
			<type>rectangle</type>
			<description>None</description>
			<possibleresult>
				<name>Small Car</name>
			</possibleresult>
			<points>
				<point>931.000000,259.000000</point>
				<point>920.000000,259.000000</point>
				<point>920.000000,239.000000</point>
				<point>931.000000,239.000000</point>
				<point>931.000000,259.000000</point>
			</points>
		</object>
		<object>
			<coordinate>pixel</coordinate>
			<type>rectangle</type>
			<description>None</description>
			<possibleresult>
				<name>Small Car</name>
			</possibleresult>
			<points>
				<point>927.000000,185.000000</point>
				<point>918.000000,185.000000</point>
				<point>918.000000,169.000000</point>
				<point>927.000000,169.000000</point>
				<point>927.000000,185.000000</point>
			</points>
		</object>
		<object>
			<coordinate>pixel</coordinate>
			<type>rectangle</type>
			<description>None</description>
			<possibleresult>
				<name>Small Car</name>
			</possibleresult>
			<points>
				<point>717.000000,125.000000</point>
				<point>707.000000,125.000000</point>
				<point>707.000000,110.000000</point>
				<point>717.000000,110.000000</point>
				<point>717.000000,125.000000</point>
			</points>
		</object>
		<object>
			<coordinate>pixel</coordinate>
			<type>rectangle</type>
			<description>None</description>
			<possibleresult>
				<name>Van</name>
			</possibleresult>
			<points>
				<point>560.022705,333.501068</point>
				<point>559.000000,356.000031</point>
				<point>547.977295,355.498993</point>
				<point>549.000000,333.000031</point>
				<point>560.022705,333.501068</point>
			</points>
		</object>
		<object>
			<coordinate>pixel</coordinate>
			<type>rectangle</type>
			<description>None</description>
			<possibleresult>
				<name>Van</name>
			</possibleresult>
			<points>
				<point>528.000000,374.999969</point>
				<point>518.050781,375.710602</point>
				<point>517.000000,360.999969</point>
				<point>526.949219,360.289337</point>
				<point>528.000000,374.999969</point>
			</points>
		</object>
		<object>
			<coordinate>pixel</coordinate>
			<type>rectangle</type>
			<description>None</description>
			<possibleresult>
				<name>Van</name>
			</possibleresult>
			<points>
				<point>93.000000,776.000000</point>
				<point>73.527618,777.024902</point>
				<point>73.000000,767.000000</point>
				<point>92.472382,765.975098</point>
				<point>93.000000,776.000000</point>
			</points>
		</object>
		<object>
			<coordinate>pixel</coordinate>
			<type>rectangle</type>
			<description>None</description>
			<possibleresult>
				<name>Van</name>
			</possibleresult>
			<points>
				<point>208.000000,137.000000</point>
				<point>201.000000,137.000000</point>
				<point>201.000000,121.000000</point>
				<point>208.000000,121.000000</point>
				<point>208.000000,137.000000</point>
			</points>
		</object>
		<object>
			<coordinate>pixel</coordinate>
			<type>rectangle</type>
			<description>None</description>
			<possibleresult>
				<name>Van</name>
			</possibleresult>
			<points>
				<point>36.000000,200.000000</point>
				<point>12.000000,200.000000</point>
				<point>12.000000,192.000000</point>
				<point>36.000000,192.000000</point>
				<point>36.000000,200.000000</point>
			</points>
		</object>
		<object>
			<coordinate>pixel</coordinate>
			<type>rectangle</type>
			<description>None</description>
			<possibleresult>
				<name>Small Car</name>
			</possibleresult>
			<points>
				<point>812.027588,4.531029</point>
				<point>811.000000,21.999994</point>
				<point>801.972412,21.468960</point>
				<point>803.000000,3.999994</point>
				<point>812.027588,4.531029</point>
			</points>
		</object>
		<object>
			<coordinate>pixel</coordinate>
			<type>rectangle</type>
			<description>None</description>
			<possibleresult>
				<name>Van</name>
			</possibleresult>
			<points>
				<point>558.000000,269.000000</point>
				<point>546.000000,269.000000</point>
				<point>546.000000,250.000000</point>
				<point>558.000000,250.000000</point>
				<point>558.000000,269.000000</point>
			</points>
		</object>
		<object>
			<coordinate>pixel</coordinate>
			<type>rectangle</type>
			<description>None</description>
			<possibleresult>
				<name>Dump Truck</name>
			</possibleresult>
			<points>
				<point>520.000061,222.000015</point>
				<point>511.000061,240.000015</point>
				<point>503.000061,236.000015</point>
				<point>512.000061,218.000015</point>
				<point>520.000061,222.000015</point>
			</points>
		</object>
		<object>
			<coordinate>pixel</coordinate>
			<type>rectangle</type>
			<description>None</description>
			<possibleresult>
				<name>Van</name>
			</possibleresult>
			<points>
				<point>916.000000,878.999939</point>
				<point>908.461914,885.532898</point>
				<point>895.000000,869.999939</point>
				<point>902.538086,863.466980</point>
				<point>916.000000,878.999939</point>
			</points>
		</object>
	</objects>
</annotation>