<?xml version="1.0" encoding="utf-8"?>
<annotation>
	<source>
		<filename>1439.tif</filename>
		<origin>GF2/GF3</origin>
	</source>
	<research>
		<version>1.0</version>
		<provider>FAIR1M</provider>
		<author>Cyber</author>
		<pluginname>FAIR1M</pluginname>
		<pluginclass>object detection</pluginclass>
		<time>2021-03</time>
	</research>
	<size>
		<width>1500</width>
		<height>1500</height>
		<depth>3</depth>
	</size>
	<objects>
		<object>
			<coordinate>pixel</coordinate>
			<type>rectangle</type>
			<description>None</description>
			<possibleresult>
				<name>Dry Cargo Ship</name>
			</possibleresult>
			<points>
				<point>480.000000,73.000000</point>
				<point>452.000000,0.000000</point>
				<point>435.000000,6.000000</point>
				<point>463.000000,80.000000</point>
				<point>480.000000,73.000000</point>
			</points>
		</object>
		<object>
			<coordinate>pixel</coordinate>
			<type>rectangle</type>
			<description>None</description>
			<possibleresult>
				<name>Dry Cargo Ship</name>
			</possibleresult>
			<points>
				<point>707.000000,361.000000</point>
				<point>627.000000,316.000000</point>
				<point>618.000000,331.000000</point>
				<point>699.000000,376.000000</point>
				<point>707.000000,361.000000</point>
			</points>
		</object>
		<object>
			<coordinate>pixel</coordinate>
			<type>rectangle</type>
			<description>None</description>
			<possibleresult>
				<name>Tugboat</name>
			</possibleresult>
			<points>
				<point>713.000000,360.000000</point>
				<point>701.000000,324.000000</point>
				<point>690.000000,328.000000</point>
				<point>702.000000,364.000000</point>
				<point>713.000000,360.000000</point>
			</points>
		</object>
		<object>
			<coordinate>pixel</coordinate>
			<type>rectangle</type>
			<description>None</description>
			<possibleresult>
				<name>Tugboat</name>
			</possibleresult>
			<points>
				<point>838.000000,795.000000</point>
				<point>795.000000,815.000000</point>
				<point>801.000000,829.000000</point>
				<point>844.000000,809.000000</point>
				<point>838.000000,795.000000</point>
			</points>
		</object>
		<object>
			<coordinate>pixel</coordinate>
			<type>rectangle</type>
			<description>None</description>
			<possibleresult>
				<name>Passenger Ship</name>
			</possibleresult>
			<points>
				<point>755.000000,893.000000</point>
				<point>794.000000,875.000000</point>
				<point>791.000000,868.000000</point>
				<point>752.000000,885.000000</point>
				<point>755.000000,893.000000</point>
			</points>
		</object>
		<object>
			<coordinate>pixel</coordinate>
			<type>rectangle</type>
			<description>None</description>
			<possibleresult>
				<name>Passenger Ship</name>
			</possibleresult>
			<points>
				<point>834.000000,847.000000</point>
				<point>795.000000,862.000000</point>
				<point>799.000000,871.000000</point>
				<point>837.000000,856.000000</point>
				<point>834.000000,847.000000</point>
			</points>
		</object>
		<object>
			<coordinate>pixel</coordinate>
			<type>rectangle</type>
			<description>None</description>
			<possibleresult>
				<name>Passenger Ship</name>
			</possibleresult>
			<points>
				<point>872.000000,826.000000</point>
				<point>837.000000,844.000000</point>
				<point>841.000000,852.000000</point>
				<point>877.000000,835.000000</point>
				<point>872.000000,826.000000</point>
			</points>
		</object>
		<object>
			<coordinate>pixel</coordinate>
			<type>rectangle</type>
			<description>None</description>
			<possibleresult>
				<name>Passenger Ship</name>
			</possibleresult>
			<points>
				<point>879.000000,836.000000</point>
				<point>839.000000,854.000000</point>
				<point>843.000000,863.000000</point>
				<point>883.000000,845.000000</point>
				<point>879.000000,836.000000</point>
			</points>
		</object>
		<object>
			<coordinate>pixel</coordinate>
			<type>rectangle</type>
			<description>None</description>
			<possibleresult>
				<name>Tugboat</name>
			</possibleresult>
			<points>
				<point>851.000000,808.000000</point>
				<point>807.000000,827.000000</point>
				<point>813.000000,840.000000</point>
				<point>857.000000,821.000000</point>
				<point>851.000000,808.000000</point>
			</points>
		</object>
		<object>
			<coordinate>pixel</coordinate>
			<type>rectangle</type>
			<description>None</description>
			<possibleresult>
				<name>Warship</name>
			</possibleresult>
			<points>
				<point>947.000000,893.000000</point>
				<point>868.000000,892.000000</point>
				<point>868.000000,906.000000</point>
				<point>947.000000,907.000000</point>
				<point>947.000000,893.000000</point>
			</points>
		</object>
		<object>
			<coordinate>pixel</coordinate>
			<type>rectangle</type>
			<description>None</description>
			<possibleresult>
				<name>Warship</name>
			</possibleresult>
			<points>
				<point>949.000000,908.000000</point>
				<point>865.000000,907.000000</point>
				<point>865.000000,918.000000</point>
				<point>949.000000,920.000000</point>
				<point>949.000000,908.000000</point>
			</points>
		</object>
		<object>
			<coordinate>pixel</coordinate>
			<type>rectangle</type>
			<description>None</description>
			<possibleresult>
				<name>Warship</name>
			</possibleresult>
			<points>
				<point>945.000000,920.000000</point>
				<point>865.000000,919.000000</point>
				<point>865.000000,930.000000</point>
				<point>945.000000,931.000000</point>
				<point>945.000000,920.000000</point>
			</points>
		</object>
		<object>
			<coordinate>pixel</coordinate>
			<type>rectangle</type>
			<description>None</description>
			<possibleresult>
				<name>Warship</name>
			</possibleresult>
			<points>
				<point>941.000000,932.000000</point>
				<point>866.000000,931.000000</point>
				<point>866.000000,942.000000</point>
				<point>940.000000,943.000000</point>
				<point>941.000000,932.000000</point>
			</points>
		</object>
		<object>
			<coordinate>pixel</coordinate>
			<type>rectangle</type>
			<description>None</description>
			<possibleresult>
				<name>Warship</name>
			</possibleresult>
			<points>
				<point>994.000000,957.000000</point>
				<point>849.000000,955.000000</point>
				<point>848.000000,974.000000</point>
				<point>994.000000,976.000000</point>
				<point>994.000000,957.000000</point>
			</points>
		</object>
		<object>
			<coordinate>pixel</coordinate>
			<type>rectangle</type>
			<description>None</description>
			<possibleresult>
				<name>Warship</name>
			</possibleresult>
			<points>
				<point>993.000000,977.000000</point>
				<point>849.000000,975.000000</point>
				<point>849.000000,996.000000</point>
				<point>993.000000,998.000000</point>
				<point>993.000000,977.000000</point>
			</points>
		</object>
		<object>
			<coordinate>pixel</coordinate>
			<type>rectangle</type>
			<description>None</description>
			<possibleresult>
				<name>Warship</name>
			</possibleresult>
			<points>
				<point>985.000000,1082.000000</point>
				<point>813.000000,1083.000000</point>
				<point>813.000000,1110.000000</point>
				<point>985.000000,1109.000000</point>
				<point>985.000000,1082.000000</point>
			</points>
		</object>
		<object>
			<coordinate>pixel</coordinate>
			<type>rectangle</type>
			<description>None</description>
			<possibleresult>
				<name>Dry Cargo Ship</name>
			</possibleresult>
			<points>
				<point>852.000000,1218.000000</point>
				<point>907.000000,1218.000000</point>
				<point>907.000000,1206.000000</point>
				<point>852.000000,1206.000000</point>
				<point>852.000000,1218.000000</point>
			</points>
		</object>
		<object>
			<coordinate>pixel</coordinate>
			<type>rectangle</type>
			<description>None</description>
			<possibleresult>
				<name>Liquid Cargo Ship</name>
			</possibleresult>
			<points>
				<point>858.000000,1246.000000</point>
				<point>914.000000,1246.000000</point>
				<point>914.000000,1231.000000</point>
				<point>858.000000,1231.000000</point>
				<point>858.000000,1246.000000</point>
			</points>
		</object>
		<object>
			<coordinate>pixel</coordinate>
			<type>rectangle</type>
			<description>None</description>
			<possibleresult>
				<name>Tugboat</name>
			</possibleresult>
			<points>
				<point>792.000000,1026.000000</point>
				<point>823.000000,1026.000000</point>
				<point>823.000000,1011.000000</point>
				<point>792.000000,1011.000000</point>
				<point>792.000000,1026.000000</point>
			</points>
		</object>
		<object>
			<coordinate>pixel</coordinate>
			<type>rectangle</type>
			<description>None</description>
			<possibleresult>
				<name>Fishing Boat</name>
			</possibleresult>
			<points>
				<point>918.000000,1352.000000</point>
				<point>884.000000,1352.000000</point>
				<point>884.000000,1360.000000</point>
				<point>918.000000,1360.000000</point>
				<point>918.000000,1352.000000</point>
			</points>
		</object>
		<object>
			<coordinate>pixel</coordinate>
			<type>rectangle</type>
			<description>None</description>
			<possibleresult>
				<name>Fishing Boat</name>
			</possibleresult>
			<points>
				<point>959.000000,1358.000000</point>
				<point>924.000000,1357.000000</point>
				<point>924.000000,1366.000000</point>
				<point>959.000000,1367.000000</point>
				<point>959.000000,1358.000000</point>
			</points>
		</object>
		<object>
			<coordinate>pixel</coordinate>
			<type>rectangle</type>
			<description>None</description>
			<possibleresult>
				<name>Fishing Boat</name>
			</possibleresult>
			<points>
				<point>920.000000,1361.000000</point>
				<point>885.000000,1361.000000</point>
				<point>885.000000,1370.000000</point>
				<point>920.000000,1371.000000</point>
				<point>920.000000,1361.000000</point>
			</points>
		</object>
		<object>
			<coordinate>pixel</coordinate>
			<type>rectangle</type>
			<description>None</description>
			<possibleresult>
				<name>Fishing Boat</name>
			</possibleresult>
			<points>
				<point>920.000000,1382.000000</point>
				<point>879.000000,1382.000000</point>
				<point>879.000000,1392.000000</point>
				<point>920.000000,1393.000000</point>
				<point>920.000000,1382.000000</point>
			</points>
		</object>
		<object>
			<coordinate>pixel</coordinate>
			<type>rectangle</type>
			<description>None</description>
			<possibleresult>
				<name>Fishing Boat</name>
			</possibleresult>
			<points>
				<point>958.000000,1382.000000</point>
				<point>922.000000,1382.000000</point>
				<point>922.000000,1391.000000</point>
				<point>958.000000,1391.000000</point>
				<point>958.000000,1382.000000</point>
			</points>
		</object>
		<object>
			<coordinate>pixel</coordinate>
			<type>rectangle</type>
			<description>None</description>
			<possibleresult>
				<name>Dry Cargo Ship</name>
			</possibleresult>
			<points>
				<point>48.000000,1158.000000</point>
				<point>127.000000,1084.000000</point>
				<point>110.000000,1066.000000</point>
				<point>31.000000,1139.000000</point>
				<point>48.000000,1158.000000</point>
			</points>
		</object>
		<object>
			<coordinate>pixel</coordinate>
			<type>rectangle</type>
			<description>None</description>
			<possibleresult>
				<name>Tugboat</name>
			</possibleresult>
			<points>
				<point>354.000000,1224.000000</point>
				<point>353.000000,1265.000000</point>
				<point>370.000000,1266.000000</point>
				<point>370.000000,1224.000000</point>
				<point>354.000000,1224.000000</point>
			</points>
		</object>
	</objects>
</annotation>