<?xml version="1.0" encoding="utf-8"?>
<annotation>
	<source>
		<filename>144.tif</filename>
		<origin>GF2/GF3</origin>
	</source>
	<research>
		<version>1.0</version>
		<provider>FAIR1M</provider>
		<author>Cyber</author>
		<pluginname>FAIR1M</pluginname>
		<pluginclass>object detection</pluginclass>
		<time>2021-03</time>
	</research>
	<size>
		<width>1000</width>
		<height>1000</height>
		<depth>3</depth>
	</size>
	<objects>
		<object>
			<coordinate>pixel</coordinate>
			<type>rectangle</type>
			<description>None</description>
			<possibleresult>
				<name>Small Car</name>
			</possibleresult>
			<points>
				<point>212.000000,791.000000</point>
				<point>202.000000,791.000000</point>
				<point>202.000000,776.000000</point>
				<point>212.000000,776.000000</point>
				<point>212.000000,791.000000</point>
			</points>
		</object>
		<object>
			<coordinate>pixel</coordinate>
			<type>rectangle</type>
			<description>None</description>
			<possibleresult>
				<name>Small Car</name>
			</possibleresult>
			<points>
				<point>216.025391,882.355347</point>
				<point>207.000000,883.000000</point>
				<point>206.000000,869.000000</point>
				<point>215.025391,868.355347</point>
				<point>216.025391,882.355347</point>
			</points>
		</object>
		<object>
			<coordinate>pixel</coordinate>
			<type>rectangle</type>
			<description>None</description>
			<possibleresult>
				<name>Van</name>
			</possibleresult>
			<points>
				<point>216.023361,888.626526</point>
				<point>215.000015,905.000061</point>
				<point>204.976669,904.373596</point>
				<point>206.000015,888.000061</point>
				<point>216.023361,888.626526</point>
			</points>
		</object>
		<object>
			<coordinate>pixel</coordinate>
			<type>rectangle</type>
			<description>None</description>
			<possibleresult>
				<name>Van</name>
			</possibleresult>
			<points>
				<point>216.000000,926.000000</point>
				<point>206.000000,926.000000</point>
				<point>206.000000,911.000000</point>
				<point>216.000000,911.000000</point>
				<point>216.000000,926.000000</point>
			</points>
		</object>
		<object>
			<coordinate>pixel</coordinate>
			<type>rectangle</type>
			<description>None</description>
			<possibleresult>
				<name>Van</name>
			</possibleresult>
			<points>
				<point>724.975708,992.417664</point>
				<point>711.000000,992.999939</point>
				<point>710.000000,968.999939</point>
				<point>723.975708,968.417664</point>
				<point>724.975708,992.417664</point>
			</points>
		</object>
		<object>
			<coordinate>pixel</coordinate>
			<type>rectangle</type>
			<description>None</description>
			<possibleresult>
				<name>Van</name>
			</possibleresult>
			<points>
				<point>723.729553,919.024597</point>
				<point>712.729553,920.024597</point>
				<point>711.000061,901.000061</point>
				<point>722.000061,900.000061</point>
				<point>723.729553,919.024597</point>
			</points>
		</object>
		<object>
			<coordinate>pixel</coordinate>
			<type>rectangle</type>
			<description>None</description>
			<possibleresult>
				<name>Small Car</name>
			</possibleresult>
			<points>
				<point>753.000000,901.000000</point>
				<point>742.000000,901.000000</point>
				<point>742.000000,883.000000</point>
				<point>753.000000,883.000000</point>
				<point>753.000000,901.000000</point>
			</points>
		</object>
		<object>
			<coordinate>pixel</coordinate>
			<type>rectangle</type>
			<description>None</description>
			<possibleresult>
				<name>Small Car</name>
			</possibleresult>
			<points>
				<point>721.000000,817.000000</point>
				<point>712.000000,817.000000</point>
				<point>712.000000,799.000000</point>
				<point>721.000000,799.000000</point>
				<point>721.000000,817.000000</point>
			</points>
		</object>
		<object>
			<coordinate>pixel</coordinate>
			<type>rectangle</type>
			<description>None</description>
			<possibleresult>
				<name>Dump Truck</name>
			</possibleresult>
			<points>
				<point>722.000000,843.000000</point>
				<point>711.000000,843.000000</point>
				<point>711.000000,823.000000</point>
				<point>722.000000,823.000000</point>
				<point>722.000000,843.000000</point>
			</points>
		</object>
		<object>
			<coordinate>pixel</coordinate>
			<type>rectangle</type>
			<description>None</description>
			<possibleresult>
				<name>Small Car</name>
			</possibleresult>
			<points>
				<point>756.017822,840.265625</point>
				<point>745.000122,841.000122</point>
				<point>743.982422,825.734619</point>
				<point>755.000122,825.000122</point>
				<point>756.017822,840.265625</point>
			</points>
		</object>
		<object>
			<coordinate>pixel</coordinate>
			<type>rectangle</type>
			<description>None</description>
			<possibleresult>
				<name>Dump Truck</name>
			</possibleresult>
			<points>
				<point>753.000000,824.000000</point>
				<point>742.000000,824.000000</point>
				<point>742.000000,805.000000</point>
				<point>753.000000,805.000000</point>
				<point>753.000000,824.000000</point>
			</points>
		</object>
		<object>
			<coordinate>pixel</coordinate>
			<type>rectangle</type>
			<description>None</description>
			<possibleresult>
				<name>other-vehicle</name>
			</possibleresult>
			<points>
				<point>753.000061,754.000061</point>
				<point>751.000061,776.000061</point>
				<point>740.000061,775.000061</point>
				<point>742.000061,753.000061</point>
				<point>753.000061,754.000061</point>
			</points>
		</object>
		<object>
			<coordinate>pixel</coordinate>
			<type>rectangle</type>
			<description>None</description>
			<possibleresult>
				<name>Small Car</name>
			</possibleresult>
			<points>
				<point>755.024963,729.477356</point>
				<point>754.000061,750.999939</point>
				<point>743.975159,750.522522</point>
				<point>745.000061,728.999939</point>
				<point>755.024963,729.477356</point>
			</points>
		</object>
		<object>
			<coordinate>pixel</coordinate>
			<type>rectangle</type>
			<description>None</description>
			<possibleresult>
				<name>Small Car</name>
			</possibleresult>
			<points>
				<point>755.000000,702.000000</point>
				<point>745.000000,702.000000</point>
				<point>745.000000,686.000000</point>
				<point>755.000000,686.000000</point>
				<point>755.000000,702.000000</point>
			</points>
		</object>
		<object>
			<coordinate>pixel</coordinate>
			<type>rectangle</type>
			<description>None</description>
			<possibleresult>
				<name>Small Car</name>
			</possibleresult>
			<points>
				<point>575.999939,715.000000</point>
				<point>568.022034,715.419922</point>
				<point>566.999939,696.000000</point>
				<point>574.977844,695.580078</point>
				<point>575.999939,715.000000</point>
			</points>
		</object>
		<object>
			<coordinate>pixel</coordinate>
			<type>rectangle</type>
			<description>None</description>
			<possibleresult>
				<name>Small Car</name>
			</possibleresult>
			<points>
				<point>544.000000,634.000000</point>
				<point>524.000000,634.000000</point>
				<point>524.000000,625.000000</point>
				<point>544.000000,625.000000</point>
				<point>544.000000,634.000000</point>
			</points>
		</object>
		<object>
			<coordinate>pixel</coordinate>
			<type>rectangle</type>
			<description>None</description>
			<possibleresult>
				<name>Small Car</name>
			</possibleresult>
			<points>
				<point>464.351654,634.032532</point>
				<point>444.351654,635.032532</point>
				<point>444.000031,628.000061</point>
				<point>464.000031,627.000061</point>
				<point>464.351654,634.032532</point>
			</points>
		</object>
		<object>
			<coordinate>pixel</coordinate>
			<type>rectangle</type>
			<description>None</description>
			<possibleresult>
				<name>Small Car</name>
			</possibleresult>
			<points>
				<point>495.000000,635.000000</point>
				<point>476.000000,635.000000</point>
				<point>476.000000,626.000000</point>
				<point>495.000000,626.000000</point>
				<point>495.000000,635.000000</point>
			</points>
		</object>
		<object>
			<coordinate>pixel</coordinate>
			<type>rectangle</type>
			<description>None</description>
			<possibleresult>
				<name>Van</name>
			</possibleresult>
			<points>
				<point>427.000000,604.000000</point>
				<point>410.000000,604.000000</point>
				<point>410.000000,595.000000</point>
				<point>427.000000,595.000000</point>
				<point>427.000000,604.000000</point>
			</points>
		</object>
		<object>
			<coordinate>pixel</coordinate>
			<type>rectangle</type>
			<description>None</description>
			<possibleresult>
				<name>Small Car</name>
			</possibleresult>
			<points>
				<point>391.349121,631.982605</point>
				<point>371.000000,633.000061</point>
				<point>370.650879,626.017517</point>
				<point>391.000000,625.000061</point>
				<point>391.349121,631.982605</point>
			</points>
		</object>
		<object>
			<coordinate>pixel</coordinate>
			<type>rectangle</type>
			<description>None</description>
			<possibleresult>
				<name>Small Car</name>
			</possibleresult>
			<points>
				<point>368.000000,634.000000</point>
				<point>345.000000,634.000000</point>
				<point>345.000000,625.000000</point>
				<point>368.000000,625.000000</point>
				<point>368.000000,634.000000</point>
			</points>
		</object>
		<object>
			<coordinate>pixel</coordinate>
			<type>rectangle</type>
			<description>None</description>
			<possibleresult>
				<name>Small Car</name>
			</possibleresult>
			<points>
				<point>281.468994,625.027588</point>
				<point>281.000000,633.000000</point>
				<point>263.531006,631.972412</point>
				<point>264.000000,624.000000</point>
				<point>281.468994,625.027588</point>
			</points>
		</object>
		<object>
			<coordinate>pixel</coordinate>
			<type>rectangle</type>
			<description>None</description>
			<possibleresult>
				<name>Dump Truck</name>
			</possibleresult>
			<points>
				<point>308.000000,633.000000</point>
				<point>284.000000,633.000000</point>
				<point>284.000000,625.000000</point>
				<point>308.000000,625.000000</point>
				<point>308.000000,633.000000</point>
			</points>
		</object>
		<object>
			<coordinate>pixel</coordinate>
			<type>rectangle</type>
			<description>None</description>
			<possibleresult>
				<name>Small Car</name>
			</possibleresult>
			<points>
				<point>321.000000,604.000000</point>
				<point>298.000000,604.000000</point>
				<point>298.000000,593.000000</point>
				<point>321.000000,593.000000</point>
				<point>321.000000,604.000000</point>
			</points>
		</object>
		<object>
			<coordinate>pixel</coordinate>
			<type>rectangle</type>
			<description>None</description>
			<possibleresult>
				<name>Small Car</name>
			</possibleresult>
			<points>
				<point>290.000000,603.000000</point>
				<point>268.000000,603.000000</point>
				<point>268.000000,594.000000</point>
				<point>290.000000,594.000000</point>
				<point>290.000000,603.000000</point>
			</points>
		</object>
		<object>
			<coordinate>pixel</coordinate>
			<type>rectangle</type>
			<description>None</description>
			<possibleresult>
				<name>Intersection</name>
			</possibleresult>
			<points>
				<point>232.000015,588.000061</point>
				<point>229.196274,645.009705</point>
				<point>168.000015,642.000061</point>
				<point>170.803757,584.990417</point>
				<point>232.000015,588.000061</point>
			</points>
		</object>
		<object>
			<coordinate>pixel</coordinate>
			<type>rectangle</type>
			<description>None</description>
			<possibleresult>
				<name>Van</name>
			</possibleresult>
			<points>
				<point>191.000000,555.000000</point>
				<point>181.972412,555.531006</point>
				<point>180.972412,538.531006</point>
				<point>190.000000,538.000000</point>
				<point>191.000000,555.000000</point>
			</points>
		</object>
		<object>
			<coordinate>pixel</coordinate>
			<type>rectangle</type>
			<description>None</description>
			<possibleresult>
				<name>Intersection</name>
			</possibleresult>
			<points>
				<point>773.000000,586.000000</point>
				<point>769.561646,647.031616</point>
				<point>698.000000,643.000000</point>
				<point>701.438354,581.968384</point>
				<point>773.000000,586.000000</point>
			</points>
		</object>
		<object>
			<coordinate>pixel</coordinate>
			<type>rectangle</type>
			<description>None</description>
			<possibleresult>
				<name>Van</name>
			</possibleresult>
			<points>
				<point>792.000061,501.000000</point>
				<point>772.475159,502.027649</point>
				<point>772.000061,493.000000</point>
				<point>791.524963,491.972351</point>
				<point>792.000061,501.000000</point>
			</points>
		</object>
		<object>
			<coordinate>pixel</coordinate>
			<type>rectangle</type>
			<description>None</description>
			<possibleresult>
				<name>other-vehicle</name>
			</possibleresult>
			<points>
				<point>847.000000,488.000000</point>
				<point>822.000000,488.000000</point>
				<point>822.000000,478.000000</point>
				<point>847.000000,478.000000</point>
				<point>847.000000,488.000000</point>
			</points>
		</object>
		<object>
			<coordinate>pixel</coordinate>
			<type>rectangle</type>
			<description>None</description>
			<possibleresult>
				<name>Small Car</name>
			</possibleresult>
			<points>
				<point>192.000000,152.000000</point>
				<point>182.000000,152.000000</point>
				<point>182.000000,135.000000</point>
				<point>192.000000,135.000000</point>
				<point>192.000000,152.000000</point>
			</points>
		</object>
		<object>
			<coordinate>pixel</coordinate>
			<type>rectangle</type>
			<description>None</description>
			<possibleresult>
				<name>Van</name>
			</possibleresult>
			<points>
				<point>193.000015,247.000000</point>
				<point>191.969620,266.577332</point>
				<point>181.000015,266.000000</point>
				<point>182.030411,246.422668</point>
				<point>193.000015,247.000000</point>
			</points>
		</object>
		<object>
			<coordinate>pixel</coordinate>
			<type>rectangle</type>
			<description>None</description>
			<possibleresult>
				<name>Small Car</name>
			</possibleresult>
			<points>
				<point>191.000000,402.000000</point>
				<point>182.000000,402.000000</point>
				<point>182.000000,382.000000</point>
				<point>191.000000,382.000000</point>
				<point>191.000000,402.000000</point>
			</points>
		</object>
		<object>
			<coordinate>pixel</coordinate>
			<type>rectangle</type>
			<description>None</description>
			<possibleresult>
				<name>Small Car</name>
			</possibleresult>
			<points>
				<point>192.990128,348.901031</point>
				<point>182.000015,350.000031</point>
				<point>180.000015,330.000031</point>
				<point>190.990128,328.901031</point>
				<point>192.990128,348.901031</point>
			</points>
		</object>
		<object>
			<coordinate>pixel</coordinate>
			<type>rectangle</type>
			<description>None</description>
			<possibleresult>
				<name>Small Car</name>
			</possibleresult>
			<points>
				<point>222.000000,338.000000</point>
				<point>211.000000,338.000000</point>
				<point>211.000000,321.000000</point>
				<point>222.000000,321.000000</point>
				<point>222.000000,338.000000</point>
			</points>
		</object>
		<object>
			<coordinate>pixel</coordinate>
			<type>rectangle</type>
			<description>None</description>
			<possibleresult>
				<name>Small Car</name>
			</possibleresult>
			<points>
				<point>223.000000,418.000000</point>
				<point>212.000000,418.000000</point>
				<point>212.000000,401.000000</point>
				<point>223.000000,401.000000</point>
				<point>223.000000,418.000000</point>
			</points>
		</object>
		<object>
			<coordinate>pixel</coordinate>
			<type>rectangle</type>
			<description>None</description>
			<possibleresult>
				<name>Small Car</name>
			</possibleresult>
			<points>
				<point>377.000000,363.000000</point>
				<point>376.000000,380.000000</point>
				<point>365.975891,379.410339</point>
				<point>366.975891,362.410339</point>
				<point>377.000000,363.000000</point>
			</points>
		</object>
		<object>
			<coordinate>pixel</coordinate>
			<type>rectangle</type>
			<description>None</description>
			<possibleresult>
				<name>Small Car</name>
			</possibleresult>
			<points>
				<point>386.000000,339.000000</point>
				<point>378.337830,344.472961</point>
				<point>368.337830,330.472961</point>
				<point>376.000000,325.000000</point>
				<point>386.000000,339.000000</point>
			</points>
		</object>
		<object>
			<coordinate>pixel</coordinate>
			<type>rectangle</type>
			<description>None</description>
			<possibleresult>
				<name>Van</name>
			</possibleresult>
			<points>
				<point>674.430725,299.246155</point>
				<point>669.999939,307.000000</point>
				<point>654.815369,298.323059</point>
				<point>659.246155,290.569214</point>
				<point>674.430725,299.246155</point>
			</points>
		</object>
		<object>
			<coordinate>pixel</coordinate>
			<type>rectangle</type>
			<description>None</description>
			<possibleresult>
				<name>Small Car</name>
			</possibleresult>
			<points>
				<point>698.000061,317.000031</point>
				<point>690.500061,324.500031</point>
				<point>671.500061,305.500031</point>
				<point>679.000061,298.000031</point>
				<point>698.000061,317.000031</point>
			</points>
		</object>
		<object>
			<coordinate>pixel</coordinate>
			<type>rectangle</type>
			<description>None</description>
			<possibleresult>
				<name>Small Car</name>
			</possibleresult>
			<points>
				<point>937.999939,249.000000</point>
				<point>924.955139,260.037933</point>
				<point>918.999939,253.000000</point>
				<point>932.044739,241.962067</point>
				<point>937.999939,249.000000</point>
			</points>
		</object>
		<object>
			<coordinate>pixel</coordinate>
			<type>rectangle</type>
			<description>None</description>
			<possibleresult>
				<name>Small Car</name>
			</possibleresult>
			<points>
				<point>936.000000,284.000061</point>
				<point>929.119995,289.160034</point>
				<point>917.000000,273.000061</point>
				<point>923.880005,267.840088</point>
				<point>936.000000,284.000061</point>
			</points>
		</object>
		<object>
			<coordinate>pixel</coordinate>
			<type>rectangle</type>
			<description>None</description>
			<possibleresult>
				<name>Van</name>
			</possibleresult>
			<points>
				<point>997.999878,267.999969</point>
				<point>992.999878,273.999969</point>
				<point>979.327759,262.606537</point>
				<point>984.327759,256.606537</point>
				<point>997.999878,267.999969</point>
			</points>
		</object>
		<object>
			<coordinate>pixel</coordinate>
			<type>rectangle</type>
			<description>None</description>
			<possibleresult>
				<name>Van</name>
			</possibleresult>
			<points>
				<point>1000.000000,278.000031</point>
				<point>1000.000000,278.000031</point>
				<point>1000.000000,278.000031</point>
				<point>1000.000000,278.000031</point>
				<point>1000.000000,278.000031</point>
			</points>
		</object>
		<object>
			<coordinate>pixel</coordinate>
			<type>rectangle</type>
			<description>None</description>
			<possibleresult>
				<name>Small Car</name>
			</possibleresult>
			<points>
				<point>980.000000,179.000000</point>
				<point>978.964111,198.682312</point>
				<point>966.000000,198.000000</point>
				<point>967.035889,178.317688</point>
				<point>980.000000,179.000000</point>
			</points>
		</object>
		<object>
			<coordinate>pixel</coordinate>
			<type>rectangle</type>
			<description>None</description>
			<possibleresult>
				<name>Small Car</name>
			</possibleresult>
			<points>
				<point>990.000061,162.000000</point>
				<point>984.000061,170.000000</point>
				<point>969.600037,159.200012</point>
				<point>975.600037,151.200012</point>
				<point>990.000061,162.000000</point>
			</points>
		</object>
		<object>
			<coordinate>pixel</coordinate>
			<type>rectangle</type>
			<description>None</description>
			<possibleresult>
				<name>Small Car</name>
			</possibleresult>
			<points>
				<point>1000.000000,72.000000</point>
				<point>992.000000,72.000000</point>
				<point>992.000000,59.000000</point>
				<point>1000.000000,59.000000</point>
				<point>1000.000000,72.000000</point>
			</points>
		</object>
		<object>
			<coordinate>pixel</coordinate>
			<type>rectangle</type>
			<description>None</description>
			<possibleresult>
				<name>Van</name>
			</possibleresult>
			<points>
				<point>709.000000,50.000000</point>
				<point>683.000000,50.000000</point>
				<point>683.000000,40.000000</point>
				<point>709.000000,40.000000</point>
				<point>709.000000,50.000000</point>
			</points>
		</object>
		<object>
			<coordinate>pixel</coordinate>
			<type>rectangle</type>
			<description>None</description>
			<possibleresult>
				<name>Small Car</name>
			</possibleresult>
			<points>
				<point>476.419861,77.977905</point>
				<point>457.000000,79.000000</point>
				<point>456.580139,71.022095</point>
				<point>476.000000,70.000000</point>
				<point>476.419861,77.977905</point>
			</points>
		</object>
		<object>
			<coordinate>pixel</coordinate>
			<type>rectangle</type>
			<description>None</description>
			<possibleresult>
				<name>Small Car</name>
			</possibleresult>
			<points>
				<point>443.392426,38.973587</point>
				<point>442.999969,48.000000</point>
				<point>419.999969,47.000000</point>
				<point>420.392426,37.973587</point>
				<point>443.392426,38.973587</point>
			</points>
		</object>
		<object>
			<coordinate>pixel</coordinate>
			<type>rectangle</type>
			<description>None</description>
			<possibleresult>
				<name>Intersection</name>
			</possibleresult>
			<points>
				<point>242.000000,86.000000</point>
				<point>164.000000,86.000000</point>
				<point>164.000000,24.000000</point>
				<point>242.000000,24.000000</point>
				<point>242.000000,86.000000</point>
			</points>
		</object>
		<object>
			<coordinate>pixel</coordinate>
			<type>rectangle</type>
			<description>None</description>
			<possibleresult>
				<name>Van</name>
			</possibleresult>
			<points>
				<point>101.174057,74.979523</point>
				<point>84.000000,77.000000</point>
				<point>82.825943,67.020477</point>
				<point>100.000000,65.000000</point>
				<point>101.174057,74.979523</point>
			</points>
		</object>
		<object>
			<coordinate>pixel</coordinate>
			<type>rectangle</type>
			<description>None</description>
			<possibleresult>
				<name>Small Car</name>
			</possibleresult>
			<points>
				<point>16.000000,77.000000</point>
				<point>0.000000,77.000000</point>
				<point>0.000000,67.000000</point>
				<point>16.000000,67.000000</point>
				<point>16.000000,77.000000</point>
			</points>
		</object>
		<object>
			<coordinate>pixel</coordinate>
			<type>rectangle</type>
			<description>None</description>
			<possibleresult>
				<name>Van</name>
			</possibleresult>
			<points>
				<point>47.000000,631.000000</point>
				<point>30.000000,631.000000</point>
				<point>30.000000,626.000000</point>
				<point>47.000000,626.000000</point>
				<point>47.000000,631.000000</point>
			</points>
		</object>
	</objects>
</annotation>