<?xml version="1.0" encoding="utf-8"?>
<annotation>
	<source>
		<filename>1442.tif</filename>
		<origin>GF2/GF3</origin>
	</source>
	<research>
		<version>1.0</version>
		<provider>FAIR1M</provider>
		<author>Cyber</author>
		<pluginname>FAIR1M</pluginname>
		<pluginclass>object detection</pluginclass>
		<time>2021-03</time>
	</research>
	<size>
		<width>1500</width>
		<height>1500</height>
		<depth>3</depth>
	</size>
	<objects>
		<object>
			<coordinate>pixel</coordinate>
			<type>rectangle</type>
			<description>None</description>
			<possibleresult>
				<name>Warship</name>
			</possibleresult>
			<points>
				<point>287.000000,744.000000</point>
				<point>336.000000,784.000000</point>
				<point>344.000000,774.000000</point>
				<point>295.000000,734.000000</point>
				<point>287.000000,744.000000</point>
			</points>
		</object>
		<object>
			<coordinate>pixel</coordinate>
			<type>rectangle</type>
			<description>None</description>
			<possibleresult>
				<name>Warship</name>
			</possibleresult>
			<points>
				<point>366.000000,821.000000</point>
				<point>396.000000,847.000000</point>
				<point>404.000000,839.000000</point>
				<point>373.000000,812.000000</point>
				<point>366.000000,821.000000</point>
			</points>
		</object>
		<object>
			<coordinate>pixel</coordinate>
			<type>rectangle</type>
			<description>None</description>
			<possibleresult>
				<name>Warship</name>
			</possibleresult>
			<points>
				<point>482.000000,890.000000</point>
				<point>422.000000,838.000000</point>
				<point>414.000000,847.000000</point>
				<point>474.000000,899.000000</point>
				<point>482.000000,890.000000</point>
			</points>
		</object>
		<object>
			<coordinate>pixel</coordinate>
			<type>rectangle</type>
			<description>None</description>
			<possibleresult>
				<name>Motorboat</name>
			</possibleresult>
			<points>
				<point>101.000000,553.000000</point>
				<point>75.000000,570.000000</point>
				<point>79.000000,576.000000</point>
				<point>105.000000,559.000000</point>
				<point>101.000000,553.000000</point>
			</points>
		</object>
		<object>
			<coordinate>pixel</coordinate>
			<type>rectangle</type>
			<description>None</description>
			<possibleresult>
				<name>Tugboat</name>
			</possibleresult>
			<points>
				<point>125.000000,546.000000</point>
				<point>87.000000,570.000000</point>
				<point>98.000000,586.000000</point>
				<point>135.000000,562.000000</point>
				<point>125.000000,546.000000</point>
			</points>
		</object>
		<object>
			<coordinate>pixel</coordinate>
			<type>rectangle</type>
			<description>None</description>
			<possibleresult>
				<name>Motorboat</name>
			</possibleresult>
			<points>
				<point>359.000000,819.000000</point>
				<point>346.000000,811.000000</point>
				<point>342.000000,816.000000</point>
				<point>356.000000,825.000000</point>
				<point>359.000000,819.000000</point>
			</points>
		</object>
		<object>
			<coordinate>pixel</coordinate>
			<type>rectangle</type>
			<description>None</description>
			<possibleresult>
				<name>Motorboat</name>
			</possibleresult>
			<points>
				<point>365.000000,814.000000</point>
				<point>352.000000,806.000000</point>
				<point>349.000000,811.000000</point>
				<point>361.000000,819.000000</point>
				<point>365.000000,814.000000</point>
			</points>
		</object>
		<object>
			<coordinate>pixel</coordinate>
			<type>rectangle</type>
			<description>None</description>
			<possibleresult>
				<name>Motorboat</name>
			</possibleresult>
			<points>
				<point>369.000000,811.000000</point>
				<point>357.000000,801.000000</point>
				<point>353.000000,806.000000</point>
				<point>366.000000,816.000000</point>
				<point>369.000000,811.000000</point>
			</points>
		</object>
	</objects>
</annotation>