<?xml version="1.0" encoding="utf-8"?>
<annotation>
	<source>
		<filename>1444.tif</filename>
		<origin>GF2/GF3</origin>
	</source>
	<research>
		<version>1.0</version>
		<provider>FAIR1M</provider>
		<author>Cyber</author>
		<pluginname>FAIR1M</pluginname>
		<pluginclass>object detection</pluginclass>
		<time>2021-03</time>
	</research>
	<size>
		<width>1500</width>
		<height>1500</height>
		<depth>3</depth>
	</size>
	<objects>
		<object>
			<coordinate>pixel</coordinate>
			<type>rectangle</type>
			<description>None</description>
			<possibleresult>
				<name>Dry Cargo Ship</name>
			</possibleresult>
			<points>
				<point>1036.000000,778.000000</point>
				<point>1036.000000,527.000000</point>
				<point>994.000000,527.000000</point>
				<point>995.000000,778.000000</point>
				<point>1036.000000,778.000000</point>
			</points>
		</object>
		<object>
			<coordinate>pixel</coordinate>
			<type>rectangle</type>
			<description>None</description>
			<possibleresult>
				<name>other-ship</name>
			</possibleresult>
			<points>
				<point>993.000000,645.000000</point>
				<point>994.000000,532.000000</point>
				<point>970.000000,532.000000</point>
				<point>969.000000,645.000000</point>
				<point>993.000000,645.000000</point>
			</points>
		</object>
	</objects>
</annotation>