<?xml version="1.0" encoding="utf-8"?>
<annotation>
	<source>
		<filename>1447.tif</filename>
		<origin>GF2/GF3</origin>
	</source>
	<research>
		<version>1.0</version>
		<provider>FAIR1M</provider>
		<author>Cyber</author>
		<pluginname>FAIR1M</pluginname>
		<pluginclass>object detection</pluginclass>
		<time>2021-03</time>
	</research>
	<size>
		<width>1000</width>
		<height>1000</height>
		<depth>3</depth>
	</size>
	<objects>
		<object>
			<coordinate>pixel</coordinate>
			<type>rectangle</type>
			<description>None</description>
			<possibleresult>
				<name>Small Car</name>
			</possibleresult>
			<points>
				<point>964.400879,998.859802</point>
				<point>961.143127,1000.000000</point>
				<point>941.900024,1000.000000</point>
				<point>962.000000,992.000061</point>
				<point>964.400879,998.859802</point>
			</points>
		</object>
		<object>
			<coordinate>pixel</coordinate>
			<type>rectangle</type>
			<description>None</description>
			<possibleresult>
				<name>Van</name>
			</possibleresult>
			<points>
				<point>975.000000,981.000061</point>
				<point>956.758667,988.093933</point>
				<point>954.000000,981.000061</point>
				<point>972.241333,973.906189</point>
				<point>975.000000,981.000061</point>
			</points>
		</object>
		<object>
			<coordinate>pixel</coordinate>
			<type>rectangle</type>
			<description>None</description>
			<possibleresult>
				<name>Small Car</name>
			</possibleresult>
			<points>
				<point>996.000000,985.000000</point>
				<point>975.821777,992.062378</point>
				<point>973.000000,984.000000</point>
				<point>993.178223,976.937622</point>
				<point>996.000000,985.000000</point>
			</points>
		</object>
		<object>
			<coordinate>pixel</coordinate>
			<type>rectangle</type>
			<description>None</description>
			<possibleresult>
				<name>Small Car</name>
			</possibleresult>
			<points>
				<point>985.000000,222.999969</point>
				<point>978.000000,227.999969</point>
				<point>967.864868,213.810791</point>
				<point>974.864868,208.810791</point>
				<point>985.000000,222.999969</point>
			</points>
		</object>
		<object>
			<coordinate>pixel</coordinate>
			<type>rectangle</type>
			<description>None</description>
			<possibleresult>
				<name>Small Car</name>
			</possibleresult>
			<points>
				<point>997.200073,542.999817</point>
				<point>997.200073,536.000061</point>
				<point>1000.000000,536.000061</point>
				<point>1000.000000,542.999817</point>
				<point>997.200073,542.999817</point>
			</points>
		</object>
		<object>
			<coordinate>pixel</coordinate>
			<type>rectangle</type>
			<description>None</description>
			<possibleresult>
				<name>Small Car</name>
			</possibleresult>
			<points>
				<point>995.000122,523.000061</point>
				<point>989.000122,526.000061</point>
				<point>983.400146,514.800110</point>
				<point>989.400146,511.800110</point>
				<point>995.000122,523.000061</point>
			</points>
		</object>
		<object>
			<coordinate>pixel</coordinate>
			<type>rectangle</type>
			<description>None</description>
			<possibleresult>
				<name>Van</name>
			</possibleresult>
			<points>
				<point>888.000000,356.000061</point>
				<point>882.083008,359.155762</point>
				<point>874.000000,344.000061</point>
				<point>879.916992,340.844360</point>
				<point>888.000000,356.000061</point>
			</points>
		</object>
		<object>
			<coordinate>pixel</coordinate>
			<type>rectangle</type>
			<description>None</description>
			<possibleresult>
				<name>Small Car</name>
			</possibleresult>
			<points>
				<point>875.061523,333.107666</point>
				<point>870.000000,336.000000</point>
				<point>861.938477,321.892334</point>
				<point>867.000000,319.000000</point>
				<point>875.061523,333.107666</point>
			</points>
		</object>
		<object>
			<coordinate>pixel</coordinate>
			<type>rectangle</type>
			<description>None</description>
			<possibleresult>
				<name>Small Car</name>
			</possibleresult>
			<points>
				<point>813.000000,231.000031</point>
				<point>803.097900,236.186859</point>
				<point>792.000000,215.000031</point>
				<point>801.902100,209.813202</point>
				<point>813.000000,231.000031</point>
			</points>
		</object>
		<object>
			<coordinate>pixel</coordinate>
			<type>rectangle</type>
			<description>None</description>
			<possibleresult>
				<name>Small Car</name>
			</possibleresult>
			<points>
				<point>780.023010,175.052444</point>
				<point>771.000061,178.999985</point>
				<point>763.977112,162.947525</point>
				<point>773.000061,158.999985</point>
				<point>780.023010,175.052444</point>
			</points>
		</object>
		<object>
			<coordinate>pixel</coordinate>
			<type>rectangle</type>
			<description>None</description>
			<possibleresult>
				<name>Small Car</name>
			</possibleresult>
			<points>
				<point>766.000061,101.000000</point>
				<point>758.876770,103.671234</point>
				<point>755.876770,95.671234</point>
				<point>763.000061,93.000000</point>
				<point>766.000061,101.000000</point>
			</points>
		</object>
		<object>
			<coordinate>pixel</coordinate>
			<type>rectangle</type>
			<description>None</description>
			<possibleresult>
				<name>Small Car</name>
			</possibleresult>
			<points>
				<point>688.230652,32.846138</point>
				<point>681.769104,37.153831</point>
				<point>672.538391,23.307678</point>
				<point>678.999939,18.999985</point>
				<point>688.230652,32.846138</point>
			</points>
		</object>
		<object>
			<coordinate>pixel</coordinate>
			<type>rectangle</type>
			<description>None</description>
			<possibleresult>
				<name>Small Car</name>
			</possibleresult>
			<points>
				<point>663.499878,0.000000</point>
				<point>664.999939,-0.000000</point>
				<point>674.999939,14.999985</point>
				<point>668.999939,18.999985</point>
				<point>663.499878,0.000000</point>
			</points>
		</object>
		<object>
			<coordinate>pixel</coordinate>
			<type>rectangle</type>
			<description>None</description>
			<possibleresult>
				<name>Small Car</name>
			</possibleresult>
			<points>
				<point>839.999878,982.000000</point>
				<point>830.999878,988.000000</point>
				<point>822.076782,974.615356</point>
				<point>831.076782,968.615356</point>
				<point>839.999878,982.000000</point>
			</points>
		</object>
		<object>
			<coordinate>pixel</coordinate>
			<type>rectangle</type>
			<description>None</description>
			<possibleresult>
				<name>Small Car</name>
			</possibleresult>
			<points>
				<point>290.463959,137.793823</point>
				<point>281.463959,141.793823</point>
				<point>274.000031,125.000000</point>
				<point>283.000031,121.000000</point>
				<point>290.463959,137.793823</point>
			</points>
		</object>
		<object>
			<coordinate>pixel</coordinate>
			<type>rectangle</type>
			<description>None</description>
			<possibleresult>
				<name>Van</name>
			</possibleresult>
			<points>
				<point>430.000061,369.000031</point>
				<point>421.090698,373.192657</point>
				<point>413.090698,356.192657</point>
				<point>422.000061,352.000031</point>
				<point>430.000061,369.000031</point>
			</points>
		</object>
		<object>
			<coordinate>pixel</coordinate>
			<type>rectangle</type>
			<description>None</description>
			<possibleresult>
				<name>Small Car</name>
			</possibleresult>
			<points>
				<point>520.000000,413.000031</point>
				<point>512.246094,417.430817</point>
				<point>504.000000,403.000031</point>
				<point>511.753906,398.569244</point>
				<point>520.000000,413.000031</point>
			</points>
		</object>
		<object>
			<coordinate>pixel</coordinate>
			<type>rectangle</type>
			<description>None</description>
			<possibleresult>
				<name>Small Car</name>
			</possibleresult>
			<points>
				<point>498.999969,476.999969</point>
				<point>488.999969,482.999969</point>
				<point>479.999969,467.999969</point>
				<point>489.999969,461.999969</point>
				<point>498.999969,476.999969</point>
			</points>
		</object>
		<object>
			<coordinate>pixel</coordinate>
			<type>rectangle</type>
			<description>None</description>
			<possibleresult>
				<name>Van</name>
			</possibleresult>
			<points>
				<point>482.352997,502.588257</point>
				<point>475.000031,507.000000</point>
				<point>465.647064,491.411743</point>
				<point>473.000031,487.000000</point>
				<point>482.352997,502.588257</point>
			</points>
		</object>
		<object>
			<coordinate>pixel</coordinate>
			<type>rectangle</type>
			<description>None</description>
			<possibleresult>
				<name>Van</name>
			</possibleresult>
			<points>
				<point>572.117065,673.253662</point>
				<point>564.000000,677.000000</point>
				<point>557.882935,663.746338</point>
				<point>566.000000,660.000000</point>
				<point>572.117065,673.253662</point>
			</points>
		</object>
		<object>
			<coordinate>pixel</coordinate>
			<type>rectangle</type>
			<description>None</description>
			<possibleresult>
				<name>Small Car</name>
			</possibleresult>
			<points>
				<point>723.280884,844.449524</point>
				<point>716.000000,849.000061</point>
				<point>706.000000,833.000061</point>
				<point>713.280884,828.449524</point>
				<point>723.280884,844.449524</point>
			</points>
		</object>
		<object>
			<coordinate>pixel</coordinate>
			<type>rectangle</type>
			<description>None</description>
			<possibleresult>
				<name>Small Car</name>
			</possibleresult>
			<points>
				<point>747.000061,906.000122</point>
				<point>739.000061,910.000122</point>
				<point>731.600037,895.200073</point>
				<point>739.600037,891.200073</point>
				<point>747.000061,906.000122</point>
			</points>
		</object>
		<object>
			<coordinate>pixel</coordinate>
			<type>rectangle</type>
			<description>None</description>
			<possibleresult>
				<name>Small Car</name>
			</possibleresult>
			<points>
				<point>821.088257,890.147095</point>
				<point>813.000000,895.000000</point>
				<point>803.911743,879.852905</point>
				<point>812.000000,875.000000</point>
				<point>821.088257,890.147095</point>
			</points>
		</object>
		<object>
			<coordinate>pixel</coordinate>
			<type>rectangle</type>
			<description>None</description>
			<possibleresult>
				<name>Van</name>
			</possibleresult>
			<points>
				<point>820.026733,920.047424</point>
				<point>813.000000,923.999939</point>
				<point>803.973267,907.952454</point>
				<point>811.000000,903.999939</point>
				<point>820.026733,920.047424</point>
			</points>
		</object>
	</objects>
</annotation>